prior_id,family,target_js_nats,gamma,time,visible_free_cells,free_cell_count,visible_free_fraction,oracle_probability_mass_covered
oracle,oracle,0.0,0.1,0.0,76,1532,0.04960835509138381,0.011122795102453328
oracle,oracle,0.0,0.1,0.05,77,1532,0.05026109660574413,0.011269173933804206
oracle,oracle,0.0,0.1,0.1,81,1532,0.05287206266318538,0.011854599566472253
oracle,oracle,0.0,0.1,0.15000000000000002,88,1532,0.057441253263707574,0.012879126845692918
oracle,oracle,0.0,0.1,0.2,94,1532,0.06135770234986945,0.013757433973542774
oracle,oracle,0.0,0.1,0.25,105,1532,0.0685378590078329,0.015367464801702223
oracle,oracle,0.0,0.1,0.30000000000000004,112,1532,0.0731070496083551,0.016392417501619426
oracle,oracle,0.0,0.1,0.35000000000000003,127,1532,0.08289817232375979,0.018589719901775912
oracle,oracle,0.0,0.1,0.4,139,1532,0.09073107049608355,0.020349508503719235
oracle,oracle,0.0,0.1,0.45,151,1532,0.09856396866840732,0.022112904069711715
oracle,oracle,0.0,0.1,0.5,170,1532,0.11096605744125326,0.024922987545912094
oracle,oracle,0.0,0.1,0.55,188,1532,0.1227154046997389,0.027638733071015255
oracle,oracle,0.0,0.1,0.6000000000000001,204,1532,0.13315926892950392,0.03014262603070115
oracle,oracle,0.0,0.1,0.65,214,1532,0.13968668407310705,0.031736352898244
oracle,oracle,0.0,0.1,0.7000000000000001,221,1532,0.14425587467362924,0.03293244520782582
oracle,oracle,0.0,0.1,0.75,226,1532,0.1475195822454308,0.033786959451073684
oracle,oracle,0.0,0.1,0.8,227,1532,0.1481723237597911,0.03400205217866467
oracle,oracle,0.0,0.1,0.8500000000000001,229,1532,0.14947780678851175,0.03444959326053611
oracle,oracle,0.0,0.1,0.9,229,1532,0.14947780678851175,0.03444959326053611
oracle,oracle,0.0,0.1,0.9500000000000001,230,1532,0.15013054830287206,0.035477893773104785
oracle,oracle,0.0,0.1,1.0,242,1532,0.15796344647519583,0.061889404238737414
oracle,oracle,0.0,0.1,1.05,266,1532,0.17362924281984335,0.12699012008243352
oracle,oracle,0.0,0.1,1.1,279,1532,0.1821148825065274,0.17003777493629885
oracle,oracle,0.0,0.1,1.1500000000000001,295,1532,0.19255874673629242,0.2212631360666493
oracle,oracle,0.0,0.1,1.2000000000000002,308,1532,0.2010443864229765,0.2680148048997254
oracle,oracle,0.0,0.1,1.25,320,1532,0.20887728459530025,0.31311643795281724
oracle,oracle,0.0,0.1,1.3,330,1532,0.2154046997389034,0.3489000155196191
oracle,oracle,0.0,0.1,1.35,339,1532,0.2212793733681462,0.37998051672334004
oracle,oracle,0.0,0.1,1.4000000000000001,343,1532,0.22389033942558748,0.39467234871682383
oracle,oracle,0.0,0.1,1.4500000000000002,350,1532,0.22845953002610966,0.41757599030353865
oracle,oracle,0.0,0.1,1.5,356,1532,0.23237597911227154,0.4376273068169053
oracle,oracle,0.0,0.1,1.55,357,1532,0.23302872062663185,0.43999683183514027
oracle,oracle,0.0,0.1,1.6,360,1532,0.2349869451697128,0.4498551361192805
oracle,oracle,0.0,0.1,1.6500000000000001,361,1532,0.23563968668407312,0.45387309419969135
oracle,oracle,0.0,0.1,1.7000000000000002,361,1532,0.23563968668407312,0.45387309419969135
oracle,oracle,0.0,0.1,1.75,361,1532,0.23563968668407312,0.45387309419969135
oracle,oracle,0.0,0.1,1.8,363,1532,0.23694516971279372,0.45932455387547877
oracle,oracle,0.0,0.1,1.85,364,1532,0.23759791122715404,0.46161336264421016
oracle,oracle,0.0,0.1,1.9000000000000001,366,1532,0.23890339425587467,0.466118949169539
oracle,oracle,0.0,0.1,1.9500000000000002,367,1532,0.239556135770235,0.4685722313897246
oracle,oracle,0.0,0.1,2.0,370,1532,0.24151436031331594,0.4749326928061808
oracle,oracle,0.0,0.1,2.0500000000000003,372,1532,0.24281984334203655,0.47913257587402436
oracle,oracle,0.0,0.1,2.1,373,1532,0.24347258485639686,0.4810596907114961
oracle,oracle,0.0,0.1,2.15,376,1532,0.2454308093994778,0.48622433770160617
oracle,oracle,0.0,0.1,2.2,380,1532,0.24804177545691905,0.4918337439873876
oracle,oracle,0.0,0.1,2.25,383,1532,0.25,0.4949850997343582
oracle,oracle,0.0,0.1,2.3000000000000003,386,1532,0.2519582245430809,0.4972979657313373
oracle,oracle,0.0,0.1,2.35,386,1532,0.2519582245430809,0.4972979657313373
oracle,oracle,0.0,0.1,2.4000000000000004,391,1532,0.25522193211488253,0.4999911649829533
oracle,oracle,0.0,0.1,2.45,394,1532,0.25718015665796345,0.5016936208103243
oracle,oracle,0.0,0.1,2.5,395,1532,0.25783289817232374,0.502081685852604
oracle,oracle,0.0,0.1,2.5500000000000003,396,1532,0.2584856396866841,0.5024443676099366
oracle,oracle,0.0,0.1,2.6,397,1532,0.2591383812010444,0.50373326030296
oracle,oracle,0.0,0.1,2.6500000000000004,397,1532,0.2591383812010444,0.50373326030296
oracle,oracle,0.0,0.1,2.7,397,1532,0.2591383812010444,0.50373326030296
oracle,oracle,0.0,0.1,2.75,397,1532,0.2591383812010444,0.50373326030296
oracle,oracle,0.0,0.1,2.8000000000000003,397,1532,0.2591383812010444,0.50373326030296
oracle,oracle,0.0,0.1,2.85,397,1532,0.2591383812010444,0.50373326030296
oracle,oracle,0.0,0.1,2.9000000000000004,397,1532,0.2591383812010444,0.50373326030296
oracle,oracle,0.0,0.1,2.95,397,1532,0.2591383812010444,0.50373326030296
oracle,oracle,0.0,0.1,3.0,398,1532,0.2597911227154047,0.5070976061000055
oracle,oracle,0.0,0.1,3.0500000000000003,403,1532,0.2630548302872063,0.5248859685768936
oracle,oracle,0.0,0.1,3.1,411,1532,0.26827676240208875,0.5490899800513754
oracle,oracle,0.0,0.1,3.1500000000000004,422,1532,0.2754569190600522,0.5765272541977207
oracle,oracle,0.0,0.1,3.2,435,1532,0.2839425587467363,0.6018040760095132
oracle,oracle,0.0,0.1,3.25,444,1532,0.2898172323759791,0.6164496464491981
oracle,oracle,0.0,0.1,3.3000000000000003,450,1532,0.293733681462141,0.6256418580034299
oracle,oracle,0.0,0.1,3.35,456,1532,0.29765013054830286,0.6338735277393064
oracle,oracle,0.0,0.1,3.4000000000000004,460,1532,0.3002610966057441,0.6379795418487176
oracle,oracle,0.0,0.1,3.45,464,1532,0.3028720626631854,0.6422406193567904
oracle,oracle,0.0,0.1,3.5,465,1532,0.3035248041775457,0.6428079100344979
oracle,oracle,0.0,0.1,3.5500000000000003,469,1532,0.30613577023498695,0.6455701336069584
oracle,oracle,0.0,0.1,3.6,469,1532,0.30613577023498695,0.6455701336069584
oracle,oracle,0.0,0.1,3.6500000000000004,471,1532,0.3074412532637076,0.6464417225661916
oracle,oracle,0.0,0.1,3.7,471,1532,0.3074412532637076,0.6464417225661916
oracle,oracle,0.0,0.1,3.75,472,1532,0.30809399477806787,0.647041328202349
oracle,oracle,0.0,0.1,3.8000000000000003,473,1532,0.3087467362924282,0.647360960236284
oracle,oracle,0.0,0.1,3.85,474,1532,0.3093994778067885,0.6477490252785636
oracle,oracle,0.0,0.1,3.9000000000000004,475,1532,0.31005221932114885,0.6480150886112279
oracle,oracle,0.0,0.1,3.95,475,1532,0.31005221932114885,0.6480150886112279
oracle,oracle,0.0,0.1,4.0,479,1532,0.31266318537859006,0.6497592940484727
oracle,oracle,0.0,0.1,4.05,479,1532,0.31266318537859006,0.6497592940484727
oracle,oracle,0.0,0.1,4.1000000000000005,479,1532,0.31266318537859006,0.6497592940484727
oracle,oracle,0.0,0.1,4.15,480,1532,0.3133159268929504,0.6500168224329447
oracle,oracle,0.0,0.1,4.2,481,1532,0.3139686684073107,0.6503876543742769
oracle,oracle,0.0,0.1,4.25,482,1532,0.31462140992167104,0.6506834589078511
oracle,oracle,0.0,0.1,4.3,483,1532,0.3152741514360313,0.6512507495855587
oracle,oracle,0.0,0.1,4.3500000000000005,483,1532,0.3152741514360313,0.6512507495855587
oracle,oracle,0.0,0.1,4.4,484,1532,0.31592689295039167,0.6516879096152551
oracle,oracle,0.0,0.1,4.45,485,1532,0.31657963446475196,0.6520278736775275
oracle,oracle,0.0,0.1,4.5,485,1532,0.31657963446475196,0.6520278736775275
oracle,oracle,0.0,0.1,4.55,485,1532,0.31657963446475196,0.6520278736775275
oracle,oracle,0.0,0.1,4.6000000000000005,486,1532,0.31723237597911225,0.6524159387198072
oracle,oracle,0.0,0.1,4.65,487,1532,0.3178851174934726,0.6529253469402425
oracle,oracle,0.0,0.1,4.7,487,1532,0.3178851174934726,0.6529253469402425
oracle,oracle,0.0,0.1,4.75,488,1532,0.3185378590078329,0.6535972152588035
oracle,oracle,0.0,0.1,4.800000000000001,489,1532,0.3191906005221932,0.6540343752885001
oracle,oracle,0.0,0.1,4.8500000000000005,490,1532,0.3198433420365535,0.654617524709524
oracle,oracle,0.0,0.1,4.9,491,1532,0.32049608355091386,0.6551010486264776
oracle,oracle,0.0,0.1,4.95,491,1532,0.32049608355091386,0.6551010486264776
oracle,oracle,0.0,0.1,5.0,495,1532,0.32310704960835507,0.6579349384676337
oracle,oracle,0.0,0.1,5.050000000000001,495,1532,0.32310704960835507,0.6579349384676337
oracle,oracle,0.0,0.1,5.1000000000000005,496,1532,0.3237597911227154,0.6584869461815781
oracle,oracle,0.0,0.1,5.15,498,1532,0.32506527415143605,0.6597664484129029
oracle,oracle,0.0,0.1,5.2,501,1532,0.32702349869451697,0.6619687990103471
oracle,oracle,0.0,0.1,5.25,504,1532,0.3289817232375979,0.6642648353913846
oracle,oracle,0.0,0.1,5.300000000000001,509,1532,0.3322454308093995,0.6683787816210114
oracle,oracle,0.0,0.1,5.3500000000000005,512,1532,0.3342036553524804,0.6708053092715471
oracle,oracle,0.0,0.1,5.4,516,1532,0.3368146214099217,0.6750294692728095
oracle,oracle,0.0,0.1,5.45,520,1532,0.3394255874673629,0.6799973273256875
oracle,oracle,0.0,0.1,5.5,524,1532,0.34203655352480417,0.6852546876024149
oracle,oracle,0.0,0.1,5.550000000000001,528,1532,0.34464751958224543,0.6921205057688875
oracle,oracle,0.0,0.1,5.6000000000000005,531,1532,0.34660574412532635,0.6974653676641138
oracle,oracle,0.0,0.1,5.65,532,1532,0.3472584856396867,0.6989863239353602
oracle,oracle,0.0,0.1,5.7,532,1532,0.3472584856396867,0.6989863239353602
oracle,oracle,0.0,0.1,5.75,533,1532,0.347911227154047,0.7003182614392858
oracle,oracle,0.0,0.1,5.800000000000001,533,1532,0.347911227154047,0.7003182614392858
oracle,oracle,0.0,0.1,5.8500000000000005,534,1532,0.34856396866840733,0.7022453762767575
oracle,oracle,0.0,0.1,5.9,534,1532,0.34856396866840733,0.7022453762767575
oracle,oracle,0.0,0.1,5.95,534,1532,0.34856396866840733,0.7022453762767575
oracle,oracle,0.0,0.1,6.0,536,1532,0.34986945169712796,0.7050594068807747
oracle,oracle,0.0,0.1,6.050000000000001,536,1532,0.34986945169712796,0.7050594068807747
oracle,oracle,0.0,0.1,6.1000000000000005,536,1532,0.34986945169712796,0.7050594068807747
oracle,oracle,0.0,0.1,6.15,536,1532,0.34986945169712796,0.7050594068807747
oracle,oracle,0.0,0.1,6.2,536,1532,0.34986945169712796,0.7050594068807747
oracle,oracle,0.0,0.1,6.25,536,1532,0.34986945169712796,0.7050594068807747
oracle,oracle,0.0,0.1,6.300000000000001,536,1532,0.34986945169712796,0.7050594068807747
oracle,oracle,0.0,0.1,6.3500000000000005,536,1532,0.34986945169712796,0.7050594068807747
oracle,oracle,0.0,0.1,6.4,536,1532,0.34986945169712796,0.7050594068807747
oracle,oracle,0.0,0.1,6.45,536,1532,0.34986945169712796,0.7050594068807747
oracle,oracle,0.0,0.1,6.5,536,1532,0.34986945169712796,0.7050594068807747
oracle,oracle,0.0,0.1,6.550000000000001,536,1532,0.34986945169712796,0.7050594068807747
oracle,oracle,0.0,0.1,6.6000000000000005,536,1532,0.34986945169712796,0.7050594068807747
oracle,oracle,0.0,0.1,6.65,536,1532,0.34986945169712796,0.7050594068807747
oracle,oracle,0.0,0.1,6.7,536,1532,0.34986945169712796,0.7050594068807747
oracle,oracle,0.0,0.1,6.75,536,1532,0.34986945169712796,0.7050594068807747
oracle,oracle,0.0,0.1,6.800000000000001,536,1532,0.34986945169712796,0.7050594068807747
oracle,oracle,0.0,0.1,6.8500000000000005,536,1532,0.34986945169712796,0.7050594068807747
oracle,oracle,0.0,0.1,6.9,536,1532,0.34986945169712796,0.7050594068807747
oracle,oracle,0.0,0.1,6.95,536,1532,0.34986945169712796,0.7050594068807747
oracle,oracle,0.0,0.1,7.0,536,1532,0.34986945169712796,0.7050594068807747
oracle,oracle,0.0,0.1,7.050000000000001,536,1532,0.34986945169712796,0.7050594068807747
oracle,oracle,0.0,0.1,7.1000000000000005,536,1532,0.34986945169712796,0.7050594068807747
oracle,oracle,0.0,0.1,7.15,536,1532,0.34986945169712796,0.7050594068807747
oracle,oracle,0.0,0.1,7.2,536,1532,0.34986945169712796,0.7050594068807747
oracle,oracle,0.0,0.1,7.25,536,1532,0.34986945169712796,0.7050594068807747
oracle,oracle,0.0,0.1,7.300000000000001,536,1532,0.34986945169712796,0.7050594068807747
oracle,oracle,0.0,0.1,7.3500000000000005,536,1532,0.34986945169712796,0.7050594068807747
oracle,oracle,0.0,0.1,7.4,536,1532,0.34986945169712796,0.7050594068807747
oracle,oracle,0.0,0.1,7.45,536,1532,0.34986945169712796,0.7050594068807747
oracle,oracle,0.0,0.1,7.5,536,1532,0.34986945169712796,0.7050594068807747
oracle,oracle,0.0,0.1,7.550000000000001,536,1532,0.34986945169712796,0.7050594068807747
oracle,oracle,0.0,0.1,7.6000000000000005,536,1532,0.34986945169712796,0.7050594068807747
oracle,oracle,0.0,0.1,7.65,536,1532,0.34986945169712796,0.7050594068807747
oracle,oracle,0.0,0.1,7.7,536,1532,0.34986945169712796,0.7050594068807747
oracle,oracle,0.0,0.1,7.75,536,1532,0.34986945169712796,0.7050594068807747
oracle,oracle,0.0,0.1,7.800000000000001,536,1532,0.34986945169712796,0.7050594068807747
oracle,oracle,0.0,0.1,7.8500000000000005,536,1532,0.34986945169712796,0.7050594068807747
oracle,oracle,0.0,0.1,7.9,536,1532,0.34986945169712796,0.7050594068807747
oracle,oracle,0.0,0.1,7.95,536,1532,0.34986945169712796,0.7050594068807747
oracle,oracle,0.0,0.1,8.0,536,1532,0.34986945169712796,0.7050594068807747
oracle,oracle,0.0,0.1,8.05,536,1532,0.34986945169712796,0.7050594068807747
oracle,oracle,0.0,0.1,8.1,536,1532,0.34986945169712796,0.7050594068807747
oracle,oracle,0.0,0.1,8.15,536,1532,0.34986945169712796,0.7050594068807747
oracle,oracle,0.0,0.1,8.200000000000001,536,1532,0.34986945169712796,0.7050594068807747
oracle,oracle,0.0,0.1,8.25,536,1532,0.34986945169712796,0.7050594068807747
oracle,oracle,0.0,0.1,8.3,536,1532,0.34986945169712796,0.7050594068807747
oracle,oracle,0.0,0.1,8.35,536,1532,0.34986945169712796,0.7050594068807747
oracle,oracle,0.0,0.1,8.4,536,1532,0.34986945169712796,0.7050594068807747
oracle,oracle,0.0,0.1,8.450000000000001,536,1532,0.34986945169712796,0.7050594068807747
oracle,oracle,0.0,0.1,8.5,536,1532,0.34986945169712796,0.7050594068807747
oracle,oracle,0.0,0.1,8.55,536,1532,0.34986945169712796,0.7050594068807747
oracle,oracle,0.0,0.1,8.6,536,1532,0.34986945169712796,0.7050594068807747
oracle,oracle,0.0,0.1,8.65,536,1532,0.34986945169712796,0.7050594068807747
oracle,oracle,0.0,0.1,8.700000000000001,536,1532,0.34986945169712796,0.7050594068807747
oracle,oracle,0.0,0.1,8.75,536,1532,0.34986945169712796,0.7050594068807747
oracle,oracle,0.0,0.1,8.8,536,1532,0.34986945169712796,0.7050594068807747
oracle,oracle,0.0,0.1,8.85,536,1532,0.34986945169712796,0.7050594068807747
oracle,oracle,0.0,0.1,8.9,536,1532,0.34986945169712796,0.7050594068807747
oracle,oracle,0.0,0.1,8.950000000000001,536,1532,0.34986945169712796,0.7050594068807747
oracle,oracle,0.0,0.1,9.0,536,1532,0.34986945169712796,0.7050594068807747
oracle,oracle,0.0,0.1,9.05,536,1532,0.34986945169712796,0.7050594068807747
oracle,oracle,0.0,0.1,9.1,536,1532,0.34986945169712796,0.7050594068807747
oracle,oracle,0.0,0.1,9.15,536,1532,0.34986945169712796,0.7050594068807747
oracle,oracle,0.0,0.1,9.200000000000001,536,1532,0.34986945169712796,0.7050594068807747
oracle,oracle,0.0,0.1,9.25,536,1532,0.34986945169712796,0.7050594068807747
oracle,oracle,0.0,0.1,9.3,536,1532,0.34986945169712796,0.7050594068807747
oracle,oracle,0.0,0.1,9.35,536,1532,0.34986945169712796,0.7050594068807747
oracle,oracle,0.0,0.1,9.4,536,1532,0.34986945169712796,0.7050594068807747
oracle,oracle,0.0,0.1,9.450000000000001,536,1532,0.34986945169712796,0.7050594068807747
oracle,oracle,0.0,0.1,9.5,536,1532,0.34986945169712796,0.7050594068807747
oracle,oracle,0.0,0.1,9.55,536,1532,0.34986945169712796,0.7050594068807747
oracle,oracle,0.0,0.1,9.600000000000001,536,1532,0.34986945169712796,0.7050594068807747
oracle,oracle,0.0,0.1,9.65,536,1532,0.34986945169712796,0.7050594068807747
oracle,oracle,0.0,0.1,9.700000000000001,536,1532,0.34986945169712796,0.7050594068807747
oracle,oracle,0.0,0.1,9.75,536,1532,0.34986945169712796,0.7050594068807747
oracle,oracle,0.0,0.1,9.8,536,1532,0.34986945169712796,0.7050594068807747
oracle,oracle,0.0,0.1,9.850000000000001,536,1532,0.34986945169712796,0.7050594068807747
oracle,oracle,0.0,0.1,9.9,536,1532,0.34986945169712796,0.7050594068807747
oracle,oracle,0.0,0.1,9.950000000000001,536,1532,0.34986945169712796,0.7050594068807747
oracle,oracle,0.0,0.1,10.0,536,1532,0.34986945169712796,0.7050594068807747
oracle,oracle,0.0,0.1,10.05,536,1532,0.34986945169712796,0.7050594068807747
oracle,oracle,0.0,0.1,10.100000000000001,536,1532,0.34986945169712796,0.7050594068807747
oracle,oracle,0.0,0.1,10.15,536,1532,0.34986945169712796,0.7050594068807747
oracle,oracle,0.0,0.1,10.200000000000001,536,1532,0.34986945169712796,0.7050594068807747
oracle,oracle,0.0,0.1,10.25,536,1532,0.34986945169712796,0.7050594068807747
oracle,oracle,0.0,0.1,10.3,536,1532,0.34986945169712796,0.7050594068807747
oracle,oracle,0.0,0.1,10.350000000000001,536,1532,0.34986945169712796,0.7050594068807747
oracle,oracle,0.0,0.1,10.4,536,1532,0.34986945169712796,0.7050594068807747
oracle,oracle,0.0,0.1,10.450000000000001,536,1532,0.34986945169712796,0.7050594068807747
oracle,oracle,0.0,0.1,10.5,536,1532,0.34986945169712796,0.7050594068807747
oracle,oracle,0.0,0.1,10.55,536,1532,0.34986945169712796,0.7050594068807747
oracle,oracle,0.0,0.1,10.600000000000001,536,1532,0.34986945169712796,0.7050594068807747
oracle,oracle,0.0,0.1,10.65,536,1532,0.34986945169712796,0.7050594068807747
oracle,oracle,0.0,0.1,10.700000000000001,536,1532,0.34986945169712796,0.7050594068807747
oracle,oracle,0.0,0.1,10.75,536,1532,0.34986945169712796,0.7050594068807747
oracle,oracle,0.0,0.1,10.8,536,1532,0.34986945169712796,0.7050594068807747
oracle,oracle,0.0,0.1,10.850000000000001,536,1532,0.34986945169712796,0.7050594068807747
oracle,oracle,0.0,0.1,10.9,536,1532,0.34986945169712796,0.7050594068807747
oracle,oracle,0.0,0.1,10.950000000000001,536,1532,0.34986945169712796,0.7050594068807747
oracle,oracle,0.0,0.1,11.0,536,1532,0.34986945169712796,0.7050594068807747
oracle,oracle,0.0,0.1,11.05,536,1532,0.34986945169712796,0.7050594068807747
oracle,oracle,0.0,0.1,11.100000000000001,536,1532,0.34986945169712796,0.7050594068807747
oracle,oracle,0.0,0.1,11.15,536,1532,0.34986945169712796,0.7050594068807747
oracle,oracle,0.0,0.1,11.200000000000001,536,1532,0.34986945169712796,0.7050594068807747
oracle,oracle,0.0,0.1,11.25,536,1532,0.34986945169712796,0.7050594068807747
oracle,oracle,0.0,0.1,11.3,536,1532,0.34986945169712796,0.7050594068807747
oracle,oracle,0.0,0.1,11.350000000000001,536,1532,0.34986945169712796,0.7050594068807747
oracle,oracle,0.0,0.1,11.4,536,1532,0.34986945169712796,0.7050594068807747
oracle,oracle,0.0,0.1,11.450000000000001,536,1532,0.34986945169712796,0.7050594068807747
oracle,oracle,0.0,0.1,11.5,536,1532,0.34986945169712796,0.7050594068807747
oracle,oracle,0.0,0.1,11.55,536,1532,0.34986945169712796,0.7050594068807747
oracle,oracle,0.0,0.1,11.600000000000001,536,1532,0.34986945169712796,0.7050594068807747
oracle,oracle,0.0,0.1,11.65,536,1532,0.34986945169712796,0.7050594068807747
oracle,oracle,0.0,0.1,11.700000000000001,536,1532,0.34986945169712796,0.7050594068807747
oracle,oracle,0.0,0.1,11.75,536,1532,0.34986945169712796,0.7050594068807747
oracle,oracle,0.0,0.1,11.8,536,1532,0.34986945169712796,0.7050594068807747
oracle,oracle,0.0,0.1,11.850000000000001,536,1532,0.34986945169712796,0.7050594068807747
oracle,oracle,0.0,0.1,11.9,536,1532,0.34986945169712796,0.7050594068807747
oracle,oracle,0.0,0.1,11.950000000000001,536,1532,0.34986945169712796,0.7050594068807747
oracle,oracle,0.0,0.1,12.0,536,1532,0.34986945169712796,0.7050594068807747
oracle,oracle,0.0,0.1,12.05,536,1532,0.34986945169712796,0.7050594068807747
oracle,oracle,0.0,0.1,12.100000000000001,536,1532,0.34986945169712796,0.7050594068807747
oracle,oracle,0.0,0.1,12.15,536,1532,0.34986945169712796,0.7050594068807747
oracle,oracle,0.0,0.1,12.200000000000001,536,1532,0.34986945169712796,0.7050594068807747
oracle,oracle,0.0,0.1,12.25,536,1532,0.34986945169712796,0.7050594068807747
oracle,oracle,0.0,0.1,12.3,536,1532,0.34986945169712796,0.7050594068807747
oracle,oracle,0.0,0.1,12.350000000000001,536,1532,0.34986945169712796,0.7050594068807747
oracle,oracle,0.0,0.1,12.4,536,1532,0.34986945169712796,0.7050594068807747
oracle,oracle,0.0,0.1,12.450000000000001,536,1532,0.34986945169712796,0.7050594068807747
oracle,oracle,0.0,0.1,12.5,536,1532,0.34986945169712796,0.7050594068807747
oracle,oracle,0.0,0.1,12.55,536,1532,0.34986945169712796,0.7050594068807747
oracle,oracle,0.0,0.1,12.600000000000001,536,1532,0.34986945169712796,0.7050594068807747
oracle,oracle,0.0,0.1,12.65,536,1532,0.34986945169712796,0.7050594068807747
oracle,oracle,0.0,0.1,12.700000000000001,536,1532,0.34986945169712796,0.7050594068807747
oracle,oracle,0.0,0.1,12.75,536,1532,0.34986945169712796,0.7050594068807747
oracle,oracle,0.0,0.1,12.8,536,1532,0.34986945169712796,0.7050594068807747
oracle,oracle,0.0,0.1,12.850000000000001,536,1532,0.34986945169712796,0.7050594068807747
oracle,oracle,0.0,0.1,12.9,536,1532,0.34986945169712796,0.7050594068807747
oracle,oracle,0.0,0.1,12.950000000000001,536,1532,0.34986945169712796,0.7050594068807747
oracle,oracle,0.0,0.1,13.0,536,1532,0.34986945169712796,0.7050594068807747
oracle,oracle,0.0,0.1,13.05,536,1532,0.34986945169712796,0.7050594068807747
oracle,oracle,0.0,0.1,13.100000000000001,536,1532,0.34986945169712796,0.7050594068807747
oracle,oracle,0.0,0.1,13.15,536,1532,0.34986945169712796,0.7050594068807747
oracle,oracle,0.0,0.1,13.200000000000001,536,1532,0.34986945169712796,0.7050594068807747
oracle,oracle,0.0,0.1,13.25,536,1532,0.34986945169712796,0.7050594068807747
oracle,oracle,0.0,0.1,13.3,536,1532,0.34986945169712796,0.7050594068807747
oracle,oracle,0.0,0.1,13.350000000000001,536,1532,0.34986945169712796,0.7050594068807747
oracle,oracle,0.0,0.1,13.4,536,1532,0.34986945169712796,0.7050594068807747
oracle,oracle,0.0,0.1,13.450000000000001,536,1532,0.34986945169712796,0.7050594068807747
oracle,oracle,0.0,0.1,13.5,536,1532,0.34986945169712796,0.7050594068807747
oracle,oracle,0.0,0.1,13.55,536,1532,0.34986945169712796,0.7050594068807747
oracle,oracle,0.0,0.1,13.600000000000001,536,1532,0.34986945169712796,0.7050594068807747
oracle,oracle,0.0,0.1,13.65,536,1532,0.34986945169712796,0.7050594068807747
oracle,oracle,0.0,0.1,13.700000000000001,536,1532,0.34986945169712796,0.7050594068807747
oracle,oracle,0.0,0.1,13.75,536,1532,0.34986945169712796,0.7050594068807747
oracle,oracle,0.0,0.1,13.8,536,1532,0.34986945169712796,0.7050594068807747
oracle,oracle,0.0,0.1,13.850000000000001,536,1532,0.34986945169712796,0.7050594068807747
oracle,oracle,0.0,0.1,13.9,536,1532,0.34986945169712796,0.7050594068807747
oracle,oracle,0.0,0.1,13.950000000000001,536,1532,0.34986945169712796,0.7050594068807747
oracle,oracle,0.0,0.1,14.0,536,1532,0.34986945169712796,0.7050594068807747
oracle,oracle,0.0,0.1,14.05,536,1532,0.34986945169712796,0.7050594068807747
oracle,oracle,0.0,0.1,14.100000000000001,536,1532,0.34986945169712796,0.7050594068807747
oracle,oracle,0.0,0.1,14.15,536,1532,0.34986945169712796,0.7050594068807747
oracle,oracle,0.0,0.1,14.200000000000001,536,1532,0.34986945169712796,0.7050594068807747
oracle,oracle,0.0,0.1,14.25,536,1532,0.34986945169712796,0.7050594068807747
oracle,oracle,0.0,0.1,14.3,536,1532,0.34986945169712796,0.7050594068807747
oracle,oracle,0.0,0.1,14.350000000000001,536,1532,0.34986945169712796,0.7050594068807747
oracle,oracle,0.0,0.1,14.4,536,1532,0.34986945169712796,0.7050594068807747
oracle,oracle,0.0,0.1,14.450000000000001,536,1532,0.34986945169712796,0.7050594068807747
oracle,oracle,0.0,0.1,14.5,536,1532,0.34986945169712796,0.7050594068807747
oracle,oracle,0.0,0.1,14.55,536,1532,0.34986945169712796,0.7050594068807747
oracle,oracle,0.0,0.1,14.600000000000001,536,1532,0.34986945169712796,0.7050594068807747
oracle,oracle,0.0,0.1,14.65,536,1532,0.34986945169712796,0.7050594068807747
oracle,oracle,0.0,0.1,14.700000000000001,536,1532,0.34986945169712796,0.7050594068807747
oracle,oracle,0.0,0.1,14.75,536,1532,0.34986945169712796,0.7050594068807747
oracle,oracle,0.0,0.1,14.8,536,1532,0.34986945169712796,0.7050594068807747
oracle,oracle,0.0,0.1,14.850000000000001,536,1532,0.34986945169712796,0.7050594068807747
oracle,oracle,0.0,0.1,14.9,536,1532,0.34986945169712796,0.7050594068807747
oracle,oracle,0.0,0.1,14.950000000000001,536,1532,0.34986945169712796,0.7050594068807747
oracle,oracle,0.0,0.1,15.0,536,1532,0.34986945169712796,0.7050594068807747
spatial_shift_js_0.05,spatial_shift,0.05,0.1,0.0,76,1532,0.04960835509138381,0.011122795102453328
spatial_shift_js_0.05,spatial_shift,0.05,0.1,0.05,77,1532,0.05026109660574413,0.011269173933804206
spatial_shift_js_0.05,spatial_shift,0.05,0.1,0.1,81,1532,0.05287206266318538,0.011854599566472253
spatial_shift_js_0.05,spatial_shift,0.05,0.1,0.15000000000000002,88,1532,0.057441253263707574,0.012879126845692918
spatial_shift_js_0.05,spatial_shift,0.05,0.1,0.2,94,1532,0.06135770234986945,0.013757433973542774
spatial_shift_js_0.05,spatial_shift,0.05,0.1,0.25,105,1532,0.0685378590078329,0.015367464801702223
spatial_shift_js_0.05,spatial_shift,0.05,0.1,0.30000000000000004,112,1532,0.0731070496083551,0.016392417501619426
spatial_shift_js_0.05,spatial_shift,0.05,0.1,0.35000000000000003,127,1532,0.08289817232375979,0.018589719901775912
spatial_shift_js_0.05,spatial_shift,0.05,0.1,0.4,139,1532,0.09073107049608355,0.020349508503719235
spatial_shift_js_0.05,spatial_shift,0.05,0.1,0.45,151,1532,0.09856396866840732,0.022112904069711715
spatial_shift_js_0.05,spatial_shift,0.05,0.1,0.5,170,1532,0.11096605744125326,0.024922987545912094
spatial_shift_js_0.05,spatial_shift,0.05,0.1,0.55,188,1532,0.1227154046997389,0.027638733071015255
spatial_shift_js_0.05,spatial_shift,0.05,0.1,0.6000000000000001,204,1532,0.13315926892950392,0.03014262603070115
spatial_shift_js_0.05,spatial_shift,0.05,0.1,0.65,214,1532,0.13968668407310705,0.031736352898244
spatial_shift_js_0.05,spatial_shift,0.05,0.1,0.7000000000000001,221,1532,0.14425587467362924,0.03293244520782582
spatial_shift_js_0.05,spatial_shift,0.05,0.1,0.75,225,1532,0.1468668407310705,0.03363563272435316
spatial_shift_js_0.05,spatial_shift,0.05,0.1,0.8,225,1532,0.1468668407310705,0.03363563272435316
spatial_shift_js_0.05,spatial_shift,0.05,0.1,0.8500000000000001,228,1532,0.14882506527415143,0.03429826653381558
spatial_shift_js_0.05,spatial_shift,0.05,0.1,0.9,228,1532,0.14882506527415143,0.03429826653381558
spatial_shift_js_0.05,spatial_shift,0.05,0.1,0.9500000000000001,228,1532,0.14882506527415143,0.03429826653381558
spatial_shift_js_0.05,spatial_shift,0.05,0.1,1.0,230,1532,0.15013054830287206,0.0388557634356422
spatial_shift_js_0.05,spatial_shift,0.05,0.1,1.05,247,1532,0.1612271540469974,0.07916008858758933
spatial_shift_js_0.05,spatial_shift,0.05,0.1,1.1,261,1532,0.17036553524804177,0.11919183194389343
spatial_shift_js_0.05,spatial_shift,0.05,0.1,1.1500000000000001,273,1532,0.17819843342036554,0.15600201406597783
spatial_shift_js_0.05,spatial_shift,0.05,0.1,1.2000000000000002,286,1532,0.1866840731070496,0.1945217636792846
spatial_shift_js_0.05,spatial_shift,0.05,0.1,1.25,300,1532,0.195822454308094,0.23215402045640837
spatial_shift_js_0.05,spatial_shift,0.05,0.1,1.3,313,1532,0.20430809399477806,0.26249564064558184
spatial_shift_js_0.05,spatial_shift,0.05,0.1,1.35,320,1532,0.20887728459530025,0.28412273761415785
spatial_shift_js_0.05,spatial_shift,0.05,0.1,1.4000000000000001,330,1532,0.2154046997389034,0.3072110293548947
spatial_shift_js_0.05,spatial_shift,0.05,0.1,1.4500000000000002,335,1532,0.21866840731070497,0.3187780817718097
spatial_shift_js_0.05,spatial_shift,0.05,0.1,1.5,341,1532,0.22258485639686684,0.3293710250590412
spatial_shift_js_0.05,spatial_shift,0.05,0.1,1.55,346,1532,0.2258485639686684,0.3365468456138938
spatial_shift_js_0.05,spatial_shift,0.05,0.1,1.6,350,1532,0.22845953002610966,0.3415598243435087
spatial_shift_js_0.05,spatial_shift,0.05,0.1,1.6500000000000001,354,1532,0.2310704960835509,0.345518534143711
spatial_shift_js_0.05,spatial_shift,0.05,0.1,1.7000000000000002,356,1532,0.23237597911227154,0.34720986982732704
spatial_shift_js_0.05,spatial_shift,0.05,0.1,1.75,359,1532,0.23433420365535249,0.3498035687256849
spatial_shift_js_0.05,spatial_shift,0.05,0.1,1.8,360,1532,0.2349869451697128,0.35051578027930214
spatial_shift_js_0.05,spatial_shift,0.05,0.1,1.85,368,1532,0.2402088772845953,0.3555682158753035
spatial_shift_js_0.05,spatial_shift,0.05,0.1,1.9000000000000001,370,1532,0.24151436031331594,0.35667445156163013
spatial_shift_js_0.05,spatial_shift,0.05,0.1,1.9500000000000002,379,1532,0.24738903394255873,0.36070599502675926
spatial_shift_js_0.05,spatial_shift,0.05,0.1,2.0,384,1532,0.2506527415143603,0.36264464865567997
spatial_shift_js_0.05,spatial_shift,0.05,0.1,2.0500000000000003,392,1532,0.2558746736292428,0.3650905394492326
spatial_shift_js_0.05,spatial_shift,0.05,0.1,2.1,401,1532,0.26174934725848564,0.36730541445084003
spatial_shift_js_0.05,spatial_shift,0.05,0.1,2.15,409,1532,0.2669712793733681,0.3689513357333726
spatial_shift_js_0.05,spatial_shift,0.05,0.1,2.2,415,1532,0.27088772845953,0.3700451504017342
spatial_shift_js_0.05,spatial_shift,0.05,0.1,2.25,419,1532,0.2734986945169713,0.37073780152719926
spatial_shift_js_0.05,spatial_shift,0.05,0.1,2.3000000000000003,424,1532,0.27676240208877284,0.3715508678805868
spatial_shift_js_0.05,spatial_shift,0.05,0.1,2.35,424,1532,0.27676240208877284,0.3715508678805868
spatial_shift_js_0.05,spatial_shift,0.05,0.1,2.4000000000000004,424,1532,0.27676240208877284,0.3715508678805868
spatial_shift_js_0.05,spatial_shift,0.05,0.1,2.45,426,1532,0.2780678851174935,0.3718596758536996
spatial_shift_js_0.05,spatial_shift,0.05,0.1,2.5,426,1532,0.2780678851174935,0.3718596758536996
spatial_shift_js_0.05,spatial_shift,0.05,0.1,2.5500000000000003,426,1532,0.2780678851174935,0.3718596758536996
spatial_shift_js_0.05,spatial_shift,0.05,0.1,2.6,426,1532,0.2780678851174935,0.3718596758536996
spatial_shift_js_0.05,spatial_shift,0.05,0.1,2.6500000000000004,426,1532,0.2780678851174935,0.3718596758536996
spatial_shift_js_0.05,spatial_shift,0.05,0.1,2.7,426,1532,0.2780678851174935,0.3718596758536996
spatial_shift_js_0.05,spatial_shift,0.05,0.1,2.75,426,1532,0.2780678851174935,0.3718596758536996
spatial_shift_js_0.05,spatial_shift,0.05,0.1,2.8000000000000003,426,1532,0.2780678851174935,0.3718596758536996
spatial_shift_js_0.05,spatial_shift,0.05,0.1,2.85,426,1532,0.2780678851174935,0.3718596758536996
spatial_shift_js_0.05,spatial_shift,0.05,0.1,2.9000000000000004,427,1532,0.27872062663185376,0.37633191053658277
spatial_shift_js_0.05,spatial_shift,0.05,0.1,2.95,429,1532,0.2800261096605744,0.38482210329987687
spatial_shift_js_0.05,spatial_shift,0.05,0.1,3.0,434,1532,0.283289817232376,0.407574588520886
spatial_shift_js_0.05,spatial_shift,0.05,0.1,3.0500000000000003,445,1532,0.2904699738903394,0.45330576121235044
spatial_shift_js_0.05,spatial_shift,0.05,0.1,3.1,456,1532,0.29765013054830286,0.4942646582081696
spatial_shift_js_0.05,spatial_shift,0.05,0.1,3.1500000000000004,469,1532,0.30613577023498695,0.5389326939251027
spatial_shift_js_0.05,spatial_shift,0.05,0.1,3.2,483,1532,0.3152741514360313,0.5761909208227669
spatial_shift_js_0.05,spatial_shift,0.05,0.1,3.25,498,1532,0.32506527415143605,0.6086302871934273
spatial_shift_js_0.05,spatial_shift,0.05,0.1,3.3000000000000003,508,1532,0.33159268929503916,0.6263739232755068
spatial_shift_js_0.05,spatial_shift,0.05,0.1,3.35,516,1532,0.3368146214099217,0.6407294503483743
spatial_shift_js_0.05,spatial_shift,0.05,0.1,3.4000000000000004,521,1532,0.34007832898172324,0.6476143631455541
spatial_shift_js_0.05,spatial_shift,0.05,0.1,3.45,526,1532,0.3433420365535248,0.6534604876627818
spatial_shift_js_0.05,spatial_shift,0.05,0.1,3.5,531,1532,0.34660574412532635,0.6582888558485622
spatial_shift_js_0.05,spatial_shift,0.05,0.1,3.5500000000000003,533,1532,0.347911227154047,0.6593597437374064
spatial_shift_js_0.05,spatial_shift,0.05,0.1,3.6,535,1532,0.3492167101827676,0.6610510794210225
spatial_shift_js_0.05,spatial_shift,0.05,0.1,3.6500000000000004,536,1532,0.34986945169712796,0.6614391444633021
spatial_shift_js_0.05,spatial_shift,0.05,0.1,3.7,537,1532,0.35052219321148825,0.6619226683802557
spatial_shift_js_0.05,spatial_shift,0.05,0.1,3.75,538,1532,0.35117493472584854,0.6625222740164134
spatial_shift_js_0.05,spatial_shift,0.05,0.1,3.8000000000000003,539,1532,0.3518276762402089,0.6628419060503481
spatial_shift_js_0.05,spatial_shift,0.05,0.1,3.85,540,1532,0.3524804177545692,0.6632299710926277
spatial_shift_js_0.05,spatial_shift,0.05,0.1,3.9000000000000004,541,1532,0.3531331592689295,0.6634960344252923
spatial_shift_js_0.05,spatial_shift,0.05,0.1,3.95,541,1532,0.3531331592689295,0.6634960344252923
spatial_shift_js_0.05,spatial_shift,0.05,0.1,4.0,545,1532,0.35574412532637073,0.6652402398625368
spatial_shift_js_0.05,spatial_shift,0.05,0.1,4.05,545,1532,0.35574412532637073,0.6652402398625368
spatial_shift_js_0.05,spatial_shift,0.05,0.1,4.1000000000000005,545,1532,0.35574412532637073,0.6652402398625368
spatial_shift_js_0.05,spatial_shift,0.05,0.1,4.15,546,1532,0.3563968668407311,0.6654977682470089
spatial_shift_js_0.05,spatial_shift,0.05,0.1,4.2,547,1532,0.35704960835509136,0.6658686001883412
spatial_shift_js_0.05,spatial_shift,0.05,0.1,4.25,548,1532,0.3577023498694517,0.6661644047219153
spatial_shift_js_0.05,spatial_shift,0.05,0.1,4.3,549,1532,0.358355091383812,0.666731695399623
spatial_shift_js_0.05,spatial_shift,0.05,0.1,4.3500000000000005,549,1532,0.358355091383812,0.666731695399623
spatial_shift_js_0.05,spatial_shift,0.05,0.1,4.4,550,1532,0.35900783289817234,0.6671688554293194
spatial_shift_js_0.05,spatial_shift,0.05,0.1,4.45,551,1532,0.35966057441253263,0.6675088194915917
spatial_shift_js_0.05,spatial_shift,0.05,0.1,4.5,551,1532,0.35966057441253263,0.6675088194915917
spatial_shift_js_0.05,spatial_shift,0.05,0.1,4.55,551,1532,0.35966057441253263,0.6675088194915917
spatial_shift_js_0.05,spatial_shift,0.05,0.1,4.6000000000000005,552,1532,0.360313315926893,0.6678968845338714
spatial_shift_js_0.05,spatial_shift,0.05,0.1,4.65,553,1532,0.36096605744125326,0.6684062927543069
spatial_shift_js_0.05,spatial_shift,0.05,0.1,4.7,553,1532,0.36096605744125326,0.6684062927543069
spatial_shift_js_0.05,spatial_shift,0.05,0.1,4.75,554,1532,0.36161879895561355,0.6690781610728679
spatial_shift_js_0.05,spatial_shift,0.05,0.1,4.800000000000001,555,1532,0.3622715404699739,0.6695153211025644
spatial_shift_js_0.05,spatial_shift,0.05,0.1,4.8500000000000005,556,1532,0.3629242819843342,0.6700984705235882
spatial_shift_js_0.05,spatial_shift,0.05,0.1,4.9,557,1532,0.36357702349869453,0.6705819944405418
spatial_shift_js_0.05,spatial_shift,0.05,0.1,4.95,557,1532,0.36357702349869453,0.6705819944405418
spatial_shift_js_0.05,spatial_shift,0.05,0.1,5.0,561,1532,0.3661879895561358,0.6734158842816981
spatial_shift_js_0.05,spatial_shift,0.05,0.1,5.050000000000001,561,1532,0.3661879895561358,0.6734158842816981
spatial_shift_js_0.05,spatial_shift,0.05,0.1,5.1000000000000005,562,1532,0.3668407310704961,0.6739678919956423
spatial_shift_js_0.05,spatial_shift,0.05,0.1,5.15,564,1532,0.3681462140992167,0.6752473942269671
spatial_shift_js_0.05,spatial_shift,0.05,0.1,5.2,567,1532,0.37010443864229764,0.6774497448244113
spatial_shift_js_0.05,spatial_shift,0.05,0.1,5.25,570,1532,0.3720626631853786,0.6797457812054487
spatial_shift_js_0.05,spatial_shift,0.05,0.1,5.300000000000001,575,1532,0.37532637075718017,0.6838597274350754
spatial_shift_js_0.05,spatial_shift,0.05,0.1,5.3500000000000005,578,1532,0.3772845953002611,0.6862862550856113
spatial_shift_js_0.05,spatial_shift,0.05,0.1,5.4,582,1532,0.37989556135770236,0.6905104150868737
spatial_shift_js_0.05,spatial_shift,0.05,0.1,5.45,586,1532,0.3825065274151436,0.6954782731397516
spatial_shift_js_0.05,spatial_shift,0.05,0.1,5.5,590,1532,0.38511749347258484,0.7007356334164792
spatial_shift_js_0.05,spatial_shift,0.05,0.1,5.550000000000001,592,1532,0.38642297650130547,0.7043982491495622
spatial_shift_js_0.05,spatial_shift,0.05,0.1,5.6000000000000005,595,1532,0.38838120104438645,0.7097431110447885
spatial_shift_js_0.05,spatial_shift,0.05,0.1,5.65,597,1532,0.389686684073107,0.7136335923342696
spatial_shift_js_0.05,spatial_shift,0.05,0.1,5.7,598,1532,0.39033942558746737,0.7160031173525045
spatial_shift_js_0.05,spatial_shift,0.05,0.1,5.75,601,1532,0.3922976501305483,0.7225457105020601
spatial_shift_js_0.05,spatial_shift,0.05,0.1,5.800000000000001,603,1532,0.3936031331592689,0.7276036188860524
spatial_shift_js_0.05,spatial_shift,0.05,0.1,5.8500000000000005,605,1532,0.39490861618798956,0.7323518113349565
spatial_shift_js_0.05,spatial_shift,0.05,0.1,5.9,607,1532,0.3962140992167102,0.7384677758736344
spatial_shift_js_0.05,spatial_shift,0.05,0.1,5.95,607,1532,0.3962140992167102,0.7384677758736344
spatial_shift_js_0.05,spatial_shift,0.05,0.1,6.0,610,1532,0.3981723237597911,0.7436513314958866
spatial_shift_js_0.05,spatial_shift,0.05,0.1,6.050000000000001,610,1532,0.3981723237597911,0.7436513314958866
spatial_shift_js_0.05,spatial_shift,0.05,0.1,6.1000000000000005,610,1532,0.3981723237597911,0.7436513314958866
spatial_shift_js_0.05,spatial_shift,0.05,0.1,6.15,610,1532,0.3981723237597911,0.7436513314958866
spatial_shift_js_0.05,spatial_shift,0.05,0.1,6.2,610,1532,0.3981723237597911,0.7436513314958866
spatial_shift_js_0.05,spatial_shift,0.05,0.1,6.25,610,1532,0.3981723237597911,0.7436513314958866
spatial_shift_js_0.05,spatial_shift,0.05,0.1,6.300000000000001,610,1532,0.3981723237597911,0.7436513314958866
spatial_shift_js_0.05,spatial_shift,0.05,0.1,6.3500000000000005,610,1532,0.3981723237597911,0.7436513314958866
spatial_shift_js_0.05,spatial_shift,0.05,0.1,6.4,610,1532,0.3981723237597911,0.7436513314958866
spatial_shift_js_0.05,spatial_shift,0.05,0.1,6.45,610,1532,0.3981723237597911,0.7436513314958866
spatial_shift_js_0.05,spatial_shift,0.05,0.1,6.5,610,1532,0.3981723237597911,0.7436513314958866
spatial_shift_js_0.05,spatial_shift,0.05,0.1,6.550000000000001,610,1532,0.3981723237597911,0.7436513314958866
spatial_shift_js_0.05,spatial_shift,0.05,0.1,6.6000000000000005,610,1532,0.3981723237597911,0.7436513314958866
spatial_shift_js_0.05,spatial_shift,0.05,0.1,6.65,610,1532,0.3981723237597911,0.7436513314958866
spatial_shift_js_0.05,spatial_shift,0.05,0.1,6.7,610,1532,0.3981723237597911,0.7436513314958866
spatial_shift_js_0.05,spatial_shift,0.05,0.1,6.75,610,1532,0.3981723237597911,0.7436513314958866
spatial_shift_js_0.05,spatial_shift,0.05,0.1,6.800000000000001,610,1532,0.3981723237597911,0.7436513314958866
spatial_shift_js_0.05,spatial_shift,0.05,0.1,6.8500000000000005,610,1532,0.3981723237597911,0.7436513314958866
spatial_shift_js_0.05,spatial_shift,0.05,0.1,6.9,610,1532,0.3981723237597911,0.7436513314958866
spatial_shift_js_0.05,spatial_shift,0.05,0.1,6.95,610,1532,0.3981723237597911,0.7436513314958866
spatial_shift_js_0.05,spatial_shift,0.05,0.1,7.0,610,1532,0.3981723237597911,0.7436513314958866
spatial_shift_js_0.05,spatial_shift,0.05,0.1,7.050000000000001,610,1532,0.3981723237597911,0.7436513314958866
spatial_shift_js_0.05,spatial_shift,0.05,0.1,7.1000000000000005,610,1532,0.3981723237597911,0.7436513314958866
spatial_shift_js_0.05,spatial_shift,0.05,0.1,7.15,610,1532,0.3981723237597911,0.7436513314958866
spatial_shift_js_0.05,spatial_shift,0.05,0.1,7.2,610,1532,0.3981723237597911,0.7436513314958866
spatial_shift_js_0.05,spatial_shift,0.05,0.1,7.25,610,1532,0.3981723237597911,0.7436513314958866
spatial_shift_js_0.05,spatial_shift,0.05,0.1,7.300000000000001,610,1532,0.3981723237597911,0.7436513314958866
spatial_shift_js_0.05,spatial_shift,0.05,0.1,7.3500000000000005,610,1532,0.3981723237597911,0.7436513314958866
spatial_shift_js_0.05,spatial_shift,0.05,0.1,7.4,610,1532,0.3981723237597911,0.7436513314958866
spatial_shift_js_0.05,spatial_shift,0.05,0.1,7.45,610,1532,0.3981723237597911,0.7436513314958866
spatial_shift_js_0.05,spatial_shift,0.05,0.1,7.5,610,1532,0.3981723237597911,0.7436513314958866
spatial_shift_js_0.05,spatial_shift,0.05,0.1,7.550000000000001,610,1532,0.3981723237597911,0.7436513314958866
spatial_shift_js_0.05,spatial_shift,0.05,0.1,7.6000000000000005,610,1532,0.3981723237597911,0.7436513314958866
spatial_shift_js_0.05,spatial_shift,0.05,0.1,7.65,610,1532,0.3981723237597911,0.7436513314958866
spatial_shift_js_0.05,spatial_shift,0.05,0.1,7.7,610,1532,0.3981723237597911,0.7436513314958866
spatial_shift_js_0.05,spatial_shift,0.05,0.1,7.75,610,1532,0.3981723237597911,0.7436513314958866
spatial_shift_js_0.05,spatial_shift,0.05,0.1,7.800000000000001,610,1532,0.3981723237597911,0.7436513314958866
spatial_shift_js_0.05,spatial_shift,0.05,0.1,7.8500000000000005,610,1532,0.3981723237597911,0.7436513314958866
spatial_shift_js_0.05,spatial_shift,0.05,0.1,7.9,610,1532,0.3981723237597911,0.7436513314958866
spatial_shift_js_0.05,spatial_shift,0.05,0.1,7.95,610,1532,0.3981723237597911,0.7436513314958866
spatial_shift_js_0.05,spatial_shift,0.05,0.1,8.0,610,1532,0.3981723237597911,0.7436513314958866
spatial_shift_js_0.05,spatial_shift,0.05,0.1,8.05,610,1532,0.3981723237597911,0.7436513314958866
spatial_shift_js_0.05,spatial_shift,0.05,0.1,8.1,610,1532,0.3981723237597911,0.7436513314958866
spatial_shift_js_0.05,spatial_shift,0.05,0.1,8.15,610,1532,0.3981723237597911,0.7436513314958866
spatial_shift_js_0.05,spatial_shift,0.05,0.1,8.200000000000001,610,1532,0.3981723237597911,0.7436513314958866
spatial_shift_js_0.05,spatial_shift,0.05,0.1,8.25,610,1532,0.3981723237597911,0.7436513314958866
spatial_shift_js_0.05,spatial_shift,0.05,0.1,8.3,610,1532,0.3981723237597911,0.7436513314958866
spatial_shift_js_0.05,spatial_shift,0.05,0.1,8.35,610,1532,0.3981723237597911,0.7436513314958866
spatial_shift_js_0.05,spatial_shift,0.05,0.1,8.4,610,1532,0.3981723237597911,0.7436513314958866
spatial_shift_js_0.05,spatial_shift,0.05,0.1,8.450000000000001,610,1532,0.3981723237597911,0.7436513314958866
spatial_shift_js_0.05,spatial_shift,0.05,0.1,8.5,610,1532,0.3981723237597911,0.7436513314958866
spatial_shift_js_0.05,spatial_shift,0.05,0.1,8.55,610,1532,0.3981723237597911,0.7436513314958866
spatial_shift_js_0.05,spatial_shift,0.05,0.1,8.6,610,1532,0.3981723237597911,0.7436513314958866
spatial_shift_js_0.05,spatial_shift,0.05,0.1,8.65,610,1532,0.3981723237597911,0.7436513314958866
spatial_shift_js_0.05,spatial_shift,0.05,0.1,8.700000000000001,610,1532,0.3981723237597911,0.7436513314958866
spatial_shift_js_0.05,spatial_shift,0.05,0.1,8.75,610,1532,0.3981723237597911,0.7436513314958866
spatial_shift_js_0.05,spatial_shift,0.05,0.1,8.8,610,1532,0.3981723237597911,0.7436513314958866
spatial_shift_js_0.05,spatial_shift,0.05,0.1,8.85,610,1532,0.3981723237597911,0.7436513314958866
spatial_shift_js_0.05,spatial_shift,0.05,0.1,8.9,610,1532,0.3981723237597911,0.7436513314958866
spatial_shift_js_0.05,spatial_shift,0.05,0.1,8.950000000000001,610,1532,0.3981723237597911,0.7436513314958866
spatial_shift_js_0.05,spatial_shift,0.05,0.1,9.0,610,1532,0.3981723237597911,0.7436513314958866
spatial_shift_js_0.05,spatial_shift,0.05,0.1,9.05,610,1532,0.3981723237597911,0.7436513314958866
spatial_shift_js_0.05,spatial_shift,0.05,0.1,9.1,610,1532,0.3981723237597911,0.7436513314958866
spatial_shift_js_0.05,spatial_shift,0.05,0.1,9.15,610,1532,0.3981723237597911,0.7436513314958866
spatial_shift_js_0.05,spatial_shift,0.05,0.1,9.200000000000001,610,1532,0.3981723237597911,0.7436513314958866
spatial_shift_js_0.05,spatial_shift,0.05,0.1,9.25,610,1532,0.3981723237597911,0.7436513314958866
spatial_shift_js_0.05,spatial_shift,0.05,0.1,9.3,610,1532,0.3981723237597911,0.7436513314958866
spatial_shift_js_0.05,spatial_shift,0.05,0.1,9.35,610,1532,0.3981723237597911,0.7436513314958866
spatial_shift_js_0.05,spatial_shift,0.05,0.1,9.4,610,1532,0.3981723237597911,0.7436513314958866
spatial_shift_js_0.05,spatial_shift,0.05,0.1,9.450000000000001,610,1532,0.3981723237597911,0.7436513314958866
spatial_shift_js_0.05,spatial_shift,0.05,0.1,9.5,610,1532,0.3981723237597911,0.7436513314958866
spatial_shift_js_0.05,spatial_shift,0.05,0.1,9.55,610,1532,0.3981723237597911,0.7436513314958866
spatial_shift_js_0.05,spatial_shift,0.05,0.1,9.600000000000001,610,1532,0.3981723237597911,0.7436513314958866
spatial_shift_js_0.05,spatial_shift,0.05,0.1,9.65,610,1532,0.3981723237597911,0.7436513314958866
spatial_shift_js_0.05,spatial_shift,0.05,0.1,9.700000000000001,610,1532,0.3981723237597911,0.7436513314958866
spatial_shift_js_0.05,spatial_shift,0.05,0.1,9.75,610,1532,0.3981723237597911,0.7436513314958866
spatial_shift_js_0.05,spatial_shift,0.05,0.1,9.8,610,1532,0.3981723237597911,0.7436513314958866
spatial_shift_js_0.05,spatial_shift,0.05,0.1,9.850000000000001,610,1532,0.3981723237597911,0.7436513314958866
spatial_shift_js_0.05,spatial_shift,0.05,0.1,9.9,610,1532,0.3981723237597911,0.7436513314958866
spatial_shift_js_0.05,spatial_shift,0.05,0.1,9.950000000000001,610,1532,0.3981723237597911,0.7436513314958866
spatial_shift_js_0.05,spatial_shift,0.05,0.1,10.0,610,1532,0.3981723237597911,0.7436513314958866
spatial_shift_js_0.05,spatial_shift,0.05,0.1,10.05,610,1532,0.3981723237597911,0.7436513314958866
spatial_shift_js_0.05,spatial_shift,0.05,0.1,10.100000000000001,610,1532,0.3981723237597911,0.7436513314958866
spatial_shift_js_0.05,spatial_shift,0.05,0.1,10.15,610,1532,0.3981723237597911,0.7436513314958866
spatial_shift_js_0.05,spatial_shift,0.05,0.1,10.200000000000001,610,1532,0.3981723237597911,0.7436513314958866
spatial_shift_js_0.05,spatial_shift,0.05,0.1,10.25,610,1532,0.3981723237597911,0.7436513314958866
spatial_shift_js_0.05,spatial_shift,0.05,0.1,10.3,610,1532,0.3981723237597911,0.7436513314958866
spatial_shift_js_0.05,spatial_shift,0.05,0.1,10.350000000000001,610,1532,0.3981723237597911,0.7436513314958866
spatial_shift_js_0.05,spatial_shift,0.05,0.1,10.4,610,1532,0.3981723237597911,0.7436513314958866
spatial_shift_js_0.05,spatial_shift,0.05,0.1,10.450000000000001,610,1532,0.3981723237597911,0.7436513314958866
spatial_shift_js_0.05,spatial_shift,0.05,0.1,10.5,610,1532,0.3981723237597911,0.7436513314958866
spatial_shift_js_0.05,spatial_shift,0.05,0.1,10.55,610,1532,0.3981723237597911,0.7436513314958866
spatial_shift_js_0.05,spatial_shift,0.05,0.1,10.600000000000001,610,1532,0.3981723237597911,0.7436513314958866
spatial_shift_js_0.05,spatial_shift,0.05,0.1,10.65,610,1532,0.3981723237597911,0.7436513314958866
spatial_shift_js_0.05,spatial_shift,0.05,0.1,10.700000000000001,610,1532,0.3981723237597911,0.7436513314958866
spatial_shift_js_0.05,spatial_shift,0.05,0.1,10.75,610,1532,0.3981723237597911,0.7436513314958866
spatial_shift_js_0.05,spatial_shift,0.05,0.1,10.8,610,1532,0.3981723237597911,0.7436513314958866
spatial_shift_js_0.05,spatial_shift,0.05,0.1,10.850000000000001,610,1532,0.3981723237597911,0.7436513314958866
spatial_shift_js_0.05,spatial_shift,0.05,0.1,10.9,610,1532,0.3981723237597911,0.7436513314958866
spatial_shift_js_0.05,spatial_shift,0.05,0.1,10.950000000000001,610,1532,0.3981723237597911,0.7436513314958866
spatial_shift_js_0.05,spatial_shift,0.05,0.1,11.0,610,1532,0.3981723237597911,0.7436513314958866
spatial_shift_js_0.05,spatial_shift,0.05,0.1,11.05,610,1532,0.3981723237597911,0.7436513314958866
spatial_shift_js_0.05,spatial_shift,0.05,0.1,11.100000000000001,610,1532,0.3981723237597911,0.7436513314958866
spatial_shift_js_0.05,spatial_shift,0.05,0.1,11.15,610,1532,0.3981723237597911,0.7436513314958866
spatial_shift_js_0.05,spatial_shift,0.05,0.1,11.200000000000001,610,1532,0.3981723237597911,0.7436513314958866
spatial_shift_js_0.05,spatial_shift,0.05,0.1,11.25,610,1532,0.3981723237597911,0.7436513314958866
spatial_shift_js_0.05,spatial_shift,0.05,0.1,11.3,610,1532,0.3981723237597911,0.7436513314958866
spatial_shift_js_0.05,spatial_shift,0.05,0.1,11.350000000000001,610,1532,0.3981723237597911,0.7436513314958866
spatial_shift_js_0.05,spatial_shift,0.05,0.1,11.4,610,1532,0.3981723237597911,0.7436513314958866
spatial_shift_js_0.05,spatial_shift,0.05,0.1,11.450000000000001,610,1532,0.3981723237597911,0.7436513314958866
spatial_shift_js_0.05,spatial_shift,0.05,0.1,11.5,610,1532,0.3981723237597911,0.7436513314958866
spatial_shift_js_0.05,spatial_shift,0.05,0.1,11.55,610,1532,0.3981723237597911,0.7436513314958866
spatial_shift_js_0.05,spatial_shift,0.05,0.1,11.600000000000001,610,1532,0.3981723237597911,0.7436513314958866
spatial_shift_js_0.05,spatial_shift,0.05,0.1,11.65,610,1532,0.3981723237597911,0.7436513314958866
spatial_shift_js_0.05,spatial_shift,0.05,0.1,11.700000000000001,610,1532,0.3981723237597911,0.7436513314958866
spatial_shift_js_0.05,spatial_shift,0.05,0.1,11.75,610,1532,0.3981723237597911,0.7436513314958866
spatial_shift_js_0.05,spatial_shift,0.05,0.1,11.8,610,1532,0.3981723237597911,0.7436513314958866
spatial_shift_js_0.05,spatial_shift,0.05,0.1,11.850000000000001,610,1532,0.3981723237597911,0.7436513314958866
spatial_shift_js_0.05,spatial_shift,0.05,0.1,11.9,610,1532,0.3981723237597911,0.7436513314958866
spatial_shift_js_0.05,spatial_shift,0.05,0.1,11.950000000000001,610,1532,0.3981723237597911,0.7436513314958866
spatial_shift_js_0.05,spatial_shift,0.05,0.1,12.0,610,1532,0.3981723237597911,0.7436513314958866
spatial_shift_js_0.05,spatial_shift,0.05,0.1,12.05,610,1532,0.3981723237597911,0.7436513314958866
spatial_shift_js_0.05,spatial_shift,0.05,0.1,12.100000000000001,610,1532,0.3981723237597911,0.7436513314958866
spatial_shift_js_0.05,spatial_shift,0.05,0.1,12.15,610,1532,0.3981723237597911,0.7436513314958866
spatial_shift_js_0.05,spatial_shift,0.05,0.1,12.200000000000001,610,1532,0.3981723237597911,0.7436513314958866
spatial_shift_js_0.05,spatial_shift,0.05,0.1,12.25,610,1532,0.3981723237597911,0.7436513314958866
spatial_shift_js_0.05,spatial_shift,0.05,0.1,12.3,610,1532,0.3981723237597911,0.7436513314958866
spatial_shift_js_0.05,spatial_shift,0.05,0.1,12.350000000000001,610,1532,0.3981723237597911,0.7436513314958866
spatial_shift_js_0.05,spatial_shift,0.05,0.1,12.4,610,1532,0.3981723237597911,0.7436513314958866
spatial_shift_js_0.05,spatial_shift,0.05,0.1,12.450000000000001,610,1532,0.3981723237597911,0.7436513314958866
spatial_shift_js_0.05,spatial_shift,0.05,0.1,12.5,610,1532,0.3981723237597911,0.7436513314958866
spatial_shift_js_0.05,spatial_shift,0.05,0.1,12.55,610,1532,0.3981723237597911,0.7436513314958866
spatial_shift_js_0.05,spatial_shift,0.05,0.1,12.600000000000001,610,1532,0.3981723237597911,0.7436513314958866
spatial_shift_js_0.05,spatial_shift,0.05,0.1,12.65,610,1532,0.3981723237597911,0.7436513314958866
spatial_shift_js_0.05,spatial_shift,0.05,0.1,12.700000000000001,610,1532,0.3981723237597911,0.7436513314958866
spatial_shift_js_0.05,spatial_shift,0.05,0.1,12.75,610,1532,0.3981723237597911,0.7436513314958866
spatial_shift_js_0.05,spatial_shift,0.05,0.1,12.8,610,1532,0.3981723237597911,0.7436513314958866
spatial_shift_js_0.05,spatial_shift,0.05,0.1,12.850000000000001,610,1532,0.3981723237597911,0.7436513314958866
spatial_shift_js_0.05,spatial_shift,0.05,0.1,12.9,610,1532,0.3981723237597911,0.7436513314958866
spatial_shift_js_0.05,spatial_shift,0.05,0.1,12.950000000000001,610,1532,0.3981723237597911,0.7436513314958866
spatial_shift_js_0.05,spatial_shift,0.05,0.1,13.0,610,1532,0.3981723237597911,0.7436513314958866
spatial_shift_js_0.05,spatial_shift,0.05,0.1,13.05,610,1532,0.3981723237597911,0.7436513314958866
spatial_shift_js_0.05,spatial_shift,0.05,0.1,13.100000000000001,610,1532,0.3981723237597911,0.7436513314958866
spatial_shift_js_0.05,spatial_shift,0.05,0.1,13.15,610,1532,0.3981723237597911,0.7436513314958866
spatial_shift_js_0.05,spatial_shift,0.05,0.1,13.200000000000001,610,1532,0.3981723237597911,0.7436513314958866
spatial_shift_js_0.05,spatial_shift,0.05,0.1,13.25,610,1532,0.3981723237597911,0.7436513314958866
spatial_shift_js_0.05,spatial_shift,0.05,0.1,13.3,610,1532,0.3981723237597911,0.7436513314958866
spatial_shift_js_0.05,spatial_shift,0.05,0.1,13.350000000000001,610,1532,0.3981723237597911,0.7436513314958866
spatial_shift_js_0.05,spatial_shift,0.05,0.1,13.4,610,1532,0.3981723237597911,0.7436513314958866
spatial_shift_js_0.05,spatial_shift,0.05,0.1,13.450000000000001,610,1532,0.3981723237597911,0.7436513314958866
spatial_shift_js_0.05,spatial_shift,0.05,0.1,13.5,610,1532,0.3981723237597911,0.7436513314958866
spatial_shift_js_0.05,spatial_shift,0.05,0.1,13.55,610,1532,0.3981723237597911,0.7436513314958866
spatial_shift_js_0.05,spatial_shift,0.05,0.1,13.600000000000001,610,1532,0.3981723237597911,0.7436513314958866
spatial_shift_js_0.05,spatial_shift,0.05,0.1,13.65,610,1532,0.3981723237597911,0.7436513314958866
spatial_shift_js_0.05,spatial_shift,0.05,0.1,13.700000000000001,610,1532,0.3981723237597911,0.7436513314958866
spatial_shift_js_0.05,spatial_shift,0.05,0.1,13.75,610,1532,0.3981723237597911,0.7436513314958866
spatial_shift_js_0.05,spatial_shift,0.05,0.1,13.8,610,1532,0.3981723237597911,0.7436513314958866
spatial_shift_js_0.05,spatial_shift,0.05,0.1,13.850000000000001,610,1532,0.3981723237597911,0.7436513314958866
spatial_shift_js_0.05,spatial_shift,0.05,0.1,13.9,610,1532,0.3981723237597911,0.7436513314958866
spatial_shift_js_0.05,spatial_shift,0.05,0.1,13.950000000000001,610,1532,0.3981723237597911,0.7436513314958866
spatial_shift_js_0.05,spatial_shift,0.05,0.1,14.0,610,1532,0.3981723237597911,0.7436513314958866
spatial_shift_js_0.05,spatial_shift,0.05,0.1,14.05,610,1532,0.3981723237597911,0.7436513314958866
spatial_shift_js_0.05,spatial_shift,0.05,0.1,14.100000000000001,610,1532,0.3981723237597911,0.7436513314958866
spatial_shift_js_0.05,spatial_shift,0.05,0.1,14.15,610,1532,0.3981723237597911,0.7436513314958866
spatial_shift_js_0.05,spatial_shift,0.05,0.1,14.200000000000001,610,1532,0.3981723237597911,0.7436513314958866
spatial_shift_js_0.05,spatial_shift,0.05,0.1,14.25,610,1532,0.3981723237597911,0.7436513314958866
spatial_shift_js_0.05,spatial_shift,0.05,0.1,14.3,610,1532,0.3981723237597911,0.7436513314958866
spatial_shift_js_0.05,spatial_shift,0.05,0.1,14.350000000000001,610,1532,0.3981723237597911,0.7436513314958866
spatial_shift_js_0.05,spatial_shift,0.05,0.1,14.4,610,1532,0.3981723237597911,0.7436513314958866
spatial_shift_js_0.05,spatial_shift,0.05,0.1,14.450000000000001,610,1532,0.3981723237597911,0.7436513314958866
spatial_shift_js_0.05,spatial_shift,0.05,0.1,14.5,610,1532,0.3981723237597911,0.7436513314958866
spatial_shift_js_0.05,spatial_shift,0.05,0.1,14.55,610,1532,0.3981723237597911,0.7436513314958866
spatial_shift_js_0.05,spatial_shift,0.05,0.1,14.600000000000001,610,1532,0.3981723237597911,0.7436513314958866
spatial_shift_js_0.05,spatial_shift,0.05,0.1,14.65,610,1532,0.3981723237597911,0.7436513314958866
spatial_shift_js_0.05,spatial_shift,0.05,0.1,14.700000000000001,610,1532,0.3981723237597911,0.7436513314958866
spatial_shift_js_0.05,spatial_shift,0.05,0.1,14.75,610,1532,0.3981723237597911,0.7436513314958866
spatial_shift_js_0.05,spatial_shift,0.05,0.1,14.8,610,1532,0.3981723237597911,0.7436513314958866
spatial_shift_js_0.05,spatial_shift,0.05,0.1,14.850000000000001,610,1532,0.3981723237597911,0.7436513314958866
spatial_shift_js_0.05,spatial_shift,0.05,0.1,14.9,610,1532,0.3981723237597911,0.7436513314958866
spatial_shift_js_0.05,spatial_shift,0.05,0.1,14.950000000000001,610,1532,0.3981723237597911,0.7436513314958866
spatial_shift_js_0.05,spatial_shift,0.05,0.1,15.0,610,1532,0.3981723237597911,0.7436513314958866
spatial_shift_js_0.1,spatial_shift,0.1,0.1,0.0,76,1532,0.04960835509138381,0.011122795102453328
spatial_shift_js_0.1,spatial_shift,0.1,0.1,0.05,77,1532,0.05026109660574413,0.011269173933804206
spatial_shift_js_0.1,spatial_shift,0.1,0.1,0.1,81,1532,0.05287206266318538,0.011854599566472253
spatial_shift_js_0.1,spatial_shift,0.1,0.1,0.15000000000000002,88,1532,0.057441253263707574,0.012879126845692918
spatial_shift_js_0.1,spatial_shift,0.1,0.1,0.2,94,1532,0.06135770234986945,0.013757433973542774
spatial_shift_js_0.1,spatial_shift,0.1,0.1,0.25,105,1532,0.0685378590078329,0.015367464801702223
spatial_shift_js_0.1,spatial_shift,0.1,0.1,0.30000000000000004,112,1532,0.0731070496083551,0.016392417501619426
spatial_shift_js_0.1,spatial_shift,0.1,0.1,0.35000000000000003,125,1532,0.08159268929503917,0.01829629751226953
spatial_shift_js_0.1,spatial_shift,0.1,0.1,0.4,139,1532,0.09073107049608355,0.020349508503719235
spatial_shift_js_0.1,spatial_shift,0.1,0.1,0.45,151,1532,0.09856396866840732,0.022112904069711715
spatial_shift_js_0.1,spatial_shift,0.1,0.1,0.5,170,1532,0.11096605744125326,0.024922987545912094
spatial_shift_js_0.1,spatial_shift,0.1,0.1,0.55,189,1532,0.12336814621409922,0.027785262218077644
spatial_shift_js_0.1,spatial_shift,0.1,0.1,0.6000000000000001,205,1532,0.13381201044386423,0.03028915517776354
spatial_shift_js_0.1,spatial_shift,0.1,0.1,0.65,215,1532,0.14033942558746737,0.0318828820453064
spatial_shift_js_0.1,spatial_shift,0.1,0.1,0.7000000000000001,222,1532,0.14490861618798956,0.03307897435488821
spatial_shift_js_0.1,spatial_shift,0.1,0.1,0.75,226,1532,0.1475195822454308,0.033782161871415556
spatial_shift_js_0.1,spatial_shift,0.1,0.1,0.8,226,1532,0.1475195822454308,0.033782161871415556
spatial_shift_js_0.1,spatial_shift,0.1,0.1,0.8500000000000001,229,1532,0.14947780678851175,0.03444479568087798
spatial_shift_js_0.1,spatial_shift,0.1,0.1,0.9,229,1532,0.14947780678851175,0.03444479568087798
spatial_shift_js_0.1,spatial_shift,0.1,0.1,0.9500000000000001,229,1532,0.14947780678851175,0.03444479568087798
spatial_shift_js_0.1,spatial_shift,0.1,0.1,1.0,229,1532,0.14947780678851175,0.03444479568087798
spatial_shift_js_0.1,spatial_shift,0.1,0.1,1.05,235,1532,0.15339425587467362,0.0475209190296986
spatial_shift_js_0.1,spatial_shift,0.1,0.1,1.1,253,1532,0.16514360313315926,0.09342379622474534
spatial_shift_js_0.1,spatial_shift,0.1,0.1,1.1500000000000001,263,1532,0.1716710182767624,0.12181014742797154
spatial_shift_js_0.1,spatial_shift,0.1,0.1,1.2000000000000002,272,1532,0.17754569190600522,0.14837452358073197
spatial_shift_js_0.1,spatial_shift,0.1,0.1,1.25,283,1532,0.18472584856396868,0.18049150587018845
spatial_shift_js_0.1,spatial_shift,0.1,0.1,1.3,298,1532,0.19451697127937337,0.21101096278428355
spatial_shift_js_0.1,spatial_shift,0.1,0.1,1.35,312,1532,0.20365535248041775,0.23768456840224794
spatial_shift_js_0.1,spatial_shift,0.1,0.1,1.4000000000000001,323,1532,0.2108355091383812,0.2632429917107196
spatial_shift_js_0.1,spatial_shift,0.1,0.1,1.4500000000000002,334,1532,0.21801566579634465,0.27924862111532445
spatial_shift_js_0.1,spatial_shift,0.1,0.1,1.5,340,1532,0.22193211488250653,0.2869587197757745
spatial_shift_js_0.1,spatial_shift,0.1,0.1,1.55,348,1532,0.22715404699738903,0.29522742524241474
spatial_shift_js_0.1,spatial_shift,0.1,0.1,1.6,353,1532,0.2304177545691906,0.2995663439409149
spatial_shift_js_0.1,spatial_shift,0.1,0.1,1.6500000000000001,360,1532,0.2349869451697128,0.30414617809926997
spatial_shift_js_0.1,spatial_shift,0.1,0.1,1.7000000000000002,366,1532,0.23890339425587467,0.30739979390014505
spatial_shift_js_0.1,spatial_shift,0.1,0.1,1.75,372,1532,0.24281984334203655,0.3100466536605776
spatial_shift_js_0.1,spatial_shift,0.1,0.1,1.8,378,1532,0.24673629242819844,0.31210434944804255
spatial_shift_js_0.1,spatial_shift,0.1,0.1,1.85,385,1532,0.25130548302872063,0.31437636456185997
spatial_shift_js_0.1,spatial_shift,0.1,0.1,1.9000000000000001,395,1532,0.25783289817232374,0.31693840175345406
spatial_shift_js_0.1,spatial_shift,0.1,0.1,1.9500000000000002,404,1532,0.26370757180156656,0.3189147906658283
spatial_shift_js_0.1,spatial_shift,0.1,0.1,2.0,411,1532,0.26827676240208875,0.32028472512273065
spatial_shift_js_0.1,spatial_shift,0.1,0.1,2.0500000000000003,421,1532,0.2748041775456919,0.32205823368436215
spatial_shift_js_0.1,spatial_shift,0.1,0.1,2.1,431,1532,0.28133159268929503,0.32369349401442865
spatial_shift_js_0.1,spatial_shift,0.1,0.1,2.15,440,1532,0.28720626631853785,0.32509892549508823
spatial_shift_js_0.1,spatial_shift,0.1,0.1,2.2,445,1532,0.2904699738903394,0.3258625954052784
spatial_shift_js_0.1,spatial_shift,0.1,0.1,2.25,450,1532,0.293733681462141,0.32661419148820287
spatial_shift_js_0.1,spatial_shift,0.1,0.1,2.3000000000000003,453,1532,0.29569190600522194,0.3270650454556975
spatial_shift_js_0.1,spatial_shift,0.1,0.1,2.35,457,1532,0.2983028720626632,0.32765801924722243
spatial_shift_js_0.1,spatial_shift,0.1,0.1,2.4000000000000004,457,1532,0.2983028720626632,0.32765801924722243
spatial_shift_js_0.1,spatial_shift,0.1,0.1,2.45,457,1532,0.2983028720626632,0.32765801924722243
spatial_shift_js_0.1,spatial_shift,0.1,0.1,2.5,457,1532,0.2983028720626632,0.32765801924722243
spatial_shift_js_0.1,spatial_shift,0.1,0.1,2.5500000000000003,457,1532,0.2983028720626632,0.32765801924722243
spatial_shift_js_0.1,spatial_shift,0.1,0.1,2.6,457,1532,0.2983028720626632,0.32765801924722243
spatial_shift_js_0.1,spatial_shift,0.1,0.1,2.6500000000000004,457,1532,0.2983028720626632,0.32765801924722243
spatial_shift_js_0.1,spatial_shift,0.1,0.1,2.7,457,1532,0.2983028720626632,0.32765801924722243
spatial_shift_js_0.1,spatial_shift,0.1,0.1,2.75,457,1532,0.2983028720626632,0.32765801924722243
spatial_shift_js_0.1,spatial_shift,0.1,0.1,2.8000000000000003,457,1532,0.2983028720626632,0.32765801924722243
spatial_shift_js_0.1,spatial_shift,0.1,0.1,2.85,457,1532,0.2983028720626632,0.32765801924722243
spatial_shift_js_0.1,spatial_shift,0.1,0.1,2.9000000000000004,457,1532,0.2983028720626632,0.32765801924722243
spatial_shift_js_0.1,spatial_shift,0.1,0.1,2.95,457,1532,0.2983028720626632,0.32765801924722243
spatial_shift_js_0.1,spatial_shift,0.1,0.1,3.0,460,1532,0.3002610966057441,0.3414068152463157
spatial_shift_js_0.1,spatial_shift,0.1,0.1,3.0500000000000003,469,1532,0.30613577023498695,0.3815012323712159
spatial_shift_js_0.1,spatial_shift,0.1,0.1,3.1,479,1532,0.31266318537859006,0.4236210183677077
spatial_shift_js_0.1,spatial_shift,0.1,0.1,3.1500000000000004,495,1532,0.32310704960835507,0.4832107878630406
spatial_shift_js_0.1,spatial_shift,0.1,0.1,3.2,512,1532,0.3342036553524804,0.5404209875161359
spatial_shift_js_0.1,spatial_shift,0.1,0.1,3.25,527,1532,0.34399477806788514,0.5787741685771983
spatial_shift_js_0.1,spatial_shift,0.1,0.1,3.3000000000000003,540,1532,0.3524804177545692,0.6056311358730468
spatial_shift_js_0.1,spatial_shift,0.1,0.1,3.35,551,1532,0.35966057441253263,0.6260438423423125
spatial_shift_js_0.1,spatial_shift,0.1,0.1,3.4000000000000004,558,1532,0.3642297650130548,0.6388784131439336
spatial_shift_js_0.1,spatial_shift,0.1,0.1,3.45,562,1532,0.3668407310704961,0.6436995043803637
spatial_shift_js_0.1,spatial_shift,0.1,0.1,3.5,568,1532,0.370757180156658,0.651609450458341
spatial_shift_js_0.1,spatial_shift,0.1,0.1,3.5500000000000003,573,1532,0.37402088772845954,0.6564378186441214
spatial_shift_js_0.1,spatial_shift,0.1,0.1,3.6,575,1532,0.37532637075718017,0.6575087065329657
spatial_shift_js_0.1,spatial_shift,0.1,0.1,3.6500000000000004,577,1532,0.3766318537859008,0.6592000422165817
spatial_shift_js_0.1,spatial_shift,0.1,0.1,3.7,579,1532,0.3779373368146214,0.6600716311758151
spatial_shift_js_0.1,spatial_shift,0.1,0.1,3.75,580,1532,0.3785900783289817,0.6606712368119726
spatial_shift_js_0.1,spatial_shift,0.1,0.1,3.8000000000000003,581,1532,0.379242819843342,0.6609908688459074
spatial_shift_js_0.1,spatial_shift,0.1,0.1,3.85,582,1532,0.37989556135770236,0.6613789338881871
spatial_shift_js_0.1,spatial_shift,0.1,0.1,3.9000000000000004,583,1532,0.38054830287206265,0.6616449972208515
spatial_shift_js_0.1,spatial_shift,0.1,0.1,3.95,583,1532,0.38054830287206265,0.6616449972208515
spatial_shift_js_0.1,spatial_shift,0.1,0.1,4.0,587,1532,0.3831592689295039,0.6633892026580961
spatial_shift_js_0.1,spatial_shift,0.1,0.1,4.05,587,1532,0.3831592689295039,0.6633892026580961
spatial_shift_js_0.1,spatial_shift,0.1,0.1,4.1000000000000005,587,1532,0.3831592689295039,0.6633892026580961
spatial_shift_js_0.1,spatial_shift,0.1,0.1,4.15,588,1532,0.3838120104438642,0.6636467310425683
spatial_shift_js_0.1,spatial_shift,0.1,0.1,4.2,589,1532,0.38446475195822455,0.6640175629839005
spatial_shift_js_0.1,spatial_shift,0.1,0.1,4.25,590,1532,0.38511749347258484,0.6643133675174746
spatial_shift_js_0.1,spatial_shift,0.1,0.1,4.3,591,1532,0.3857702349869452,0.6648806581951822
spatial_shift_js_0.1,spatial_shift,0.1,0.1,4.3500000000000005,591,1532,0.3857702349869452,0.6648806581951822
spatial_shift_js_0.1,spatial_shift,0.1,0.1,4.4,592,1532,0.38642297650130547,0.6653178182248786
spatial_shift_js_0.1,spatial_shift,0.1,0.1,4.45,593,1532,0.3870757180156658,0.665657782287151
spatial_shift_js_0.1,spatial_shift,0.1,0.1,4.5,593,1532,0.3870757180156658,0.665657782287151
spatial_shift_js_0.1,spatial_shift,0.1,0.1,4.55,593,1532,0.3870757180156658,0.665657782287151
spatial_shift_js_0.1,spatial_shift,0.1,0.1,4.6000000000000005,594,1532,0.3877284595300261,0.6660458473294306
spatial_shift_js_0.1,spatial_shift,0.1,0.1,4.65,595,1532,0.38838120104438645,0.666555255549866
spatial_shift_js_0.1,spatial_shift,0.1,0.1,4.7,595,1532,0.38838120104438645,0.666555255549866
spatial_shift_js_0.1,spatial_shift,0.1,0.1,4.75,596,1532,0.38903394255874674,0.6672271238684272
spatial_shift_js_0.1,spatial_shift,0.1,0.1,4.800000000000001,597,1532,0.389686684073107,0.6676642838981236
spatial_shift_js_0.1,spatial_shift,0.1,0.1,4.8500000000000005,598,1532,0.39033942558746737,0.6682474333191474
spatial_shift_js_0.1,spatial_shift,0.1,0.1,4.9,599,1532,0.39099216710182766,0.668730957236101
spatial_shift_js_0.1,spatial_shift,0.1,0.1,4.95,599,1532,0.39099216710182766,0.668730957236101
spatial_shift_js_0.1,spatial_shift,0.1,0.1,5.0,603,1532,0.3936031331592689,0.6715648470772573
spatial_shift_js_0.1,spatial_shift,0.1,0.1,5.050000000000001,603,1532,0.3936031331592689,0.6715648470772573
spatial_shift_js_0.1,spatial_shift,0.1,0.1,5.1000000000000005,604,1532,0.39425587467362927,0.6721168547912015
spatial_shift_js_0.1,spatial_shift,0.1,0.1,5.15,606,1532,0.39556135770234985,0.6733963570225263
spatial_shift_js_0.1,spatial_shift,0.1,0.1,5.2,609,1532,0.3975195822454308,0.6755987076199707
spatial_shift_js_0.1,spatial_shift,0.1,0.1,5.25,612,1532,0.39947780678851175,0.6778947440010081
spatial_shift_js_0.1,spatial_shift,0.1,0.1,5.300000000000001,617,1532,0.4027415143603133,0.6820086902306348
spatial_shift_js_0.1,spatial_shift,0.1,0.1,5.3500000000000005,620,1532,0.4046997389033943,0.6844352178811706
spatial_shift_js_0.1,spatial_shift,0.1,0.1,5.4,624,1532,0.4073107049608355,0.688659377882433
spatial_shift_js_0.1,spatial_shift,0.1,0.1,5.45,628,1532,0.40992167101827676,0.6936272359353111
spatial_shift_js_0.1,spatial_shift,0.1,0.1,5.5,632,1532,0.412532637075718,0.6988845962120384
spatial_shift_js_0.1,spatial_shift,0.1,0.1,5.550000000000001,636,1532,0.4151436031331593,0.7057504143785109
spatial_shift_js_0.1,spatial_shift,0.1,0.1,5.6000000000000005,639,1532,0.4171018276762402,0.7110952762737373
spatial_shift_js_0.1,spatial_shift,0.1,0.1,5.65,643,1532,0.4197127937336815,0.7194106278390437
spatial_shift_js_0.1,spatial_shift,0.1,0.1,5.7,644,1532,0.42036553524804177,0.7217801528572785
spatial_shift_js_0.1,spatial_shift,0.1,0.1,5.75,648,1532,0.42297650130548303,0.7311438236182666
spatial_shift_js_0.1,spatial_shift,0.1,0.1,5.800000000000001,651,1532,0.42493472584856395,0.7395660777993045
spatial_shift_js_0.1,spatial_shift,0.1,0.1,5.8500000000000005,654,1532,0.42689295039164493,0.7477998527225316
spatial_shift_js_0.1,spatial_shift,0.1,0.1,5.9,656,1532,0.4281984334203655,0.7539158172612097
spatial_shift_js_0.1,spatial_shift,0.1,0.1,5.95,657,1532,0.42885117493472585,0.7572801630582553
spatial_shift_js_0.1,spatial_shift,0.1,0.1,6.0,661,1532,0.4314621409921671,0.7655986364431977
spatial_shift_js_0.1,spatial_shift,0.1,0.1,6.050000000000001,661,1532,0.4314621409921671,0.7655986364431977
spatial_shift_js_0.1,spatial_shift,0.1,0.1,6.1000000000000005,661,1532,0.4314621409921671,0.7655986364431977
spatial_shift_js_0.1,spatial_shift,0.1,0.1,6.15,661,1532,0.4314621409921671,0.7655986364431977
spatial_shift_js_0.1,spatial_shift,0.1,0.1,6.2,661,1532,0.4314621409921671,0.7655986364431977
spatial_shift_js_0.1,spatial_shift,0.1,0.1,6.25,661,1532,0.4314621409921671,0.7655986364431977
spatial_shift_js_0.1,spatial_shift,0.1,0.1,6.300000000000001,661,1532,0.4314621409921671,0.7655986364431977
spatial_shift_js_0.1,spatial_shift,0.1,0.1,6.3500000000000005,661,1532,0.4314621409921671,0.7655986364431977
spatial_shift_js_0.1,spatial_shift,0.1,0.1,6.4,661,1532,0.4314621409921671,0.7655986364431977
spatial_shift_js_0.1,spatial_shift,0.1,0.1,6.45,661,1532,0.4314621409921671,0.7655986364431977
spatial_shift_js_0.1,spatial_shift,0.1,0.1,6.5,661,1532,0.4314621409921671,0.7655986364431977
spatial_shift_js_0.1,spatial_shift,0.1,0.1,6.550000000000001,661,1532,0.4314621409921671,0.7655986364431977
spatial_shift_js_0.1,spatial_shift,0.1,0.1,6.6000000000000005,661,1532,0.4314621409921671,0.7655986364431977
spatial_shift_js_0.1,spatial_shift,0.1,0.1,6.65,661,1532,0.4314621409921671,0.7655986364431977
spatial_shift_js_0.1,spatial_shift,0.1,0.1,6.7,661,1532,0.4314621409921671,0.7655986364431977
spatial_shift_js_0.1,spatial_shift,0.1,0.1,6.75,661,1532,0.4314621409921671,0.7655986364431977
spatial_shift_js_0.1,spatial_shift,0.1,0.1,6.800000000000001,661,1532,0.4314621409921671,0.7655986364431977
spatial_shift_js_0.1,spatial_shift,0.1,0.1,6.8500000000000005,661,1532,0.4314621409921671,0.7655986364431977
spatial_shift_js_0.1,spatial_shift,0.1,0.1,6.9,661,1532,0.4314621409921671,0.7655986364431977
spatial_shift_js_0.1,spatial_shift,0.1,0.1,6.95,661,1532,0.4314621409921671,0.7655986364431977
spatial_shift_js_0.1,spatial_shift,0.1,0.1,7.0,661,1532,0.4314621409921671,0.7655986364431977
spatial_shift_js_0.1,spatial_shift,0.1,0.1,7.050000000000001,661,1532,0.4314621409921671,0.7655986364431977
spatial_shift_js_0.1,spatial_shift,0.1,0.1,7.1000000000000005,661,1532,0.4314621409921671,0.7655986364431977
spatial_shift_js_0.1,spatial_shift,0.1,0.1,7.15,661,1532,0.4314621409921671,0.7655986364431977
spatial_shift_js_0.1,spatial_shift,0.1,0.1,7.2,661,1532,0.4314621409921671,0.7655986364431977
spatial_shift_js_0.1,spatial_shift,0.1,0.1,7.25,661,1532,0.4314621409921671,0.7655986364431977
spatial_shift_js_0.1,spatial_shift,0.1,0.1,7.300000000000001,661,1532,0.4314621409921671,0.7655986364431977
spatial_shift_js_0.1,spatial_shift,0.1,0.1,7.3500000000000005,661,1532,0.4314621409921671,0.7655986364431977
spatial_shift_js_0.1,spatial_shift,0.1,0.1,7.4,661,1532,0.4314621409921671,0.7655986364431977
spatial_shift_js_0.1,spatial_shift,0.1,0.1,7.45,661,1532,0.4314621409921671,0.7655986364431977
spatial_shift_js_0.1,spatial_shift,0.1,0.1,7.5,661,1532,0.4314621409921671,0.7655986364431977
spatial_shift_js_0.1,spatial_shift,0.1,0.1,7.550000000000001,661,1532,0.4314621409921671,0.7655986364431977
spatial_shift_js_0.1,spatial_shift,0.1,0.1,7.6000000000000005,661,1532,0.4314621409921671,0.7655986364431977
spatial_shift_js_0.1,spatial_shift,0.1,0.1,7.65,661,1532,0.4314621409921671,0.7655986364431977
spatial_shift_js_0.1,spatial_shift,0.1,0.1,7.7,661,1532,0.4314621409921671,0.7655986364431977
spatial_shift_js_0.1,spatial_shift,0.1,0.1,7.75,661,1532,0.4314621409921671,0.7655986364431977
spatial_shift_js_0.1,spatial_shift,0.1,0.1,7.800000000000001,661,1532,0.4314621409921671,0.7655986364431977
spatial_shift_js_0.1,spatial_shift,0.1,0.1,7.8500000000000005,661,1532,0.4314621409921671,0.7655986364431977
spatial_shift_js_0.1,spatial_shift,0.1,0.1,7.9,661,1532,0.4314621409921671,0.7655986364431977
spatial_shift_js_0.1,spatial_shift,0.1,0.1,7.95,661,1532,0.4314621409921671,0.7655986364431977
spatial_shift_js_0.1,spatial_shift,0.1,0.1,8.0,661,1532,0.4314621409921671,0.7655986364431977
spatial_shift_js_0.1,spatial_shift,0.1,0.1,8.05,661,1532,0.4314621409921671,0.7655986364431977
spatial_shift_js_0.1,spatial_shift,0.1,0.1,8.1,661,1532,0.4314621409921671,0.7655986364431977
spatial_shift_js_0.1,spatial_shift,0.1,0.1,8.15,661,1532,0.4314621409921671,0.7655986364431977
spatial_shift_js_0.1,spatial_shift,0.1,0.1,8.200000000000001,661,1532,0.4314621409921671,0.7655986364431977
spatial_shift_js_0.1,spatial_shift,0.1,0.1,8.25,661,1532,0.4314621409921671,0.7655986364431977
spatial_shift_js_0.1,spatial_shift,0.1,0.1,8.3,661,1532,0.4314621409921671,0.7655986364431977
spatial_shift_js_0.1,spatial_shift,0.1,0.1,8.35,661,1532,0.4314621409921671,0.7655986364431977
spatial_shift_js_0.1,spatial_shift,0.1,0.1,8.4,661,1532,0.4314621409921671,0.7655986364431977
spatial_shift_js_0.1,spatial_shift,0.1,0.1,8.450000000000001,661,1532,0.4314621409921671,0.7655986364431977
spatial_shift_js_0.1,spatial_shift,0.1,0.1,8.5,661,1532,0.4314621409921671,0.7655986364431977
spatial_shift_js_0.1,spatial_shift,0.1,0.1,8.55,661,1532,0.4314621409921671,0.7655986364431977
spatial_shift_js_0.1,spatial_shift,0.1,0.1,8.6,661,1532,0.4314621409921671,0.7655986364431977
spatial_shift_js_0.1,spatial_shift,0.1,0.1,8.65,661,1532,0.4314621409921671,0.7655986364431977
spatial_shift_js_0.1,spatial_shift,0.1,0.1,8.700000000000001,661,1532,0.4314621409921671,0.7655986364431977
spatial_shift_js_0.1,spatial_shift,0.1,0.1,8.75,661,1532,0.4314621409921671,0.7655986364431977
spatial_shift_js_0.1,spatial_shift,0.1,0.1,8.8,661,1532,0.4314621409921671,0.7655986364431977
spatial_shift_js_0.1,spatial_shift,0.1,0.1,8.85,661,1532,0.4314621409921671,0.7655986364431977
spatial_shift_js_0.1,spatial_shift,0.1,0.1,8.9,661,1532,0.4314621409921671,0.7655986364431977
spatial_shift_js_0.1,spatial_shift,0.1,0.1,8.950000000000001,661,1532,0.4314621409921671,0.7655986364431977
spatial_shift_js_0.1,spatial_shift,0.1,0.1,9.0,661,1532,0.4314621409921671,0.7655986364431977
spatial_shift_js_0.1,spatial_shift,0.1,0.1,9.05,661,1532,0.4314621409921671,0.7655986364431977
spatial_shift_js_0.1,spatial_shift,0.1,0.1,9.1,661,1532,0.4314621409921671,0.7655986364431977
spatial_shift_js_0.1,spatial_shift,0.1,0.1,9.15,661,1532,0.4314621409921671,0.7655986364431977
spatial_shift_js_0.1,spatial_shift,0.1,0.1,9.200000000000001,661,1532,0.4314621409921671,0.7655986364431977
spatial_shift_js_0.1,spatial_shift,0.1,0.1,9.25,661,1532,0.4314621409921671,0.7655986364431977
spatial_shift_js_0.1,spatial_shift,0.1,0.1,9.3,661,1532,0.4314621409921671,0.7655986364431977
spatial_shift_js_0.1,spatial_shift,0.1,0.1,9.35,661,1532,0.4314621409921671,0.7655986364431977
spatial_shift_js_0.1,spatial_shift,0.1,0.1,9.4,661,1532,0.4314621409921671,0.7655986364431977
spatial_shift_js_0.1,spatial_shift,0.1,0.1,9.450000000000001,661,1532,0.4314621409921671,0.7655986364431977
spatial_shift_js_0.1,spatial_shift,0.1,0.1,9.5,661,1532,0.4314621409921671,0.7655986364431977
spatial_shift_js_0.1,spatial_shift,0.1,0.1,9.55,661,1532,0.4314621409921671,0.7655986364431977
spatial_shift_js_0.1,spatial_shift,0.1,0.1,9.600000000000001,661,1532,0.4314621409921671,0.7655986364431977
spatial_shift_js_0.1,spatial_shift,0.1,0.1,9.65,661,1532,0.4314621409921671,0.7655986364431977
spatial_shift_js_0.1,spatial_shift,0.1,0.1,9.700000000000001,661,1532,0.4314621409921671,0.7655986364431977
spatial_shift_js_0.1,spatial_shift,0.1,0.1,9.75,661,1532,0.4314621409921671,0.7655986364431977
spatial_shift_js_0.1,spatial_shift,0.1,0.1,9.8,661,1532,0.4314621409921671,0.7655986364431977
spatial_shift_js_0.1,spatial_shift,0.1,0.1,9.850000000000001,661,1532,0.4314621409921671,0.7655986364431977
spatial_shift_js_0.1,spatial_shift,0.1,0.1,9.9,661,1532,0.4314621409921671,0.7655986364431977
spatial_shift_js_0.1,spatial_shift,0.1,0.1,9.950000000000001,661,1532,0.4314621409921671,0.7655986364431977
spatial_shift_js_0.1,spatial_shift,0.1,0.1,10.0,661,1532,0.4314621409921671,0.7655986364431977
spatial_shift_js_0.1,spatial_shift,0.1,0.1,10.05,661,1532,0.4314621409921671,0.7655986364431977
spatial_shift_js_0.1,spatial_shift,0.1,0.1,10.100000000000001,661,1532,0.4314621409921671,0.7655986364431977
spatial_shift_js_0.1,spatial_shift,0.1,0.1,10.15,661,1532,0.4314621409921671,0.7655986364431977
spatial_shift_js_0.1,spatial_shift,0.1,0.1,10.200000000000001,661,1532,0.4314621409921671,0.7655986364431977
spatial_shift_js_0.1,spatial_shift,0.1,0.1,10.25,661,1532,0.4314621409921671,0.7655986364431977
spatial_shift_js_0.1,spatial_shift,0.1,0.1,10.3,661,1532,0.4314621409921671,0.7655986364431977
spatial_shift_js_0.1,spatial_shift,0.1,0.1,10.350000000000001,661,1532,0.4314621409921671,0.7655986364431977
spatial_shift_js_0.1,spatial_shift,0.1,0.1,10.4,661,1532,0.4314621409921671,0.7655986364431977
spatial_shift_js_0.1,spatial_shift,0.1,0.1,10.450000000000001,661,1532,0.4314621409921671,0.7655986364431977
spatial_shift_js_0.1,spatial_shift,0.1,0.1,10.5,661,1532,0.4314621409921671,0.7655986364431977
spatial_shift_js_0.1,spatial_shift,0.1,0.1,10.55,661,1532,0.4314621409921671,0.7655986364431977
spatial_shift_js_0.1,spatial_shift,0.1,0.1,10.600000000000001,661,1532,0.4314621409921671,0.7655986364431977
spatial_shift_js_0.1,spatial_shift,0.1,0.1,10.65,661,1532,0.4314621409921671,0.7655986364431977
spatial_shift_js_0.1,spatial_shift,0.1,0.1,10.700000000000001,661,1532,0.4314621409921671,0.7655986364431977
spatial_shift_js_0.1,spatial_shift,0.1,0.1,10.75,661,1532,0.4314621409921671,0.7655986364431977
spatial_shift_js_0.1,spatial_shift,0.1,0.1,10.8,661,1532,0.4314621409921671,0.7655986364431977
spatial_shift_js_0.1,spatial_shift,0.1,0.1,10.850000000000001,661,1532,0.4314621409921671,0.7655986364431977
spatial_shift_js_0.1,spatial_shift,0.1,0.1,10.9,661,1532,0.4314621409921671,0.7655986364431977
spatial_shift_js_0.1,spatial_shift,0.1,0.1,10.950000000000001,661,1532,0.4314621409921671,0.7655986364431977
spatial_shift_js_0.1,spatial_shift,0.1,0.1,11.0,661,1532,0.4314621409921671,0.7655986364431977
spatial_shift_js_0.1,spatial_shift,0.1,0.1,11.05,661,1532,0.4314621409921671,0.7655986364431977
spatial_shift_js_0.1,spatial_shift,0.1,0.1,11.100000000000001,661,1532,0.4314621409921671,0.7655986364431977
spatial_shift_js_0.1,spatial_shift,0.1,0.1,11.15,661,1532,0.4314621409921671,0.7655986364431977
spatial_shift_js_0.1,spatial_shift,0.1,0.1,11.200000000000001,661,1532,0.4314621409921671,0.7655986364431977
spatial_shift_js_0.1,spatial_shift,0.1,0.1,11.25,661,1532,0.4314621409921671,0.7655986364431977
spatial_shift_js_0.1,spatial_shift,0.1,0.1,11.3,661,1532,0.4314621409921671,0.7655986364431977
spatial_shift_js_0.1,spatial_shift,0.1,0.1,11.350000000000001,661,1532,0.4314621409921671,0.7655986364431977
spatial_shift_js_0.1,spatial_shift,0.1,0.1,11.4,661,1532,0.4314621409921671,0.7655986364431977
spatial_shift_js_0.1,spatial_shift,0.1,0.1,11.450000000000001,661,1532,0.4314621409921671,0.7655986364431977
spatial_shift_js_0.1,spatial_shift,0.1,0.1,11.5,661,1532,0.4314621409921671,0.7655986364431977
spatial_shift_js_0.1,spatial_shift,0.1,0.1,11.55,661,1532,0.4314621409921671,0.7655986364431977
spatial_shift_js_0.1,spatial_shift,0.1,0.1,11.600000000000001,661,1532,0.4314621409921671,0.7655986364431977
spatial_shift_js_0.1,spatial_shift,0.1,0.1,11.65,661,1532,0.4314621409921671,0.7655986364431977
spatial_shift_js_0.1,spatial_shift,0.1,0.1,11.700000000000001,661,1532,0.4314621409921671,0.7655986364431977
spatial_shift_js_0.1,spatial_shift,0.1,0.1,11.75,661,1532,0.4314621409921671,0.7655986364431977
spatial_shift_js_0.1,spatial_shift,0.1,0.1,11.8,661,1532,0.4314621409921671,0.7655986364431977
spatial_shift_js_0.1,spatial_shift,0.1,0.1,11.850000000000001,661,1532,0.4314621409921671,0.7655986364431977
spatial_shift_js_0.1,spatial_shift,0.1,0.1,11.9,661,1532,0.4314621409921671,0.7655986364431977
spatial_shift_js_0.1,spatial_shift,0.1,0.1,11.950000000000001,661,1532,0.4314621409921671,0.7655986364431977
spatial_shift_js_0.1,spatial_shift,0.1,0.1,12.0,661,1532,0.4314621409921671,0.7655986364431977
spatial_shift_js_0.1,spatial_shift,0.1,0.1,12.05,661,1532,0.4314621409921671,0.7655986364431977
spatial_shift_js_0.1,spatial_shift,0.1,0.1,12.100000000000001,661,1532,0.4314621409921671,0.7655986364431977
spatial_shift_js_0.1,spatial_shift,0.1,0.1,12.15,661,1532,0.4314621409921671,0.7655986364431977
spatial_shift_js_0.1,spatial_shift,0.1,0.1,12.200000000000001,661,1532,0.4314621409921671,0.7655986364431977
spatial_shift_js_0.1,spatial_shift,0.1,0.1,12.25,661,1532,0.4314621409921671,0.7655986364431977
spatial_shift_js_0.1,spatial_shift,0.1,0.1,12.3,661,1532,0.4314621409921671,0.7655986364431977
spatial_shift_js_0.1,spatial_shift,0.1,0.1,12.350000000000001,661,1532,0.4314621409921671,0.7655986364431977
spatial_shift_js_0.1,spatial_shift,0.1,0.1,12.4,661,1532,0.4314621409921671,0.7655986364431977
spatial_shift_js_0.1,spatial_shift,0.1,0.1,12.450000000000001,661,1532,0.4314621409921671,0.7655986364431977
spatial_shift_js_0.1,spatial_shift,0.1,0.1,12.5,661,1532,0.4314621409921671,0.7655986364431977
spatial_shift_js_0.1,spatial_shift,0.1,0.1,12.55,661,1532,0.4314621409921671,0.7655986364431977
spatial_shift_js_0.1,spatial_shift,0.1,0.1,12.600000000000001,661,1532,0.4314621409921671,0.7655986364431977
spatial_shift_js_0.1,spatial_shift,0.1,0.1,12.65,661,1532,0.4314621409921671,0.7655986364431977
spatial_shift_js_0.1,spatial_shift,0.1,0.1,12.700000000000001,661,1532,0.4314621409921671,0.7655986364431977
spatial_shift_js_0.1,spatial_shift,0.1,0.1,12.75,661,1532,0.4314621409921671,0.7655986364431977
spatial_shift_js_0.1,spatial_shift,0.1,0.1,12.8,661,1532,0.4314621409921671,0.7655986364431977
spatial_shift_js_0.1,spatial_shift,0.1,0.1,12.850000000000001,661,1532,0.4314621409921671,0.7655986364431977
spatial_shift_js_0.1,spatial_shift,0.1,0.1,12.9,661,1532,0.4314621409921671,0.7655986364431977
spatial_shift_js_0.1,spatial_shift,0.1,0.1,12.950000000000001,661,1532,0.4314621409921671,0.7655986364431977
spatial_shift_js_0.1,spatial_shift,0.1,0.1,13.0,661,1532,0.4314621409921671,0.7655986364431977
spatial_shift_js_0.1,spatial_shift,0.1,0.1,13.05,661,1532,0.4314621409921671,0.7655986364431977
spatial_shift_js_0.1,spatial_shift,0.1,0.1,13.100000000000001,661,1532,0.4314621409921671,0.7655986364431977
spatial_shift_js_0.1,spatial_shift,0.1,0.1,13.15,661,1532,0.4314621409921671,0.7655986364431977
spatial_shift_js_0.1,spatial_shift,0.1,0.1,13.200000000000001,661,1532,0.4314621409921671,0.7655986364431977
spatial_shift_js_0.1,spatial_shift,0.1,0.1,13.25,661,1532,0.4314621409921671,0.7655986364431977
spatial_shift_js_0.1,spatial_shift,0.1,0.1,13.3,661,1532,0.4314621409921671,0.7655986364431977
spatial_shift_js_0.1,spatial_shift,0.1,0.1,13.350000000000001,661,1532,0.4314621409921671,0.7655986364431977
spatial_shift_js_0.1,spatial_shift,0.1,0.1,13.4,661,1532,0.4314621409921671,0.7655986364431977
spatial_shift_js_0.1,spatial_shift,0.1,0.1,13.450000000000001,661,1532,0.4314621409921671,0.7655986364431977
spatial_shift_js_0.1,spatial_shift,0.1,0.1,13.5,661,1532,0.4314621409921671,0.7655986364431977
spatial_shift_js_0.1,spatial_shift,0.1,0.1,13.55,661,1532,0.4314621409921671,0.7655986364431977
spatial_shift_js_0.1,spatial_shift,0.1,0.1,13.600000000000001,661,1532,0.4314621409921671,0.7655986364431977
spatial_shift_js_0.1,spatial_shift,0.1,0.1,13.65,661,1532,0.4314621409921671,0.7655986364431977
spatial_shift_js_0.1,spatial_shift,0.1,0.1,13.700000000000001,661,1532,0.4314621409921671,0.7655986364431977
spatial_shift_js_0.1,spatial_shift,0.1,0.1,13.75,661,1532,0.4314621409921671,0.7655986364431977
spatial_shift_js_0.1,spatial_shift,0.1,0.1,13.8,661,1532,0.4314621409921671,0.7655986364431977
spatial_shift_js_0.1,spatial_shift,0.1,0.1,13.850000000000001,661,1532,0.4314621409921671,0.7655986364431977
spatial_shift_js_0.1,spatial_shift,0.1,0.1,13.9,661,1532,0.4314621409921671,0.7655986364431977
spatial_shift_js_0.1,spatial_shift,0.1,0.1,13.950000000000001,661,1532,0.4314621409921671,0.7655986364431977
spatial_shift_js_0.1,spatial_shift,0.1,0.1,14.0,661,1532,0.4314621409921671,0.7655986364431977
spatial_shift_js_0.1,spatial_shift,0.1,0.1,14.05,661,1532,0.4314621409921671,0.7655986364431977
spatial_shift_js_0.1,spatial_shift,0.1,0.1,14.100000000000001,661,1532,0.4314621409921671,0.7655986364431977
spatial_shift_js_0.1,spatial_shift,0.1,0.1,14.15,661,1532,0.4314621409921671,0.7655986364431977
spatial_shift_js_0.1,spatial_shift,0.1,0.1,14.200000000000001,661,1532,0.4314621409921671,0.7655986364431977
spatial_shift_js_0.1,spatial_shift,0.1,0.1,14.25,661,1532,0.4314621409921671,0.7655986364431977
spatial_shift_js_0.1,spatial_shift,0.1,0.1,14.3,661,1532,0.4314621409921671,0.7655986364431977
spatial_shift_js_0.1,spatial_shift,0.1,0.1,14.350000000000001,661,1532,0.4314621409921671,0.7655986364431977
spatial_shift_js_0.1,spatial_shift,0.1,0.1,14.4,661,1532,0.4314621409921671,0.7655986364431977
spatial_shift_js_0.1,spatial_shift,0.1,0.1,14.450000000000001,661,1532,0.4314621409921671,0.7655986364431977
spatial_shift_js_0.1,spatial_shift,0.1,0.1,14.5,661,1532,0.4314621409921671,0.7655986364431977
spatial_shift_js_0.1,spatial_shift,0.1,0.1,14.55,661,1532,0.4314621409921671,0.7655986364431977
spatial_shift_js_0.1,spatial_shift,0.1,0.1,14.600000000000001,661,1532,0.4314621409921671,0.7655986364431977
spatial_shift_js_0.1,spatial_shift,0.1,0.1,14.65,661,1532,0.4314621409921671,0.7655986364431977
spatial_shift_js_0.1,spatial_shift,0.1,0.1,14.700000000000001,661,1532,0.4314621409921671,0.7655986364431977
spatial_shift_js_0.1,spatial_shift,0.1,0.1,14.75,661,1532,0.4314621409921671,0.7655986364431977
spatial_shift_js_0.1,spatial_shift,0.1,0.1,14.8,661,1532,0.4314621409921671,0.7655986364431977
spatial_shift_js_0.1,spatial_shift,0.1,0.1,14.850000000000001,661,1532,0.4314621409921671,0.7655986364431977
spatial_shift_js_0.1,spatial_shift,0.1,0.1,14.9,661,1532,0.4314621409921671,0.7655986364431977
spatial_shift_js_0.1,spatial_shift,0.1,0.1,14.950000000000001,661,1532,0.4314621409921671,0.7655986364431977
spatial_shift_js_0.1,spatial_shift,0.1,0.1,15.0,661,1532,0.4314621409921671,0.7655986364431977
spatial_shift_js_0.15,spatial_shift,0.15,0.1,0.0,76,1532,0.04960835509138381,0.011122795102453328
spatial_shift_js_0.15,spatial_shift,0.15,0.1,0.05,77,1532,0.05026109660574413,0.011269173933804206
spatial_shift_js_0.15,spatial_shift,0.15,0.1,0.1,81,1532,0.05287206266318538,0.011854599566472253
spatial_shift_js_0.15,spatial_shift,0.15,0.1,0.15000000000000002,88,1532,0.057441253263707574,0.012879126845692918
spatial_shift_js_0.15,spatial_shift,0.15,0.1,0.2,94,1532,0.06135770234986945,0.013757433973542774
spatial_shift_js_0.15,spatial_shift,0.15,0.1,0.25,105,1532,0.0685378590078329,0.015367464801702223
spatial_shift_js_0.15,spatial_shift,0.15,0.1,0.30000000000000004,112,1532,0.0731070496083551,0.016392417501619426
spatial_shift_js_0.15,spatial_shift,0.15,0.1,0.35000000000000003,125,1532,0.08159268929503917,0.01829629751226953
spatial_shift_js_0.15,spatial_shift,0.15,0.1,0.4,139,1532,0.09073107049608355,0.020349508503719235
spatial_shift_js_0.15,spatial_shift,0.15,0.1,0.45,151,1532,0.09856396866840732,0.022112904069711715
spatial_shift_js_0.15,spatial_shift,0.15,0.1,0.5,170,1532,0.11096605744125326,0.024922987545912094
spatial_shift_js_0.15,spatial_shift,0.15,0.1,0.55,189,1532,0.12336814621409922,0.027785262218077644
spatial_shift_js_0.15,spatial_shift,0.15,0.1,0.6000000000000001,205,1532,0.13381201044386423,0.03028915517776354
spatial_shift_js_0.15,spatial_shift,0.15,0.1,0.65,215,1532,0.14033942558746737,0.0318828820453064
spatial_shift_js_0.15,spatial_shift,0.15,0.1,0.7000000000000001,221,1532,0.14425587467362924,0.03288685696876914
spatial_shift_js_0.15,spatial_shift,0.15,0.1,0.75,222,1532,0.14490861618798956,0.03307897435488821
spatial_shift_js_0.15,spatial_shift,0.15,0.1,0.8,226,1532,0.1475195822454308,0.033782161871415556
spatial_shift_js_0.15,spatial_shift,0.15,0.1,0.8500000000000001,227,1532,0.1481723237597911,0.03404387882858252
spatial_shift_js_0.15,spatial_shift,0.15,0.1,0.9,227,1532,0.1481723237597911,0.03404387882858252
spatial_shift_js_0.15,spatial_shift,0.15,0.1,0.9500000000000001,228,1532,0.14882506527415143,0.03507217934115121
spatial_shift_js_0.15,spatial_shift,0.15,0.1,1.0,228,1532,0.14882506527415143,0.03507217934115121
spatial_shift_js_0.15,spatial_shift,0.15,0.1,1.05,232,1532,0.1514360313315927,0.04333113876513837
spatial_shift_js_0.15,spatial_shift,0.15,0.1,1.1,241,1532,0.15731070496083552,0.06658941252982685
spatial_shift_js_0.15,spatial_shift,0.15,0.1,1.1500000000000001,253,1532,0.16514360313315926,0.09701282300592909
spatial_shift_js_0.15,spatial_shift,0.15,0.1,1.2000000000000002,261,1532,0.17036553524804177,0.11886446623106926
spatial_shift_js_0.15,spatial_shift,0.15,0.1,1.25,267,1532,0.17428198433420367,0.1355022598574571
spatial_shift_js_0.15,spatial_shift,0.15,0.1,1.3,280,1532,0.18276762402088773,0.1666804932165717
spatial_shift_js_0.15,spatial_shift,0.15,0.1,1.35,295,1532,0.19255874673629242,0.19310269752217396
spatial_shift_js_0.15,spatial_shift,0.15,0.1,1.4000000000000001,313,1532,0.20430809399477806,0.21334415021398753
spatial_shift_js_0.15,spatial_shift,0.15,0.1,1.4500000000000002,326,1532,0.21279373368146215,0.2295338235400764
spatial_shift_js_0.15,spatial_shift,0.15,0.1,1.5,339,1532,0.2212793733681462,0.2435798449440771
spatial_shift_js_0.15,spatial_shift,0.15,0.1,1.55,351,1532,0.22911227154046998,0.251871953087137
spatial_shift_js_0.15,spatial_shift,0.15,0.1,1.6,363,1532,0.23694516971279372,0.2577228431452714
spatial_shift_js_0.15,spatial_shift,0.15,0.1,1.6500000000000001,372,1532,0.24281984334203655,0.2610078373610274
spatial_shift_js_0.15,spatial_shift,0.15,0.1,1.7000000000000002,386,1532,0.2519582245430809,0.2647240052947392
spatial_shift_js_0.15,spatial_shift,0.15,0.1,1.75,394,1532,0.25718015665796345,0.2665102375802874
spatial_shift_js_0.15,spatial_shift,0.15,0.1,1.8,403,1532,0.2630548302872063,0.2682502322174174
spatial_shift_js_0.15,spatial_shift,0.15,0.1,1.85,415,1532,0.27088772845953,0.27039210648486656
spatial_shift_js_0.15,spatial_shift,0.15,0.1,1.9000000000000001,425,1532,0.2774151436031332,0.27207438536657813
spatial_shift_js_0.15,spatial_shift,0.15,0.1,1.9500000000000002,436,1532,0.2845953002610966,0.27383062801043334
spatial_shift_js_0.15,spatial_shift,0.15,0.1,2.0,448,1532,0.2924281984334204,0.27569024197470965
spatial_shift_js_0.15,spatial_shift,0.15,0.1,2.0500000000000003,461,1532,0.3009138381201044,0.2776523182983465
spatial_shift_js_0.15,spatial_shift,0.15,0.1,2.1,470,1532,0.30678851174934724,0.2790365854649823
spatial_shift_js_0.15,spatial_shift,0.15,0.1,2.15,482,1532,0.31462140992167104,0.28083107039747573
spatial_shift_js_0.15,spatial_shift,0.15,0.1,2.2,492,1532,0.32114882506527415,0.2823323727866753
spatial_shift_js_0.15,spatial_shift,0.15,0.1,2.25,498,1532,0.32506527415143605,0.28324128080560695
spatial_shift_js_0.15,spatial_shift,0.15,0.1,2.3000000000000003,508,1532,0.33159268929503916,0.2847682564731604
spatial_shift_js_0.15,spatial_shift,0.15,0.1,2.35,514,1532,0.33550913838120106,0.2857776619733827
spatial_shift_js_0.15,spatial_shift,0.15,0.1,2.4000000000000004,520,1532,0.3394255874673629,0.286715905640309
spatial_shift_js_0.15,spatial_shift,0.15,0.1,2.45,530,1532,0.34595300261096606,0.2885423708675504
spatial_shift_js_0.15,spatial_shift,0.15,0.1,2.5,536,1532,0.34986945169712796,0.2894444495187659
spatial_shift_js_0.15,spatial_shift,0.15,0.1,2.5500000000000003,540,1532,0.3524804177545692,0.29003571910776316
spatial_shift_js_0.15,spatial_shift,0.15,0.1,2.6,542,1532,0.3537859007832898,0.2903337990461128
spatial_shift_js_0.15,spatial_shift,0.15,0.1,2.6500000000000004,544,1532,0.35509138381201044,0.2906303801160069
spatial_shift_js_0.15,spatial_shift,0.15,0.1,2.7,545,1532,0.35574412532637073,0.2907774855431339
spatial_shift_js_0.15,spatial_shift,0.15,0.1,2.75,545,1532,0.35574412532637073,0.2907774855431339
spatial_shift_js_0.15,spatial_shift,0.15,0.1,2.8000000000000003,545,1532,0.35574412532637073,0.2907774855431339
spatial_shift_js_0.15,spatial_shift,0.15,0.1,2.85,545,1532,0.35574412532637073,0.2907774855431339
spatial_shift_js_0.15,spatial_shift,0.15,0.1,2.9000000000000004,545,1532,0.35574412532637073,0.2907774855431339
spatial_shift_js_0.15,spatial_shift,0.15,0.1,2.95,546,1532,0.3563968668407311,0.29229844181438025
spatial_shift_js_0.15,spatial_shift,0.15,0.1,3.0,549,1532,0.358355091383812,0.2972856597458096
spatial_shift_js_0.15,spatial_shift,0.15,0.1,3.0500000000000003,554,1532,0.36161879895561355,0.30723709412859346
spatial_shift_js_0.15,spatial_shift,0.15,0.1,3.1,563,1532,0.3674934725848564,0.3301075945610019
spatial_shift_js_0.15,spatial_shift,0.15,0.1,3.1500000000000004,575,1532,0.37532637075718017,0.36789510082423726
spatial_shift_js_0.15,spatial_shift,0.15,0.1,3.2,592,1532,0.38642297650130547,0.4263090820227574
spatial_shift_js_0.15,spatial_shift,0.15,0.1,3.25,607,1532,0.3962140992167102,0.4786421733871504
spatial_shift_js_0.15,spatial_shift,0.15,0.1,3.3000000000000003,625,1532,0.40796344647519583,0.5365686620523883
spatial_shift_js_0.15,spatial_shift,0.15,0.1,3.35,640,1532,0.4177545691906005,0.5786995336391041
spatial_shift_js_0.15,spatial_shift,0.15,0.1,3.4000000000000004,654,1532,0.42689295039164493,0.611032572464077
spatial_shift_js_0.15,spatial_shift,0.15,0.1,3.45,667,1532,0.43537859007832896,0.6373674796352928
spatial_shift_js_0.15,spatial_shift,0.15,0.1,3.5,676,1532,0.4412532637075718,0.651575070564626
spatial_shift_js_0.15,spatial_shift,0.15,0.1,3.5500000000000003,682,1532,0.4451697127937337,0.6594850166426034
spatial_shift_js_0.15,spatial_shift,0.15,0.1,3.6,686,1532,0.44778067885117495,0.6628904315177508
spatial_shift_js_0.15,spatial_shift,0.15,0.1,3.6500000000000004,689,1532,0.4497389033942559,0.6653842727172281
spatial_shift_js_0.15,spatial_shift,0.15,0.1,3.7,692,1532,0.4516971279373368,0.6674636734431237
spatial_shift_js_0.15,spatial_shift,0.15,0.1,3.75,693,1532,0.45234986945169714,0.6679471973600775
spatial_shift_js_0.15,spatial_shift,0.15,0.1,3.8000000000000003,695,1532,0.4536553524804178,0.6688664350301698
spatial_shift_js_0.15,spatial_shift,0.15,0.1,3.85,696,1532,0.45430809399477806,0.6692545000724496
spatial_shift_js_0.15,spatial_shift,0.15,0.1,3.9000000000000004,697,1532,0.4549608355091384,0.6695205634051139
spatial_shift_js_0.15,spatial_shift,0.15,0.1,3.95,697,1532,0.4549608355091384,0.6695205634051139
spatial_shift_js_0.15,spatial_shift,0.15,0.1,4.0,701,1532,0.4575718015665796,0.6712647688423586
spatial_shift_js_0.15,spatial_shift,0.15,0.1,4.05,701,1532,0.4575718015665796,0.6712647688423586
spatial_shift_js_0.15,spatial_shift,0.15,0.1,4.1000000000000005,701,1532,0.4575718015665796,0.6712647688423586
spatial_shift_js_0.15,spatial_shift,0.15,0.1,4.15,702,1532,0.45822454308093996,0.6715222972268308
spatial_shift_js_0.15,spatial_shift,0.15,0.1,4.2,703,1532,0.45887728459530025,0.6718931291681629
spatial_shift_js_0.15,spatial_shift,0.15,0.1,4.25,704,1532,0.4595300261096606,0.672188933701737
spatial_shift_js_0.15,spatial_shift,0.15,0.1,4.3,705,1532,0.4601827676240209,0.6727562243794447
spatial_shift_js_0.15,spatial_shift,0.15,0.1,4.3500000000000005,705,1532,0.4601827676240209,0.6727562243794447
spatial_shift_js_0.15,spatial_shift,0.15,0.1,4.4,706,1532,0.4608355091383812,0.6731933844091411
spatial_shift_js_0.15,spatial_shift,0.15,0.1,4.45,707,1532,0.4614882506527415,0.6735333484714134
spatial_shift_js_0.15,spatial_shift,0.15,0.1,4.5,707,1532,0.4614882506527415,0.6735333484714134
spatial_shift_js_0.15,spatial_shift,0.15,0.1,4.55,707,1532,0.4614882506527415,0.6735333484714134
spatial_shift_js_0.15,spatial_shift,0.15,0.1,4.6000000000000005,708,1532,0.4621409921671018,0.6739214135136931
spatial_shift_js_0.15,spatial_shift,0.15,0.1,4.65,709,1532,0.46279373368146215,0.6744308217341286
spatial_shift_js_0.15,spatial_shift,0.15,0.1,4.7,709,1532,0.46279373368146215,0.6744308217341286
spatial_shift_js_0.15,spatial_shift,0.15,0.1,4.75,710,1532,0.46344647519582244,0.6751026900526896
spatial_shift_js_0.15,spatial_shift,0.15,0.1,4.800000000000001,711,1532,0.4640992167101828,0.6755398500823862
spatial_shift_js_0.15,spatial_shift,0.15,0.1,4.8500000000000005,712,1532,0.46475195822454307,0.6761229995034099
spatial_shift_js_0.15,spatial_shift,0.15,0.1,4.9,713,1532,0.4654046997389034,0.6766065234203635
spatial_shift_js_0.15,spatial_shift,0.15,0.1,4.95,713,1532,0.4654046997389034,0.6766065234203635
spatial_shift_js_0.15,spatial_shift,0.15,0.1,5.0,717,1532,0.4680156657963446,0.6794404132615197
spatial_shift_js_0.15,spatial_shift,0.15,0.1,5.050000000000001,717,1532,0.4680156657963446,0.6794404132615197
spatial_shift_js_0.15,spatial_shift,0.15,0.1,5.1000000000000005,718,1532,0.46866840731070497,0.679992420975464
spatial_shift_js_0.15,spatial_shift,0.15,0.1,5.15,720,1532,0.4699738903394256,0.6812719232067888
spatial_shift_js_0.15,spatial_shift,0.15,0.1,5.2,723,1532,0.4719321148825065,0.683474273804233
spatial_shift_js_0.15,spatial_shift,0.15,0.1,5.25,726,1532,0.47389033942558745,0.6857703101852703
spatial_shift_js_0.15,spatial_shift,0.15,0.1,5.300000000000001,731,1532,0.47715404699738906,0.6898842564148971
spatial_shift_js_0.15,spatial_shift,0.15,0.1,5.3500000000000005,734,1532,0.47911227154047,0.692310784065433
spatial_shift_js_0.15,spatial_shift,0.15,0.1,5.4,738,1532,0.48172323759791125,0.6965349440666955
spatial_shift_js_0.15,spatial_shift,0.15,0.1,5.45,742,1532,0.48433420365535246,0.7015028021195734
spatial_shift_js_0.15,spatial_shift,0.15,0.1,5.5,746,1532,0.4869451697127937,0.7067601623963009
spatial_shift_js_0.15,spatial_shift,0.15,0.1,5.550000000000001,750,1532,0.489556135770235,0.7136259805627734
spatial_shift_js_0.15,spatial_shift,0.15,0.1,5.6000000000000005,754,1532,0.49216710182767626,0.7208979572954715
spatial_shift_js_0.15,spatial_shift,0.15,0.1,5.65,758,1532,0.49477806788511747,0.729213308860778
spatial_shift_js_0.15,spatial_shift,0.15,0.1,5.7,761,1532,0.49673629242819844,0.7365827409616026
spatial_shift_js_0.15,spatial_shift,0.15,0.1,5.75,766,1532,0.5,0.7490813294852807
spatial_shift_js_0.15,spatial_shift,0.15,0.1,5.800000000000001,769,1532,0.5019582245430809,0.7575035836663188
spatial_shift_js_0.15,spatial_shift,0.15,0.1,5.8500000000000005,774,1532,0.5052219321148825,0.7732261378554512
spatial_shift_js_0.15,spatial_shift,0.15,0.1,5.9,777,1532,0.5071801566579635,0.7833600604745401
spatial_shift_js_0.15,spatial_shift,0.15,0.1,5.95,781,1532,0.5097911227154047,0.7995297748976947
spatial_shift_js_0.15,spatial_shift,0.15,0.1,6.0,788,1532,0.5143603133159269,0.8208330861676925
spatial_shift_js_0.15,spatial_shift,0.15,0.1,6.050000000000001,788,1532,0.5143603133159269,0.8208330861676925
spatial_shift_js_0.15,spatial_shift,0.15,0.1,6.1000000000000005,788,1532,0.5143603133159269,0.8208330861676925
spatial_shift_js_0.15,spatial_shift,0.15,0.1,6.15,788,1532,0.5143603133159269,0.8208330861676925
spatial_shift_js_0.15,spatial_shift,0.15,0.1,6.2,788,1532,0.5143603133159269,0.8208330861676925
spatial_shift_js_0.15,spatial_shift,0.15,0.1,6.25,788,1532,0.5143603133159269,0.8208330861676925
spatial_shift_js_0.15,spatial_shift,0.15,0.1,6.300000000000001,788,1532,0.5143603133159269,0.8208330861676925
spatial_shift_js_0.15,spatial_shift,0.15,0.1,6.3500000000000005,788,1532,0.5143603133159269,0.8208330861676925
spatial_shift_js_0.15,spatial_shift,0.15,0.1,6.4,788,1532,0.5143603133159269,0.8208330861676925
spatial_shift_js_0.15,spatial_shift,0.15,0.1,6.45,788,1532,0.5143603133159269,0.8208330861676925
spatial_shift_js_0.15,spatial_shift,0.15,0.1,6.5,788,1532,0.5143603133159269,0.8208330861676925
spatial_shift_js_0.15,spatial_shift,0.15,0.1,6.550000000000001,788,1532,0.5143603133159269,0.8208330861676925
spatial_shift_js_0.15,spatial_shift,0.15,0.1,6.6000000000000005,788,1532,0.5143603133159269,0.8208330861676925
spatial_shift_js_0.15,spatial_shift,0.15,0.1,6.65,788,1532,0.5143603133159269,0.8208330861676925
spatial_shift_js_0.15,spatial_shift,0.15,0.1,6.7,788,1532,0.5143603133159269,0.8208330861676925
spatial_shift_js_0.15,spatial_shift,0.15,0.1,6.75,788,1532,0.5143603133159269,0.8208330861676925
spatial_shift_js_0.15,spatial_shift,0.15,0.1,6.800000000000001,788,1532,0.5143603133159269,0.8208330861676925
spatial_shift_js_0.15,spatial_shift,0.15,0.1,6.8500000000000005,788,1532,0.5143603133159269,0.8208330861676925
spatial_shift_js_0.15,spatial_shift,0.15,0.1,6.9,788,1532,0.5143603133159269,0.8208330861676925
spatial_shift_js_0.15,spatial_shift,0.15,0.1,6.95,788,1532,0.5143603133159269,0.8208330861676925
spatial_shift_js_0.15,spatial_shift,0.15,0.1,7.0,788,1532,0.5143603133159269,0.8208330861676925
spatial_shift_js_0.15,spatial_shift,0.15,0.1,7.050000000000001,788,1532,0.5143603133159269,0.8208330861676925
spatial_shift_js_0.15,spatial_shift,0.15,0.1,7.1000000000000005,788,1532,0.5143603133159269,0.8208330861676925
spatial_shift_js_0.15,spatial_shift,0.15,0.1,7.15,788,1532,0.5143603133159269,0.8208330861676925
spatial_shift_js_0.15,spatial_shift,0.15,0.1,7.2,788,1532,0.5143603133159269,0.8208330861676925
spatial_shift_js_0.15,spatial_shift,0.15,0.1,7.25,788,1532,0.5143603133159269,0.8208330861676925
spatial_shift_js_0.15,spatial_shift,0.15,0.1,7.300000000000001,788,1532,0.5143603133159269,0.8208330861676925
spatial_shift_js_0.15,spatial_shift,0.15,0.1,7.3500000000000005,788,1532,0.5143603133159269,0.8208330861676925
spatial_shift_js_0.15,spatial_shift,0.15,0.1,7.4,788,1532,0.5143603133159269,0.8208330861676925
spatial_shift_js_0.15,spatial_shift,0.15,0.1,7.45,788,1532,0.5143603133159269,0.8208330861676925
spatial_shift_js_0.15,spatial_shift,0.15,0.1,7.5,788,1532,0.5143603133159269,0.8208330861676925
spatial_shift_js_0.15,spatial_shift,0.15,0.1,7.550000000000001,788,1532,0.5143603133159269,0.8208330861676925
spatial_shift_js_0.15,spatial_shift,0.15,0.1,7.6000000000000005,788,1532,0.5143603133159269,0.8208330861676925
spatial_shift_js_0.15,spatial_shift,0.15,0.1,7.65,788,1532,0.5143603133159269,0.8208330861676925
spatial_shift_js_0.15,spatial_shift,0.15,0.1,7.7,788,1532,0.5143603133159269,0.8208330861676925
spatial_shift_js_0.15,spatial_shift,0.15,0.1,7.75,788,1532,0.5143603133159269,0.8208330861676925
spatial_shift_js_0.15,spatial_shift,0.15,0.1,7.800000000000001,788,1532,0.5143603133159269,0.8208330861676925
spatial_shift_js_0.15,spatial_shift,0.15,0.1,7.8500000000000005,788,1532,0.5143603133159269,0.8208330861676925
spatial_shift_js_0.15,spatial_shift,0.15,0.1,7.9,788,1532,0.5143603133159269,0.8208330861676925
spatial_shift_js_0.15,spatial_shift,0.15,0.1,7.95,788,1532,0.5143603133159269,0.8208330861676925
spatial_shift_js_0.15,spatial_shift,0.15,0.1,8.0,788,1532,0.5143603133159269,0.8208330861676925
spatial_shift_js_0.15,spatial_shift,0.15,0.1,8.05,788,1532,0.5143603133159269,0.8208330861676925
spatial_shift_js_0.15,spatial_shift,0.15,0.1,8.1,788,1532,0.5143603133159269,0.8208330861676925
spatial_shift_js_0.15,spatial_shift,0.15,0.1,8.15,788,1532,0.5143603133159269,0.8208330861676925
spatial_shift_js_0.15,spatial_shift,0.15,0.1,8.200000000000001,788,1532,0.5143603133159269,0.8208330861676925
spatial_shift_js_0.15,spatial_shift,0.15,0.1,8.25,788,1532,0.5143603133159269,0.8208330861676925
spatial_shift_js_0.15,spatial_shift,0.15,0.1,8.3,788,1532,0.5143603133159269,0.8208330861676925
spatial_shift_js_0.15,spatial_shift,0.15,0.1,8.35,788,1532,0.5143603133159269,0.8208330861676925
spatial_shift_js_0.15,spatial_shift,0.15,0.1,8.4,788,1532,0.5143603133159269,0.8208330861676925
spatial_shift_js_0.15,spatial_shift,0.15,0.1,8.450000000000001,788,1532,0.5143603133159269,0.8208330861676925
spatial_shift_js_0.15,spatial_shift,0.15,0.1,8.5,788,1532,0.5143603133159269,0.8208330861676925
spatial_shift_js_0.15,spatial_shift,0.15,0.1,8.55,788,1532,0.5143603133159269,0.8208330861676925
spatial_shift_js_0.15,spatial_shift,0.15,0.1,8.6,788,1532,0.5143603133159269,0.8208330861676925
spatial_shift_js_0.15,spatial_shift,0.15,0.1,8.65,788,1532,0.5143603133159269,0.8208330861676925
spatial_shift_js_0.15,spatial_shift,0.15,0.1,8.700000000000001,788,1532,0.5143603133159269,0.8208330861676925
spatial_shift_js_0.15,spatial_shift,0.15,0.1,8.75,788,1532,0.5143603133159269,0.8208330861676925
spatial_shift_js_0.15,spatial_shift,0.15,0.1,8.8,788,1532,0.5143603133159269,0.8208330861676925
spatial_shift_js_0.15,spatial_shift,0.15,0.1,8.85,788,1532,0.5143603133159269,0.8208330861676925
spatial_shift_js_0.15,spatial_shift,0.15,0.1,8.9,788,1532,0.5143603133159269,0.8208330861676925
spatial_shift_js_0.15,spatial_shift,0.15,0.1,8.950000000000001,788,1532,0.5143603133159269,0.8208330861676925
spatial_shift_js_0.15,spatial_shift,0.15,0.1,9.0,788,1532,0.5143603133159269,0.8208330861676925
spatial_shift_js_0.15,spatial_shift,0.15,0.1,9.05,788,1532,0.5143603133159269,0.8208330861676925
spatial_shift_js_0.15,spatial_shift,0.15,0.1,9.1,788,1532,0.5143603133159269,0.8208330861676925
spatial_shift_js_0.15,spatial_shift,0.15,0.1,9.15,788,1532,0.5143603133159269,0.8208330861676925
spatial_shift_js_0.15,spatial_shift,0.15,0.1,9.200000000000001,788,1532,0.5143603133159269,0.8208330861676925
spatial_shift_js_0.15,spatial_shift,0.15,0.1,9.25,788,1532,0.5143603133159269,0.8208330861676925
spatial_shift_js_0.15,spatial_shift,0.15,0.1,9.3,788,1532,0.5143603133159269,0.8208330861676925
spatial_shift_js_0.15,spatial_shift,0.15,0.1,9.35,788,1532,0.5143603133159269,0.8208330861676925
spatial_shift_js_0.15,spatial_shift,0.15,0.1,9.4,788,1532,0.5143603133159269,0.8208330861676925
spatial_shift_js_0.15,spatial_shift,0.15,0.1,9.450000000000001,788,1532,0.5143603133159269,0.8208330861676925
spatial_shift_js_0.15,spatial_shift,0.15,0.1,9.5,788,1532,0.5143603133159269,0.8208330861676925
spatial_shift_js_0.15,spatial_shift,0.15,0.1,9.55,788,1532,0.5143603133159269,0.8208330861676925
spatial_shift_js_0.15,spatial_shift,0.15,0.1,9.600000000000001,788,1532,0.5143603133159269,0.8208330861676925
spatial_shift_js_0.15,spatial_shift,0.15,0.1,9.65,788,1532,0.5143603133159269,0.8208330861676925
spatial_shift_js_0.15,spatial_shift,0.15,0.1,9.700000000000001,788,1532,0.5143603133159269,0.8208330861676925
spatial_shift_js_0.15,spatial_shift,0.15,0.1,9.75,788,1532,0.5143603133159269,0.8208330861676925
spatial_shift_js_0.15,spatial_shift,0.15,0.1,9.8,788,1532,0.5143603133159269,0.8208330861676925
spatial_shift_js_0.15,spatial_shift,0.15,0.1,9.850000000000001,788,1532,0.5143603133159269,0.8208330861676925
spatial_shift_js_0.15,spatial_shift,0.15,0.1,9.9,788,1532,0.5143603133159269,0.8208330861676925
spatial_shift_js_0.15,spatial_shift,0.15,0.1,9.950000000000001,788,1532,0.5143603133159269,0.8208330861676925
spatial_shift_js_0.15,spatial_shift,0.15,0.1,10.0,788,1532,0.5143603133159269,0.8208330861676925
spatial_shift_js_0.15,spatial_shift,0.15,0.1,10.05,788,1532,0.5143603133159269,0.8208330861676925
spatial_shift_js_0.15,spatial_shift,0.15,0.1,10.100000000000001,788,1532,0.5143603133159269,0.8208330861676925
spatial_shift_js_0.15,spatial_shift,0.15,0.1,10.15,788,1532,0.5143603133159269,0.8208330861676925
spatial_shift_js_0.15,spatial_shift,0.15,0.1,10.200000000000001,788,1532,0.5143603133159269,0.8208330861676925
spatial_shift_js_0.15,spatial_shift,0.15,0.1,10.25,788,1532,0.5143603133159269,0.8208330861676925
spatial_shift_js_0.15,spatial_shift,0.15,0.1,10.3,788,1532,0.5143603133159269,0.8208330861676925
spatial_shift_js_0.15,spatial_shift,0.15,0.1,10.350000000000001,788,1532,0.5143603133159269,0.8208330861676925
spatial_shift_js_0.15,spatial_shift,0.15,0.1,10.4,788,1532,0.5143603133159269,0.8208330861676925
spatial_shift_js_0.15,spatial_shift,0.15,0.1,10.450000000000001,788,1532,0.5143603133159269,0.8208330861676925
spatial_shift_js_0.15,spatial_shift,0.15,0.1,10.5,788,1532,0.5143603133159269,0.8208330861676925
spatial_shift_js_0.15,spatial_shift,0.15,0.1,10.55,788,1532,0.5143603133159269,0.8208330861676925
spatial_shift_js_0.15,spatial_shift,0.15,0.1,10.600000000000001,788,1532,0.5143603133159269,0.8208330861676925
spatial_shift_js_0.15,spatial_shift,0.15,0.1,10.65,788,1532,0.5143603133159269,0.8208330861676925
spatial_shift_js_0.15,spatial_shift,0.15,0.1,10.700000000000001,788,1532,0.5143603133159269,0.8208330861676925
spatial_shift_js_0.15,spatial_shift,0.15,0.1,10.75,788,1532,0.5143603133159269,0.8208330861676925
spatial_shift_js_0.15,spatial_shift,0.15,0.1,10.8,788,1532,0.5143603133159269,0.8208330861676925
spatial_shift_js_0.15,spatial_shift,0.15,0.1,10.850000000000001,788,1532,0.5143603133159269,0.8208330861676925
spatial_shift_js_0.15,spatial_shift,0.15,0.1,10.9,788,1532,0.5143603133159269,0.8208330861676925
spatial_shift_js_0.15,spatial_shift,0.15,0.1,10.950000000000001,788,1532,0.5143603133159269,0.8208330861676925
spatial_shift_js_0.15,spatial_shift,0.15,0.1,11.0,788,1532,0.5143603133159269,0.8208330861676925
spatial_shift_js_0.15,spatial_shift,0.15,0.1,11.05,788,1532,0.5143603133159269,0.8208330861676925
spatial_shift_js_0.15,spatial_shift,0.15,0.1,11.100000000000001,788,1532,0.5143603133159269,0.8208330861676925
spatial_shift_js_0.15,spatial_shift,0.15,0.1,11.15,788,1532,0.5143603133159269,0.8208330861676925
spatial_shift_js_0.15,spatial_shift,0.15,0.1,11.200000000000001,788,1532,0.5143603133159269,0.8208330861676925
spatial_shift_js_0.15,spatial_shift,0.15,0.1,11.25,788,1532,0.5143603133159269,0.8208330861676925
spatial_shift_js_0.15,spatial_shift,0.15,0.1,11.3,788,1532,0.5143603133159269,0.8208330861676925
spatial_shift_js_0.15,spatial_shift,0.15,0.1,11.350000000000001,788,1532,0.5143603133159269,0.8208330861676925
spatial_shift_js_0.15,spatial_shift,0.15,0.1,11.4,788,1532,0.5143603133159269,0.8208330861676925
spatial_shift_js_0.15,spatial_shift,0.15,0.1,11.450000000000001,788,1532,0.5143603133159269,0.8208330861676925
spatial_shift_js_0.15,spatial_shift,0.15,0.1,11.5,788,1532,0.5143603133159269,0.8208330861676925
spatial_shift_js_0.15,spatial_shift,0.15,0.1,11.55,788,1532,0.5143603133159269,0.8208330861676925
spatial_shift_js_0.15,spatial_shift,0.15,0.1,11.600000000000001,788,1532,0.5143603133159269,0.8208330861676925
spatial_shift_js_0.15,spatial_shift,0.15,0.1,11.65,788,1532,0.5143603133159269,0.8208330861676925
spatial_shift_js_0.15,spatial_shift,0.15,0.1,11.700000000000001,788,1532,0.5143603133159269,0.8208330861676925
spatial_shift_js_0.15,spatial_shift,0.15,0.1,11.75,788,1532,0.5143603133159269,0.8208330861676925
spatial_shift_js_0.15,spatial_shift,0.15,0.1,11.8,788,1532,0.5143603133159269,0.8208330861676925
spatial_shift_js_0.15,spatial_shift,0.15,0.1,11.850000000000001,788,1532,0.5143603133159269,0.8208330861676925
spatial_shift_js_0.15,spatial_shift,0.15,0.1,11.9,788,1532,0.5143603133159269,0.8208330861676925
spatial_shift_js_0.15,spatial_shift,0.15,0.1,11.950000000000001,788,1532,0.5143603133159269,0.8208330861676925
spatial_shift_js_0.15,spatial_shift,0.15,0.1,12.0,788,1532,0.5143603133159269,0.8208330861676925
spatial_shift_js_0.15,spatial_shift,0.15,0.1,12.05,788,1532,0.5143603133159269,0.8208330861676925
spatial_shift_js_0.15,spatial_shift,0.15,0.1,12.100000000000001,788,1532,0.5143603133159269,0.8208330861676925
spatial_shift_js_0.15,spatial_shift,0.15,0.1,12.15,788,1532,0.5143603133159269,0.8208330861676925
spatial_shift_js_0.15,spatial_shift,0.15,0.1,12.200000000000001,788,1532,0.5143603133159269,0.8208330861676925
spatial_shift_js_0.15,spatial_shift,0.15,0.1,12.25,788,1532,0.5143603133159269,0.8208330861676925
spatial_shift_js_0.15,spatial_shift,0.15,0.1,12.3,788,1532,0.5143603133159269,0.8208330861676925
spatial_shift_js_0.15,spatial_shift,0.15,0.1,12.350000000000001,788,1532,0.5143603133159269,0.8208330861676925
spatial_shift_js_0.15,spatial_shift,0.15,0.1,12.4,788,1532,0.5143603133159269,0.8208330861676925
spatial_shift_js_0.15,spatial_shift,0.15,0.1,12.450000000000001,788,1532,0.5143603133159269,0.8208330861676925
spatial_shift_js_0.15,spatial_shift,0.15,0.1,12.5,788,1532,0.5143603133159269,0.8208330861676925
spatial_shift_js_0.15,spatial_shift,0.15,0.1,12.55,788,1532,0.5143603133159269,0.8208330861676925
spatial_shift_js_0.15,spatial_shift,0.15,0.1,12.600000000000001,788,1532,0.5143603133159269,0.8208330861676925
spatial_shift_js_0.15,spatial_shift,0.15,0.1,12.65,788,1532,0.5143603133159269,0.8208330861676925
spatial_shift_js_0.15,spatial_shift,0.15,0.1,12.700000000000001,788,1532,0.5143603133159269,0.8208330861676925
spatial_shift_js_0.15,spatial_shift,0.15,0.1,12.75,788,1532,0.5143603133159269,0.8208330861676925
spatial_shift_js_0.15,spatial_shift,0.15,0.1,12.8,788,1532,0.5143603133159269,0.8208330861676925
spatial_shift_js_0.15,spatial_shift,0.15,0.1,12.850000000000001,788,1532,0.5143603133159269,0.8208330861676925
spatial_shift_js_0.15,spatial_shift,0.15,0.1,12.9,788,1532,0.5143603133159269,0.8208330861676925
spatial_shift_js_0.15,spatial_shift,0.15,0.1,12.950000000000001,788,1532,0.5143603133159269,0.8208330861676925
spatial_shift_js_0.15,spatial_shift,0.15,0.1,13.0,788,1532,0.5143603133159269,0.8208330861676925
spatial_shift_js_0.15,spatial_shift,0.15,0.1,13.05,788,1532,0.5143603133159269,0.8208330861676925
spatial_shift_js_0.15,spatial_shift,0.15,0.1,13.100000000000001,788,1532,0.5143603133159269,0.8208330861676925
spatial_shift_js_0.15,spatial_shift,0.15,0.1,13.15,788,1532,0.5143603133159269,0.8208330861676925
spatial_shift_js_0.15,spatial_shift,0.15,0.1,13.200000000000001,788,1532,0.5143603133159269,0.8208330861676925
spatial_shift_js_0.15,spatial_shift,0.15,0.1,13.25,788,1532,0.5143603133159269,0.8208330861676925
spatial_shift_js_0.15,spatial_shift,0.15,0.1,13.3,788,1532,0.5143603133159269,0.8208330861676925
spatial_shift_js_0.15,spatial_shift,0.15,0.1,13.350000000000001,788,1532,0.5143603133159269,0.8208330861676925
spatial_shift_js_0.15,spatial_shift,0.15,0.1,13.4,788,1532,0.5143603133159269,0.8208330861676925
spatial_shift_js_0.15,spatial_shift,0.15,0.1,13.450000000000001,788,1532,0.5143603133159269,0.8208330861676925
spatial_shift_js_0.15,spatial_shift,0.15,0.1,13.5,788,1532,0.5143603133159269,0.8208330861676925
spatial_shift_js_0.15,spatial_shift,0.15,0.1,13.55,788,1532,0.5143603133159269,0.8208330861676925
spatial_shift_js_0.15,spatial_shift,0.15,0.1,13.600000000000001,788,1532,0.5143603133159269,0.8208330861676925
spatial_shift_js_0.15,spatial_shift,0.15,0.1,13.65,788,1532,0.5143603133159269,0.8208330861676925
spatial_shift_js_0.15,spatial_shift,0.15,0.1,13.700000000000001,788,1532,0.5143603133159269,0.8208330861676925
spatial_shift_js_0.15,spatial_shift,0.15,0.1,13.75,788,1532,0.5143603133159269,0.8208330861676925
spatial_shift_js_0.15,spatial_shift,0.15,0.1,13.8,788,1532,0.5143603133159269,0.8208330861676925
spatial_shift_js_0.15,spatial_shift,0.15,0.1,13.850000000000001,788,1532,0.5143603133159269,0.8208330861676925
spatial_shift_js_0.15,spatial_shift,0.15,0.1,13.9,788,1532,0.5143603133159269,0.8208330861676925
spatial_shift_js_0.15,spatial_shift,0.15,0.1,13.950000000000001,788,1532,0.5143603133159269,0.8208330861676925
spatial_shift_js_0.15,spatial_shift,0.15,0.1,14.0,788,1532,0.5143603133159269,0.8208330861676925
spatial_shift_js_0.15,spatial_shift,0.15,0.1,14.05,788,1532,0.5143603133159269,0.8208330861676925
spatial_shift_js_0.15,spatial_shift,0.15,0.1,14.100000000000001,788,1532,0.5143603133159269,0.8208330861676925
spatial_shift_js_0.15,spatial_shift,0.15,0.1,14.15,788,1532,0.5143603133159269,0.8208330861676925
spatial_shift_js_0.15,spatial_shift,0.15,0.1,14.200000000000001,788,1532,0.5143603133159269,0.8208330861676925
spatial_shift_js_0.15,spatial_shift,0.15,0.1,14.25,788,1532,0.5143603133159269,0.8208330861676925
spatial_shift_js_0.15,spatial_shift,0.15,0.1,14.3,788,1532,0.5143603133159269,0.8208330861676925
spatial_shift_js_0.15,spatial_shift,0.15,0.1,14.350000000000001,788,1532,0.5143603133159269,0.8208330861676925
spatial_shift_js_0.15,spatial_shift,0.15,0.1,14.4,788,1532,0.5143603133159269,0.8208330861676925
spatial_shift_js_0.15,spatial_shift,0.15,0.1,14.450000000000001,788,1532,0.5143603133159269,0.8208330861676925
spatial_shift_js_0.15,spatial_shift,0.15,0.1,14.5,788,1532,0.5143603133159269,0.8208330861676925
spatial_shift_js_0.15,spatial_shift,0.15,0.1,14.55,788,1532,0.5143603133159269,0.8208330861676925
spatial_shift_js_0.15,spatial_shift,0.15,0.1,14.600000000000001,788,1532,0.5143603133159269,0.8208330861676925
spatial_shift_js_0.15,spatial_shift,0.15,0.1,14.65,788,1532,0.5143603133159269,0.8208330861676925
spatial_shift_js_0.15,spatial_shift,0.15,0.1,14.700000000000001,788,1532,0.5143603133159269,0.8208330861676925
spatial_shift_js_0.15,spatial_shift,0.15,0.1,14.75,788,1532,0.5143603133159269,0.8208330861676925
spatial_shift_js_0.15,spatial_shift,0.15,0.1,14.8,788,1532,0.5143603133159269,0.8208330861676925
spatial_shift_js_0.15,spatial_shift,0.15,0.1,14.850000000000001,788,1532,0.5143603133159269,0.8208330861676925
spatial_shift_js_0.15,spatial_shift,0.15,0.1,14.9,788,1532,0.5143603133159269,0.8208330861676925
spatial_shift_js_0.15,spatial_shift,0.15,0.1,14.950000000000001,788,1532,0.5143603133159269,0.8208330861676925
spatial_shift_js_0.15,spatial_shift,0.15,0.1,15.0,788,1532,0.5143603133159269,0.8208330861676925
diffuse_blur_js_0.05,diffuse_blur,0.05,0.1,0.0,76,1532,0.04960835509138381,0.011122795102453328
diffuse_blur_js_0.05,diffuse_blur,0.05,0.1,0.05,77,1532,0.05026109660574413,0.011269173933804206
diffuse_blur_js_0.05,diffuse_blur,0.05,0.1,0.1,81,1532,0.05287206266318538,0.011854599566472253
diffuse_blur_js_0.05,diffuse_blur,0.05,0.1,0.15000000000000002,88,1532,0.057441253263707574,0.012879126845692918
diffuse_blur_js_0.05,diffuse_blur,0.05,0.1,0.2,94,1532,0.06135770234986945,0.013757433973542774
diffuse_blur_js_0.05,diffuse_blur,0.05,0.1,0.25,105,1532,0.0685378590078329,0.015367464801702223
diffuse_blur_js_0.05,diffuse_blur,0.05,0.1,0.30000000000000004,112,1532,0.0731070496083551,0.016392417501619426
diffuse_blur_js_0.05,diffuse_blur,0.05,0.1,0.35000000000000003,125,1532,0.08159268929503917,0.01829629751226953
diffuse_blur_js_0.05,diffuse_blur,0.05,0.1,0.4,139,1532,0.09073107049608355,0.020349508503719235
diffuse_blur_js_0.05,diffuse_blur,0.05,0.1,0.45,151,1532,0.09856396866840732,0.022112904069711715
diffuse_blur_js_0.05,diffuse_blur,0.05,0.1,0.5,170,1532,0.11096605744125326,0.024922987545912094
diffuse_blur_js_0.05,diffuse_blur,0.05,0.1,0.55,189,1532,0.12336814621409922,0.027785262218077644
diffuse_blur_js_0.05,diffuse_blur,0.05,0.1,0.6000000000000001,205,1532,0.13381201044386423,0.03028915517776354
diffuse_blur_js_0.05,diffuse_blur,0.05,0.1,0.65,215,1532,0.14033942558746737,0.0318828820453064
diffuse_blur_js_0.05,diffuse_blur,0.05,0.1,0.7000000000000001,222,1532,0.14490861618798956,0.03307897435488821
diffuse_blur_js_0.05,diffuse_blur,0.05,0.1,0.75,227,1532,0.1481723237597911,0.03393348859813608
diffuse_blur_js_0.05,diffuse_blur,0.05,0.1,0.8,231,1532,0.15078328981723238,0.03476431681391841
diffuse_blur_js_0.05,diffuse_blur,0.05,0.1,0.8500000000000001,231,1532,0.15078328981723238,0.03476431681391841
diffuse_blur_js_0.05,diffuse_blur,0.05,0.1,0.9,231,1532,0.15078328981723238,0.03476431681391841
diffuse_blur_js_0.05,diffuse_blur,0.05,0.1,0.9500000000000001,231,1532,0.15078328981723238,0.03476431681391841
diffuse_blur_js_0.05,diffuse_blur,0.05,0.1,1.0,245,1532,0.15992167101827676,0.06415111438627305
diffuse_blur_js_0.05,diffuse_blur,0.05,0.1,1.05,265,1532,0.17297650130548303,0.10979292658396919
diffuse_blur_js_0.05,diffuse_blur,0.05,0.1,1.1,275,1532,0.17950391644908617,0.1342854556116967
diffuse_blur_js_0.05,diffuse_blur,0.05,0.1,1.1500000000000001,283,1532,0.18472584856396868,0.15434461177655
diffuse_blur_js_0.05,diffuse_blur,0.05,0.1,1.2000000000000002,288,1532,0.18798955613577023,0.1669955207930285
diffuse_blur_js_0.05,diffuse_blur,0.05,0.1,1.25,295,1532,0.19255874673629242,0.1819914700912557
diffuse_blur_js_0.05,diffuse_blur,0.05,0.1,1.3,301,1532,0.19647519582245432,0.19866706489720806
diffuse_blur_js_0.05,diffuse_blur,0.05,0.1,1.35,307,1532,0.2003916449086162,0.21723818579334359
diffuse_blur_js_0.05,diffuse_blur,0.05,0.1,1.4000000000000001,310,1532,0.20234986945169714,0.22210575628569154
diffuse_blur_js_0.05,diffuse_blur,0.05,0.1,1.4500000000000002,316,1532,0.206266318537859,0.24374685015178343
diffuse_blur_js_0.05,diffuse_blur,0.05,0.1,1.5,317,1532,0.20691906005221933,0.2485511767851104
diffuse_blur_js_0.05,diffuse_blur,0.05,0.1,1.55,327,1532,0.21344647519582247,0.2825372588879935
diffuse_blur_js_0.05,diffuse_blur,0.05,0.1,1.6,330,1532,0.2154046997389034,0.2955881828475323
diffuse_blur_js_0.05,diffuse_blur,0.05,0.1,1.6500000000000001,335,1532,0.21866840731070497,0.3170513746745259
diffuse_blur_js_0.05,diffuse_blur,0.05,0.1,1.7000000000000002,341,1532,0.22258485639686684,0.34103649585058826
diffuse_blur_js_0.05,diffuse_blur,0.05,0.1,1.75,346,1532,0.2258485639686684,0.35999146574238444
diffuse_blur_js_0.05,diffuse_blur,0.05,0.1,1.8,351,1532,0.22911227154046998,0.3780708690504165
diffuse_blur_js_0.05,diffuse_blur,0.05,0.1,1.85,357,1532,0.23302872062663185,0.39819169174180047
diffuse_blur_js_0.05,diffuse_blur,0.05,0.1,1.9000000000000001,361,1532,0.23563968668407312,0.41063088497452904
diffuse_blur_js_0.05,diffuse_blur,0.05,0.1,1.9500000000000002,366,1532,0.23890339425587467,0.42375245159579267
diffuse_blur_js_0.05,diffuse_blur,0.05,0.1,2.0,370,1532,0.24151436031331594,0.4334944496672994
diffuse_blur_js_0.05,diffuse_blur,0.05,0.1,2.0500000000000003,374,1532,0.24412532637075718,0.4416626519257113
diffuse_blur_js_0.05,diffuse_blur,0.05,0.1,2.1,377,1532,0.24608355091383813,0.4472523824962661
diffuse_blur_js_0.05,diffuse_blur,0.05,0.1,2.15,385,1532,0.25130548302872063,0.45851250252789466
diffuse_blur_js_0.05,diffuse_blur,0.05,0.1,2.2,390,1532,0.2545691906005222,0.46391817257718887
diffuse_blur_js_0.05,diffuse_blur,0.05,0.1,2.25,395,1532,0.25783289817232374,0.467971550640354
diffuse_blur_js_0.05,diffuse_blur,0.05,0.1,2.3000000000000003,400,1532,0.26109660574412535,0.4709368778564101
diffuse_blur_js_0.05,diffuse_blur,0.05,0.1,2.35,401,1532,0.26174934725848564,0.4714204017733638
diffuse_blur_js_0.05,diffuse_blur,0.05,0.1,2.4000000000000004,406,1532,0.2650130548302872,0.47341062304717935
diffuse_blur_js_0.05,diffuse_blur,0.05,0.1,2.45,409,1532,0.2669712793733681,0.4743445824395674
diffuse_blur_js_0.05,diffuse_blur,0.05,0.1,2.5,410,1532,0.26762402088772846,0.4746403869731416
diffuse_blur_js_0.05,diffuse_blur,0.05,0.1,2.5500000000000003,411,1532,0.26827676240208875,0.47488624019577413
diffuse_blur_js_0.05,diffuse_blur,0.05,0.1,2.6,412,1532,0.2689295039164491,0.47513209341840684
diffuse_blur_js_0.05,diffuse_blur,0.05,0.1,2.6500000000000004,414,1532,0.27023498694516973,0.47609072223620397
diffuse_blur_js_0.05,diffuse_blur,0.05,0.1,2.7,415,1532,0.27088772845953,0.47705614384550443
diffuse_blur_js_0.05,diffuse_blur,0.05,0.1,2.75,419,1532,0.2734986945169713,0.48130836510930464
diffuse_blur_js_0.05,diffuse_blur,0.05,0.1,2.8000000000000003,420,1532,0.2741514360313316,0.4829906112714477
diffuse_blur_js_0.05,diffuse_blur,0.05,0.1,2.85,422,1532,0.2754569190600522,0.4860626591831898
diffuse_blur_js_0.05,diffuse_blur,0.05,0.1,2.9000000000000004,423,1532,0.27610966057441255,0.48812648074393944
diffuse_blur_js_0.05,diffuse_blur,0.05,0.1,2.95,425,1532,0.2774151436031332,0.49217825192431747
diffuse_blur_js_0.05,diffuse_blur,0.05,0.1,3.0,428,1532,0.2793733681462141,0.5012079835090273
diffuse_blur_js_0.05,diffuse_blur,0.05,0.1,3.0500000000000003,438,1532,0.2859007832898172,0.5380897162106049
diffuse_blur_js_0.05,diffuse_blur,0.05,0.1,3.1,448,1532,0.2924281984334204,0.5690401657137503
diffuse_blur_js_0.05,diffuse_blur,0.05,0.1,3.1500000000000004,458,1532,0.2989556135770235,0.5979616006881804
diffuse_blur_js_0.05,diffuse_blur,0.05,0.1,3.2,469,1532,0.30613577023498695,0.6267883843111236
diffuse_blur_js_0.05,diffuse_blur,0.05,0.1,3.25,482,1532,0.31462140992167104,0.6538594034909417
diffuse_blur_js_0.05,diffuse_blur,0.05,0.1,3.3000000000000003,497,1532,0.3244125326370757,0.6815509743699056
diffuse_blur_js_0.05,diffuse_blur,0.05,0.1,3.35,504,1532,0.3289817232375979,0.6917993368382184
diffuse_blur_js_0.05,diffuse_blur,0.05,0.1,3.4000000000000004,510,1532,0.3328981723237598,0.6998519211677675
diffuse_blur_js_0.05,diffuse_blur,0.05,0.1,3.45,513,1532,0.3348563968668407,0.7046393668026868
diffuse_blur_js_0.05,diffuse_blur,0.05,0.1,3.5,518,1532,0.3381201044386423,0.709073082190403
diffuse_blur_js_0.05,diffuse_blur,0.05,0.1,3.5500000000000003,518,1532,0.3381201044386423,0.709073082190403
diffuse_blur_js_0.05,diffuse_blur,0.05,0.1,3.6,522,1532,0.34073107049608353,0.7118353057628632
diffuse_blur_js_0.05,diffuse_blur,0.05,0.1,3.6500000000000004,523,1532,0.3413838120104439,0.7122233708051429
diffuse_blur_js_0.05,diffuse_blur,0.05,0.1,3.7,524,1532,0.34203655352480417,0.7127068947220965
diffuse_blur_js_0.05,diffuse_blur,0.05,0.1,3.75,525,1532,0.3426892950391645,0.7133065003582542
diffuse_blur_js_0.05,diffuse_blur,0.05,0.1,3.8000000000000003,526,1532,0.3433420365535248,0.7136261323921889
diffuse_blur_js_0.05,diffuse_blur,0.05,0.1,3.85,527,1532,0.34399477806788514,0.7140141974344685
diffuse_blur_js_0.05,diffuse_blur,0.05,0.1,3.9000000000000004,528,1532,0.34464751958224543,0.7142802607671328
diffuse_blur_js_0.05,diffuse_blur,0.05,0.1,3.95,528,1532,0.34464751958224543,0.7142802607671328
diffuse_blur_js_0.05,diffuse_blur,0.05,0.1,4.0,532,1532,0.3472584856396867,0.7160244662043774
diffuse_blur_js_0.05,diffuse_blur,0.05,0.1,4.05,532,1532,0.3472584856396867,0.7160244662043774
diffuse_blur_js_0.05,diffuse_blur,0.05,0.1,4.1000000000000005,532,1532,0.3472584856396867,0.7160244662043774
diffuse_blur_js_0.05,diffuse_blur,0.05,0.1,4.15,533,1532,0.347911227154047,0.7162819945888496
diffuse_blur_js_0.05,diffuse_blur,0.05,0.1,4.2,534,1532,0.34856396866840733,0.7166528265301818
diffuse_blur_js_0.05,diffuse_blur,0.05,0.1,4.25,535,1532,0.3492167101827676,0.716948631063756
diffuse_blur_js_0.05,diffuse_blur,0.05,0.1,4.3,536,1532,0.34986945169712796,0.7175159217414636
diffuse_blur_js_0.05,diffuse_blur,0.05,0.1,4.3500000000000005,536,1532,0.34986945169712796,0.7175159217414636
diffuse_blur_js_0.05,diffuse_blur,0.05,0.1,4.4,537,1532,0.35052219321148825,0.71795308177116
diffuse_blur_js_0.05,diffuse_blur,0.05,0.1,4.45,538,1532,0.35117493472584854,0.7182930458334323
diffuse_blur_js_0.05,diffuse_blur,0.05,0.1,4.5,538,1532,0.35117493472584854,0.7182930458334323
diffuse_blur_js_0.05,diffuse_blur,0.05,0.1,4.55,538,1532,0.35117493472584854,0.7182930458334323
diffuse_blur_js_0.05,diffuse_blur,0.05,0.1,4.6000000000000005,539,1532,0.3518276762402089,0.7186811108757121
diffuse_blur_js_0.05,diffuse_blur,0.05,0.1,4.65,540,1532,0.3524804177545692,0.7191905190961475
diffuse_blur_js_0.05,diffuse_blur,0.05,0.1,4.7,540,1532,0.3524804177545692,0.7191905190961475
diffuse_blur_js_0.05,diffuse_blur,0.05,0.1,4.75,541,1532,0.3531331592689295,0.7198623874147085
diffuse_blur_js_0.05,diffuse_blur,0.05,0.1,4.800000000000001,542,1532,0.3537859007832898,0.720299547444405
diffuse_blur_js_0.05,diffuse_blur,0.05,0.1,4.8500000000000005,543,1532,0.35443864229765015,0.7208826968654288
diffuse_blur_js_0.05,diffuse_blur,0.05,0.1,4.9,544,1532,0.35509138381201044,0.7213662207823826
diffuse_blur_js_0.05,diffuse_blur,0.05,0.1,4.95,544,1532,0.35509138381201044,0.7213662207823826
diffuse_blur_js_0.05,diffuse_blur,0.05,0.1,5.0,548,1532,0.3577023498694517,0.7242001106235387
diffuse_blur_js_0.05,diffuse_blur,0.05,0.1,5.050000000000001,548,1532,0.3577023498694517,0.7242001106235387
diffuse_blur_js_0.05,diffuse_blur,0.05,0.1,5.1000000000000005,549,1532,0.358355091383812,0.724752118337483
diffuse_blur_js_0.05,diffuse_blur,0.05,0.1,5.15,551,1532,0.35966057441253263,0.7260316205688078
diffuse_blur_js_0.05,diffuse_blur,0.05,0.1,5.2,554,1532,0.36161879895561355,0.7282339711662521
diffuse_blur_js_0.05,diffuse_blur,0.05,0.1,5.25,557,1532,0.36357702349869453,0.7305300075472895
diffuse_blur_js_0.05,diffuse_blur,0.05,0.1,5.300000000000001,562,1532,0.3668407310704961,0.7346439537769162
diffuse_blur_js_0.05,diffuse_blur,0.05,0.1,5.3500000000000005,565,1532,0.368798955613577,0.737070481427452
diffuse_blur_js_0.05,diffuse_blur,0.05,0.1,5.4,569,1532,0.3714099216710183,0.7412946414287144
diffuse_blur_js_0.05,diffuse_blur,0.05,0.1,5.45,573,1532,0.37402088772845954,0.7462624994815923
diffuse_blur_js_0.05,diffuse_blur,0.05,0.1,5.5,577,1532,0.3766318537859008,0.7515198597583198
diffuse_blur_js_0.05,diffuse_blur,0.05,0.1,5.550000000000001,580,1532,0.3785900783289817,0.7567034317626493
diffuse_blur_js_0.05,diffuse_blur,0.05,0.1,5.6000000000000005,583,1532,0.38054830287206265,0.7620482936578755
diffuse_blur_js_0.05,diffuse_blur,0.05,0.1,5.65,584,1532,0.381201044386423,0.7635692499291219
diffuse_blur_js_0.05,diffuse_blur,0.05,0.1,5.7,584,1532,0.381201044386423,0.7635692499291219
diffuse_blur_js_0.05,diffuse_blur,0.05,0.1,5.75,585,1532,0.3818537859007833,0.7649011874330475
diffuse_blur_js_0.05,diffuse_blur,0.05,0.1,5.800000000000001,585,1532,0.3818537859007833,0.7649011874330475
diffuse_blur_js_0.05,diffuse_blur,0.05,0.1,5.8500000000000005,585,1532,0.3818537859007833,0.7649011874330475
diffuse_blur_js_0.05,diffuse_blur,0.05,0.1,5.9,585,1532,0.3818537859007833,0.7649011874330475
diffuse_blur_js_0.05,diffuse_blur,0.05,0.1,5.95,585,1532,0.3818537859007833,0.7649011874330475
diffuse_blur_js_0.05,diffuse_blur,0.05,0.1,6.0,586,1532,0.3825065274151436,0.7660329718749217
diffuse_blur_js_0.05,diffuse_blur,0.05,0.1,6.050000000000001,586,1532,0.3825065274151436,0.7660329718749217
diffuse_blur_js_0.05,diffuse_blur,0.05,0.1,6.1000000000000005,586,1532,0.3825065274151436,0.7660329718749217
diffuse_blur_js_0.05,diffuse_blur,0.05,0.1,6.15,586,1532,0.3825065274151436,0.7660329718749217
diffuse_blur_js_0.05,diffuse_blur,0.05,0.1,6.2,586,1532,0.3825065274151436,0.7660329718749217
diffuse_blur_js_0.05,diffuse_blur,0.05,0.1,6.25,586,1532,0.3825065274151436,0.7660329718749217
diffuse_blur_js_0.05,diffuse_blur,0.05,0.1,6.300000000000001,586,1532,0.3825065274151436,0.7660329718749217
diffuse_blur_js_0.05,diffuse_blur,0.05,0.1,6.3500000000000005,586,1532,0.3825065274151436,0.7660329718749217
diffuse_blur_js_0.05,diffuse_blur,0.05,0.1,6.4,586,1532,0.3825065274151436,0.7660329718749217
diffuse_blur_js_0.05,diffuse_blur,0.05,0.1,6.45,586,1532,0.3825065274151436,0.7660329718749217
diffuse_blur_js_0.05,diffuse_blur,0.05,0.1,6.5,586,1532,0.3825065274151436,0.7660329718749217
diffuse_blur_js_0.05,diffuse_blur,0.05,0.1,6.550000000000001,586,1532,0.3825065274151436,0.7660329718749217
diffuse_blur_js_0.05,diffuse_blur,0.05,0.1,6.6000000000000005,586,1532,0.3825065274151436,0.7660329718749217
diffuse_blur_js_0.05,diffuse_blur,0.05,0.1,6.65,586,1532,0.3825065274151436,0.7660329718749217
diffuse_blur_js_0.05,diffuse_blur,0.05,0.1,6.7,586,1532,0.3825065274151436,0.7660329718749217
diffuse_blur_js_0.05,diffuse_blur,0.05,0.1,6.75,586,1532,0.3825065274151436,0.7660329718749217
diffuse_blur_js_0.05,diffuse_blur,0.05,0.1,6.800000000000001,586,1532,0.3825065274151436,0.7660329718749217
diffuse_blur_js_0.05,diffuse_blur,0.05,0.1,6.8500000000000005,586,1532,0.3825065274151436,0.7660329718749217
diffuse_blur_js_0.05,diffuse_blur,0.05,0.1,6.9,586,1532,0.3825065274151436,0.7660329718749217
diffuse_blur_js_0.05,diffuse_blur,0.05,0.1,6.95,586,1532,0.3825065274151436,0.7660329718749217
diffuse_blur_js_0.05,diffuse_blur,0.05,0.1,7.0,586,1532,0.3825065274151436,0.7660329718749217
diffuse_blur_js_0.05,diffuse_blur,0.05,0.1,7.050000000000001,586,1532,0.3825065274151436,0.7660329718749217
diffuse_blur_js_0.05,diffuse_blur,0.05,0.1,7.1000000000000005,586,1532,0.3825065274151436,0.7660329718749217
diffuse_blur_js_0.05,diffuse_blur,0.05,0.1,7.15,586,1532,0.3825065274151436,0.7660329718749217
diffuse_blur_js_0.05,diffuse_blur,0.05,0.1,7.2,586,1532,0.3825065274151436,0.7660329718749217
diffuse_blur_js_0.05,diffuse_blur,0.05,0.1,7.25,586,1532,0.3825065274151436,0.7660329718749217
diffuse_blur_js_0.05,diffuse_blur,0.05,0.1,7.300000000000001,586,1532,0.3825065274151436,0.7660329718749217
diffuse_blur_js_0.05,diffuse_blur,0.05,0.1,7.3500000000000005,586,1532,0.3825065274151436,0.7660329718749217
diffuse_blur_js_0.05,diffuse_blur,0.05,0.1,7.4,586,1532,0.3825065274151436,0.7660329718749217
diffuse_blur_js_0.05,diffuse_blur,0.05,0.1,7.45,586,1532,0.3825065274151436,0.7660329718749217
diffuse_blur_js_0.05,diffuse_blur,0.05,0.1,7.5,586,1532,0.3825065274151436,0.7660329718749217
diffuse_blur_js_0.05,diffuse_blur,0.05,0.1,7.550000000000001,586,1532,0.3825065274151436,0.7660329718749217
diffuse_blur_js_0.05,diffuse_blur,0.05,0.1,7.6000000000000005,586,1532,0.3825065274151436,0.7660329718749217
diffuse_blur_js_0.05,diffuse_blur,0.05,0.1,7.65,586,1532,0.3825065274151436,0.7660329718749217
diffuse_blur_js_0.05,diffuse_blur,0.05,0.1,7.7,586,1532,0.3825065274151436,0.7660329718749217
diffuse_blur_js_0.05,diffuse_blur,0.05,0.1,7.75,586,1532,0.3825065274151436,0.7660329718749217
diffuse_blur_js_0.05,diffuse_blur,0.05,0.1,7.800000000000001,586,1532,0.3825065274151436,0.7660329718749217
diffuse_blur_js_0.05,diffuse_blur,0.05,0.1,7.8500000000000005,586,1532,0.3825065274151436,0.7660329718749217
diffuse_blur_js_0.05,diffuse_blur,0.05,0.1,7.9,586,1532,0.3825065274151436,0.7660329718749217
diffuse_blur_js_0.05,diffuse_blur,0.05,0.1,7.95,586,1532,0.3825065274151436,0.7660329718749217
diffuse_blur_js_0.05,diffuse_blur,0.05,0.1,8.0,586,1532,0.3825065274151436,0.7660329718749217
diffuse_blur_js_0.05,diffuse_blur,0.05,0.1,8.05,586,1532,0.3825065274151436,0.7660329718749217
diffuse_blur_js_0.05,diffuse_blur,0.05,0.1,8.1,586,1532,0.3825065274151436,0.7660329718749217
diffuse_blur_js_0.05,diffuse_blur,0.05,0.1,8.15,586,1532,0.3825065274151436,0.7660329718749217
diffuse_blur_js_0.05,diffuse_blur,0.05,0.1,8.200000000000001,586,1532,0.3825065274151436,0.7660329718749217
diffuse_blur_js_0.05,diffuse_blur,0.05,0.1,8.25,586,1532,0.3825065274151436,0.7660329718749217
diffuse_blur_js_0.05,diffuse_blur,0.05,0.1,8.3,586,1532,0.3825065274151436,0.7660329718749217
diffuse_blur_js_0.05,diffuse_blur,0.05,0.1,8.35,586,1532,0.3825065274151436,0.7660329718749217
diffuse_blur_js_0.05,diffuse_blur,0.05,0.1,8.4,586,1532,0.3825065274151436,0.7660329718749217
diffuse_blur_js_0.05,diffuse_blur,0.05,0.1,8.450000000000001,586,1532,0.3825065274151436,0.7660329718749217
diffuse_blur_js_0.05,diffuse_blur,0.05,0.1,8.5,586,1532,0.3825065274151436,0.7660329718749217
diffuse_blur_js_0.05,diffuse_blur,0.05,0.1,8.55,586,1532,0.3825065274151436,0.7660329718749217
diffuse_blur_js_0.05,diffuse_blur,0.05,0.1,8.6,586,1532,0.3825065274151436,0.7660329718749217
diffuse_blur_js_0.05,diffuse_blur,0.05,0.1,8.65,586,1532,0.3825065274151436,0.7660329718749217
diffuse_blur_js_0.05,diffuse_blur,0.05,0.1,8.700000000000001,586,1532,0.3825065274151436,0.7660329718749217
diffuse_blur_js_0.05,diffuse_blur,0.05,0.1,8.75,586,1532,0.3825065274151436,0.7660329718749217
diffuse_blur_js_0.05,diffuse_blur,0.05,0.1,8.8,586,1532,0.3825065274151436,0.7660329718749217
diffuse_blur_js_0.05,diffuse_blur,0.05,0.1,8.85,586,1532,0.3825065274151436,0.7660329718749217
diffuse_blur_js_0.05,diffuse_blur,0.05,0.1,8.9,586,1532,0.3825065274151436,0.7660329718749217
diffuse_blur_js_0.05,diffuse_blur,0.05,0.1,8.950000000000001,586,1532,0.3825065274151436,0.7660329718749217
diffuse_blur_js_0.05,diffuse_blur,0.05,0.1,9.0,586,1532,0.3825065274151436,0.7660329718749217
diffuse_blur_js_0.05,diffuse_blur,0.05,0.1,9.05,586,1532,0.3825065274151436,0.7660329718749217
diffuse_blur_js_0.05,diffuse_blur,0.05,0.1,9.1,586,1532,0.3825065274151436,0.7660329718749217
diffuse_blur_js_0.05,diffuse_blur,0.05,0.1,9.15,586,1532,0.3825065274151436,0.7660329718749217
diffuse_blur_js_0.05,diffuse_blur,0.05,0.1,9.200000000000001,586,1532,0.3825065274151436,0.7660329718749217
diffuse_blur_js_0.05,diffuse_blur,0.05,0.1,9.25,586,1532,0.3825065274151436,0.7660329718749217
diffuse_blur_js_0.05,diffuse_blur,0.05,0.1,9.3,586,1532,0.3825065274151436,0.7660329718749217
diffuse_blur_js_0.05,diffuse_blur,0.05,0.1,9.35,586,1532,0.3825065274151436,0.7660329718749217
diffuse_blur_js_0.05,diffuse_blur,0.05,0.1,9.4,586,1532,0.3825065274151436,0.7660329718749217
diffuse_blur_js_0.05,diffuse_blur,0.05,0.1,9.450000000000001,586,1532,0.3825065274151436,0.7660329718749217
diffuse_blur_js_0.05,diffuse_blur,0.05,0.1,9.5,586,1532,0.3825065274151436,0.7660329718749217
diffuse_blur_js_0.05,diffuse_blur,0.05,0.1,9.55,586,1532,0.3825065274151436,0.7660329718749217
diffuse_blur_js_0.05,diffuse_blur,0.05,0.1,9.600000000000001,586,1532,0.3825065274151436,0.7660329718749217
diffuse_blur_js_0.05,diffuse_blur,0.05,0.1,9.65,586,1532,0.3825065274151436,0.7660329718749217
diffuse_blur_js_0.05,diffuse_blur,0.05,0.1,9.700000000000001,586,1532,0.3825065274151436,0.7660329718749217
diffuse_blur_js_0.05,diffuse_blur,0.05,0.1,9.75,586,1532,0.3825065274151436,0.7660329718749217
diffuse_blur_js_0.05,diffuse_blur,0.05,0.1,9.8,586,1532,0.3825065274151436,0.7660329718749217
diffuse_blur_js_0.05,diffuse_blur,0.05,0.1,9.850000000000001,586,1532,0.3825065274151436,0.7660329718749217
diffuse_blur_js_0.05,diffuse_blur,0.05,0.1,9.9,586,1532,0.3825065274151436,0.7660329718749217
diffuse_blur_js_0.05,diffuse_blur,0.05,0.1,9.950000000000001,586,1532,0.3825065274151436,0.7660329718749217
diffuse_blur_js_0.05,diffuse_blur,0.05,0.1,10.0,586,1532,0.3825065274151436,0.7660329718749217
diffuse_blur_js_0.05,diffuse_blur,0.05,0.1,10.05,586,1532,0.3825065274151436,0.7660329718749217
diffuse_blur_js_0.05,diffuse_blur,0.05,0.1,10.100000000000001,586,1532,0.3825065274151436,0.7660329718749217
diffuse_blur_js_0.05,diffuse_blur,0.05,0.1,10.15,586,1532,0.3825065274151436,0.7660329718749217
diffuse_blur_js_0.05,diffuse_blur,0.05,0.1,10.200000000000001,586,1532,0.3825065274151436,0.7660329718749217
diffuse_blur_js_0.05,diffuse_blur,0.05,0.1,10.25,586,1532,0.3825065274151436,0.7660329718749217
diffuse_blur_js_0.05,diffuse_blur,0.05,0.1,10.3,586,1532,0.3825065274151436,0.7660329718749217
diffuse_blur_js_0.05,diffuse_blur,0.05,0.1,10.350000000000001,586,1532,0.3825065274151436,0.7660329718749217
diffuse_blur_js_0.05,diffuse_blur,0.05,0.1,10.4,586,1532,0.3825065274151436,0.7660329718749217
diffuse_blur_js_0.05,diffuse_blur,0.05,0.1,10.450000000000001,586,1532,0.3825065274151436,0.7660329718749217
diffuse_blur_js_0.05,diffuse_blur,0.05,0.1,10.5,586,1532,0.3825065274151436,0.7660329718749217
diffuse_blur_js_0.05,diffuse_blur,0.05,0.1,10.55,586,1532,0.3825065274151436,0.7660329718749217
diffuse_blur_js_0.05,diffuse_blur,0.05,0.1,10.600000000000001,586,1532,0.3825065274151436,0.7660329718749217
diffuse_blur_js_0.05,diffuse_blur,0.05,0.1,10.65,586,1532,0.3825065274151436,0.7660329718749217
diffuse_blur_js_0.05,diffuse_blur,0.05,0.1,10.700000000000001,586,1532,0.3825065274151436,0.7660329718749217
diffuse_blur_js_0.05,diffuse_blur,0.05,0.1,10.75,586,1532,0.3825065274151436,0.7660329718749217
diffuse_blur_js_0.05,diffuse_blur,0.05,0.1,10.8,586,1532,0.3825065274151436,0.7660329718749217
diffuse_blur_js_0.05,diffuse_blur,0.05,0.1,10.850000000000001,586,1532,0.3825065274151436,0.7660329718749217
diffuse_blur_js_0.05,diffuse_blur,0.05,0.1,10.9,586,1532,0.3825065274151436,0.7660329718749217
diffuse_blur_js_0.05,diffuse_blur,0.05,0.1,10.950000000000001,586,1532,0.3825065274151436,0.7660329718749217
diffuse_blur_js_0.05,diffuse_blur,0.05,0.1,11.0,586,1532,0.3825065274151436,0.7660329718749217
diffuse_blur_js_0.05,diffuse_blur,0.05,0.1,11.05,586,1532,0.3825065274151436,0.7660329718749217
diffuse_blur_js_0.05,diffuse_blur,0.05,0.1,11.100000000000001,586,1532,0.3825065274151436,0.7660329718749217
diffuse_blur_js_0.05,diffuse_blur,0.05,0.1,11.15,586,1532,0.3825065274151436,0.7660329718749217
diffuse_blur_js_0.05,diffuse_blur,0.05,0.1,11.200000000000001,586,1532,0.3825065274151436,0.7660329718749217
diffuse_blur_js_0.05,diffuse_blur,0.05,0.1,11.25,586,1532,0.3825065274151436,0.7660329718749217
diffuse_blur_js_0.05,diffuse_blur,0.05,0.1,11.3,586,1532,0.3825065274151436,0.7660329718749217
diffuse_blur_js_0.05,diffuse_blur,0.05,0.1,11.350000000000001,586,1532,0.3825065274151436,0.7660329718749217
diffuse_blur_js_0.05,diffuse_blur,0.05,0.1,11.4,586,1532,0.3825065274151436,0.7660329718749217
diffuse_blur_js_0.05,diffuse_blur,0.05,0.1,11.450000000000001,586,1532,0.3825065274151436,0.7660329718749217
diffuse_blur_js_0.05,diffuse_blur,0.05,0.1,11.5,586,1532,0.3825065274151436,0.7660329718749217
diffuse_blur_js_0.05,diffuse_blur,0.05,0.1,11.55,586,1532,0.3825065274151436,0.7660329718749217
diffuse_blur_js_0.05,diffuse_blur,0.05,0.1,11.600000000000001,586,1532,0.3825065274151436,0.7660329718749217
diffuse_blur_js_0.05,diffuse_blur,0.05,0.1,11.65,586,1532,0.3825065274151436,0.7660329718749217
diffuse_blur_js_0.05,diffuse_blur,0.05,0.1,11.700000000000001,586,1532,0.3825065274151436,0.7660329718749217
diffuse_blur_js_0.05,diffuse_blur,0.05,0.1,11.75,586,1532,0.3825065274151436,0.7660329718749217
diffuse_blur_js_0.05,diffuse_blur,0.05,0.1,11.8,586,1532,0.3825065274151436,0.7660329718749217
diffuse_blur_js_0.05,diffuse_blur,0.05,0.1,11.850000000000001,586,1532,0.3825065274151436,0.7660329718749217
diffuse_blur_js_0.05,diffuse_blur,0.05,0.1,11.9,586,1532,0.3825065274151436,0.7660329718749217
diffuse_blur_js_0.05,diffuse_blur,0.05,0.1,11.950000000000001,586,1532,0.3825065274151436,0.7660329718749217
diffuse_blur_js_0.05,diffuse_blur,0.05,0.1,12.0,586,1532,0.3825065274151436,0.7660329718749217
diffuse_blur_js_0.05,diffuse_blur,0.05,0.1,12.05,586,1532,0.3825065274151436,0.7660329718749217
diffuse_blur_js_0.05,diffuse_blur,0.05,0.1,12.100000000000001,586,1532,0.3825065274151436,0.7660329718749217
diffuse_blur_js_0.05,diffuse_blur,0.05,0.1,12.15,586,1532,0.3825065274151436,0.7660329718749217
diffuse_blur_js_0.05,diffuse_blur,0.05,0.1,12.200000000000001,586,1532,0.3825065274151436,0.7660329718749217
diffuse_blur_js_0.05,diffuse_blur,0.05,0.1,12.25,586,1532,0.3825065274151436,0.7660329718749217
diffuse_blur_js_0.05,diffuse_blur,0.05,0.1,12.3,586,1532,0.3825065274151436,0.7660329718749217
diffuse_blur_js_0.05,diffuse_blur,0.05,0.1,12.350000000000001,586,1532,0.3825065274151436,0.7660329718749217
diffuse_blur_js_0.05,diffuse_blur,0.05,0.1,12.4,586,1532,0.3825065274151436,0.7660329718749217
diffuse_blur_js_0.05,diffuse_blur,0.05,0.1,12.450000000000001,586,1532,0.3825065274151436,0.7660329718749217
diffuse_blur_js_0.05,diffuse_blur,0.05,0.1,12.5,586,1532,0.3825065274151436,0.7660329718749217
diffuse_blur_js_0.05,diffuse_blur,0.05,0.1,12.55,586,1532,0.3825065274151436,0.7660329718749217
diffuse_blur_js_0.05,diffuse_blur,0.05,0.1,12.600000000000001,586,1532,0.3825065274151436,0.7660329718749217
diffuse_blur_js_0.05,diffuse_blur,0.05,0.1,12.65,586,1532,0.3825065274151436,0.7660329718749217
diffuse_blur_js_0.05,diffuse_blur,0.05,0.1,12.700000000000001,586,1532,0.3825065274151436,0.7660329718749217
diffuse_blur_js_0.05,diffuse_blur,0.05,0.1,12.75,586,1532,0.3825065274151436,0.7660329718749217
diffuse_blur_js_0.05,diffuse_blur,0.05,0.1,12.8,586,1532,0.3825065274151436,0.7660329718749217
diffuse_blur_js_0.05,diffuse_blur,0.05,0.1,12.850000000000001,586,1532,0.3825065274151436,0.7660329718749217
diffuse_blur_js_0.05,diffuse_blur,0.05,0.1,12.9,586,1532,0.3825065274151436,0.7660329718749217
diffuse_blur_js_0.05,diffuse_blur,0.05,0.1,12.950000000000001,586,1532,0.3825065274151436,0.7660329718749217
diffuse_blur_js_0.05,diffuse_blur,0.05,0.1,13.0,586,1532,0.3825065274151436,0.7660329718749217
diffuse_blur_js_0.05,diffuse_blur,0.05,0.1,13.05,586,1532,0.3825065274151436,0.7660329718749217
diffuse_blur_js_0.05,diffuse_blur,0.05,0.1,13.100000000000001,586,1532,0.3825065274151436,0.7660329718749217
diffuse_blur_js_0.05,diffuse_blur,0.05,0.1,13.15,586,1532,0.3825065274151436,0.7660329718749217
diffuse_blur_js_0.05,diffuse_blur,0.05,0.1,13.200000000000001,586,1532,0.3825065274151436,0.7660329718749217
diffuse_blur_js_0.05,diffuse_blur,0.05,0.1,13.25,586,1532,0.3825065274151436,0.7660329718749217
diffuse_blur_js_0.05,diffuse_blur,0.05,0.1,13.3,586,1532,0.3825065274151436,0.7660329718749217
diffuse_blur_js_0.05,diffuse_blur,0.05,0.1,13.350000000000001,586,1532,0.3825065274151436,0.7660329718749217
diffuse_blur_js_0.05,diffuse_blur,0.05,0.1,13.4,586,1532,0.3825065274151436,0.7660329718749217
diffuse_blur_js_0.05,diffuse_blur,0.05,0.1,13.450000000000001,586,1532,0.3825065274151436,0.7660329718749217
diffuse_blur_js_0.05,diffuse_blur,0.05,0.1,13.5,586,1532,0.3825065274151436,0.7660329718749217
diffuse_blur_js_0.05,diffuse_blur,0.05,0.1,13.55,586,1532,0.3825065274151436,0.7660329718749217
diffuse_blur_js_0.05,diffuse_blur,0.05,0.1,13.600000000000001,586,1532,0.3825065274151436,0.7660329718749217
diffuse_blur_js_0.05,diffuse_blur,0.05,0.1,13.65,586,1532,0.3825065274151436,0.7660329718749217
diffuse_blur_js_0.05,diffuse_blur,0.05,0.1,13.700000000000001,586,1532,0.3825065274151436,0.7660329718749217
diffuse_blur_js_0.05,diffuse_blur,0.05,0.1,13.75,586,1532,0.3825065274151436,0.7660329718749217
diffuse_blur_js_0.05,diffuse_blur,0.05,0.1,13.8,586,1532,0.3825065274151436,0.7660329718749217
diffuse_blur_js_0.05,diffuse_blur,0.05,0.1,13.850000000000001,586,1532,0.3825065274151436,0.7660329718749217
diffuse_blur_js_0.05,diffuse_blur,0.05,0.1,13.9,586,1532,0.3825065274151436,0.7660329718749217
diffuse_blur_js_0.05,diffuse_blur,0.05,0.1,13.950000000000001,586,1532,0.3825065274151436,0.7660329718749217
diffuse_blur_js_0.05,diffuse_blur,0.05,0.1,14.0,586,1532,0.3825065274151436,0.7660329718749217
diffuse_blur_js_0.05,diffuse_blur,0.05,0.1,14.05,586,1532,0.3825065274151436,0.7660329718749217
diffuse_blur_js_0.05,diffuse_blur,0.05,0.1,14.100000000000001,586,1532,0.3825065274151436,0.7660329718749217
diffuse_blur_js_0.05,diffuse_blur,0.05,0.1,14.15,586,1532,0.3825065274151436,0.7660329718749217
diffuse_blur_js_0.05,diffuse_blur,0.05,0.1,14.200000000000001,586,1532,0.3825065274151436,0.7660329718749217
diffuse_blur_js_0.05,diffuse_blur,0.05,0.1,14.25,586,1532,0.3825065274151436,0.7660329718749217
diffuse_blur_js_0.05,diffuse_blur,0.05,0.1,14.3,586,1532,0.3825065274151436,0.7660329718749217
diffuse_blur_js_0.05,diffuse_blur,0.05,0.1,14.350000000000001,586,1532,0.3825065274151436,0.7660329718749217
diffuse_blur_js_0.05,diffuse_blur,0.05,0.1,14.4,586,1532,0.3825065274151436,0.7660329718749217
diffuse_blur_js_0.05,diffuse_blur,0.05,0.1,14.450000000000001,586,1532,0.3825065274151436,0.7660329718749217
diffuse_blur_js_0.05,diffuse_blur,0.05,0.1,14.5,586,1532,0.3825065274151436,0.7660329718749217
diffuse_blur_js_0.05,diffuse_blur,0.05,0.1,14.55,586,1532,0.3825065274151436,0.7660329718749217
diffuse_blur_js_0.05,diffuse_blur,0.05,0.1,14.600000000000001,586,1532,0.3825065274151436,0.7660329718749217
diffuse_blur_js_0.05,diffuse_blur,0.05,0.1,14.65,586,1532,0.3825065274151436,0.7660329718749217
diffuse_blur_js_0.05,diffuse_blur,0.05,0.1,14.700000000000001,586,1532,0.3825065274151436,0.7660329718749217
diffuse_blur_js_0.05,diffuse_blur,0.05,0.1,14.75,586,1532,0.3825065274151436,0.7660329718749217
diffuse_blur_js_0.05,diffuse_blur,0.05,0.1,14.8,586,1532,0.3825065274151436,0.7660329718749217
diffuse_blur_js_0.05,diffuse_blur,0.05,0.1,14.850000000000001,586,1532,0.3825065274151436,0.7660329718749217
diffuse_blur_js_0.05,diffuse_blur,0.05,0.1,14.9,586,1532,0.3825065274151436,0.7660329718749217
diffuse_blur_js_0.05,diffuse_blur,0.05,0.1,14.950000000000001,586,1532,0.3825065274151436,0.7660329718749217
diffuse_blur_js_0.05,diffuse_blur,0.05,0.1,15.0,586,1532,0.3825065274151436,0.7660329718749217
diffuse_blur_js_0.1,diffuse_blur,0.1,0.1,0.0,76,1532,0.04960835509138381,0.011122795102453328
diffuse_blur_js_0.1,diffuse_blur,0.1,0.1,0.05,77,1532,0.05026109660574413,0.011269173933804206
diffuse_blur_js_0.1,diffuse_blur,0.1,0.1,0.1,81,1532,0.05287206266318538,0.011854599566472253
diffuse_blur_js_0.1,diffuse_blur,0.1,0.1,0.15000000000000002,88,1532,0.057441253263707574,0.012879126845692918
diffuse_blur_js_0.1,diffuse_blur,0.1,0.1,0.2,94,1532,0.06135770234986945,0.013757433973542774
diffuse_blur_js_0.1,diffuse_blur,0.1,0.1,0.25,105,1532,0.0685378590078329,0.015367464801702223
diffuse_blur_js_0.1,diffuse_blur,0.1,0.1,0.30000000000000004,112,1532,0.0731070496083551,0.016392417501619426
diffuse_blur_js_0.1,diffuse_blur,0.1,0.1,0.35000000000000003,125,1532,0.08159268929503917,0.01829629751226953
diffuse_blur_js_0.1,diffuse_blur,0.1,0.1,0.4,139,1532,0.09073107049608355,0.020349508503719235
diffuse_blur_js_0.1,diffuse_blur,0.1,0.1,0.45,151,1532,0.09856396866840732,0.022112904069711715
diffuse_blur_js_0.1,diffuse_blur,0.1,0.1,0.5,170,1532,0.11096605744125326,0.024922987545912094
diffuse_blur_js_0.1,diffuse_blur,0.1,0.1,0.55,188,1532,0.1227154046997389,0.027638733071015255
diffuse_blur_js_0.1,diffuse_blur,0.1,0.1,0.6000000000000001,204,1532,0.13315926892950392,0.03014262603070115
diffuse_blur_js_0.1,diffuse_blur,0.1,0.1,0.65,214,1532,0.13968668407310705,0.031736352898244
diffuse_blur_js_0.1,diffuse_blur,0.1,0.1,0.7000000000000001,219,1532,0.1429503916449086,0.03259200306060375
diffuse_blur_js_0.1,diffuse_blur,0.1,0.1,0.75,221,1532,0.14425587467362924,0.03293244520782582
diffuse_blur_js_0.1,diffuse_blur,0.1,0.1,0.8,224,1532,0.1462140992167102,0.03347959965496574
diffuse_blur_js_0.1,diffuse_blur,0.1,0.1,0.8500000000000001,225,1532,0.1468668407310705,0.034258206712758435
diffuse_blur_js_0.1,diffuse_blur,0.1,0.1,0.9,228,1532,0.14882506527415143,0.0371272858060806
diffuse_blur_js_0.1,diffuse_blur,0.1,0.1,0.9500000000000001,233,1532,0.152088772845953,0.04409894880130284
diffuse_blur_js_0.1,diffuse_blur,0.1,0.1,1.0,243,1532,0.15861618798955612,0.05857513595787814
diffuse_blur_js_0.1,diffuse_blur,0.1,0.1,1.05,256,1532,0.1671018276762402,0.07848042509916486
diffuse_blur_js_0.1,diffuse_blur,0.1,0.1,1.1,264,1532,0.17232375979112272,0.08950576063130071
diffuse_blur_js_0.1,diffuse_blur,0.1,0.1,1.1500000000000001,272,1532,0.17754569190600522,0.09781974136228953
diffuse_blur_js_0.1,diffuse_blur,0.1,0.1,1.2000000000000002,279,1532,0.1821148825065274,0.10458743324859542
diffuse_blur_js_0.1,diffuse_blur,0.1,0.1,1.25,283,1532,0.18472584856396868,0.10835923418057394
diffuse_blur_js_0.1,diffuse_blur,0.1,0.1,1.3,287,1532,0.18733681462140991,0.11009398084016626
diffuse_blur_js_0.1,diffuse_blur,0.1,0.1,1.35,290,1532,0.18929503916449086,0.11250065151368206
diffuse_blur_js_0.1,diffuse_blur,0.1,0.1,1.4000000000000001,295,1532,0.19255874673629242,0.1216252918898952
diffuse_blur_js_0.1,diffuse_blur,0.1,0.1,1.4500000000000002,300,1532,0.195822454308094,0.1264923359834707
diffuse_blur_js_0.1,diffuse_blur,0.1,0.1,1.5,300,1532,0.195822454308094,0.1264923359834707
diffuse_blur_js_0.1,diffuse_blur,0.1,0.1,1.55,300,1532,0.195822454308094,0.1264923359834707
diffuse_blur_js_0.1,diffuse_blur,0.1,0.1,1.6,302,1532,0.19712793733681463,0.13438768663481443
diffuse_blur_js_0.1,diffuse_blur,0.1,0.1,1.6500000000000001,303,1532,0.19778067885117492,0.13799907332978695
diffuse_blur_js_0.1,diffuse_blur,0.1,0.1,1.7000000000000002,307,1532,0.2003916449086162,0.1462954466216214
diffuse_blur_js_0.1,diffuse_blur,0.1,0.1,1.75,311,1532,0.20300261096605743,0.15750152088983108
diffuse_blur_js_0.1,diffuse_blur,0.1,0.1,1.8,314,1532,0.20496083550913838,0.16688335624168918
diffuse_blur_js_0.1,diffuse_blur,0.1,0.1,1.85,318,1532,0.20757180156657964,0.1776262765519939
diffuse_blur_js_0.1,diffuse_blur,0.1,0.1,1.9000000000000001,324,1532,0.21148825065274152,0.19166177861243008
diffuse_blur_js_0.1,diffuse_blur,0.1,0.1,1.9500000000000002,328,1532,0.21409921671018275,0.19828926125170473
diffuse_blur_js_0.1,diffuse_blur,0.1,0.1,2.0,334,1532,0.21801566579634465,0.20814868733527
diffuse_blur_js_0.1,diffuse_blur,0.1,0.1,2.0500000000000003,337,1532,0.21997389033942558,0.21166146877567257
diffuse_blur_js_0.1,diffuse_blur,0.1,0.1,2.1,342,1532,0.22323759791122716,0.2159977673982459
diffuse_blur_js_0.1,diffuse_blur,0.1,0.1,2.15,348,1532,0.22715404699738903,0.21965793491134072
diffuse_blur_js_0.1,diffuse_blur,0.1,0.1,2.2,355,1532,0.23172323759791122,0.2227674545768081
diffuse_blur_js_0.1,diffuse_blur,0.1,0.1,2.25,361,1532,0.23563968668407312,0.2245390453158303
diffuse_blur_js_0.1,diffuse_blur,0.1,0.1,2.3000000000000003,364,1532,0.23759791122715404,0.22526254326062434
diffuse_blur_js_0.1,diffuse_blur,0.1,0.1,2.35,367,1532,0.239556135770235,0.22594954150980728
diffuse_blur_js_0.1,diffuse_blur,0.1,0.1,2.4000000000000004,372,1532,0.24281984334203655,0.2270015835125579
diffuse_blur_js_0.1,diffuse_blur,0.1,0.1,2.45,375,1532,0.2447780678851175,0.22791296993562046
diffuse_blur_js_0.1,diffuse_blur,0.1,0.1,2.5,378,1532,0.24673629242819844,0.23126654960929388
diffuse_blur_js_0.1,diffuse_blur,0.1,0.1,2.5500000000000003,385,1532,0.25130548302872063,0.23712227746853462
diffuse_blur_js_0.1,diffuse_blur,0.1,0.1,2.6,390,1532,0.2545691906005222,0.2425338443141291
diffuse_blur_js_0.1,diffuse_blur,0.1,0.1,2.6500000000000004,394,1532,0.25718015665796345,0.24668562625623738
diffuse_blur_js_0.1,diffuse_blur,0.1,0.1,2.7,399,1532,0.260443864229765,0.255577072149245
diffuse_blur_js_0.1,diffuse_blur,0.1,0.1,2.75,404,1532,0.26370757180156656,0.26671567466778107
diffuse_blur_js_0.1,diffuse_blur,0.1,0.1,2.8000000000000003,412,1532,0.2689295039164491,0.2911311612720124
diffuse_blur_js_0.1,diffuse_blur,0.1,0.1,2.85,419,1532,0.2734986945169713,0.3167608085541724
diffuse_blur_js_0.1,diffuse_blur,0.1,0.1,2.9000000000000004,430,1532,0.28067885117493474,0.35830951496385305
diffuse_blur_js_0.1,diffuse_blur,0.1,0.1,2.95,439,1532,0.28655352480417756,0.3952874966015216
diffuse_blur_js_0.1,diffuse_blur,0.1,0.1,3.0,446,1532,0.29112271540469975,0.4235545465362439
diffuse_blur_js_0.1,diffuse_blur,0.1,0.1,3.0500000000000003,461,1532,0.3009138381201044,0.48280555767031286
diffuse_blur_js_0.1,diffuse_blur,0.1,0.1,3.1,473,1532,0.3087467362924282,0.526287706077889
diffuse_blur_js_0.1,diffuse_blur,0.1,0.1,3.1500000000000004,487,1532,0.3178851174934726,0.5715869281806224
diffuse_blur_js_0.1,diffuse_blur,0.1,0.1,3.2,500,1532,0.3263707571801567,0.6089555155092048
diffuse_blur_js_0.1,diffuse_blur,0.1,0.1,3.25,516,1532,0.3368146214099217,0.6449220566856664
diffuse_blur_js_0.1,diffuse_blur,0.1,0.1,3.3000000000000003,526,1532,0.3433420365535248,0.6625133231656944
diffuse_blur_js_0.1,diffuse_blur,0.1,0.1,3.35,536,1532,0.34986945169712796,0.6783584647701171
diffuse_blur_js_0.1,diffuse_blur,0.1,0.1,3.4000000000000004,540,1532,0.3524804177545692,0.6833284360589279
diffuse_blur_js_0.1,diffuse_blur,0.1,0.1,3.45,544,1532,0.35509138381201044,0.6873003895507295
diffuse_blur_js_0.1,diffuse_blur,0.1,0.1,3.5,549,1532,0.358355091383812,0.6921287577365098
diffuse_blur_js_0.1,diffuse_blur,0.1,0.1,3.5500000000000003,549,1532,0.358355091383812,0.6921287577365098
diffuse_blur_js_0.1,diffuse_blur,0.1,0.1,3.6,553,1532,0.36096605744125326,0.6948909813089701
diffuse_blur_js_0.1,diffuse_blur,0.1,0.1,3.6500000000000004,554,1532,0.36161879895561355,0.6952790463512498
diffuse_blur_js_0.1,diffuse_blur,0.1,0.1,3.7,555,1532,0.3622715404699739,0.6957625702682034
diffuse_blur_js_0.1,diffuse_blur,0.1,0.1,3.75,556,1532,0.3629242819843342,0.696362175904361
diffuse_blur_js_0.1,diffuse_blur,0.1,0.1,3.8000000000000003,557,1532,0.36357702349869453,0.6966818079382958
diffuse_blur_js_0.1,diffuse_blur,0.1,0.1,3.85,558,1532,0.3642297650130548,0.6970698729805754
diffuse_blur_js_0.1,diffuse_blur,0.1,0.1,3.9000000000000004,559,1532,0.36488250652741516,0.6973359363132398
diffuse_blur_js_0.1,diffuse_blur,0.1,0.1,3.95,559,1532,0.36488250652741516,0.6973359363132398
diffuse_blur_js_0.1,diffuse_blur,0.1,0.1,4.0,563,1532,0.3674934725848564,0.6990801417504845
diffuse_blur_js_0.1,diffuse_blur,0.1,0.1,4.05,563,1532,0.3674934725848564,0.6990801417504845
diffuse_blur_js_0.1,diffuse_blur,0.1,0.1,4.1000000000000005,563,1532,0.3674934725848564,0.6990801417504845
diffuse_blur_js_0.1,diffuse_blur,0.1,0.1,4.15,564,1532,0.3681462140992167,0.6993376701349566
diffuse_blur_js_0.1,diffuse_blur,0.1,0.1,4.2,565,1532,0.368798955613577,0.6997085020762889
diffuse_blur_js_0.1,diffuse_blur,0.1,0.1,4.25,566,1532,0.36945169712793735,0.700004306609863
diffuse_blur_js_0.1,diffuse_blur,0.1,0.1,4.3,567,1532,0.37010443864229764,0.7005715972875706
diffuse_blur_js_0.1,diffuse_blur,0.1,0.1,4.3500000000000005,567,1532,0.37010443864229764,0.7005715972875706
diffuse_blur_js_0.1,diffuse_blur,0.1,0.1,4.4,568,1532,0.370757180156658,0.701008757317267
diffuse_blur_js_0.1,diffuse_blur,0.1,0.1,4.45,569,1532,0.3714099216710183,0.7013487213795394
diffuse_blur_js_0.1,diffuse_blur,0.1,0.1,4.5,569,1532,0.3714099216710183,0.7013487213795394
diffuse_blur_js_0.1,diffuse_blur,0.1,0.1,4.55,569,1532,0.3714099216710183,0.7013487213795394
diffuse_blur_js_0.1,diffuse_blur,0.1,0.1,4.6000000000000005,570,1532,0.3720626631853786,0.701736786421819
diffuse_blur_js_0.1,diffuse_blur,0.1,0.1,4.65,571,1532,0.3727154046997389,0.7022461946422545
diffuse_blur_js_0.1,diffuse_blur,0.1,0.1,4.7,571,1532,0.3727154046997389,0.7022461946422545
diffuse_blur_js_0.1,diffuse_blur,0.1,0.1,4.75,572,1532,0.3733681462140992,0.7029180629608156
diffuse_blur_js_0.1,diffuse_blur,0.1,0.1,4.800000000000001,573,1532,0.37402088772845954,0.703355222990512
diffuse_blur_js_0.1,diffuse_blur,0.1,0.1,4.8500000000000005,574,1532,0.37467362924281983,0.7039383724115358
diffuse_blur_js_0.1,diffuse_blur,0.1,0.1,4.9,575,1532,0.37532637075718017,0.7044218963284894
diffuse_blur_js_0.1,diffuse_blur,0.1,0.1,4.95,575,1532,0.37532637075718017,0.7044218963284894
diffuse_blur_js_0.1,diffuse_blur,0.1,0.1,5.0,579,1532,0.3779373368146214,0.7072557861696458
diffuse_blur_js_0.1,diffuse_blur,0.1,0.1,5.050000000000001,579,1532,0.3779373368146214,0.7072557861696458
diffuse_blur_js_0.1,diffuse_blur,0.1,0.1,5.1000000000000005,580,1532,0.3785900783289817,0.70780779388359
diffuse_blur_js_0.1,diffuse_blur,0.1,0.1,5.15,582,1532,0.37989556135770236,0.7090872961149147
diffuse_blur_js_0.1,diffuse_blur,0.1,0.1,5.2,585,1532,0.3818537859007833,0.7112896467123591
diffuse_blur_js_0.1,diffuse_blur,0.1,0.1,5.25,588,1532,0.3838120104438642,0.7135856830933964
diffuse_blur_js_0.1,diffuse_blur,0.1,0.1,5.300000000000001,593,1532,0.3870757180156658,0.717699629323023
diffuse_blur_js_0.1,diffuse_blur,0.1,0.1,5.3500000000000005,596,1532,0.38903394255874674,0.7201261569735589
diffuse_blur_js_0.1,diffuse_blur,0.1,0.1,5.4,600,1532,0.391644908616188,0.7243503169748213
diffuse_blur_js_0.1,diffuse_blur,0.1,0.1,5.45,604,1532,0.39425587467362927,0.7293181750276994
diffuse_blur_js_0.1,diffuse_blur,0.1,0.1,5.5,608,1532,0.3968668407310705,0.7345755353044268
diffuse_blur_js_0.1,diffuse_blur,0.1,0.1,5.550000000000001,612,1532,0.39947780678851175,0.7414413534708993
diffuse_blur_js_0.1,diffuse_blur,0.1,0.1,5.6000000000000005,615,1532,0.40143603133159267,0.7467862153661255
diffuse_blur_js_0.1,diffuse_blur,0.1,0.1,5.65,618,1532,0.40339425587467365,0.7529655054243382
diffuse_blur_js_0.1,diffuse_blur,0.1,0.1,5.7,619,1532,0.40404699738903394,0.755335030442573
diffuse_blur_js_0.1,diffuse_blur,0.1,0.1,5.75,621,1532,0.40535248041775457,0.75895577671523
diffuse_blur_js_0.1,diffuse_blur,0.1,0.1,5.800000000000001,622,1532,0.40600522193211486,0.761091838222324
diffuse_blur_js_0.1,diffuse_blur,0.1,0.1,5.8500000000000005,623,1532,0.4066579634464752,0.7630189530597956
diffuse_blur_js_0.1,diffuse_blur,0.1,0.1,5.9,623,1532,0.4066579634464752,0.7630189530597956
diffuse_blur_js_0.1,diffuse_blur,0.1,0.1,5.95,623,1532,0.4066579634464752,0.7630189530597956
diffuse_blur_js_0.1,diffuse_blur,0.1,0.1,6.0,625,1532,0.40796344647519583,0.7658329836638129
diffuse_blur_js_0.1,diffuse_blur,0.1,0.1,6.050000000000001,625,1532,0.40796344647519583,0.7658329836638129
diffuse_blur_js_0.1,diffuse_blur,0.1,0.1,6.1000000000000005,625,1532,0.40796344647519583,0.7658329836638129
diffuse_blur_js_0.1,diffuse_blur,0.1,0.1,6.15,625,1532,0.40796344647519583,0.7658329836638129
diffuse_blur_js_0.1,diffuse_blur,0.1,0.1,6.2,625,1532,0.40796344647519583,0.7658329836638129
diffuse_blur_js_0.1,diffuse_blur,0.1,0.1,6.25,625,1532,0.40796344647519583,0.7658329836638129
diffuse_blur_js_0.1,diffuse_blur,0.1,0.1,6.300000000000001,625,1532,0.40796344647519583,0.7658329836638129
diffuse_blur_js_0.1,diffuse_blur,0.1,0.1,6.3500000000000005,625,1532,0.40796344647519583,0.7658329836638129
diffuse_blur_js_0.1,diffuse_blur,0.1,0.1,6.4,625,1532,0.40796344647519583,0.7658329836638129
diffuse_blur_js_0.1,diffuse_blur,0.1,0.1,6.45,625,1532,0.40796344647519583,0.7658329836638129
diffuse_blur_js_0.1,diffuse_blur,0.1,0.1,6.5,625,1532,0.40796344647519583,0.7658329836638129
diffuse_blur_js_0.1,diffuse_blur,0.1,0.1,6.550000000000001,625,1532,0.40796344647519583,0.7658329836638129
diffuse_blur_js_0.1,diffuse_blur,0.1,0.1,6.6000000000000005,625,1532,0.40796344647519583,0.7658329836638129
diffuse_blur_js_0.1,diffuse_blur,0.1,0.1,6.65,625,1532,0.40796344647519583,0.7658329836638129
diffuse_blur_js_0.1,diffuse_blur,0.1,0.1,6.7,625,1532,0.40796344647519583,0.7658329836638129
diffuse_blur_js_0.1,diffuse_blur,0.1,0.1,6.75,625,1532,0.40796344647519583,0.7658329836638129
diffuse_blur_js_0.1,diffuse_blur,0.1,0.1,6.800000000000001,625,1532,0.40796344647519583,0.7658329836638129
diffuse_blur_js_0.1,diffuse_blur,0.1,0.1,6.8500000000000005,625,1532,0.40796344647519583,0.7658329836638129
diffuse_blur_js_0.1,diffuse_blur,0.1,0.1,6.9,625,1532,0.40796344647519583,0.7658329836638129
diffuse_blur_js_0.1,diffuse_blur,0.1,0.1,6.95,625,1532,0.40796344647519583,0.7658329836638129
diffuse_blur_js_0.1,diffuse_blur,0.1,0.1,7.0,625,1532,0.40796344647519583,0.7658329836638129
diffuse_blur_js_0.1,diffuse_blur,0.1,0.1,7.050000000000001,625,1532,0.40796344647519583,0.7658329836638129
diffuse_blur_js_0.1,diffuse_blur,0.1,0.1,7.1000000000000005,625,1532,0.40796344647519583,0.7658329836638129
diffuse_blur_js_0.1,diffuse_blur,0.1,0.1,7.15,625,1532,0.40796344647519583,0.7658329836638129
diffuse_blur_js_0.1,diffuse_blur,0.1,0.1,7.2,625,1532,0.40796344647519583,0.7658329836638129
diffuse_blur_js_0.1,diffuse_blur,0.1,0.1,7.25,625,1532,0.40796344647519583,0.7658329836638129
diffuse_blur_js_0.1,diffuse_blur,0.1,0.1,7.300000000000001,625,1532,0.40796344647519583,0.7658329836638129
diffuse_blur_js_0.1,diffuse_blur,0.1,0.1,7.3500000000000005,625,1532,0.40796344647519583,0.7658329836638129
diffuse_blur_js_0.1,diffuse_blur,0.1,0.1,7.4,625,1532,0.40796344647519583,0.7658329836638129
diffuse_blur_js_0.1,diffuse_blur,0.1,0.1,7.45,625,1532,0.40796344647519583,0.7658329836638129
diffuse_blur_js_0.1,diffuse_blur,0.1,0.1,7.5,625,1532,0.40796344647519583,0.7658329836638129
diffuse_blur_js_0.1,diffuse_blur,0.1,0.1,7.550000000000001,625,1532,0.40796344647519583,0.7658329836638129
diffuse_blur_js_0.1,diffuse_blur,0.1,0.1,7.6000000000000005,625,1532,0.40796344647519583,0.7658329836638129
diffuse_blur_js_0.1,diffuse_blur,0.1,0.1,7.65,625,1532,0.40796344647519583,0.7658329836638129
diffuse_blur_js_0.1,diffuse_blur,0.1,0.1,7.7,625,1532,0.40796344647519583,0.7658329836638129
diffuse_blur_js_0.1,diffuse_blur,0.1,0.1,7.75,625,1532,0.40796344647519583,0.7658329836638129
diffuse_blur_js_0.1,diffuse_blur,0.1,0.1,7.800000000000001,625,1532,0.40796344647519583,0.7658329836638129
diffuse_blur_js_0.1,diffuse_blur,0.1,0.1,7.8500000000000005,625,1532,0.40796344647519583,0.7658329836638129
diffuse_blur_js_0.1,diffuse_blur,0.1,0.1,7.9,625,1532,0.40796344647519583,0.7658329836638129
diffuse_blur_js_0.1,diffuse_blur,0.1,0.1,7.95,625,1532,0.40796344647519583,0.7658329836638129
diffuse_blur_js_0.1,diffuse_blur,0.1,0.1,8.0,625,1532,0.40796344647519583,0.7658329836638129
diffuse_blur_js_0.1,diffuse_blur,0.1,0.1,8.05,625,1532,0.40796344647519583,0.7658329836638129
diffuse_blur_js_0.1,diffuse_blur,0.1,0.1,8.1,625,1532,0.40796344647519583,0.7658329836638129
diffuse_blur_js_0.1,diffuse_blur,0.1,0.1,8.15,625,1532,0.40796344647519583,0.7658329836638129
diffuse_blur_js_0.1,diffuse_blur,0.1,0.1,8.200000000000001,625,1532,0.40796344647519583,0.7658329836638129
diffuse_blur_js_0.1,diffuse_blur,0.1,0.1,8.25,625,1532,0.40796344647519583,0.7658329836638129
diffuse_blur_js_0.1,diffuse_blur,0.1,0.1,8.3,625,1532,0.40796344647519583,0.7658329836638129
diffuse_blur_js_0.1,diffuse_blur,0.1,0.1,8.35,625,1532,0.40796344647519583,0.7658329836638129
diffuse_blur_js_0.1,diffuse_blur,0.1,0.1,8.4,625,1532,0.40796344647519583,0.7658329836638129
diffuse_blur_js_0.1,diffuse_blur,0.1,0.1,8.450000000000001,625,1532,0.40796344647519583,0.7658329836638129
diffuse_blur_js_0.1,diffuse_blur,0.1,0.1,8.5,625,1532,0.40796344647519583,0.7658329836638129
diffuse_blur_js_0.1,diffuse_blur,0.1,0.1,8.55,625,1532,0.40796344647519583,0.7658329836638129
diffuse_blur_js_0.1,diffuse_blur,0.1,0.1,8.6,625,1532,0.40796344647519583,0.7658329836638129
diffuse_blur_js_0.1,diffuse_blur,0.1,0.1,8.65,625,1532,0.40796344647519583,0.7658329836638129
diffuse_blur_js_0.1,diffuse_blur,0.1,0.1,8.700000000000001,625,1532,0.40796344647519583,0.7658329836638129
diffuse_blur_js_0.1,diffuse_blur,0.1,0.1,8.75,625,1532,0.40796344647519583,0.7658329836638129
diffuse_blur_js_0.1,diffuse_blur,0.1,0.1,8.8,625,1532,0.40796344647519583,0.7658329836638129
diffuse_blur_js_0.1,diffuse_blur,0.1,0.1,8.85,625,1532,0.40796344647519583,0.7658329836638129
diffuse_blur_js_0.1,diffuse_blur,0.1,0.1,8.9,625,1532,0.40796344647519583,0.7658329836638129
diffuse_blur_js_0.1,diffuse_blur,0.1,0.1,8.950000000000001,625,1532,0.40796344647519583,0.7658329836638129
diffuse_blur_js_0.1,diffuse_blur,0.1,0.1,9.0,625,1532,0.40796344647519583,0.7658329836638129
diffuse_blur_js_0.1,diffuse_blur,0.1,0.1,9.05,625,1532,0.40796344647519583,0.7658329836638129
diffuse_blur_js_0.1,diffuse_blur,0.1,0.1,9.1,625,1532,0.40796344647519583,0.7658329836638129
diffuse_blur_js_0.1,diffuse_blur,0.1,0.1,9.15,625,1532,0.40796344647519583,0.7658329836638129
diffuse_blur_js_0.1,diffuse_blur,0.1,0.1,9.200000000000001,625,1532,0.40796344647519583,0.7658329836638129
diffuse_blur_js_0.1,diffuse_blur,0.1,0.1,9.25,625,1532,0.40796344647519583,0.7658329836638129
diffuse_blur_js_0.1,diffuse_blur,0.1,0.1,9.3,625,1532,0.40796344647519583,0.7658329836638129
diffuse_blur_js_0.1,diffuse_blur,0.1,0.1,9.35,625,1532,0.40796344647519583,0.7658329836638129
diffuse_blur_js_0.1,diffuse_blur,0.1,0.1,9.4,625,1532,0.40796344647519583,0.7658329836638129
diffuse_blur_js_0.1,diffuse_blur,0.1,0.1,9.450000000000001,625,1532,0.40796344647519583,0.7658329836638129
diffuse_blur_js_0.1,diffuse_blur,0.1,0.1,9.5,625,1532,0.40796344647519583,0.7658329836638129
diffuse_blur_js_0.1,diffuse_blur,0.1,0.1,9.55,625,1532,0.40796344647519583,0.7658329836638129
diffuse_blur_js_0.1,diffuse_blur,0.1,0.1,9.600000000000001,625,1532,0.40796344647519583,0.7658329836638129
diffuse_blur_js_0.1,diffuse_blur,0.1,0.1,9.65,625,1532,0.40796344647519583,0.7658329836638129
diffuse_blur_js_0.1,diffuse_blur,0.1,0.1,9.700000000000001,625,1532,0.40796344647519583,0.7658329836638129
diffuse_blur_js_0.1,diffuse_blur,0.1,0.1,9.75,625,1532,0.40796344647519583,0.7658329836638129
diffuse_blur_js_0.1,diffuse_blur,0.1,0.1,9.8,625,1532,0.40796344647519583,0.7658329836638129
diffuse_blur_js_0.1,diffuse_blur,0.1,0.1,9.850000000000001,625,1532,0.40796344647519583,0.7658329836638129
diffuse_blur_js_0.1,diffuse_blur,0.1,0.1,9.9,625,1532,0.40796344647519583,0.7658329836638129
diffuse_blur_js_0.1,diffuse_blur,0.1,0.1,9.950000000000001,625,1532,0.40796344647519583,0.7658329836638129
diffuse_blur_js_0.1,diffuse_blur,0.1,0.1,10.0,625,1532,0.40796344647519583,0.7658329836638129
diffuse_blur_js_0.1,diffuse_blur,0.1,0.1,10.05,625,1532,0.40796344647519583,0.7658329836638129
diffuse_blur_js_0.1,diffuse_blur,0.1,0.1,10.100000000000001,625,1532,0.40796344647519583,0.7658329836638129
diffuse_blur_js_0.1,diffuse_blur,0.1,0.1,10.15,625,1532,0.40796344647519583,0.7658329836638129
diffuse_blur_js_0.1,diffuse_blur,0.1,0.1,10.200000000000001,625,1532,0.40796344647519583,0.7658329836638129
diffuse_blur_js_0.1,diffuse_blur,0.1,0.1,10.25,625,1532,0.40796344647519583,0.7658329836638129
diffuse_blur_js_0.1,diffuse_blur,0.1,0.1,10.3,625,1532,0.40796344647519583,0.7658329836638129
diffuse_blur_js_0.1,diffuse_blur,0.1,0.1,10.350000000000001,625,1532,0.40796344647519583,0.7658329836638129
diffuse_blur_js_0.1,diffuse_blur,0.1,0.1,10.4,625,1532,0.40796344647519583,0.7658329836638129
diffuse_blur_js_0.1,diffuse_blur,0.1,0.1,10.450000000000001,625,1532,0.40796344647519583,0.7658329836638129
diffuse_blur_js_0.1,diffuse_blur,0.1,0.1,10.5,625,1532,0.40796344647519583,0.7658329836638129
diffuse_blur_js_0.1,diffuse_blur,0.1,0.1,10.55,625,1532,0.40796344647519583,0.7658329836638129
diffuse_blur_js_0.1,diffuse_blur,0.1,0.1,10.600000000000001,625,1532,0.40796344647519583,0.7658329836638129
diffuse_blur_js_0.1,diffuse_blur,0.1,0.1,10.65,625,1532,0.40796344647519583,0.7658329836638129
diffuse_blur_js_0.1,diffuse_blur,0.1,0.1,10.700000000000001,625,1532,0.40796344647519583,0.7658329836638129
diffuse_blur_js_0.1,diffuse_blur,0.1,0.1,10.75,625,1532,0.40796344647519583,0.7658329836638129
diffuse_blur_js_0.1,diffuse_blur,0.1,0.1,10.8,625,1532,0.40796344647519583,0.7658329836638129
diffuse_blur_js_0.1,diffuse_blur,0.1,0.1,10.850000000000001,625,1532,0.40796344647519583,0.7658329836638129
diffuse_blur_js_0.1,diffuse_blur,0.1,0.1,10.9,625,1532,0.40796344647519583,0.7658329836638129
diffuse_blur_js_0.1,diffuse_blur,0.1,0.1,10.950000000000001,625,1532,0.40796344647519583,0.7658329836638129
diffuse_blur_js_0.1,diffuse_blur,0.1,0.1,11.0,625,1532,0.40796344647519583,0.7658329836638129
diffuse_blur_js_0.1,diffuse_blur,0.1,0.1,11.05,625,1532,0.40796344647519583,0.7658329836638129
diffuse_blur_js_0.1,diffuse_blur,0.1,0.1,11.100000000000001,625,1532,0.40796344647519583,0.7658329836638129
diffuse_blur_js_0.1,diffuse_blur,0.1,0.1,11.15,625,1532,0.40796344647519583,0.7658329836638129
diffuse_blur_js_0.1,diffuse_blur,0.1,0.1,11.200000000000001,625,1532,0.40796344647519583,0.7658329836638129
diffuse_blur_js_0.1,diffuse_blur,0.1,0.1,11.25,625,1532,0.40796344647519583,0.7658329836638129
diffuse_blur_js_0.1,diffuse_blur,0.1,0.1,11.3,625,1532,0.40796344647519583,0.7658329836638129
diffuse_blur_js_0.1,diffuse_blur,0.1,0.1,11.350000000000001,625,1532,0.40796344647519583,0.7658329836638129
diffuse_blur_js_0.1,diffuse_blur,0.1,0.1,11.4,625,1532,0.40796344647519583,0.7658329836638129
diffuse_blur_js_0.1,diffuse_blur,0.1,0.1,11.450000000000001,625,1532,0.40796344647519583,0.7658329836638129
diffuse_blur_js_0.1,diffuse_blur,0.1,0.1,11.5,625,1532,0.40796344647519583,0.7658329836638129
diffuse_blur_js_0.1,diffuse_blur,0.1,0.1,11.55,625,1532,0.40796344647519583,0.7658329836638129
diffuse_blur_js_0.1,diffuse_blur,0.1,0.1,11.600000000000001,625,1532,0.40796344647519583,0.7658329836638129
diffuse_blur_js_0.1,diffuse_blur,0.1,0.1,11.65,625,1532,0.40796344647519583,0.7658329836638129
diffuse_blur_js_0.1,diffuse_blur,0.1,0.1,11.700000000000001,625,1532,0.40796344647519583,0.7658329836638129
diffuse_blur_js_0.1,diffuse_blur,0.1,0.1,11.75,625,1532,0.40796344647519583,0.7658329836638129
diffuse_blur_js_0.1,diffuse_blur,0.1,0.1,11.8,625,1532,0.40796344647519583,0.7658329836638129
diffuse_blur_js_0.1,diffuse_blur,0.1,0.1,11.850000000000001,625,1532,0.40796344647519583,0.7658329836638129
diffuse_blur_js_0.1,diffuse_blur,0.1,0.1,11.9,625,1532,0.40796344647519583,0.7658329836638129
diffuse_blur_js_0.1,diffuse_blur,0.1,0.1,11.950000000000001,625,1532,0.40796344647519583,0.7658329836638129
diffuse_blur_js_0.1,diffuse_blur,0.1,0.1,12.0,625,1532,0.40796344647519583,0.7658329836638129
diffuse_blur_js_0.1,diffuse_blur,0.1,0.1,12.05,625,1532,0.40796344647519583,0.7658329836638129
diffuse_blur_js_0.1,diffuse_blur,0.1,0.1,12.100000000000001,625,1532,0.40796344647519583,0.7658329836638129
diffuse_blur_js_0.1,diffuse_blur,0.1,0.1,12.15,625,1532,0.40796344647519583,0.7658329836638129
diffuse_blur_js_0.1,diffuse_blur,0.1,0.1,12.200000000000001,625,1532,0.40796344647519583,0.7658329836638129
diffuse_blur_js_0.1,diffuse_blur,0.1,0.1,12.25,625,1532,0.40796344647519583,0.7658329836638129
diffuse_blur_js_0.1,diffuse_blur,0.1,0.1,12.3,625,1532,0.40796344647519583,0.7658329836638129
diffuse_blur_js_0.1,diffuse_blur,0.1,0.1,12.350000000000001,625,1532,0.40796344647519583,0.7658329836638129
diffuse_blur_js_0.1,diffuse_blur,0.1,0.1,12.4,625,1532,0.40796344647519583,0.7658329836638129
diffuse_blur_js_0.1,diffuse_blur,0.1,0.1,12.450000000000001,625,1532,0.40796344647519583,0.7658329836638129
diffuse_blur_js_0.1,diffuse_blur,0.1,0.1,12.5,625,1532,0.40796344647519583,0.7658329836638129
diffuse_blur_js_0.1,diffuse_blur,0.1,0.1,12.55,625,1532,0.40796344647519583,0.7658329836638129
diffuse_blur_js_0.1,diffuse_blur,0.1,0.1,12.600000000000001,625,1532,0.40796344647519583,0.7658329836638129
diffuse_blur_js_0.1,diffuse_blur,0.1,0.1,12.65,625,1532,0.40796344647519583,0.7658329836638129
diffuse_blur_js_0.1,diffuse_blur,0.1,0.1,12.700000000000001,625,1532,0.40796344647519583,0.7658329836638129
diffuse_blur_js_0.1,diffuse_blur,0.1,0.1,12.75,625,1532,0.40796344647519583,0.7658329836638129
diffuse_blur_js_0.1,diffuse_blur,0.1,0.1,12.8,625,1532,0.40796344647519583,0.7658329836638129
diffuse_blur_js_0.1,diffuse_blur,0.1,0.1,12.850000000000001,625,1532,0.40796344647519583,0.7658329836638129
diffuse_blur_js_0.1,diffuse_blur,0.1,0.1,12.9,625,1532,0.40796344647519583,0.7658329836638129
diffuse_blur_js_0.1,diffuse_blur,0.1,0.1,12.950000000000001,625,1532,0.40796344647519583,0.7658329836638129
diffuse_blur_js_0.1,diffuse_blur,0.1,0.1,13.0,625,1532,0.40796344647519583,0.7658329836638129
diffuse_blur_js_0.1,diffuse_blur,0.1,0.1,13.05,625,1532,0.40796344647519583,0.7658329836638129
diffuse_blur_js_0.1,diffuse_blur,0.1,0.1,13.100000000000001,625,1532,0.40796344647519583,0.7658329836638129
diffuse_blur_js_0.1,diffuse_blur,0.1,0.1,13.15,625,1532,0.40796344647519583,0.7658329836638129
diffuse_blur_js_0.1,diffuse_blur,0.1,0.1,13.200000000000001,625,1532,0.40796344647519583,0.7658329836638129
diffuse_blur_js_0.1,diffuse_blur,0.1,0.1,13.25,625,1532,0.40796344647519583,0.7658329836638129
diffuse_blur_js_0.1,diffuse_blur,0.1,0.1,13.3,625,1532,0.40796344647519583,0.7658329836638129
diffuse_blur_js_0.1,diffuse_blur,0.1,0.1,13.350000000000001,625,1532,0.40796344647519583,0.7658329836638129
diffuse_blur_js_0.1,diffuse_blur,0.1,0.1,13.4,625,1532,0.40796344647519583,0.7658329836638129
diffuse_blur_js_0.1,diffuse_blur,0.1,0.1,13.450000000000001,625,1532,0.40796344647519583,0.7658329836638129
diffuse_blur_js_0.1,diffuse_blur,0.1,0.1,13.5,625,1532,0.40796344647519583,0.7658329836638129
diffuse_blur_js_0.1,diffuse_blur,0.1,0.1,13.55,625,1532,0.40796344647519583,0.7658329836638129
diffuse_blur_js_0.1,diffuse_blur,0.1,0.1,13.600000000000001,625,1532,0.40796344647519583,0.7658329836638129
diffuse_blur_js_0.1,diffuse_blur,0.1,0.1,13.65,625,1532,0.40796344647519583,0.7658329836638129
diffuse_blur_js_0.1,diffuse_blur,0.1,0.1,13.700000000000001,625,1532,0.40796344647519583,0.7658329836638129
diffuse_blur_js_0.1,diffuse_blur,0.1,0.1,13.75,625,1532,0.40796344647519583,0.7658329836638129
diffuse_blur_js_0.1,diffuse_blur,0.1,0.1,13.8,625,1532,0.40796344647519583,0.7658329836638129
diffuse_blur_js_0.1,diffuse_blur,0.1,0.1,13.850000000000001,625,1532,0.40796344647519583,0.7658329836638129
diffuse_blur_js_0.1,diffuse_blur,0.1,0.1,13.9,625,1532,0.40796344647519583,0.7658329836638129
diffuse_blur_js_0.1,diffuse_blur,0.1,0.1,13.950000000000001,625,1532,0.40796344647519583,0.7658329836638129
diffuse_blur_js_0.1,diffuse_blur,0.1,0.1,14.0,625,1532,0.40796344647519583,0.7658329836638129
diffuse_blur_js_0.1,diffuse_blur,0.1,0.1,14.05,625,1532,0.40796344647519583,0.7658329836638129
diffuse_blur_js_0.1,diffuse_blur,0.1,0.1,14.100000000000001,625,1532,0.40796344647519583,0.7658329836638129
diffuse_blur_js_0.1,diffuse_blur,0.1,0.1,14.15,625,1532,0.40796344647519583,0.7658329836638129
diffuse_blur_js_0.1,diffuse_blur,0.1,0.1,14.200000000000001,625,1532,0.40796344647519583,0.7658329836638129
diffuse_blur_js_0.1,diffuse_blur,0.1,0.1,14.25,625,1532,0.40796344647519583,0.7658329836638129
diffuse_blur_js_0.1,diffuse_blur,0.1,0.1,14.3,625,1532,0.40796344647519583,0.7658329836638129
diffuse_blur_js_0.1,diffuse_blur,0.1,0.1,14.350000000000001,625,1532,0.40796344647519583,0.7658329836638129
diffuse_blur_js_0.1,diffuse_blur,0.1,0.1,14.4,625,1532,0.40796344647519583,0.7658329836638129
diffuse_blur_js_0.1,diffuse_blur,0.1,0.1,14.450000000000001,625,1532,0.40796344647519583,0.7658329836638129
diffuse_blur_js_0.1,diffuse_blur,0.1,0.1,14.5,625,1532,0.40796344647519583,0.7658329836638129
diffuse_blur_js_0.1,diffuse_blur,0.1,0.1,14.55,625,1532,0.40796344647519583,0.7658329836638129
diffuse_blur_js_0.1,diffuse_blur,0.1,0.1,14.600000000000001,625,1532,0.40796344647519583,0.7658329836638129
diffuse_blur_js_0.1,diffuse_blur,0.1,0.1,14.65,625,1532,0.40796344647519583,0.7658329836638129
diffuse_blur_js_0.1,diffuse_blur,0.1,0.1,14.700000000000001,625,1532,0.40796344647519583,0.7658329836638129
diffuse_blur_js_0.1,diffuse_blur,0.1,0.1,14.75,625,1532,0.40796344647519583,0.7658329836638129
diffuse_blur_js_0.1,diffuse_blur,0.1,0.1,14.8,625,1532,0.40796344647519583,0.7658329836638129
diffuse_blur_js_0.1,diffuse_blur,0.1,0.1,14.850000000000001,625,1532,0.40796344647519583,0.7658329836638129
diffuse_blur_js_0.1,diffuse_blur,0.1,0.1,14.9,625,1532,0.40796344647519583,0.7658329836638129
diffuse_blur_js_0.1,diffuse_blur,0.1,0.1,14.950000000000001,625,1532,0.40796344647519583,0.7658329836638129
diffuse_blur_js_0.1,diffuse_blur,0.1,0.1,15.0,625,1532,0.40796344647519583,0.7658329836638129
diffuse_blur_js_0.15,diffuse_blur,0.15,0.1,0.0,76,1532,0.04960835509138381,0.011122795102453328
diffuse_blur_js_0.15,diffuse_blur,0.15,0.1,0.05,77,1532,0.05026109660574413,0.011269173933804206
diffuse_blur_js_0.15,diffuse_blur,0.15,0.1,0.1,81,1532,0.05287206266318538,0.011854599566472253
diffuse_blur_js_0.15,diffuse_blur,0.15,0.1,0.15000000000000002,88,1532,0.057441253263707574,0.012879126845692918
diffuse_blur_js_0.15,diffuse_blur,0.15,0.1,0.2,94,1532,0.06135770234986945,0.013757433973542774
diffuse_blur_js_0.15,diffuse_blur,0.15,0.1,0.25,105,1532,0.0685378590078329,0.015367464801702223
diffuse_blur_js_0.15,diffuse_blur,0.15,0.1,0.30000000000000004,112,1532,0.0731070496083551,0.016392417501619426
diffuse_blur_js_0.15,diffuse_blur,0.15,0.1,0.35000000000000003,125,1532,0.08159268929503917,0.01829629751226953
diffuse_blur_js_0.15,diffuse_blur,0.15,0.1,0.4,139,1532,0.09073107049608355,0.020349508503719235
diffuse_blur_js_0.15,diffuse_blur,0.15,0.1,0.45,151,1532,0.09856396866840732,0.022112904069711715
diffuse_blur_js_0.15,diffuse_blur,0.15,0.1,0.5,170,1532,0.11096605744125326,0.024922987545912094
diffuse_blur_js_0.15,diffuse_blur,0.15,0.1,0.55,183,1532,0.11945169712793734,0.026863301978883827
diffuse_blur_js_0.15,diffuse_blur,0.15,0.1,0.6000000000000001,198,1532,0.12924281984334204,0.029186628207437938
diffuse_blur_js_0.15,diffuse_blur,0.15,0.1,0.65,205,1532,0.13381201044386423,0.03032878018441139
diffuse_blur_js_0.15,diffuse_blur,0.15,0.1,0.7000000000000001,213,1532,0.13903394255874674,0.031632907200871196
diffuse_blur_js_0.15,diffuse_blur,0.15,0.1,0.75,216,1532,0.1409921671018277,0.032237908820440156
diffuse_blur_js_0.15,diffuse_blur,0.15,0.1,0.8,219,1532,0.1429503916449086,0.032973881481640634
diffuse_blur_js_0.15,diffuse_blur,0.15,0.1,0.8500000000000001,223,1532,0.14556135770234988,0.03433628032196674
diffuse_blur_js_0.15,diffuse_blur,0.15,0.1,0.9,229,1532,0.14947780678851175,0.03603098556715345
diffuse_blur_js_0.15,diffuse_blur,0.15,0.1,0.9500000000000001,238,1532,0.15535248041775457,0.0390133644027572
diffuse_blur_js_0.15,diffuse_blur,0.15,0.1,1.0,244,1532,0.15926892950391644,0.040873738736315966
diffuse_blur_js_0.15,diffuse_blur,0.15,0.1,1.05,254,1532,0.16579634464751958,0.044441651377003316
diffuse_blur_js_0.15,diffuse_blur,0.15,0.1,1.1,260,1532,0.16971279373368145,0.04547851039675406
diffuse_blur_js_0.15,diffuse_blur,0.15,0.1,1.1500000000000001,265,1532,0.17297650130548303,0.04704160533088153
diffuse_blur_js_0.15,diffuse_blur,0.15,0.1,1.2000000000000002,272,1532,0.17754569190600522,0.04982365965809013
diffuse_blur_js_0.15,diffuse_blur,0.15,0.1,1.25,274,1532,0.17885117493472585,0.05094893811845889
diffuse_blur_js_0.15,diffuse_blur,0.15,0.1,1.3,277,1532,0.18080939947780678,0.05232801792173589
diffuse_blur_js_0.15,diffuse_blur,0.15,0.1,1.35,278,1532,0.1814621409921671,0.05250266653273223
diffuse_blur_js_0.15,diffuse_blur,0.15,0.1,1.4000000000000001,279,1532,0.1821148825065274,0.05266410812679475
diffuse_blur_js_0.15,diffuse_blur,0.15,0.1,1.4500000000000002,283,1532,0.18472584856396868,0.057526815605457846
diffuse_blur_js_0.15,diffuse_blur,0.15,0.1,1.5,283,1532,0.18472584856396868,0.057526815605457846
diffuse_blur_js_0.15,diffuse_blur,0.15,0.1,1.55,285,1532,0.1860313315926893,0.0603797093806299
diffuse_blur_js_0.15,diffuse_blur,0.15,0.1,1.6,287,1532,0.18733681462140991,0.06398907038024469
diffuse_blur_js_0.15,diffuse_blur,0.15,0.1,1.6500000000000001,288,1532,0.18798955613577023,0.0654120236908777
diffuse_blur_js_0.15,diffuse_blur,0.15,0.1,1.7000000000000002,289,1532,0.18864229765013055,0.0671521340986942
diffuse_blur_js_0.15,diffuse_blur,0.15,0.1,1.75,290,1532,0.18929503916449086,0.06883438026083728
diffuse_blur_js_0.15,diffuse_blur,0.15,0.1,1.8,291,1532,0.18994778067885118,0.07035533653208369
diffuse_blur_js_0.15,diffuse_blur,0.15,0.1,1.85,292,1532,0.1906005221932115,0.07164422922510706
diffuse_blur_js_0.15,diffuse_blur,0.15,0.1,1.9000000000000001,294,1532,0.1919060052219321,0.07384143999986816
diffuse_blur_js_0.15,diffuse_blur,0.15,0.1,1.9500000000000002,296,1532,0.19321148825065274,0.07556251349056237
diffuse_blur_js_0.15,diffuse_blur,0.15,0.1,2.0,300,1532,0.195822454308094,0.0778104501210066
diffuse_blur_js_0.15,diffuse_blur,0.15,0.1,2.0500000000000003,310,1532,0.20234986945169714,0.08132960420869627
diffuse_blur_js_0.15,diffuse_blur,0.15,0.1,2.1,327,1532,0.21344647519582247,0.08501935904081062
diffuse_blur_js_0.15,diffuse_blur,0.15,0.1,2.15,337,1532,0.21997389033942558,0.08673269693872299
diffuse_blur_js_0.15,diffuse_blur,0.15,0.1,2.2,343,1532,0.22389033942558748,0.08770935269831641
diffuse_blur_js_0.15,diffuse_blur,0.15,0.1,2.25,354,1532,0.2310704960835509,0.08945618209652245
diffuse_blur_js_0.15,diffuse_blur,0.15,0.1,2.3000000000000003,358,1532,0.23368146214099217,0.09005814555820325
diffuse_blur_js_0.15,diffuse_blur,0.15,0.1,2.35,361,1532,0.23563968668407312,0.09140366597497829
diffuse_blur_js_0.15,diffuse_blur,0.15,0.1,2.4000000000000004,365,1532,0.23825065274151436,0.09259143138207698
diffuse_blur_js_0.15,diffuse_blur,0.15,0.1,2.45,373,1532,0.24347258485639686,0.09460654410089461
diffuse_blur_js_0.15,diffuse_blur,0.15,0.1,2.5,380,1532,0.24804177545691905,0.09658248169053449
diffuse_blur_js_0.15,diffuse_blur,0.15,0.1,2.5500000000000003,380,1532,0.24804177545691905,0.09658248169053449
diffuse_blur_js_0.15,diffuse_blur,0.15,0.1,2.6,385,1532,0.25130548302872063,0.0992430561599002
diffuse_blur_js_0.15,diffuse_blur,0.15,0.1,2.6500000000000004,389,1532,0.2539164490861619,0.10189563610939537
diffuse_blur_js_0.15,diffuse_blur,0.15,0.1,2.7,394,1532,0.25718015665796345,0.10638237770076384
diffuse_blur_js_0.15,diffuse_blur,0.15,0.1,2.75,402,1532,0.26240208877284593,0.11785923364599063
diffuse_blur_js_0.15,diffuse_blur,0.15,0.1,2.8000000000000003,412,1532,0.2689295039164491,0.13724611257379893
diffuse_blur_js_0.15,diffuse_blur,0.15,0.1,2.85,420,1532,0.2741514360313316,0.1546617455486906
diffuse_blur_js_0.15,diffuse_blur,0.15,0.1,2.9000000000000004,430,1532,0.28067885117493474,0.18061174089490448
diffuse_blur_js_0.15,diffuse_blur,0.15,0.1,2.95,442,1532,0.2885117493472585,0.22144852353957634
diffuse_blur_js_0.15,diffuse_blur,0.15,0.1,3.0,452,1532,0.2950391644908616,0.2577675663913514
diffuse_blur_js_0.15,diffuse_blur,0.15,0.1,3.0500000000000003,469,1532,0.30613577023498695,0.32455758801917195
diffuse_blur_js_0.15,diffuse_blur,0.15,0.1,3.1,483,1532,0.3152741514360313,0.3808177484219745
diffuse_blur_js_0.15,diffuse_blur,0.15,0.1,3.1500000000000004,497,1532,0.3244125326370757,0.43668599471769565
diffuse_blur_js_0.15,diffuse_blur,0.15,0.1,3.2,515,1532,0.33616187989556134,0.5006939119099794
diffuse_blur_js_0.15,diffuse_blur,0.15,0.1,3.25,530,1532,0.34595300261096606,0.5436087210407797
diffuse_blur_js_0.15,diffuse_blur,0.15,0.1,3.3000000000000003,543,1532,0.35443864229765015,0.5743010930030157
diffuse_blur_js_0.15,diffuse_blur,0.15,0.1,3.35,558,1532,0.3642297650130548,0.6027667772093882
diffuse_blur_js_0.15,diffuse_blur,0.15,0.1,3.4000000000000004,567,1532,0.37010443864229764,0.6189896374185422
diffuse_blur_js_0.15,diffuse_blur,0.15,0.1,3.45,573,1532,0.37402088772845954,0.6273955064869684
diffuse_blur_js_0.15,diffuse_blur,0.15,0.1,3.5,579,1532,0.3779373368146214,0.6353054525649457
diffuse_blur_js_0.15,diffuse_blur,0.15,0.1,3.5500000000000003,582,1532,0.37989556135770236,0.6375419571779007
diffuse_blur_js_0.15,diffuse_blur,0.15,0.1,3.6,585,1532,0.3818537859007833,0.6406051030034128
diffuse_blur_js_0.15,diffuse_blur,0.15,0.1,3.6500000000000004,588,1532,0.3838120104438642,0.6428960443231865
diffuse_blur_js_0.15,diffuse_blur,0.15,0.1,3.7,590,1532,0.38511749347258484,0.6437676332824197
diffuse_blur_js_0.15,diffuse_blur,0.15,0.1,3.75,591,1532,0.3857702349869452,0.6443672389185774
diffuse_blur_js_0.15,diffuse_blur,0.15,0.1,3.8000000000000003,592,1532,0.38642297650130547,0.6446868709525121
diffuse_blur_js_0.15,diffuse_blur,0.15,0.1,3.85,593,1532,0.3870757180156658,0.6450749359947917
diffuse_blur_js_0.15,diffuse_blur,0.15,0.1,3.9000000000000004,594,1532,0.3877284595300261,0.645340999327456
diffuse_blur_js_0.15,diffuse_blur,0.15,0.1,3.95,594,1532,0.3877284595300261,0.645340999327456
diffuse_blur_js_0.15,diffuse_blur,0.15,0.1,4.0,598,1532,0.39033942558746737,0.6470852047647008
diffuse_blur_js_0.15,diffuse_blur,0.15,0.1,4.05,598,1532,0.39033942558746737,0.6470852047647008
diffuse_blur_js_0.15,diffuse_blur,0.15,0.1,4.1000000000000005,598,1532,0.39033942558746737,0.6470852047647008
diffuse_blur_js_0.15,diffuse_blur,0.15,0.1,4.15,599,1532,0.39099216710182766,0.6473427331491729
diffuse_blur_js_0.15,diffuse_blur,0.15,0.1,4.2,600,1532,0.391644908616188,0.6477135650905052
diffuse_blur_js_0.15,diffuse_blur,0.15,0.1,4.25,601,1532,0.3922976501305483,0.6480093696240793
diffuse_blur_js_0.15,diffuse_blur,0.15,0.1,4.3,602,1532,0.39295039164490864,0.648576660301787
diffuse_blur_js_0.15,diffuse_blur,0.15,0.1,4.3500000000000005,602,1532,0.39295039164490864,0.648576660301787
diffuse_blur_js_0.15,diffuse_blur,0.15,0.1,4.4,603,1532,0.3936031331592689,0.6490138203314834
diffuse_blur_js_0.15,diffuse_blur,0.15,0.1,4.45,604,1532,0.39425587467362927,0.6493537843937557
diffuse_blur_js_0.15,diffuse_blur,0.15,0.1,4.5,604,1532,0.39425587467362927,0.6493537843937557
diffuse_blur_js_0.15,diffuse_blur,0.15,0.1,4.55,604,1532,0.39425587467362927,0.6493537843937557
diffuse_blur_js_0.15,diffuse_blur,0.15,0.1,4.6000000000000005,605,1532,0.39490861618798956,0.6497418494360353
diffuse_blur_js_0.15,diffuse_blur,0.15,0.1,4.65,606,1532,0.39556135770234985,0.6502512576564708
diffuse_blur_js_0.15,diffuse_blur,0.15,0.1,4.7,606,1532,0.39556135770234985,0.6502512576564708
diffuse_blur_js_0.15,diffuse_blur,0.15,0.1,4.75,607,1532,0.3962140992167102,0.6509231259750318
diffuse_blur_js_0.15,diffuse_blur,0.15,0.1,4.800000000000001,608,1532,0.3968668407310705,0.6513602860047283
diffuse_blur_js_0.15,diffuse_blur,0.15,0.1,4.8500000000000005,609,1532,0.3975195822454308,0.6519434354257521
diffuse_blur_js_0.15,diffuse_blur,0.15,0.1,4.9,610,1532,0.3981723237597911,0.6524269593427059
diffuse_blur_js_0.15,diffuse_blur,0.15,0.1,4.95,610,1532,0.3981723237597911,0.6524269593427059
diffuse_blur_js_0.15,diffuse_blur,0.15,0.1,5.0,614,1532,0.4007832898172324,0.6552608491838621
diffuse_blur_js_0.15,diffuse_blur,0.15,0.1,5.050000000000001,614,1532,0.4007832898172324,0.6552608491838621
diffuse_blur_js_0.15,diffuse_blur,0.15,0.1,5.1000000000000005,615,1532,0.40143603133159267,0.6558128568978063
diffuse_blur_js_0.15,diffuse_blur,0.15,0.1,5.15,617,1532,0.4027415143603133,0.6570923591291309
diffuse_blur_js_0.15,diffuse_blur,0.15,0.1,5.2,620,1532,0.4046997389033943,0.6592947097265753
diffuse_blur_js_0.15,diffuse_blur,0.15,0.1,5.25,623,1532,0.4066579634464752,0.6615907461076127
diffuse_blur_js_0.15,diffuse_blur,0.15,0.1,5.300000000000001,628,1532,0.40992167101827676,0.6657046923372394
diffuse_blur_js_0.15,diffuse_blur,0.15,0.1,5.3500000000000005,631,1532,0.4118798955613577,0.6681312199877752
diffuse_blur_js_0.15,diffuse_blur,0.15,0.1,5.4,635,1532,0.41449086161879894,0.6723553799890377
diffuse_blur_js_0.15,diffuse_blur,0.15,0.1,5.45,639,1532,0.4171018276762402,0.6773232380419156
diffuse_blur_js_0.15,diffuse_blur,0.15,0.1,5.5,643,1532,0.4197127937336815,0.682580598318643
diffuse_blur_js_0.15,diffuse_blur,0.15,0.1,5.550000000000001,647,1532,0.4223237597911227,0.6894464164851157
diffuse_blur_js_0.15,diffuse_blur,0.15,0.1,5.6000000000000005,651,1532,0.42493472584856395,0.6967183932178136
diffuse_blur_js_0.15,diffuse_blur,0.15,0.1,5.65,655,1532,0.4275456919060052,0.7050337447831201
diffuse_blur_js_0.15,diffuse_blur,0.15,0.1,5.7,658,1532,0.42950391644908614,0.7124031768839448
diffuse_blur_js_0.15,diffuse_blur,0.15,0.1,5.75,663,1532,0.43276762402088775,0.724901765407623
diffuse_blur_js_0.15,diffuse_blur,0.15,0.1,5.800000000000001,666,1532,0.4347258485639687,0.7333240195886611
diffuse_blur_js_0.15,diffuse_blur,0.15,0.1,5.8500000000000005,669,1532,0.4366840731070496,0.7415577945118882
diffuse_blur_js_0.15,diffuse_blur,0.15,0.1,5.9,671,1532,0.43798955613577023,0.7476737590505661
diffuse_blur_js_0.15,diffuse_blur,0.15,0.1,5.95,671,1532,0.43798955613577023,0.7476737590505661
diffuse_blur_js_0.15,diffuse_blur,0.15,0.1,6.0,674,1532,0.43994778067885115,0.7528573146728182
diffuse_blur_js_0.15,diffuse_blur,0.15,0.1,6.050000000000001,674,1532,0.43994778067885115,0.7528573146728182
diffuse_blur_js_0.15,diffuse_blur,0.15,0.1,6.1000000000000005,674,1532,0.43994778067885115,0.7528573146728182
diffuse_blur_js_0.15,diffuse_blur,0.15,0.1,6.15,674,1532,0.43994778067885115,0.7528573146728182
diffuse_blur_js_0.15,diffuse_blur,0.15,0.1,6.2,674,1532,0.43994778067885115,0.7528573146728182
diffuse_blur_js_0.15,diffuse_blur,0.15,0.1,6.25,674,1532,0.43994778067885115,0.7528573146728182
diffuse_blur_js_0.15,diffuse_blur,0.15,0.1,6.300000000000001,674,1532,0.43994778067885115,0.7528573146728182
diffuse_blur_js_0.15,diffuse_blur,0.15,0.1,6.3500000000000005,674,1532,0.43994778067885115,0.7528573146728182
diffuse_blur_js_0.15,diffuse_blur,0.15,0.1,6.4,674,1532,0.43994778067885115,0.7528573146728182
diffuse_blur_js_0.15,diffuse_blur,0.15,0.1,6.45,674,1532,0.43994778067885115,0.7528573146728182
diffuse_blur_js_0.15,diffuse_blur,0.15,0.1,6.5,674,1532,0.43994778067885115,0.7528573146728182
diffuse_blur_js_0.15,diffuse_blur,0.15,0.1,6.550000000000001,674,1532,0.43994778067885115,0.7528573146728182
diffuse_blur_js_0.15,diffuse_blur,0.15,0.1,6.6000000000000005,674,1532,0.43994778067885115,0.7528573146728182
diffuse_blur_js_0.15,diffuse_blur,0.15,0.1,6.65,674,1532,0.43994778067885115,0.7528573146728182
diffuse_blur_js_0.15,diffuse_blur,0.15,0.1,6.7,674,1532,0.43994778067885115,0.7528573146728182
diffuse_blur_js_0.15,diffuse_blur,0.15,0.1,6.75,674,1532,0.43994778067885115,0.7528573146728182
diffuse_blur_js_0.15,diffuse_blur,0.15,0.1,6.800000000000001,674,1532,0.43994778067885115,0.7528573146728182
diffuse_blur_js_0.15,diffuse_blur,0.15,0.1,6.8500000000000005,674,1532,0.43994778067885115,0.7528573146728182
diffuse_blur_js_0.15,diffuse_blur,0.15,0.1,6.9,674,1532,0.43994778067885115,0.7528573146728182
diffuse_blur_js_0.15,diffuse_blur,0.15,0.1,6.95,674,1532,0.43994778067885115,0.7528573146728182
diffuse_blur_js_0.15,diffuse_blur,0.15,0.1,7.0,674,1532,0.43994778067885115,0.7528573146728182
diffuse_blur_js_0.15,diffuse_blur,0.15,0.1,7.050000000000001,674,1532,0.43994778067885115,0.7528573146728182
diffuse_blur_js_0.15,diffuse_blur,0.15,0.1,7.1000000000000005,674,1532,0.43994778067885115,0.7528573146728182
diffuse_blur_js_0.15,diffuse_blur,0.15,0.1,7.15,674,1532,0.43994778067885115,0.7528573146728182
diffuse_blur_js_0.15,diffuse_blur,0.15,0.1,7.2,674,1532,0.43994778067885115,0.7528573146728182
diffuse_blur_js_0.15,diffuse_blur,0.15,0.1,7.25,674,1532,0.43994778067885115,0.7528573146728182
diffuse_blur_js_0.15,diffuse_blur,0.15,0.1,7.300000000000001,674,1532,0.43994778067885115,0.7528573146728182
diffuse_blur_js_0.15,diffuse_blur,0.15,0.1,7.3500000000000005,674,1532,0.43994778067885115,0.7528573146728182
diffuse_blur_js_0.15,diffuse_blur,0.15,0.1,7.4,674,1532,0.43994778067885115,0.7528573146728182
diffuse_blur_js_0.15,diffuse_blur,0.15,0.1,7.45,674,1532,0.43994778067885115,0.7528573146728182
diffuse_blur_js_0.15,diffuse_blur,0.15,0.1,7.5,674,1532,0.43994778067885115,0.7528573146728182
diffuse_blur_js_0.15,diffuse_blur,0.15,0.1,7.550000000000001,674,1532,0.43994778067885115,0.7528573146728182
diffuse_blur_js_0.15,diffuse_blur,0.15,0.1,7.6000000000000005,674,1532,0.43994778067885115,0.7528573146728182
diffuse_blur_js_0.15,diffuse_blur,0.15,0.1,7.65,674,1532,0.43994778067885115,0.7528573146728182
diffuse_blur_js_0.15,diffuse_blur,0.15,0.1,7.7,674,1532,0.43994778067885115,0.7528573146728182
diffuse_blur_js_0.15,diffuse_blur,0.15,0.1,7.75,674,1532,0.43994778067885115,0.7528573146728182
diffuse_blur_js_0.15,diffuse_blur,0.15,0.1,7.800000000000001,674,1532,0.43994778067885115,0.7528573146728182
diffuse_blur_js_0.15,diffuse_blur,0.15,0.1,7.8500000000000005,674,1532,0.43994778067885115,0.7528573146728182
diffuse_blur_js_0.15,diffuse_blur,0.15,0.1,7.9,674,1532,0.43994778067885115,0.7528573146728182
diffuse_blur_js_0.15,diffuse_blur,0.15,0.1,7.95,674,1532,0.43994778067885115,0.7528573146728182
diffuse_blur_js_0.15,diffuse_blur,0.15,0.1,8.0,674,1532,0.43994778067885115,0.7528573146728182
diffuse_blur_js_0.15,diffuse_blur,0.15,0.1,8.05,674,1532,0.43994778067885115,0.7528573146728182
diffuse_blur_js_0.15,diffuse_blur,0.15,0.1,8.1,674,1532,0.43994778067885115,0.7528573146728182
diffuse_blur_js_0.15,diffuse_blur,0.15,0.1,8.15,674,1532,0.43994778067885115,0.7528573146728182
diffuse_blur_js_0.15,diffuse_blur,0.15,0.1,8.200000000000001,674,1532,0.43994778067885115,0.7528573146728182
diffuse_blur_js_0.15,diffuse_blur,0.15,0.1,8.25,674,1532,0.43994778067885115,0.7528573146728182
diffuse_blur_js_0.15,diffuse_blur,0.15,0.1,8.3,674,1532,0.43994778067885115,0.7528573146728182
diffuse_blur_js_0.15,diffuse_blur,0.15,0.1,8.35,674,1532,0.43994778067885115,0.7528573146728182
diffuse_blur_js_0.15,diffuse_blur,0.15,0.1,8.4,674,1532,0.43994778067885115,0.7528573146728182
diffuse_blur_js_0.15,diffuse_blur,0.15,0.1,8.450000000000001,674,1532,0.43994778067885115,0.7528573146728182
diffuse_blur_js_0.15,diffuse_blur,0.15,0.1,8.5,674,1532,0.43994778067885115,0.7528573146728182
diffuse_blur_js_0.15,diffuse_blur,0.15,0.1,8.55,674,1532,0.43994778067885115,0.7528573146728182
diffuse_blur_js_0.15,diffuse_blur,0.15,0.1,8.6,674,1532,0.43994778067885115,0.7528573146728182
diffuse_blur_js_0.15,diffuse_blur,0.15,0.1,8.65,674,1532,0.43994778067885115,0.7528573146728182
diffuse_blur_js_0.15,diffuse_blur,0.15,0.1,8.700000000000001,674,1532,0.43994778067885115,0.7528573146728182
diffuse_blur_js_0.15,diffuse_blur,0.15,0.1,8.75,674,1532,0.43994778067885115,0.7528573146728182
diffuse_blur_js_0.15,diffuse_blur,0.15,0.1,8.8,674,1532,0.43994778067885115,0.7528573146728182
diffuse_blur_js_0.15,diffuse_blur,0.15,0.1,8.85,674,1532,0.43994778067885115,0.7528573146728182
diffuse_blur_js_0.15,diffuse_blur,0.15,0.1,8.9,674,1532,0.43994778067885115,0.7528573146728182
diffuse_blur_js_0.15,diffuse_blur,0.15,0.1,8.950000000000001,674,1532,0.43994778067885115,0.7528573146728182
diffuse_blur_js_0.15,diffuse_blur,0.15,0.1,9.0,674,1532,0.43994778067885115,0.7528573146728182
diffuse_blur_js_0.15,diffuse_blur,0.15,0.1,9.05,674,1532,0.43994778067885115,0.7528573146728182
diffuse_blur_js_0.15,diffuse_blur,0.15,0.1,9.1,674,1532,0.43994778067885115,0.7528573146728182
diffuse_blur_js_0.15,diffuse_blur,0.15,0.1,9.15,674,1532,0.43994778067885115,0.7528573146728182
diffuse_blur_js_0.15,diffuse_blur,0.15,0.1,9.200000000000001,674,1532,0.43994778067885115,0.7528573146728182
diffuse_blur_js_0.15,diffuse_blur,0.15,0.1,9.25,674,1532,0.43994778067885115,0.7528573146728182
diffuse_blur_js_0.15,diffuse_blur,0.15,0.1,9.3,674,1532,0.43994778067885115,0.7528573146728182
diffuse_blur_js_0.15,diffuse_blur,0.15,0.1,9.35,674,1532,0.43994778067885115,0.7528573146728182
diffuse_blur_js_0.15,diffuse_blur,0.15,0.1,9.4,674,1532,0.43994778067885115,0.7528573146728182
diffuse_blur_js_0.15,diffuse_blur,0.15,0.1,9.450000000000001,674,1532,0.43994778067885115,0.7528573146728182
diffuse_blur_js_0.15,diffuse_blur,0.15,0.1,9.5,674,1532,0.43994778067885115,0.7528573146728182
diffuse_blur_js_0.15,diffuse_blur,0.15,0.1,9.55,674,1532,0.43994778067885115,0.7528573146728182
diffuse_blur_js_0.15,diffuse_blur,0.15,0.1,9.600000000000001,674,1532,0.43994778067885115,0.7528573146728182
diffuse_blur_js_0.15,diffuse_blur,0.15,0.1,9.65,674,1532,0.43994778067885115,0.7528573146728182
diffuse_blur_js_0.15,diffuse_blur,0.15,0.1,9.700000000000001,674,1532,0.43994778067885115,0.7528573146728182
diffuse_blur_js_0.15,diffuse_blur,0.15,0.1,9.75,674,1532,0.43994778067885115,0.7528573146728182
diffuse_blur_js_0.15,diffuse_blur,0.15,0.1,9.8,674,1532,0.43994778067885115,0.7528573146728182
diffuse_blur_js_0.15,diffuse_blur,0.15,0.1,9.850000000000001,674,1532,0.43994778067885115,0.7528573146728182
diffuse_blur_js_0.15,diffuse_blur,0.15,0.1,9.9,674,1532,0.43994778067885115,0.7528573146728182
diffuse_blur_js_0.15,diffuse_blur,0.15,0.1,9.950000000000001,674,1532,0.43994778067885115,0.7528573146728182
diffuse_blur_js_0.15,diffuse_blur,0.15,0.1,10.0,674,1532,0.43994778067885115,0.7528573146728182
diffuse_blur_js_0.15,diffuse_blur,0.15,0.1,10.05,674,1532,0.43994778067885115,0.7528573146728182
diffuse_blur_js_0.15,diffuse_blur,0.15,0.1,10.100000000000001,674,1532,0.43994778067885115,0.7528573146728182
diffuse_blur_js_0.15,diffuse_blur,0.15,0.1,10.15,674,1532,0.43994778067885115,0.7528573146728182
diffuse_blur_js_0.15,diffuse_blur,0.15,0.1,10.200000000000001,674,1532,0.43994778067885115,0.7528573146728182
diffuse_blur_js_0.15,diffuse_blur,0.15,0.1,10.25,674,1532,0.43994778067885115,0.7528573146728182
diffuse_blur_js_0.15,diffuse_blur,0.15,0.1,10.3,674,1532,0.43994778067885115,0.7528573146728182
diffuse_blur_js_0.15,diffuse_blur,0.15,0.1,10.350000000000001,674,1532,0.43994778067885115,0.7528573146728182
diffuse_blur_js_0.15,diffuse_blur,0.15,0.1,10.4,674,1532,0.43994778067885115,0.7528573146728182
diffuse_blur_js_0.15,diffuse_blur,0.15,0.1,10.450000000000001,674,1532,0.43994778067885115,0.7528573146728182
diffuse_blur_js_0.15,diffuse_blur,0.15,0.1,10.5,674,1532,0.43994778067885115,0.7528573146728182
diffuse_blur_js_0.15,diffuse_blur,0.15,0.1,10.55,674,1532,0.43994778067885115,0.7528573146728182
diffuse_blur_js_0.15,diffuse_blur,0.15,0.1,10.600000000000001,674,1532,0.43994778067885115,0.7528573146728182
diffuse_blur_js_0.15,diffuse_blur,0.15,0.1,10.65,674,1532,0.43994778067885115,0.7528573146728182
diffuse_blur_js_0.15,diffuse_blur,0.15,0.1,10.700000000000001,674,1532,0.43994778067885115,0.7528573146728182
diffuse_blur_js_0.15,diffuse_blur,0.15,0.1,10.75,674,1532,0.43994778067885115,0.7528573146728182
diffuse_blur_js_0.15,diffuse_blur,0.15,0.1,10.8,674,1532,0.43994778067885115,0.7528573146728182
diffuse_blur_js_0.15,diffuse_blur,0.15,0.1,10.850000000000001,674,1532,0.43994778067885115,0.7528573146728182
diffuse_blur_js_0.15,diffuse_blur,0.15,0.1,10.9,674,1532,0.43994778067885115,0.7528573146728182
diffuse_blur_js_0.15,diffuse_blur,0.15,0.1,10.950000000000001,674,1532,0.43994778067885115,0.7528573146728182
diffuse_blur_js_0.15,diffuse_blur,0.15,0.1,11.0,674,1532,0.43994778067885115,0.7528573146728182
diffuse_blur_js_0.15,diffuse_blur,0.15,0.1,11.05,674,1532,0.43994778067885115,0.7528573146728182
diffuse_blur_js_0.15,diffuse_blur,0.15,0.1,11.100000000000001,674,1532,0.43994778067885115,0.7528573146728182
diffuse_blur_js_0.15,diffuse_blur,0.15,0.1,11.15,674,1532,0.43994778067885115,0.7528573146728182
diffuse_blur_js_0.15,diffuse_blur,0.15,0.1,11.200000000000001,674,1532,0.43994778067885115,0.7528573146728182
diffuse_blur_js_0.15,diffuse_blur,0.15,0.1,11.25,674,1532,0.43994778067885115,0.7528573146728182
diffuse_blur_js_0.15,diffuse_blur,0.15,0.1,11.3,674,1532,0.43994778067885115,0.7528573146728182
diffuse_blur_js_0.15,diffuse_blur,0.15,0.1,11.350000000000001,674,1532,0.43994778067885115,0.7528573146728182
diffuse_blur_js_0.15,diffuse_blur,0.15,0.1,11.4,674,1532,0.43994778067885115,0.7528573146728182
diffuse_blur_js_0.15,diffuse_blur,0.15,0.1,11.450000000000001,674,1532,0.43994778067885115,0.7528573146728182
diffuse_blur_js_0.15,diffuse_blur,0.15,0.1,11.5,674,1532,0.43994778067885115,0.7528573146728182
diffuse_blur_js_0.15,diffuse_blur,0.15,0.1,11.55,674,1532,0.43994778067885115,0.7528573146728182
diffuse_blur_js_0.15,diffuse_blur,0.15,0.1,11.600000000000001,674,1532,0.43994778067885115,0.7528573146728182
diffuse_blur_js_0.15,diffuse_blur,0.15,0.1,11.65,674,1532,0.43994778067885115,0.7528573146728182
diffuse_blur_js_0.15,diffuse_blur,0.15,0.1,11.700000000000001,674,1532,0.43994778067885115,0.7528573146728182
diffuse_blur_js_0.15,diffuse_blur,0.15,0.1,11.75,674,1532,0.43994778067885115,0.7528573146728182
diffuse_blur_js_0.15,diffuse_blur,0.15,0.1,11.8,674,1532,0.43994778067885115,0.7528573146728182
diffuse_blur_js_0.15,diffuse_blur,0.15,0.1,11.850000000000001,674,1532,0.43994778067885115,0.7528573146728182
diffuse_blur_js_0.15,diffuse_blur,0.15,0.1,11.9,674,1532,0.43994778067885115,0.7528573146728182
diffuse_blur_js_0.15,diffuse_blur,0.15,0.1,11.950000000000001,674,1532,0.43994778067885115,0.7528573146728182
diffuse_blur_js_0.15,diffuse_blur,0.15,0.1,12.0,674,1532,0.43994778067885115,0.7528573146728182
diffuse_blur_js_0.15,diffuse_blur,0.15,0.1,12.05,674,1532,0.43994778067885115,0.7528573146728182
diffuse_blur_js_0.15,diffuse_blur,0.15,0.1,12.100000000000001,674,1532,0.43994778067885115,0.7528573146728182
diffuse_blur_js_0.15,diffuse_blur,0.15,0.1,12.15,674,1532,0.43994778067885115,0.7528573146728182
diffuse_blur_js_0.15,diffuse_blur,0.15,0.1,12.200000000000001,674,1532,0.43994778067885115,0.7528573146728182
diffuse_blur_js_0.15,diffuse_blur,0.15,0.1,12.25,674,1532,0.43994778067885115,0.7528573146728182
diffuse_blur_js_0.15,diffuse_blur,0.15,0.1,12.3,674,1532,0.43994778067885115,0.7528573146728182
diffuse_blur_js_0.15,diffuse_blur,0.15,0.1,12.350000000000001,674,1532,0.43994778067885115,0.7528573146728182
diffuse_blur_js_0.15,diffuse_blur,0.15,0.1,12.4,674,1532,0.43994778067885115,0.7528573146728182
diffuse_blur_js_0.15,diffuse_blur,0.15,0.1,12.450000000000001,674,1532,0.43994778067885115,0.7528573146728182
diffuse_blur_js_0.15,diffuse_blur,0.15,0.1,12.5,674,1532,0.43994778067885115,0.7528573146728182
diffuse_blur_js_0.15,diffuse_blur,0.15,0.1,12.55,674,1532,0.43994778067885115,0.7528573146728182
diffuse_blur_js_0.15,diffuse_blur,0.15,0.1,12.600000000000001,674,1532,0.43994778067885115,0.7528573146728182
diffuse_blur_js_0.15,diffuse_blur,0.15,0.1,12.65,674,1532,0.43994778067885115,0.7528573146728182
diffuse_blur_js_0.15,diffuse_blur,0.15,0.1,12.700000000000001,674,1532,0.43994778067885115,0.7528573146728182
diffuse_blur_js_0.15,diffuse_blur,0.15,0.1,12.75,674,1532,0.43994778067885115,0.7528573146728182
diffuse_blur_js_0.15,diffuse_blur,0.15,0.1,12.8,674,1532,0.43994778067885115,0.7528573146728182
diffuse_blur_js_0.15,diffuse_blur,0.15,0.1,12.850000000000001,674,1532,0.43994778067885115,0.7528573146728182
diffuse_blur_js_0.15,diffuse_blur,0.15,0.1,12.9,674,1532,0.43994778067885115,0.7528573146728182
diffuse_blur_js_0.15,diffuse_blur,0.15,0.1,12.950000000000001,674,1532,0.43994778067885115,0.7528573146728182
diffuse_blur_js_0.15,diffuse_blur,0.15,0.1,13.0,674,1532,0.43994778067885115,0.7528573146728182
diffuse_blur_js_0.15,diffuse_blur,0.15,0.1,13.05,674,1532,0.43994778067885115,0.7528573146728182
diffuse_blur_js_0.15,diffuse_blur,0.15,0.1,13.100000000000001,674,1532,0.43994778067885115,0.7528573146728182
diffuse_blur_js_0.15,diffuse_blur,0.15,0.1,13.15,674,1532,0.43994778067885115,0.7528573146728182
diffuse_blur_js_0.15,diffuse_blur,0.15,0.1,13.200000000000001,674,1532,0.43994778067885115,0.7528573146728182
diffuse_blur_js_0.15,diffuse_blur,0.15,0.1,13.25,674,1532,0.43994778067885115,0.7528573146728182
diffuse_blur_js_0.15,diffuse_blur,0.15,0.1,13.3,674,1532,0.43994778067885115,0.7528573146728182
diffuse_blur_js_0.15,diffuse_blur,0.15,0.1,13.350000000000001,674,1532,0.43994778067885115,0.7528573146728182
diffuse_blur_js_0.15,diffuse_blur,0.15,0.1,13.4,674,1532,0.43994778067885115,0.7528573146728182
diffuse_blur_js_0.15,diffuse_blur,0.15,0.1,13.450000000000001,674,1532,0.43994778067885115,0.7528573146728182
diffuse_blur_js_0.15,diffuse_blur,0.15,0.1,13.5,674,1532,0.43994778067885115,0.7528573146728182
diffuse_blur_js_0.15,diffuse_blur,0.15,0.1,13.55,674,1532,0.43994778067885115,0.7528573146728182
diffuse_blur_js_0.15,diffuse_blur,0.15,0.1,13.600000000000001,674,1532,0.43994778067885115,0.7528573146728182
diffuse_blur_js_0.15,diffuse_blur,0.15,0.1,13.65,674,1532,0.43994778067885115,0.7528573146728182
diffuse_blur_js_0.15,diffuse_blur,0.15,0.1,13.700000000000001,674,1532,0.43994778067885115,0.7528573146728182
diffuse_blur_js_0.15,diffuse_blur,0.15,0.1,13.75,674,1532,0.43994778067885115,0.7528573146728182
diffuse_blur_js_0.15,diffuse_blur,0.15,0.1,13.8,674,1532,0.43994778067885115,0.7528573146728182
diffuse_blur_js_0.15,diffuse_blur,0.15,0.1,13.850000000000001,674,1532,0.43994778067885115,0.7528573146728182
diffuse_blur_js_0.15,diffuse_blur,0.15,0.1,13.9,674,1532,0.43994778067885115,0.7528573146728182
diffuse_blur_js_0.15,diffuse_blur,0.15,0.1,13.950000000000001,674,1532,0.43994778067885115,0.7528573146728182
diffuse_blur_js_0.15,diffuse_blur,0.15,0.1,14.0,674,1532,0.43994778067885115,0.7528573146728182
diffuse_blur_js_0.15,diffuse_blur,0.15,0.1,14.05,674,1532,0.43994778067885115,0.7528573146728182
diffuse_blur_js_0.15,diffuse_blur,0.15,0.1,14.100000000000001,674,1532,0.43994778067885115,0.7528573146728182
diffuse_blur_js_0.15,diffuse_blur,0.15,0.1,14.15,674,1532,0.43994778067885115,0.7528573146728182
diffuse_blur_js_0.15,diffuse_blur,0.15,0.1,14.200000000000001,674,1532,0.43994778067885115,0.7528573146728182
diffuse_blur_js_0.15,diffuse_blur,0.15,0.1,14.25,674,1532,0.43994778067885115,0.7528573146728182
diffuse_blur_js_0.15,diffuse_blur,0.15,0.1,14.3,674,1532,0.43994778067885115,0.7528573146728182
diffuse_blur_js_0.15,diffuse_blur,0.15,0.1,14.350000000000001,674,1532,0.43994778067885115,0.7528573146728182
diffuse_blur_js_0.15,diffuse_blur,0.15,0.1,14.4,674,1532,0.43994778067885115,0.7528573146728182
diffuse_blur_js_0.15,diffuse_blur,0.15,0.1,14.450000000000001,674,1532,0.43994778067885115,0.7528573146728182
diffuse_blur_js_0.15,diffuse_blur,0.15,0.1,14.5,674,1532,0.43994778067885115,0.7528573146728182
diffuse_blur_js_0.15,diffuse_blur,0.15,0.1,14.55,674,1532,0.43994778067885115,0.7528573146728182
diffuse_blur_js_0.15,diffuse_blur,0.15,0.1,14.600000000000001,674,1532,0.43994778067885115,0.7528573146728182
diffuse_blur_js_0.15,diffuse_blur,0.15,0.1,14.65,674,1532,0.43994778067885115,0.7528573146728182
diffuse_blur_js_0.15,diffuse_blur,0.15,0.1,14.700000000000001,674,1532,0.43994778067885115,0.7528573146728182
diffuse_blur_js_0.15,diffuse_blur,0.15,0.1,14.75,674,1532,0.43994778067885115,0.7528573146728182
diffuse_blur_js_0.15,diffuse_blur,0.15,0.1,14.8,674,1532,0.43994778067885115,0.7528573146728182
diffuse_blur_js_0.15,diffuse_blur,0.15,0.1,14.850000000000001,674,1532,0.43994778067885115,0.7528573146728182
diffuse_blur_js_0.15,diffuse_blur,0.15,0.1,14.9,674,1532,0.43994778067885115,0.7528573146728182
diffuse_blur_js_0.15,diffuse_blur,0.15,0.1,14.950000000000001,674,1532,0.43994778067885115,0.7528573146728182
diffuse_blur_js_0.15,diffuse_blur,0.15,0.1,15.0,674,1532,0.43994778067885115,0.7528573146728182
false_hotspot_js_0.05,false_hotspot,0.05,0.1,0.0,76,1532,0.04960835509138381,0.011122795102453328
false_hotspot_js_0.05,false_hotspot,0.05,0.1,0.05,77,1532,0.05026109660574413,0.011269173933804206
false_hotspot_js_0.05,false_hotspot,0.05,0.1,0.1,81,1532,0.05287206266318538,0.011854599566472253
false_hotspot_js_0.05,false_hotspot,0.05,0.1,0.15000000000000002,88,1532,0.057441253263707574,0.012879126845692918
false_hotspot_js_0.05,false_hotspot,0.05,0.1,0.2,91,1532,0.05939947780678851,0.013318270039736879
false_hotspot_js_0.05,false_hotspot,0.05,0.1,0.25,104,1532,0.06788511749347259,0.015221089830806216
false_hotspot_js_0.05,false_hotspot,0.05,0.1,0.30000000000000004,112,1532,0.0731070496083551,0.016392417501619426
false_hotspot_js_0.05,false_hotspot,0.05,0.1,0.35000000000000003,126,1532,0.08224543080939947,0.01844265320583612
false_hotspot_js_0.05,false_hotspot,0.05,0.1,0.4,138,1532,0.09007832898172324,0.020203077486682416
false_hotspot_js_0.05,false_hotspot,0.05,0.1,0.45,151,1532,0.09856396866840732,0.02211289457826417
false_hotspot_js_0.05,false_hotspot,0.05,0.1,0.5,170,1532,0.11096605744125326,0.024922978054464556
false_hotspot_js_0.05,false_hotspot,0.05,0.1,0.55,189,1532,0.12336814621409922,0.027785252726630103
false_hotspot_js_0.05,false_hotspot,0.05,0.1,0.6000000000000001,205,1532,0.13381201044386423,0.030289145686316
false_hotspot_js_0.05,false_hotspot,0.05,0.1,0.65,215,1532,0.14033942558746737,0.031882872553858854
false_hotspot_js_0.05,false_hotspot,0.05,0.1,0.7000000000000001,222,1532,0.14490861618798956,0.03307896486344067
false_hotspot_js_0.05,false_hotspot,0.05,0.1,0.75,227,1532,0.1481723237597911,0.033933479106688536
false_hotspot_js_0.05,false_hotspot,0.05,0.1,0.8,230,1532,0.15013054830287206,0.03459611291615096
false_hotspot_js_0.05,false_hotspot,0.05,0.1,0.8500000000000001,231,1532,0.15078328981723238,0.034764307322470864
false_hotspot_js_0.05,false_hotspot,0.05,0.1,0.9,231,1532,0.15078328981723238,0.034764307322470864
false_hotspot_js_0.05,false_hotspot,0.05,0.1,0.9500000000000001,231,1532,0.15078328981723238,0.034764307322470864
false_hotspot_js_0.05,false_hotspot,0.05,0.1,1.0,235,1532,0.15339425587467362,0.0437886594909135
false_hotspot_js_0.05,false_hotspot,0.05,0.1,1.05,258,1532,0.16840731070496084,0.09803996999702866
false_hotspot_js_0.05,false_hotspot,0.05,0.1,1.1,272,1532,0.17754569190600522,0.13917892414124852
false_hotspot_js_0.05,false_hotspot,0.05,0.1,1.1500000000000001,287,1532,0.18733681462140991,0.18299803740893408
false_hotspot_js_0.05,false_hotspot,0.05,0.1,1.2000000000000002,301,1532,0.19647519582245432,0.22806956217036442
false_hotspot_js_0.05,false_hotspot,0.05,0.1,1.25,312,1532,0.20365535248041775,0.26888111517581625
false_hotspot_js_0.05,false_hotspot,0.05,0.1,1.3,321,1532,0.20953002610966057,0.30179781634274894
false_hotspot_js_0.05,false_hotspot,0.05,0.1,1.35,330,1532,0.2154046997389034,0.33348522658643454
false_hotspot_js_0.05,false_hotspot,0.05,0.1,1.4000000000000001,337,1532,0.21997389033942558,0.35761331318617784
false_hotspot_js_0.05,false_hotspot,0.05,0.1,1.4500000000000002,345,1532,0.22519582245430808,0.38044378438001186
false_hotspot_js_0.05,false_hotspot,0.05,0.1,1.5,347,1532,0.22650130548302871,0.3855274486645523
false_hotspot_js_0.05,false_hotspot,0.05,0.1,1.55,355,1532,0.23172323759791122,0.4134838722486965
false_hotspot_js_0.05,false_hotspot,0.05,0.1,1.6,355,1532,0.23172323759791122,0.4134838722486965
false_hotspot_js_0.05,false_hotspot,0.05,0.1,1.6500000000000001,356,1532,0.23237597911227154,0.4156199337557904
false_hotspot_js_0.05,false_hotspot,0.05,0.1,1.7000000000000002,356,1532,0.23237597911227154,0.4156199337557904
false_hotspot_js_0.05,false_hotspot,0.05,0.1,1.75,356,1532,0.23237597911227154,0.4156199337557904
false_hotspot_js_0.05,false_hotspot,0.05,0.1,1.8,357,1532,0.23302872062663185,0.41768375531654
false_hotspot_js_0.05,false_hotspot,0.05,0.1,1.85,360,1532,0.2349869451697128,0.423601806552233
false_hotspot_js_0.05,false_hotspot,0.05,0.1,1.9000000000000001,362,1532,0.2362924281984334,0.4271420716258735
false_hotspot_js_0.05,false_hotspot,0.05,0.1,1.9500000000000002,365,1532,0.23825065274151436,0.43202752022140617
false_hotspot_js_0.05,false_hotspot,0.05,0.1,2.0,369,1532,0.24086161879895562,0.4375819683574764
false_hotspot_js_0.05,false_hotspot,0.05,0.1,2.0500000000000003,374,1532,0.24412532637075718,0.44329461098896816
false_hotspot_js_0.05,false_hotspot,0.05,0.1,2.1,377,1532,0.24608355091383813,0.4463166336234059
false_hotspot_js_0.05,false_hotspot,0.05,0.1,2.15,384,1532,0.2506527415143603,0.45175537815153183
false_hotspot_js_0.05,false_hotspot,0.05,0.1,2.2,391,1532,0.25522193211488253,0.45565337359680974
false_hotspot_js_0.05,false_hotspot,0.05,0.1,2.25,398,1532,0.2597911227154047,0.45857330223978104
false_hotspot_js_0.05,false_hotspot,0.05,0.1,2.3000000000000003,404,1532,0.26370757180156656,0.4603904539088773
false_hotspot_js_0.05,false_hotspot,0.05,0.1,2.35,409,1532,0.2669712793733681,0.4615858573752633
false_hotspot_js_0.05,false_hotspot,0.05,0.1,2.4000000000000004,413,1532,0.2695822454308094,0.46238036288937356
false_hotspot_js_0.05,false_hotspot,0.05,0.1,2.45,416,1532,0.27154046997389036,0.46290350944907677
false_hotspot_js_0.05,false_hotspot,0.05,0.1,2.5,420,1532,0.2741514360313316,0.46354540765021746
false_hotspot_js_0.05,false_hotspot,0.05,0.1,2.5500000000000003,422,1532,0.2754569190600522,0.4638528058046756
false_hotspot_js_0.05,false_hotspot,0.05,0.1,2.6,423,1532,0.27610966057441255,0.46400514320884323
false_hotspot_js_0.05,false_hotspot,0.05,0.1,2.6500000000000004,425,1532,0.2774151436031332,0.4643051234513287
false_hotspot_js_0.05,false_hotspot,0.05,0.1,2.7,425,1532,0.2774151436031332,0.4643051234513287
false_hotspot_js_0.05,false_hotspot,0.05,0.1,2.75,426,1532,0.2780678851174935,0.464454439183843
false_hotspot_js_0.05,false_hotspot,0.05,0.1,2.8000000000000003,426,1532,0.2780678851174935,0.464454439183843
false_hotspot_js_0.05,false_hotspot,0.05,0.1,2.85,427,1532,0.27872062663185376,0.464632408134934
false_hotspot_js_0.05,false_hotspot,0.05,0.1,2.9000000000000004,430,1532,0.28067885117493474,0.4653786624289157
false_hotspot_js_0.05,false_hotspot,0.05,0.1,2.95,434,1532,0.283289817232376,0.46676291324748176
false_hotspot_js_0.05,false_hotspot,0.05,0.1,3.0,435,1532,0.2839425587467363,0.4672000732771783
false_hotspot_js_0.05,false_hotspot,0.05,0.1,3.0500000000000003,436,1532,0.2845953002610966,0.46778322269820205
false_hotspot_js_0.05,false_hotspot,0.05,0.1,3.1,437,1532,0.28524804177545693,0.4681712877404818
false_hotspot_js_0.05,false_hotspot,0.05,0.1,3.1500000000000004,439,1532,0.28655352480417756,0.46935256427947813
false_hotspot_js_0.05,false_hotspot,0.05,0.1,3.2,440,1532,0.28720626631853785,0.47023197231782116
false_hotspot_js_0.05,false_hotspot,0.05,0.1,3.25,441,1532,0.2878590078328982,0.47079926299552866
false_hotspot_js_0.05,false_hotspot,0.05,0.1,3.3000000000000003,442,1532,0.2885117493472585,0.47153279312855384
false_hotspot_js_0.05,false_hotspot,0.05,0.1,3.35,443,1532,0.2891644908616188,0.47246847693077615
false_hotspot_js_0.05,false_hotspot,0.05,0.1,3.4000000000000004,444,1532,0.2898172323759791,0.4736373871929686
false_hotspot_js_0.05,false_hotspot,0.05,0.1,3.45,449,1532,0.29308093994778067,0.4894015568136321
false_hotspot_js_0.05,false_hotspot,0.05,0.1,3.5,457,1532,0.2983028720626632,0.5162634388480525
false_hotspot_js_0.05,false_hotspot,0.05,0.1,3.5500000000000003,469,1532,0.30613577023498695,0.551685763185318
false_hotspot_js_0.05,false_hotspot,0.05,0.1,3.6,483,1532,0.3152741514360313,0.5890673788259323
false_hotspot_js_0.05,false_hotspot,0.05,0.1,3.6500000000000004,499,1532,0.32571801566579633,0.6248423699547238
false_hotspot_js_0.05,false_hotspot,0.05,0.1,3.7,517,1532,0.337467362924282,0.6508266938964871
false_hotspot_js_0.05,false_hotspot,0.05,0.1,3.75,527,1532,0.34399477806788514,0.6634056692345315
false_hotspot_js_0.05,false_hotspot,0.05,0.1,3.8000000000000003,532,1532,0.3472584856396867,0.6699366857791794
false_hotspot_js_0.05,false_hotspot,0.05,0.1,3.85,535,1532,0.3492167101827676,0.6725735110187063
false_hotspot_js_0.05,false_hotspot,0.05,0.1,3.9000000000000004,536,1532,0.34986945169712796,0.6731731166548639
false_hotspot_js_0.05,false_hotspot,0.05,0.1,3.95,538,1532,0.35117493472584854,0.6738272450298078
false_hotspot_js_0.05,false_hotspot,0.05,0.1,4.0,543,1532,0.35443864229765015,0.6767032349089267
false_hotspot_js_0.05,false_hotspot,0.05,0.1,4.05,543,1532,0.35443864229765015,0.6767032349089267
false_hotspot_js_0.05,false_hotspot,0.05,0.1,4.1000000000000005,544,1532,0.35509138381201044,0.6769607632933988
false_hotspot_js_0.05,false_hotspot,0.05,0.1,4.15,545,1532,0.35574412532637073,0.677331595234731
false_hotspot_js_0.05,false_hotspot,0.05,0.1,4.2,545,1532,0.35574412532637073,0.677331595234731
false_hotspot_js_0.05,false_hotspot,0.05,0.1,4.25,546,1532,0.3563968668407311,0.6776273997683052
false_hotspot_js_0.05,false_hotspot,0.05,0.1,4.3,547,1532,0.35704960835509136,0.6781946904460128
false_hotspot_js_0.05,false_hotspot,0.05,0.1,4.3500000000000005,547,1532,0.35704960835509136,0.6781946904460128
false_hotspot_js_0.05,false_hotspot,0.05,0.1,4.4,548,1532,0.3577023498694517,0.6786318504757092
false_hotspot_js_0.05,false_hotspot,0.05,0.1,4.45,549,1532,0.358355091383812,0.6789718145379816
false_hotspot_js_0.05,false_hotspot,0.05,0.1,4.5,549,1532,0.358355091383812,0.6789718145379816
false_hotspot_js_0.05,false_hotspot,0.05,0.1,4.55,549,1532,0.358355091383812,0.6789718145379816
false_hotspot_js_0.05,false_hotspot,0.05,0.1,4.6000000000000005,550,1532,0.35900783289817234,0.6793598795802613
false_hotspot_js_0.05,false_hotspot,0.05,0.1,4.65,551,1532,0.35966057441253263,0.6798692878006967
false_hotspot_js_0.05,false_hotspot,0.05,0.1,4.7,551,1532,0.35966057441253263,0.6798692878006967
false_hotspot_js_0.05,false_hotspot,0.05,0.1,4.75,552,1532,0.360313315926893,0.6805411561192577
false_hotspot_js_0.05,false_hotspot,0.05,0.1,4.800000000000001,553,1532,0.36096605744125326,0.6809783161489542
false_hotspot_js_0.05,false_hotspot,0.05,0.1,4.8500000000000005,554,1532,0.36161879895561355,0.681561465569978
false_hotspot_js_0.05,false_hotspot,0.05,0.1,4.9,555,1532,0.3622715404699739,0.6820449894869316
false_hotspot_js_0.05,false_hotspot,0.05,0.1,4.95,555,1532,0.3622715404699739,0.6820449894869316
false_hotspot_js_0.05,false_hotspot,0.05,0.1,5.0,559,1532,0.36488250652741516,0.6848788793280879
false_hotspot_js_0.05,false_hotspot,0.05,0.1,5.050000000000001,559,1532,0.36488250652741516,0.6848788793280879
false_hotspot_js_0.05,false_hotspot,0.05,0.1,5.1000000000000005,560,1532,0.36553524804177545,0.6854308870420321
false_hotspot_js_0.05,false_hotspot,0.05,0.1,5.15,562,1532,0.3668407310704961,0.6867103892733569
false_hotspot_js_0.05,false_hotspot,0.05,0.1,5.2,565,1532,0.368798955613577,0.6889127398708013
false_hotspot_js_0.05,false_hotspot,0.05,0.1,5.25,568,1532,0.370757180156658,0.6912087762518385
false_hotspot_js_0.05,false_hotspot,0.05,0.1,5.300000000000001,573,1532,0.37402088772845954,0.6953227224814653
false_hotspot_js_0.05,false_hotspot,0.05,0.1,5.3500000000000005,576,1532,0.37597911227154046,0.6977492501320011
false_hotspot_js_0.05,false_hotspot,0.05,0.1,5.4,580,1532,0.3785900783289817,0.7019734101332635
false_hotspot_js_0.05,false_hotspot,0.05,0.1,5.45,584,1532,0.381201044386423,0.7069412681861414
false_hotspot_js_0.05,false_hotspot,0.05,0.1,5.5,588,1532,0.3838120104438642,0.7121986284628689
false_hotspot_js_0.05,false_hotspot,0.05,0.1,5.550000000000001,592,1532,0.38642297650130547,0.7190644466293417
false_hotspot_js_0.05,false_hotspot,0.05,0.1,5.6000000000000005,595,1532,0.38838120104438645,0.7244093085245678
false_hotspot_js_0.05,false_hotspot,0.05,0.1,5.65,596,1532,0.38903394255874674,0.7259302647958141
false_hotspot_js_0.05,false_hotspot,0.05,0.1,5.7,596,1532,0.38903394255874674,0.7259302647958141
false_hotspot_js_0.05,false_hotspot,0.05,0.1,5.75,598,1532,0.39033942558746737,0.7295510110684711
false_hotspot_js_0.05,false_hotspot,0.05,0.1,5.800000000000001,599,1532,0.39099216710182766,0.7316870725755651
false_hotspot_js_0.05,false_hotspot,0.05,0.1,5.8500000000000005,599,1532,0.39099216710182766,0.7316870725755651
false_hotspot_js_0.05,false_hotspot,0.05,0.1,5.9,599,1532,0.39099216710182766,0.7316870725755651
false_hotspot_js_0.05,false_hotspot,0.05,0.1,5.95,599,1532,0.39099216710182766,0.7316870725755651
false_hotspot_js_0.05,false_hotspot,0.05,0.1,6.0,599,1532,0.39099216710182766,0.7316870725755651
false_hotspot_js_0.05,false_hotspot,0.05,0.1,6.050000000000001,599,1532,0.39099216710182766,0.7316870725755651
false_hotspot_js_0.05,false_hotspot,0.05,0.1,6.1000000000000005,599,1532,0.39099216710182766,0.7316870725755651
false_hotspot_js_0.05,false_hotspot,0.05,0.1,6.15,599,1532,0.39099216710182766,0.7316870725755651
false_hotspot_js_0.05,false_hotspot,0.05,0.1,6.2,599,1532,0.39099216710182766,0.7316870725755651
false_hotspot_js_0.05,false_hotspot,0.05,0.1,6.25,599,1532,0.39099216710182766,0.7316870725755651
false_hotspot_js_0.05,false_hotspot,0.05,0.1,6.300000000000001,599,1532,0.39099216710182766,0.7316870725755651
false_hotspot_js_0.05,false_hotspot,0.05,0.1,6.3500000000000005,599,1532,0.39099216710182766,0.7316870725755651
false_hotspot_js_0.05,false_hotspot,0.05,0.1,6.4,599,1532,0.39099216710182766,0.7316870725755651
false_hotspot_js_0.05,false_hotspot,0.05,0.1,6.45,599,1532,0.39099216710182766,0.7316870725755651
false_hotspot_js_0.05,false_hotspot,0.05,0.1,6.5,599,1532,0.39099216710182766,0.7316870725755651
false_hotspot_js_0.05,false_hotspot,0.05,0.1,6.550000000000001,599,1532,0.39099216710182766,0.7316870725755651
false_hotspot_js_0.05,false_hotspot,0.05,0.1,6.6000000000000005,599,1532,0.39099216710182766,0.7316870725755651
false_hotspot_js_0.05,false_hotspot,0.05,0.1,6.65,599,1532,0.39099216710182766,0.7316870725755651
false_hotspot_js_0.05,false_hotspot,0.05,0.1,6.7,599,1532,0.39099216710182766,0.7316870725755651
false_hotspot_js_0.05,false_hotspot,0.05,0.1,6.75,599,1532,0.39099216710182766,0.7316870725755651
false_hotspot_js_0.05,false_hotspot,0.05,0.1,6.800000000000001,599,1532,0.39099216710182766,0.7316870725755651
false_hotspot_js_0.05,false_hotspot,0.05,0.1,6.8500000000000005,599,1532,0.39099216710182766,0.7316870725755651
false_hotspot_js_0.05,false_hotspot,0.05,0.1,6.9,599,1532,0.39099216710182766,0.7316870725755651
false_hotspot_js_0.05,false_hotspot,0.05,0.1,6.95,599,1532,0.39099216710182766,0.7316870725755651
false_hotspot_js_0.05,false_hotspot,0.05,0.1,7.0,599,1532,0.39099216710182766,0.7316870725755651
false_hotspot_js_0.05,false_hotspot,0.05,0.1,7.050000000000001,599,1532,0.39099216710182766,0.7316870725755651
false_hotspot_js_0.05,false_hotspot,0.05,0.1,7.1000000000000005,599,1532,0.39099216710182766,0.7316870725755651
false_hotspot_js_0.05,false_hotspot,0.05,0.1,7.15,599,1532,0.39099216710182766,0.7316870725755651
false_hotspot_js_0.05,false_hotspot,0.05,0.1,7.2,599,1532,0.39099216710182766,0.7316870725755651
false_hotspot_js_0.05,false_hotspot,0.05,0.1,7.25,599,1532,0.39099216710182766,0.7316870725755651
false_hotspot_js_0.05,false_hotspot,0.05,0.1,7.300000000000001,599,1532,0.39099216710182766,0.7316870725755651
false_hotspot_js_0.05,false_hotspot,0.05,0.1,7.3500000000000005,599,1532,0.39099216710182766,0.7316870725755651
false_hotspot_js_0.05,false_hotspot,0.05,0.1,7.4,599,1532,0.39099216710182766,0.7316870725755651
false_hotspot_js_0.05,false_hotspot,0.05,0.1,7.45,599,1532,0.39099216710182766,0.7316870725755651
false_hotspot_js_0.05,false_hotspot,0.05,0.1,7.5,599,1532,0.39099216710182766,0.7316870725755651
false_hotspot_js_0.05,false_hotspot,0.05,0.1,7.550000000000001,599,1532,0.39099216710182766,0.7316870725755651
false_hotspot_js_0.05,false_hotspot,0.05,0.1,7.6000000000000005,599,1532,0.39099216710182766,0.7316870725755651
false_hotspot_js_0.05,false_hotspot,0.05,0.1,7.65,599,1532,0.39099216710182766,0.7316870725755651
false_hotspot_js_0.05,false_hotspot,0.05,0.1,7.7,599,1532,0.39099216710182766,0.7316870725755651
false_hotspot_js_0.05,false_hotspot,0.05,0.1,7.75,599,1532,0.39099216710182766,0.7316870725755651
false_hotspot_js_0.05,false_hotspot,0.05,0.1,7.800000000000001,599,1532,0.39099216710182766,0.7316870725755651
false_hotspot_js_0.05,false_hotspot,0.05,0.1,7.8500000000000005,599,1532,0.39099216710182766,0.7316870725755651
false_hotspot_js_0.05,false_hotspot,0.05,0.1,7.9,599,1532,0.39099216710182766,0.7316870725755651
false_hotspot_js_0.05,false_hotspot,0.05,0.1,7.95,599,1532,0.39099216710182766,0.7316870725755651
false_hotspot_js_0.05,false_hotspot,0.05,0.1,8.0,599,1532,0.39099216710182766,0.7316870725755651
false_hotspot_js_0.05,false_hotspot,0.05,0.1,8.05,599,1532,0.39099216710182766,0.7316870725755651
false_hotspot_js_0.05,false_hotspot,0.05,0.1,8.1,599,1532,0.39099216710182766,0.7316870725755651
false_hotspot_js_0.05,false_hotspot,0.05,0.1,8.15,599,1532,0.39099216710182766,0.7316870725755651
false_hotspot_js_0.05,false_hotspot,0.05,0.1,8.200000000000001,599,1532,0.39099216710182766,0.7316870725755651
false_hotspot_js_0.05,false_hotspot,0.05,0.1,8.25,599,1532,0.39099216710182766,0.7316870725755651
false_hotspot_js_0.05,false_hotspot,0.05,0.1,8.3,599,1532,0.39099216710182766,0.7316870725755651
false_hotspot_js_0.05,false_hotspot,0.05,0.1,8.35,599,1532,0.39099216710182766,0.7316870725755651
false_hotspot_js_0.05,false_hotspot,0.05,0.1,8.4,599,1532,0.39099216710182766,0.7316870725755651
false_hotspot_js_0.05,false_hotspot,0.05,0.1,8.450000000000001,599,1532,0.39099216710182766,0.7316870725755651
false_hotspot_js_0.05,false_hotspot,0.05,0.1,8.5,599,1532,0.39099216710182766,0.7316870725755651
false_hotspot_js_0.05,false_hotspot,0.05,0.1,8.55,599,1532,0.39099216710182766,0.7316870725755651
false_hotspot_js_0.05,false_hotspot,0.05,0.1,8.6,599,1532,0.39099216710182766,0.7316870725755651
false_hotspot_js_0.05,false_hotspot,0.05,0.1,8.65,599,1532,0.39099216710182766,0.7316870725755651
false_hotspot_js_0.05,false_hotspot,0.05,0.1,8.700000000000001,599,1532,0.39099216710182766,0.7316870725755651
false_hotspot_js_0.05,false_hotspot,0.05,0.1,8.75,599,1532,0.39099216710182766,0.7316870725755651
false_hotspot_js_0.05,false_hotspot,0.05,0.1,8.8,599,1532,0.39099216710182766,0.7316870725755651
false_hotspot_js_0.05,false_hotspot,0.05,0.1,8.85,599,1532,0.39099216710182766,0.7316870725755651
false_hotspot_js_0.05,false_hotspot,0.05,0.1,8.9,599,1532,0.39099216710182766,0.7316870725755651
false_hotspot_js_0.05,false_hotspot,0.05,0.1,8.950000000000001,599,1532,0.39099216710182766,0.7316870725755651
false_hotspot_js_0.05,false_hotspot,0.05,0.1,9.0,599,1532,0.39099216710182766,0.7316870725755651
false_hotspot_js_0.05,false_hotspot,0.05,0.1,9.05,599,1532,0.39099216710182766,0.7316870725755651
false_hotspot_js_0.05,false_hotspot,0.05,0.1,9.1,599,1532,0.39099216710182766,0.7316870725755651
false_hotspot_js_0.05,false_hotspot,0.05,0.1,9.15,599,1532,0.39099216710182766,0.7316870725755651
false_hotspot_js_0.05,false_hotspot,0.05,0.1,9.200000000000001,599,1532,0.39099216710182766,0.7316870725755651
false_hotspot_js_0.05,false_hotspot,0.05,0.1,9.25,599,1532,0.39099216710182766,0.7316870725755651
false_hotspot_js_0.05,false_hotspot,0.05,0.1,9.3,599,1532,0.39099216710182766,0.7316870725755651
false_hotspot_js_0.05,false_hotspot,0.05,0.1,9.35,599,1532,0.39099216710182766,0.7316870725755651
false_hotspot_js_0.05,false_hotspot,0.05,0.1,9.4,599,1532,0.39099216710182766,0.7316870725755651
false_hotspot_js_0.05,false_hotspot,0.05,0.1,9.450000000000001,599,1532,0.39099216710182766,0.7316870725755651
false_hotspot_js_0.05,false_hotspot,0.05,0.1,9.5,599,1532,0.39099216710182766,0.7316870725755651
false_hotspot_js_0.05,false_hotspot,0.05,0.1,9.55,599,1532,0.39099216710182766,0.7316870725755651
false_hotspot_js_0.05,false_hotspot,0.05,0.1,9.600000000000001,599,1532,0.39099216710182766,0.7316870725755651
false_hotspot_js_0.05,false_hotspot,0.05,0.1,9.65,599,1532,0.39099216710182766,0.7316870725755651
false_hotspot_js_0.05,false_hotspot,0.05,0.1,9.700000000000001,599,1532,0.39099216710182766,0.7316870725755651
false_hotspot_js_0.05,false_hotspot,0.05,0.1,9.75,599,1532,0.39099216710182766,0.7316870725755651
false_hotspot_js_0.05,false_hotspot,0.05,0.1,9.8,599,1532,0.39099216710182766,0.7316870725755651
false_hotspot_js_0.05,false_hotspot,0.05,0.1,9.850000000000001,599,1532,0.39099216710182766,0.7316870725755651
false_hotspot_js_0.05,false_hotspot,0.05,0.1,9.9,599,1532,0.39099216710182766,0.7316870725755651
false_hotspot_js_0.05,false_hotspot,0.05,0.1,9.950000000000001,599,1532,0.39099216710182766,0.7316870725755651
false_hotspot_js_0.05,false_hotspot,0.05,0.1,10.0,599,1532,0.39099216710182766,0.7316870725755651
false_hotspot_js_0.05,false_hotspot,0.05,0.1,10.05,599,1532,0.39099216710182766,0.7316870725755651
false_hotspot_js_0.05,false_hotspot,0.05,0.1,10.100000000000001,599,1532,0.39099216710182766,0.7316870725755651
false_hotspot_js_0.05,false_hotspot,0.05,0.1,10.15,599,1532,0.39099216710182766,0.7316870725755651
false_hotspot_js_0.05,false_hotspot,0.05,0.1,10.200000000000001,599,1532,0.39099216710182766,0.7316870725755651
false_hotspot_js_0.05,false_hotspot,0.05,0.1,10.25,599,1532,0.39099216710182766,0.7316870725755651
false_hotspot_js_0.05,false_hotspot,0.05,0.1,10.3,599,1532,0.39099216710182766,0.7316870725755651
false_hotspot_js_0.05,false_hotspot,0.05,0.1,10.350000000000001,599,1532,0.39099216710182766,0.7316870725755651
false_hotspot_js_0.05,false_hotspot,0.05,0.1,10.4,599,1532,0.39099216710182766,0.7316870725755651
false_hotspot_js_0.05,false_hotspot,0.05,0.1,10.450000000000001,599,1532,0.39099216710182766,0.7316870725755651
false_hotspot_js_0.05,false_hotspot,0.05,0.1,10.5,599,1532,0.39099216710182766,0.7316870725755651
false_hotspot_js_0.05,false_hotspot,0.05,0.1,10.55,599,1532,0.39099216710182766,0.7316870725755651
false_hotspot_js_0.05,false_hotspot,0.05,0.1,10.600000000000001,599,1532,0.39099216710182766,0.7316870725755651
false_hotspot_js_0.05,false_hotspot,0.05,0.1,10.65,599,1532,0.39099216710182766,0.7316870725755651
false_hotspot_js_0.05,false_hotspot,0.05,0.1,10.700000000000001,599,1532,0.39099216710182766,0.7316870725755651
false_hotspot_js_0.05,false_hotspot,0.05,0.1,10.75,599,1532,0.39099216710182766,0.7316870725755651
false_hotspot_js_0.05,false_hotspot,0.05,0.1,10.8,599,1532,0.39099216710182766,0.7316870725755651
false_hotspot_js_0.05,false_hotspot,0.05,0.1,10.850000000000001,599,1532,0.39099216710182766,0.7316870725755651
false_hotspot_js_0.05,false_hotspot,0.05,0.1,10.9,599,1532,0.39099216710182766,0.7316870725755651
false_hotspot_js_0.05,false_hotspot,0.05,0.1,10.950000000000001,599,1532,0.39099216710182766,0.7316870725755651
false_hotspot_js_0.05,false_hotspot,0.05,0.1,11.0,599,1532,0.39099216710182766,0.7316870725755651
false_hotspot_js_0.05,false_hotspot,0.05,0.1,11.05,599,1532,0.39099216710182766,0.7316870725755651
false_hotspot_js_0.05,false_hotspot,0.05,0.1,11.100000000000001,599,1532,0.39099216710182766,0.7316870725755651
false_hotspot_js_0.05,false_hotspot,0.05,0.1,11.15,599,1532,0.39099216710182766,0.7316870725755651
false_hotspot_js_0.05,false_hotspot,0.05,0.1,11.200000000000001,599,1532,0.39099216710182766,0.7316870725755651
false_hotspot_js_0.05,false_hotspot,0.05,0.1,11.25,599,1532,0.39099216710182766,0.7316870725755651
false_hotspot_js_0.05,false_hotspot,0.05,0.1,11.3,599,1532,0.39099216710182766,0.7316870725755651
false_hotspot_js_0.05,false_hotspot,0.05,0.1,11.350000000000001,599,1532,0.39099216710182766,0.7316870725755651
false_hotspot_js_0.05,false_hotspot,0.05,0.1,11.4,599,1532,0.39099216710182766,0.7316870725755651
false_hotspot_js_0.05,false_hotspot,0.05,0.1,11.450000000000001,599,1532,0.39099216710182766,0.7316870725755651
false_hotspot_js_0.05,false_hotspot,0.05,0.1,11.5,599,1532,0.39099216710182766,0.7316870725755651
false_hotspot_js_0.05,false_hotspot,0.05,0.1,11.55,599,1532,0.39099216710182766,0.7316870725755651
false_hotspot_js_0.05,false_hotspot,0.05,0.1,11.600000000000001,599,1532,0.39099216710182766,0.7316870725755651
false_hotspot_js_0.05,false_hotspot,0.05,0.1,11.65,599,1532,0.39099216710182766,0.7316870725755651
false_hotspot_js_0.05,false_hotspot,0.05,0.1,11.700000000000001,599,1532,0.39099216710182766,0.7316870725755651
false_hotspot_js_0.05,false_hotspot,0.05,0.1,11.75,599,1532,0.39099216710182766,0.7316870725755651
false_hotspot_js_0.05,false_hotspot,0.05,0.1,11.8,599,1532,0.39099216710182766,0.7316870725755651
false_hotspot_js_0.05,false_hotspot,0.05,0.1,11.850000000000001,599,1532,0.39099216710182766,0.7316870725755651
false_hotspot_js_0.05,false_hotspot,0.05,0.1,11.9,599,1532,0.39099216710182766,0.7316870725755651
false_hotspot_js_0.05,false_hotspot,0.05,0.1,11.950000000000001,599,1532,0.39099216710182766,0.7316870725755651
false_hotspot_js_0.05,false_hotspot,0.05,0.1,12.0,599,1532,0.39099216710182766,0.7316870725755651
false_hotspot_js_0.05,false_hotspot,0.05,0.1,12.05,599,1532,0.39099216710182766,0.7316870725755651
false_hotspot_js_0.05,false_hotspot,0.05,0.1,12.100000000000001,599,1532,0.39099216710182766,0.7316870725755651
false_hotspot_js_0.05,false_hotspot,0.05,0.1,12.15,599,1532,0.39099216710182766,0.7316870725755651
false_hotspot_js_0.05,false_hotspot,0.05,0.1,12.200000000000001,599,1532,0.39099216710182766,0.7316870725755651
false_hotspot_js_0.05,false_hotspot,0.05,0.1,12.25,599,1532,0.39099216710182766,0.7316870725755651
false_hotspot_js_0.05,false_hotspot,0.05,0.1,12.3,599,1532,0.39099216710182766,0.7316870725755651
false_hotspot_js_0.05,false_hotspot,0.05,0.1,12.350000000000001,599,1532,0.39099216710182766,0.7316870725755651
false_hotspot_js_0.05,false_hotspot,0.05,0.1,12.4,599,1532,0.39099216710182766,0.7316870725755651
false_hotspot_js_0.05,false_hotspot,0.05,0.1,12.450000000000001,599,1532,0.39099216710182766,0.7316870725755651
false_hotspot_js_0.05,false_hotspot,0.05,0.1,12.5,599,1532,0.39099216710182766,0.7316870725755651
false_hotspot_js_0.05,false_hotspot,0.05,0.1,12.55,599,1532,0.39099216710182766,0.7316870725755651
false_hotspot_js_0.05,false_hotspot,0.05,0.1,12.600000000000001,599,1532,0.39099216710182766,0.7316870725755651
false_hotspot_js_0.05,false_hotspot,0.05,0.1,12.65,599,1532,0.39099216710182766,0.7316870725755651
false_hotspot_js_0.05,false_hotspot,0.05,0.1,12.700000000000001,599,1532,0.39099216710182766,0.7316870725755651
false_hotspot_js_0.05,false_hotspot,0.05,0.1,12.75,599,1532,0.39099216710182766,0.7316870725755651
false_hotspot_js_0.05,false_hotspot,0.05,0.1,12.8,599,1532,0.39099216710182766,0.7316870725755651
false_hotspot_js_0.05,false_hotspot,0.05,0.1,12.850000000000001,599,1532,0.39099216710182766,0.7316870725755651
false_hotspot_js_0.05,false_hotspot,0.05,0.1,12.9,599,1532,0.39099216710182766,0.7316870725755651
false_hotspot_js_0.05,false_hotspot,0.05,0.1,12.950000000000001,599,1532,0.39099216710182766,0.7316870725755651
false_hotspot_js_0.05,false_hotspot,0.05,0.1,13.0,599,1532,0.39099216710182766,0.7316870725755651
false_hotspot_js_0.05,false_hotspot,0.05,0.1,13.05,599,1532,0.39099216710182766,0.7316870725755651
false_hotspot_js_0.05,false_hotspot,0.05,0.1,13.100000000000001,599,1532,0.39099216710182766,0.7316870725755651
false_hotspot_js_0.05,false_hotspot,0.05,0.1,13.15,599,1532,0.39099216710182766,0.7316870725755651
false_hotspot_js_0.05,false_hotspot,0.05,0.1,13.200000000000001,599,1532,0.39099216710182766,0.7316870725755651
false_hotspot_js_0.05,false_hotspot,0.05,0.1,13.25,599,1532,0.39099216710182766,0.7316870725755651
false_hotspot_js_0.05,false_hotspot,0.05,0.1,13.3,599,1532,0.39099216710182766,0.7316870725755651
false_hotspot_js_0.05,false_hotspot,0.05,0.1,13.350000000000001,599,1532,0.39099216710182766,0.7316870725755651
false_hotspot_js_0.05,false_hotspot,0.05,0.1,13.4,599,1532,0.39099216710182766,0.7316870725755651
false_hotspot_js_0.05,false_hotspot,0.05,0.1,13.450000000000001,599,1532,0.39099216710182766,0.7316870725755651
false_hotspot_js_0.05,false_hotspot,0.05,0.1,13.5,599,1532,0.39099216710182766,0.7316870725755651
false_hotspot_js_0.05,false_hotspot,0.05,0.1,13.55,599,1532,0.39099216710182766,0.7316870725755651
false_hotspot_js_0.05,false_hotspot,0.05,0.1,13.600000000000001,599,1532,0.39099216710182766,0.7316870725755651
false_hotspot_js_0.05,false_hotspot,0.05,0.1,13.65,599,1532,0.39099216710182766,0.7316870725755651
false_hotspot_js_0.05,false_hotspot,0.05,0.1,13.700000000000001,599,1532,0.39099216710182766,0.7316870725755651
false_hotspot_js_0.05,false_hotspot,0.05,0.1,13.75,599,1532,0.39099216710182766,0.7316870725755651
false_hotspot_js_0.05,false_hotspot,0.05,0.1,13.8,599,1532,0.39099216710182766,0.7316870725755651
false_hotspot_js_0.05,false_hotspot,0.05,0.1,13.850000000000001,599,1532,0.39099216710182766,0.7316870725755651
false_hotspot_js_0.05,false_hotspot,0.05,0.1,13.9,599,1532,0.39099216710182766,0.7316870725755651
false_hotspot_js_0.05,false_hotspot,0.05,0.1,13.950000000000001,599,1532,0.39099216710182766,0.7316870725755651
false_hotspot_js_0.05,false_hotspot,0.05,0.1,14.0,599,1532,0.39099216710182766,0.7316870725755651
false_hotspot_js_0.05,false_hotspot,0.05,0.1,14.05,599,1532,0.39099216710182766,0.7316870725755651
false_hotspot_js_0.05,false_hotspot,0.05,0.1,14.100000000000001,599,1532,0.39099216710182766,0.7316870725755651
false_hotspot_js_0.05,false_hotspot,0.05,0.1,14.15,599,1532,0.39099216710182766,0.7316870725755651
false_hotspot_js_0.05,false_hotspot,0.05,0.1,14.200000000000001,599,1532,0.39099216710182766,0.7316870725755651
false_hotspot_js_0.05,false_hotspot,0.05,0.1,14.25,599,1532,0.39099216710182766,0.7316870725755651
false_hotspot_js_0.05,false_hotspot,0.05,0.1,14.3,599,1532,0.39099216710182766,0.7316870725755651
false_hotspot_js_0.05,false_hotspot,0.05,0.1,14.350000000000001,599,1532,0.39099216710182766,0.7316870725755651
false_hotspot_js_0.05,false_hotspot,0.05,0.1,14.4,599,1532,0.39099216710182766,0.7316870725755651
false_hotspot_js_0.05,false_hotspot,0.05,0.1,14.450000000000001,599,1532,0.39099216710182766,0.7316870725755651
false_hotspot_js_0.05,false_hotspot,0.05,0.1,14.5,599,1532,0.39099216710182766,0.7316870725755651
false_hotspot_js_0.05,false_hotspot,0.05,0.1,14.55,599,1532,0.39099216710182766,0.7316870725755651
false_hotspot_js_0.05,false_hotspot,0.05,0.1,14.600000000000001,599,1532,0.39099216710182766,0.7316870725755651
false_hotspot_js_0.05,false_hotspot,0.05,0.1,14.65,599,1532,0.39099216710182766,0.7316870725755651
false_hotspot_js_0.05,false_hotspot,0.05,0.1,14.700000000000001,599,1532,0.39099216710182766,0.7316870725755651
false_hotspot_js_0.05,false_hotspot,0.05,0.1,14.75,599,1532,0.39099216710182766,0.7316870725755651
false_hotspot_js_0.05,false_hotspot,0.05,0.1,14.8,599,1532,0.39099216710182766,0.7316870725755651
false_hotspot_js_0.05,false_hotspot,0.05,0.1,14.850000000000001,599,1532,0.39099216710182766,0.7316870725755651
false_hotspot_js_0.05,false_hotspot,0.05,0.1,14.9,599,1532,0.39099216710182766,0.7316870725755651
false_hotspot_js_0.05,false_hotspot,0.05,0.1,14.950000000000001,599,1532,0.39099216710182766,0.7316870725755651
false_hotspot_js_0.05,false_hotspot,0.05,0.1,15.0,599,1532,0.39099216710182766,0.7316870725755651
false_hotspot_js_0.1,false_hotspot,0.1,0.1,0.0,76,1532,0.04960835509138381,0.011122795102453328
false_hotspot_js_0.1,false_hotspot,0.1,0.1,0.05,77,1532,0.05026109660574413,0.011269173933804206
false_hotspot_js_0.1,false_hotspot,0.1,0.1,0.1,81,1532,0.05287206266318538,0.011854599566472253
false_hotspot_js_0.1,false_hotspot,0.1,0.1,0.15000000000000002,87,1532,0.05678851174934726,0.012732776061974886
false_hotspot_js_0.1,false_hotspot,0.1,0.1,0.2,91,1532,0.05939947780678851,0.013318270039736879
false_hotspot_js_0.1,false_hotspot,0.1,0.1,0.25,104,1532,0.06788511749347259,0.015221089830806216
false_hotspot_js_0.1,false_hotspot,0.1,0.1,0.30000000000000004,112,1532,0.0731070496083551,0.016392417501619426
false_hotspot_js_0.1,false_hotspot,0.1,0.1,0.35000000000000003,124,1532,0.08093994778067885,0.018149810697350045
false_hotspot_js_0.1,false_hotspot,0.1,0.1,0.4,138,1532,0.09007832898172324,0.020203077486682416
false_hotspot_js_0.1,false_hotspot,0.1,0.1,0.45,151,1532,0.09856396866840732,0.02211289457826417
false_hotspot_js_0.1,false_hotspot,0.1,0.1,0.5,170,1532,0.11096605744125326,0.024922978054464556
false_hotspot_js_0.1,false_hotspot,0.1,0.1,0.55,185,1532,0.12075718015665797,0.02717487639717671
false_hotspot_js_0.1,false_hotspot,0.1,0.1,0.6000000000000001,205,1532,0.13381201044386423,0.030289145686316
false_hotspot_js_0.1,false_hotspot,0.1,0.1,0.65,215,1532,0.14033942558746737,0.031882872553858854
false_hotspot_js_0.1,false_hotspot,0.1,0.1,0.7000000000000001,223,1532,0.14556135770234988,0.03322625777963795
false_hotspot_js_0.1,false_hotspot,0.1,0.1,0.75,227,1532,0.1481723237597911,0.03392944529616529
false_hotspot_js_0.1,false_hotspot,0.1,0.1,0.8,228,1532,0.14882506527415143,0.034080772022885814
false_hotspot_js_0.1,false_hotspot,0.1,0.1,0.8500000000000001,231,1532,0.15078328981723238,0.03474340583234824
false_hotspot_js_0.1,false_hotspot,0.1,0.1,0.9,231,1532,0.15078328981723238,0.03474340583234824
false_hotspot_js_0.1,false_hotspot,0.1,0.1,0.9500000000000001,231,1532,0.15078328981723238,0.03474340583234824
false_hotspot_js_0.1,false_hotspot,0.1,0.1,1.0,231,1532,0.15078328981723238,0.03474340583234824
false_hotspot_js_0.1,false_hotspot,0.1,0.1,1.05,234,1532,0.15274151436031333,0.04113737593643596
false_hotspot_js_0.1,false_hotspot,0.1,0.1,1.1,253,1532,0.16514360313315926,0.08880321554312935
false_hotspot_js_0.1,false_hotspot,0.1,0.1,1.1500000000000001,262,1532,0.17101827676240208,0.11364224338102558
false_hotspot_js_0.1,false_hotspot,0.1,0.1,1.2000000000000002,270,1532,0.1762402088772846,0.1387709596634525
false_hotspot_js_0.1,false_hotspot,0.1,0.1,1.25,280,1532,0.18276762402088773,0.1659924110612658
false_hotspot_js_0.1,false_hotspot,0.1,0.1,1.3,294,1532,0.1919060052219321,0.1999180786895733
false_hotspot_js_0.1,false_hotspot,0.1,0.1,1.35,305,1532,0.19908616187989556,0.2236534909815847
false_hotspot_js_0.1,false_hotspot,0.1,0.1,1.4000000000000001,318,1532,0.20757180156657964,0.24441866046356914
false_hotspot_js_0.1,false_hotspot,0.1,0.1,1.4500000000000002,330,1532,0.2154046997389034,0.26388597242393547
false_hotspot_js_0.1,false_hotspot,0.1,0.1,1.5,336,1532,0.2193211488250653,0.2729829865066223
false_hotspot_js_0.1,false_hotspot,0.1,0.1,1.55,345,1532,0.22519582245430808,0.2820710541811041
false_hotspot_js_0.1,false_hotspot,0.1,0.1,1.6,352,1532,0.2297650130548303,0.28845829118013966
false_hotspot_js_0.1,false_hotspot,0.1,0.1,1.6500000000000001,359,1532,0.23433420365535249,0.2930283197571723
false_hotspot_js_0.1,false_hotspot,0.1,0.1,1.7000000000000002,365,1532,0.23825065274151436,0.29626337949647413
false_hotspot_js_0.1,false_hotspot,0.1,0.1,1.75,372,1532,0.24281984334203655,0.299148855719774
false_hotspot_js_0.1,false_hotspot,0.1,0.1,1.8,380,1532,0.24804177545691905,0.30188227507284493
false_hotspot_js_0.1,false_hotspot,0.1,0.1,1.85,387,1532,0.25261096605744127,0.3039353696851762
false_hotspot_js_0.1,false_hotspot,0.1,0.1,1.9000000000000001,395,1532,0.25783289817232374,0.3058753787179186
false_hotspot_js_0.1,false_hotspot,0.1,0.1,1.9500000000000002,405,1532,0.2643603133159269,0.30799269934786894
false_hotspot_js_0.1,false_hotspot,0.1,0.1,2.0,414,1532,0.27023498694516973,0.30969076214312546
false_hotspot_js_0.1,false_hotspot,0.1,0.1,2.0500000000000003,424,1532,0.27676240208877284,0.31140603231147523
false_hotspot_js_0.1,false_hotspot,0.1,0.1,2.1,436,1532,0.2845953002610966,0.3133298766338581
false_hotspot_js_0.1,false_hotspot,0.1,0.1,2.15,447,1532,0.29177545691906004,0.3150119700174606
false_hotspot_js_0.1,false_hotspot,0.1,0.1,2.2,459,1532,0.29960835509138384,0.3168033994707873
false_hotspot_js_0.1,false_hotspot,0.1,0.1,2.25,470,1532,0.30678851174934724,0.31842609566304564
false_hotspot_js_0.1,false_hotspot,0.1,0.1,2.3000000000000003,479,1532,0.31266318537859006,0.31974708131430396
false_hotspot_js_0.1,false_hotspot,0.1,0.1,2.35,489,1532,0.3191906005221932,0.3212127431197682
false_hotspot_js_0.1,false_hotspot,0.1,0.1,2.4000000000000004,498,1532,0.32506527415143605,0.32253080101528153
false_hotspot_js_0.1,false_hotspot,0.1,0.1,2.45,507,1532,0.33093994778067887,0.32384833414968944
false_hotspot_js_0.1,false_hotspot,0.1,0.1,2.5,513,1532,0.3348563968668407,0.324726558230047
false_hotspot_js_0.1,false_hotspot,0.1,0.1,2.5500000000000003,518,1532,0.3381201044386423,0.32545842224833127
false_hotspot_js_0.1,false_hotspot,0.1,0.1,2.6,521,1532,0.34007832898172324,0.3258974909837644
false_hotspot_js_0.1,false_hotspot,0.1,0.1,2.6500000000000004,522,1532,0.34073107049608353,0.32604384686331883
false_hotspot_js_0.1,false_hotspot,0.1,0.1,2.7,523,1532,0.3413838120104439,0.32619019878713806
false_hotspot_js_0.1,false_hotspot,0.1,0.1,2.75,523,1532,0.3413838120104439,0.32619019878713806
false_hotspot_js_0.1,false_hotspot,0.1,0.1,2.8000000000000003,523,1532,0.3413838120104439,0.32619019878713806
false_hotspot_js_0.1,false_hotspot,0.1,0.1,2.85,523,1532,0.3413838120104439,0.32619019878713806
false_hotspot_js_0.1,false_hotspot,0.1,0.1,2.9000000000000004,523,1532,0.3413838120104439,0.32619019878713806
false_hotspot_js_0.1,false_hotspot,0.1,0.1,2.95,523,1532,0.3413838120104439,0.32619019878713806
false_hotspot_js_0.1,false_hotspot,0.1,0.1,3.0,523,1532,0.3413838120104439,0.32619019878713806
false_hotspot_js_0.1,false_hotspot,0.1,0.1,3.0500000000000003,525,1532,0.3426892950391645,0.32648750602552
false_hotspot_js_0.1,false_hotspot,0.1,0.1,3.1,526,1532,0.3433420365535248,0.32663883275224054
false_hotspot_js_0.1,false_hotspot,0.1,0.1,3.1500000000000004,527,1532,0.34399477806788514,0.326794865821628
false_hotspot_js_0.1,false_hotspot,0.1,0.1,3.2,528,1532,0.34464751958224543,0.32694897211734647
false_hotspot_js_0.1,false_hotspot,0.1,0.1,3.25,529,1532,0.3453002610966057,0.327109865812038
false_hotspot_js_0.1,false_hotspot,0.1,0.1,3.3000000000000003,529,1532,0.3453002610966057,0.327109865812038
false_hotspot_js_0.1,false_hotspot,0.1,0.1,3.35,529,1532,0.3453002610966057,0.327109865812038
false_hotspot_js_0.1,false_hotspot,0.1,0.1,3.4000000000000004,529,1532,0.3453002610966057,0.327109865812038
false_hotspot_js_0.1,false_hotspot,0.1,0.1,3.45,529,1532,0.3453002610966057,0.327109865812038
false_hotspot_js_0.1,false_hotspot,0.1,0.1,3.5,532,1532,0.3472584856396867,0.3338034242209585
false_hotspot_js_0.1,false_hotspot,0.1,0.1,3.5500000000000003,538,1532,0.35117493472584854,0.3514464208642341
false_hotspot_js_0.1,false_hotspot,0.1,0.1,3.6,547,1532,0.35704960835509136,0.38565664581628467
false_hotspot_js_0.1,false_hotspot,0.1,0.1,3.6500000000000004,564,1532,0.3681462140992167,0.4506603170608502
false_hotspot_js_0.1,false_hotspot,0.1,0.1,3.7,581,1532,0.379242819843342,0.5122495497048687
false_hotspot_js_0.1,false_hotspot,0.1,0.1,3.75,601,1532,0.3922976501305483,0.5728403295978232
false_hotspot_js_0.1,false_hotspot,0.1,0.1,3.8000000000000003,622,1532,0.40600522193211486,0.6249768523523355
false_hotspot_js_0.1,false_hotspot,0.1,0.1,3.85,636,1532,0.4151436031331593,0.6493786441327396
false_hotspot_js_0.1,false_hotspot,0.1,0.1,3.9000000000000004,652,1532,0.4255874673629243,0.6702114350100576
false_hotspot_js_0.1,false_hotspot,0.1,0.1,3.95,667,1532,0.43537859007832896,0.6830007980112838
false_hotspot_js_0.1,false_hotspot,0.1,0.1,4.0,672,1532,0.4386422976501306,0.6862821533904346
false_hotspot_js_0.1,false_hotspot,0.1,0.1,4.05,673,1532,0.43929503916449086,0.686508205689394
false_hotspot_js_0.1,false_hotspot,0.1,0.1,4.1000000000000005,673,1532,0.43929503916449086,0.686508205689394
false_hotspot_js_0.1,false_hotspot,0.1,0.1,4.15,674,1532,0.43994778067885115,0.6868040102229681
false_hotspot_js_0.1,false_hotspot,0.1,0.1,4.2,674,1532,0.43994778067885115,0.6868040102229681
false_hotspot_js_0.1,false_hotspot,0.1,0.1,4.25,675,1532,0.4406005221932115,0.6872411702526646
false_hotspot_js_0.1,false_hotspot,0.1,0.1,4.3,675,1532,0.4406005221932115,0.6872411702526646
false_hotspot_js_0.1,false_hotspot,0.1,0.1,4.3500000000000005,675,1532,0.4406005221932115,0.6872411702526646
false_hotspot_js_0.1,false_hotspot,0.1,0.1,4.4,676,1532,0.4412532637075718,0.687581134314937
false_hotspot_js_0.1,false_hotspot,0.1,0.1,4.45,676,1532,0.4412532637075718,0.687581134314937
false_hotspot_js_0.1,false_hotspot,0.1,0.1,4.5,676,1532,0.4412532637075718,0.687581134314937
false_hotspot_js_0.1,false_hotspot,0.1,0.1,4.55,676,1532,0.4412532637075718,0.687581134314937
false_hotspot_js_0.1,false_hotspot,0.1,0.1,4.6000000000000005,677,1532,0.44190600522193213,0.6879691993572166
false_hotspot_js_0.1,false_hotspot,0.1,0.1,4.65,678,1532,0.4425587467362924,0.688478607577652
false_hotspot_js_0.1,false_hotspot,0.1,0.1,4.7,678,1532,0.4425587467362924,0.688478607577652
false_hotspot_js_0.1,false_hotspot,0.1,0.1,4.75,679,1532,0.44321148825065276,0.689150475896213
false_hotspot_js_0.1,false_hotspot,0.1,0.1,4.800000000000001,680,1532,0.44386422976501305,0.6895876359259094
false_hotspot_js_0.1,false_hotspot,0.1,0.1,4.8500000000000005,681,1532,0.44451697127937334,0.6901707853469333
false_hotspot_js_0.1,false_hotspot,0.1,0.1,4.9,682,1532,0.4451697127937337,0.690654309263887
false_hotspot_js_0.1,false_hotspot,0.1,0.1,4.95,682,1532,0.4451697127937337,0.690654309263887
false_hotspot_js_0.1,false_hotspot,0.1,0.1,5.0,685,1532,0.4471279373368146,0.6926087910667003
false_hotspot_js_0.1,false_hotspot,0.1,0.1,5.050000000000001,685,1532,0.4471279373368146,0.6926087910667003
false_hotspot_js_0.1,false_hotspot,0.1,0.1,5.1000000000000005,686,1532,0.44778067885117495,0.6931607987806445
false_hotspot_js_0.1,false_hotspot,0.1,0.1,5.15,688,1532,0.4490861618798956,0.6944403010119692
false_hotspot_js_0.1,false_hotspot,0.1,0.1,5.2,691,1532,0.4510443864229765,0.6966426516094135
false_hotspot_js_0.1,false_hotspot,0.1,0.1,5.25,694,1532,0.45300261096605743,0.6989386879904509
false_hotspot_js_0.1,false_hotspot,0.1,0.1,5.300000000000001,698,1532,0.4556135770234987,0.7020243337075089
false_hotspot_js_0.1,false_hotspot,0.1,0.1,5.3500000000000005,701,1532,0.4575718015665796,0.7044508613580447
false_hotspot_js_0.1,false_hotspot,0.1,0.1,5.4,705,1532,0.4601827676240209,0.7086750213593072
false_hotspot_js_0.1,false_hotspot,0.1,0.1,5.45,709,1532,0.46279373368146215,0.7136428794121852
false_hotspot_js_0.1,false_hotspot,0.1,0.1,5.5,713,1532,0.4654046997389034,0.7189002396889126
false_hotspot_js_0.1,false_hotspot,0.1,0.1,5.550000000000001,717,1532,0.4680156657963446,0.7257660578553853
false_hotspot_js_0.1,false_hotspot,0.1,0.1,5.6000000000000005,718,1532,0.46866840731070497,0.7276285189226444
false_hotspot_js_0.1,false_hotspot,0.1,0.1,5.65,718,1532,0.46866840731070497,0.7276285189226444
false_hotspot_js_0.1,false_hotspot,0.1,0.1,5.7,718,1532,0.46866840731070497,0.7276285189226444
false_hotspot_js_0.1,false_hotspot,0.1,0.1,5.75,718,1532,0.46866840731070497,0.7276285189226444
false_hotspot_js_0.1,false_hotspot,0.1,0.1,5.800000000000001,718,1532,0.46866840731070497,0.7276285189226444
false_hotspot_js_0.1,false_hotspot,0.1,0.1,5.8500000000000005,718,1532,0.46866840731070497,0.7276285189226444
false_hotspot_js_0.1,false_hotspot,0.1,0.1,5.9,718,1532,0.46866840731070497,0.7276285189226444
false_hotspot_js_0.1,false_hotspot,0.1,0.1,5.95,718,1532,0.46866840731070497,0.7276285189226444
false_hotspot_js_0.1,false_hotspot,0.1,0.1,6.0,718,1532,0.46866840731070497,0.7276285189226444
false_hotspot_js_0.1,false_hotspot,0.1,0.1,6.050000000000001,718,1532,0.46866840731070497,0.7276285189226444
false_hotspot_js_0.1,false_hotspot,0.1,0.1,6.1000000000000005,718,1532,0.46866840731070497,0.7276285189226444
false_hotspot_js_0.1,false_hotspot,0.1,0.1,6.15,718,1532,0.46866840731070497,0.7276285189226444
false_hotspot_js_0.1,false_hotspot,0.1,0.1,6.2,718,1532,0.46866840731070497,0.7276285189226444
false_hotspot_js_0.1,false_hotspot,0.1,0.1,6.25,718,1532,0.46866840731070497,0.7276285189226444
false_hotspot_js_0.1,false_hotspot,0.1,0.1,6.300000000000001,718,1532,0.46866840731070497,0.7276285189226444
false_hotspot_js_0.1,false_hotspot,0.1,0.1,6.3500000000000005,718,1532,0.46866840731070497,0.7276285189226444
false_hotspot_js_0.1,false_hotspot,0.1,0.1,6.4,718,1532,0.46866840731070497,0.7276285189226444
false_hotspot_js_0.1,false_hotspot,0.1,0.1,6.45,718,1532,0.46866840731070497,0.7276285189226444
false_hotspot_js_0.1,false_hotspot,0.1,0.1,6.5,718,1532,0.46866840731070497,0.7276285189226444
false_hotspot_js_0.1,false_hotspot,0.1,0.1,6.550000000000001,718,1532,0.46866840731070497,0.7276285189226444
false_hotspot_js_0.1,false_hotspot,0.1,0.1,6.6000000000000005,718,1532,0.46866840731070497,0.7276285189226444
false_hotspot_js_0.1,false_hotspot,0.1,0.1,6.65,718,1532,0.46866840731070497,0.7276285189226444
false_hotspot_js_0.1,false_hotspot,0.1,0.1,6.7,718,1532,0.46866840731070497,0.7276285189226444
false_hotspot_js_0.1,false_hotspot,0.1,0.1,6.75,718,1532,0.46866840731070497,0.7276285189226444
false_hotspot_js_0.1,false_hotspot,0.1,0.1,6.800000000000001,718,1532,0.46866840731070497,0.7276285189226444
false_hotspot_js_0.1,false_hotspot,0.1,0.1,6.8500000000000005,718,1532,0.46866840731070497,0.7276285189226444
false_hotspot_js_0.1,false_hotspot,0.1,0.1,6.9,718,1532,0.46866840731070497,0.7276285189226444
false_hotspot_js_0.1,false_hotspot,0.1,0.1,6.95,718,1532,0.46866840731070497,0.7276285189226444
false_hotspot_js_0.1,false_hotspot,0.1,0.1,7.0,718,1532,0.46866840731070497,0.7276285189226444
false_hotspot_js_0.1,false_hotspot,0.1,0.1,7.050000000000001,718,1532,0.46866840731070497,0.7276285189226444
false_hotspot_js_0.1,false_hotspot,0.1,0.1,7.1000000000000005,718,1532,0.46866840731070497,0.7276285189226444
false_hotspot_js_0.1,false_hotspot,0.1,0.1,7.15,718,1532,0.46866840731070497,0.7276285189226444
false_hotspot_js_0.1,false_hotspot,0.1,0.1,7.2,718,1532,0.46866840731070497,0.7276285189226444
false_hotspot_js_0.1,false_hotspot,0.1,0.1,7.25,718,1532,0.46866840731070497,0.7276285189226444
false_hotspot_js_0.1,false_hotspot,0.1,0.1,7.300000000000001,718,1532,0.46866840731070497,0.7276285189226444
false_hotspot_js_0.1,false_hotspot,0.1,0.1,7.3500000000000005,718,1532,0.46866840731070497,0.7276285189226444
false_hotspot_js_0.1,false_hotspot,0.1,0.1,7.4,718,1532,0.46866840731070497,0.7276285189226444
false_hotspot_js_0.1,false_hotspot,0.1,0.1,7.45,718,1532,0.46866840731070497,0.7276285189226444
false_hotspot_js_0.1,false_hotspot,0.1,0.1,7.5,718,1532,0.46866840731070497,0.7276285189226444
false_hotspot_js_0.1,false_hotspot,0.1,0.1,7.550000000000001,718,1532,0.46866840731070497,0.7276285189226444
false_hotspot_js_0.1,false_hotspot,0.1,0.1,7.6000000000000005,718,1532,0.46866840731070497,0.7276285189226444
false_hotspot_js_0.1,false_hotspot,0.1,0.1,7.65,718,1532,0.46866840731070497,0.7276285189226444
false_hotspot_js_0.1,false_hotspot,0.1,0.1,7.7,718,1532,0.46866840731070497,0.7276285189226444
false_hotspot_js_0.1,false_hotspot,0.1,0.1,7.75,718,1532,0.46866840731070497,0.7276285189226444
false_hotspot_js_0.1,false_hotspot,0.1,0.1,7.800000000000001,718,1532,0.46866840731070497,0.7276285189226444
false_hotspot_js_0.1,false_hotspot,0.1,0.1,7.8500000000000005,718,1532,0.46866840731070497,0.7276285189226444
false_hotspot_js_0.1,false_hotspot,0.1,0.1,7.9,718,1532,0.46866840731070497,0.7276285189226444
false_hotspot_js_0.1,false_hotspot,0.1,0.1,7.95,718,1532,0.46866840731070497,0.7276285189226444
false_hotspot_js_0.1,false_hotspot,0.1,0.1,8.0,718,1532,0.46866840731070497,0.7276285189226444
false_hotspot_js_0.1,false_hotspot,0.1,0.1,8.05,718,1532,0.46866840731070497,0.7276285189226444
false_hotspot_js_0.1,false_hotspot,0.1,0.1,8.1,718,1532,0.46866840731070497,0.7276285189226444
false_hotspot_js_0.1,false_hotspot,0.1,0.1,8.15,718,1532,0.46866840731070497,0.7276285189226444
false_hotspot_js_0.1,false_hotspot,0.1,0.1,8.200000000000001,718,1532,0.46866840731070497,0.7276285189226444
false_hotspot_js_0.1,false_hotspot,0.1,0.1,8.25,718,1532,0.46866840731070497,0.7276285189226444
false_hotspot_js_0.1,false_hotspot,0.1,0.1,8.3,718,1532,0.46866840731070497,0.7276285189226444
false_hotspot_js_0.1,false_hotspot,0.1,0.1,8.35,718,1532,0.46866840731070497,0.7276285189226444
false_hotspot_js_0.1,false_hotspot,0.1,0.1,8.4,718,1532,0.46866840731070497,0.7276285189226444
false_hotspot_js_0.1,false_hotspot,0.1,0.1,8.450000000000001,718,1532,0.46866840731070497,0.7276285189226444
false_hotspot_js_0.1,false_hotspot,0.1,0.1,8.5,718,1532,0.46866840731070497,0.7276285189226444
false_hotspot_js_0.1,false_hotspot,0.1,0.1,8.55,718,1532,0.46866840731070497,0.7276285189226444
false_hotspot_js_0.1,false_hotspot,0.1,0.1,8.6,718,1532,0.46866840731070497,0.7276285189226444
false_hotspot_js_0.1,false_hotspot,0.1,0.1,8.65,718,1532,0.46866840731070497,0.7276285189226444
false_hotspot_js_0.1,false_hotspot,0.1,0.1,8.700000000000001,718,1532,0.46866840731070497,0.7276285189226444
false_hotspot_js_0.1,false_hotspot,0.1,0.1,8.75,718,1532,0.46866840731070497,0.7276285189226444
false_hotspot_js_0.1,false_hotspot,0.1,0.1,8.8,718,1532,0.46866840731070497,0.7276285189226444
false_hotspot_js_0.1,false_hotspot,0.1,0.1,8.85,718,1532,0.46866840731070497,0.7276285189226444
false_hotspot_js_0.1,false_hotspot,0.1,0.1,8.9,718,1532,0.46866840731070497,0.7276285189226444
false_hotspot_js_0.1,false_hotspot,0.1,0.1,8.950000000000001,718,1532,0.46866840731070497,0.7276285189226444
false_hotspot_js_0.1,false_hotspot,0.1,0.1,9.0,718,1532,0.46866840731070497,0.7276285189226444
false_hotspot_js_0.1,false_hotspot,0.1,0.1,9.05,718,1532,0.46866840731070497,0.7276285189226444
false_hotspot_js_0.1,false_hotspot,0.1,0.1,9.1,718,1532,0.46866840731070497,0.7276285189226444
false_hotspot_js_0.1,false_hotspot,0.1,0.1,9.15,718,1532,0.46866840731070497,0.7276285189226444
false_hotspot_js_0.1,false_hotspot,0.1,0.1,9.200000000000001,718,1532,0.46866840731070497,0.7276285189226444
false_hotspot_js_0.1,false_hotspot,0.1,0.1,9.25,718,1532,0.46866840731070497,0.7276285189226444
false_hotspot_js_0.1,false_hotspot,0.1,0.1,9.3,718,1532,0.46866840731070497,0.7276285189226444
false_hotspot_js_0.1,false_hotspot,0.1,0.1,9.35,718,1532,0.46866840731070497,0.7276285189226444
false_hotspot_js_0.1,false_hotspot,0.1,0.1,9.4,718,1532,0.46866840731070497,0.7276285189226444
false_hotspot_js_0.1,false_hotspot,0.1,0.1,9.450000000000001,718,1532,0.46866840731070497,0.7276285189226444
false_hotspot_js_0.1,false_hotspot,0.1,0.1,9.5,718,1532,0.46866840731070497,0.7276285189226444
false_hotspot_js_0.1,false_hotspot,0.1,0.1,9.55,718,1532,0.46866840731070497,0.7276285189226444
false_hotspot_js_0.1,false_hotspot,0.1,0.1,9.600000000000001,718,1532,0.46866840731070497,0.7276285189226444
false_hotspot_js_0.1,false_hotspot,0.1,0.1,9.65,718,1532,0.46866840731070497,0.7276285189226444
false_hotspot_js_0.1,false_hotspot,0.1,0.1,9.700000000000001,718,1532,0.46866840731070497,0.7276285189226444
false_hotspot_js_0.1,false_hotspot,0.1,0.1,9.75,718,1532,0.46866840731070497,0.7276285189226444
false_hotspot_js_0.1,false_hotspot,0.1,0.1,9.8,718,1532,0.46866840731070497,0.7276285189226444
false_hotspot_js_0.1,false_hotspot,0.1,0.1,9.850000000000001,718,1532,0.46866840731070497,0.7276285189226444
false_hotspot_js_0.1,false_hotspot,0.1,0.1,9.9,718,1532,0.46866840731070497,0.7276285189226444
false_hotspot_js_0.1,false_hotspot,0.1,0.1,9.950000000000001,718,1532,0.46866840731070497,0.7276285189226444
false_hotspot_js_0.1,false_hotspot,0.1,0.1,10.0,718,1532,0.46866840731070497,0.7276285189226444
false_hotspot_js_0.1,false_hotspot,0.1,0.1,10.05,718,1532,0.46866840731070497,0.7276285189226444
false_hotspot_js_0.1,false_hotspot,0.1,0.1,10.100000000000001,718,1532,0.46866840731070497,0.7276285189226444
false_hotspot_js_0.1,false_hotspot,0.1,0.1,10.15,718,1532,0.46866840731070497,0.7276285189226444
false_hotspot_js_0.1,false_hotspot,0.1,0.1,10.200000000000001,718,1532,0.46866840731070497,0.7276285189226444
false_hotspot_js_0.1,false_hotspot,0.1,0.1,10.25,718,1532,0.46866840731070497,0.7276285189226444
false_hotspot_js_0.1,false_hotspot,0.1,0.1,10.3,718,1532,0.46866840731070497,0.7276285189226444
false_hotspot_js_0.1,false_hotspot,0.1,0.1,10.350000000000001,718,1532,0.46866840731070497,0.7276285189226444
false_hotspot_js_0.1,false_hotspot,0.1,0.1,10.4,718,1532,0.46866840731070497,0.7276285189226444
false_hotspot_js_0.1,false_hotspot,0.1,0.1,10.450000000000001,718,1532,0.46866840731070497,0.7276285189226444
false_hotspot_js_0.1,false_hotspot,0.1,0.1,10.5,718,1532,0.46866840731070497,0.7276285189226444
false_hotspot_js_0.1,false_hotspot,0.1,0.1,10.55,718,1532,0.46866840731070497,0.7276285189226444
false_hotspot_js_0.1,false_hotspot,0.1,0.1,10.600000000000001,718,1532,0.46866840731070497,0.7276285189226444
false_hotspot_js_0.1,false_hotspot,0.1,0.1,10.65,718,1532,0.46866840731070497,0.7276285189226444
false_hotspot_js_0.1,false_hotspot,0.1,0.1,10.700000000000001,718,1532,0.46866840731070497,0.7276285189226444
false_hotspot_js_0.1,false_hotspot,0.1,0.1,10.75,718,1532,0.46866840731070497,0.7276285189226444
false_hotspot_js_0.1,false_hotspot,0.1,0.1,10.8,718,1532,0.46866840731070497,0.7276285189226444
false_hotspot_js_0.1,false_hotspot,0.1,0.1,10.850000000000001,718,1532,0.46866840731070497,0.7276285189226444
false_hotspot_js_0.1,false_hotspot,0.1,0.1,10.9,718,1532,0.46866840731070497,0.7276285189226444
false_hotspot_js_0.1,false_hotspot,0.1,0.1,10.950000000000001,718,1532,0.46866840731070497,0.7276285189226444
false_hotspot_js_0.1,false_hotspot,0.1,0.1,11.0,718,1532,0.46866840731070497,0.7276285189226444
false_hotspot_js_0.1,false_hotspot,0.1,0.1,11.05,718,1532,0.46866840731070497,0.7276285189226444
false_hotspot_js_0.1,false_hotspot,0.1,0.1,11.100000000000001,718,1532,0.46866840731070497,0.7276285189226444
false_hotspot_js_0.1,false_hotspot,0.1,0.1,11.15,718,1532,0.46866840731070497,0.7276285189226444
false_hotspot_js_0.1,false_hotspot,0.1,0.1,11.200000000000001,718,1532,0.46866840731070497,0.7276285189226444
false_hotspot_js_0.1,false_hotspot,0.1,0.1,11.25,718,1532,0.46866840731070497,0.7276285189226444
false_hotspot_js_0.1,false_hotspot,0.1,0.1,11.3,718,1532,0.46866840731070497,0.7276285189226444
false_hotspot_js_0.1,false_hotspot,0.1,0.1,11.350000000000001,718,1532,0.46866840731070497,0.7276285189226444
false_hotspot_js_0.1,false_hotspot,0.1,0.1,11.4,718,1532,0.46866840731070497,0.7276285189226444
false_hotspot_js_0.1,false_hotspot,0.1,0.1,11.450000000000001,718,1532,0.46866840731070497,0.7276285189226444
false_hotspot_js_0.1,false_hotspot,0.1,0.1,11.5,718,1532,0.46866840731070497,0.7276285189226444
false_hotspot_js_0.1,false_hotspot,0.1,0.1,11.55,718,1532,0.46866840731070497,0.7276285189226444
false_hotspot_js_0.1,false_hotspot,0.1,0.1,11.600000000000001,718,1532,0.46866840731070497,0.7276285189226444
false_hotspot_js_0.1,false_hotspot,0.1,0.1,11.65,718,1532,0.46866840731070497,0.7276285189226444
false_hotspot_js_0.1,false_hotspot,0.1,0.1,11.700000000000001,718,1532,0.46866840731070497,0.7276285189226444
false_hotspot_js_0.1,false_hotspot,0.1,0.1,11.75,718,1532,0.46866840731070497,0.7276285189226444
false_hotspot_js_0.1,false_hotspot,0.1,0.1,11.8,718,1532,0.46866840731070497,0.7276285189226444
false_hotspot_js_0.1,false_hotspot,0.1,0.1,11.850000000000001,718,1532,0.46866840731070497,0.7276285189226444
false_hotspot_js_0.1,false_hotspot,0.1,0.1,11.9,718,1532,0.46866840731070497,0.7276285189226444
false_hotspot_js_0.1,false_hotspot,0.1,0.1,11.950000000000001,718,1532,0.46866840731070497,0.7276285189226444
false_hotspot_js_0.1,false_hotspot,0.1,0.1,12.0,718,1532,0.46866840731070497,0.7276285189226444
false_hotspot_js_0.1,false_hotspot,0.1,0.1,12.05,718,1532,0.46866840731070497,0.7276285189226444
false_hotspot_js_0.1,false_hotspot,0.1,0.1,12.100000000000001,718,1532,0.46866840731070497,0.7276285189226444
false_hotspot_js_0.1,false_hotspot,0.1,0.1,12.15,718,1532,0.46866840731070497,0.7276285189226444
false_hotspot_js_0.1,false_hotspot,0.1,0.1,12.200000000000001,718,1532,0.46866840731070497,0.7276285189226444
false_hotspot_js_0.1,false_hotspot,0.1,0.1,12.25,718,1532,0.46866840731070497,0.7276285189226444
false_hotspot_js_0.1,false_hotspot,0.1,0.1,12.3,718,1532,0.46866840731070497,0.7276285189226444
false_hotspot_js_0.1,false_hotspot,0.1,0.1,12.350000000000001,718,1532,0.46866840731070497,0.7276285189226444
false_hotspot_js_0.1,false_hotspot,0.1,0.1,12.4,718,1532,0.46866840731070497,0.7276285189226444
false_hotspot_js_0.1,false_hotspot,0.1,0.1,12.450000000000001,718,1532,0.46866840731070497,0.7276285189226444
false_hotspot_js_0.1,false_hotspot,0.1,0.1,12.5,718,1532,0.46866840731070497,0.7276285189226444
false_hotspot_js_0.1,false_hotspot,0.1,0.1,12.55,718,1532,0.46866840731070497,0.7276285189226444
false_hotspot_js_0.1,false_hotspot,0.1,0.1,12.600000000000001,718,1532,0.46866840731070497,0.7276285189226444
false_hotspot_js_0.1,false_hotspot,0.1,0.1,12.65,718,1532,0.46866840731070497,0.7276285189226444
false_hotspot_js_0.1,false_hotspot,0.1,0.1,12.700000000000001,718,1532,0.46866840731070497,0.7276285189226444
false_hotspot_js_0.1,false_hotspot,0.1,0.1,12.75,718,1532,0.46866840731070497,0.7276285189226444
false_hotspot_js_0.1,false_hotspot,0.1,0.1,12.8,718,1532,0.46866840731070497,0.7276285189226444
false_hotspot_js_0.1,false_hotspot,0.1,0.1,12.850000000000001,718,1532,0.46866840731070497,0.7276285189226444
false_hotspot_js_0.1,false_hotspot,0.1,0.1,12.9,718,1532,0.46866840731070497,0.7276285189226444
false_hotspot_js_0.1,false_hotspot,0.1,0.1,12.950000000000001,718,1532,0.46866840731070497,0.7276285189226444
false_hotspot_js_0.1,false_hotspot,0.1,0.1,13.0,718,1532,0.46866840731070497,0.7276285189226444
false_hotspot_js_0.1,false_hotspot,0.1,0.1,13.05,718,1532,0.46866840731070497,0.7276285189226444
false_hotspot_js_0.1,false_hotspot,0.1,0.1,13.100000000000001,718,1532,0.46866840731070497,0.7276285189226444
false_hotspot_js_0.1,false_hotspot,0.1,0.1,13.15,718,1532,0.46866840731070497,0.7276285189226444
false_hotspot_js_0.1,false_hotspot,0.1,0.1,13.200000000000001,718,1532,0.46866840731070497,0.7276285189226444
false_hotspot_js_0.1,false_hotspot,0.1,0.1,13.25,718,1532,0.46866840731070497,0.7276285189226444
false_hotspot_js_0.1,false_hotspot,0.1,0.1,13.3,718,1532,0.46866840731070497,0.7276285189226444
false_hotspot_js_0.1,false_hotspot,0.1,0.1,13.350000000000001,718,1532,0.46866840731070497,0.7276285189226444
false_hotspot_js_0.1,false_hotspot,0.1,0.1,13.4,718,1532,0.46866840731070497,0.7276285189226444
false_hotspot_js_0.1,false_hotspot,0.1,0.1,13.450000000000001,718,1532,0.46866840731070497,0.7276285189226444
false_hotspot_js_0.1,false_hotspot,0.1,0.1,13.5,718,1532,0.46866840731070497,0.7276285189226444
false_hotspot_js_0.1,false_hotspot,0.1,0.1,13.55,718,1532,0.46866840731070497,0.7276285189226444
false_hotspot_js_0.1,false_hotspot,0.1,0.1,13.600000000000001,718,1532,0.46866840731070497,0.7276285189226444
false_hotspot_js_0.1,false_hotspot,0.1,0.1,13.65,718,1532,0.46866840731070497,0.7276285189226444
false_hotspot_js_0.1,false_hotspot,0.1,0.1,13.700000000000001,718,1532,0.46866840731070497,0.7276285189226444
false_hotspot_js_0.1,false_hotspot,0.1,0.1,13.75,718,1532,0.46866840731070497,0.7276285189226444
false_hotspot_js_0.1,false_hotspot,0.1,0.1,13.8,718,1532,0.46866840731070497,0.7276285189226444
false_hotspot_js_0.1,false_hotspot,0.1,0.1,13.850000000000001,718,1532,0.46866840731070497,0.7276285189226444
false_hotspot_js_0.1,false_hotspot,0.1,0.1,13.9,718,1532,0.46866840731070497,0.7276285189226444
false_hotspot_js_0.1,false_hotspot,0.1,0.1,13.950000000000001,718,1532,0.46866840731070497,0.7276285189226444
false_hotspot_js_0.1,false_hotspot,0.1,0.1,14.0,718,1532,0.46866840731070497,0.7276285189226444
false_hotspot_js_0.1,false_hotspot,0.1,0.1,14.05,718,1532,0.46866840731070497,0.7276285189226444
false_hotspot_js_0.1,false_hotspot,0.1,0.1,14.100000000000001,718,1532,0.46866840731070497,0.7276285189226444
false_hotspot_js_0.1,false_hotspot,0.1,0.1,14.15,718,1532,0.46866840731070497,0.7276285189226444
false_hotspot_js_0.1,false_hotspot,0.1,0.1,14.200000000000001,718,1532,0.46866840731070497,0.7276285189226444
false_hotspot_js_0.1,false_hotspot,0.1,0.1,14.25,718,1532,0.46866840731070497,0.7276285189226444
false_hotspot_js_0.1,false_hotspot,0.1,0.1,14.3,718,1532,0.46866840731070497,0.7276285189226444
false_hotspot_js_0.1,false_hotspot,0.1,0.1,14.350000000000001,718,1532,0.46866840731070497,0.7276285189226444
false_hotspot_js_0.1,false_hotspot,0.1,0.1,14.4,718,1532,0.46866840731070497,0.7276285189226444
false_hotspot_js_0.1,false_hotspot,0.1,0.1,14.450000000000001,718,1532,0.46866840731070497,0.7276285189226444
false_hotspot_js_0.1,false_hotspot,0.1,0.1,14.5,718,1532,0.46866840731070497,0.7276285189226444
false_hotspot_js_0.1,false_hotspot,0.1,0.1,14.55,718,1532,0.46866840731070497,0.7276285189226444
false_hotspot_js_0.1,false_hotspot,0.1,0.1,14.600000000000001,718,1532,0.46866840731070497,0.7276285189226444
false_hotspot_js_0.1,false_hotspot,0.1,0.1,14.65,718,1532,0.46866840731070497,0.7276285189226444
false_hotspot_js_0.1,false_hotspot,0.1,0.1,14.700000000000001,718,1532,0.46866840731070497,0.7276285189226444
false_hotspot_js_0.1,false_hotspot,0.1,0.1,14.75,718,1532,0.46866840731070497,0.7276285189226444
false_hotspot_js_0.1,false_hotspot,0.1,0.1,14.8,718,1532,0.46866840731070497,0.7276285189226444
false_hotspot_js_0.1,false_hotspot,0.1,0.1,14.850000000000001,718,1532,0.46866840731070497,0.7276285189226444
false_hotspot_js_0.1,false_hotspot,0.1,0.1,14.9,718,1532,0.46866840731070497,0.7276285189226444
false_hotspot_js_0.1,false_hotspot,0.1,0.1,14.950000000000001,718,1532,0.46866840731070497,0.7276285189226444
false_hotspot_js_0.1,false_hotspot,0.1,0.1,15.0,718,1532,0.46866840731070497,0.7276285189226444
false_hotspot_js_0.15,false_hotspot,0.15,0.1,0.0,76,1532,0.04960835509138381,0.011122795102453328
false_hotspot_js_0.15,false_hotspot,0.15,0.1,0.05,77,1532,0.05026109660574413,0.011269173933804206
false_hotspot_js_0.15,false_hotspot,0.15,0.1,0.1,81,1532,0.05287206266318538,0.011854599566472253
false_hotspot_js_0.15,false_hotspot,0.15,0.1,0.15000000000000002,87,1532,0.05678851174934726,0.012732776061974886
false_hotspot_js_0.15,false_hotspot,0.15,0.1,0.2,91,1532,0.05939947780678851,0.013318270039736879
false_hotspot_js_0.15,false_hotspot,0.15,0.1,0.25,104,1532,0.06788511749347259,0.015221089830806216
false_hotspot_js_0.15,false_hotspot,0.15,0.1,0.30000000000000004,112,1532,0.0731070496083551,0.016392417501619426
false_hotspot_js_0.15,false_hotspot,0.15,0.1,0.35000000000000003,124,1532,0.08093994778067885,0.018149810697350045
false_hotspot_js_0.15,false_hotspot,0.15,0.1,0.4,138,1532,0.09007832898172324,0.020203077486682416
false_hotspot_js_0.15,false_hotspot,0.15,0.1,0.45,151,1532,0.09856396866840732,0.02211289457826417
false_hotspot_js_0.15,false_hotspot,0.15,0.1,0.5,170,1532,0.11096605744125326,0.024922978054464556
false_hotspot_js_0.15,false_hotspot,0.15,0.1,0.55,185,1532,0.12075718015665797,0.02717487639717671
false_hotspot_js_0.15,false_hotspot,0.15,0.1,0.6000000000000001,205,1532,0.13381201044386423,0.030289145686316
false_hotspot_js_0.15,false_hotspot,0.15,0.1,0.65,215,1532,0.14033942558746737,0.031882872553858854
false_hotspot_js_0.15,false_hotspot,0.15,0.1,0.7000000000000001,221,1532,0.14425587467362924,0.032886847477321596
false_hotspot_js_0.15,false_hotspot,0.15,0.1,0.75,226,1532,0.1475195822454308,0.03378215237996801
false_hotspot_js_0.15,false_hotspot,0.15,0.1,0.8,227,1532,0.1481723237597911,0.033933479106688536
false_hotspot_js_0.15,false_hotspot,0.15,0.1,0.8500000000000001,230,1532,0.15013054830287206,0.03459611291615096
false_hotspot_js_0.15,false_hotspot,0.15,0.1,0.9,230,1532,0.15013054830287206,0.03459611291615096
false_hotspot_js_0.15,false_hotspot,0.15,0.1,0.9500000000000001,230,1532,0.15013054830287206,0.03459611291615096
false_hotspot_js_0.15,false_hotspot,0.15,0.1,1.0,230,1532,0.15013054830287206,0.03459611291615096
false_hotspot_js_0.15,false_hotspot,0.15,0.1,1.05,230,1532,0.15013054830287206,0.03459611291615096
false_hotspot_js_0.15,false_hotspot,0.15,0.1,1.1,232,1532,0.1514360313315927,0.04010055569707622
false_hotspot_js_0.15,false_hotspot,0.15,0.1,1.1500000000000001,243,1532,0.15861618798955612,0.06716276143033083
false_hotspot_js_0.15,false_hotspot,0.15,0.1,1.2000000000000002,252,1532,0.16449086161879894,0.09064732217517656
false_hotspot_js_0.15,false_hotspot,0.15,0.1,1.25,257,1532,0.16775456919060053,0.10568663723393698
false_hotspot_js_0.15,false_hotspot,0.15,0.1,1.3,264,1532,0.17232375979112272,0.12328792033294278
false_hotspot_js_0.15,false_hotspot,0.15,0.1,1.35,270,1532,0.1762402088772846,0.13932189786094776
false_hotspot_js_0.15,false_hotspot,0.15,0.1,1.4000000000000001,279,1532,0.1821148825065274,0.15545948645460808
false_hotspot_js_0.15,false_hotspot,0.15,0.1,1.4500000000000002,292,1532,0.1906005221932115,0.17302977769822478
false_hotspot_js_0.15,false_hotspot,0.15,0.1,1.5,313,1532,0.20430809399477806,0.18934066578979467
false_hotspot_js_0.15,false_hotspot,0.15,0.1,1.55,325,1532,0.21214099216710183,0.19726947913111265
false_hotspot_js_0.15,false_hotspot,0.15,0.1,1.6,333,1532,0.21736292428198434,0.20206714815925322
false_hotspot_js_0.15,false_hotspot,0.15,0.1,1.6500000000000001,344,1532,0.2245430809399478,0.20615671292501875
false_hotspot_js_0.15,false_hotspot,0.15,0.1,1.7000000000000002,354,1532,0.2310704960835509,0.20936780448360778
false_hotspot_js_0.15,false_hotspot,0.15,0.1,1.75,362,1532,0.2362924281984334,0.21143146013427358
false_hotspot_js_0.15,false_hotspot,0.15,0.1,1.8,375,1532,0.2447780678851175,0.21400464702791008
false_hotspot_js_0.15,false_hotspot,0.15,0.1,1.85,385,1532,0.25130548302872063,0.21574125527272758
false_hotspot_js_0.15,false_hotspot,0.15,0.1,1.9000000000000001,394,1532,0.25718015665796345,0.21722730558840736
false_hotspot_js_0.15,false_hotspot,0.15,0.1,1.9500000000000002,407,1532,0.26566579634464754,0.21924719283313465
false_hotspot_js_0.15,false_hotspot,0.15,0.1,2.0,420,1532,0.2741514360313316,0.22120856884949042
false_hotspot_js_0.15,false_hotspot,0.15,0.1,2.0500000000000003,432,1532,0.2819843342036554,0.22299038619080466
false_hotspot_js_0.15,false_hotspot,0.15,0.1,2.1,448,1532,0.2924281984334204,0.22534779030748361
false_hotspot_js_0.15,false_hotspot,0.15,0.1,2.15,464,1532,0.3028720626631854,0.22769558039223498
false_hotspot_js_0.15,false_hotspot,0.15,0.1,2.2,479,1532,0.31266318537859006,0.22989429724160812
false_hotspot_js_0.15,false_hotspot,0.15,0.1,2.25,493,1532,0.3218015665796345,0.2319443252842217
false_hotspot_js_0.15,false_hotspot,0.15,0.1,2.3000000000000003,505,1532,0.32963446475195823,0.2337011628384417
false_hotspot_js_0.15,false_hotspot,0.15,0.1,2.35,520,1532,0.3394255874673629,0.23589673389105947
false_hotspot_js_0.15,false_hotspot,0.15,0.1,2.4000000000000004,532,1532,0.3472584856396867,0.23765311600283825
false_hotspot_js_0.15,false_hotspot,0.15,0.1,2.45,540,1532,0.3524804177545692,0.23882397180196058
false_hotspot_js_0.15,false_hotspot,0.15,0.1,2.5,543,1532,0.35443864229765015,0.23926302565280522
false_hotspot_js_0.15,false_hotspot,0.15,0.1,2.5500000000000003,548,1532,0.3577023498694517,0.23999479869623708
false_hotspot_js_0.15,false_hotspot,0.15,0.1,2.6,548,1532,0.3577023498694517,0.23999479869623708
false_hotspot_js_0.15,false_hotspot,0.15,0.1,2.6500000000000004,548,1532,0.3577023498694517,0.23999479869623708
false_hotspot_js_0.15,false_hotspot,0.15,0.1,2.7,548,1532,0.3577023498694517,0.23999479869623708
false_hotspot_js_0.15,false_hotspot,0.15,0.1,2.75,548,1532,0.3577023498694517,0.23999479869623708
false_hotspot_js_0.15,false_hotspot,0.15,0.1,2.8000000000000003,548,1532,0.3577023498694517,0.23999479869623708
false_hotspot_js_0.15,false_hotspot,0.15,0.1,2.85,548,1532,0.3577023498694517,0.23999479869623708
false_hotspot_js_0.15,false_hotspot,0.15,0.1,2.9000000000000004,548,1532,0.3577023498694517,0.23999479869623708
false_hotspot_js_0.15,false_hotspot,0.15,0.1,2.95,548,1532,0.3577023498694517,0.23999479869623708
false_hotspot_js_0.15,false_hotspot,0.15,0.1,3.0,548,1532,0.3577023498694517,0.23999479869623708
false_hotspot_js_0.15,false_hotspot,0.15,0.1,3.0500000000000003,548,1532,0.3577023498694517,0.23999479869623708
false_hotspot_js_0.15,false_hotspot,0.15,0.1,3.1,548,1532,0.3577023498694517,0.23999479869623708
false_hotspot_js_0.15,false_hotspot,0.15,0.1,3.1500000000000004,548,1532,0.3577023498694517,0.23999479869623708
false_hotspot_js_0.15,false_hotspot,0.15,0.1,3.2,548,1532,0.3577023498694517,0.23999479869623708
false_hotspot_js_0.15,false_hotspot,0.15,0.1,3.25,548,1532,0.3577023498694517,0.23999479869623708
false_hotspot_js_0.15,false_hotspot,0.15,0.1,3.3000000000000003,548,1532,0.3577023498694517,0.23999479869623708
false_hotspot_js_0.15,false_hotspot,0.15,0.1,3.35,548,1532,0.3577023498694517,0.23999479869623708
false_hotspot_js_0.15,false_hotspot,0.15,0.1,3.4000000000000004,548,1532,0.3577023498694517,0.23999479869623708
false_hotspot_js_0.15,false_hotspot,0.15,0.1,3.45,553,1532,0.36096605744125326,0.24973878775637143
false_hotspot_js_0.15,false_hotspot,0.15,0.1,3.5,557,1532,0.36357702349869453,0.2609979788279206
false_hotspot_js_0.15,false_hotspot,0.15,0.1,3.5500000000000003,567,1532,0.37010443864229764,0.29344252644632723
false_hotspot_js_0.15,false_hotspot,0.15,0.1,3.6,579,1532,0.3779373368146214,0.3406505944402036
false_hotspot_js_0.15,false_hotspot,0.15,0.1,3.6500000000000004,595,1532,0.38838120104438645,0.4042569988919681
false_hotspot_js_0.15,false_hotspot,0.15,0.1,3.7,612,1532,0.39947780678851175,0.47159743718365893
false_hotspot_js_0.15,false_hotspot,0.15,0.1,3.75,636,1532,0.4151436031331593,0.552731773334131
false_hotspot_js_0.15,false_hotspot,0.15,0.1,3.8000000000000003,654,1532,0.42689295039164493,0.6038605852850096
false_hotspot_js_0.15,false_hotspot,0.15,0.1,3.85,673,1532,0.43929503916449086,0.6395666296039951
false_hotspot_js_0.15,false_hotspot,0.15,0.1,3.9000000000000004,690,1532,0.45039164490861616,0.6645353775146035
false_hotspot_js_0.15,false_hotspot,0.15,0.1,3.95,705,1532,0.4601827676240209,0.6785217053124705
false_hotspot_js_0.15,false_hotspot,0.15,0.1,4.0,712,1532,0.46475195822454307,0.6835136846392256
false_hotspot_js_0.15,false_hotspot,0.15,0.1,4.05,715,1532,0.466710182767624,0.6850655768689308
false_hotspot_js_0.15,false_hotspot,0.15,0.1,4.1000000000000005,717,1532,0.4680156657963446,0.6855874337014642
false_hotspot_js_0.15,false_hotspot,0.15,0.1,4.15,717,1532,0.4680156657963446,0.6855874337014642
false_hotspot_js_0.15,false_hotspot,0.15,0.1,4.2,718,1532,0.46866840731070497,0.6860245937311606
false_hotspot_js_0.15,false_hotspot,0.15,0.1,4.25,718,1532,0.46866840731070497,0.6860245937311606
false_hotspot_js_0.15,false_hotspot,0.15,0.1,4.3,718,1532,0.46866840731070497,0.6860245937311606
false_hotspot_js_0.15,false_hotspot,0.15,0.1,4.3500000000000005,718,1532,0.46866840731070497,0.6860245937311606
false_hotspot_js_0.15,false_hotspot,0.15,0.1,4.4,719,1532,0.46932114882506526,0.6863645577934331
false_hotspot_js_0.15,false_hotspot,0.15,0.1,4.45,719,1532,0.46932114882506526,0.6863645577934331
false_hotspot_js_0.15,false_hotspot,0.15,0.1,4.5,719,1532,0.46932114882506526,0.6863645577934331
false_hotspot_js_0.15,false_hotspot,0.15,0.1,4.55,719,1532,0.46932114882506526,0.6863645577934331
false_hotspot_js_0.15,false_hotspot,0.15,0.1,4.6000000000000005,720,1532,0.4699738903394256,0.6867526228357127
false_hotspot_js_0.15,false_hotspot,0.15,0.1,4.65,721,1532,0.4706266318537859,0.6872620310561481
false_hotspot_js_0.15,false_hotspot,0.15,0.1,4.7,721,1532,0.4706266318537859,0.6872620310561481
false_hotspot_js_0.15,false_hotspot,0.15,0.1,4.75,722,1532,0.47127937336814624,0.6879338993747092
false_hotspot_js_0.15,false_hotspot,0.15,0.1,4.800000000000001,723,1532,0.4719321148825065,0.6883710594044056
false_hotspot_js_0.15,false_hotspot,0.15,0.1,4.8500000000000005,724,1532,0.4725848563968668,0.6889542088254295
false_hotspot_js_0.15,false_hotspot,0.15,0.1,4.9,725,1532,0.47323759791122716,0.6894377327423832
false_hotspot_js_0.15,false_hotspot,0.15,0.1,4.95,725,1532,0.47323759791122716,0.6894377327423832
false_hotspot_js_0.15,false_hotspot,0.15,0.1,5.0,728,1532,0.4751958224543081,0.6913922145451964
false_hotspot_js_0.15,false_hotspot,0.15,0.1,5.050000000000001,728,1532,0.4751958224543081,0.6913922145451964
false_hotspot_js_0.15,false_hotspot,0.15,0.1,5.1000000000000005,729,1532,0.4758485639686684,0.6919442222591407
false_hotspot_js_0.15,false_hotspot,0.15,0.1,5.15,731,1532,0.47715404699738906,0.6932237244904654
false_hotspot_js_0.15,false_hotspot,0.15,0.1,5.2,734,1532,0.47911227154047,0.6954260750879097
false_hotspot_js_0.15,false_hotspot,0.15,0.1,5.25,737,1532,0.4810704960835509,0.697722111468947
false_hotspot_js_0.15,false_hotspot,0.15,0.1,5.300000000000001,742,1532,0.48433420365535246,0.7018360576985737
false_hotspot_js_0.15,false_hotspot,0.15,0.1,5.3500000000000005,745,1532,0.48629242819843344,0.7042625853491096
false_hotspot_js_0.15,false_hotspot,0.15,0.1,5.4,749,1532,0.48890339425587465,0.708486745350372
false_hotspot_js_0.15,false_hotspot,0.15,0.1,5.45,753,1532,0.4915143603133159,0.71345460340325
false_hotspot_js_0.15,false_hotspot,0.15,0.1,5.5,757,1532,0.4941253263707572,0.7187119636799774
false_hotspot_js_0.15,false_hotspot,0.15,0.1,5.550000000000001,761,1532,0.49673629242819844,0.72557778184645
false_hotspot_js_0.15,false_hotspot,0.15,0.1,5.6000000000000005,764,1532,0.49869451697127937,0.7311675124170048
false_hotspot_js_0.15,false_hotspot,0.15,0.1,5.65,764,1532,0.49869451697127937,0.7311675124170048
false_hotspot_js_0.15,false_hotspot,0.15,0.1,5.7,764,1532,0.49869451697127937,0.7311675124170048
false_hotspot_js_0.15,false_hotspot,0.15,0.1,5.75,764,1532,0.49869451697127937,0.7311675124170048
false_hotspot_js_0.15,false_hotspot,0.15,0.1,5.800000000000001,764,1532,0.49869451697127937,0.7311675124170048
false_hotspot_js_0.15,false_hotspot,0.15,0.1,5.8500000000000005,764,1532,0.49869451697127937,0.7311675124170048
false_hotspot_js_0.15,false_hotspot,0.15,0.1,5.9,764,1532,0.49869451697127937,0.7311675124170048
false_hotspot_js_0.15,false_hotspot,0.15,0.1,5.95,764,1532,0.49869451697127937,0.7311675124170048
false_hotspot_js_0.15,false_hotspot,0.15,0.1,6.0,764,1532,0.49869451697127937,0.7311675124170048
false_hotspot_js_0.15,false_hotspot,0.15,0.1,6.050000000000001,764,1532,0.49869451697127937,0.7311675124170048
false_hotspot_js_0.15,false_hotspot,0.15,0.1,6.1000000000000005,764,1532,0.49869451697127937,0.7311675124170048
false_hotspot_js_0.15,false_hotspot,0.15,0.1,6.15,764,1532,0.49869451697127937,0.7311675124170048
false_hotspot_js_0.15,false_hotspot,0.15,0.1,6.2,764,1532,0.49869451697127937,0.7311675124170048
false_hotspot_js_0.15,false_hotspot,0.15,0.1,6.25,764,1532,0.49869451697127937,0.7311675124170048
false_hotspot_js_0.15,false_hotspot,0.15,0.1,6.300000000000001,764,1532,0.49869451697127937,0.7311675124170048
false_hotspot_js_0.15,false_hotspot,0.15,0.1,6.3500000000000005,764,1532,0.49869451697127937,0.7311675124170048
false_hotspot_js_0.15,false_hotspot,0.15,0.1,6.4,764,1532,0.49869451697127937,0.7311675124170048
false_hotspot_js_0.15,false_hotspot,0.15,0.1,6.45,764,1532,0.49869451697127937,0.7311675124170048
false_hotspot_js_0.15,false_hotspot,0.15,0.1,6.5,764,1532,0.49869451697127937,0.7311675124170048
false_hotspot_js_0.15,false_hotspot,0.15,0.1,6.550000000000001,764,1532,0.49869451697127937,0.7311675124170048
false_hotspot_js_0.15,false_hotspot,0.15,0.1,6.6000000000000005,764,1532,0.49869451697127937,0.7311675124170048
false_hotspot_js_0.15,false_hotspot,0.15,0.1,6.65,764,1532,0.49869451697127937,0.7311675124170048
false_hotspot_js_0.15,false_hotspot,0.15,0.1,6.7,764,1532,0.49869451697127937,0.7311675124170048
false_hotspot_js_0.15,false_hotspot,0.15,0.1,6.75,764,1532,0.49869451697127937,0.7311675124170048
false_hotspot_js_0.15,false_hotspot,0.15,0.1,6.800000000000001,764,1532,0.49869451697127937,0.7311675124170048
false_hotspot_js_0.15,false_hotspot,0.15,0.1,6.8500000000000005,764,1532,0.49869451697127937,0.7311675124170048
false_hotspot_js_0.15,false_hotspot,0.15,0.1,6.9,764,1532,0.49869451697127937,0.7311675124170048
false_hotspot_js_0.15,false_hotspot,0.15,0.1,6.95,764,1532,0.49869451697127937,0.7311675124170048
false_hotspot_js_0.15,false_hotspot,0.15,0.1,7.0,764,1532,0.49869451697127937,0.7311675124170048
false_hotspot_js_0.15,false_hotspot,0.15,0.1,7.050000000000001,764,1532,0.49869451697127937,0.7311675124170048
false_hotspot_js_0.15,false_hotspot,0.15,0.1,7.1000000000000005,764,1532,0.49869451697127937,0.7311675124170048
false_hotspot_js_0.15,false_hotspot,0.15,0.1,7.15,764,1532,0.49869451697127937,0.7311675124170048
false_hotspot_js_0.15,false_hotspot,0.15,0.1,7.2,764,1532,0.49869451697127937,0.7311675124170048
false_hotspot_js_0.15,false_hotspot,0.15,0.1,7.25,764,1532,0.49869451697127937,0.7311675124170048
false_hotspot_js_0.15,false_hotspot,0.15,0.1,7.300000000000001,764,1532,0.49869451697127937,0.7311675124170048
false_hotspot_js_0.15,false_hotspot,0.15,0.1,7.3500000000000005,764,1532,0.49869451697127937,0.7311675124170048
false_hotspot_js_0.15,false_hotspot,0.15,0.1,7.4,764,1532,0.49869451697127937,0.7311675124170048
false_hotspot_js_0.15,false_hotspot,0.15,0.1,7.45,764,1532,0.49869451697127937,0.7311675124170048
false_hotspot_js_0.15,false_hotspot,0.15,0.1,7.5,764,1532,0.49869451697127937,0.7311675124170048
false_hotspot_js_0.15,false_hotspot,0.15,0.1,7.550000000000001,764,1532,0.49869451697127937,0.7311675124170048
false_hotspot_js_0.15,false_hotspot,0.15,0.1,7.6000000000000005,764,1532,0.49869451697127937,0.7311675124170048
false_hotspot_js_0.15,false_hotspot,0.15,0.1,7.65,764,1532,0.49869451697127937,0.7311675124170048
false_hotspot_js_0.15,false_hotspot,0.15,0.1,7.7,764,1532,0.49869451697127937,0.7311675124170048
false_hotspot_js_0.15,false_hotspot,0.15,0.1,7.75,764,1532,0.49869451697127937,0.7311675124170048
false_hotspot_js_0.15,false_hotspot,0.15,0.1,7.800000000000001,764,1532,0.49869451697127937,0.7311675124170048
false_hotspot_js_0.15,false_hotspot,0.15,0.1,7.8500000000000005,764,1532,0.49869451697127937,0.7311675124170048
false_hotspot_js_0.15,false_hotspot,0.15,0.1,7.9,764,1532,0.49869451697127937,0.7311675124170048
false_hotspot_js_0.15,false_hotspot,0.15,0.1,7.95,764,1532,0.49869451697127937,0.7311675124170048
false_hotspot_js_0.15,false_hotspot,0.15,0.1,8.0,764,1532,0.49869451697127937,0.7311675124170048
false_hotspot_js_0.15,false_hotspot,0.15,0.1,8.05,764,1532,0.49869451697127937,0.7311675124170048
false_hotspot_js_0.15,false_hotspot,0.15,0.1,8.1,764,1532,0.49869451697127937,0.7311675124170048
false_hotspot_js_0.15,false_hotspot,0.15,0.1,8.15,764,1532,0.49869451697127937,0.7311675124170048
false_hotspot_js_0.15,false_hotspot,0.15,0.1,8.200000000000001,764,1532,0.49869451697127937,0.7311675124170048
false_hotspot_js_0.15,false_hotspot,0.15,0.1,8.25,764,1532,0.49869451697127937,0.7311675124170048
false_hotspot_js_0.15,false_hotspot,0.15,0.1,8.3,764,1532,0.49869451697127937,0.7311675124170048
false_hotspot_js_0.15,false_hotspot,0.15,0.1,8.35,764,1532,0.49869451697127937,0.7311675124170048
false_hotspot_js_0.15,false_hotspot,0.15,0.1,8.4,764,1532,0.49869451697127937,0.7311675124170048
false_hotspot_js_0.15,false_hotspot,0.15,0.1,8.450000000000001,764,1532,0.49869451697127937,0.7311675124170048
false_hotspot_js_0.15,false_hotspot,0.15,0.1,8.5,764,1532,0.49869451697127937,0.7311675124170048
false_hotspot_js_0.15,false_hotspot,0.15,0.1,8.55,764,1532,0.49869451697127937,0.7311675124170048
false_hotspot_js_0.15,false_hotspot,0.15,0.1,8.6,764,1532,0.49869451697127937,0.7311675124170048
false_hotspot_js_0.15,false_hotspot,0.15,0.1,8.65,764,1532,0.49869451697127937,0.7311675124170048
false_hotspot_js_0.15,false_hotspot,0.15,0.1,8.700000000000001,764,1532,0.49869451697127937,0.7311675124170048
false_hotspot_js_0.15,false_hotspot,0.15,0.1,8.75,764,1532,0.49869451697127937,0.7311675124170048
false_hotspot_js_0.15,false_hotspot,0.15,0.1,8.8,764,1532,0.49869451697127937,0.7311675124170048
false_hotspot_js_0.15,false_hotspot,0.15,0.1,8.85,764,1532,0.49869451697127937,0.7311675124170048
false_hotspot_js_0.15,false_hotspot,0.15,0.1,8.9,764,1532,0.49869451697127937,0.7311675124170048
false_hotspot_js_0.15,false_hotspot,0.15,0.1,8.950000000000001,764,1532,0.49869451697127937,0.7311675124170048
false_hotspot_js_0.15,false_hotspot,0.15,0.1,9.0,764,1532,0.49869451697127937,0.7311675124170048
false_hotspot_js_0.15,false_hotspot,0.15,0.1,9.05,764,1532,0.49869451697127937,0.7311675124170048
false_hotspot_js_0.15,false_hotspot,0.15,0.1,9.1,764,1532,0.49869451697127937,0.7311675124170048
false_hotspot_js_0.15,false_hotspot,0.15,0.1,9.15,764,1532,0.49869451697127937,0.7311675124170048
false_hotspot_js_0.15,false_hotspot,0.15,0.1,9.200000000000001,764,1532,0.49869451697127937,0.7311675124170048
false_hotspot_js_0.15,false_hotspot,0.15,0.1,9.25,764,1532,0.49869451697127937,0.7311675124170048
false_hotspot_js_0.15,false_hotspot,0.15,0.1,9.3,764,1532,0.49869451697127937,0.7311675124170048
false_hotspot_js_0.15,false_hotspot,0.15,0.1,9.35,764,1532,0.49869451697127937,0.7311675124170048
false_hotspot_js_0.15,false_hotspot,0.15,0.1,9.4,764,1532,0.49869451697127937,0.7311675124170048
false_hotspot_js_0.15,false_hotspot,0.15,0.1,9.450000000000001,764,1532,0.49869451697127937,0.7311675124170048
false_hotspot_js_0.15,false_hotspot,0.15,0.1,9.5,764,1532,0.49869451697127937,0.7311675124170048
false_hotspot_js_0.15,false_hotspot,0.15,0.1,9.55,764,1532,0.49869451697127937,0.7311675124170048
false_hotspot_js_0.15,false_hotspot,0.15,0.1,9.600000000000001,764,1532,0.49869451697127937,0.7311675124170048
false_hotspot_js_0.15,false_hotspot,0.15,0.1,9.65,764,1532,0.49869451697127937,0.7311675124170048
false_hotspot_js_0.15,false_hotspot,0.15,0.1,9.700000000000001,764,1532,0.49869451697127937,0.7311675124170048
false_hotspot_js_0.15,false_hotspot,0.15,0.1,9.75,764,1532,0.49869451697127937,0.7311675124170048
false_hotspot_js_0.15,false_hotspot,0.15,0.1,9.8,764,1532,0.49869451697127937,0.7311675124170048
false_hotspot_js_0.15,false_hotspot,0.15,0.1,9.850000000000001,764,1532,0.49869451697127937,0.7311675124170048
false_hotspot_js_0.15,false_hotspot,0.15,0.1,9.9,764,1532,0.49869451697127937,0.7311675124170048
false_hotspot_js_0.15,false_hotspot,0.15,0.1,9.950000000000001,764,1532,0.49869451697127937,0.7311675124170048
false_hotspot_js_0.15,false_hotspot,0.15,0.1,10.0,764,1532,0.49869451697127937,0.7311675124170048
false_hotspot_js_0.15,false_hotspot,0.15,0.1,10.05,764,1532,0.49869451697127937,0.7311675124170048
false_hotspot_js_0.15,false_hotspot,0.15,0.1,10.100000000000001,764,1532,0.49869451697127937,0.7311675124170048
false_hotspot_js_0.15,false_hotspot,0.15,0.1,10.15,764,1532,0.49869451697127937,0.7311675124170048
false_hotspot_js_0.15,false_hotspot,0.15,0.1,10.200000000000001,764,1532,0.49869451697127937,0.7311675124170048
false_hotspot_js_0.15,false_hotspot,0.15,0.1,10.25,764,1532,0.49869451697127937,0.7311675124170048
false_hotspot_js_0.15,false_hotspot,0.15,0.1,10.3,764,1532,0.49869451697127937,0.7311675124170048
false_hotspot_js_0.15,false_hotspot,0.15,0.1,10.350000000000001,764,1532,0.49869451697127937,0.7311675124170048
false_hotspot_js_0.15,false_hotspot,0.15,0.1,10.4,764,1532,0.49869451697127937,0.7311675124170048
false_hotspot_js_0.15,false_hotspot,0.15,0.1,10.450000000000001,764,1532,0.49869451697127937,0.7311675124170048
false_hotspot_js_0.15,false_hotspot,0.15,0.1,10.5,764,1532,0.49869451697127937,0.7311675124170048
false_hotspot_js_0.15,false_hotspot,0.15,0.1,10.55,764,1532,0.49869451697127937,0.7311675124170048
false_hotspot_js_0.15,false_hotspot,0.15,0.1,10.600000000000001,764,1532,0.49869451697127937,0.7311675124170048
false_hotspot_js_0.15,false_hotspot,0.15,0.1,10.65,764,1532,0.49869451697127937,0.7311675124170048
false_hotspot_js_0.15,false_hotspot,0.15,0.1,10.700000000000001,764,1532,0.49869451697127937,0.7311675124170048
false_hotspot_js_0.15,false_hotspot,0.15,0.1,10.75,764,1532,0.49869451697127937,0.7311675124170048
false_hotspot_js_0.15,false_hotspot,0.15,0.1,10.8,764,1532,0.49869451697127937,0.7311675124170048
false_hotspot_js_0.15,false_hotspot,0.15,0.1,10.850000000000001,764,1532,0.49869451697127937,0.7311675124170048
false_hotspot_js_0.15,false_hotspot,0.15,0.1,10.9,764,1532,0.49869451697127937,0.7311675124170048
false_hotspot_js_0.15,false_hotspot,0.15,0.1,10.950000000000001,764,1532,0.49869451697127937,0.7311675124170048
false_hotspot_js_0.15,false_hotspot,0.15,0.1,11.0,764,1532,0.49869451697127937,0.7311675124170048
false_hotspot_js_0.15,false_hotspot,0.15,0.1,11.05,764,1532,0.49869451697127937,0.7311675124170048
false_hotspot_js_0.15,false_hotspot,0.15,0.1,11.100000000000001,764,1532,0.49869451697127937,0.7311675124170048
false_hotspot_js_0.15,false_hotspot,0.15,0.1,11.15,764,1532,0.49869451697127937,0.7311675124170048
false_hotspot_js_0.15,false_hotspot,0.15,0.1,11.200000000000001,764,1532,0.49869451697127937,0.7311675124170048
false_hotspot_js_0.15,false_hotspot,0.15,0.1,11.25,764,1532,0.49869451697127937,0.7311675124170048
false_hotspot_js_0.15,false_hotspot,0.15,0.1,11.3,764,1532,0.49869451697127937,0.7311675124170048
false_hotspot_js_0.15,false_hotspot,0.15,0.1,11.350000000000001,764,1532,0.49869451697127937,0.7311675124170048
false_hotspot_js_0.15,false_hotspot,0.15,0.1,11.4,764,1532,0.49869451697127937,0.7311675124170048
false_hotspot_js_0.15,false_hotspot,0.15,0.1,11.450000000000001,764,1532,0.49869451697127937,0.7311675124170048
false_hotspot_js_0.15,false_hotspot,0.15,0.1,11.5,764,1532,0.49869451697127937,0.7311675124170048
false_hotspot_js_0.15,false_hotspot,0.15,0.1,11.55,764,1532,0.49869451697127937,0.7311675124170048
false_hotspot_js_0.15,false_hotspot,0.15,0.1,11.600000000000001,764,1532,0.49869451697127937,0.7311675124170048
false_hotspot_js_0.15,false_hotspot,0.15,0.1,11.65,764,1532,0.49869451697127937,0.7311675124170048
false_hotspot_js_0.15,false_hotspot,0.15,0.1,11.700000000000001,764,1532,0.49869451697127937,0.7311675124170048
false_hotspot_js_0.15,false_hotspot,0.15,0.1,11.75,764,1532,0.49869451697127937,0.7311675124170048
false_hotspot_js_0.15,false_hotspot,0.15,0.1,11.8,764,1532,0.49869451697127937,0.7311675124170048
false_hotspot_js_0.15,false_hotspot,0.15,0.1,11.850000000000001,764,1532,0.49869451697127937,0.7311675124170048
false_hotspot_js_0.15,false_hotspot,0.15,0.1,11.9,764,1532,0.49869451697127937,0.7311675124170048
false_hotspot_js_0.15,false_hotspot,0.15,0.1,11.950000000000001,764,1532,0.49869451697127937,0.7311675124170048
false_hotspot_js_0.15,false_hotspot,0.15,0.1,12.0,764,1532,0.49869451697127937,0.7311675124170048
false_hotspot_js_0.15,false_hotspot,0.15,0.1,12.05,764,1532,0.49869451697127937,0.7311675124170048
false_hotspot_js_0.15,false_hotspot,0.15,0.1,12.100000000000001,764,1532,0.49869451697127937,0.7311675124170048
false_hotspot_js_0.15,false_hotspot,0.15,0.1,12.15,764,1532,0.49869451697127937,0.7311675124170048
false_hotspot_js_0.15,false_hotspot,0.15,0.1,12.200000000000001,764,1532,0.49869451697127937,0.7311675124170048
false_hotspot_js_0.15,false_hotspot,0.15,0.1,12.25,764,1532,0.49869451697127937,0.7311675124170048
false_hotspot_js_0.15,false_hotspot,0.15,0.1,12.3,764,1532,0.49869451697127937,0.7311675124170048
false_hotspot_js_0.15,false_hotspot,0.15,0.1,12.350000000000001,764,1532,0.49869451697127937,0.7311675124170048
false_hotspot_js_0.15,false_hotspot,0.15,0.1,12.4,764,1532,0.49869451697127937,0.7311675124170048
false_hotspot_js_0.15,false_hotspot,0.15,0.1,12.450000000000001,764,1532,0.49869451697127937,0.7311675124170048
false_hotspot_js_0.15,false_hotspot,0.15,0.1,12.5,764,1532,0.49869451697127937,0.7311675124170048
false_hotspot_js_0.15,false_hotspot,0.15,0.1,12.55,764,1532,0.49869451697127937,0.7311675124170048
false_hotspot_js_0.15,false_hotspot,0.15,0.1,12.600000000000001,764,1532,0.49869451697127937,0.7311675124170048
false_hotspot_js_0.15,false_hotspot,0.15,0.1,12.65,764,1532,0.49869451697127937,0.7311675124170048
false_hotspot_js_0.15,false_hotspot,0.15,0.1,12.700000000000001,764,1532,0.49869451697127937,0.7311675124170048
false_hotspot_js_0.15,false_hotspot,0.15,0.1,12.75,764,1532,0.49869451697127937,0.7311675124170048
false_hotspot_js_0.15,false_hotspot,0.15,0.1,12.8,764,1532,0.49869451697127937,0.7311675124170048
false_hotspot_js_0.15,false_hotspot,0.15,0.1,12.850000000000001,764,1532,0.49869451697127937,0.7311675124170048
false_hotspot_js_0.15,false_hotspot,0.15,0.1,12.9,764,1532,0.49869451697127937,0.7311675124170048
false_hotspot_js_0.15,false_hotspot,0.15,0.1,12.950000000000001,764,1532,0.49869451697127937,0.7311675124170048
false_hotspot_js_0.15,false_hotspot,0.15,0.1,13.0,764,1532,0.49869451697127937,0.7311675124170048
false_hotspot_js_0.15,false_hotspot,0.15,0.1,13.05,764,1532,0.49869451697127937,0.7311675124170048
false_hotspot_js_0.15,false_hotspot,0.15,0.1,13.100000000000001,764,1532,0.49869451697127937,0.7311675124170048
false_hotspot_js_0.15,false_hotspot,0.15,0.1,13.15,764,1532,0.49869451697127937,0.7311675124170048
false_hotspot_js_0.15,false_hotspot,0.15,0.1,13.200000000000001,764,1532,0.49869451697127937,0.7311675124170048
false_hotspot_js_0.15,false_hotspot,0.15,0.1,13.25,764,1532,0.49869451697127937,0.7311675124170048
false_hotspot_js_0.15,false_hotspot,0.15,0.1,13.3,764,1532,0.49869451697127937,0.7311675124170048
false_hotspot_js_0.15,false_hotspot,0.15,0.1,13.350000000000001,764,1532,0.49869451697127937,0.7311675124170048
false_hotspot_js_0.15,false_hotspot,0.15,0.1,13.4,764,1532,0.49869451697127937,0.7311675124170048
false_hotspot_js_0.15,false_hotspot,0.15,0.1,13.450000000000001,764,1532,0.49869451697127937,0.7311675124170048
false_hotspot_js_0.15,false_hotspot,0.15,0.1,13.5,764,1532,0.49869451697127937,0.7311675124170048
false_hotspot_js_0.15,false_hotspot,0.15,0.1,13.55,764,1532,0.49869451697127937,0.7311675124170048
false_hotspot_js_0.15,false_hotspot,0.15,0.1,13.600000000000001,764,1532,0.49869451697127937,0.7311675124170048
false_hotspot_js_0.15,false_hotspot,0.15,0.1,13.65,764,1532,0.49869451697127937,0.7311675124170048
false_hotspot_js_0.15,false_hotspot,0.15,0.1,13.700000000000001,764,1532,0.49869451697127937,0.7311675124170048
false_hotspot_js_0.15,false_hotspot,0.15,0.1,13.75,764,1532,0.49869451697127937,0.7311675124170048
false_hotspot_js_0.15,false_hotspot,0.15,0.1,13.8,764,1532,0.49869451697127937,0.7311675124170048
false_hotspot_js_0.15,false_hotspot,0.15,0.1,13.850000000000001,764,1532,0.49869451697127937,0.7311675124170048
false_hotspot_js_0.15,false_hotspot,0.15,0.1,13.9,764,1532,0.49869451697127937,0.7311675124170048
false_hotspot_js_0.15,false_hotspot,0.15,0.1,13.950000000000001,764,1532,0.49869451697127937,0.7311675124170048
false_hotspot_js_0.15,false_hotspot,0.15,0.1,14.0,764,1532,0.49869451697127937,0.7311675124170048
false_hotspot_js_0.15,false_hotspot,0.15,0.1,14.05,764,1532,0.49869451697127937,0.7311675124170048
false_hotspot_js_0.15,false_hotspot,0.15,0.1,14.100000000000001,764,1532,0.49869451697127937,0.7311675124170048
false_hotspot_js_0.15,false_hotspot,0.15,0.1,14.15,764,1532,0.49869451697127937,0.7311675124170048
false_hotspot_js_0.15,false_hotspot,0.15,0.1,14.200000000000001,764,1532,0.49869451697127937,0.7311675124170048
false_hotspot_js_0.15,false_hotspot,0.15,0.1,14.25,764,1532,0.49869451697127937,0.7311675124170048
false_hotspot_js_0.15,false_hotspot,0.15,0.1,14.3,764,1532,0.49869451697127937,0.7311675124170048
false_hotspot_js_0.15,false_hotspot,0.15,0.1,14.350000000000001,764,1532,0.49869451697127937,0.7311675124170048
false_hotspot_js_0.15,false_hotspot,0.15,0.1,14.4,764,1532,0.49869451697127937,0.7311675124170048
false_hotspot_js_0.15,false_hotspot,0.15,0.1,14.450000000000001,764,1532,0.49869451697127937,0.7311675124170048
false_hotspot_js_0.15,false_hotspot,0.15,0.1,14.5,764,1532,0.49869451697127937,0.7311675124170048
false_hotspot_js_0.15,false_hotspot,0.15,0.1,14.55,764,1532,0.49869451697127937,0.7311675124170048
false_hotspot_js_0.15,false_hotspot,0.15,0.1,14.600000000000001,764,1532,0.49869451697127937,0.7311675124170048
false_hotspot_js_0.15,false_hotspot,0.15,0.1,14.65,764,1532,0.49869451697127937,0.7311675124170048
false_hotspot_js_0.15,false_hotspot,0.15,0.1,14.700000000000001,764,1532,0.49869451697127937,0.7311675124170048
false_hotspot_js_0.15,false_hotspot,0.15,0.1,14.75,764,1532,0.49869451697127937,0.7311675124170048
false_hotspot_js_0.15,false_hotspot,0.15,0.1,14.8,764,1532,0.49869451697127937,0.7311675124170048
false_hotspot_js_0.15,false_hotspot,0.15,0.1,14.850000000000001,764,1532,0.49869451697127937,0.7311675124170048
false_hotspot_js_0.15,false_hotspot,0.15,0.1,14.9,764,1532,0.49869451697127937,0.7311675124170048
false_hotspot_js_0.15,false_hotspot,0.15,0.1,14.950000000000001,764,1532,0.49869451697127937,0.7311675124170048
false_hotspot_js_0.15,false_hotspot,0.15,0.1,15.0,764,1532,0.49869451697127937,0.7311675124170048
false_negative_suppression_js_0.05,false_negative_suppression,0.05,0.1,0.0,76,1532,0.04960835509138381,0.011122795102453328
false_negative_suppression_js_0.05,false_negative_suppression,0.05,0.1,0.05,77,1532,0.05026109660574413,0.011269173933804206
false_negative_suppression_js_0.05,false_negative_suppression,0.05,0.1,0.1,81,1532,0.05287206266318538,0.011854599566472253
false_negative_suppression_js_0.05,false_negative_suppression,0.05,0.1,0.15000000000000002,88,1532,0.057441253263707574,0.012879126845692918
false_negative_suppression_js_0.05,false_negative_suppression,0.05,0.1,0.2,94,1532,0.06135770234986945,0.013757433973542774
false_negative_suppression_js_0.05,false_negative_suppression,0.05,0.1,0.25,105,1532,0.0685378590078329,0.015367464801702223
false_negative_suppression_js_0.05,false_negative_suppression,0.05,0.1,0.30000000000000004,114,1532,0.07441253263707572,0.016685292220214823
false_negative_suppression_js_0.05,false_negative_suppression,0.05,0.1,0.35000000000000003,127,1532,0.08289817232375979,0.018589719901775912
false_negative_suppression_js_0.05,false_negative_suppression,0.05,0.1,0.4,139,1532,0.09073107049608355,0.020349508503719235
false_negative_suppression_js_0.05,false_negative_suppression,0.05,0.1,0.45,154,1532,0.10052219321148825,0.022555777383133673
false_negative_suppression_js_0.05,false_negative_suppression,0.05,0.1,0.5,170,1532,0.11096605744125326,0.024922987545912094
false_negative_suppression_js_0.05,false_negative_suppression,0.05,0.1,0.55,188,1532,0.1227154046997389,0.027638733071015255
false_negative_suppression_js_0.05,false_negative_suppression,0.05,0.1,0.6000000000000001,206,1532,0.13446475195822455,0.03047226203108358
false_negative_suppression_js_0.05,false_negative_suppression,0.05,0.1,0.65,213,1532,0.13903394255874674,0.03157116216072102
false_negative_suppression_js_0.05,false_negative_suppression,0.05,0.1,0.7000000000000001,220,1532,0.14360313315926893,0.032767254470302834
false_negative_suppression_js_0.05,false_negative_suppression,0.05,0.1,0.75,225,1532,0.1468668407310705,0.03362176871355071
false_negative_suppression_js_0.05,false_negative_suppression,0.05,0.1,0.8,229,1532,0.14947780678851175,0.03445259692933303
false_negative_suppression_js_0.05,false_negative_suppression,0.05,0.1,0.8500000000000001,229,1532,0.14947780678851175,0.03445259692933303
false_negative_suppression_js_0.05,false_negative_suppression,0.05,0.1,0.9,229,1532,0.14947780678851175,0.03445259692933303
false_negative_suppression_js_0.05,false_negative_suppression,0.05,0.1,0.9500000000000001,229,1532,0.14947780678851175,0.03445259692933303
false_negative_suppression_js_0.05,false_negative_suppression,0.05,0.1,1.0,240,1532,0.1566579634464752,0.05570698449905623
false_negative_suppression_js_0.05,false_negative_suppression,0.05,0.1,1.05,259,1532,0.16906005221932116,0.0995315742135427
false_negative_suppression_js_0.05,false_negative_suppression,0.05,0.1,1.1,270,1532,0.1762402088772846,0.12286045001909092
false_negative_suppression_js_0.05,false_negative_suppression,0.05,0.1,1.1500000000000001,278,1532,0.1814621409921671,0.139662488848727
false_negative_suppression_js_0.05,false_negative_suppression,0.05,0.1,1.2000000000000002,282,1532,0.18407310704960836,0.14738382372368827
false_negative_suppression_js_0.05,false_negative_suppression,0.05,0.1,1.25,287,1532,0.18733681462140991,0.15979998146362517
false_negative_suppression_js_0.05,false_negative_suppression,0.05,0.1,1.3,295,1532,0.19255874673629242,0.18588282725648775
false_negative_suppression_js_0.05,false_negative_suppression,0.05,0.1,1.35,298,1532,0.19451697127937337,0.1917316539813673
false_negative_suppression_js_0.05,false_negative_suppression,0.05,0.1,1.4000000000000001,302,1532,0.19712793733681463,0.20941745551802712
false_negative_suppression_js_0.05,false_negative_suppression,0.05,0.1,1.4500000000000002,306,1532,0.19973890339425587,0.22213963436681525
false_negative_suppression_js_0.05,false_negative_suppression,0.05,0.1,1.5,313,1532,0.20430809399477806,0.24910543710584834
false_negative_suppression_js_0.05,false_negative_suppression,0.05,0.1,1.55,316,1532,0.206266318537859,0.2625629324508254
false_negative_suppression_js_0.05,false_negative_suppression,0.05,0.1,1.6,322,1532,0.21018276762402088,0.2839239736874092
false_negative_suppression_js_0.05,false_negative_suppression,0.05,0.1,1.6500000000000001,327,1532,0.21344647519582247,0.30091282532281394
false_negative_suppression_js_0.05,false_negative_suppression,0.05,0.1,1.7000000000000002,334,1532,0.21801566579634465,0.3221386663418736
false_negative_suppression_js_0.05,false_negative_suppression,0.05,0.1,1.75,340,1532,0.22193211488250653,0.338123824446791
false_negative_suppression_js_0.05,false_negative_suppression,0.05,0.1,1.8,346,1532,0.2258485639686684,0.3497707526060272
false_negative_suppression_js_0.05,false_negative_suppression,0.05,0.1,1.85,351,1532,0.22911227154046998,0.358887568374298
false_negative_suppression_js_0.05,false_negative_suppression,0.05,0.1,1.9000000000000001,354,1532,0.2310704960835509,0.3639198826845459
false_negative_suppression_js_0.05,false_negative_suppression,0.05,0.1,1.9500000000000002,361,1532,0.23563968668407312,0.37284383156090745
false_negative_suppression_js_0.05,false_negative_suppression,0.05,0.1,2.0,365,1532,0.23825065274151436,0.377434507456795
false_negative_suppression_js_0.05,false_negative_suppression,0.05,0.1,2.0500000000000003,372,1532,0.24281984334203655,0.38333271516760353
false_negative_suppression_js_0.05,false_negative_suppression,0.05,0.1,2.1,375,1532,0.2447780678851175,0.3855791856604072
false_negative_suppression_js_0.05,false_negative_suppression,0.05,0.1,2.15,384,1532,0.2506527415143603,0.39058341679201175
false_negative_suppression_js_0.05,false_negative_suppression,0.05,0.1,2.2,387,1532,0.25261096605744127,0.39192052742383715
false_negative_suppression_js_0.05,false_negative_suppression,0.05,0.1,2.25,392,1532,0.2558746736292428,0.39390094311633034
false_negative_suppression_js_0.05,false_negative_suppression,0.05,0.1,2.3000000000000003,393,1532,0.2565274151436031,0.3942338777072126
false_negative_suppression_js_0.05,false_negative_suppression,0.05,0.1,2.35,393,1532,0.2565274151436031,0.3942338777072126
false_negative_suppression_js_0.05,false_negative_suppression,0.05,0.1,2.4000000000000004,393,1532,0.2565274151436031,0.3942338777072126
false_negative_suppression_js_0.05,false_negative_suppression,0.05,0.1,2.45,393,1532,0.2565274151436031,0.3942338777072126
false_negative_suppression_js_0.05,false_negative_suppression,0.05,0.1,2.5,393,1532,0.2565274151436031,0.3942338777072126
false_negative_suppression_js_0.05,false_negative_suppression,0.05,0.1,2.5500000000000003,393,1532,0.2565274151436031,0.3942338777072126
false_negative_suppression_js_0.05,false_negative_suppression,0.05,0.1,2.6,396,1532,0.2584856396866841,0.40129760635055195
false_negative_suppression_js_0.05,false_negative_suppression,0.05,0.1,2.6500000000000004,396,1532,0.2584856396866841,0.40129760635055195
false_negative_suppression_js_0.05,false_negative_suppression,0.05,0.1,2.7,398,1532,0.2597911227154047,0.4074830297590301
false_negative_suppression_js_0.05,false_negative_suppression,0.05,0.1,2.75,408,1532,0.26631853785900783,0.44976197634799153
false_negative_suppression_js_0.05,false_negative_suppression,0.05,0.1,2.8000000000000003,417,1532,0.27219321148825065,0.4869643278912663
false_negative_suppression_js_0.05,false_negative_suppression,0.05,0.1,2.85,430,1532,0.28067885117493474,0.5337916661515876
false_negative_suppression_js_0.05,false_negative_suppression,0.05,0.1,2.9000000000000004,443,1532,0.2891644908616188,0.5740776761935242
false_negative_suppression_js_0.05,false_negative_suppression,0.05,0.1,2.95,457,1532,0.2983028720626632,0.6078801778549523
false_negative_suppression_js_0.05,false_negative_suppression,0.05,0.1,3.0,467,1532,0.3048302872062663,0.627419484296568
false_negative_suppression_js_0.05,false_negative_suppression,0.05,0.1,3.0500000000000003,477,1532,0.3113577023498694,0.6424610700351687
false_negative_suppression_js_0.05,false_negative_suppression,0.05,0.1,3.1,483,1532,0.3152741514360313,0.6510319421426899
false_negative_suppression_js_0.05,false_negative_suppression,0.05,0.1,3.1500000000000004,488,1532,0.3185378590078329,0.6569173417567418
false_negative_suppression_js_0.05,false_negative_suppression,0.05,0.1,3.2,491,1532,0.32049608355091386,0.6597442671150698
false_negative_suppression_js_0.05,false_negative_suppression,0.05,0.1,3.25,494,1532,0.3224543080939948,0.6620853493688783
false_negative_suppression_js_0.05,false_negative_suppression,0.05,0.1,3.3000000000000003,496,1532,0.3237597911227154,0.6635883238488081
false_negative_suppression_js_0.05,false_negative_suppression,0.05,0.1,3.35,497,1532,0.3244125326370757,0.6643439757302019
false_negative_suppression_js_0.05,false_negative_suppression,0.05,0.1,3.4000000000000004,498,1532,0.32506527415143605,0.6649435813663596
false_negative_suppression_js_0.05,false_negative_suppression,0.05,0.1,3.45,499,1532,0.32571801566579633,0.6654148636190462
false_negative_suppression_js_0.05,false_negative_suppression,0.05,0.1,3.5,499,1532,0.32571801566579633,0.6654148636190462
false_negative_suppression_js_0.05,false_negative_suppression,0.05,0.1,3.5500000000000003,499,1532,0.32571801566579633,0.6654148636190462
false_negative_suppression_js_0.05,false_negative_suppression,0.05,0.1,3.6,500,1532,0.3263707571801567,0.6658029286613258
false_negative_suppression_js_0.05,false_negative_suppression,0.05,0.1,3.6500000000000004,501,1532,0.32702349869451697,0.6662864525782795
false_negative_suppression_js_0.05,false_negative_suppression,0.05,0.1,3.7,501,1532,0.32702349869451697,0.6662864525782795
false_negative_suppression_js_0.05,false_negative_suppression,0.05,0.1,3.75,502,1532,0.3276762402088773,0.6668860582144371
false_negative_suppression_js_0.05,false_negative_suppression,0.05,0.1,3.8000000000000003,503,1532,0.3283289817232376,0.6672056902483718
false_negative_suppression_js_0.05,false_negative_suppression,0.05,0.1,3.85,504,1532,0.3289817232375979,0.6675937552906515
false_negative_suppression_js_0.05,false_negative_suppression,0.05,0.1,3.9000000000000004,505,1532,0.32963446475195823,0.6678598186233158
false_negative_suppression_js_0.05,false_negative_suppression,0.05,0.1,3.95,505,1532,0.32963446475195823,0.6678598186233158
false_negative_suppression_js_0.05,false_negative_suppression,0.05,0.1,4.0,509,1532,0.3322454308093995,0.6696040240605605
false_negative_suppression_js_0.05,false_negative_suppression,0.05,0.1,4.05,509,1532,0.3322454308093995,0.6696040240605605
false_negative_suppression_js_0.05,false_negative_suppression,0.05,0.1,4.1000000000000005,509,1532,0.3322454308093995,0.6696040240605605
false_negative_suppression_js_0.05,false_negative_suppression,0.05,0.1,4.15,510,1532,0.3328981723237598,0.6698615524450326
false_negative_suppression_js_0.05,false_negative_suppression,0.05,0.1,4.2,511,1532,0.3335509138381201,0.6702323843863649
false_negative_suppression_js_0.05,false_negative_suppression,0.05,0.1,4.25,512,1532,0.3342036553524804,0.670528188919939
false_negative_suppression_js_0.05,false_negative_suppression,0.05,0.1,4.3,513,1532,0.3348563968668407,0.6710954795976466
false_negative_suppression_js_0.05,false_negative_suppression,0.05,0.1,4.3500000000000005,513,1532,0.3348563968668407,0.6710954795976466
false_negative_suppression_js_0.05,false_negative_suppression,0.05,0.1,4.4,514,1532,0.33550913838120106,0.6715326396273431
false_negative_suppression_js_0.05,false_negative_suppression,0.05,0.1,4.45,515,1532,0.33616187989556134,0.6718726036896154
false_negative_suppression_js_0.05,false_negative_suppression,0.05,0.1,4.5,515,1532,0.33616187989556134,0.6718726036896154
false_negative_suppression_js_0.05,false_negative_suppression,0.05,0.1,4.55,515,1532,0.33616187989556134,0.6718726036896154
false_negative_suppression_js_0.05,false_negative_suppression,0.05,0.1,4.6000000000000005,516,1532,0.3368146214099217,0.672260668731895
false_negative_suppression_js_0.05,false_negative_suppression,0.05,0.1,4.65,517,1532,0.337467362924282,0.6727700769523305
false_negative_suppression_js_0.05,false_negative_suppression,0.05,0.1,4.7,517,1532,0.337467362924282,0.6727700769523305
false_negative_suppression_js_0.05,false_negative_suppression,0.05,0.1,4.75,518,1532,0.3381201044386423,0.6734419452708915
false_negative_suppression_js_0.05,false_negative_suppression,0.05,0.1,4.800000000000001,519,1532,0.3387728459530026,0.673879105300588
false_negative_suppression_js_0.05,false_negative_suppression,0.05,0.1,4.8500000000000005,520,1532,0.3394255874673629,0.6744622547216118
false_negative_suppression_js_0.05,false_negative_suppression,0.05,0.1,4.9,521,1532,0.34007832898172324,0.6749457786385655
false_negative_suppression_js_0.05,false_negative_suppression,0.05,0.1,4.95,521,1532,0.34007832898172324,0.6749457786385655
false_negative_suppression_js_0.05,false_negative_suppression,0.05,0.1,5.0,525,1532,0.3426892950391645,0.6777796684797217
false_negative_suppression_js_0.05,false_negative_suppression,0.05,0.1,5.050000000000001,525,1532,0.3426892950391645,0.6777796684797217
false_negative_suppression_js_0.05,false_negative_suppression,0.05,0.1,5.1000000000000005,526,1532,0.3433420365535248,0.678331676193666
false_negative_suppression_js_0.05,false_negative_suppression,0.05,0.1,5.15,528,1532,0.34464751958224543,0.6796111784249907
false_negative_suppression_js_0.05,false_negative_suppression,0.05,0.1,5.2,531,1532,0.34660574412532635,0.6818135290224351
false_negative_suppression_js_0.05,false_negative_suppression,0.05,0.1,5.25,534,1532,0.34856396866840733,0.6841095654034725
false_negative_suppression_js_0.05,false_negative_suppression,0.05,0.1,5.300000000000001,539,1532,0.3518276762402089,0.6882235116330992
false_negative_suppression_js_0.05,false_negative_suppression,0.05,0.1,5.3500000000000005,542,1532,0.3537859007832898,0.690650039283635
false_negative_suppression_js_0.05,false_negative_suppression,0.05,0.1,5.4,546,1532,0.3563968668407311,0.6948741992848974
false_negative_suppression_js_0.05,false_negative_suppression,0.05,0.1,5.45,550,1532,0.35900783289817234,0.6998420573377754
false_negative_suppression_js_0.05,false_negative_suppression,0.05,0.1,5.5,554,1532,0.36161879895561355,0.7050994176145028
false_negative_suppression_js_0.05,false_negative_suppression,0.05,0.1,5.550000000000001,558,1532,0.3642297650130548,0.7119652357809754
false_negative_suppression_js_0.05,false_negative_suppression,0.05,0.1,5.6000000000000005,562,1532,0.3668407310704961,0.7192372125136732
false_negative_suppression_js_0.05,false_negative_suppression,0.05,0.1,5.65,566,1532,0.36945169712793735,0.7275525640789797
false_negative_suppression_js_0.05,false_negative_suppression,0.05,0.1,5.7,567,1532,0.37010443864229764,0.7299220890972147
false_negative_suppression_js_0.05,false_negative_suppression,0.05,0.1,5.75,569,1532,0.3714099216710183,0.7335428353698716
false_negative_suppression_js_0.05,false_negative_suppression,0.05,0.1,5.800000000000001,570,1532,0.3720626631853786,0.7356788968769655
false_negative_suppression_js_0.05,false_negative_suppression,0.05,0.1,5.8500000000000005,571,1532,0.3727154046997389,0.7376060117144372
false_negative_suppression_js_0.05,false_negative_suppression,0.05,0.1,5.9,571,1532,0.3727154046997389,0.7376060117144372
false_negative_suppression_js_0.05,false_negative_suppression,0.05,0.1,5.95,571,1532,0.3727154046997389,0.7376060117144372
false_negative_suppression_js_0.05,false_negative_suppression,0.05,0.1,6.0,572,1532,0.3733681462140992,0.7387377961563114
false_negative_suppression_js_0.05,false_negative_suppression,0.05,0.1,6.050000000000001,572,1532,0.3733681462140992,0.7387377961563114
false_negative_suppression_js_0.05,false_negative_suppression,0.05,0.1,6.1000000000000005,572,1532,0.3733681462140992,0.7387377961563114
false_negative_suppression_js_0.05,false_negative_suppression,0.05,0.1,6.15,572,1532,0.3733681462140992,0.7387377961563114
false_negative_suppression_js_0.05,false_negative_suppression,0.05,0.1,6.2,572,1532,0.3733681462140992,0.7387377961563114
false_negative_suppression_js_0.05,false_negative_suppression,0.05,0.1,6.25,572,1532,0.3733681462140992,0.7387377961563114
false_negative_suppression_js_0.05,false_negative_suppression,0.05,0.1,6.300000000000001,572,1532,0.3733681462140992,0.7387377961563114
false_negative_suppression_js_0.05,false_negative_suppression,0.05,0.1,6.3500000000000005,572,1532,0.3733681462140992,0.7387377961563114
false_negative_suppression_js_0.05,false_negative_suppression,0.05,0.1,6.4,572,1532,0.3733681462140992,0.7387377961563114
false_negative_suppression_js_0.05,false_negative_suppression,0.05,0.1,6.45,572,1532,0.3733681462140992,0.7387377961563114
false_negative_suppression_js_0.05,false_negative_suppression,0.05,0.1,6.5,572,1532,0.3733681462140992,0.7387377961563114
false_negative_suppression_js_0.05,false_negative_suppression,0.05,0.1,6.550000000000001,572,1532,0.3733681462140992,0.7387377961563114
false_negative_suppression_js_0.05,false_negative_suppression,0.05,0.1,6.6000000000000005,572,1532,0.3733681462140992,0.7387377961563114
false_negative_suppression_js_0.05,false_negative_suppression,0.05,0.1,6.65,572,1532,0.3733681462140992,0.7387377961563114
false_negative_suppression_js_0.05,false_negative_suppression,0.05,0.1,6.7,572,1532,0.3733681462140992,0.7387377961563114
false_negative_suppression_js_0.05,false_negative_suppression,0.05,0.1,6.75,572,1532,0.3733681462140992,0.7387377961563114
false_negative_suppression_js_0.05,false_negative_suppression,0.05,0.1,6.800000000000001,572,1532,0.3733681462140992,0.7387377961563114
false_negative_suppression_js_0.05,false_negative_suppression,0.05,0.1,6.8500000000000005,572,1532,0.3733681462140992,0.7387377961563114
false_negative_suppression_js_0.05,false_negative_suppression,0.05,0.1,6.9,572,1532,0.3733681462140992,0.7387377961563114
false_negative_suppression_js_0.05,false_negative_suppression,0.05,0.1,6.95,572,1532,0.3733681462140992,0.7387377961563114
false_negative_suppression_js_0.05,false_negative_suppression,0.05,0.1,7.0,572,1532,0.3733681462140992,0.7387377961563114
false_negative_suppression_js_0.05,false_negative_suppression,0.05,0.1,7.050000000000001,572,1532,0.3733681462140992,0.7387377961563114
false_negative_suppression_js_0.05,false_negative_suppression,0.05,0.1,7.1000000000000005,572,1532,0.3733681462140992,0.7387377961563114
false_negative_suppression_js_0.05,false_negative_suppression,0.05,0.1,7.15,572,1532,0.3733681462140992,0.7387377961563114
false_negative_suppression_js_0.05,false_negative_suppression,0.05,0.1,7.2,572,1532,0.3733681462140992,0.7387377961563114
false_negative_suppression_js_0.05,false_negative_suppression,0.05,0.1,7.25,572,1532,0.3733681462140992,0.7387377961563114
false_negative_suppression_js_0.05,false_negative_suppression,0.05,0.1,7.300000000000001,572,1532,0.3733681462140992,0.7387377961563114
false_negative_suppression_js_0.05,false_negative_suppression,0.05,0.1,7.3500000000000005,572,1532,0.3733681462140992,0.7387377961563114
false_negative_suppression_js_0.05,false_negative_suppression,0.05,0.1,7.4,572,1532,0.3733681462140992,0.7387377961563114
false_negative_suppression_js_0.05,false_negative_suppression,0.05,0.1,7.45,572,1532,0.3733681462140992,0.7387377961563114
false_negative_suppression_js_0.05,false_negative_suppression,0.05,0.1,7.5,572,1532,0.3733681462140992,0.7387377961563114
false_negative_suppression_js_0.05,false_negative_suppression,0.05,0.1,7.550000000000001,572,1532,0.3733681462140992,0.7387377961563114
false_negative_suppression_js_0.05,false_negative_suppression,0.05,0.1,7.6000000000000005,572,1532,0.3733681462140992,0.7387377961563114
false_negative_suppression_js_0.05,false_negative_suppression,0.05,0.1,7.65,572,1532,0.3733681462140992,0.7387377961563114
false_negative_suppression_js_0.05,false_negative_suppression,0.05,0.1,7.7,572,1532,0.3733681462140992,0.7387377961563114
false_negative_suppression_js_0.05,false_negative_suppression,0.05,0.1,7.75,572,1532,0.3733681462140992,0.7387377961563114
false_negative_suppression_js_0.05,false_negative_suppression,0.05,0.1,7.800000000000001,572,1532,0.3733681462140992,0.7387377961563114
false_negative_suppression_js_0.05,false_negative_suppression,0.05,0.1,7.8500000000000005,572,1532,0.3733681462140992,0.7387377961563114
false_negative_suppression_js_0.05,false_negative_suppression,0.05,0.1,7.9,572,1532,0.3733681462140992,0.7387377961563114
false_negative_suppression_js_0.05,false_negative_suppression,0.05,0.1,7.95,572,1532,0.3733681462140992,0.7387377961563114
false_negative_suppression_js_0.05,false_negative_suppression,0.05,0.1,8.0,572,1532,0.3733681462140992,0.7387377961563114
false_negative_suppression_js_0.05,false_negative_suppression,0.05,0.1,8.05,572,1532,0.3733681462140992,0.7387377961563114
false_negative_suppression_js_0.05,false_negative_suppression,0.05,0.1,8.1,572,1532,0.3733681462140992,0.7387377961563114
false_negative_suppression_js_0.05,false_negative_suppression,0.05,0.1,8.15,572,1532,0.3733681462140992,0.7387377961563114
false_negative_suppression_js_0.05,false_negative_suppression,0.05,0.1,8.200000000000001,572,1532,0.3733681462140992,0.7387377961563114
false_negative_suppression_js_0.05,false_negative_suppression,0.05,0.1,8.25,572,1532,0.3733681462140992,0.7387377961563114
false_negative_suppression_js_0.05,false_negative_suppression,0.05,0.1,8.3,572,1532,0.3733681462140992,0.7387377961563114
false_negative_suppression_js_0.05,false_negative_suppression,0.05,0.1,8.35,572,1532,0.3733681462140992,0.7387377961563114
false_negative_suppression_js_0.05,false_negative_suppression,0.05,0.1,8.4,572,1532,0.3733681462140992,0.7387377961563114
false_negative_suppression_js_0.05,false_negative_suppression,0.05,0.1,8.450000000000001,572,1532,0.3733681462140992,0.7387377961563114
false_negative_suppression_js_0.05,false_negative_suppression,0.05,0.1,8.5,572,1532,0.3733681462140992,0.7387377961563114
false_negative_suppression_js_0.05,false_negative_suppression,0.05,0.1,8.55,572,1532,0.3733681462140992,0.7387377961563114
false_negative_suppression_js_0.05,false_negative_suppression,0.05,0.1,8.6,572,1532,0.3733681462140992,0.7387377961563114
false_negative_suppression_js_0.05,false_negative_suppression,0.05,0.1,8.65,572,1532,0.3733681462140992,0.7387377961563114
false_negative_suppression_js_0.05,false_negative_suppression,0.05,0.1,8.700000000000001,572,1532,0.3733681462140992,0.7387377961563114
false_negative_suppression_js_0.05,false_negative_suppression,0.05,0.1,8.75,572,1532,0.3733681462140992,0.7387377961563114
false_negative_suppression_js_0.05,false_negative_suppression,0.05,0.1,8.8,572,1532,0.3733681462140992,0.7387377961563114
false_negative_suppression_js_0.05,false_negative_suppression,0.05,0.1,8.85,572,1532,0.3733681462140992,0.7387377961563114
false_negative_suppression_js_0.05,false_negative_suppression,0.05,0.1,8.9,572,1532,0.3733681462140992,0.7387377961563114
false_negative_suppression_js_0.05,false_negative_suppression,0.05,0.1,8.950000000000001,572,1532,0.3733681462140992,0.7387377961563114
false_negative_suppression_js_0.05,false_negative_suppression,0.05,0.1,9.0,572,1532,0.3733681462140992,0.7387377961563114
false_negative_suppression_js_0.05,false_negative_suppression,0.05,0.1,9.05,572,1532,0.3733681462140992,0.7387377961563114
false_negative_suppression_js_0.05,false_negative_suppression,0.05,0.1,9.1,572,1532,0.3733681462140992,0.7387377961563114
false_negative_suppression_js_0.05,false_negative_suppression,0.05,0.1,9.15,572,1532,0.3733681462140992,0.7387377961563114
false_negative_suppression_js_0.05,false_negative_suppression,0.05,0.1,9.200000000000001,572,1532,0.3733681462140992,0.7387377961563114
false_negative_suppression_js_0.05,false_negative_suppression,0.05,0.1,9.25,572,1532,0.3733681462140992,0.7387377961563114
false_negative_suppression_js_0.05,false_negative_suppression,0.05,0.1,9.3,572,1532,0.3733681462140992,0.7387377961563114
false_negative_suppression_js_0.05,false_negative_suppression,0.05,0.1,9.35,572,1532,0.3733681462140992,0.7387377961563114
false_negative_suppression_js_0.05,false_negative_suppression,0.05,0.1,9.4,572,1532,0.3733681462140992,0.7387377961563114
false_negative_suppression_js_0.05,false_negative_suppression,0.05,0.1,9.450000000000001,572,1532,0.3733681462140992,0.7387377961563114
false_negative_suppression_js_0.05,false_negative_suppression,0.05,0.1,9.5,572,1532,0.3733681462140992,0.7387377961563114
false_negative_suppression_js_0.05,false_negative_suppression,0.05,0.1,9.55,572,1532,0.3733681462140992,0.7387377961563114
false_negative_suppression_js_0.05,false_negative_suppression,0.05,0.1,9.600000000000001,572,1532,0.3733681462140992,0.7387377961563114
false_negative_suppression_js_0.05,false_negative_suppression,0.05,0.1,9.65,572,1532,0.3733681462140992,0.7387377961563114
false_negative_suppression_js_0.05,false_negative_suppression,0.05,0.1,9.700000000000001,572,1532,0.3733681462140992,0.7387377961563114
false_negative_suppression_js_0.05,false_negative_suppression,0.05,0.1,9.75,572,1532,0.3733681462140992,0.7387377961563114
false_negative_suppression_js_0.05,false_negative_suppression,0.05,0.1,9.8,572,1532,0.3733681462140992,0.7387377961563114
false_negative_suppression_js_0.05,false_negative_suppression,0.05,0.1,9.850000000000001,572,1532,0.3733681462140992,0.7387377961563114
false_negative_suppression_js_0.05,false_negative_suppression,0.05,0.1,9.9,572,1532,0.3733681462140992,0.7387377961563114
false_negative_suppression_js_0.05,false_negative_suppression,0.05,0.1,9.950000000000001,572,1532,0.3733681462140992,0.7387377961563114
false_negative_suppression_js_0.05,false_negative_suppression,0.05,0.1,10.0,572,1532,0.3733681462140992,0.7387377961563114
false_negative_suppression_js_0.05,false_negative_suppression,0.05,0.1,10.05,572,1532,0.3733681462140992,0.7387377961563114
false_negative_suppression_js_0.05,false_negative_suppression,0.05,0.1,10.100000000000001,572,1532,0.3733681462140992,0.7387377961563114
false_negative_suppression_js_0.05,false_negative_suppression,0.05,0.1,10.15,572,1532,0.3733681462140992,0.7387377961563114
false_negative_suppression_js_0.05,false_negative_suppression,0.05,0.1,10.200000000000001,572,1532,0.3733681462140992,0.7387377961563114
false_negative_suppression_js_0.05,false_negative_suppression,0.05,0.1,10.25,572,1532,0.3733681462140992,0.7387377961563114
false_negative_suppression_js_0.05,false_negative_suppression,0.05,0.1,10.3,572,1532,0.3733681462140992,0.7387377961563114
false_negative_suppression_js_0.05,false_negative_suppression,0.05,0.1,10.350000000000001,572,1532,0.3733681462140992,0.7387377961563114
false_negative_suppression_js_0.05,false_negative_suppression,0.05,0.1,10.4,572,1532,0.3733681462140992,0.7387377961563114
false_negative_suppression_js_0.05,false_negative_suppression,0.05,0.1,10.450000000000001,572,1532,0.3733681462140992,0.7387377961563114
false_negative_suppression_js_0.05,false_negative_suppression,0.05,0.1,10.5,572,1532,0.3733681462140992,0.7387377961563114
false_negative_suppression_js_0.05,false_negative_suppression,0.05,0.1,10.55,572,1532,0.3733681462140992,0.7387377961563114
false_negative_suppression_js_0.05,false_negative_suppression,0.05,0.1,10.600000000000001,572,1532,0.3733681462140992,0.7387377961563114
false_negative_suppression_js_0.05,false_negative_suppression,0.05,0.1,10.65,572,1532,0.3733681462140992,0.7387377961563114
false_negative_suppression_js_0.05,false_negative_suppression,0.05,0.1,10.700000000000001,572,1532,0.3733681462140992,0.7387377961563114
false_negative_suppression_js_0.05,false_negative_suppression,0.05,0.1,10.75,572,1532,0.3733681462140992,0.7387377961563114
false_negative_suppression_js_0.05,false_negative_suppression,0.05,0.1,10.8,572,1532,0.3733681462140992,0.7387377961563114
false_negative_suppression_js_0.05,false_negative_suppression,0.05,0.1,10.850000000000001,572,1532,0.3733681462140992,0.7387377961563114
false_negative_suppression_js_0.05,false_negative_suppression,0.05,0.1,10.9,572,1532,0.3733681462140992,0.7387377961563114
false_negative_suppression_js_0.05,false_negative_suppression,0.05,0.1,10.950000000000001,572,1532,0.3733681462140992,0.7387377961563114
false_negative_suppression_js_0.05,false_negative_suppression,0.05,0.1,11.0,572,1532,0.3733681462140992,0.7387377961563114
false_negative_suppression_js_0.05,false_negative_suppression,0.05,0.1,11.05,572,1532,0.3733681462140992,0.7387377961563114
false_negative_suppression_js_0.05,false_negative_suppression,0.05,0.1,11.100000000000001,572,1532,0.3733681462140992,0.7387377961563114
false_negative_suppression_js_0.05,false_negative_suppression,0.05,0.1,11.15,572,1532,0.3733681462140992,0.7387377961563114
false_negative_suppression_js_0.05,false_negative_suppression,0.05,0.1,11.200000000000001,572,1532,0.3733681462140992,0.7387377961563114
false_negative_suppression_js_0.05,false_negative_suppression,0.05,0.1,11.25,572,1532,0.3733681462140992,0.7387377961563114
false_negative_suppression_js_0.05,false_negative_suppression,0.05,0.1,11.3,572,1532,0.3733681462140992,0.7387377961563114
false_negative_suppression_js_0.05,false_negative_suppression,0.05,0.1,11.350000000000001,572,1532,0.3733681462140992,0.7387377961563114
false_negative_suppression_js_0.05,false_negative_suppression,0.05,0.1,11.4,572,1532,0.3733681462140992,0.7387377961563114
false_negative_suppression_js_0.05,false_negative_suppression,0.05,0.1,11.450000000000001,572,1532,0.3733681462140992,0.7387377961563114
false_negative_suppression_js_0.05,false_negative_suppression,0.05,0.1,11.5,572,1532,0.3733681462140992,0.7387377961563114
false_negative_suppression_js_0.05,false_negative_suppression,0.05,0.1,11.55,572,1532,0.3733681462140992,0.7387377961563114
false_negative_suppression_js_0.05,false_negative_suppression,0.05,0.1,11.600000000000001,572,1532,0.3733681462140992,0.7387377961563114
false_negative_suppression_js_0.05,false_negative_suppression,0.05,0.1,11.65,572,1532,0.3733681462140992,0.7387377961563114
false_negative_suppression_js_0.05,false_negative_suppression,0.05,0.1,11.700000000000001,572,1532,0.3733681462140992,0.7387377961563114
false_negative_suppression_js_0.05,false_negative_suppression,0.05,0.1,11.75,572,1532,0.3733681462140992,0.7387377961563114
false_negative_suppression_js_0.05,false_negative_suppression,0.05,0.1,11.8,572,1532,0.3733681462140992,0.7387377961563114
false_negative_suppression_js_0.05,false_negative_suppression,0.05,0.1,11.850000000000001,572,1532,0.3733681462140992,0.7387377961563114
false_negative_suppression_js_0.05,false_negative_suppression,0.05,0.1,11.9,572,1532,0.3733681462140992,0.7387377961563114
false_negative_suppression_js_0.05,false_negative_suppression,0.05,0.1,11.950000000000001,572,1532,0.3733681462140992,0.7387377961563114
false_negative_suppression_js_0.05,false_negative_suppression,0.05,0.1,12.0,572,1532,0.3733681462140992,0.7387377961563114
false_negative_suppression_js_0.05,false_negative_suppression,0.05,0.1,12.05,572,1532,0.3733681462140992,0.7387377961563114
false_negative_suppression_js_0.05,false_negative_suppression,0.05,0.1,12.100000000000001,572,1532,0.3733681462140992,0.7387377961563114
false_negative_suppression_js_0.05,false_negative_suppression,0.05,0.1,12.15,572,1532,0.3733681462140992,0.7387377961563114
false_negative_suppression_js_0.05,false_negative_suppression,0.05,0.1,12.200000000000001,572,1532,0.3733681462140992,0.7387377961563114
false_negative_suppression_js_0.05,false_negative_suppression,0.05,0.1,12.25,572,1532,0.3733681462140992,0.7387377961563114
false_negative_suppression_js_0.05,false_negative_suppression,0.05,0.1,12.3,572,1532,0.3733681462140992,0.7387377961563114
false_negative_suppression_js_0.05,false_negative_suppression,0.05,0.1,12.350000000000001,572,1532,0.3733681462140992,0.7387377961563114
false_negative_suppression_js_0.05,false_negative_suppression,0.05,0.1,12.4,572,1532,0.3733681462140992,0.7387377961563114
false_negative_suppression_js_0.05,false_negative_suppression,0.05,0.1,12.450000000000001,572,1532,0.3733681462140992,0.7387377961563114
false_negative_suppression_js_0.05,false_negative_suppression,0.05,0.1,12.5,572,1532,0.3733681462140992,0.7387377961563114
false_negative_suppression_js_0.05,false_negative_suppression,0.05,0.1,12.55,572,1532,0.3733681462140992,0.7387377961563114
false_negative_suppression_js_0.05,false_negative_suppression,0.05,0.1,12.600000000000001,572,1532,0.3733681462140992,0.7387377961563114
false_negative_suppression_js_0.05,false_negative_suppression,0.05,0.1,12.65,572,1532,0.3733681462140992,0.7387377961563114
false_negative_suppression_js_0.05,false_negative_suppression,0.05,0.1,12.700000000000001,572,1532,0.3733681462140992,0.7387377961563114
false_negative_suppression_js_0.05,false_negative_suppression,0.05,0.1,12.75,572,1532,0.3733681462140992,0.7387377961563114
false_negative_suppression_js_0.05,false_negative_suppression,0.05,0.1,12.8,572,1532,0.3733681462140992,0.7387377961563114
false_negative_suppression_js_0.05,false_negative_suppression,0.05,0.1,12.850000000000001,572,1532,0.3733681462140992,0.7387377961563114
false_negative_suppression_js_0.05,false_negative_suppression,0.05,0.1,12.9,572,1532,0.3733681462140992,0.7387377961563114
false_negative_suppression_js_0.05,false_negative_suppression,0.05,0.1,12.950000000000001,572,1532,0.3733681462140992,0.7387377961563114
false_negative_suppression_js_0.05,false_negative_suppression,0.05,0.1,13.0,572,1532,0.3733681462140992,0.7387377961563114
false_negative_suppression_js_0.05,false_negative_suppression,0.05,0.1,13.05,572,1532,0.3733681462140992,0.7387377961563114
false_negative_suppression_js_0.05,false_negative_suppression,0.05,0.1,13.100000000000001,572,1532,0.3733681462140992,0.7387377961563114
false_negative_suppression_js_0.05,false_negative_suppression,0.05,0.1,13.15,572,1532,0.3733681462140992,0.7387377961563114
false_negative_suppression_js_0.05,false_negative_suppression,0.05,0.1,13.200000000000001,572,1532,0.3733681462140992,0.7387377961563114
false_negative_suppression_js_0.05,false_negative_suppression,0.05,0.1,13.25,572,1532,0.3733681462140992,0.7387377961563114
false_negative_suppression_js_0.05,false_negative_suppression,0.05,0.1,13.3,572,1532,0.3733681462140992,0.7387377961563114
false_negative_suppression_js_0.05,false_negative_suppression,0.05,0.1,13.350000000000001,572,1532,0.3733681462140992,0.7387377961563114
false_negative_suppression_js_0.05,false_negative_suppression,0.05,0.1,13.4,572,1532,0.3733681462140992,0.7387377961563114
false_negative_suppression_js_0.05,false_negative_suppression,0.05,0.1,13.450000000000001,572,1532,0.3733681462140992,0.7387377961563114
false_negative_suppression_js_0.05,false_negative_suppression,0.05,0.1,13.5,572,1532,0.3733681462140992,0.7387377961563114
false_negative_suppression_js_0.05,false_negative_suppression,0.05,0.1,13.55,572,1532,0.3733681462140992,0.7387377961563114
false_negative_suppression_js_0.05,false_negative_suppression,0.05,0.1,13.600000000000001,572,1532,0.3733681462140992,0.7387377961563114
false_negative_suppression_js_0.05,false_negative_suppression,0.05,0.1,13.65,572,1532,0.3733681462140992,0.7387377961563114
false_negative_suppression_js_0.05,false_negative_suppression,0.05,0.1,13.700000000000001,572,1532,0.3733681462140992,0.7387377961563114
false_negative_suppression_js_0.05,false_negative_suppression,0.05,0.1,13.75,572,1532,0.3733681462140992,0.7387377961563114
false_negative_suppression_js_0.05,false_negative_suppression,0.05,0.1,13.8,572,1532,0.3733681462140992,0.7387377961563114
false_negative_suppression_js_0.05,false_negative_suppression,0.05,0.1,13.850000000000001,572,1532,0.3733681462140992,0.7387377961563114
false_negative_suppression_js_0.05,false_negative_suppression,0.05,0.1,13.9,572,1532,0.3733681462140992,0.7387377961563114
false_negative_suppression_js_0.05,false_negative_suppression,0.05,0.1,13.950000000000001,572,1532,0.3733681462140992,0.7387377961563114
false_negative_suppression_js_0.05,false_negative_suppression,0.05,0.1,14.0,572,1532,0.3733681462140992,0.7387377961563114
false_negative_suppression_js_0.05,false_negative_suppression,0.05,0.1,14.05,572,1532,0.3733681462140992,0.7387377961563114
false_negative_suppression_js_0.05,false_negative_suppression,0.05,0.1,14.100000000000001,572,1532,0.3733681462140992,0.7387377961563114
false_negative_suppression_js_0.05,false_negative_suppression,0.05,0.1,14.15,572,1532,0.3733681462140992,0.7387377961563114
false_negative_suppression_js_0.05,false_negative_suppression,0.05,0.1,14.200000000000001,572,1532,0.3733681462140992,0.7387377961563114
false_negative_suppression_js_0.05,false_negative_suppression,0.05,0.1,14.25,572,1532,0.3733681462140992,0.7387377961563114
false_negative_suppression_js_0.05,false_negative_suppression,0.05,0.1,14.3,572,1532,0.3733681462140992,0.7387377961563114
false_negative_suppression_js_0.05,false_negative_suppression,0.05,0.1,14.350000000000001,572,1532,0.3733681462140992,0.7387377961563114
false_negative_suppression_js_0.05,false_negative_suppression,0.05,0.1,14.4,572,1532,0.3733681462140992,0.7387377961563114
false_negative_suppression_js_0.05,false_negative_suppression,0.05,0.1,14.450000000000001,572,1532,0.3733681462140992,0.7387377961563114
false_negative_suppression_js_0.05,false_negative_suppression,0.05,0.1,14.5,572,1532,0.3733681462140992,0.7387377961563114
false_negative_suppression_js_0.05,false_negative_suppression,0.05,0.1,14.55,572,1532,0.3733681462140992,0.7387377961563114
false_negative_suppression_js_0.05,false_negative_suppression,0.05,0.1,14.600000000000001,572,1532,0.3733681462140992,0.7387377961563114
false_negative_suppression_js_0.05,false_negative_suppression,0.05,0.1,14.65,572,1532,0.3733681462140992,0.7387377961563114
false_negative_suppression_js_0.05,false_negative_suppression,0.05,0.1,14.700000000000001,572,1532,0.3733681462140992,0.7387377961563114
false_negative_suppression_js_0.05,false_negative_suppression,0.05,0.1,14.75,572,1532,0.3733681462140992,0.7387377961563114
false_negative_suppression_js_0.05,false_negative_suppression,0.05,0.1,14.8,572,1532,0.3733681462140992,0.7387377961563114
false_negative_suppression_js_0.05,false_negative_suppression,0.05,0.1,14.850000000000001,572,1532,0.3733681462140992,0.7387377961563114
false_negative_suppression_js_0.05,false_negative_suppression,0.05,0.1,14.9,572,1532,0.3733681462140992,0.7387377961563114
false_negative_suppression_js_0.05,false_negative_suppression,0.05,0.1,14.950000000000001,572,1532,0.3733681462140992,0.7387377961563114
false_negative_suppression_js_0.05,false_negative_suppression,0.05,0.1,15.0,572,1532,0.3733681462140992,0.7387377961563114
false_negative_suppression_js_0.1,false_negative_suppression,0.1,0.1,0.0,76,1532,0.04960835509138381,0.011122795102453328
false_negative_suppression_js_0.1,false_negative_suppression,0.1,0.1,0.05,77,1532,0.05026109660574413,0.011269173933804206
false_negative_suppression_js_0.1,false_negative_suppression,0.1,0.1,0.1,81,1532,0.05287206266318538,0.011854599566472253
false_negative_suppression_js_0.1,false_negative_suppression,0.1,0.1,0.15000000000000002,88,1532,0.057441253263707574,0.012879126845692918
false_negative_suppression_js_0.1,false_negative_suppression,0.1,0.1,0.2,94,1532,0.06135770234986945,0.013757433973542774
false_negative_suppression_js_0.1,false_negative_suppression,0.1,0.1,0.25,105,1532,0.0685378590078329,0.015367464801702223
false_negative_suppression_js_0.1,false_negative_suppression,0.1,0.1,0.30000000000000004,114,1532,0.07441253263707572,0.016685292220214823
false_negative_suppression_js_0.1,false_negative_suppression,0.1,0.1,0.35000000000000003,127,1532,0.08289817232375979,0.018589719901775912
false_negative_suppression_js_0.1,false_negative_suppression,0.1,0.1,0.4,139,1532,0.09073107049608355,0.020349508503719235
false_negative_suppression_js_0.1,false_negative_suppression,0.1,0.1,0.45,154,1532,0.10052219321148825,0.022555777383133673
false_negative_suppression_js_0.1,false_negative_suppression,0.1,0.1,0.5,170,1532,0.11096605744125326,0.024922987545912094
false_negative_suppression_js_0.1,false_negative_suppression,0.1,0.1,0.55,188,1532,0.1227154046997389,0.027638733071015255
false_negative_suppression_js_0.1,false_negative_suppression,0.1,0.1,0.6000000000000001,204,1532,0.13315926892950392,0.03014262603070115
false_negative_suppression_js_0.1,false_negative_suppression,0.1,0.1,0.65,214,1532,0.13968668407310705,0.031736352898244
false_negative_suppression_js_0.1,false_negative_suppression,0.1,0.1,0.7000000000000001,221,1532,0.14425587467362924,0.03293244520782582
false_negative_suppression_js_0.1,false_negative_suppression,0.1,0.1,0.75,225,1532,0.1468668407310705,0.03363563272435316
false_negative_suppression_js_0.1,false_negative_suppression,0.1,0.1,0.8,225,1532,0.1468668407310705,0.03363563272435316
false_negative_suppression_js_0.1,false_negative_suppression,0.1,0.1,0.8500000000000001,227,1532,0.1481723237597911,0.03411244240911111
false_negative_suppression_js_0.1,false_negative_suppression,0.1,0.1,0.9,228,1532,0.14882506527415143,0.034784310727672185
false_negative_suppression_js_0.1,false_negative_suppression,0.1,0.1,0.9500000000000001,230,1532,0.15013054830287206,0.03733356751148728
false_negative_suppression_js_0.1,false_negative_suppression,0.1,0.1,1.0,245,1532,0.15992167101827676,0.06093812352991966
false_negative_suppression_js_0.1,false_negative_suppression,0.1,0.1,1.05,257,1532,0.16775456919060053,0.08440068392235786
false_negative_suppression_js_0.1,false_negative_suppression,0.1,0.1,1.1,266,1532,0.17362924281984335,0.09894538902497611
false_negative_suppression_js_0.1,false_negative_suppression,0.1,0.1,1.1500000000000001,272,1532,0.17754569190600522,0.1085517958632583
false_negative_suppression_js_0.1,false_negative_suppression,0.1,0.1,1.2000000000000002,278,1532,0.1814621409921671,0.1185837862713359
false_negative_suppression_js_0.1,false_negative_suppression,0.1,0.1,1.25,284,1532,0.185378590078329,0.12606319791703846
false_negative_suppression_js_0.1,false_negative_suppression,0.1,0.1,1.3,288,1532,0.18798955613577023,0.13593350959295944
false_negative_suppression_js_0.1,false_negative_suppression,0.1,0.1,1.35,291,1532,0.18994778067885118,0.14141961639442413
false_negative_suppression_js_0.1,false_negative_suppression,0.1,0.1,1.4000000000000001,293,1532,0.1912532637075718,0.1427655141299244
false_negative_suppression_js_0.1,false_negative_suppression,0.1,0.1,1.4500000000000002,295,1532,0.19255874673629242,0.15170998349569076
false_negative_suppression_js_0.1,false_negative_suppression,0.1,0.1,1.5,297,1532,0.19386422976501305,0.16004311743891658
false_negative_suppression_js_0.1,false_negative_suppression,0.1,0.1,1.55,300,1532,0.195822454308094,0.16923743782500877
false_negative_suppression_js_0.1,false_negative_suppression,0.1,0.1,1.6,304,1532,0.19843342036553524,0.18238426969895422
false_negative_suppression_js_0.1,false_negative_suppression,0.1,0.1,1.6500000000000001,310,1532,0.20234986945169714,0.20295590475813075
false_negative_suppression_js_0.1,false_negative_suppression,0.1,0.1,1.7000000000000002,313,1532,0.20430809399477806,0.21193100195706804
false_negative_suppression_js_0.1,false_negative_suppression,0.1,0.1,1.75,319,1532,0.20822454308093996,0.22818990538683395
false_negative_suppression_js_0.1,false_negative_suppression,0.1,0.1,1.8,325,1532,0.21214099216710183,0.24330027048135228
false_negative_suppression_js_0.1,false_negative_suppression,0.1,0.1,1.85,331,1532,0.2160574412532637,0.2553076396509121
false_negative_suppression_js_0.1,false_negative_suppression,0.1,0.1,1.9000000000000001,339,1532,0.2212793733681462,0.26857632769857914
false_negative_suppression_js_0.1,false_negative_suppression,0.1,0.1,1.9500000000000002,343,1532,0.22389033942558748,0.2737582331060027
false_negative_suppression_js_0.1,false_negative_suppression,0.1,0.1,2.0,349,1532,0.22780678851174935,0.27949080706659085
false_negative_suppression_js_0.1,false_negative_suppression,0.1,0.1,2.0500000000000003,358,1532,0.23368146214099217,0.2857080157809463
false_negative_suppression_js_0.1,false_negative_suppression,0.1,0.1,2.1,364,1532,0.23759791122715404,0.28879787506375126
false_negative_suppression_js_0.1,false_negative_suppression,0.1,0.1,2.15,370,1532,0.24151436031331594,0.29127162025452047
false_negative_suppression_js_0.1,false_negative_suppression,0.1,0.1,2.2,376,1532,0.2454308093994778,0.29320847388236426
false_negative_suppression_js_0.1,false_negative_suppression,0.1,0.1,2.25,378,1532,0.24673629242819844,0.29378438827183145
false_negative_suppression_js_0.1,false_negative_suppression,0.1,0.1,2.3000000000000003,379,1532,0.24738903394255873,0.29404610522899843
false_negative_suppression_js_0.1,false_negative_suppression,0.1,0.1,2.35,382,1532,0.24934725848563968,0.296239625641397
false_negative_suppression_js_0.1,false_negative_suppression,0.1,0.1,2.4000000000000004,388,1532,0.25326370757180156,0.30233916700247043
false_negative_suppression_js_0.1,false_negative_suppression,0.1,0.1,2.45,392,1532,0.2558746736292428,0.3084454727418575
false_negative_suppression_js_0.1,false_negative_suppression,0.1,0.1,2.5,392,1532,0.2558746736292428,0.3084454727418575
false_negative_suppression_js_0.1,false_negative_suppression,0.1,0.1,2.5500000000000003,399,1532,0.260443864229765,0.3232134200572392
false_negative_suppression_js_0.1,false_negative_suppression,0.1,0.1,2.6,401,1532,0.26174934725848564,0.3307021993231445
false_negative_suppression_js_0.1,false_negative_suppression,0.1,0.1,2.6500000000000004,406,1532,0.2650130548302872,0.34792772332895927
false_negative_suppression_js_0.1,false_negative_suppression,0.1,0.1,2.7,412,1532,0.2689295039164491,0.370058637969071
false_negative_suppression_js_0.1,false_negative_suppression,0.1,0.1,2.75,422,1532,0.2754569190600522,0.4109300910776188
false_negative_suppression_js_0.1,false_negative_suppression,0.1,0.1,2.8000000000000003,432,1532,0.2819843342036554,0.45505677654248083
false_negative_suppression_js_0.1,false_negative_suppression,0.1,0.1,2.85,444,1532,0.2898172323759791,0.5013619375911467
false_negative_suppression_js_0.1,false_negative_suppression,0.1,0.1,2.9000000000000004,457,1532,0.2983028720626632,0.548088387969903
false_negative_suppression_js_0.1,false_negative_suppression,0.1,0.1,2.95,469,1532,0.30613577023498695,0.5843370362763518
false_negative_suppression_js_0.1,false_negative_suppression,0.1,0.1,3.0,484,1532,0.31592689295039167,0.6229214762302513
false_negative_suppression_js_0.1,false_negative_suppression,0.1,0.1,3.0500000000000003,495,1532,0.32310704960835507,0.6443562095532811
false_negative_suppression_js_0.1,false_negative_suppression,0.1,0.1,3.1,505,1532,0.32963446475195823,0.6600185138368241
false_negative_suppression_js_0.1,false_negative_suppression,0.1,0.1,3.1500000000000004,510,1532,0.3328981723237598,0.6669071397822022
false_negative_suppression_js_0.1,false_negative_suppression,0.1,0.1,3.2,513,1532,0.3348563968668407,0.6702378016437468
false_negative_suppression_js_0.1,false_negative_suppression,0.1,0.1,3.25,518,1532,0.3381201044386423,0.675619464754582
false_negative_suppression_js_0.1,false_negative_suppression,0.1,0.1,3.3000000000000003,521,1532,0.34007832898172324,0.6779605470083906
false_negative_suppression_js_0.1,false_negative_suppression,0.1,0.1,3.35,523,1532,0.3413838120104439,0.6794635214883205
false_negative_suppression_js_0.1,false_negative_suppression,0.1,0.1,3.4000000000000004,525,1532,0.3426892950391645,0.6808187790058717
false_negative_suppression_js_0.1,false_negative_suppression,0.1,0.1,3.45,526,1532,0.3433420365535248,0.6812900612585584
false_negative_suppression_js_0.1,false_negative_suppression,0.1,0.1,3.5,526,1532,0.3433420365535248,0.6812900612585584
false_negative_suppression_js_0.1,false_negative_suppression,0.1,0.1,3.5500000000000003,526,1532,0.3433420365535248,0.6812900612585584
false_negative_suppression_js_0.1,false_negative_suppression,0.1,0.1,3.6,527,1532,0.34399477806788514,0.681678126300838
false_negative_suppression_js_0.1,false_negative_suppression,0.1,0.1,3.6500000000000004,528,1532,0.34464751958224543,0.6821616502177917
false_negative_suppression_js_0.1,false_negative_suppression,0.1,0.1,3.7,528,1532,0.34464751958224543,0.6821616502177917
false_negative_suppression_js_0.1,false_negative_suppression,0.1,0.1,3.75,529,1532,0.3453002610966057,0.6827612558539493
false_negative_suppression_js_0.1,false_negative_suppression,0.1,0.1,3.8000000000000003,530,1532,0.34595300261096606,0.6830808878878841
false_negative_suppression_js_0.1,false_negative_suppression,0.1,0.1,3.85,531,1532,0.34660574412532635,0.6834689529301637
false_negative_suppression_js_0.1,false_negative_suppression,0.1,0.1,3.9000000000000004,532,1532,0.3472584856396867,0.6837350162628282
false_negative_suppression_js_0.1,false_negative_suppression,0.1,0.1,3.95,532,1532,0.3472584856396867,0.6837350162628282
false_negative_suppression_js_0.1,false_negative_suppression,0.1,0.1,4.0,536,1532,0.34986945169712796,0.6854792217000728
false_negative_suppression_js_0.1,false_negative_suppression,0.1,0.1,4.05,536,1532,0.34986945169712796,0.6854792217000728
false_negative_suppression_js_0.1,false_negative_suppression,0.1,0.1,4.1000000000000005,536,1532,0.34986945169712796,0.6854792217000728
false_negative_suppression_js_0.1,false_negative_suppression,0.1,0.1,4.15,537,1532,0.35052219321148825,0.685736750084545
false_negative_suppression_js_0.1,false_negative_suppression,0.1,0.1,4.2,538,1532,0.35117493472584854,0.6861075820258772
false_negative_suppression_js_0.1,false_negative_suppression,0.1,0.1,4.25,539,1532,0.3518276762402089,0.6864033865594514
false_negative_suppression_js_0.1,false_negative_suppression,0.1,0.1,4.3,540,1532,0.3524804177545692,0.6869706772371589
false_negative_suppression_js_0.1,false_negative_suppression,0.1,0.1,4.3500000000000005,540,1532,0.3524804177545692,0.6869706772371589
false_negative_suppression_js_0.1,false_negative_suppression,0.1,0.1,4.4,541,1532,0.3531331592689295,0.6874078372668553
false_negative_suppression_js_0.1,false_negative_suppression,0.1,0.1,4.45,542,1532,0.3537859007832898,0.6877478013291277
false_negative_suppression_js_0.1,false_negative_suppression,0.1,0.1,4.5,542,1532,0.3537859007832898,0.6877478013291277
false_negative_suppression_js_0.1,false_negative_suppression,0.1,0.1,4.55,542,1532,0.3537859007832898,0.6877478013291277
false_negative_suppression_js_0.1,false_negative_suppression,0.1,0.1,4.6000000000000005,543,1532,0.35443864229765015,0.6881358663714074
false_negative_suppression_js_0.1,false_negative_suppression,0.1,0.1,4.65,544,1532,0.35509138381201044,0.6886452745918428
false_negative_suppression_js_0.1,false_negative_suppression,0.1,0.1,4.7,544,1532,0.35509138381201044,0.6886452745918428
false_negative_suppression_js_0.1,false_negative_suppression,0.1,0.1,4.75,545,1532,0.35574412532637073,0.6893171429104039
false_negative_suppression_js_0.1,false_negative_suppression,0.1,0.1,4.800000000000001,546,1532,0.3563968668407311,0.6897543029401003
false_negative_suppression_js_0.1,false_negative_suppression,0.1,0.1,4.8500000000000005,547,1532,0.35704960835509136,0.6903374523611241
false_negative_suppression_js_0.1,false_negative_suppression,0.1,0.1,4.9,548,1532,0.3577023498694517,0.6908209762780778
false_negative_suppression_js_0.1,false_negative_suppression,0.1,0.1,4.95,548,1532,0.3577023498694517,0.6908209762780778
false_negative_suppression_js_0.1,false_negative_suppression,0.1,0.1,5.0,552,1532,0.360313315926893,0.6936548661192341
false_negative_suppression_js_0.1,false_negative_suppression,0.1,0.1,5.050000000000001,552,1532,0.360313315926893,0.6936548661192341
false_negative_suppression_js_0.1,false_negative_suppression,0.1,0.1,5.1000000000000005,553,1532,0.36096605744125326,0.6942068738331784
false_negative_suppression_js_0.1,false_negative_suppression,0.1,0.1,5.15,555,1532,0.3622715404699739,0.695486376064503
false_negative_suppression_js_0.1,false_negative_suppression,0.1,0.1,5.2,558,1532,0.3642297650130548,0.6976887266619474
false_negative_suppression_js_0.1,false_negative_suppression,0.1,0.1,5.25,561,1532,0.3661879895561358,0.6999847630429847
false_negative_suppression_js_0.1,false_negative_suppression,0.1,0.1,5.300000000000001,566,1532,0.36945169712793735,0.7040987092726114
false_negative_suppression_js_0.1,false_negative_suppression,0.1,0.1,5.3500000000000005,569,1532,0.3714099216710183,0.7065252369231473
false_negative_suppression_js_0.1,false_negative_suppression,0.1,0.1,5.4,573,1532,0.37402088772845954,0.7107493969244096
false_negative_suppression_js_0.1,false_negative_suppression,0.1,0.1,5.45,577,1532,0.3766318537859008,0.7157172549772876
false_negative_suppression_js_0.1,false_negative_suppression,0.1,0.1,5.5,581,1532,0.379242819843342,0.720974615254015
false_negative_suppression_js_0.1,false_negative_suppression,0.1,0.1,5.550000000000001,585,1532,0.3818537859007833,0.7278404334204877
false_negative_suppression_js_0.1,false_negative_suppression,0.1,0.1,5.6000000000000005,588,1532,0.3838120104438642,0.7331852953157137
false_negative_suppression_js_0.1,false_negative_suppression,0.1,0.1,5.65,589,1532,0.38446475195822455,0.7347062515869602
false_negative_suppression_js_0.1,false_negative_suppression,0.1,0.1,5.7,590,1532,0.38511749347258484,0.7370757766051951
false_negative_suppression_js_0.1,false_negative_suppression,0.1,0.1,5.75,592,1532,0.38642297650130547,0.7406965228778521
false_negative_suppression_js_0.1,false_negative_suppression,0.1,0.1,5.800000000000001,593,1532,0.3870757180156658,0.7428325843849459
false_negative_suppression_js_0.1,false_negative_suppression,0.1,0.1,5.8500000000000005,594,1532,0.3877284595300261,0.7447596992224177
false_negative_suppression_js_0.1,false_negative_suppression,0.1,0.1,5.9,594,1532,0.3877284595300261,0.7447596992224177
false_negative_suppression_js_0.1,false_negative_suppression,0.1,0.1,5.95,594,1532,0.3877284595300261,0.7447596992224177
false_negative_suppression_js_0.1,false_negative_suppression,0.1,0.1,6.0,596,1532,0.38903394255874674,0.7475737298264349
false_negative_suppression_js_0.1,false_negative_suppression,0.1,0.1,6.050000000000001,596,1532,0.38903394255874674,0.7475737298264349
false_negative_suppression_js_0.1,false_negative_suppression,0.1,0.1,6.1000000000000005,596,1532,0.38903394255874674,0.7475737298264349
false_negative_suppression_js_0.1,false_negative_suppression,0.1,0.1,6.15,596,1532,0.38903394255874674,0.7475737298264349
false_negative_suppression_js_0.1,false_negative_suppression,0.1,0.1,6.2,596,1532,0.38903394255874674,0.7475737298264349
false_negative_suppression_js_0.1,false_negative_suppression,0.1,0.1,6.25,596,1532,0.38903394255874674,0.7475737298264349
false_negative_suppression_js_0.1,false_negative_suppression,0.1,0.1,6.300000000000001,596,1532,0.38903394255874674,0.7475737298264349
false_negative_suppression_js_0.1,false_negative_suppression,0.1,0.1,6.3500000000000005,596,1532,0.38903394255874674,0.7475737298264349
false_negative_suppression_js_0.1,false_negative_suppression,0.1,0.1,6.4,596,1532,0.38903394255874674,0.7475737298264349
false_negative_suppression_js_0.1,false_negative_suppression,0.1,0.1,6.45,596,1532,0.38903394255874674,0.7475737298264349
false_negative_suppression_js_0.1,false_negative_suppression,0.1,0.1,6.5,596,1532,0.38903394255874674,0.7475737298264349
false_negative_suppression_js_0.1,false_negative_suppression,0.1,0.1,6.550000000000001,596,1532,0.38903394255874674,0.7475737298264349
false_negative_suppression_js_0.1,false_negative_suppression,0.1,0.1,6.6000000000000005,596,1532,0.38903394255874674,0.7475737298264349
false_negative_suppression_js_0.1,false_negative_suppression,0.1,0.1,6.65,596,1532,0.38903394255874674,0.7475737298264349
false_negative_suppression_js_0.1,false_negative_suppression,0.1,0.1,6.7,596,1532,0.38903394255874674,0.7475737298264349
false_negative_suppression_js_0.1,false_negative_suppression,0.1,0.1,6.75,596,1532,0.38903394255874674,0.7475737298264349
false_negative_suppression_js_0.1,false_negative_suppression,0.1,0.1,6.800000000000001,596,1532,0.38903394255874674,0.7475737298264349
false_negative_suppression_js_0.1,false_negative_suppression,0.1,0.1,6.8500000000000005,596,1532,0.38903394255874674,0.7475737298264349
false_negative_suppression_js_0.1,false_negative_suppression,0.1,0.1,6.9,596,1532,0.38903394255874674,0.7475737298264349
false_negative_suppression_js_0.1,false_negative_suppression,0.1,0.1,6.95,596,1532,0.38903394255874674,0.7475737298264349
false_negative_suppression_js_0.1,false_negative_suppression,0.1,0.1,7.0,596,1532,0.38903394255874674,0.7475737298264349
false_negative_suppression_js_0.1,false_negative_suppression,0.1,0.1,7.050000000000001,596,1532,0.38903394255874674,0.7475737298264349
false_negative_suppression_js_0.1,false_negative_suppression,0.1,0.1,7.1000000000000005,596,1532,0.38903394255874674,0.7475737298264349
false_negative_suppression_js_0.1,false_negative_suppression,0.1,0.1,7.15,596,1532,0.38903394255874674,0.7475737298264349
false_negative_suppression_js_0.1,false_negative_suppression,0.1,0.1,7.2,596,1532,0.38903394255874674,0.7475737298264349
false_negative_suppression_js_0.1,false_negative_suppression,0.1,0.1,7.25,596,1532,0.38903394255874674,0.7475737298264349
false_negative_suppression_js_0.1,false_negative_suppression,0.1,0.1,7.300000000000001,596,1532,0.38903394255874674,0.7475737298264349
false_negative_suppression_js_0.1,false_negative_suppression,0.1,0.1,7.3500000000000005,596,1532,0.38903394255874674,0.7475737298264349
false_negative_suppression_js_0.1,false_negative_suppression,0.1,0.1,7.4,596,1532,0.38903394255874674,0.7475737298264349
false_negative_suppression_js_0.1,false_negative_suppression,0.1,0.1,7.45,596,1532,0.38903394255874674,0.7475737298264349
false_negative_suppression_js_0.1,false_negative_suppression,0.1,0.1,7.5,596,1532,0.38903394255874674,0.7475737298264349
false_negative_suppression_js_0.1,false_negative_suppression,0.1,0.1,7.550000000000001,596,1532,0.38903394255874674,0.7475737298264349
false_negative_suppression_js_0.1,false_negative_suppression,0.1,0.1,7.6000000000000005,596,1532,0.38903394255874674,0.7475737298264349
false_negative_suppression_js_0.1,false_negative_suppression,0.1,0.1,7.65,596,1532,0.38903394255874674,0.7475737298264349
false_negative_suppression_js_0.1,false_negative_suppression,0.1,0.1,7.7,596,1532,0.38903394255874674,0.7475737298264349
false_negative_suppression_js_0.1,false_negative_suppression,0.1,0.1,7.75,596,1532,0.38903394255874674,0.7475737298264349
false_negative_suppression_js_0.1,false_negative_suppression,0.1,0.1,7.800000000000001,596,1532,0.38903394255874674,0.7475737298264349
false_negative_suppression_js_0.1,false_negative_suppression,0.1,0.1,7.8500000000000005,596,1532,0.38903394255874674,0.7475737298264349
false_negative_suppression_js_0.1,false_negative_suppression,0.1,0.1,7.9,596,1532,0.38903394255874674,0.7475737298264349
false_negative_suppression_js_0.1,false_negative_suppression,0.1,0.1,7.95,596,1532,0.38903394255874674,0.7475737298264349
false_negative_suppression_js_0.1,false_negative_suppression,0.1,0.1,8.0,596,1532,0.38903394255874674,0.7475737298264349
false_negative_suppression_js_0.1,false_negative_suppression,0.1,0.1,8.05,596,1532,0.38903394255874674,0.7475737298264349
false_negative_suppression_js_0.1,false_negative_suppression,0.1,0.1,8.1,596,1532,0.38903394255874674,0.7475737298264349
false_negative_suppression_js_0.1,false_negative_suppression,0.1,0.1,8.15,596,1532,0.38903394255874674,0.7475737298264349
false_negative_suppression_js_0.1,false_negative_suppression,0.1,0.1,8.200000000000001,596,1532,0.38903394255874674,0.7475737298264349
false_negative_suppression_js_0.1,false_negative_suppression,0.1,0.1,8.25,596,1532,0.38903394255874674,0.7475737298264349
false_negative_suppression_js_0.1,false_negative_suppression,0.1,0.1,8.3,596,1532,0.38903394255874674,0.7475737298264349
false_negative_suppression_js_0.1,false_negative_suppression,0.1,0.1,8.35,596,1532,0.38903394255874674,0.7475737298264349
false_negative_suppression_js_0.1,false_negative_suppression,0.1,0.1,8.4,596,1532,0.38903394255874674,0.7475737298264349
false_negative_suppression_js_0.1,false_negative_suppression,0.1,0.1,8.450000000000001,596,1532,0.38903394255874674,0.7475737298264349
false_negative_suppression_js_0.1,false_negative_suppression,0.1,0.1,8.5,596,1532,0.38903394255874674,0.7475737298264349
false_negative_suppression_js_0.1,false_negative_suppression,0.1,0.1,8.55,596,1532,0.38903394255874674,0.7475737298264349
false_negative_suppression_js_0.1,false_negative_suppression,0.1,0.1,8.6,596,1532,0.38903394255874674,0.7475737298264349
false_negative_suppression_js_0.1,false_negative_suppression,0.1,0.1,8.65,596,1532,0.38903394255874674,0.7475737298264349
false_negative_suppression_js_0.1,false_negative_suppression,0.1,0.1,8.700000000000001,596,1532,0.38903394255874674,0.7475737298264349
false_negative_suppression_js_0.1,false_negative_suppression,0.1,0.1,8.75,596,1532,0.38903394255874674,0.7475737298264349
false_negative_suppression_js_0.1,false_negative_suppression,0.1,0.1,8.8,596,1532,0.38903394255874674,0.7475737298264349
false_negative_suppression_js_0.1,false_negative_suppression,0.1,0.1,8.85,596,1532,0.38903394255874674,0.7475737298264349
false_negative_suppression_js_0.1,false_negative_suppression,0.1,0.1,8.9,596,1532,0.38903394255874674,0.7475737298264349
false_negative_suppression_js_0.1,false_negative_suppression,0.1,0.1,8.950000000000001,596,1532,0.38903394255874674,0.7475737298264349
false_negative_suppression_js_0.1,false_negative_suppression,0.1,0.1,9.0,596,1532,0.38903394255874674,0.7475737298264349
false_negative_suppression_js_0.1,false_negative_suppression,0.1,0.1,9.05,596,1532,0.38903394255874674,0.7475737298264349
false_negative_suppression_js_0.1,false_negative_suppression,0.1,0.1,9.1,596,1532,0.38903394255874674,0.7475737298264349
false_negative_suppression_js_0.1,false_negative_suppression,0.1,0.1,9.15,596,1532,0.38903394255874674,0.7475737298264349
false_negative_suppression_js_0.1,false_negative_suppression,0.1,0.1,9.200000000000001,596,1532,0.38903394255874674,0.7475737298264349
false_negative_suppression_js_0.1,false_negative_suppression,0.1,0.1,9.25,596,1532,0.38903394255874674,0.7475737298264349
false_negative_suppression_js_0.1,false_negative_suppression,0.1,0.1,9.3,596,1532,0.38903394255874674,0.7475737298264349
false_negative_suppression_js_0.1,false_negative_suppression,0.1,0.1,9.35,596,1532,0.38903394255874674,0.7475737298264349
false_negative_suppression_js_0.1,false_negative_suppression,0.1,0.1,9.4,596,1532,0.38903394255874674,0.7475737298264349
false_negative_suppression_js_0.1,false_negative_suppression,0.1,0.1,9.450000000000001,596,1532,0.38903394255874674,0.7475737298264349
false_negative_suppression_js_0.1,false_negative_suppression,0.1,0.1,9.5,596,1532,0.38903394255874674,0.7475737298264349
false_negative_suppression_js_0.1,false_negative_suppression,0.1,0.1,9.55,596,1532,0.38903394255874674,0.7475737298264349
false_negative_suppression_js_0.1,false_negative_suppression,0.1,0.1,9.600000000000001,596,1532,0.38903394255874674,0.7475737298264349
false_negative_suppression_js_0.1,false_negative_suppression,0.1,0.1,9.65,596,1532,0.38903394255874674,0.7475737298264349
false_negative_suppression_js_0.1,false_negative_suppression,0.1,0.1,9.700000000000001,596,1532,0.38903394255874674,0.7475737298264349
false_negative_suppression_js_0.1,false_negative_suppression,0.1,0.1,9.75,596,1532,0.38903394255874674,0.7475737298264349
false_negative_suppression_js_0.1,false_negative_suppression,0.1,0.1,9.8,596,1532,0.38903394255874674,0.7475737298264349
false_negative_suppression_js_0.1,false_negative_suppression,0.1,0.1,9.850000000000001,596,1532,0.38903394255874674,0.7475737298264349
false_negative_suppression_js_0.1,false_negative_suppression,0.1,0.1,9.9,596,1532,0.38903394255874674,0.7475737298264349
false_negative_suppression_js_0.1,false_negative_suppression,0.1,0.1,9.950000000000001,596,1532,0.38903394255874674,0.7475737298264349
false_negative_suppression_js_0.1,false_negative_suppression,0.1,0.1,10.0,596,1532,0.38903394255874674,0.7475737298264349
false_negative_suppression_js_0.1,false_negative_suppression,0.1,0.1,10.05,596,1532,0.38903394255874674,0.7475737298264349
false_negative_suppression_js_0.1,false_negative_suppression,0.1,0.1,10.100000000000001,596,1532,0.38903394255874674,0.7475737298264349
false_negative_suppression_js_0.1,false_negative_suppression,0.1,0.1,10.15,596,1532,0.38903394255874674,0.7475737298264349
false_negative_suppression_js_0.1,false_negative_suppression,0.1,0.1,10.200000000000001,596,1532,0.38903394255874674,0.7475737298264349
false_negative_suppression_js_0.1,false_negative_suppression,0.1,0.1,10.25,596,1532,0.38903394255874674,0.7475737298264349
false_negative_suppression_js_0.1,false_negative_suppression,0.1,0.1,10.3,596,1532,0.38903394255874674,0.7475737298264349
false_negative_suppression_js_0.1,false_negative_suppression,0.1,0.1,10.350000000000001,596,1532,0.38903394255874674,0.7475737298264349
false_negative_suppression_js_0.1,false_negative_suppression,0.1,0.1,10.4,596,1532,0.38903394255874674,0.7475737298264349
false_negative_suppression_js_0.1,false_negative_suppression,0.1,0.1,10.450000000000001,596,1532,0.38903394255874674,0.7475737298264349
false_negative_suppression_js_0.1,false_negative_suppression,0.1,0.1,10.5,596,1532,0.38903394255874674,0.7475737298264349
false_negative_suppression_js_0.1,false_negative_suppression,0.1,0.1,10.55,596,1532,0.38903394255874674,0.7475737298264349
false_negative_suppression_js_0.1,false_negative_suppression,0.1,0.1,10.600000000000001,596,1532,0.38903394255874674,0.7475737298264349
false_negative_suppression_js_0.1,false_negative_suppression,0.1,0.1,10.65,596,1532,0.38903394255874674,0.7475737298264349
false_negative_suppression_js_0.1,false_negative_suppression,0.1,0.1,10.700000000000001,596,1532,0.38903394255874674,0.7475737298264349
false_negative_suppression_js_0.1,false_negative_suppression,0.1,0.1,10.75,596,1532,0.38903394255874674,0.7475737298264349
false_negative_suppression_js_0.1,false_negative_suppression,0.1,0.1,10.8,596,1532,0.38903394255874674,0.7475737298264349
false_negative_suppression_js_0.1,false_negative_suppression,0.1,0.1,10.850000000000001,596,1532,0.38903394255874674,0.7475737298264349
false_negative_suppression_js_0.1,false_negative_suppression,0.1,0.1,10.9,596,1532,0.38903394255874674,0.7475737298264349
false_negative_suppression_js_0.1,false_negative_suppression,0.1,0.1,10.950000000000001,596,1532,0.38903394255874674,0.7475737298264349
false_negative_suppression_js_0.1,false_negative_suppression,0.1,0.1,11.0,596,1532,0.38903394255874674,0.7475737298264349
false_negative_suppression_js_0.1,false_negative_suppression,0.1,0.1,11.05,596,1532,0.38903394255874674,0.7475737298264349
false_negative_suppression_js_0.1,false_negative_suppression,0.1,0.1,11.100000000000001,596,1532,0.38903394255874674,0.7475737298264349
false_negative_suppression_js_0.1,false_negative_suppression,0.1,0.1,11.15,596,1532,0.38903394255874674,0.7475737298264349
false_negative_suppression_js_0.1,false_negative_suppression,0.1,0.1,11.200000000000001,596,1532,0.38903394255874674,0.7475737298264349
false_negative_suppression_js_0.1,false_negative_suppression,0.1,0.1,11.25,596,1532,0.38903394255874674,0.7475737298264349
false_negative_suppression_js_0.1,false_negative_suppression,0.1,0.1,11.3,596,1532,0.38903394255874674,0.7475737298264349
false_negative_suppression_js_0.1,false_negative_suppression,0.1,0.1,11.350000000000001,596,1532,0.38903394255874674,0.7475737298264349
false_negative_suppression_js_0.1,false_negative_suppression,0.1,0.1,11.4,596,1532,0.38903394255874674,0.7475737298264349
false_negative_suppression_js_0.1,false_negative_suppression,0.1,0.1,11.450000000000001,596,1532,0.38903394255874674,0.7475737298264349
false_negative_suppression_js_0.1,false_negative_suppression,0.1,0.1,11.5,596,1532,0.38903394255874674,0.7475737298264349
false_negative_suppression_js_0.1,false_negative_suppression,0.1,0.1,11.55,596,1532,0.38903394255874674,0.7475737298264349
false_negative_suppression_js_0.1,false_negative_suppression,0.1,0.1,11.600000000000001,596,1532,0.38903394255874674,0.7475737298264349
false_negative_suppression_js_0.1,false_negative_suppression,0.1,0.1,11.65,596,1532,0.38903394255874674,0.7475737298264349
false_negative_suppression_js_0.1,false_negative_suppression,0.1,0.1,11.700000000000001,596,1532,0.38903394255874674,0.7475737298264349
false_negative_suppression_js_0.1,false_negative_suppression,0.1,0.1,11.75,596,1532,0.38903394255874674,0.7475737298264349
false_negative_suppression_js_0.1,false_negative_suppression,0.1,0.1,11.8,596,1532,0.38903394255874674,0.7475737298264349
false_negative_suppression_js_0.1,false_negative_suppression,0.1,0.1,11.850000000000001,596,1532,0.38903394255874674,0.7475737298264349
false_negative_suppression_js_0.1,false_negative_suppression,0.1,0.1,11.9,596,1532,0.38903394255874674,0.7475737298264349
false_negative_suppression_js_0.1,false_negative_suppression,0.1,0.1,11.950000000000001,596,1532,0.38903394255874674,0.7475737298264349
false_negative_suppression_js_0.1,false_negative_suppression,0.1,0.1,12.0,596,1532,0.38903394255874674,0.7475737298264349
false_negative_suppression_js_0.1,false_negative_suppression,0.1,0.1,12.05,596,1532,0.38903394255874674,0.7475737298264349
false_negative_suppression_js_0.1,false_negative_suppression,0.1,0.1,12.100000000000001,596,1532,0.38903394255874674,0.7475737298264349
false_negative_suppression_js_0.1,false_negative_suppression,0.1,0.1,12.15,596,1532,0.38903394255874674,0.7475737298264349
false_negative_suppression_js_0.1,false_negative_suppression,0.1,0.1,12.200000000000001,596,1532,0.38903394255874674,0.7475737298264349
false_negative_suppression_js_0.1,false_negative_suppression,0.1,0.1,12.25,596,1532,0.38903394255874674,0.7475737298264349
false_negative_suppression_js_0.1,false_negative_suppression,0.1,0.1,12.3,596,1532,0.38903394255874674,0.7475737298264349
false_negative_suppression_js_0.1,false_negative_suppression,0.1,0.1,12.350000000000001,596,1532,0.38903394255874674,0.7475737298264349
false_negative_suppression_js_0.1,false_negative_suppression,0.1,0.1,12.4,596,1532,0.38903394255874674,0.7475737298264349
false_negative_suppression_js_0.1,false_negative_suppression,0.1,0.1,12.450000000000001,596,1532,0.38903394255874674,0.7475737298264349
false_negative_suppression_js_0.1,false_negative_suppression,0.1,0.1,12.5,596,1532,0.38903394255874674,0.7475737298264349
false_negative_suppression_js_0.1,false_negative_suppression,0.1,0.1,12.55,596,1532,0.38903394255874674,0.7475737298264349
false_negative_suppression_js_0.1,false_negative_suppression,0.1,0.1,12.600000000000001,596,1532,0.38903394255874674,0.7475737298264349
false_negative_suppression_js_0.1,false_negative_suppression,0.1,0.1,12.65,596,1532,0.38903394255874674,0.7475737298264349
false_negative_suppression_js_0.1,false_negative_suppression,0.1,0.1,12.700000000000001,596,1532,0.38903394255874674,0.7475737298264349
false_negative_suppression_js_0.1,false_negative_suppression,0.1,0.1,12.75,596,1532,0.38903394255874674,0.7475737298264349
false_negative_suppression_js_0.1,false_negative_suppression,0.1,0.1,12.8,596,1532,0.38903394255874674,0.7475737298264349
false_negative_suppression_js_0.1,false_negative_suppression,0.1,0.1,12.850000000000001,596,1532,0.38903394255874674,0.7475737298264349
false_negative_suppression_js_0.1,false_negative_suppression,0.1,0.1,12.9,596,1532,0.38903394255874674,0.7475737298264349
false_negative_suppression_js_0.1,false_negative_suppression,0.1,0.1,12.950000000000001,596,1532,0.38903394255874674,0.7475737298264349
false_negative_suppression_js_0.1,false_negative_suppression,0.1,0.1,13.0,596,1532,0.38903394255874674,0.7475737298264349
false_negative_suppression_js_0.1,false_negative_suppression,0.1,0.1,13.05,596,1532,0.38903394255874674,0.7475737298264349
false_negative_suppression_js_0.1,false_negative_suppression,0.1,0.1,13.100000000000001,596,1532,0.38903394255874674,0.7475737298264349
false_negative_suppression_js_0.1,false_negative_suppression,0.1,0.1,13.15,596,1532,0.38903394255874674,0.7475737298264349
false_negative_suppression_js_0.1,false_negative_suppression,0.1,0.1,13.200000000000001,596,1532,0.38903394255874674,0.7475737298264349
false_negative_suppression_js_0.1,false_negative_suppression,0.1,0.1,13.25,596,1532,0.38903394255874674,0.7475737298264349
false_negative_suppression_js_0.1,false_negative_suppression,0.1,0.1,13.3,596,1532,0.38903394255874674,0.7475737298264349
false_negative_suppression_js_0.1,false_negative_suppression,0.1,0.1,13.350000000000001,596,1532,0.38903394255874674,0.7475737298264349
false_negative_suppression_js_0.1,false_negative_suppression,0.1,0.1,13.4,596,1532,0.38903394255874674,0.7475737298264349
false_negative_suppression_js_0.1,false_negative_suppression,0.1,0.1,13.450000000000001,596,1532,0.38903394255874674,0.7475737298264349
false_negative_suppression_js_0.1,false_negative_suppression,0.1,0.1,13.5,596,1532,0.38903394255874674,0.7475737298264349
false_negative_suppression_js_0.1,false_negative_suppression,0.1,0.1,13.55,596,1532,0.38903394255874674,0.7475737298264349
false_negative_suppression_js_0.1,false_negative_suppression,0.1,0.1,13.600000000000001,596,1532,0.38903394255874674,0.7475737298264349
false_negative_suppression_js_0.1,false_negative_suppression,0.1,0.1,13.65,596,1532,0.38903394255874674,0.7475737298264349
false_negative_suppression_js_0.1,false_negative_suppression,0.1,0.1,13.700000000000001,596,1532,0.38903394255874674,0.7475737298264349
false_negative_suppression_js_0.1,false_negative_suppression,0.1,0.1,13.75,596,1532,0.38903394255874674,0.7475737298264349
false_negative_suppression_js_0.1,false_negative_suppression,0.1,0.1,13.8,596,1532,0.38903394255874674,0.7475737298264349
false_negative_suppression_js_0.1,false_negative_suppression,0.1,0.1,13.850000000000001,596,1532,0.38903394255874674,0.7475737298264349
false_negative_suppression_js_0.1,false_negative_suppression,0.1,0.1,13.9,596,1532,0.38903394255874674,0.7475737298264349
false_negative_suppression_js_0.1,false_negative_suppression,0.1,0.1,13.950000000000001,596,1532,0.38903394255874674,0.7475737298264349
false_negative_suppression_js_0.1,false_negative_suppression,0.1,0.1,14.0,596,1532,0.38903394255874674,0.7475737298264349
false_negative_suppression_js_0.1,false_negative_suppression,0.1,0.1,14.05,596,1532,0.38903394255874674,0.7475737298264349
false_negative_suppression_js_0.1,false_negative_suppression,0.1,0.1,14.100000000000001,596,1532,0.38903394255874674,0.7475737298264349
false_negative_suppression_js_0.1,false_negative_suppression,0.1,0.1,14.15,596,1532,0.38903394255874674,0.7475737298264349
false_negative_suppression_js_0.1,false_negative_suppression,0.1,0.1,14.200000000000001,596,1532,0.38903394255874674,0.7475737298264349
false_negative_suppression_js_0.1,false_negative_suppression,0.1,0.1,14.25,596,1532,0.38903394255874674,0.7475737298264349
false_negative_suppression_js_0.1,false_negative_suppression,0.1,0.1,14.3,596,1532,0.38903394255874674,0.7475737298264349
false_negative_suppression_js_0.1,false_negative_suppression,0.1,0.1,14.350000000000001,596,1532,0.38903394255874674,0.7475737298264349
false_negative_suppression_js_0.1,false_negative_suppression,0.1,0.1,14.4,596,1532,0.38903394255874674,0.7475737298264349
false_negative_suppression_js_0.1,false_negative_suppression,0.1,0.1,14.450000000000001,596,1532,0.38903394255874674,0.7475737298264349
false_negative_suppression_js_0.1,false_negative_suppression,0.1,0.1,14.5,596,1532,0.38903394255874674,0.7475737298264349
false_negative_suppression_js_0.1,false_negative_suppression,0.1,0.1,14.55,596,1532,0.38903394255874674,0.7475737298264349
false_negative_suppression_js_0.1,false_negative_suppression,0.1,0.1,14.600000000000001,596,1532,0.38903394255874674,0.7475737298264349
false_negative_suppression_js_0.1,false_negative_suppression,0.1,0.1,14.65,596,1532,0.38903394255874674,0.7475737298264349
false_negative_suppression_js_0.1,false_negative_suppression,0.1,0.1,14.700000000000001,596,1532,0.38903394255874674,0.7475737298264349
false_negative_suppression_js_0.1,false_negative_suppression,0.1,0.1,14.75,596,1532,0.38903394255874674,0.7475737298264349
false_negative_suppression_js_0.1,false_negative_suppression,0.1,0.1,14.8,596,1532,0.38903394255874674,0.7475737298264349
false_negative_suppression_js_0.1,false_negative_suppression,0.1,0.1,14.850000000000001,596,1532,0.38903394255874674,0.7475737298264349
false_negative_suppression_js_0.1,false_negative_suppression,0.1,0.1,14.9,596,1532,0.38903394255874674,0.7475737298264349
false_negative_suppression_js_0.1,false_negative_suppression,0.1,0.1,14.950000000000001,596,1532,0.38903394255874674,0.7475737298264349
false_negative_suppression_js_0.1,false_negative_suppression,0.1,0.1,15.0,596,1532,0.38903394255874674,0.7475737298264349
false_negative_suppression_js_0.15,false_negative_suppression,0.15,0.1,0.0,76,1532,0.04960835509138381,0.011122795102453328
false_negative_suppression_js_0.15,false_negative_suppression,0.15,0.1,0.05,77,1532,0.05026109660574413,0.011269173933804206
false_negative_suppression_js_0.15,false_negative_suppression,0.15,0.1,0.1,81,1532,0.05287206266318538,0.011854599566472253
false_negative_suppression_js_0.15,false_negative_suppression,0.15,0.1,0.15000000000000002,88,1532,0.057441253263707574,0.012879126845692918
false_negative_suppression_js_0.15,false_negative_suppression,0.15,0.1,0.2,94,1532,0.06135770234986945,0.013757433973542774
false_negative_suppression_js_0.15,false_negative_suppression,0.15,0.1,0.25,105,1532,0.0685378590078329,0.015367464801702223
false_negative_suppression_js_0.15,false_negative_suppression,0.15,0.1,0.30000000000000004,112,1532,0.0731070496083551,0.016392417501619426
false_negative_suppression_js_0.15,false_negative_suppression,0.15,0.1,0.35000000000000003,127,1532,0.08289817232375979,0.018589719901775912
false_negative_suppression_js_0.15,false_negative_suppression,0.15,0.1,0.4,139,1532,0.09073107049608355,0.020349508503719235
false_negative_suppression_js_0.15,false_negative_suppression,0.15,0.1,0.45,153,1532,0.09986945169712794,0.02240745262203068
false_negative_suppression_js_0.15,false_negative_suppression,0.15,0.1,0.5,170,1532,0.11096605744125326,0.024922987545912094
false_negative_suppression_js_0.15,false_negative_suppression,0.15,0.1,0.55,188,1532,0.1227154046997389,0.027638733071015255
false_negative_suppression_js_0.15,false_negative_suppression,0.15,0.1,0.6000000000000001,204,1532,0.13315926892950392,0.03014262603070115
false_negative_suppression_js_0.15,false_negative_suppression,0.15,0.1,0.65,213,1532,0.13903394255874674,0.031569715842228376
false_negative_suppression_js_0.15,false_negative_suppression,0.15,0.1,0.7000000000000001,216,1532,0.1409921671018277,0.03214449120030824
false_negative_suppression_js_0.15,false_negative_suppression,0.15,0.1,0.75,222,1532,0.14490861618798956,0.033216816805623356
false_negative_suppression_js_0.15,false_negative_suppression,0.15,0.1,0.8,223,1532,0.14556135770234988,0.03342030437993118
false_negative_suppression_js_0.15,false_negative_suppression,0.15,0.1,0.8500000000000001,225,1532,0.1468668407310705,0.03460158091892766
false_negative_suppression_js_0.15,false_negative_suppression,0.15,0.1,0.9,227,1532,0.1481723237597911,0.036408488489289056
false_negative_suppression_js_0.15,false_negative_suppression,0.15,0.1,0.9500000000000001,232,1532,0.1514360313315927,0.04205914928194927
false_negative_suppression_js_0.15,false_negative_suppression,0.15,0.1,1.0,245,1532,0.15992167101827676,0.05687726363357977
false_negative_suppression_js_0.15,false_negative_suppression,0.15,0.1,1.05,251,1532,0.16383812010443866,0.06463341269660108
false_negative_suppression_js_0.15,false_negative_suppression,0.15,0.1,1.1,258,1532,0.16840731070496084,0.07102590144855975
false_negative_suppression_js_0.15,false_negative_suppression,0.15,0.1,1.1500000000000001,265,1532,0.17297650130548303,0.077281509293432
false_negative_suppression_js_0.15,false_negative_suppression,0.15,0.1,1.2000000000000002,269,1532,0.17558746736292427,0.0793280986547875
false_negative_suppression_js_0.15,false_negative_suppression,0.15,0.1,1.25,275,1532,0.17950391644908617,0.08523770333305997
false_negative_suppression_js_0.15,false_negative_suppression,0.15,0.1,1.3,279,1532,0.1821148825065274,0.08935358313921127
false_negative_suppression_js_0.15,false_negative_suppression,0.15,0.1,1.35,282,1532,0.18407310704960836,0.09364423552055168
false_negative_suppression_js_0.15,false_negative_suppression,0.15,0.1,1.4000000000000001,283,1532,0.18472584856396868,0.09388647613125739
false_negative_suppression_js_0.15,false_negative_suppression,0.15,0.1,1.4500000000000002,285,1532,0.1860313315926893,0.09523237386675763
false_negative_suppression_js_0.15,false_negative_suppression,0.15,0.1,1.5,290,1532,0.18929503916449086,0.10594698733856538
false_negative_suppression_js_0.15,false_negative_suppression,0.15,0.1,1.55,291,1532,0.18994778067885118,0.10876806494999786
false_negative_suppression_js_0.15,false_negative_suppression,0.15,0.1,1.6,294,1532,0.1919060052219321,0.1187101264360888
false_negative_suppression_js_0.15,false_negative_suppression,0.15,0.1,1.6500000000000001,298,1532,0.19451697127937337,0.13086049451913112
false_negative_suppression_js_0.15,false_negative_suppression,0.15,0.1,1.7000000000000002,302,1532,0.19712793733681463,0.14165857015717198
false_negative_suppression_js_0.15,false_negative_suppression,0.15,0.1,1.75,305,1532,0.19908616187989556,0.14958041285604423
false_negative_suppression_js_0.15,false_negative_suppression,0.15,0.1,1.8,311,1532,0.20300261096605743,0.16119847343888383
false_negative_suppression_js_0.15,false_negative_suppression,0.15,0.1,1.85,315,1532,0.2056135770234987,0.16957889269286452
false_negative_suppression_js_0.15,false_negative_suppression,0.15,0.1,1.9000000000000001,321,1532,0.20953002610966057,0.1780970942707636
false_negative_suppression_js_0.15,false_negative_suppression,0.15,0.1,1.9500000000000002,327,1532,0.21344647519582247,0.18448757026168805
false_negative_suppression_js_0.15,false_negative_suppression,0.15,0.1,2.0,333,1532,0.21736292428198434,0.18863170278604297
false_negative_suppression_js_0.15,false_negative_suppression,0.15,0.1,2.0500000000000003,342,1532,0.22323759791122716,0.19335994987905364
false_negative_suppression_js_0.15,false_negative_suppression,0.15,0.1,2.1,350,1532,0.22845953002610966,0.19616433391983326
false_negative_suppression_js_0.15,false_negative_suppression,0.15,0.1,2.15,356,1532,0.23237597911227154,0.19794646685766304
false_negative_suppression_js_0.15,false_negative_suppression,0.15,0.1,2.2,361,1532,0.23563968668407312,0.19914187032404904
false_negative_suppression_js_0.15,false_negative_suppression,0.15,0.1,2.25,366,1532,0.23890339425587467,0.20234583591157357
false_negative_suppression_js_0.15,false_negative_suppression,0.15,0.1,2.3000000000000003,373,1532,0.24347258485639686,0.2082713487511246
false_negative_suppression_js_0.15,false_negative_suppression,0.15,0.1,2.35,378,1532,0.24673629242819844,0.21227451740528175
false_negative_suppression_js_0.15,false_negative_suppression,0.15,0.1,2.4000000000000004,384,1532,0.2506527415143603,0.21697339014153916
false_negative_suppression_js_0.15,false_negative_suppression,0.15,0.1,2.45,387,1532,0.25261096605744127,0.21832663418314163
false_negative_suppression_js_0.15,false_negative_suppression,0.15,0.1,2.5,393,1532,0.2565274151436031,0.2272109017641374
false_negative_suppression_js_0.15,false_negative_suppression,0.15,0.1,2.5500000000000003,395,1532,0.25783289817232374,0.22976563951664455
false_negative_suppression_js_0.15,false_negative_suppression,0.15,0.1,2.6,400,1532,0.26109660574412535,0.23756924858231498
false_negative_suppression_js_0.15,false_negative_suppression,0.15,0.1,2.6500000000000004,406,1532,0.2650130548302872,0.2533442525821169
false_negative_suppression_js_0.15,false_negative_suppression,0.15,0.1,2.7,414,1532,0.27023498694516973,0.27716976605786536
false_negative_suppression_js_0.15,false_negative_suppression,0.15,0.1,2.75,425,1532,0.2774151436031332,0.31631543781993376
false_negative_suppression_js_0.15,false_negative_suppression,0.15,0.1,2.8000000000000003,434,1532,0.283289817232376,0.3531633897694219
false_negative_suppression_js_0.15,false_negative_suppression,0.15,0.1,2.85,445,1532,0.2904699738903394,0.3980687028568754
false_negative_suppression_js_0.15,false_negative_suppression,0.15,0.1,2.9000000000000004,457,1532,0.2983028720626632,0.44652159885540715
false_negative_suppression_js_0.15,false_negative_suppression,0.15,0.1,2.95,471,1532,0.3074412532637076,0.5008398590788745
false_negative_suppression_js_0.15,false_negative_suppression,0.15,0.1,3.0,486,1532,0.31723237597911225,0.5533364717511843
false_negative_suppression_js_0.15,false_negative_suppression,0.15,0.1,3.0500000000000003,499,1532,0.32571801566579633,0.5902062406073902
false_negative_suppression_js_0.15,false_negative_suppression,0.15,0.1,3.1,512,1532,0.3342036553524804,0.6201773774344196
false_negative_suppression_js_0.15,false_negative_suppression,0.15,0.1,3.1500000000000004,526,1532,0.3433420365535248,0.6479152151229003
false_negative_suppression_js_0.15,false_negative_suppression,0.15,0.1,3.2,534,1532,0.34856396866840733,0.6616229319920032
false_negative_suppression_js_0.15,false_negative_suppression,0.15,0.1,3.25,539,1532,0.3518276762402089,0.6676309889672257
false_negative_suppression_js_0.15,false_negative_suppression,0.15,0.1,3.3000000000000003,543,1532,0.35443864229765015,0.6726465799396687
false_negative_suppression_js_0.15,false_negative_suppression,0.15,0.1,3.35,547,1532,0.35704960835509136,0.6767897198693981
false_negative_suppression_js_0.15,false_negative_suppression,0.15,0.1,3.4000000000000004,550,1532,0.35900783289817234,0.6790262244823531
false_negative_suppression_js_0.15,false_negative_suppression,0.15,0.1,3.45,552,1532,0.360313315926893,0.6807175601659692
false_negative_suppression_js_0.15,false_negative_suppression,0.15,0.1,3.5,554,1532,0.36161879895561355,0.6817884480548134
false_negative_suppression_js_0.15,false_negative_suppression,0.15,0.1,3.5500000000000003,554,1532,0.36161879895561355,0.6817884480548134
false_negative_suppression_js_0.15,false_negative_suppression,0.15,0.1,3.6,555,1532,0.3622715404699739,0.682176513097093
false_negative_suppression_js_0.15,false_negative_suppression,0.15,0.1,3.6500000000000004,556,1532,0.3629242819843342,0.6826600370140468
false_negative_suppression_js_0.15,false_negative_suppression,0.15,0.1,3.7,556,1532,0.3629242819843342,0.6826600370140468
false_negative_suppression_js_0.15,false_negative_suppression,0.15,0.1,3.75,557,1532,0.36357702349869453,0.6832596426502043
false_negative_suppression_js_0.15,false_negative_suppression,0.15,0.1,3.8000000000000003,558,1532,0.3642297650130548,0.683579274684139
false_negative_suppression_js_0.15,false_negative_suppression,0.15,0.1,3.85,559,1532,0.36488250652741516,0.6839673397264188
false_negative_suppression_js_0.15,false_negative_suppression,0.15,0.1,3.9000000000000004,560,1532,0.36553524804177545,0.6842334030590832
false_negative_suppression_js_0.15,false_negative_suppression,0.15,0.1,3.95,560,1532,0.36553524804177545,0.6842334030590832
false_negative_suppression_js_0.15,false_negative_suppression,0.15,0.1,4.0,564,1532,0.3681462140992167,0.6859776084963278
false_negative_suppression_js_0.15,false_negative_suppression,0.15,0.1,4.05,564,1532,0.3681462140992167,0.6859776084963278
false_negative_suppression_js_0.15,false_negative_suppression,0.15,0.1,4.1000000000000005,564,1532,0.3681462140992167,0.6859776084963278
false_negative_suppression_js_0.15,false_negative_suppression,0.15,0.1,4.15,565,1532,0.368798955613577,0.6862351368808
false_negative_suppression_js_0.15,false_negative_suppression,0.15,0.1,4.2,566,1532,0.36945169712793735,0.6866059688221321
false_negative_suppression_js_0.15,false_negative_suppression,0.15,0.1,4.25,567,1532,0.37010443864229764,0.6869017733557063
false_negative_suppression_js_0.15,false_negative_suppression,0.15,0.1,4.3,568,1532,0.370757180156658,0.6874690640334139
false_negative_suppression_js_0.15,false_negative_suppression,0.15,0.1,4.3500000000000005,568,1532,0.370757180156658,0.6874690640334139
false_negative_suppression_js_0.15,false_negative_suppression,0.15,0.1,4.4,569,1532,0.3714099216710183,0.6879062240631103
false_negative_suppression_js_0.15,false_negative_suppression,0.15,0.1,4.45,570,1532,0.3720626631853786,0.6882461881253827
false_negative_suppression_js_0.15,false_negative_suppression,0.15,0.1,4.5,570,1532,0.3720626631853786,0.6882461881253827
false_negative_suppression_js_0.15,false_negative_suppression,0.15,0.1,4.55,570,1532,0.3720626631853786,0.6882461881253827
false_negative_suppression_js_0.15,false_negative_suppression,0.15,0.1,4.6000000000000005,571,1532,0.3727154046997389,0.6886342531676625
false_negative_suppression_js_0.15,false_negative_suppression,0.15,0.1,4.65,572,1532,0.3733681462140992,0.6891436613880978
false_negative_suppression_js_0.15,false_negative_suppression,0.15,0.1,4.7,572,1532,0.3733681462140992,0.6891436613880978
false_negative_suppression_js_0.15,false_negative_suppression,0.15,0.1,4.75,573,1532,0.37402088772845954,0.6898155297066589
false_negative_suppression_js_0.15,false_negative_suppression,0.15,0.1,4.800000000000001,574,1532,0.37467362924281983,0.6902526897363553
false_negative_suppression_js_0.15,false_negative_suppression,0.15,0.1,4.8500000000000005,575,1532,0.37532637075718017,0.6908358391573791
false_negative_suppression_js_0.15,false_negative_suppression,0.15,0.1,4.9,576,1532,0.37597911227154046,0.6913193630743327
false_negative_suppression_js_0.15,false_negative_suppression,0.15,0.1,4.95,576,1532,0.37597911227154046,0.6913193630743327
false_negative_suppression_js_0.15,false_negative_suppression,0.15,0.1,5.0,580,1532,0.3785900783289817,0.6941532529154889
false_negative_suppression_js_0.15,false_negative_suppression,0.15,0.1,5.050000000000001,580,1532,0.3785900783289817,0.6941532529154889
false_negative_suppression_js_0.15,false_negative_suppression,0.15,0.1,5.1000000000000005,581,1532,0.379242819843342,0.6947052606294333
false_negative_suppression_js_0.15,false_negative_suppression,0.15,0.1,5.15,583,1532,0.38054830287206265,0.6959847628607579
false_negative_suppression_js_0.15,false_negative_suppression,0.15,0.1,5.2,586,1532,0.3825065274151436,0.6981871134582023
false_negative_suppression_js_0.15,false_negative_suppression,0.15,0.1,5.25,589,1532,0.38446475195822455,0.7004831498392396
false_negative_suppression_js_0.15,false_negative_suppression,0.15,0.1,5.300000000000001,594,1532,0.3877284595300261,0.7045970960688663
false_negative_suppression_js_0.15,false_negative_suppression,0.15,0.1,5.3500000000000005,597,1532,0.389686684073107,0.7070236237194023
false_negative_suppression_js_0.15,false_negative_suppression,0.15,0.1,5.4,601,1532,0.3922976501305483,0.7112477837206648
false_negative_suppression_js_0.15,false_negative_suppression,0.15,0.1,5.45,605,1532,0.39490861618798956,0.7162156417735426
false_negative_suppression_js_0.15,false_negative_suppression,0.15,0.1,5.5,609,1532,0.3975195822454308,0.7214730020502701
false_negative_suppression_js_0.15,false_negative_suppression,0.15,0.1,5.550000000000001,613,1532,0.40013054830287204,0.7283388202167427
false_negative_suppression_js_0.15,false_negative_suppression,0.15,0.1,5.6000000000000005,616,1532,0.402088772845953,0.7336836821119689
false_negative_suppression_js_0.15,false_negative_suppression,0.15,0.1,5.65,617,1532,0.4027415143603133,0.7352046383832153
false_negative_suppression_js_0.15,false_negative_suppression,0.15,0.1,5.7,617,1532,0.4027415143603133,0.7352046383832153
false_negative_suppression_js_0.15,false_negative_suppression,0.15,0.1,5.75,619,1532,0.40404699738903394,0.7388253846558722
false_negative_suppression_js_0.15,false_negative_suppression,0.15,0.1,5.800000000000001,620,1532,0.4046997389033943,0.7409614461629662
false_negative_suppression_js_0.15,false_negative_suppression,0.15,0.1,5.8500000000000005,621,1532,0.40535248041775457,0.7428885610004379
false_negative_suppression_js_0.15,false_negative_suppression,0.15,0.1,5.9,621,1532,0.40535248041775457,0.7428885610004379
false_negative_suppression_js_0.15,false_negative_suppression,0.15,0.1,5.95,621,1532,0.40535248041775457,0.7428885610004379
false_negative_suppression_js_0.15,false_negative_suppression,0.15,0.1,6.0,622,1532,0.40600522193211486,0.7440203454423121
false_negative_suppression_js_0.15,false_negative_suppression,0.15,0.1,6.050000000000001,622,1532,0.40600522193211486,0.7440203454423121
false_negative_suppression_js_0.15,false_negative_suppression,0.15,0.1,6.1000000000000005,622,1532,0.40600522193211486,0.7440203454423121
false_negative_suppression_js_0.15,false_negative_suppression,0.15,0.1,6.15,622,1532,0.40600522193211486,0.7440203454423121
false_negative_suppression_js_0.15,false_negative_suppression,0.15,0.1,6.2,622,1532,0.40600522193211486,0.7440203454423121
false_negative_suppression_js_0.15,false_negative_suppression,0.15,0.1,6.25,622,1532,0.40600522193211486,0.7440203454423121
false_negative_suppression_js_0.15,false_negative_suppression,0.15,0.1,6.300000000000001,622,1532,0.40600522193211486,0.7440203454423121
false_negative_suppression_js_0.15,false_negative_suppression,0.15,0.1,6.3500000000000005,622,1532,0.40600522193211486,0.7440203454423121
false_negative_suppression_js_0.15,false_negative_suppression,0.15,0.1,6.4,622,1532,0.40600522193211486,0.7440203454423121
false_negative_suppression_js_0.15,false_negative_suppression,0.15,0.1,6.45,622,1532,0.40600522193211486,0.7440203454423121
false_negative_suppression_js_0.15,false_negative_suppression,0.15,0.1,6.5,622,1532,0.40600522193211486,0.7440203454423121
false_negative_suppression_js_0.15,false_negative_suppression,0.15,0.1,6.550000000000001,622,1532,0.40600522193211486,0.7440203454423121
false_negative_suppression_js_0.15,false_negative_suppression,0.15,0.1,6.6000000000000005,622,1532,0.40600522193211486,0.7440203454423121
false_negative_suppression_js_0.15,false_negative_suppression,0.15,0.1,6.65,622,1532,0.40600522193211486,0.7440203454423121
false_negative_suppression_js_0.15,false_negative_suppression,0.15,0.1,6.7,622,1532,0.40600522193211486,0.7440203454423121
false_negative_suppression_js_0.15,false_negative_suppression,0.15,0.1,6.75,622,1532,0.40600522193211486,0.7440203454423121
false_negative_suppression_js_0.15,false_negative_suppression,0.15,0.1,6.800000000000001,622,1532,0.40600522193211486,0.7440203454423121
false_negative_suppression_js_0.15,false_negative_suppression,0.15,0.1,6.8500000000000005,622,1532,0.40600522193211486,0.7440203454423121
false_negative_suppression_js_0.15,false_negative_suppression,0.15,0.1,6.9,622,1532,0.40600522193211486,0.7440203454423121
false_negative_suppression_js_0.15,false_negative_suppression,0.15,0.1,6.95,622,1532,0.40600522193211486,0.7440203454423121
false_negative_suppression_js_0.15,false_negative_suppression,0.15,0.1,7.0,622,1532,0.40600522193211486,0.7440203454423121
false_negative_suppression_js_0.15,false_negative_suppression,0.15,0.1,7.050000000000001,622,1532,0.40600522193211486,0.7440203454423121
false_negative_suppression_js_0.15,false_negative_suppression,0.15,0.1,7.1000000000000005,622,1532,0.40600522193211486,0.7440203454423121
false_negative_suppression_js_0.15,false_negative_suppression,0.15,0.1,7.15,622,1532,0.40600522193211486,0.7440203454423121
false_negative_suppression_js_0.15,false_negative_suppression,0.15,0.1,7.2,622,1532,0.40600522193211486,0.7440203454423121
false_negative_suppression_js_0.15,false_negative_suppression,0.15,0.1,7.25,622,1532,0.40600522193211486,0.7440203454423121
false_negative_suppression_js_0.15,false_negative_suppression,0.15,0.1,7.300000000000001,622,1532,0.40600522193211486,0.7440203454423121
false_negative_suppression_js_0.15,false_negative_suppression,0.15,0.1,7.3500000000000005,622,1532,0.40600522193211486,0.7440203454423121
false_negative_suppression_js_0.15,false_negative_suppression,0.15,0.1,7.4,622,1532,0.40600522193211486,0.7440203454423121
false_negative_suppression_js_0.15,false_negative_suppression,0.15,0.1,7.45,622,1532,0.40600522193211486,0.7440203454423121
false_negative_suppression_js_0.15,false_negative_suppression,0.15,0.1,7.5,622,1532,0.40600522193211486,0.7440203454423121
false_negative_suppression_js_0.15,false_negative_suppression,0.15,0.1,7.550000000000001,622,1532,0.40600522193211486,0.7440203454423121
false_negative_suppression_js_0.15,false_negative_suppression,0.15,0.1,7.6000000000000005,622,1532,0.40600522193211486,0.7440203454423121
false_negative_suppression_js_0.15,false_negative_suppression,0.15,0.1,7.65,622,1532,0.40600522193211486,0.7440203454423121
false_negative_suppression_js_0.15,false_negative_suppression,0.15,0.1,7.7,622,1532,0.40600522193211486,0.7440203454423121
false_negative_suppression_js_0.15,false_negative_suppression,0.15,0.1,7.75,622,1532,0.40600522193211486,0.7440203454423121
false_negative_suppression_js_0.15,false_negative_suppression,0.15,0.1,7.800000000000001,622,1532,0.40600522193211486,0.7440203454423121
false_negative_suppression_js_0.15,false_negative_suppression,0.15,0.1,7.8500000000000005,622,1532,0.40600522193211486,0.7440203454423121
false_negative_suppression_js_0.15,false_negative_suppression,0.15,0.1,7.9,622,1532,0.40600522193211486,0.7440203454423121
false_negative_suppression_js_0.15,false_negative_suppression,0.15,0.1,7.95,622,1532,0.40600522193211486,0.7440203454423121
false_negative_suppression_js_0.15,false_negative_suppression,0.15,0.1,8.0,622,1532,0.40600522193211486,0.7440203454423121
false_negative_suppression_js_0.15,false_negative_suppression,0.15,0.1,8.05,622,1532,0.40600522193211486,0.7440203454423121
false_negative_suppression_js_0.15,false_negative_suppression,0.15,0.1,8.1,622,1532,0.40600522193211486,0.7440203454423121
false_negative_suppression_js_0.15,false_negative_suppression,0.15,0.1,8.15,622,1532,0.40600522193211486,0.7440203454423121
false_negative_suppression_js_0.15,false_negative_suppression,0.15,0.1,8.200000000000001,622,1532,0.40600522193211486,0.7440203454423121
false_negative_suppression_js_0.15,false_negative_suppression,0.15,0.1,8.25,622,1532,0.40600522193211486,0.7440203454423121
false_negative_suppression_js_0.15,false_negative_suppression,0.15,0.1,8.3,622,1532,0.40600522193211486,0.7440203454423121
false_negative_suppression_js_0.15,false_negative_suppression,0.15,0.1,8.35,622,1532,0.40600522193211486,0.7440203454423121
false_negative_suppression_js_0.15,false_negative_suppression,0.15,0.1,8.4,622,1532,0.40600522193211486,0.7440203454423121
false_negative_suppression_js_0.15,false_negative_suppression,0.15,0.1,8.450000000000001,622,1532,0.40600522193211486,0.7440203454423121
false_negative_suppression_js_0.15,false_negative_suppression,0.15,0.1,8.5,622,1532,0.40600522193211486,0.7440203454423121
false_negative_suppression_js_0.15,false_negative_suppression,0.15,0.1,8.55,622,1532,0.40600522193211486,0.7440203454423121
false_negative_suppression_js_0.15,false_negative_suppression,0.15,0.1,8.6,622,1532,0.40600522193211486,0.7440203454423121
false_negative_suppression_js_0.15,false_negative_suppression,0.15,0.1,8.65,622,1532,0.40600522193211486,0.7440203454423121
false_negative_suppression_js_0.15,false_negative_suppression,0.15,0.1,8.700000000000001,622,1532,0.40600522193211486,0.7440203454423121
false_negative_suppression_js_0.15,false_negative_suppression,0.15,0.1,8.75,622,1532,0.40600522193211486,0.7440203454423121
false_negative_suppression_js_0.15,false_negative_suppression,0.15,0.1,8.8,622,1532,0.40600522193211486,0.7440203454423121
false_negative_suppression_js_0.15,false_negative_suppression,0.15,0.1,8.85,622,1532,0.40600522193211486,0.7440203454423121
false_negative_suppression_js_0.15,false_negative_suppression,0.15,0.1,8.9,622,1532,0.40600522193211486,0.7440203454423121
false_negative_suppression_js_0.15,false_negative_suppression,0.15,0.1,8.950000000000001,622,1532,0.40600522193211486,0.7440203454423121
false_negative_suppression_js_0.15,false_negative_suppression,0.15,0.1,9.0,622,1532,0.40600522193211486,0.7440203454423121
false_negative_suppression_js_0.15,false_negative_suppression,0.15,0.1,9.05,622,1532,0.40600522193211486,0.7440203454423121
false_negative_suppression_js_0.15,false_negative_suppression,0.15,0.1,9.1,622,1532,0.40600522193211486,0.7440203454423121
false_negative_suppression_js_0.15,false_negative_suppression,0.15,0.1,9.15,622,1532,0.40600522193211486,0.7440203454423121
false_negative_suppression_js_0.15,false_negative_suppression,0.15,0.1,9.200000000000001,622,1532,0.40600522193211486,0.7440203454423121
false_negative_suppression_js_0.15,false_negative_suppression,0.15,0.1,9.25,622,1532,0.40600522193211486,0.7440203454423121
false_negative_suppression_js_0.15,false_negative_suppression,0.15,0.1,9.3,622,1532,0.40600522193211486,0.7440203454423121
false_negative_suppression_js_0.15,false_negative_suppression,0.15,0.1,9.35,622,1532,0.40600522193211486,0.7440203454423121
false_negative_suppression_js_0.15,false_negative_suppression,0.15,0.1,9.4,622,1532,0.40600522193211486,0.7440203454423121
false_negative_suppression_js_0.15,false_negative_suppression,0.15,0.1,9.450000000000001,622,1532,0.40600522193211486,0.7440203454423121
false_negative_suppression_js_0.15,false_negative_suppression,0.15,0.1,9.5,622,1532,0.40600522193211486,0.7440203454423121
false_negative_suppression_js_0.15,false_negative_suppression,0.15,0.1,9.55,622,1532,0.40600522193211486,0.7440203454423121
false_negative_suppression_js_0.15,false_negative_suppression,0.15,0.1,9.600000000000001,622,1532,0.40600522193211486,0.7440203454423121
false_negative_suppression_js_0.15,false_negative_suppression,0.15,0.1,9.65,622,1532,0.40600522193211486,0.7440203454423121
false_negative_suppression_js_0.15,false_negative_suppression,0.15,0.1,9.700000000000001,622,1532,0.40600522193211486,0.7440203454423121
false_negative_suppression_js_0.15,false_negative_suppression,0.15,0.1,9.75,622,1532,0.40600522193211486,0.7440203454423121
false_negative_suppression_js_0.15,false_negative_suppression,0.15,0.1,9.8,622,1532,0.40600522193211486,0.7440203454423121
false_negative_suppression_js_0.15,false_negative_suppression,0.15,0.1,9.850000000000001,622,1532,0.40600522193211486,0.7440203454423121
false_negative_suppression_js_0.15,false_negative_suppression,0.15,0.1,9.9,622,1532,0.40600522193211486,0.7440203454423121
false_negative_suppression_js_0.15,false_negative_suppression,0.15,0.1,9.950000000000001,622,1532,0.40600522193211486,0.7440203454423121
false_negative_suppression_js_0.15,false_negative_suppression,0.15,0.1,10.0,622,1532,0.40600522193211486,0.7440203454423121
false_negative_suppression_js_0.15,false_negative_suppression,0.15,0.1,10.05,622,1532,0.40600522193211486,0.7440203454423121
false_negative_suppression_js_0.15,false_negative_suppression,0.15,0.1,10.100000000000001,622,1532,0.40600522193211486,0.7440203454423121
false_negative_suppression_js_0.15,false_negative_suppression,0.15,0.1,10.15,622,1532,0.40600522193211486,0.7440203454423121
false_negative_suppression_js_0.15,false_negative_suppression,0.15,0.1,10.200000000000001,622,1532,0.40600522193211486,0.7440203454423121
false_negative_suppression_js_0.15,false_negative_suppression,0.15,0.1,10.25,622,1532,0.40600522193211486,0.7440203454423121
false_negative_suppression_js_0.15,false_negative_suppression,0.15,0.1,10.3,622,1532,0.40600522193211486,0.7440203454423121
false_negative_suppression_js_0.15,false_negative_suppression,0.15,0.1,10.350000000000001,622,1532,0.40600522193211486,0.7440203454423121
false_negative_suppression_js_0.15,false_negative_suppression,0.15,0.1,10.4,622,1532,0.40600522193211486,0.7440203454423121
false_negative_suppression_js_0.15,false_negative_suppression,0.15,0.1,10.450000000000001,622,1532,0.40600522193211486,0.7440203454423121
false_negative_suppression_js_0.15,false_negative_suppression,0.15,0.1,10.5,622,1532,0.40600522193211486,0.7440203454423121
false_negative_suppression_js_0.15,false_negative_suppression,0.15,0.1,10.55,622,1532,0.40600522193211486,0.7440203454423121
false_negative_suppression_js_0.15,false_negative_suppression,0.15,0.1,10.600000000000001,622,1532,0.40600522193211486,0.7440203454423121
false_negative_suppression_js_0.15,false_negative_suppression,0.15,0.1,10.65,622,1532,0.40600522193211486,0.7440203454423121
false_negative_suppression_js_0.15,false_negative_suppression,0.15,0.1,10.700000000000001,622,1532,0.40600522193211486,0.7440203454423121
false_negative_suppression_js_0.15,false_negative_suppression,0.15,0.1,10.75,622,1532,0.40600522193211486,0.7440203454423121
false_negative_suppression_js_0.15,false_negative_suppression,0.15,0.1,10.8,622,1532,0.40600522193211486,0.7440203454423121
false_negative_suppression_js_0.15,false_negative_suppression,0.15,0.1,10.850000000000001,622,1532,0.40600522193211486,0.7440203454423121
false_negative_suppression_js_0.15,false_negative_suppression,0.15,0.1,10.9,622,1532,0.40600522193211486,0.7440203454423121
false_negative_suppression_js_0.15,false_negative_suppression,0.15,0.1,10.950000000000001,622,1532,0.40600522193211486,0.7440203454423121
false_negative_suppression_js_0.15,false_negative_suppression,0.15,0.1,11.0,622,1532,0.40600522193211486,0.7440203454423121
false_negative_suppression_js_0.15,false_negative_suppression,0.15,0.1,11.05,622,1532,0.40600522193211486,0.7440203454423121
false_negative_suppression_js_0.15,false_negative_suppression,0.15,0.1,11.100000000000001,622,1532,0.40600522193211486,0.7440203454423121
false_negative_suppression_js_0.15,false_negative_suppression,0.15,0.1,11.15,622,1532,0.40600522193211486,0.7440203454423121
false_negative_suppression_js_0.15,false_negative_suppression,0.15,0.1,11.200000000000001,622,1532,0.40600522193211486,0.7440203454423121
false_negative_suppression_js_0.15,false_negative_suppression,0.15,0.1,11.25,622,1532,0.40600522193211486,0.7440203454423121
false_negative_suppression_js_0.15,false_negative_suppression,0.15,0.1,11.3,622,1532,0.40600522193211486,0.7440203454423121
false_negative_suppression_js_0.15,false_negative_suppression,0.15,0.1,11.350000000000001,622,1532,0.40600522193211486,0.7440203454423121
false_negative_suppression_js_0.15,false_negative_suppression,0.15,0.1,11.4,622,1532,0.40600522193211486,0.7440203454423121
false_negative_suppression_js_0.15,false_negative_suppression,0.15,0.1,11.450000000000001,622,1532,0.40600522193211486,0.7440203454423121
false_negative_suppression_js_0.15,false_negative_suppression,0.15,0.1,11.5,622,1532,0.40600522193211486,0.7440203454423121
false_negative_suppression_js_0.15,false_negative_suppression,0.15,0.1,11.55,622,1532,0.40600522193211486,0.7440203454423121
false_negative_suppression_js_0.15,false_negative_suppression,0.15,0.1,11.600000000000001,622,1532,0.40600522193211486,0.7440203454423121
false_negative_suppression_js_0.15,false_negative_suppression,0.15,0.1,11.65,622,1532,0.40600522193211486,0.7440203454423121
false_negative_suppression_js_0.15,false_negative_suppression,0.15,0.1,11.700000000000001,622,1532,0.40600522193211486,0.7440203454423121
false_negative_suppression_js_0.15,false_negative_suppression,0.15,0.1,11.75,622,1532,0.40600522193211486,0.7440203454423121
false_negative_suppression_js_0.15,false_negative_suppression,0.15,0.1,11.8,622,1532,0.40600522193211486,0.7440203454423121
false_negative_suppression_js_0.15,false_negative_suppression,0.15,0.1,11.850000000000001,622,1532,0.40600522193211486,0.7440203454423121
false_negative_suppression_js_0.15,false_negative_suppression,0.15,0.1,11.9,622,1532,0.40600522193211486,0.7440203454423121
false_negative_suppression_js_0.15,false_negative_suppression,0.15,0.1,11.950000000000001,622,1532,0.40600522193211486,0.7440203454423121
false_negative_suppression_js_0.15,false_negative_suppression,0.15,0.1,12.0,622,1532,0.40600522193211486,0.7440203454423121
false_negative_suppression_js_0.15,false_negative_suppression,0.15,0.1,12.05,622,1532,0.40600522193211486,0.7440203454423121
false_negative_suppression_js_0.15,false_negative_suppression,0.15,0.1,12.100000000000001,622,1532,0.40600522193211486,0.7440203454423121
false_negative_suppression_js_0.15,false_negative_suppression,0.15,0.1,12.15,622,1532,0.40600522193211486,0.7440203454423121
false_negative_suppression_js_0.15,false_negative_suppression,0.15,0.1,12.200000000000001,622,1532,0.40600522193211486,0.7440203454423121
false_negative_suppression_js_0.15,false_negative_suppression,0.15,0.1,12.25,622,1532,0.40600522193211486,0.7440203454423121
false_negative_suppression_js_0.15,false_negative_suppression,0.15,0.1,12.3,622,1532,0.40600522193211486,0.7440203454423121
false_negative_suppression_js_0.15,false_negative_suppression,0.15,0.1,12.350000000000001,622,1532,0.40600522193211486,0.7440203454423121
false_negative_suppression_js_0.15,false_negative_suppression,0.15,0.1,12.4,622,1532,0.40600522193211486,0.7440203454423121
false_negative_suppression_js_0.15,false_negative_suppression,0.15,0.1,12.450000000000001,622,1532,0.40600522193211486,0.7440203454423121
false_negative_suppression_js_0.15,false_negative_suppression,0.15,0.1,12.5,622,1532,0.40600522193211486,0.7440203454423121
false_negative_suppression_js_0.15,false_negative_suppression,0.15,0.1,12.55,622,1532,0.40600522193211486,0.7440203454423121
false_negative_suppression_js_0.15,false_negative_suppression,0.15,0.1,12.600000000000001,622,1532,0.40600522193211486,0.7440203454423121
false_negative_suppression_js_0.15,false_negative_suppression,0.15,0.1,12.65,622,1532,0.40600522193211486,0.7440203454423121
false_negative_suppression_js_0.15,false_negative_suppression,0.15,0.1,12.700000000000001,622,1532,0.40600522193211486,0.7440203454423121
false_negative_suppression_js_0.15,false_negative_suppression,0.15,0.1,12.75,622,1532,0.40600522193211486,0.7440203454423121
false_negative_suppression_js_0.15,false_negative_suppression,0.15,0.1,12.8,622,1532,0.40600522193211486,0.7440203454423121
false_negative_suppression_js_0.15,false_negative_suppression,0.15,0.1,12.850000000000001,622,1532,0.40600522193211486,0.7440203454423121
false_negative_suppression_js_0.15,false_negative_suppression,0.15,0.1,12.9,622,1532,0.40600522193211486,0.7440203454423121
false_negative_suppression_js_0.15,false_negative_suppression,0.15,0.1,12.950000000000001,622,1532,0.40600522193211486,0.7440203454423121
false_negative_suppression_js_0.15,false_negative_suppression,0.15,0.1,13.0,622,1532,0.40600522193211486,0.7440203454423121
false_negative_suppression_js_0.15,false_negative_suppression,0.15,0.1,13.05,622,1532,0.40600522193211486,0.7440203454423121
false_negative_suppression_js_0.15,false_negative_suppression,0.15,0.1,13.100000000000001,622,1532,0.40600522193211486,0.7440203454423121
false_negative_suppression_js_0.15,false_negative_suppression,0.15,0.1,13.15,622,1532,0.40600522193211486,0.7440203454423121
false_negative_suppression_js_0.15,false_negative_suppression,0.15,0.1,13.200000000000001,622,1532,0.40600522193211486,0.7440203454423121
false_negative_suppression_js_0.15,false_negative_suppression,0.15,0.1,13.25,622,1532,0.40600522193211486,0.7440203454423121
false_negative_suppression_js_0.15,false_negative_suppression,0.15,0.1,13.3,622,1532,0.40600522193211486,0.7440203454423121
false_negative_suppression_js_0.15,false_negative_suppression,0.15,0.1,13.350000000000001,622,1532,0.40600522193211486,0.7440203454423121
false_negative_suppression_js_0.15,false_negative_suppression,0.15,0.1,13.4,622,1532,0.40600522193211486,0.7440203454423121
false_negative_suppression_js_0.15,false_negative_suppression,0.15,0.1,13.450000000000001,622,1532,0.40600522193211486,0.7440203454423121
false_negative_suppression_js_0.15,false_negative_suppression,0.15,0.1,13.5,622,1532,0.40600522193211486,0.7440203454423121
false_negative_suppression_js_0.15,false_negative_suppression,0.15,0.1,13.55,622,1532,0.40600522193211486,0.7440203454423121
false_negative_suppression_js_0.15,false_negative_suppression,0.15,0.1,13.600000000000001,622,1532,0.40600522193211486,0.7440203454423121
false_negative_suppression_js_0.15,false_negative_suppression,0.15,0.1,13.65,622,1532,0.40600522193211486,0.7440203454423121
false_negative_suppression_js_0.15,false_negative_suppression,0.15,0.1,13.700000000000001,622,1532,0.40600522193211486,0.7440203454423121
false_negative_suppression_js_0.15,false_negative_suppression,0.15,0.1,13.75,622,1532,0.40600522193211486,0.7440203454423121
false_negative_suppression_js_0.15,false_negative_suppression,0.15,0.1,13.8,622,1532,0.40600522193211486,0.7440203454423121
false_negative_suppression_js_0.15,false_negative_suppression,0.15,0.1,13.850000000000001,622,1532,0.40600522193211486,0.7440203454423121
false_negative_suppression_js_0.15,false_negative_suppression,0.15,0.1,13.9,622,1532,0.40600522193211486,0.7440203454423121
false_negative_suppression_js_0.15,false_negative_suppression,0.15,0.1,13.950000000000001,622,1532,0.40600522193211486,0.7440203454423121
false_negative_suppression_js_0.15,false_negative_suppression,0.15,0.1,14.0,622,1532,0.40600522193211486,0.7440203454423121
false_negative_suppression_js_0.15,false_negative_suppression,0.15,0.1,14.05,622,1532,0.40600522193211486,0.7440203454423121
false_negative_suppression_js_0.15,false_negative_suppression,0.15,0.1,14.100000000000001,622,1532,0.40600522193211486,0.7440203454423121
false_negative_suppression_js_0.15,false_negative_suppression,0.15,0.1,14.15,622,1532,0.40600522193211486,0.7440203454423121
false_negative_suppression_js_0.15,false_negative_suppression,0.15,0.1,14.200000000000001,622,1532,0.40600522193211486,0.7440203454423121
false_negative_suppression_js_0.15,false_negative_suppression,0.15,0.1,14.25,622,1532,0.40600522193211486,0.7440203454423121
false_negative_suppression_js_0.15,false_negative_suppression,0.15,0.1,14.3,622,1532,0.40600522193211486,0.7440203454423121
false_negative_suppression_js_0.15,false_negative_suppression,0.15,0.1,14.350000000000001,622,1532,0.40600522193211486,0.7440203454423121
false_negative_suppression_js_0.15,false_negative_suppression,0.15,0.1,14.4,622,1532,0.40600522193211486,0.7440203454423121
false_negative_suppression_js_0.15,false_negative_suppression,0.15,0.1,14.450000000000001,622,1532,0.40600522193211486,0.7440203454423121
false_negative_suppression_js_0.15,false_negative_suppression,0.15,0.1,14.5,622,1532,0.40600522193211486,0.7440203454423121
false_negative_suppression_js_0.15,false_negative_suppression,0.15,0.1,14.55,622,1532,0.40600522193211486,0.7440203454423121
false_negative_suppression_js_0.15,false_negative_suppression,0.15,0.1,14.600000000000001,622,1532,0.40600522193211486,0.7440203454423121
false_negative_suppression_js_0.15,false_negative_suppression,0.15,0.1,14.65,622,1532,0.40600522193211486,0.7440203454423121
false_negative_suppression_js_0.15,false_negative_suppression,0.15,0.1,14.700000000000001,622,1532,0.40600522193211486,0.7440203454423121
false_negative_suppression_js_0.15,false_negative_suppression,0.15,0.1,14.75,622,1532,0.40600522193211486,0.7440203454423121
false_negative_suppression_js_0.15,false_negative_suppression,0.15,0.1,14.8,622,1532,0.40600522193211486,0.7440203454423121
false_negative_suppression_js_0.15,false_negative_suppression,0.15,0.1,14.850000000000001,622,1532,0.40600522193211486,0.7440203454423121
false_negative_suppression_js_0.15,false_negative_suppression,0.15,0.1,14.9,622,1532,0.40600522193211486,0.7440203454423121
false_negative_suppression_js_0.15,false_negative_suppression,0.15,0.1,14.950000000000001,622,1532,0.40600522193211486,0.7440203454423121
false_negative_suppression_js_0.15,false_negative_suppression,0.15,0.1,15.0,622,1532,0.40600522193211486,0.7440203454423121
oracle,oracle,0.0,0.05,0.0,76,1532,0.04960835509138381,0.011122795102453328
oracle,oracle,0.0,0.05,0.05,77,1532,0.05026109660574413,0.011269173933804206
oracle,oracle,0.0,0.05,0.1,81,1532,0.05287206266318538,0.011854599566472253
oracle,oracle,0.0,0.05,0.15000000000000002,87,1532,0.05678851174934726,0.012732776061974886
oracle,oracle,0.0,0.05,0.2,92,1532,0.06005221932114883,0.013464564283537362
oracle,oracle,0.0,0.05,0.25,105,1532,0.0685378590078329,0.015367440601996879
oracle,oracle,0.0,0.05,0.30000000000000004,113,1532,0.0737597911227154,0.016538768272810093
oracle,oracle,0.0,0.05,0.35000000000000003,126,1532,0.08224543080939947,0.018442513737159914
oracle,oracle,0.0,0.05,0.4,137,1532,0.08942558746736293,0.020055437741584373
oracle,oracle,0.0,0.05,0.45,153,1532,0.09986945169712794,0.022405597618074043
oracle,oracle,0.0,0.05,0.5,168,1532,0.10966057441253264,0.024621186566866328
oracle,oracle,0.0,0.05,0.55,187,1532,0.12206266318537859,0.02746757943698658
oracle,oracle,0.0,0.05,0.6000000000000001,203,1532,0.1325065274151436,0.02993271851044136
oracle,oracle,0.0,0.05,0.65,217,1532,0.141644908616188,0.03217557559366872
oracle,oracle,0.0,0.05,0.7000000000000001,225,1532,0.1468668407310705,0.033518960819447816
oracle,oracle,0.0,0.05,0.75,230,1532,0.15013054830287206,0.03437347506269568
oracle,oracle,0.0,0.05,0.8,233,1532,0.152088772845953,0.0350361088721581
oracle,oracle,0.0,0.05,0.8500000000000001,234,1532,0.15274151436031333,0.035204303278478004
oracle,oracle,0.0,0.05,0.9,234,1532,0.15274151436031333,0.035204303278478004
oracle,oracle,0.0,0.05,0.9500000000000001,234,1532,0.15274151436031333,0.035204303278478004
oracle,oracle,0.0,0.05,1.0,244,1532,0.15926892950391644,0.05477644468605812
oracle,oracle,0.0,0.05,1.05,268,1532,0.17493472584856398,0.11892965863758138
oracle,oracle,0.0,0.05,1.1,281,1532,0.18342036553524804,0.1578477386075619
oracle,oracle,0.0,0.05,1.1500000000000001,297,1532,0.19386422976501305,0.21046911428959372
oracle,oracle,0.0,0.05,1.2000000000000002,309,1532,0.20169712793733682,0.2539693006785626
oracle,oracle,0.0,0.05,1.25,320,1532,0.20887728459530025,0.2967594930550113
oracle,oracle,0.0,0.05,1.3,327,1532,0.21344647519582247,0.3232282712689477
oracle,oracle,0.0,0.05,1.35,339,1532,0.2212793733681462,0.3691171958270954
oracle,oracle,0.0,0.05,1.4000000000000001,343,1532,0.22389033942558748,0.3825118404295242
oracle,oracle,0.0,0.05,1.4500000000000002,350,1532,0.22845953002610966,0.4080023787026443
oracle,oracle,0.0,0.05,1.5,352,1532,0.2297650130548303,0.4131929813323116
oracle,oracle,0.0,0.05,1.55,356,1532,0.23237597911227154,0.42366608048736976
oracle,oracle,0.0,0.05,1.6,360,1532,0.2349869451697128,0.43735504445058165
oracle,oracle,0.0,0.05,1.6500000000000001,363,1532,0.23694516971279372,0.4460393662483447
oracle,oracle,0.0,0.05,1.7000000000000002,366,1532,0.23890339425587467,0.45440361912798016
oracle,oracle,0.0,0.05,1.75,370,1532,0.24151436031331594,0.46735861935850137
oracle,oracle,0.0,0.05,1.8,372,1532,0.24281984334203655,0.4736652794442568
oracle,oracle,0.0,0.05,1.85,377,1532,0.24608355091383813,0.48903952033476356
oracle,oracle,0.0,0.05,1.9000000000000001,381,1532,0.24869451697127937,0.5017131961073534
oracle,oracle,0.0,0.05,1.9500000000000002,385,1532,0.25130548302872063,0.5134370323088918
oracle,oracle,0.0,0.05,2.0,386,1532,0.2519582245430809,0.5165719500715822
oracle,oracle,0.0,0.05,2.0500000000000003,390,1532,0.2545691906005222,0.5283500384300902
oracle,oracle,0.0,0.05,2.1,392,1532,0.2558746736292428,0.5345354618385683
oracle,oracle,0.0,0.05,2.15,395,1532,0.25783289817232374,0.542860982230926
oracle,oracle,0.0,0.05,2.2,398,1532,0.2597911227154047,0.5507657241268991
oracle,oracle,0.0,0.05,2.25,400,1532,0.26109660574412535,0.5551990707058836
oracle,oracle,0.0,0.05,2.3000000000000003,405,1532,0.2643603133159269,0.5653435341480484
oracle,oracle,0.0,0.05,2.35,410,1532,0.26762402088772846,0.5739274611214124
oracle,oracle,0.0,0.05,2.4000000000000004,413,1532,0.2695822454308094,0.578149971753557
oracle,oracle,0.0,0.05,2.45,415,1532,0.27088772845953,0.5802397998833266
oracle,oracle,0.0,0.05,2.5,417,1532,0.27219321148825065,0.5822667491098279
oracle,oracle,0.0,0.05,2.5500000000000003,421,1532,0.2748041775456919,0.5876419916174898
oracle,oracle,0.0,0.05,2.6,423,1532,0.27610966057441255,0.589199205733075
oracle,oracle,0.0,0.05,2.6500000000000004,428,1532,0.2793733681462141,0.5938276255729273
oracle,oracle,0.0,0.05,2.7,429,1532,0.2800261096605744,0.5956277802387513
oracle,oracle,0.0,0.05,2.75,433,1532,0.28263707571801566,0.5992470945744099
oracle,oracle,0.0,0.05,2.8000000000000003,435,1532,0.2839425587467363,0.6018087487748959
oracle,oracle,0.0,0.05,2.85,437,1532,0.28524804177545693,0.6035608084581121
oracle,oracle,0.0,0.05,2.9000000000000004,439,1532,0.28655352480417756,0.6064754770229988
oracle,oracle,0.0,0.05,2.95,445,1532,0.2904699738903394,0.611176526684204
oracle,oracle,0.0,0.05,3.0,448,1532,0.2924281984334204,0.6128801297585829
oracle,oracle,0.0,0.05,3.0500000000000003,451,1532,0.2943864229765013,0.6170185901383232
oracle,oracle,0.0,0.05,3.1,453,1532,0.29569190600522194,0.6185875346098938
oracle,oracle,0.0,0.05,3.1500000000000004,454,1532,0.2963446475195822,0.6202697807720369
oracle,oracle,0.0,0.05,3.2,454,1532,0.2963446475195822,0.6202697807720369
oracle,oracle,0.0,0.05,3.25,454,1532,0.2963446475195822,0.6202697807720369
oracle,oracle,0.0,0.05,3.3000000000000003,454,1532,0.2963446475195822,0.6202697807720369
oracle,oracle,0.0,0.05,3.35,454,1532,0.2963446475195822,0.6202697807720369
oracle,oracle,0.0,0.05,3.4000000000000004,454,1532,0.2963446475195822,0.6202697807720369
oracle,oracle,0.0,0.05,3.45,454,1532,0.2963446475195822,0.6202697807720369
oracle,oracle,0.0,0.05,3.5,454,1532,0.2963446475195822,0.6202697807720369
oracle,oracle,0.0,0.05,3.5500000000000003,454,1532,0.2963446475195822,0.6202697807720369
oracle,oracle,0.0,0.05,3.6,454,1532,0.2963446475195822,0.6202697807720369
oracle,oracle,0.0,0.05,3.6500000000000004,455,1532,0.29699738903394257,0.6226393057902717
oracle,oracle,0.0,0.05,3.7,458,1532,0.2989556135770235,0.6283847282969804
oracle,oracle,0.0,0.05,3.75,466,1532,0.304177545691906,0.6420884473916284
oracle,oracle,0.0,0.05,3.8000000000000003,472,1532,0.30809399477806787,0.6504601038640792
oracle,oracle,0.0,0.05,3.85,485,1532,0.31657963446475196,0.670083043233108
oracle,oracle,0.0,0.05,3.9000000000000004,492,1532,0.32114882506527415,0.6777185835491437
oracle,oracle,0.0,0.05,3.95,501,1532,0.32702349869451697,0.6894967422922533
oracle,oracle,0.0,0.05,4.0,507,1532,0.33093994778067887,0.6968976100851165
oracle,oracle,0.0,0.05,4.05,514,1532,0.33550913838120106,0.7052725721597918
oracle,oracle,0.0,0.05,4.1000000000000005,522,1532,0.34073107049608353,0.7147920697634628
oracle,oracle,0.0,0.05,4.15,526,1532,0.3433420365535248,0.7188373863908711
oracle,oracle,0.0,0.05,4.2,534,1532,0.34856396866840733,0.7244145344659655
oracle,oracle,0.0,0.05,4.25,542,1532,0.3537859007832898,0.729773289298933
oracle,oracle,0.0,0.05,4.3,545,1532,0.35574412532637073,0.7306165130500042
oracle,oracle,0.0,0.05,4.3500000000000005,546,1532,0.3563968668407311,0.7308425653489635
oracle,oracle,0.0,0.05,4.4,546,1532,0.3563968668407311,0.7308425653489635
oracle,oracle,0.0,0.05,4.45,546,1532,0.3563968668407311,0.7308425653489635
oracle,oracle,0.0,0.05,4.5,546,1532,0.3563968668407311,0.7308425653489635
oracle,oracle,0.0,0.05,4.55,546,1532,0.3563968668407311,0.7308425653489635
oracle,oracle,0.0,0.05,4.6000000000000005,546,1532,0.3563968668407311,0.7308425653489635
oracle,oracle,0.0,0.05,4.65,546,1532,0.3563968668407311,0.7308425653489635
oracle,oracle,0.0,0.05,4.7,546,1532,0.3563968668407311,0.7308425653489635
oracle,oracle,0.0,0.05,4.75,546,1532,0.3563968668407311,0.7308425653489635
oracle,oracle,0.0,0.05,4.800000000000001,546,1532,0.3563968668407311,0.7308425653489635
oracle,oracle,0.0,0.05,4.8500000000000005,546,1532,0.3563968668407311,0.7308425653489635
oracle,oracle,0.0,0.05,4.9,546,1532,0.3563968668407311,0.7308425653489635
oracle,oracle,0.0,0.05,4.95,546,1532,0.3563968668407311,0.7308425653489635
oracle,oracle,0.0,0.05,5.0,546,1532,0.3563968668407311,0.7308425653489635
oracle,oracle,0.0,0.05,5.050000000000001,546,1532,0.3563968668407311,0.7308425653489635
oracle,oracle,0.0,0.05,5.1000000000000005,546,1532,0.3563968668407311,0.7308425653489635
oracle,oracle,0.0,0.05,5.15,547,1532,0.35704960835509136,0.7314098560266711
oracle,oracle,0.0,0.05,5.2,548,1532,0.3577023498694517,0.7319771467043786
oracle,oracle,0.0,0.05,5.25,550,1532,0.35900783289817234,0.7333077614761156
oracle,oracle,0.0,0.05,5.300000000000001,553,1532,0.36096605744125326,0.735365106680605
oracle,oracle,0.0,0.05,5.3500000000000005,555,1532,0.3622715404699739,0.7367301067139398
oracle,oracle,0.0,0.05,5.4,557,1532,0.36357702349869453,0.7387238288358089
oracle,oracle,0.0,0.05,5.45,558,1532,0.3642297650130548,0.7396032368741519
oracle,oracle,0.0,0.05,5.5,560,1532,0.36553524804177545,0.7420610398293677
oracle,oracle,0.0,0.05,5.550000000000001,561,1532,0.3661879895561358,0.7435819961006142
oracle,oracle,0.0,0.05,5.6000000000000005,561,1532,0.3661879895561358,0.7435819961006142
oracle,oracle,0.0,0.05,5.65,561,1532,0.3661879895561358,0.7435819961006142
oracle,oracle,0.0,0.05,5.7,561,1532,0.3661879895561358,0.7435819961006142
oracle,oracle,0.0,0.05,5.75,561,1532,0.3661879895561358,0.7435819961006142
oracle,oracle,0.0,0.05,5.800000000000001,561,1532,0.3661879895561358,0.7435819961006142
oracle,oracle,0.0,0.05,5.8500000000000005,561,1532,0.3661879895561358,0.7435819961006142
oracle,oracle,0.0,0.05,5.9,561,1532,0.3661879895561358,0.7435819961006142
oracle,oracle,0.0,0.05,5.95,561,1532,0.3661879895561358,0.7435819961006142
oracle,oracle,0.0,0.05,6.0,561,1532,0.3661879895561358,0.7435819961006142
oracle,oracle,0.0,0.05,6.050000000000001,561,1532,0.3661879895561358,0.7435819961006142
oracle,oracle,0.0,0.05,6.1000000000000005,561,1532,0.3661879895561358,0.7435819961006142
oracle,oracle,0.0,0.05,6.15,561,1532,0.3661879895561358,0.7435819961006142
oracle,oracle,0.0,0.05,6.2,561,1532,0.3661879895561358,0.7435819961006142
oracle,oracle,0.0,0.05,6.25,561,1532,0.3661879895561358,0.7435819961006142
oracle,oracle,0.0,0.05,6.300000000000001,561,1532,0.3661879895561358,0.7435819961006142
oracle,oracle,0.0,0.05,6.3500000000000005,561,1532,0.3661879895561358,0.7435819961006142
oracle,oracle,0.0,0.05,6.4,561,1532,0.3661879895561358,0.7435819961006142
oracle,oracle,0.0,0.05,6.45,561,1532,0.3661879895561358,0.7435819961006142
oracle,oracle,0.0,0.05,6.5,561,1532,0.3661879895561358,0.7435819961006142
oracle,oracle,0.0,0.05,6.550000000000001,564,1532,0.3681462140992167,0.7506098549058152
oracle,oracle,0.0,0.05,6.6000000000000005,565,1532,0.368798955613577,0.7524100095716392
oracle,oracle,0.0,0.05,6.65,568,1532,0.370757180156658,0.7579350863719815
oracle,oracle,0.0,0.05,6.7,570,1532,0.3720626631853786,0.7607346436934931
oracle,oracle,0.0,0.05,6.75,573,1532,0.37402088772845954,0.7645957286322056
oracle,oracle,0.0,0.05,6.800000000000001,574,1532,0.37467362924281983,0.7656572562494066
oracle,oracle,0.0,0.05,6.8500000000000005,575,1532,0.37532637075718017,0.7666855567619753
oracle,oracle,0.0,0.05,6.9,576,1532,0.37597911227154046,0.7676509783712757
oracle,oracle,0.0,0.05,6.95,576,1532,0.37597911227154046,0.7676509783712757
oracle,oracle,0.0,0.05,7.0,576,1532,0.37597911227154046,0.7676509783712757
oracle,oracle,0.0,0.05,7.050000000000001,576,1532,0.37597911227154046,0.7676509783712757
oracle,oracle,0.0,0.05,7.1000000000000005,576,1532,0.37597911227154046,0.7676509783712757
oracle,oracle,0.0,0.05,7.15,576,1532,0.37597911227154046,0.7676509783712757
oracle,oracle,0.0,0.05,7.2,576,1532,0.37597911227154046,0.7676509783712757
oracle,oracle,0.0,0.05,7.25,576,1532,0.37597911227154046,0.7676509783712757
oracle,oracle,0.0,0.05,7.300000000000001,576,1532,0.37597911227154046,0.7676509783712757
oracle,oracle,0.0,0.05,7.3500000000000005,576,1532,0.37597911227154046,0.7676509783712757
oracle,oracle,0.0,0.05,7.4,576,1532,0.37597911227154046,0.7676509783712757
oracle,oracle,0.0,0.05,7.45,576,1532,0.37597911227154046,0.7676509783712757
oracle,oracle,0.0,0.05,7.5,576,1532,0.37597911227154046,0.7676509783712757
oracle,oracle,0.0,0.05,7.550000000000001,576,1532,0.37597911227154046,0.7676509783712757
oracle,oracle,0.0,0.05,7.6000000000000005,576,1532,0.37597911227154046,0.7676509783712757
oracle,oracle,0.0,0.05,7.65,576,1532,0.37597911227154046,0.7676509783712757
oracle,oracle,0.0,0.05,7.7,576,1532,0.37597911227154046,0.7676509783712757
oracle,oracle,0.0,0.05,7.75,576,1532,0.37597911227154046,0.7676509783712757
oracle,oracle,0.0,0.05,7.800000000000001,576,1532,0.37597911227154046,0.7676509783712757
oracle,oracle,0.0,0.05,7.8500000000000005,576,1532,0.37597911227154046,0.7676509783712757
oracle,oracle,0.0,0.05,7.9,576,1532,0.37597911227154046,0.7676509783712757
oracle,oracle,0.0,0.05,7.95,576,1532,0.37597911227154046,0.7676509783712757
oracle,oracle,0.0,0.05,8.0,576,1532,0.37597911227154046,0.7676509783712757
oracle,oracle,0.0,0.05,8.05,576,1532,0.37597911227154046,0.7676509783712757
oracle,oracle,0.0,0.05,8.1,576,1532,0.37597911227154046,0.7676509783712757
oracle,oracle,0.0,0.05,8.15,576,1532,0.37597911227154046,0.7676509783712757
oracle,oracle,0.0,0.05,8.200000000000001,576,1532,0.37597911227154046,0.7676509783712757
oracle,oracle,0.0,0.05,8.25,576,1532,0.37597911227154046,0.7676509783712757
oracle,oracle,0.0,0.05,8.3,576,1532,0.37597911227154046,0.7676509783712757
oracle,oracle,0.0,0.05,8.35,576,1532,0.37597911227154046,0.7676509783712757
oracle,oracle,0.0,0.05,8.4,576,1532,0.37597911227154046,0.7676509783712757
oracle,oracle,0.0,0.05,8.450000000000001,576,1532,0.37597911227154046,0.7676509783712757
oracle,oracle,0.0,0.05,8.5,576,1532,0.37597911227154046,0.7676509783712757
oracle,oracle,0.0,0.05,8.55,576,1532,0.37597911227154046,0.7676509783712757
oracle,oracle,0.0,0.05,8.6,576,1532,0.37597911227154046,0.7676509783712757
oracle,oracle,0.0,0.05,8.65,576,1532,0.37597911227154046,0.7676509783712757
oracle,oracle,0.0,0.05,8.700000000000001,576,1532,0.37597911227154046,0.7676509783712757
oracle,oracle,0.0,0.05,8.75,576,1532,0.37597911227154046,0.7676509783712757
oracle,oracle,0.0,0.05,8.8,576,1532,0.37597911227154046,0.7676509783712757
oracle,oracle,0.0,0.05,8.85,576,1532,0.37597911227154046,0.7676509783712757
oracle,oracle,0.0,0.05,8.9,576,1532,0.37597911227154046,0.7676509783712757
oracle,oracle,0.0,0.05,8.950000000000001,576,1532,0.37597911227154046,0.7676509783712757
oracle,oracle,0.0,0.05,9.0,576,1532,0.37597911227154046,0.7676509783712757
oracle,oracle,0.0,0.05,9.05,576,1532,0.37597911227154046,0.7676509783712757
oracle,oracle,0.0,0.05,9.1,576,1532,0.37597911227154046,0.7676509783712757
oracle,oracle,0.0,0.05,9.15,576,1532,0.37597911227154046,0.7676509783712757
oracle,oracle,0.0,0.05,9.200000000000001,576,1532,0.37597911227154046,0.7676509783712757
oracle,oracle,0.0,0.05,9.25,576,1532,0.37597911227154046,0.7676509783712757
oracle,oracle,0.0,0.05,9.3,576,1532,0.37597911227154046,0.7676509783712757
oracle,oracle,0.0,0.05,9.35,576,1532,0.37597911227154046,0.7676509783712757
oracle,oracle,0.0,0.05,9.4,576,1532,0.37597911227154046,0.7676509783712757
oracle,oracle,0.0,0.05,9.450000000000001,576,1532,0.37597911227154046,0.7676509783712757
oracle,oracle,0.0,0.05,9.5,576,1532,0.37597911227154046,0.7676509783712757
oracle,oracle,0.0,0.05,9.55,576,1532,0.37597911227154046,0.7676509783712757
oracle,oracle,0.0,0.05,9.600000000000001,576,1532,0.37597911227154046,0.7676509783712757
oracle,oracle,0.0,0.05,9.65,576,1532,0.37597911227154046,0.7676509783712757
oracle,oracle,0.0,0.05,9.700000000000001,576,1532,0.37597911227154046,0.7676509783712757
oracle,oracle,0.0,0.05,9.75,576,1532,0.37597911227154046,0.7676509783712757
oracle,oracle,0.0,0.05,9.8,576,1532,0.37597911227154046,0.7676509783712757
oracle,oracle,0.0,0.05,9.850000000000001,576,1532,0.37597911227154046,0.7676509783712757
oracle,oracle,0.0,0.05,9.9,576,1532,0.37597911227154046,0.7676509783712757
oracle,oracle,0.0,0.05,9.950000000000001,576,1532,0.37597911227154046,0.7676509783712757
oracle,oracle,0.0,0.05,10.0,576,1532,0.37597911227154046,0.7676509783712757
oracle,oracle,0.0,0.05,10.05,576,1532,0.37597911227154046,0.7676509783712757
oracle,oracle,0.0,0.05,10.100000000000001,576,1532,0.37597911227154046,0.7676509783712757
oracle,oracle,0.0,0.05,10.15,576,1532,0.37597911227154046,0.7676509783712757
oracle,oracle,0.0,0.05,10.200000000000001,576,1532,0.37597911227154046,0.7676509783712757
oracle,oracle,0.0,0.05,10.25,576,1532,0.37597911227154046,0.7676509783712757
oracle,oracle,0.0,0.05,10.3,576,1532,0.37597911227154046,0.7676509783712757
oracle,oracle,0.0,0.05,10.350000000000001,576,1532,0.37597911227154046,0.7676509783712757
oracle,oracle,0.0,0.05,10.4,576,1532,0.37597911227154046,0.7676509783712757
oracle,oracle,0.0,0.05,10.450000000000001,576,1532,0.37597911227154046,0.7676509783712757
oracle,oracle,0.0,0.05,10.5,576,1532,0.37597911227154046,0.7676509783712757
oracle,oracle,0.0,0.05,10.55,576,1532,0.37597911227154046,0.7676509783712757
oracle,oracle,0.0,0.05,10.600000000000001,576,1532,0.37597911227154046,0.7676509783712757
oracle,oracle,0.0,0.05,10.65,576,1532,0.37597911227154046,0.7676509783712757
oracle,oracle,0.0,0.05,10.700000000000001,576,1532,0.37597911227154046,0.7676509783712757
oracle,oracle,0.0,0.05,10.75,576,1532,0.37597911227154046,0.7676509783712757
oracle,oracle,0.0,0.05,10.8,576,1532,0.37597911227154046,0.7676509783712757
oracle,oracle,0.0,0.05,10.850000000000001,576,1532,0.37597911227154046,0.7676509783712757
oracle,oracle,0.0,0.05,10.9,576,1532,0.37597911227154046,0.7676509783712757
oracle,oracle,0.0,0.05,10.950000000000001,576,1532,0.37597911227154046,0.7676509783712757
oracle,oracle,0.0,0.05,11.0,576,1532,0.37597911227154046,0.7676509783712757
oracle,oracle,0.0,0.05,11.05,576,1532,0.37597911227154046,0.7676509783712757
oracle,oracle,0.0,0.05,11.100000000000001,576,1532,0.37597911227154046,0.7676509783712757
oracle,oracle,0.0,0.05,11.15,576,1532,0.37597911227154046,0.7676509783712757
oracle,oracle,0.0,0.05,11.200000000000001,576,1532,0.37597911227154046,0.7676509783712757
oracle,oracle,0.0,0.05,11.25,576,1532,0.37597911227154046,0.7676509783712757
oracle,oracle,0.0,0.05,11.3,576,1532,0.37597911227154046,0.7676509783712757
oracle,oracle,0.0,0.05,11.350000000000001,576,1532,0.37597911227154046,0.7676509783712757
oracle,oracle,0.0,0.05,11.4,576,1532,0.37597911227154046,0.7676509783712757
oracle,oracle,0.0,0.05,11.450000000000001,576,1532,0.37597911227154046,0.7676509783712757
oracle,oracle,0.0,0.05,11.5,576,1532,0.37597911227154046,0.7676509783712757
oracle,oracle,0.0,0.05,11.55,576,1532,0.37597911227154046,0.7676509783712757
oracle,oracle,0.0,0.05,11.600000000000001,576,1532,0.37597911227154046,0.7676509783712757
oracle,oracle,0.0,0.05,11.65,576,1532,0.37597911227154046,0.7676509783712757
oracle,oracle,0.0,0.05,11.700000000000001,576,1532,0.37597911227154046,0.7676509783712757
oracle,oracle,0.0,0.05,11.75,576,1532,0.37597911227154046,0.7676509783712757
oracle,oracle,0.0,0.05,11.8,576,1532,0.37597911227154046,0.7676509783712757
oracle,oracle,0.0,0.05,11.850000000000001,576,1532,0.37597911227154046,0.7676509783712757
oracle,oracle,0.0,0.05,11.9,576,1532,0.37597911227154046,0.7676509783712757
oracle,oracle,0.0,0.05,11.950000000000001,576,1532,0.37597911227154046,0.7676509783712757
oracle,oracle,0.0,0.05,12.0,576,1532,0.37597911227154046,0.7676509783712757
oracle,oracle,0.0,0.05,12.05,576,1532,0.37597911227154046,0.7676509783712757
oracle,oracle,0.0,0.05,12.100000000000001,576,1532,0.37597911227154046,0.7676509783712757
oracle,oracle,0.0,0.05,12.15,576,1532,0.37597911227154046,0.7676509783712757
oracle,oracle,0.0,0.05,12.200000000000001,576,1532,0.37597911227154046,0.7676509783712757
oracle,oracle,0.0,0.05,12.25,576,1532,0.37597911227154046,0.7676509783712757
oracle,oracle,0.0,0.05,12.3,576,1532,0.37597911227154046,0.7676509783712757
oracle,oracle,0.0,0.05,12.350000000000001,576,1532,0.37597911227154046,0.7676509783712757
oracle,oracle,0.0,0.05,12.4,576,1532,0.37597911227154046,0.7676509783712757
oracle,oracle,0.0,0.05,12.450000000000001,576,1532,0.37597911227154046,0.7676509783712757
oracle,oracle,0.0,0.05,12.5,576,1532,0.37597911227154046,0.7676509783712757
oracle,oracle,0.0,0.05,12.55,576,1532,0.37597911227154046,0.7676509783712757
oracle,oracle,0.0,0.05,12.600000000000001,576,1532,0.37597911227154046,0.7676509783712757
oracle,oracle,0.0,0.05,12.65,576,1532,0.37597911227154046,0.7676509783712757
oracle,oracle,0.0,0.05,12.700000000000001,576,1532,0.37597911227154046,0.7676509783712757
oracle,oracle,0.0,0.05,12.75,576,1532,0.37597911227154046,0.7676509783712757
oracle,oracle,0.0,0.05,12.8,576,1532,0.37597911227154046,0.7676509783712757
oracle,oracle,0.0,0.05,12.850000000000001,576,1532,0.37597911227154046,0.7676509783712757
oracle,oracle,0.0,0.05,12.9,576,1532,0.37597911227154046,0.7676509783712757
oracle,oracle,0.0,0.05,12.950000000000001,576,1532,0.37597911227154046,0.7676509783712757
oracle,oracle,0.0,0.05,13.0,576,1532,0.37597911227154046,0.7676509783712757
oracle,oracle,0.0,0.05,13.05,576,1532,0.37597911227154046,0.7676509783712757
oracle,oracle,0.0,0.05,13.100000000000001,576,1532,0.37597911227154046,0.7676509783712757
oracle,oracle,0.0,0.05,13.15,576,1532,0.37597911227154046,0.7676509783712757
oracle,oracle,0.0,0.05,13.200000000000001,576,1532,0.37597911227154046,0.7676509783712757
oracle,oracle,0.0,0.05,13.25,576,1532,0.37597911227154046,0.7676509783712757
oracle,oracle,0.0,0.05,13.3,576,1532,0.37597911227154046,0.7676509783712757
oracle,oracle,0.0,0.05,13.350000000000001,576,1532,0.37597911227154046,0.7676509783712757
oracle,oracle,0.0,0.05,13.4,576,1532,0.37597911227154046,0.7676509783712757
oracle,oracle,0.0,0.05,13.450000000000001,576,1532,0.37597911227154046,0.7676509783712757
oracle,oracle,0.0,0.05,13.5,576,1532,0.37597911227154046,0.7676509783712757
oracle,oracle,0.0,0.05,13.55,576,1532,0.37597911227154046,0.7676509783712757
oracle,oracle,0.0,0.05,13.600000000000001,576,1532,0.37597911227154046,0.7676509783712757
oracle,oracle,0.0,0.05,13.65,576,1532,0.37597911227154046,0.7676509783712757
oracle,oracle,0.0,0.05,13.700000000000001,576,1532,0.37597911227154046,0.7676509783712757
oracle,oracle,0.0,0.05,13.75,576,1532,0.37597911227154046,0.7676509783712757
oracle,oracle,0.0,0.05,13.8,576,1532,0.37597911227154046,0.7676509783712757
oracle,oracle,0.0,0.05,13.850000000000001,576,1532,0.37597911227154046,0.7676509783712757
oracle,oracle,0.0,0.05,13.9,576,1532,0.37597911227154046,0.7676509783712757
oracle,oracle,0.0,0.05,13.950000000000001,576,1532,0.37597911227154046,0.7676509783712757
oracle,oracle,0.0,0.05,14.0,576,1532,0.37597911227154046,0.7676509783712757
oracle,oracle,0.0,0.05,14.05,576,1532,0.37597911227154046,0.7676509783712757
oracle,oracle,0.0,0.05,14.100000000000001,576,1532,0.37597911227154046,0.7676509783712757
oracle,oracle,0.0,0.05,14.15,576,1532,0.37597911227154046,0.7676509783712757
oracle,oracle,0.0,0.05,14.200000000000001,576,1532,0.37597911227154046,0.7676509783712757
oracle,oracle,0.0,0.05,14.25,576,1532,0.37597911227154046,0.7676509783712757
oracle,oracle,0.0,0.05,14.3,576,1532,0.37597911227154046,0.7676509783712757
oracle,oracle,0.0,0.05,14.350000000000001,576,1532,0.37597911227154046,0.7676509783712757
oracle,oracle,0.0,0.05,14.4,576,1532,0.37597911227154046,0.7676509783712757
oracle,oracle,0.0,0.05,14.450000000000001,576,1532,0.37597911227154046,0.7676509783712757
oracle,oracle,0.0,0.05,14.5,576,1532,0.37597911227154046,0.7676509783712757
oracle,oracle,0.0,0.05,14.55,576,1532,0.37597911227154046,0.7676509783712757
oracle,oracle,0.0,0.05,14.600000000000001,576,1532,0.37597911227154046,0.7676509783712757
oracle,oracle,0.0,0.05,14.65,576,1532,0.37597911227154046,0.7676509783712757
oracle,oracle,0.0,0.05,14.700000000000001,576,1532,0.37597911227154046,0.7676509783712757
oracle,oracle,0.0,0.05,14.75,576,1532,0.37597911227154046,0.7676509783712757
oracle,oracle,0.0,0.05,14.8,576,1532,0.37597911227154046,0.7676509783712757
oracle,oracle,0.0,0.05,14.850000000000001,576,1532,0.37597911227154046,0.7676509783712757
oracle,oracle,0.0,0.05,14.9,576,1532,0.37597911227154046,0.7676509783712757
oracle,oracle,0.0,0.05,14.950000000000001,576,1532,0.37597911227154046,0.7676509783712757
oracle,oracle,0.0,0.05,15.0,576,1532,0.37597911227154046,0.7676509783712757
spatial_shift_js_0.05,spatial_shift,0.05,0.05,0.0,76,1532,0.04960835509138381,0.011122795102453328
spatial_shift_js_0.05,spatial_shift,0.05,0.05,0.05,77,1532,0.05026109660574413,0.011269173933804206
spatial_shift_js_0.05,spatial_shift,0.05,0.05,0.1,81,1532,0.05287206266318538,0.011854599566472253
spatial_shift_js_0.05,spatial_shift,0.05,0.05,0.15000000000000002,87,1532,0.05678851174934726,0.012732776061974886
spatial_shift_js_0.05,spatial_shift,0.05,0.05,0.2,92,1532,0.06005221932114883,0.013464564283537362
spatial_shift_js_0.05,spatial_shift,0.05,0.05,0.25,105,1532,0.0685378590078329,0.015367440601996879
spatial_shift_js_0.05,spatial_shift,0.05,0.05,0.30000000000000004,113,1532,0.0737597911227154,0.016538768272810093
spatial_shift_js_0.05,spatial_shift,0.05,0.05,0.35000000000000003,126,1532,0.08224543080939947,0.018442513737159914
spatial_shift_js_0.05,spatial_shift,0.05,0.05,0.4,137,1532,0.08942558746736293,0.020055437741584373
spatial_shift_js_0.05,spatial_shift,0.05,0.05,0.45,153,1532,0.09986945169712794,0.022405597618074043
spatial_shift_js_0.05,spatial_shift,0.05,0.05,0.5,168,1532,0.10966057441253264,0.024621186566866328
spatial_shift_js_0.05,spatial_shift,0.05,0.05,0.55,187,1532,0.12206266318537859,0.02746757943698658
spatial_shift_js_0.05,spatial_shift,0.05,0.05,0.6000000000000001,203,1532,0.1325065274151436,0.02993271851044136
spatial_shift_js_0.05,spatial_shift,0.05,0.05,0.65,216,1532,0.1409921671018277,0.03200893853765309
spatial_shift_js_0.05,spatial_shift,0.05,0.05,0.7000000000000001,224,1532,0.1462140992167102,0.03332684343332874
spatial_shift_js_0.05,spatial_shift,0.05,0.05,0.75,230,1532,0.15013054830287206,0.03437347506269568
spatial_shift_js_0.05,spatial_shift,0.05,0.05,0.8,232,1532,0.1514360313315927,0.03477439191499113
spatial_shift_js_0.05,spatial_shift,0.05,0.05,0.8500000000000001,234,1532,0.15274151436031333,0.035204303278478004
spatial_shift_js_0.05,spatial_shift,0.05,0.05,0.9,234,1532,0.15274151436031333,0.035204303278478004
spatial_shift_js_0.05,spatial_shift,0.05,0.05,0.9500000000000001,234,1532,0.15274151436031333,0.035204303278478004
spatial_shift_js_0.05,spatial_shift,0.05,0.05,1.0,235,1532,0.15339425587467362,0.037834685342832915
spatial_shift_js_0.05,spatial_shift,0.05,0.05,1.05,260,1532,0.16971279373368145,0.09695900968178942
spatial_shift_js_0.05,spatial_shift,0.05,0.05,1.1,271,1532,0.1768929503916449,0.1281860398240282
spatial_shift_js_0.05,spatial_shift,0.05,0.05,1.1500000000000001,284,1532,0.185378590078329,0.16926030003583165
spatial_shift_js_0.05,spatial_shift,0.05,0.05,1.2000000000000002,297,1532,0.19386422976501305,0.2099202071569485
spatial_shift_js_0.05,spatial_shift,0.05,0.05,1.25,309,1532,0.20169712793733682,0.24892568379062988
spatial_shift_js_0.05,spatial_shift,0.05,0.05,1.3,317,1532,0.20691906005221933,0.2780777297366347
spatial_shift_js_0.05,spatial_shift,0.05,0.05,1.35,324,1532,0.21148825065274152,0.3038399596732902
spatial_shift_js_0.05,spatial_shift,0.05,0.05,1.4000000000000001,329,1532,0.21475195822454307,0.32036529553814097
spatial_shift_js_0.05,spatial_shift,0.05,0.05,1.4500000000000002,335,1532,0.21866840731070497,0.33842617951555437
spatial_shift_js_0.05,spatial_shift,0.05,0.05,1.5,341,1532,0.22258485639686684,0.3579506686623128
spatial_shift_js_0.05,spatial_shift,0.05,0.05,1.55,343,1532,0.22389033942558748,0.3630343329468532
spatial_shift_js_0.05,spatial_shift,0.05,0.05,1.6,345,1532,0.22519582245430808,0.367773382983323
spatial_shift_js_0.05,spatial_shift,0.05,0.05,1.6500000000000001,347,1532,0.22650130548302871,0.3743773676148692
spatial_shift_js_0.05,spatial_shift,0.05,0.05,1.7000000000000002,348,1532,0.22715404699738903,0.3765134291219632
spatial_shift_js_0.05,spatial_shift,0.05,0.05,1.75,350,1532,0.22845953002610966,0.38064107224346244
spatial_shift_js_0.05,spatial_shift,0.05,0.05,1.8,352,1532,0.2297650130548303,0.3844953019184058
spatial_shift_js_0.05,spatial_shift,0.05,0.05,1.85,353,1532,0.2304177545691906,0.3861775480805488
spatial_shift_js_0.05,spatial_shift,0.05,0.05,1.9000000000000001,358,1532,0.23368146214099217,0.39392041824326657
spatial_shift_js_0.05,spatial_shift,0.05,0.05,1.9500000000000002,361,1532,0.23563968668407312,0.39796420175084857
spatial_shift_js_0.05,spatial_shift,0.05,0.05,2.0,366,1532,0.23890339425587467,0.40341625220188565
spatial_shift_js_0.05,spatial_shift,0.05,0.05,2.0500000000000003,370,1532,0.24151436031331594,0.4070679894198904
spatial_shift_js_0.05,spatial_shift,0.05,0.05,2.1,376,1532,0.2454308093994778,0.41150150733159824
spatial_shift_js_0.05,spatial_shift,0.05,0.05,2.15,383,1532,0.25,0.41536942606653143
spatial_shift_js_0.05,spatial_shift,0.05,0.05,2.2,391,1532,0.25522193211488253,0.41880779455047124
spatial_shift_js_0.05,spatial_shift,0.05,0.05,2.25,395,1532,0.25783289817232374,0.4202345638599894
spatial_shift_js_0.05,spatial_shift,0.05,0.05,2.3000000000000003,400,1532,0.26109660574412535,0.4217540694541933
spatial_shift_js_0.05,spatial_shift,0.05,0.05,2.35,403,1532,0.2630548302872063,0.42252588575535155
spatial_shift_js_0.05,spatial_shift,0.05,0.05,2.4000000000000004,405,1532,0.2643603133159269,0.423003530477513
spatial_shift_js_0.05,spatial_shift,0.05,0.05,2.45,406,1532,0.2650130548302872,0.4232295827764723
spatial_shift_js_0.05,spatial_shift,0.05,0.05,2.5,407,1532,0.26566579634464754,0.42373899099690776
spatial_shift_js_0.05,spatial_shift,0.05,0.05,2.5500000000000003,407,1532,0.26566579634464754,0.42373899099690776
spatial_shift_js_0.05,spatial_shift,0.05,0.05,2.6,408,1532,0.26631853785900783,0.4243221404179315
spatial_shift_js_0.05,spatial_shift,0.05,0.05,2.6500000000000004,409,1532,0.2669712793733681,0.4249749288976492
spatial_shift_js_0.05,spatial_shift,0.05,0.05,2.7,410,1532,0.26762402088772846,0.42585433693599223
spatial_shift_js_0.05,spatial_shift,0.05,0.05,2.75,410,1532,0.26762402088772846,0.42585433693599223
spatial_shift_js_0.05,spatial_shift,0.05,0.05,2.8000000000000003,411,1532,0.26827676240208875,0.4268197585452926
spatial_shift_js_0.05,spatial_shift,0.05,0.05,2.85,411,1532,0.26827676240208875,0.4268197585452926
spatial_shift_js_0.05,spatial_shift,0.05,0.05,2.9000000000000004,412,1532,0.2689295039164491,0.42810865123831604
spatial_shift_js_0.05,spatial_shift,0.05,0.05,2.95,412,1532,0.2689295039164491,0.42810865123831604
spatial_shift_js_0.05,spatial_shift,0.05,0.05,3.0,412,1532,0.2689295039164491,0.42810865123831604
spatial_shift_js_0.05,spatial_shift,0.05,0.05,3.0500000000000003,412,1532,0.2689295039164491,0.42810865123831604
spatial_shift_js_0.05,spatial_shift,0.05,0.05,3.1,412,1532,0.2689295039164491,0.42810865123831604
spatial_shift_js_0.05,spatial_shift,0.05,0.05,3.1500000000000004,412,1532,0.2689295039164491,0.42810865123831604
spatial_shift_js_0.05,spatial_shift,0.05,0.05,3.2,412,1532,0.2689295039164491,0.42810865123831604
spatial_shift_js_0.05,spatial_shift,0.05,0.05,3.25,412,1532,0.2689295039164491,0.42810865123831604
spatial_shift_js_0.05,spatial_shift,0.05,0.05,3.3000000000000003,412,1532,0.2689295039164491,0.42810865123831604
spatial_shift_js_0.05,spatial_shift,0.05,0.05,3.35,412,1532,0.2689295039164491,0.42810865123831604
spatial_shift_js_0.05,spatial_shift,0.05,0.05,3.4000000000000004,412,1532,0.2689295039164491,0.42810865123831604
spatial_shift_js_0.05,spatial_shift,0.05,0.05,3.45,413,1532,0.2695822454308094,0.4286180594587515
spatial_shift_js_0.05,spatial_shift,0.05,0.05,3.5,415,1532,0.27088772845953,0.43016933581565553
spatial_shift_js_0.05,spatial_shift,0.05,0.05,3.5500000000000003,421,1532,0.2748041775456919,0.4366799501635789
spatial_shift_js_0.05,spatial_shift,0.05,0.05,3.6,426,1532,0.2780678851174935,0.4448777058339772
spatial_shift_js_0.05,spatial_shift,0.05,0.05,3.6500000000000004,434,1532,0.283289817232376,0.45668856348873577
spatial_shift_js_0.05,spatial_shift,0.05,0.05,3.7,437,1532,0.28524804177545693,0.45998052898533
spatial_shift_js_0.05,spatial_shift,0.05,0.05,3.75,446,1532,0.29112271540469975,0.478321165316706
spatial_shift_js_0.05,spatial_shift,0.05,0.05,3.8000000000000003,456,1532,0.29765013054830286,0.5034994673621315
spatial_shift_js_0.05,spatial_shift,0.05,0.05,3.85,465,1532,0.3035248041775457,0.5233646338953671
spatial_shift_js_0.05,spatial_shift,0.05,0.05,3.9000000000000004,473,1532,0.3087467362924282,0.5458994728318189
spatial_shift_js_0.05,spatial_shift,0.05,0.05,3.95,482,1532,0.31462140992167104,0.5702649762878793
spatial_shift_js_0.05,spatial_shift,0.05,0.05,4.0,487,1532,0.3178851174934726,0.585875980848634
spatial_shift_js_0.05,spatial_shift,0.05,0.05,4.05,497,1532,0.3244125326370757,0.6058047715450084
spatial_shift_js_0.05,spatial_shift,0.05,0.05,4.1000000000000005,505,1532,0.32963446475195823,0.6221139111184455
spatial_shift_js_0.05,spatial_shift,0.05,0.05,4.15,513,1532,0.3348563968668407,0.632195956916446
spatial_shift_js_0.05,spatial_shift,0.05,0.05,4.2,521,1532,0.34007832898172324,0.6419216623227829
spatial_shift_js_0.05,spatial_shift,0.05,0.05,4.25,532,1532,0.3472584856396867,0.650893026569792
spatial_shift_js_0.05,spatial_shift,0.05,0.05,4.3,542,1532,0.3537859007832898,0.6568092894870212
spatial_shift_js_0.05,spatial_shift,0.05,0.05,4.3500000000000005,547,1532,0.35704960835509136,0.6583836602338556
spatial_shift_js_0.05,spatial_shift,0.05,0.05,4.4,549,1532,0.358355091383812,0.6588757758654793
spatial_shift_js_0.05,spatial_shift,0.05,0.05,4.45,549,1532,0.358355091383812,0.6588757758654793
spatial_shift_js_0.05,spatial_shift,0.05,0.05,4.5,549,1532,0.358355091383812,0.6588757758654793
spatial_shift_js_0.05,spatial_shift,0.05,0.05,4.55,549,1532,0.358355091383812,0.6588757758654793
spatial_shift_js_0.05,spatial_shift,0.05,0.05,4.6000000000000005,549,1532,0.358355091383812,0.6588757758654793
spatial_shift_js_0.05,spatial_shift,0.05,0.05,4.65,549,1532,0.358355091383812,0.6588757758654793
spatial_shift_js_0.05,spatial_shift,0.05,0.05,4.7,549,1532,0.358355091383812,0.6588757758654793
spatial_shift_js_0.05,spatial_shift,0.05,0.05,4.75,549,1532,0.358355091383812,0.6588757758654793
spatial_shift_js_0.05,spatial_shift,0.05,0.05,4.800000000000001,549,1532,0.358355091383812,0.6588757758654793
spatial_shift_js_0.05,spatial_shift,0.05,0.05,4.8500000000000005,549,1532,0.358355091383812,0.6588757758654793
spatial_shift_js_0.05,spatial_shift,0.05,0.05,4.9,549,1532,0.358355091383812,0.6588757758654793
spatial_shift_js_0.05,spatial_shift,0.05,0.05,4.95,549,1532,0.358355091383812,0.6588757758654793
spatial_shift_js_0.05,spatial_shift,0.05,0.05,5.0,549,1532,0.358355091383812,0.6588757758654793
spatial_shift_js_0.05,spatial_shift,0.05,0.05,5.050000000000001,549,1532,0.358355091383812,0.6588757758654793
spatial_shift_js_0.05,spatial_shift,0.05,0.05,5.1000000000000005,549,1532,0.358355091383812,0.6588757758654793
spatial_shift_js_0.05,spatial_shift,0.05,0.05,5.15,550,1532,0.35900783289817234,0.659443066543187
spatial_shift_js_0.05,spatial_shift,0.05,0.05,5.2,551,1532,0.35966057441253263,0.6600103572208944
spatial_shift_js_0.05,spatial_shift,0.05,0.05,5.25,552,1532,0.360313315926893,0.6605623649348387
spatial_shift_js_0.05,spatial_shift,0.05,0.05,5.300000000000001,555,1532,0.3622715404699739,0.6626197101393281
spatial_shift_js_0.05,spatial_shift,0.05,0.05,5.3500000000000005,557,1532,0.36357702349869453,0.6639847101726629
spatial_shift_js_0.05,spatial_shift,0.05,0.05,5.4,558,1532,0.3642297650130548,0.6649501317819634
spatial_shift_js_0.05,spatial_shift,0.05,0.05,5.45,559,1532,0.36488250652741516,0.6658295398203062
spatial_shift_js_0.05,spatial_shift,0.05,0.05,5.5,559,1532,0.36488250652741516,0.6658295398203062
spatial_shift_js_0.05,spatial_shift,0.05,0.05,5.550000000000001,559,1532,0.36488250652741516,0.6658295398203062
spatial_shift_js_0.05,spatial_shift,0.05,0.05,5.6000000000000005,559,1532,0.36488250652741516,0.6658295398203062
spatial_shift_js_0.05,spatial_shift,0.05,0.05,5.65,559,1532,0.36488250652741516,0.6658295398203062
spatial_shift_js_0.05,spatial_shift,0.05,0.05,5.7,559,1532,0.36488250652741516,0.6658295398203062
spatial_shift_js_0.05,spatial_shift,0.05,0.05,5.75,559,1532,0.36488250652741516,0.6658295398203062
spatial_shift_js_0.05,spatial_shift,0.05,0.05,5.800000000000001,559,1532,0.36488250652741516,0.6658295398203062
spatial_shift_js_0.05,spatial_shift,0.05,0.05,5.8500000000000005,559,1532,0.36488250652741516,0.6658295398203062
spatial_shift_js_0.05,spatial_shift,0.05,0.05,5.9,559,1532,0.36488250652741516,0.6658295398203062
spatial_shift_js_0.05,spatial_shift,0.05,0.05,5.95,559,1532,0.36488250652741516,0.6658295398203062
spatial_shift_js_0.05,spatial_shift,0.05,0.05,6.0,559,1532,0.36488250652741516,0.6658295398203062
spatial_shift_js_0.05,spatial_shift,0.05,0.05,6.050000000000001,559,1532,0.36488250652741516,0.6658295398203062
spatial_shift_js_0.05,spatial_shift,0.05,0.05,6.1000000000000005,559,1532,0.36488250652741516,0.6658295398203062
spatial_shift_js_0.05,spatial_shift,0.05,0.05,6.15,559,1532,0.36488250652741516,0.6658295398203062
spatial_shift_js_0.05,spatial_shift,0.05,0.05,6.2,559,1532,0.36488250652741516,0.6658295398203062
spatial_shift_js_0.05,spatial_shift,0.05,0.05,6.25,559,1532,0.36488250652741516,0.6658295398203062
spatial_shift_js_0.05,spatial_shift,0.05,0.05,6.300000000000001,559,1532,0.36488250652741516,0.6658295398203062
spatial_shift_js_0.05,spatial_shift,0.05,0.05,6.3500000000000005,560,1532,0.36553524804177545,0.6697069323912391
spatial_shift_js_0.05,spatial_shift,0.05,0.05,6.4,560,1532,0.36553524804177545,0.6697069323912391
spatial_shift_js_0.05,spatial_shift,0.05,0.05,6.45,561,1532,0.3661879895561358,0.6730712781882847
spatial_shift_js_0.05,spatial_shift,0.05,0.05,6.5,563,1532,0.3674934725848564,0.6788142026766157
spatial_shift_js_0.05,spatial_shift,0.05,0.05,6.550000000000001,565,1532,0.368798955613577,0.683472536463582
spatial_shift_js_0.05,spatial_shift,0.05,0.05,6.6000000000000005,566,1532,0.36945169712793735,0.6852726911294059
spatial_shift_js_0.05,spatial_shift,0.05,0.05,6.65,568,1532,0.370757180156658,0.6889976132639242
spatial_shift_js_0.05,spatial_shift,0.05,0.05,6.7,570,1532,0.3720626631853786,0.6917971705854358
spatial_shift_js_0.05,spatial_shift,0.05,0.05,6.75,572,1532,0.3733681462140992,0.6942816515132698
spatial_shift_js_0.05,spatial_shift,0.05,0.05,6.800000000000001,573,1532,0.37402088772845954,0.6953431791304706
spatial_shift_js_0.05,spatial_shift,0.05,0.05,6.8500000000000005,574,1532,0.37467362924281983,0.6963714796430394
spatial_shift_js_0.05,spatial_shift,0.05,0.05,6.9,574,1532,0.37467362924281983,0.6963714796430394
spatial_shift_js_0.05,spatial_shift,0.05,0.05,6.95,574,1532,0.37467362924281983,0.6963714796430394
spatial_shift_js_0.05,spatial_shift,0.05,0.05,7.0,574,1532,0.37467362924281983,0.6963714796430394
spatial_shift_js_0.05,spatial_shift,0.05,0.05,7.050000000000001,574,1532,0.37467362924281983,0.6963714796430394
spatial_shift_js_0.05,spatial_shift,0.05,0.05,7.1000000000000005,574,1532,0.37467362924281983,0.6963714796430394
spatial_shift_js_0.05,spatial_shift,0.05,0.05,7.15,574,1532,0.37467362924281983,0.6963714796430394
spatial_shift_js_0.05,spatial_shift,0.05,0.05,7.2,574,1532,0.37467362924281983,0.6963714796430394
spatial_shift_js_0.05,spatial_shift,0.05,0.05,7.25,574,1532,0.37467362924281983,0.6963714796430394
spatial_shift_js_0.05,spatial_shift,0.05,0.05,7.300000000000001,574,1532,0.37467362924281983,0.6963714796430394
spatial_shift_js_0.05,spatial_shift,0.05,0.05,7.3500000000000005,574,1532,0.37467362924281983,0.6963714796430394
spatial_shift_js_0.05,spatial_shift,0.05,0.05,7.4,574,1532,0.37467362924281983,0.6963714796430394
spatial_shift_js_0.05,spatial_shift,0.05,0.05,7.45,574,1532,0.37467362924281983,0.6963714796430394
spatial_shift_js_0.05,spatial_shift,0.05,0.05,7.5,574,1532,0.37467362924281983,0.6963714796430394
spatial_shift_js_0.05,spatial_shift,0.05,0.05,7.550000000000001,574,1532,0.37467362924281983,0.6963714796430394
spatial_shift_js_0.05,spatial_shift,0.05,0.05,7.6000000000000005,574,1532,0.37467362924281983,0.6963714796430394
spatial_shift_js_0.05,spatial_shift,0.05,0.05,7.65,574,1532,0.37467362924281983,0.6963714796430394
spatial_shift_js_0.05,spatial_shift,0.05,0.05,7.7,574,1532,0.37467362924281983,0.6963714796430394
spatial_shift_js_0.05,spatial_shift,0.05,0.05,7.75,574,1532,0.37467362924281983,0.6963714796430394
spatial_shift_js_0.05,spatial_shift,0.05,0.05,7.800000000000001,574,1532,0.37467362924281983,0.6963714796430394
spatial_shift_js_0.05,spatial_shift,0.05,0.05,7.8500000000000005,574,1532,0.37467362924281983,0.6963714796430394
spatial_shift_js_0.05,spatial_shift,0.05,0.05,7.9,574,1532,0.37467362924281983,0.6963714796430394
spatial_shift_js_0.05,spatial_shift,0.05,0.05,7.95,574,1532,0.37467362924281983,0.6963714796430394
spatial_shift_js_0.05,spatial_shift,0.05,0.05,8.0,574,1532,0.37467362924281983,0.6963714796430394
spatial_shift_js_0.05,spatial_shift,0.05,0.05,8.05,574,1532,0.37467362924281983,0.6963714796430394
spatial_shift_js_0.05,spatial_shift,0.05,0.05,8.1,574,1532,0.37467362924281983,0.6963714796430394
spatial_shift_js_0.05,spatial_shift,0.05,0.05,8.15,574,1532,0.37467362924281983,0.6963714796430394
spatial_shift_js_0.05,spatial_shift,0.05,0.05,8.200000000000001,574,1532,0.37467362924281983,0.6963714796430394
spatial_shift_js_0.05,spatial_shift,0.05,0.05,8.25,574,1532,0.37467362924281983,0.6963714796430394
spatial_shift_js_0.05,spatial_shift,0.05,0.05,8.3,574,1532,0.37467362924281983,0.6963714796430394
spatial_shift_js_0.05,spatial_shift,0.05,0.05,8.35,574,1532,0.37467362924281983,0.6963714796430394
spatial_shift_js_0.05,spatial_shift,0.05,0.05,8.4,574,1532,0.37467362924281983,0.6963714796430394
spatial_shift_js_0.05,spatial_shift,0.05,0.05,8.450000000000001,574,1532,0.37467362924281983,0.6963714796430394
spatial_shift_js_0.05,spatial_shift,0.05,0.05,8.5,574,1532,0.37467362924281983,0.6963714796430394
spatial_shift_js_0.05,spatial_shift,0.05,0.05,8.55,574,1532,0.37467362924281983,0.6963714796430394
spatial_shift_js_0.05,spatial_shift,0.05,0.05,8.6,574,1532,0.37467362924281983,0.6963714796430394
spatial_shift_js_0.05,spatial_shift,0.05,0.05,8.65,574,1532,0.37467362924281983,0.6963714796430394
spatial_shift_js_0.05,spatial_shift,0.05,0.05,8.700000000000001,574,1532,0.37467362924281983,0.6963714796430394
spatial_shift_js_0.05,spatial_shift,0.05,0.05,8.75,574,1532,0.37467362924281983,0.6963714796430394
spatial_shift_js_0.05,spatial_shift,0.05,0.05,8.8,574,1532,0.37467362924281983,0.6963714796430394
spatial_shift_js_0.05,spatial_shift,0.05,0.05,8.85,574,1532,0.37467362924281983,0.6963714796430394
spatial_shift_js_0.05,spatial_shift,0.05,0.05,8.9,574,1532,0.37467362924281983,0.6963714796430394
spatial_shift_js_0.05,spatial_shift,0.05,0.05,8.950000000000001,574,1532,0.37467362924281983,0.6963714796430394
spatial_shift_js_0.05,spatial_shift,0.05,0.05,9.0,574,1532,0.37467362924281983,0.6963714796430394
spatial_shift_js_0.05,spatial_shift,0.05,0.05,9.05,574,1532,0.37467362924281983,0.6963714796430394
spatial_shift_js_0.05,spatial_shift,0.05,0.05,9.1,574,1532,0.37467362924281983,0.6963714796430394
spatial_shift_js_0.05,spatial_shift,0.05,0.05,9.15,574,1532,0.37467362924281983,0.6963714796430394
spatial_shift_js_0.05,spatial_shift,0.05,0.05,9.200000000000001,574,1532,0.37467362924281983,0.6963714796430394
spatial_shift_js_0.05,spatial_shift,0.05,0.05,9.25,574,1532,0.37467362924281983,0.6963714796430394
spatial_shift_js_0.05,spatial_shift,0.05,0.05,9.3,574,1532,0.37467362924281983,0.6963714796430394
spatial_shift_js_0.05,spatial_shift,0.05,0.05,9.35,574,1532,0.37467362924281983,0.6963714796430394
spatial_shift_js_0.05,spatial_shift,0.05,0.05,9.4,574,1532,0.37467362924281983,0.6963714796430394
spatial_shift_js_0.05,spatial_shift,0.05,0.05,9.450000000000001,574,1532,0.37467362924281983,0.6963714796430394
spatial_shift_js_0.05,spatial_shift,0.05,0.05,9.5,574,1532,0.37467362924281983,0.6963714796430394
spatial_shift_js_0.05,spatial_shift,0.05,0.05,9.55,574,1532,0.37467362924281983,0.6963714796430394
spatial_shift_js_0.05,spatial_shift,0.05,0.05,9.600000000000001,574,1532,0.37467362924281983,0.6963714796430394
spatial_shift_js_0.05,spatial_shift,0.05,0.05,9.65,574,1532,0.37467362924281983,0.6963714796430394
spatial_shift_js_0.05,spatial_shift,0.05,0.05,9.700000000000001,574,1532,0.37467362924281983,0.6963714796430394
spatial_shift_js_0.05,spatial_shift,0.05,0.05,9.75,574,1532,0.37467362924281983,0.6963714796430394
spatial_shift_js_0.05,spatial_shift,0.05,0.05,9.8,574,1532,0.37467362924281983,0.6963714796430394
spatial_shift_js_0.05,spatial_shift,0.05,0.05,9.850000000000001,574,1532,0.37467362924281983,0.6963714796430394
spatial_shift_js_0.05,spatial_shift,0.05,0.05,9.9,574,1532,0.37467362924281983,0.6963714796430394
spatial_shift_js_0.05,spatial_shift,0.05,0.05,9.950000000000001,574,1532,0.37467362924281983,0.6963714796430394
spatial_shift_js_0.05,spatial_shift,0.05,0.05,10.0,574,1532,0.37467362924281983,0.6963714796430394
spatial_shift_js_0.05,spatial_shift,0.05,0.05,10.05,574,1532,0.37467362924281983,0.6963714796430394
spatial_shift_js_0.05,spatial_shift,0.05,0.05,10.100000000000001,574,1532,0.37467362924281983,0.6963714796430394
spatial_shift_js_0.05,spatial_shift,0.05,0.05,10.15,574,1532,0.37467362924281983,0.6963714796430394
spatial_shift_js_0.05,spatial_shift,0.05,0.05,10.200000000000001,574,1532,0.37467362924281983,0.6963714796430394
spatial_shift_js_0.05,spatial_shift,0.05,0.05,10.25,574,1532,0.37467362924281983,0.6963714796430394
spatial_shift_js_0.05,spatial_shift,0.05,0.05,10.3,574,1532,0.37467362924281983,0.6963714796430394
spatial_shift_js_0.05,spatial_shift,0.05,0.05,10.350000000000001,574,1532,0.37467362924281983,0.6963714796430394
spatial_shift_js_0.05,spatial_shift,0.05,0.05,10.4,574,1532,0.37467362924281983,0.6963714796430394
spatial_shift_js_0.05,spatial_shift,0.05,0.05,10.450000000000001,574,1532,0.37467362924281983,0.6963714796430394
spatial_shift_js_0.05,spatial_shift,0.05,0.05,10.5,574,1532,0.37467362924281983,0.6963714796430394
spatial_shift_js_0.05,spatial_shift,0.05,0.05,10.55,574,1532,0.37467362924281983,0.6963714796430394
spatial_shift_js_0.05,spatial_shift,0.05,0.05,10.600000000000001,574,1532,0.37467362924281983,0.6963714796430394
spatial_shift_js_0.05,spatial_shift,0.05,0.05,10.65,574,1532,0.37467362924281983,0.6963714796430394
spatial_shift_js_0.05,spatial_shift,0.05,0.05,10.700000000000001,574,1532,0.37467362924281983,0.6963714796430394
spatial_shift_js_0.05,spatial_shift,0.05,0.05,10.75,574,1532,0.37467362924281983,0.6963714796430394
spatial_shift_js_0.05,spatial_shift,0.05,0.05,10.8,574,1532,0.37467362924281983,0.6963714796430394
spatial_shift_js_0.05,spatial_shift,0.05,0.05,10.850000000000001,574,1532,0.37467362924281983,0.6963714796430394
spatial_shift_js_0.05,spatial_shift,0.05,0.05,10.9,574,1532,0.37467362924281983,0.6963714796430394
spatial_shift_js_0.05,spatial_shift,0.05,0.05,10.950000000000001,574,1532,0.37467362924281983,0.6963714796430394
spatial_shift_js_0.05,spatial_shift,0.05,0.05,11.0,574,1532,0.37467362924281983,0.6963714796430394
spatial_shift_js_0.05,spatial_shift,0.05,0.05,11.05,574,1532,0.37467362924281983,0.6963714796430394
spatial_shift_js_0.05,spatial_shift,0.05,0.05,11.100000000000001,574,1532,0.37467362924281983,0.6963714796430394
spatial_shift_js_0.05,spatial_shift,0.05,0.05,11.15,574,1532,0.37467362924281983,0.6963714796430394
spatial_shift_js_0.05,spatial_shift,0.05,0.05,11.200000000000001,574,1532,0.37467362924281983,0.6963714796430394
spatial_shift_js_0.05,spatial_shift,0.05,0.05,11.25,574,1532,0.37467362924281983,0.6963714796430394
spatial_shift_js_0.05,spatial_shift,0.05,0.05,11.3,574,1532,0.37467362924281983,0.6963714796430394
spatial_shift_js_0.05,spatial_shift,0.05,0.05,11.350000000000001,574,1532,0.37467362924281983,0.6963714796430394
spatial_shift_js_0.05,spatial_shift,0.05,0.05,11.4,574,1532,0.37467362924281983,0.6963714796430394
spatial_shift_js_0.05,spatial_shift,0.05,0.05,11.450000000000001,574,1532,0.37467362924281983,0.6963714796430394
spatial_shift_js_0.05,spatial_shift,0.05,0.05,11.5,574,1532,0.37467362924281983,0.6963714796430394
spatial_shift_js_0.05,spatial_shift,0.05,0.05,11.55,574,1532,0.37467362924281983,0.6963714796430394
spatial_shift_js_0.05,spatial_shift,0.05,0.05,11.600000000000001,574,1532,0.37467362924281983,0.6963714796430394
spatial_shift_js_0.05,spatial_shift,0.05,0.05,11.65,574,1532,0.37467362924281983,0.6963714796430394
spatial_shift_js_0.05,spatial_shift,0.05,0.05,11.700000000000001,574,1532,0.37467362924281983,0.6963714796430394
spatial_shift_js_0.05,spatial_shift,0.05,0.05,11.75,574,1532,0.37467362924281983,0.6963714796430394
spatial_shift_js_0.05,spatial_shift,0.05,0.05,11.8,574,1532,0.37467362924281983,0.6963714796430394
spatial_shift_js_0.05,spatial_shift,0.05,0.05,11.850000000000001,574,1532,0.37467362924281983,0.6963714796430394
spatial_shift_js_0.05,spatial_shift,0.05,0.05,11.9,574,1532,0.37467362924281983,0.6963714796430394
spatial_shift_js_0.05,spatial_shift,0.05,0.05,11.950000000000001,574,1532,0.37467362924281983,0.6963714796430394
spatial_shift_js_0.05,spatial_shift,0.05,0.05,12.0,574,1532,0.37467362924281983,0.6963714796430394
spatial_shift_js_0.05,spatial_shift,0.05,0.05,12.05,574,1532,0.37467362924281983,0.6963714796430394
spatial_shift_js_0.05,spatial_shift,0.05,0.05,12.100000000000001,574,1532,0.37467362924281983,0.6963714796430394
spatial_shift_js_0.05,spatial_shift,0.05,0.05,12.15,574,1532,0.37467362924281983,0.6963714796430394
spatial_shift_js_0.05,spatial_shift,0.05,0.05,12.200000000000001,574,1532,0.37467362924281983,0.6963714796430394
spatial_shift_js_0.05,spatial_shift,0.05,0.05,12.25,574,1532,0.37467362924281983,0.6963714796430394
spatial_shift_js_0.05,spatial_shift,0.05,0.05,12.3,574,1532,0.37467362924281983,0.6963714796430394
spatial_shift_js_0.05,spatial_shift,0.05,0.05,12.350000000000001,574,1532,0.37467362924281983,0.6963714796430394
spatial_shift_js_0.05,spatial_shift,0.05,0.05,12.4,574,1532,0.37467362924281983,0.6963714796430394
spatial_shift_js_0.05,spatial_shift,0.05,0.05,12.450000000000001,574,1532,0.37467362924281983,0.6963714796430394
spatial_shift_js_0.05,spatial_shift,0.05,0.05,12.5,574,1532,0.37467362924281983,0.6963714796430394
spatial_shift_js_0.05,spatial_shift,0.05,0.05,12.55,574,1532,0.37467362924281983,0.6963714796430394
spatial_shift_js_0.05,spatial_shift,0.05,0.05,12.600000000000001,574,1532,0.37467362924281983,0.6963714796430394
spatial_shift_js_0.05,spatial_shift,0.05,0.05,12.65,574,1532,0.37467362924281983,0.6963714796430394
spatial_shift_js_0.05,spatial_shift,0.05,0.05,12.700000000000001,574,1532,0.37467362924281983,0.6963714796430394
spatial_shift_js_0.05,spatial_shift,0.05,0.05,12.75,574,1532,0.37467362924281983,0.6963714796430394
spatial_shift_js_0.05,spatial_shift,0.05,0.05,12.8,574,1532,0.37467362924281983,0.6963714796430394
spatial_shift_js_0.05,spatial_shift,0.05,0.05,12.850000000000001,574,1532,0.37467362924281983,0.6963714796430394
spatial_shift_js_0.05,spatial_shift,0.05,0.05,12.9,574,1532,0.37467362924281983,0.6963714796430394
spatial_shift_js_0.05,spatial_shift,0.05,0.05,12.950000000000001,574,1532,0.37467362924281983,0.6963714796430394
spatial_shift_js_0.05,spatial_shift,0.05,0.05,13.0,574,1532,0.37467362924281983,0.6963714796430394
spatial_shift_js_0.05,spatial_shift,0.05,0.05,13.05,574,1532,0.37467362924281983,0.6963714796430394
spatial_shift_js_0.05,spatial_shift,0.05,0.05,13.100000000000001,574,1532,0.37467362924281983,0.6963714796430394
spatial_shift_js_0.05,spatial_shift,0.05,0.05,13.15,574,1532,0.37467362924281983,0.6963714796430394
spatial_shift_js_0.05,spatial_shift,0.05,0.05,13.200000000000001,574,1532,0.37467362924281983,0.6963714796430394
spatial_shift_js_0.05,spatial_shift,0.05,0.05,13.25,574,1532,0.37467362924281983,0.6963714796430394
spatial_shift_js_0.05,spatial_shift,0.05,0.05,13.3,574,1532,0.37467362924281983,0.6963714796430394
spatial_shift_js_0.05,spatial_shift,0.05,0.05,13.350000000000001,574,1532,0.37467362924281983,0.6963714796430394
spatial_shift_js_0.05,spatial_shift,0.05,0.05,13.4,574,1532,0.37467362924281983,0.6963714796430394
spatial_shift_js_0.05,spatial_shift,0.05,0.05,13.450000000000001,574,1532,0.37467362924281983,0.6963714796430394
spatial_shift_js_0.05,spatial_shift,0.05,0.05,13.5,574,1532,0.37467362924281983,0.6963714796430394
spatial_shift_js_0.05,spatial_shift,0.05,0.05,13.55,574,1532,0.37467362924281983,0.6963714796430394
spatial_shift_js_0.05,spatial_shift,0.05,0.05,13.600000000000001,574,1532,0.37467362924281983,0.6963714796430394
spatial_shift_js_0.05,spatial_shift,0.05,0.05,13.65,574,1532,0.37467362924281983,0.6963714796430394
spatial_shift_js_0.05,spatial_shift,0.05,0.05,13.700000000000001,574,1532,0.37467362924281983,0.6963714796430394
spatial_shift_js_0.05,spatial_shift,0.05,0.05,13.75,574,1532,0.37467362924281983,0.6963714796430394
spatial_shift_js_0.05,spatial_shift,0.05,0.05,13.8,574,1532,0.37467362924281983,0.6963714796430394
spatial_shift_js_0.05,spatial_shift,0.05,0.05,13.850000000000001,574,1532,0.37467362924281983,0.6963714796430394
spatial_shift_js_0.05,spatial_shift,0.05,0.05,13.9,574,1532,0.37467362924281983,0.6963714796430394
spatial_shift_js_0.05,spatial_shift,0.05,0.05,13.950000000000001,574,1532,0.37467362924281983,0.6963714796430394
spatial_shift_js_0.05,spatial_shift,0.05,0.05,14.0,574,1532,0.37467362924281983,0.6963714796430394
spatial_shift_js_0.05,spatial_shift,0.05,0.05,14.05,574,1532,0.37467362924281983,0.6963714796430394
spatial_shift_js_0.05,spatial_shift,0.05,0.05,14.100000000000001,574,1532,0.37467362924281983,0.6963714796430394
spatial_shift_js_0.05,spatial_shift,0.05,0.05,14.15,574,1532,0.37467362924281983,0.6963714796430394
spatial_shift_js_0.05,spatial_shift,0.05,0.05,14.200000000000001,574,1532,0.37467362924281983,0.6963714796430394
spatial_shift_js_0.05,spatial_shift,0.05,0.05,14.25,574,1532,0.37467362924281983,0.6963714796430394
spatial_shift_js_0.05,spatial_shift,0.05,0.05,14.3,574,1532,0.37467362924281983,0.6963714796430394
spatial_shift_js_0.05,spatial_shift,0.05,0.05,14.350000000000001,574,1532,0.37467362924281983,0.6963714796430394
spatial_shift_js_0.05,spatial_shift,0.05,0.05,14.4,574,1532,0.37467362924281983,0.6963714796430394
spatial_shift_js_0.05,spatial_shift,0.05,0.05,14.450000000000001,574,1532,0.37467362924281983,0.6963714796430394
spatial_shift_js_0.05,spatial_shift,0.05,0.05,14.5,574,1532,0.37467362924281983,0.6963714796430394
spatial_shift_js_0.05,spatial_shift,0.05,0.05,14.55,574,1532,0.37467362924281983,0.6963714796430394
spatial_shift_js_0.05,spatial_shift,0.05,0.05,14.600000000000001,574,1532,0.37467362924281983,0.6963714796430394
spatial_shift_js_0.05,spatial_shift,0.05,0.05,14.65,574,1532,0.37467362924281983,0.6963714796430394
spatial_shift_js_0.05,spatial_shift,0.05,0.05,14.700000000000001,574,1532,0.37467362924281983,0.6963714796430394
spatial_shift_js_0.05,spatial_shift,0.05,0.05,14.75,574,1532,0.37467362924281983,0.6963714796430394
spatial_shift_js_0.05,spatial_shift,0.05,0.05,14.8,574,1532,0.37467362924281983,0.6963714796430394
spatial_shift_js_0.05,spatial_shift,0.05,0.05,14.850000000000001,574,1532,0.37467362924281983,0.6963714796430394
spatial_shift_js_0.05,spatial_shift,0.05,0.05,14.9,574,1532,0.37467362924281983,0.6963714796430394
spatial_shift_js_0.05,spatial_shift,0.05,0.05,14.950000000000001,574,1532,0.37467362924281983,0.6963714796430394
spatial_shift_js_0.05,spatial_shift,0.05,0.05,15.0,574,1532,0.37467362924281983,0.6963714796430394
spatial_shift_js_0.1,spatial_shift,0.1,0.05,0.0,76,1532,0.04960835509138381,0.011122795102453328
spatial_shift_js_0.1,spatial_shift,0.1,0.05,0.05,77,1532,0.05026109660574413,0.011269173933804206
spatial_shift_js_0.1,spatial_shift,0.1,0.05,0.1,81,1532,0.05287206266318538,0.011854599566472253
spatial_shift_js_0.1,spatial_shift,0.1,0.05,0.15000000000000002,87,1532,0.05678851174934726,0.012732776061974886
spatial_shift_js_0.1,spatial_shift,0.1,0.05,0.2,92,1532,0.06005221932114883,0.013464564283537362
spatial_shift_js_0.1,spatial_shift,0.1,0.05,0.25,105,1532,0.0685378590078329,0.015367440601996879
spatial_shift_js_0.1,spatial_shift,0.1,0.05,0.30000000000000004,113,1532,0.0737597911227154,0.016538768272810093
spatial_shift_js_0.1,spatial_shift,0.1,0.05,0.35000000000000003,126,1532,0.08224543080939947,0.018442513737159914
spatial_shift_js_0.1,spatial_shift,0.1,0.05,0.4,136,1532,0.08877284595300261,0.019908436087386457
spatial_shift_js_0.1,spatial_shift,0.1,0.05,0.45,153,1532,0.09986945169712794,0.022405597618074043
spatial_shift_js_0.1,spatial_shift,0.1,0.05,0.5,168,1532,0.10966057441253264,0.024621186566866328
spatial_shift_js_0.1,spatial_shift,0.1,0.05,0.55,187,1532,0.12206266318537859,0.02746757943698658
spatial_shift_js_0.1,spatial_shift,0.1,0.05,0.6000000000000001,204,1532,0.13315926892950392,0.03008320518424846
spatial_shift_js_0.1,spatial_shift,0.1,0.05,0.65,217,1532,0.141644908616188,0.03215942521146019
spatial_shift_js_0.1,spatial_shift,0.1,0.05,0.7000000000000001,224,1532,0.1462140992167102,0.03333003719093856
spatial_shift_js_0.1,spatial_shift,0.1,0.05,0.75,229,1532,0.14947780678851175,0.03422534209358498
spatial_shift_js_0.1,spatial_shift,0.1,0.05,0.8,230,1532,0.15013054830287206,0.0343766688203055
spatial_shift_js_0.1,spatial_shift,0.1,0.05,0.8500000000000001,233,1532,0.152088772845953,0.03503930262976792
spatial_shift_js_0.1,spatial_shift,0.1,0.05,0.9,233,1532,0.152088772845953,0.03503930262976792
spatial_shift_js_0.1,spatial_shift,0.1,0.05,0.9500000000000001,233,1532,0.152088772845953,0.03503930262976792
spatial_shift_js_0.1,spatial_shift,0.1,0.05,1.0,233,1532,0.152088772845953,0.03503930262976792
spatial_shift_js_0.1,spatial_shift,0.1,0.05,1.05,245,1532,0.15992167101827676,0.06567685069342369
spatial_shift_js_0.1,spatial_shift,0.1,0.05,1.1,264,1532,0.17232375979112272,0.111740299606098
spatial_shift_js_0.1,spatial_shift,0.1,0.05,1.1500000000000001,271,1532,0.1768929503916449,0.13435435819461347
spatial_shift_js_0.1,spatial_shift,0.1,0.05,1.2000000000000002,283,1532,0.18472584856396868,0.17075999308337714
spatial_shift_js_0.1,spatial_shift,0.1,0.05,1.25,296,1532,0.19321148825065274,0.20465355381258715
spatial_shift_js_0.1,spatial_shift,0.1,0.05,1.3,306,1532,0.19973890339425587,0.23341814281766354
spatial_shift_js_0.1,spatial_shift,0.1,0.05,1.35,316,1532,0.206266318537859,0.2621559995627558
spatial_shift_js_0.1,spatial_shift,0.1,0.05,1.4000000000000001,325,1532,0.21214099216710183,0.2862212281594114
spatial_shift_js_0.1,spatial_shift,0.1,0.05,1.4500000000000002,330,1532,0.2154046997389034,0.2999219663882372
spatial_shift_js_0.1,spatial_shift,0.1,0.05,1.5,336,1532,0.2193211488250653,0.31261662160727893
spatial_shift_js_0.1,spatial_shift,0.1,0.05,1.55,341,1532,0.22258485639686684,0.3212671617576507
spatial_shift_js_0.1,spatial_shift,0.1,0.05,1.6,345,1532,0.22519582245430808,0.32737737052338356
spatial_shift_js_0.1,spatial_shift,0.1,0.05,1.6500000000000001,348,1532,0.22715404699738903,0.3310018842024423
spatial_shift_js_0.1,spatial_shift,0.1,0.05,1.7000000000000002,349,1532,0.22780678851174935,0.3319673058117427
spatial_shift_js_0.1,spatial_shift,0.1,0.05,1.75,354,1532,0.2310704960835509,0.3369543161245136
spatial_shift_js_0.1,spatial_shift,0.1,0.05,1.8,355,1532,0.23172323759791122,0.3377099680059073
spatial_shift_js_0.1,spatial_shift,0.1,0.05,1.85,361,1532,0.23563968668407312,0.34213517684953426
spatial_shift_js_0.1,spatial_shift,0.1,0.05,1.9000000000000001,366,1532,0.23890339425587467,0.34531266217249007
spatial_shift_js_0.1,spatial_shift,0.1,0.05,1.9500000000000002,374,1532,0.24412532637075718,0.34921859514811676
spatial_shift_js_0.1,spatial_shift,0.1,0.05,2.0,382,1532,0.24934725848563968,0.3523890949528666
spatial_shift_js_0.1,spatial_shift,0.1,0.05,2.0500000000000003,391,1532,0.25522193211488253,0.3551962750976905
spatial_shift_js_0.1,spatial_shift,0.1,0.05,2.1,399,1532,0.260443864229765,0.35722980354477585
spatial_shift_js_0.1,spatial_shift,0.1,0.05,2.15,404,1532,0.26370757180156656,0.35837464559244686
spatial_shift_js_0.1,spatial_shift,0.1,0.05,2.2,411,1532,0.26827676240208875,0.3597715392345482
spatial_shift_js_0.1,spatial_shift,0.1,0.05,2.25,413,1532,0.2695822454308094,0.3601416255717582
spatial_shift_js_0.1,spatial_shift,0.1,0.05,2.3000000000000003,417,1532,0.27219321148825065,0.36084788512778704
spatial_shift_js_0.1,spatial_shift,0.1,0.05,2.35,419,1532,0.2734986945169713,0.36119421069051955
spatial_shift_js_0.1,spatial_shift,0.1,0.05,2.4000000000000004,419,1532,0.2734986945169713,0.36119421069051955
spatial_shift_js_0.1,spatial_shift,0.1,0.05,2.45,420,1532,0.2741514360313316,0.3613624050968395
spatial_shift_js_0.1,spatial_shift,0.1,0.05,2.5,422,1532,0.2754569190600522,0.361688217476502
spatial_shift_js_0.1,spatial_shift,0.1,0.05,2.5500000000000003,422,1532,0.2754569190600522,0.361688217476502
spatial_shift_js_0.1,spatial_shift,0.1,0.05,2.6,423,1532,0.27610966057441255,0.3618496590705645
spatial_shift_js_0.1,spatial_shift,0.1,0.05,2.6500000000000004,424,1532,0.27676240208877284,0.36200951592163283
spatial_shift_js_0.1,spatial_shift,0.1,0.05,2.7,425,1532,0.2774151436031332,0.36216751558149335
spatial_shift_js_0.1,spatial_shift,0.1,0.05,2.75,425,1532,0.2774151436031332,0.36216751558149335
spatial_shift_js_0.1,spatial_shift,0.1,0.05,2.8000000000000003,425,1532,0.2774151436031332,0.36216751558149335
spatial_shift_js_0.1,spatial_shift,0.1,0.05,2.85,425,1532,0.2774151436031332,0.36216751558149335
spatial_shift_js_0.1,spatial_shift,0.1,0.05,2.9000000000000004,425,1532,0.2774151436031332,0.36216751558149335
spatial_shift_js_0.1,spatial_shift,0.1,0.05,2.95,425,1532,0.2774151436031332,0.36216751558149335
spatial_shift_js_0.1,spatial_shift,0.1,0.05,3.0,425,1532,0.2774151436031332,0.36216751558149335
spatial_shift_js_0.1,spatial_shift,0.1,0.05,3.0500000000000003,425,1532,0.2774151436031332,0.36216751558149335
spatial_shift_js_0.1,spatial_shift,0.1,0.05,3.1,425,1532,0.2774151436031332,0.36216751558149335
spatial_shift_js_0.1,spatial_shift,0.1,0.05,3.1500000000000004,425,1532,0.2774151436031332,0.36216751558149335
spatial_shift_js_0.1,spatial_shift,0.1,0.05,3.2,425,1532,0.2774151436031332,0.36216751558149335
spatial_shift_js_0.1,spatial_shift,0.1,0.05,3.25,425,1532,0.2774151436031332,0.36216751558149335
spatial_shift_js_0.1,spatial_shift,0.1,0.05,3.3000000000000003,425,1532,0.2774151436031332,0.36216751558149335
spatial_shift_js_0.1,spatial_shift,0.1,0.05,3.35,425,1532,0.2774151436031332,0.36216751558149335
spatial_shift_js_0.1,spatial_shift,0.1,0.05,3.4000000000000004,425,1532,0.2774151436031332,0.36216751558149335
spatial_shift_js_0.1,spatial_shift,0.1,0.05,3.45,425,1532,0.2774151436031332,0.36216751558149335
spatial_shift_js_0.1,spatial_shift,0.1,0.05,3.5,426,1532,0.2780678851174935,0.36243808903761526
spatial_shift_js_0.1,spatial_shift,0.1,0.05,3.5500000000000003,430,1532,0.28067885117493474,0.3681050134168046
spatial_shift_js_0.1,spatial_shift,0.1,0.05,3.6,437,1532,0.28524804177545693,0.37715041487503553
spatial_shift_js_0.1,spatial_shift,0.1,0.05,3.6500000000000004,442,1532,0.2885117493472585,0.3817266164533949
spatial_shift_js_0.1,spatial_shift,0.1,0.05,3.7,449,1532,0.29308093994778067,0.3958159344272447
spatial_shift_js_0.1,spatial_shift,0.1,0.05,3.75,456,1532,0.29765013054830286,0.40971843784958684
spatial_shift_js_0.1,spatial_shift,0.1,0.05,3.8000000000000003,463,1532,0.30221932114882505,0.4272738827275401
spatial_shift_js_0.1,spatial_shift,0.1,0.05,3.85,469,1532,0.30613577023498695,0.44167119080051553
spatial_shift_js_0.1,spatial_shift,0.1,0.05,3.9000000000000004,477,1532,0.3113577023498694,0.4664738914970925
spatial_shift_js_0.1,spatial_shift,0.1,0.05,3.95,483,1532,0.3152741514360313,0.4854048062422648
spatial_shift_js_0.1,spatial_shift,0.1,0.05,4.0,491,1532,0.32049608355091386,0.5108827279901247
spatial_shift_js_0.1,spatial_shift,0.1,0.05,4.05,499,1532,0.32571801566579633,0.5332599256160688
spatial_shift_js_0.1,spatial_shift,0.1,0.05,4.1000000000000005,506,1532,0.3302872062663185,0.55049181657206
spatial_shift_js_0.1,spatial_shift,0.1,0.05,4.15,519,1532,0.3387728459530026,0.5746254182511835
spatial_shift_js_0.1,spatial_shift,0.1,0.05,4.2,531,1532,0.34660574412532635,0.5917269934734511
spatial_shift_js_0.1,spatial_shift,0.1,0.05,4.25,543,1532,0.35443864229765015,0.6049952583302042
spatial_shift_js_0.1,spatial_shift,0.1,0.05,4.3,554,1532,0.36161879895561355,0.6139666225772132
spatial_shift_js_0.1,spatial_shift,0.1,0.05,4.3500000000000005,565,1532,0.368798955613577,0.6202709505367223
spatial_shift_js_0.1,spatial_shift,0.1,0.05,4.4,570,1532,0.3720626631853786,0.6217233195739412
spatial_shift_js_0.1,spatial_shift,0.1,0.05,4.45,571,1532,0.3727154046997389,0.6219493718729007
spatial_shift_js_0.1,spatial_shift,0.1,0.05,4.5,571,1532,0.3727154046997389,0.6219493718729007
spatial_shift_js_0.1,spatial_shift,0.1,0.05,4.55,571,1532,0.3727154046997389,0.6219493718729007
spatial_shift_js_0.1,spatial_shift,0.1,0.05,4.6000000000000005,571,1532,0.3727154046997389,0.6219493718729007
spatial_shift_js_0.1,spatial_shift,0.1,0.05,4.65,571,1532,0.3727154046997389,0.6219493718729007
spatial_shift_js_0.1,spatial_shift,0.1,0.05,4.7,571,1532,0.3727154046997389,0.6219493718729007
spatial_shift_js_0.1,spatial_shift,0.1,0.05,4.75,571,1532,0.3727154046997389,0.6219493718729007
spatial_shift_js_0.1,spatial_shift,0.1,0.05,4.800000000000001,571,1532,0.3727154046997389,0.6219493718729007
spatial_shift_js_0.1,spatial_shift,0.1,0.05,4.8500000000000005,571,1532,0.3727154046997389,0.6219493718729007
spatial_shift_js_0.1,spatial_shift,0.1,0.05,4.9,571,1532,0.3727154046997389,0.6219493718729007
spatial_shift_js_0.1,spatial_shift,0.1,0.05,4.95,571,1532,0.3727154046997389,0.6219493718729007
spatial_shift_js_0.1,spatial_shift,0.1,0.05,5.0,571,1532,0.3727154046997389,0.6219493718729007
spatial_shift_js_0.1,spatial_shift,0.1,0.05,5.050000000000001,571,1532,0.3727154046997389,0.6219493718729007
spatial_shift_js_0.1,spatial_shift,0.1,0.05,5.1000000000000005,571,1532,0.3727154046997389,0.6219493718729007
spatial_shift_js_0.1,spatial_shift,0.1,0.05,5.15,571,1532,0.3727154046997389,0.6219493718729007
spatial_shift_js_0.1,spatial_shift,0.1,0.05,5.2,572,1532,0.3733681462140992,0.6225166625506081
spatial_shift_js_0.1,spatial_shift,0.1,0.05,5.25,573,1532,0.37402088772845954,0.6230686702645525
spatial_shift_js_0.1,spatial_shift,0.1,0.05,5.300000000000001,575,1532,0.37532637075718017,0.6243474084112491
spatial_shift_js_0.1,spatial_shift,0.1,0.05,5.3500000000000005,577,1532,0.3766318537859008,0.625712408444584
spatial_shift_js_0.1,spatial_shift,0.1,0.05,5.4,577,1532,0.3766318537859008,0.625712408444584
spatial_shift_js_0.1,spatial_shift,0.1,0.05,5.45,578,1532,0.3772845953002611,0.6265918164829269
spatial_shift_js_0.1,spatial_shift,0.1,0.05,5.5,578,1532,0.3772845953002611,0.6265918164829269
spatial_shift_js_0.1,spatial_shift,0.1,0.05,5.550000000000001,578,1532,0.3772845953002611,0.6265918164829269
spatial_shift_js_0.1,spatial_shift,0.1,0.05,5.6000000000000005,578,1532,0.3772845953002611,0.6265918164829269
spatial_shift_js_0.1,spatial_shift,0.1,0.05,5.65,578,1532,0.3772845953002611,0.6265918164829269
spatial_shift_js_0.1,spatial_shift,0.1,0.05,5.7,578,1532,0.3772845953002611,0.6265918164829269
spatial_shift_js_0.1,spatial_shift,0.1,0.05,5.75,578,1532,0.3772845953002611,0.6265918164829269
spatial_shift_js_0.1,spatial_shift,0.1,0.05,5.800000000000001,578,1532,0.3772845953002611,0.6265918164829269
spatial_shift_js_0.1,spatial_shift,0.1,0.05,5.8500000000000005,578,1532,0.3772845953002611,0.6265918164829269
spatial_shift_js_0.1,spatial_shift,0.1,0.05,5.9,578,1532,0.3772845953002611,0.6265918164829269
spatial_shift_js_0.1,spatial_shift,0.1,0.05,5.95,578,1532,0.3772845953002611,0.6265918164829269
spatial_shift_js_0.1,spatial_shift,0.1,0.05,6.0,578,1532,0.3772845953002611,0.6265918164829269
spatial_shift_js_0.1,spatial_shift,0.1,0.05,6.050000000000001,578,1532,0.3772845953002611,0.6265918164829269
spatial_shift_js_0.1,spatial_shift,0.1,0.05,6.1000000000000005,578,1532,0.3772845953002611,0.6265918164829269
spatial_shift_js_0.1,spatial_shift,0.1,0.05,6.15,578,1532,0.3772845953002611,0.6265918164829269
spatial_shift_js_0.1,spatial_shift,0.1,0.05,6.2,578,1532,0.3772845953002611,0.6265918164829269
spatial_shift_js_0.1,spatial_shift,0.1,0.05,6.25,578,1532,0.3772845953002611,0.6265918164829269
spatial_shift_js_0.1,spatial_shift,0.1,0.05,6.300000000000001,578,1532,0.3772845953002611,0.6265918164829269
spatial_shift_js_0.1,spatial_shift,0.1,0.05,6.3500000000000005,579,1532,0.3779373368146214,0.6304692090538597
spatial_shift_js_0.1,spatial_shift,0.1,0.05,6.4,579,1532,0.3779373368146214,0.6304692090538597
spatial_shift_js_0.1,spatial_shift,0.1,0.05,6.45,580,1532,0.3785900783289817,0.6338335548509053
spatial_shift_js_0.1,spatial_shift,0.1,0.05,6.5,582,1532,0.37989556135770236,0.6395764793392362
spatial_shift_js_0.1,spatial_shift,0.1,0.05,6.550000000000001,585,1532,0.3818537859007833,0.6466043381444375
spatial_shift_js_0.1,spatial_shift,0.1,0.05,6.6000000000000005,586,1532,0.3825065274151436,0.6484044928102615
spatial_shift_js_0.1,spatial_shift,0.1,0.05,6.65,587,1532,0.3831592689295039,0.6502669538775205
spatial_shift_js_0.1,spatial_shift,0.1,0.05,6.7,589,1532,0.38446475195822455,0.6530665111990321
spatial_shift_js_0.1,spatial_shift,0.1,0.05,6.75,591,1532,0.3857702349869452,0.6555509921268661
spatial_shift_js_0.1,spatial_shift,0.1,0.05,6.800000000000001,592,1532,0.38642297650130547,0.6566125197440671
spatial_shift_js_0.1,spatial_shift,0.1,0.05,6.8500000000000005,593,1532,0.3870757180156658,0.6576408202566357
spatial_shift_js_0.1,spatial_shift,0.1,0.05,6.9,593,1532,0.3870757180156658,0.6576408202566357
spatial_shift_js_0.1,spatial_shift,0.1,0.05,6.95,593,1532,0.3870757180156658,0.6576408202566357
spatial_shift_js_0.1,spatial_shift,0.1,0.05,7.0,593,1532,0.3870757180156658,0.6576408202566357
spatial_shift_js_0.1,spatial_shift,0.1,0.05,7.050000000000001,593,1532,0.3870757180156658,0.6576408202566357
spatial_shift_js_0.1,spatial_shift,0.1,0.05,7.1000000000000005,593,1532,0.3870757180156658,0.6576408202566357
spatial_shift_js_0.1,spatial_shift,0.1,0.05,7.15,593,1532,0.3870757180156658,0.6576408202566357
spatial_shift_js_0.1,spatial_shift,0.1,0.05,7.2,593,1532,0.3870757180156658,0.6576408202566357
spatial_shift_js_0.1,spatial_shift,0.1,0.05,7.25,593,1532,0.3870757180156658,0.6576408202566357
spatial_shift_js_0.1,spatial_shift,0.1,0.05,7.300000000000001,593,1532,0.3870757180156658,0.6576408202566357
spatial_shift_js_0.1,spatial_shift,0.1,0.05,7.3500000000000005,593,1532,0.3870757180156658,0.6576408202566357
spatial_shift_js_0.1,spatial_shift,0.1,0.05,7.4,593,1532,0.3870757180156658,0.6576408202566357
spatial_shift_js_0.1,spatial_shift,0.1,0.05,7.45,593,1532,0.3870757180156658,0.6576408202566357
spatial_shift_js_0.1,spatial_shift,0.1,0.05,7.5,593,1532,0.3870757180156658,0.6576408202566357
spatial_shift_js_0.1,spatial_shift,0.1,0.05,7.550000000000001,593,1532,0.3870757180156658,0.6576408202566357
spatial_shift_js_0.1,spatial_shift,0.1,0.05,7.6000000000000005,593,1532,0.3870757180156658,0.6576408202566357
spatial_shift_js_0.1,spatial_shift,0.1,0.05,7.65,593,1532,0.3870757180156658,0.6576408202566357
spatial_shift_js_0.1,spatial_shift,0.1,0.05,7.7,593,1532,0.3870757180156658,0.6576408202566357
spatial_shift_js_0.1,spatial_shift,0.1,0.05,7.75,593,1532,0.3870757180156658,0.6576408202566357
spatial_shift_js_0.1,spatial_shift,0.1,0.05,7.800000000000001,593,1532,0.3870757180156658,0.6576408202566357
spatial_shift_js_0.1,spatial_shift,0.1,0.05,7.8500000000000005,593,1532,0.3870757180156658,0.6576408202566357
spatial_shift_js_0.1,spatial_shift,0.1,0.05,7.9,593,1532,0.3870757180156658,0.6576408202566357
spatial_shift_js_0.1,spatial_shift,0.1,0.05,7.95,593,1532,0.3870757180156658,0.6576408202566357
spatial_shift_js_0.1,spatial_shift,0.1,0.05,8.0,593,1532,0.3870757180156658,0.6576408202566357
spatial_shift_js_0.1,spatial_shift,0.1,0.05,8.05,593,1532,0.3870757180156658,0.6576408202566357
spatial_shift_js_0.1,spatial_shift,0.1,0.05,8.1,593,1532,0.3870757180156658,0.6576408202566357
spatial_shift_js_0.1,spatial_shift,0.1,0.05,8.15,593,1532,0.3870757180156658,0.6576408202566357
spatial_shift_js_0.1,spatial_shift,0.1,0.05,8.200000000000001,593,1532,0.3870757180156658,0.6576408202566357
spatial_shift_js_0.1,spatial_shift,0.1,0.05,8.25,593,1532,0.3870757180156658,0.6576408202566357
spatial_shift_js_0.1,spatial_shift,0.1,0.05,8.3,593,1532,0.3870757180156658,0.6576408202566357
spatial_shift_js_0.1,spatial_shift,0.1,0.05,8.35,593,1532,0.3870757180156658,0.6576408202566357
spatial_shift_js_0.1,spatial_shift,0.1,0.05,8.4,593,1532,0.3870757180156658,0.6576408202566357
spatial_shift_js_0.1,spatial_shift,0.1,0.05,8.450000000000001,593,1532,0.3870757180156658,0.6576408202566357
spatial_shift_js_0.1,spatial_shift,0.1,0.05,8.5,593,1532,0.3870757180156658,0.6576408202566357
spatial_shift_js_0.1,spatial_shift,0.1,0.05,8.55,593,1532,0.3870757180156658,0.6576408202566357
spatial_shift_js_0.1,spatial_shift,0.1,0.05,8.6,593,1532,0.3870757180156658,0.6576408202566357
spatial_shift_js_0.1,spatial_shift,0.1,0.05,8.65,593,1532,0.3870757180156658,0.6576408202566357
spatial_shift_js_0.1,spatial_shift,0.1,0.05,8.700000000000001,593,1532,0.3870757180156658,0.6576408202566357
spatial_shift_js_0.1,spatial_shift,0.1,0.05,8.75,593,1532,0.3870757180156658,0.6576408202566357
spatial_shift_js_0.1,spatial_shift,0.1,0.05,8.8,593,1532,0.3870757180156658,0.6576408202566357
spatial_shift_js_0.1,spatial_shift,0.1,0.05,8.85,593,1532,0.3870757180156658,0.6576408202566357
spatial_shift_js_0.1,spatial_shift,0.1,0.05,8.9,593,1532,0.3870757180156658,0.6576408202566357
spatial_shift_js_0.1,spatial_shift,0.1,0.05,8.950000000000001,593,1532,0.3870757180156658,0.6576408202566357
spatial_shift_js_0.1,spatial_shift,0.1,0.05,9.0,593,1532,0.3870757180156658,0.6576408202566357
spatial_shift_js_0.1,spatial_shift,0.1,0.05,9.05,593,1532,0.3870757180156658,0.6576408202566357
spatial_shift_js_0.1,spatial_shift,0.1,0.05,9.1,593,1532,0.3870757180156658,0.6576408202566357
spatial_shift_js_0.1,spatial_shift,0.1,0.05,9.15,593,1532,0.3870757180156658,0.6576408202566357
spatial_shift_js_0.1,spatial_shift,0.1,0.05,9.200000000000001,593,1532,0.3870757180156658,0.6576408202566357
spatial_shift_js_0.1,spatial_shift,0.1,0.05,9.25,593,1532,0.3870757180156658,0.6576408202566357
spatial_shift_js_0.1,spatial_shift,0.1,0.05,9.3,593,1532,0.3870757180156658,0.6576408202566357
spatial_shift_js_0.1,spatial_shift,0.1,0.05,9.35,593,1532,0.3870757180156658,0.6576408202566357
spatial_shift_js_0.1,spatial_shift,0.1,0.05,9.4,593,1532,0.3870757180156658,0.6576408202566357
spatial_shift_js_0.1,spatial_shift,0.1,0.05,9.450000000000001,593,1532,0.3870757180156658,0.6576408202566357
spatial_shift_js_0.1,spatial_shift,0.1,0.05,9.5,593,1532,0.3870757180156658,0.6576408202566357
spatial_shift_js_0.1,spatial_shift,0.1,0.05,9.55,593,1532,0.3870757180156658,0.6576408202566357
spatial_shift_js_0.1,spatial_shift,0.1,0.05,9.600000000000001,593,1532,0.3870757180156658,0.6576408202566357
spatial_shift_js_0.1,spatial_shift,0.1,0.05,9.65,593,1532,0.3870757180156658,0.6576408202566357
spatial_shift_js_0.1,spatial_shift,0.1,0.05,9.700000000000001,593,1532,0.3870757180156658,0.6576408202566357
spatial_shift_js_0.1,spatial_shift,0.1,0.05,9.75,593,1532,0.3870757180156658,0.6576408202566357
spatial_shift_js_0.1,spatial_shift,0.1,0.05,9.8,593,1532,0.3870757180156658,0.6576408202566357
spatial_shift_js_0.1,spatial_shift,0.1,0.05,9.850000000000001,593,1532,0.3870757180156658,0.6576408202566357
spatial_shift_js_0.1,spatial_shift,0.1,0.05,9.9,593,1532,0.3870757180156658,0.6576408202566357
spatial_shift_js_0.1,spatial_shift,0.1,0.05,9.950000000000001,593,1532,0.3870757180156658,0.6576408202566357
spatial_shift_js_0.1,spatial_shift,0.1,0.05,10.0,593,1532,0.3870757180156658,0.6576408202566357
spatial_shift_js_0.1,spatial_shift,0.1,0.05,10.05,593,1532,0.3870757180156658,0.6576408202566357
spatial_shift_js_0.1,spatial_shift,0.1,0.05,10.100000000000001,593,1532,0.3870757180156658,0.6576408202566357
spatial_shift_js_0.1,spatial_shift,0.1,0.05,10.15,593,1532,0.3870757180156658,0.6576408202566357
spatial_shift_js_0.1,spatial_shift,0.1,0.05,10.200000000000001,593,1532,0.3870757180156658,0.6576408202566357
spatial_shift_js_0.1,spatial_shift,0.1,0.05,10.25,593,1532,0.3870757180156658,0.6576408202566357
spatial_shift_js_0.1,spatial_shift,0.1,0.05,10.3,593,1532,0.3870757180156658,0.6576408202566357
spatial_shift_js_0.1,spatial_shift,0.1,0.05,10.350000000000001,593,1532,0.3870757180156658,0.6576408202566357
spatial_shift_js_0.1,spatial_shift,0.1,0.05,10.4,593,1532,0.3870757180156658,0.6576408202566357
spatial_shift_js_0.1,spatial_shift,0.1,0.05,10.450000000000001,593,1532,0.3870757180156658,0.6576408202566357
spatial_shift_js_0.1,spatial_shift,0.1,0.05,10.5,593,1532,0.3870757180156658,0.6576408202566357
spatial_shift_js_0.1,spatial_shift,0.1,0.05,10.55,593,1532,0.3870757180156658,0.6576408202566357
spatial_shift_js_0.1,spatial_shift,0.1,0.05,10.600000000000001,593,1532,0.3870757180156658,0.6576408202566357
spatial_shift_js_0.1,spatial_shift,0.1,0.05,10.65,593,1532,0.3870757180156658,0.6576408202566357
spatial_shift_js_0.1,spatial_shift,0.1,0.05,10.700000000000001,593,1532,0.3870757180156658,0.6576408202566357
spatial_shift_js_0.1,spatial_shift,0.1,0.05,10.75,593,1532,0.3870757180156658,0.6576408202566357
spatial_shift_js_0.1,spatial_shift,0.1,0.05,10.8,593,1532,0.3870757180156658,0.6576408202566357
spatial_shift_js_0.1,spatial_shift,0.1,0.05,10.850000000000001,593,1532,0.3870757180156658,0.6576408202566357
spatial_shift_js_0.1,spatial_shift,0.1,0.05,10.9,593,1532,0.3870757180156658,0.6576408202566357
spatial_shift_js_0.1,spatial_shift,0.1,0.05,10.950000000000001,593,1532,0.3870757180156658,0.6576408202566357
spatial_shift_js_0.1,spatial_shift,0.1,0.05,11.0,593,1532,0.3870757180156658,0.6576408202566357
spatial_shift_js_0.1,spatial_shift,0.1,0.05,11.05,593,1532,0.3870757180156658,0.6576408202566357
spatial_shift_js_0.1,spatial_shift,0.1,0.05,11.100000000000001,593,1532,0.3870757180156658,0.6576408202566357
spatial_shift_js_0.1,spatial_shift,0.1,0.05,11.15,593,1532,0.3870757180156658,0.6576408202566357
spatial_shift_js_0.1,spatial_shift,0.1,0.05,11.200000000000001,593,1532,0.3870757180156658,0.6576408202566357
spatial_shift_js_0.1,spatial_shift,0.1,0.05,11.25,593,1532,0.3870757180156658,0.6576408202566357
spatial_shift_js_0.1,spatial_shift,0.1,0.05,11.3,593,1532,0.3870757180156658,0.6576408202566357
spatial_shift_js_0.1,spatial_shift,0.1,0.05,11.350000000000001,593,1532,0.3870757180156658,0.6576408202566357
spatial_shift_js_0.1,spatial_shift,0.1,0.05,11.4,593,1532,0.3870757180156658,0.6576408202566357
spatial_shift_js_0.1,spatial_shift,0.1,0.05,11.450000000000001,593,1532,0.3870757180156658,0.6576408202566357
spatial_shift_js_0.1,spatial_shift,0.1,0.05,11.5,593,1532,0.3870757180156658,0.6576408202566357
spatial_shift_js_0.1,spatial_shift,0.1,0.05,11.55,593,1532,0.3870757180156658,0.6576408202566357
spatial_shift_js_0.1,spatial_shift,0.1,0.05,11.600000000000001,593,1532,0.3870757180156658,0.6576408202566357
spatial_shift_js_0.1,spatial_shift,0.1,0.05,11.65,593,1532,0.3870757180156658,0.6576408202566357
spatial_shift_js_0.1,spatial_shift,0.1,0.05,11.700000000000001,593,1532,0.3870757180156658,0.6576408202566357
spatial_shift_js_0.1,spatial_shift,0.1,0.05,11.75,593,1532,0.3870757180156658,0.6576408202566357
spatial_shift_js_0.1,spatial_shift,0.1,0.05,11.8,593,1532,0.3870757180156658,0.6576408202566357
spatial_shift_js_0.1,spatial_shift,0.1,0.05,11.850000000000001,593,1532,0.3870757180156658,0.6576408202566357
spatial_shift_js_0.1,spatial_shift,0.1,0.05,11.9,593,1532,0.3870757180156658,0.6576408202566357
spatial_shift_js_0.1,spatial_shift,0.1,0.05,11.950000000000001,593,1532,0.3870757180156658,0.6576408202566357
spatial_shift_js_0.1,spatial_shift,0.1,0.05,12.0,593,1532,0.3870757180156658,0.6576408202566357
spatial_shift_js_0.1,spatial_shift,0.1,0.05,12.05,593,1532,0.3870757180156658,0.6576408202566357
spatial_shift_js_0.1,spatial_shift,0.1,0.05,12.100000000000001,593,1532,0.3870757180156658,0.6576408202566357
spatial_shift_js_0.1,spatial_shift,0.1,0.05,12.15,593,1532,0.3870757180156658,0.6576408202566357
spatial_shift_js_0.1,spatial_shift,0.1,0.05,12.200000000000001,593,1532,0.3870757180156658,0.6576408202566357
spatial_shift_js_0.1,spatial_shift,0.1,0.05,12.25,593,1532,0.3870757180156658,0.6576408202566357
spatial_shift_js_0.1,spatial_shift,0.1,0.05,12.3,593,1532,0.3870757180156658,0.6576408202566357
spatial_shift_js_0.1,spatial_shift,0.1,0.05,12.350000000000001,593,1532,0.3870757180156658,0.6576408202566357
spatial_shift_js_0.1,spatial_shift,0.1,0.05,12.4,593,1532,0.3870757180156658,0.6576408202566357
spatial_shift_js_0.1,spatial_shift,0.1,0.05,12.450000000000001,593,1532,0.3870757180156658,0.6576408202566357
spatial_shift_js_0.1,spatial_shift,0.1,0.05,12.5,593,1532,0.3870757180156658,0.6576408202566357
spatial_shift_js_0.1,spatial_shift,0.1,0.05,12.55,593,1532,0.3870757180156658,0.6576408202566357
spatial_shift_js_0.1,spatial_shift,0.1,0.05,12.600000000000001,593,1532,0.3870757180156658,0.6576408202566357
spatial_shift_js_0.1,spatial_shift,0.1,0.05,12.65,593,1532,0.3870757180156658,0.6576408202566357
spatial_shift_js_0.1,spatial_shift,0.1,0.05,12.700000000000001,593,1532,0.3870757180156658,0.6576408202566357
spatial_shift_js_0.1,spatial_shift,0.1,0.05,12.75,593,1532,0.3870757180156658,0.6576408202566357
spatial_shift_js_0.1,spatial_shift,0.1,0.05,12.8,593,1532,0.3870757180156658,0.6576408202566357
spatial_shift_js_0.1,spatial_shift,0.1,0.05,12.850000000000001,593,1532,0.3870757180156658,0.6576408202566357
spatial_shift_js_0.1,spatial_shift,0.1,0.05,12.9,593,1532,0.3870757180156658,0.6576408202566357
spatial_shift_js_0.1,spatial_shift,0.1,0.05,12.950000000000001,593,1532,0.3870757180156658,0.6576408202566357
spatial_shift_js_0.1,spatial_shift,0.1,0.05,13.0,593,1532,0.3870757180156658,0.6576408202566357
spatial_shift_js_0.1,spatial_shift,0.1,0.05,13.05,593,1532,0.3870757180156658,0.6576408202566357
spatial_shift_js_0.1,spatial_shift,0.1,0.05,13.100000000000001,593,1532,0.3870757180156658,0.6576408202566357
spatial_shift_js_0.1,spatial_shift,0.1,0.05,13.15,593,1532,0.3870757180156658,0.6576408202566357
spatial_shift_js_0.1,spatial_shift,0.1,0.05,13.200000000000001,593,1532,0.3870757180156658,0.6576408202566357
spatial_shift_js_0.1,spatial_shift,0.1,0.05,13.25,593,1532,0.3870757180156658,0.6576408202566357
spatial_shift_js_0.1,spatial_shift,0.1,0.05,13.3,593,1532,0.3870757180156658,0.6576408202566357
spatial_shift_js_0.1,spatial_shift,0.1,0.05,13.350000000000001,593,1532,0.3870757180156658,0.6576408202566357
spatial_shift_js_0.1,spatial_shift,0.1,0.05,13.4,593,1532,0.3870757180156658,0.6576408202566357
spatial_shift_js_0.1,spatial_shift,0.1,0.05,13.450000000000001,593,1532,0.3870757180156658,0.6576408202566357
spatial_shift_js_0.1,spatial_shift,0.1,0.05,13.5,593,1532,0.3870757180156658,0.6576408202566357
spatial_shift_js_0.1,spatial_shift,0.1,0.05,13.55,593,1532,0.3870757180156658,0.6576408202566357
spatial_shift_js_0.1,spatial_shift,0.1,0.05,13.600000000000001,593,1532,0.3870757180156658,0.6576408202566357
spatial_shift_js_0.1,spatial_shift,0.1,0.05,13.65,593,1532,0.3870757180156658,0.6576408202566357
spatial_shift_js_0.1,spatial_shift,0.1,0.05,13.700000000000001,593,1532,0.3870757180156658,0.6576408202566357
spatial_shift_js_0.1,spatial_shift,0.1,0.05,13.75,593,1532,0.3870757180156658,0.6576408202566357
spatial_shift_js_0.1,spatial_shift,0.1,0.05,13.8,593,1532,0.3870757180156658,0.6576408202566357
spatial_shift_js_0.1,spatial_shift,0.1,0.05,13.850000000000001,593,1532,0.3870757180156658,0.6576408202566357
spatial_shift_js_0.1,spatial_shift,0.1,0.05,13.9,593,1532,0.3870757180156658,0.6576408202566357
spatial_shift_js_0.1,spatial_shift,0.1,0.05,13.950000000000001,593,1532,0.3870757180156658,0.6576408202566357
spatial_shift_js_0.1,spatial_shift,0.1,0.05,14.0,593,1532,0.3870757180156658,0.6576408202566357
spatial_shift_js_0.1,spatial_shift,0.1,0.05,14.05,593,1532,0.3870757180156658,0.6576408202566357
spatial_shift_js_0.1,spatial_shift,0.1,0.05,14.100000000000001,593,1532,0.3870757180156658,0.6576408202566357
spatial_shift_js_0.1,spatial_shift,0.1,0.05,14.15,593,1532,0.3870757180156658,0.6576408202566357
spatial_shift_js_0.1,spatial_shift,0.1,0.05,14.200000000000001,593,1532,0.3870757180156658,0.6576408202566357
spatial_shift_js_0.1,spatial_shift,0.1,0.05,14.25,593,1532,0.3870757180156658,0.6576408202566357
spatial_shift_js_0.1,spatial_shift,0.1,0.05,14.3,593,1532,0.3870757180156658,0.6576408202566357
spatial_shift_js_0.1,spatial_shift,0.1,0.05,14.350000000000001,593,1532,0.3870757180156658,0.6576408202566357
spatial_shift_js_0.1,spatial_shift,0.1,0.05,14.4,593,1532,0.3870757180156658,0.6576408202566357
spatial_shift_js_0.1,spatial_shift,0.1,0.05,14.450000000000001,593,1532,0.3870757180156658,0.6576408202566357
spatial_shift_js_0.1,spatial_shift,0.1,0.05,14.5,593,1532,0.3870757180156658,0.6576408202566357
spatial_shift_js_0.1,spatial_shift,0.1,0.05,14.55,593,1532,0.3870757180156658,0.6576408202566357
spatial_shift_js_0.1,spatial_shift,0.1,0.05,14.600000000000001,593,1532,0.3870757180156658,0.6576408202566357
spatial_shift_js_0.1,spatial_shift,0.1,0.05,14.65,593,1532,0.3870757180156658,0.6576408202566357
spatial_shift_js_0.1,spatial_shift,0.1,0.05,14.700000000000001,593,1532,0.3870757180156658,0.6576408202566357
spatial_shift_js_0.1,spatial_shift,0.1,0.05,14.75,593,1532,0.3870757180156658,0.6576408202566357
spatial_shift_js_0.1,spatial_shift,0.1,0.05,14.8,593,1532,0.3870757180156658,0.6576408202566357
spatial_shift_js_0.1,spatial_shift,0.1,0.05,14.850000000000001,593,1532,0.3870757180156658,0.6576408202566357
spatial_shift_js_0.1,spatial_shift,0.1,0.05,14.9,593,1532,0.3870757180156658,0.6576408202566357
spatial_shift_js_0.1,spatial_shift,0.1,0.05,14.950000000000001,593,1532,0.3870757180156658,0.6576408202566357
spatial_shift_js_0.1,spatial_shift,0.1,0.05,15.0,593,1532,0.3870757180156658,0.6576408202566357
spatial_shift_js_0.15,spatial_shift,0.15,0.05,0.0,76,1532,0.04960835509138381,0.011122795102453328
spatial_shift_js_0.15,spatial_shift,0.15,0.05,0.05,77,1532,0.05026109660574413,0.011269173933804206
spatial_shift_js_0.15,spatial_shift,0.15,0.05,0.1,81,1532,0.05287206266318538,0.011854599566472253
spatial_shift_js_0.15,spatial_shift,0.15,0.05,0.15000000000000002,87,1532,0.05678851174934726,0.012732776061974886
spatial_shift_js_0.15,spatial_shift,0.15,0.05,0.2,92,1532,0.06005221932114883,0.013464564283537362
spatial_shift_js_0.15,spatial_shift,0.15,0.05,0.25,105,1532,0.0685378590078329,0.015367440601996879
spatial_shift_js_0.15,spatial_shift,0.15,0.05,0.30000000000000004,113,1532,0.0737597911227154,0.016538768272810093
spatial_shift_js_0.15,spatial_shift,0.15,0.05,0.35000000000000003,126,1532,0.08224543080939947,0.018442513737159914
spatial_shift_js_0.15,spatial_shift,0.15,0.05,0.4,136,1532,0.08877284595300261,0.019908436087386457
spatial_shift_js_0.15,spatial_shift,0.15,0.05,0.45,153,1532,0.09986945169712794,0.022405597618074043
spatial_shift_js_0.15,spatial_shift,0.15,0.05,0.5,168,1532,0.10966057441253264,0.024621186566866328
spatial_shift_js_0.15,spatial_shift,0.15,0.05,0.55,187,1532,0.12206266318537859,0.02746757943698658
spatial_shift_js_0.15,spatial_shift,0.15,0.05,0.6000000000000001,204,1532,0.13315926892950392,0.030079318108145
spatial_shift_js_0.15,spatial_shift,0.15,0.05,0.65,217,1532,0.141644908616188,0.03215553813535674
spatial_shift_js_0.15,spatial_shift,0.15,0.05,0.7000000000000001,224,1532,0.1462140992167102,0.033326150114835106
spatial_shift_js_0.15,spatial_shift,0.15,0.05,0.75,227,1532,0.1481723237597911,0.03386193437378626
spatial_shift_js_0.15,spatial_shift,0.15,0.05,0.8,230,1532,0.15013054830287206,0.03437278174420204
spatial_shift_js_0.15,spatial_shift,0.15,0.05,0.8500000000000001,233,1532,0.152088772845953,0.03503541555366446
spatial_shift_js_0.15,spatial_shift,0.15,0.05,0.9,233,1532,0.152088772845953,0.03503541555366446
spatial_shift_js_0.15,spatial_shift,0.15,0.05,0.9500000000000001,233,1532,0.152088772845953,0.03503541555366446
spatial_shift_js_0.15,spatial_shift,0.15,0.05,1.0,233,1532,0.152088772845953,0.03503541555366446
spatial_shift_js_0.15,spatial_shift,0.15,0.05,1.05,235,1532,0.15339425587467362,0.038294467895061815
spatial_shift_js_0.15,spatial_shift,0.15,0.05,1.1,253,1532,0.16514360313315926,0.08308177118641881
spatial_shift_js_0.15,spatial_shift,0.15,0.05,1.1500000000000001,262,1532,0.17101827676240208,0.10938499221284788
spatial_shift_js_0.15,spatial_shift,0.15,0.05,1.2000000000000002,271,1532,0.1768929503916449,0.13518557681383586
spatial_shift_js_0.15,spatial_shift,0.15,0.05,1.25,283,1532,0.18472584856396868,0.16874172396179155
spatial_shift_js_0.15,spatial_shift,0.15,0.05,1.3,295,1532,0.19255874673629242,0.1963326958399567
spatial_shift_js_0.15,spatial_shift,0.15,0.05,1.35,307,1532,0.2003916449086162,0.21866760083403983
spatial_shift_js_0.15,spatial_shift,0.15,0.05,1.4000000000000001,319,1532,0.20822454308093996,0.23844521658860934
spatial_shift_js_0.15,spatial_shift,0.15,0.05,1.4500000000000002,330,1532,0.2154046997389034,0.2559854137115039
spatial_shift_js_0.15,spatial_shift,0.15,0.05,1.5,337,1532,0.21997389033942558,0.2665053811048238
spatial_shift_js_0.15,spatial_shift,0.15,0.05,1.55,342,1532,0.22323759791122716,0.2723226732459869
spatial_shift_js_0.15,spatial_shift,0.15,0.05,1.6,350,1532,0.22845953002610966,0.27900952134065876
spatial_shift_js_0.15,spatial_shift,0.15,0.05,1.6500000000000001,359,1532,0.23433420365535249,0.2851277610447408
spatial_shift_js_0.15,spatial_shift,0.15,0.05,1.7000000000000002,366,1532,0.23890339425587467,0.2889624264202002
spatial_shift_js_0.15,spatial_shift,0.15,0.05,1.75,376,1532,0.2454308093994778,0.29300821730860227
spatial_shift_js_0.15,spatial_shift,0.15,0.05,1.8,387,1532,0.25261096605744127,0.2964069420538334
spatial_shift_js_0.15,spatial_shift,0.15,0.05,1.85,398,1532,0.2597911227154047,0.2991520845046976
spatial_shift_js_0.15,spatial_shift,0.15,0.05,1.9000000000000001,408,1532,0.26631853785900783,0.30127077143238346
spatial_shift_js_0.15,spatial_shift,0.15,0.05,1.9500000000000002,421,1532,0.2748041775456919,0.3038081549957062
spatial_shift_js_0.15,spatial_shift,0.15,0.05,2.0,429,1532,0.2800261096605744,0.3051932162262671
spatial_shift_js_0.15,spatial_shift,0.15,0.05,2.0500000000000003,439,1532,0.28655352480417756,0.3068826297835668
spatial_shift_js_0.15,spatial_shift,0.15,0.05,2.1,444,1532,0.2898172323759791,0.3077149167735661
spatial_shift_js_0.15,spatial_shift,0.15,0.05,2.15,452,1532,0.2950391644908616,0.3089616660749887
spatial_shift_js_0.15,spatial_shift,0.15,0.05,2.2,456,1532,0.29765013054830286,0.3095698432565994
spatial_shift_js_0.15,spatial_shift,0.15,0.05,2.25,465,1532,0.3035248041775457,0.31101381262900396
spatial_shift_js_0.15,spatial_shift,0.15,0.05,2.3000000000000003,474,1532,0.3093994778067885,0.31236640901482376
spatial_shift_js_0.15,spatial_shift,0.15,0.05,2.35,485,1532,0.31657963446475196,0.31414004107670723
spatial_shift_js_0.15,spatial_shift,0.15,0.05,2.4000000000000004,495,1532,0.32310704960835507,0.3156928875890261
spatial_shift_js_0.15,spatial_shift,0.15,0.05,2.45,504,1532,0.3289817232375979,0.31705902511275486
spatial_shift_js_0.15,spatial_shift,0.15,0.05,2.5,514,1532,0.33550913838120106,0.31878624326586574
spatial_shift_js_0.15,spatial_shift,0.15,0.05,2.5500000000000003,522,1532,0.34073107049608353,0.3200484247438119
spatial_shift_js_0.15,spatial_shift,0.15,0.05,2.6,530,1532,0.34595300261096606,0.3212482778703814
spatial_shift_js_0.15,spatial_shift,0.15,0.05,2.6500000000000004,541,1532,0.3531331592689295,0.32316356710945304
spatial_shift_js_0.15,spatial_shift,0.15,0.05,2.7,548,1532,0.3577023498694517,0.32420095179665553
spatial_shift_js_0.15,spatial_shift,0.15,0.05,2.75,555,1532,0.3622715404699739,0.3252676220883701
spatial_shift_js_0.15,spatial_shift,0.15,0.05,2.8000000000000003,561,1532,0.3661879895561358,0.3261514805188969
spatial_shift_js_0.15,spatial_shift,0.15,0.05,2.85,566,1532,0.36945169712793735,0.3268880200195069
spatial_shift_js_0.15,spatial_shift,0.15,0.05,2.9000000000000004,569,1532,0.3714099216710183,0.3273280447060255
spatial_shift_js_0.15,spatial_shift,0.15,0.05,2.95,571,1532,0.3727154046997389,0.32762192818532276
spatial_shift_js_0.15,spatial_shift,0.15,0.05,3.0,572,1532,0.3733681462140992,0.3277687122928302
spatial_shift_js_0.15,spatial_shift,0.15,0.05,3.0500000000000003,572,1532,0.3733681462140992,0.3277687122928302
spatial_shift_js_0.15,spatial_shift,0.15,0.05,3.1,572,1532,0.3733681462140992,0.3277687122928302
spatial_shift_js_0.15,spatial_shift,0.15,0.05,3.1500000000000004,572,1532,0.3733681462140992,0.3277687122928302
spatial_shift_js_0.15,spatial_shift,0.15,0.05,3.2,572,1532,0.3733681462140992,0.3277687122928302
spatial_shift_js_0.15,spatial_shift,0.15,0.05,3.25,572,1532,0.3733681462140992,0.3277687122928302
spatial_shift_js_0.15,spatial_shift,0.15,0.05,3.3000000000000003,572,1532,0.3733681462140992,0.3277687122928302
spatial_shift_js_0.15,spatial_shift,0.15,0.05,3.35,572,1532,0.3733681462140992,0.3277687122928302
spatial_shift_js_0.15,spatial_shift,0.15,0.05,3.4000000000000004,574,1532,0.37467362924281983,0.334276486928118
spatial_shift_js_0.15,spatial_shift,0.15,0.05,3.45,576,1532,0.37597911227154046,0.3424451593584906
spatial_shift_js_0.15,spatial_shift,0.15,0.05,3.5,579,1532,0.3779373368146214,0.35687702206780814
spatial_shift_js_0.15,spatial_shift,0.15,0.05,3.5500000000000003,579,1532,0.3779373368146214,0.35687702206780814
spatial_shift_js_0.15,spatial_shift,0.15,0.05,3.6,581,1532,0.379242819843342,0.3663165593323744
spatial_shift_js_0.15,spatial_shift,0.15,0.05,3.6500000000000004,583,1532,0.38054830287206265,0.3751039698780725
spatial_shift_js_0.15,spatial_shift,0.15,0.05,3.7,585,1532,0.3818537859007833,0.3829993205294162
spatial_shift_js_0.15,spatial_shift,0.15,0.05,3.75,588,1532,0.3838120104438642,0.3968014192563713
spatial_shift_js_0.15,spatial_shift,0.15,0.05,3.8000000000000003,594,1532,0.3877284595300261,0.4180605353423667
spatial_shift_js_0.15,spatial_shift,0.15,0.05,3.85,599,1532,0.39099216710182766,0.4352654822810447
spatial_shift_js_0.15,spatial_shift,0.15,0.05,3.9000000000000004,604,1532,0.39425587467362927,0.45019430024963936
spatial_shift_js_0.15,spatial_shift,0.15,0.05,3.95,614,1532,0.4007832898172324,0.4873504728857241
spatial_shift_js_0.15,spatial_shift,0.15,0.05,4.0,619,1532,0.40404699738903394,0.5047118057855381
spatial_shift_js_0.15,spatial_shift,0.15,0.05,4.05,630,1532,0.4112271540469974,0.5451636841384131
spatial_shift_js_0.15,spatial_shift,0.15,0.05,4.1000000000000005,641,1532,0.41840731070496084,0.5815000580533528
spatial_shift_js_0.15,spatial_shift,0.15,0.05,4.15,652,1532,0.4255874673629243,0.6146128251760528
spatial_shift_js_0.15,spatial_shift,0.15,0.05,4.2,664,1532,0.43342036553524804,0.6463573311172595
spatial_shift_js_0.15,spatial_shift,0.15,0.05,4.25,682,1532,0.4451697127937337,0.6842467120447754
spatial_shift_js_0.15,spatial_shift,0.15,0.05,4.3,697,1532,0.4549608355091384,0.7085688531997703
spatial_shift_js_0.15,spatial_shift,0.15,0.05,4.3500000000000005,717,1532,0.4680156657963446,0.7301205833870328
spatial_shift_js_0.15,spatial_shift,0.15,0.05,4.4,734,1532,0.47911227154047,0.7420838472016852
spatial_shift_js_0.15,spatial_shift,0.15,0.05,4.45,745,1532,0.48629242819843344,0.7468265374915561
spatial_shift_js_0.15,spatial_shift,0.15,0.05,4.5,750,1532,0.489556135770235,0.7482789065287752
spatial_shift_js_0.15,spatial_shift,0.15,0.05,4.55,751,1532,0.4902088772845953,0.7485049588277345
spatial_shift_js_0.15,spatial_shift,0.15,0.05,4.6000000000000005,751,1532,0.4902088772845953,0.7485049588277345
spatial_shift_js_0.15,spatial_shift,0.15,0.05,4.65,751,1532,0.4902088772845953,0.7485049588277345
spatial_shift_js_0.15,spatial_shift,0.15,0.05,4.7,751,1532,0.4902088772845953,0.7485049588277345
spatial_shift_js_0.15,spatial_shift,0.15,0.05,4.75,751,1532,0.4902088772845953,0.7485049588277345
spatial_shift_js_0.15,spatial_shift,0.15,0.05,4.800000000000001,751,1532,0.4902088772845953,0.7485049588277345
spatial_shift_js_0.15,spatial_shift,0.15,0.05,4.8500000000000005,751,1532,0.4902088772845953,0.7485049588277345
spatial_shift_js_0.15,spatial_shift,0.15,0.05,4.9,751,1532,0.4902088772845953,0.7485049588277345
spatial_shift_js_0.15,spatial_shift,0.15,0.05,4.95,751,1532,0.4902088772845953,0.7485049588277345
spatial_shift_js_0.15,spatial_shift,0.15,0.05,5.0,751,1532,0.4902088772845953,0.7485049588277345
spatial_shift_js_0.15,spatial_shift,0.15,0.05,5.050000000000001,751,1532,0.4902088772845953,0.7485049588277345
spatial_shift_js_0.15,spatial_shift,0.15,0.05,5.1000000000000005,752,1532,0.4908616187989556,0.7490569665416789
spatial_shift_js_0.15,spatial_shift,0.15,0.05,5.15,753,1532,0.4915143603133159,0.7496242572193863
spatial_shift_js_0.15,spatial_shift,0.15,0.05,5.2,754,1532,0.49216710182767626,0.750191547897094
spatial_shift_js_0.15,spatial_shift,0.15,0.05,5.25,756,1532,0.4934725848563969,0.7515221626688309
spatial_shift_js_0.15,spatial_shift,0.15,0.05,5.300000000000001,759,1532,0.4954308093994778,0.7535795078733203
spatial_shift_js_0.15,spatial_shift,0.15,0.05,5.3500000000000005,761,1532,0.49673629242819844,0.754944507906655
spatial_shift_js_0.15,spatial_shift,0.15,0.05,5.4,764,1532,0.49869451697127937,0.7579997576457251
spatial_shift_js_0.15,spatial_shift,0.15,0.05,5.45,765,1532,0.4993472584856397,0.7588791656840681
spatial_shift_js_0.15,spatial_shift,0.15,0.05,5.5,769,1532,0.5019582245430809,0.7641365259607955
spatial_shift_js_0.15,spatial_shift,0.15,0.05,5.550000000000001,772,1532,0.5039164490861618,0.7691398830600089
spatial_shift_js_0.15,spatial_shift,0.15,0.05,5.6000000000000005,773,1532,0.5045691906005222,0.7710669978974807
spatial_shift_js_0.15,spatial_shift,0.15,0.05,5.65,775,1532,0.5058746736292428,0.7754918681733058
spatial_shift_js_0.15,spatial_shift,0.15,0.05,5.7,776,1532,0.5065274151436031,0.7781222502376608
spatial_shift_js_0.15,spatial_shift,0.15,0.05,5.75,776,1532,0.5065274151436031,0.7781222502376608
spatial_shift_js_0.15,spatial_shift,0.15,0.05,5.800000000000001,776,1532,0.5065274151436031,0.7781222502376608
spatial_shift_js_0.15,spatial_shift,0.15,0.05,5.8500000000000005,776,1532,0.5065274151436031,0.7781222502376608
spatial_shift_js_0.15,spatial_shift,0.15,0.05,5.9,776,1532,0.5065274151436031,0.7781222502376608
spatial_shift_js_0.15,spatial_shift,0.15,0.05,5.95,776,1532,0.5065274151436031,0.7781222502376608
spatial_shift_js_0.15,spatial_shift,0.15,0.05,6.0,776,1532,0.5065274151436031,0.7781222502376608
spatial_shift_js_0.15,spatial_shift,0.15,0.05,6.050000000000001,776,1532,0.5065274151436031,0.7781222502376608
spatial_shift_js_0.15,spatial_shift,0.15,0.05,6.1000000000000005,776,1532,0.5065274151436031,0.7781222502376608
spatial_shift_js_0.15,spatial_shift,0.15,0.05,6.15,776,1532,0.5065274151436031,0.7781222502376608
spatial_shift_js_0.15,spatial_shift,0.15,0.05,6.2,776,1532,0.5065274151436031,0.7781222502376608
spatial_shift_js_0.15,spatial_shift,0.15,0.05,6.25,776,1532,0.5065274151436031,0.7781222502376608
spatial_shift_js_0.15,spatial_shift,0.15,0.05,6.300000000000001,776,1532,0.5065274151436031,0.7781222502376608
spatial_shift_js_0.15,spatial_shift,0.15,0.05,6.3500000000000005,776,1532,0.5065274151436031,0.7781222502376608
spatial_shift_js_0.15,spatial_shift,0.15,0.05,6.4,776,1532,0.5065274151436031,0.7781222502376608
spatial_shift_js_0.15,spatial_shift,0.15,0.05,6.45,776,1532,0.5065274151436031,0.7781222502376608
spatial_shift_js_0.15,spatial_shift,0.15,0.05,6.5,776,1532,0.5065274151436031,0.7781222502376608
spatial_shift_js_0.15,spatial_shift,0.15,0.05,6.550000000000001,776,1532,0.5065274151436031,0.7781222502376608
spatial_shift_js_0.15,spatial_shift,0.15,0.05,6.6000000000000005,777,1532,0.5071801566579635,0.7799224049034847
spatial_shift_js_0.15,spatial_shift,0.15,0.05,6.65,777,1532,0.5071801566579635,0.7799224049034847
spatial_shift_js_0.15,spatial_shift,0.15,0.05,6.7,778,1532,0.5078328981723238,0.7812990089143634
spatial_shift_js_0.15,spatial_shift,0.15,0.05,6.75,779,1532,0.508485639686684,0.7823605365315642
spatial_shift_js_0.15,spatial_shift,0.15,0.05,6.800000000000001,780,1532,0.5091383812010444,0.7834220641487653
spatial_shift_js_0.15,spatial_shift,0.15,0.05,6.8500000000000005,780,1532,0.5091383812010444,0.7834220641487653
spatial_shift_js_0.15,spatial_shift,0.15,0.05,6.9,780,1532,0.5091383812010444,0.7834220641487653
spatial_shift_js_0.15,spatial_shift,0.15,0.05,6.95,780,1532,0.5091383812010444,0.7834220641487653
spatial_shift_js_0.15,spatial_shift,0.15,0.05,7.0,780,1532,0.5091383812010444,0.7834220641487653
spatial_shift_js_0.15,spatial_shift,0.15,0.05,7.050000000000001,780,1532,0.5091383812010444,0.7834220641487653
spatial_shift_js_0.15,spatial_shift,0.15,0.05,7.1000000000000005,780,1532,0.5091383812010444,0.7834220641487653
spatial_shift_js_0.15,spatial_shift,0.15,0.05,7.15,780,1532,0.5091383812010444,0.7834220641487653
spatial_shift_js_0.15,spatial_shift,0.15,0.05,7.2,780,1532,0.5091383812010444,0.7834220641487653
spatial_shift_js_0.15,spatial_shift,0.15,0.05,7.25,780,1532,0.5091383812010444,0.7834220641487653
spatial_shift_js_0.15,spatial_shift,0.15,0.05,7.300000000000001,780,1532,0.5091383812010444,0.7834220641487653
spatial_shift_js_0.15,spatial_shift,0.15,0.05,7.3500000000000005,780,1532,0.5091383812010444,0.7834220641487653
spatial_shift_js_0.15,spatial_shift,0.15,0.05,7.4,780,1532,0.5091383812010444,0.7834220641487653
spatial_shift_js_0.15,spatial_shift,0.15,0.05,7.45,780,1532,0.5091383812010444,0.7834220641487653
spatial_shift_js_0.15,spatial_shift,0.15,0.05,7.5,780,1532,0.5091383812010444,0.7834220641487653
spatial_shift_js_0.15,spatial_shift,0.15,0.05,7.550000000000001,780,1532,0.5091383812010444,0.7834220641487653
spatial_shift_js_0.15,spatial_shift,0.15,0.05,7.6000000000000005,780,1532,0.5091383812010444,0.7834220641487653
spatial_shift_js_0.15,spatial_shift,0.15,0.05,7.65,780,1532,0.5091383812010444,0.7834220641487653
spatial_shift_js_0.15,spatial_shift,0.15,0.05,7.7,780,1532,0.5091383812010444,0.7834220641487653
spatial_shift_js_0.15,spatial_shift,0.15,0.05,7.75,780,1532,0.5091383812010444,0.7834220641487653
spatial_shift_js_0.15,spatial_shift,0.15,0.05,7.800000000000001,780,1532,0.5091383812010444,0.7834220641487653
spatial_shift_js_0.15,spatial_shift,0.15,0.05,7.8500000000000005,780,1532,0.5091383812010444,0.7834220641487653
spatial_shift_js_0.15,spatial_shift,0.15,0.05,7.9,780,1532,0.5091383812010444,0.7834220641487653
spatial_shift_js_0.15,spatial_shift,0.15,0.05,7.95,780,1532,0.5091383812010444,0.7834220641487653
spatial_shift_js_0.15,spatial_shift,0.15,0.05,8.0,780,1532,0.5091383812010444,0.7834220641487653
spatial_shift_js_0.15,spatial_shift,0.15,0.05,8.05,780,1532,0.5091383812010444,0.7834220641487653
spatial_shift_js_0.15,spatial_shift,0.15,0.05,8.1,780,1532,0.5091383812010444,0.7834220641487653
spatial_shift_js_0.15,spatial_shift,0.15,0.05,8.15,780,1532,0.5091383812010444,0.7834220641487653
spatial_shift_js_0.15,spatial_shift,0.15,0.05,8.200000000000001,780,1532,0.5091383812010444,0.7834220641487653
spatial_shift_js_0.15,spatial_shift,0.15,0.05,8.25,780,1532,0.5091383812010444,0.7834220641487653
spatial_shift_js_0.15,spatial_shift,0.15,0.05,8.3,780,1532,0.5091383812010444,0.7834220641487653
spatial_shift_js_0.15,spatial_shift,0.15,0.05,8.35,780,1532,0.5091383812010444,0.7834220641487653
spatial_shift_js_0.15,spatial_shift,0.15,0.05,8.4,780,1532,0.5091383812010444,0.7834220641487653
spatial_shift_js_0.15,spatial_shift,0.15,0.05,8.450000000000001,780,1532,0.5091383812010444,0.7834220641487653
spatial_shift_js_0.15,spatial_shift,0.15,0.05,8.5,780,1532,0.5091383812010444,0.7834220641487653
spatial_shift_js_0.15,spatial_shift,0.15,0.05,8.55,780,1532,0.5091383812010444,0.7834220641487653
spatial_shift_js_0.15,spatial_shift,0.15,0.05,8.6,780,1532,0.5091383812010444,0.7834220641487653
spatial_shift_js_0.15,spatial_shift,0.15,0.05,8.65,780,1532,0.5091383812010444,0.7834220641487653
spatial_shift_js_0.15,spatial_shift,0.15,0.05,8.700000000000001,780,1532,0.5091383812010444,0.7834220641487653
spatial_shift_js_0.15,spatial_shift,0.15,0.05,8.75,780,1532,0.5091383812010444,0.7834220641487653
spatial_shift_js_0.15,spatial_shift,0.15,0.05,8.8,780,1532,0.5091383812010444,0.7834220641487653
spatial_shift_js_0.15,spatial_shift,0.15,0.05,8.85,780,1532,0.5091383812010444,0.7834220641487653
spatial_shift_js_0.15,spatial_shift,0.15,0.05,8.9,780,1532,0.5091383812010444,0.7834220641487653
spatial_shift_js_0.15,spatial_shift,0.15,0.05,8.950000000000001,780,1532,0.5091383812010444,0.7834220641487653
spatial_shift_js_0.15,spatial_shift,0.15,0.05,9.0,780,1532,0.5091383812010444,0.7834220641487653
spatial_shift_js_0.15,spatial_shift,0.15,0.05,9.05,780,1532,0.5091383812010444,0.7834220641487653
spatial_shift_js_0.15,spatial_shift,0.15,0.05,9.1,780,1532,0.5091383812010444,0.7834220641487653
spatial_shift_js_0.15,spatial_shift,0.15,0.05,9.15,780,1532,0.5091383812010444,0.7834220641487653
spatial_shift_js_0.15,spatial_shift,0.15,0.05,9.200000000000001,780,1532,0.5091383812010444,0.7834220641487653
spatial_shift_js_0.15,spatial_shift,0.15,0.05,9.25,780,1532,0.5091383812010444,0.7834220641487653
spatial_shift_js_0.15,spatial_shift,0.15,0.05,9.3,780,1532,0.5091383812010444,0.7834220641487653
spatial_shift_js_0.15,spatial_shift,0.15,0.05,9.35,780,1532,0.5091383812010444,0.7834220641487653
spatial_shift_js_0.15,spatial_shift,0.15,0.05,9.4,780,1532,0.5091383812010444,0.7834220641487653
spatial_shift_js_0.15,spatial_shift,0.15,0.05,9.450000000000001,780,1532,0.5091383812010444,0.7834220641487653
spatial_shift_js_0.15,spatial_shift,0.15,0.05,9.5,780,1532,0.5091383812010444,0.7834220641487653
spatial_shift_js_0.15,spatial_shift,0.15,0.05,9.55,780,1532,0.5091383812010444,0.7834220641487653
spatial_shift_js_0.15,spatial_shift,0.15,0.05,9.600000000000001,780,1532,0.5091383812010444,0.7834220641487653
spatial_shift_js_0.15,spatial_shift,0.15,0.05,9.65,780,1532,0.5091383812010444,0.7834220641487653
spatial_shift_js_0.15,spatial_shift,0.15,0.05,9.700000000000001,780,1532,0.5091383812010444,0.7834220641487653
spatial_shift_js_0.15,spatial_shift,0.15,0.05,9.75,780,1532,0.5091383812010444,0.7834220641487653
spatial_shift_js_0.15,spatial_shift,0.15,0.05,9.8,780,1532,0.5091383812010444,0.7834220641487653
spatial_shift_js_0.15,spatial_shift,0.15,0.05,9.850000000000001,780,1532,0.5091383812010444,0.7834220641487653
spatial_shift_js_0.15,spatial_shift,0.15,0.05,9.9,780,1532,0.5091383812010444,0.7834220641487653
spatial_shift_js_0.15,spatial_shift,0.15,0.05,9.950000000000001,780,1532,0.5091383812010444,0.7834220641487653
spatial_shift_js_0.15,spatial_shift,0.15,0.05,10.0,780,1532,0.5091383812010444,0.7834220641487653
spatial_shift_js_0.15,spatial_shift,0.15,0.05,10.05,780,1532,0.5091383812010444,0.7834220641487653
spatial_shift_js_0.15,spatial_shift,0.15,0.05,10.100000000000001,780,1532,0.5091383812010444,0.7834220641487653
spatial_shift_js_0.15,spatial_shift,0.15,0.05,10.15,780,1532,0.5091383812010444,0.7834220641487653
spatial_shift_js_0.15,spatial_shift,0.15,0.05,10.200000000000001,780,1532,0.5091383812010444,0.7834220641487653
spatial_shift_js_0.15,spatial_shift,0.15,0.05,10.25,780,1532,0.5091383812010444,0.7834220641487653
spatial_shift_js_0.15,spatial_shift,0.15,0.05,10.3,780,1532,0.5091383812010444,0.7834220641487653
spatial_shift_js_0.15,spatial_shift,0.15,0.05,10.350000000000001,780,1532,0.5091383812010444,0.7834220641487653
spatial_shift_js_0.15,spatial_shift,0.15,0.05,10.4,780,1532,0.5091383812010444,0.7834220641487653
spatial_shift_js_0.15,spatial_shift,0.15,0.05,10.450000000000001,780,1532,0.5091383812010444,0.7834220641487653
spatial_shift_js_0.15,spatial_shift,0.15,0.05,10.5,780,1532,0.5091383812010444,0.7834220641487653
spatial_shift_js_0.15,spatial_shift,0.15,0.05,10.55,780,1532,0.5091383812010444,0.7834220641487653
spatial_shift_js_0.15,spatial_shift,0.15,0.05,10.600000000000001,780,1532,0.5091383812010444,0.7834220641487653
spatial_shift_js_0.15,spatial_shift,0.15,0.05,10.65,780,1532,0.5091383812010444,0.7834220641487653
spatial_shift_js_0.15,spatial_shift,0.15,0.05,10.700000000000001,780,1532,0.5091383812010444,0.7834220641487653
spatial_shift_js_0.15,spatial_shift,0.15,0.05,10.75,780,1532,0.5091383812010444,0.7834220641487653
spatial_shift_js_0.15,spatial_shift,0.15,0.05,10.8,780,1532,0.5091383812010444,0.7834220641487653
spatial_shift_js_0.15,spatial_shift,0.15,0.05,10.850000000000001,780,1532,0.5091383812010444,0.7834220641487653
spatial_shift_js_0.15,spatial_shift,0.15,0.05,10.9,780,1532,0.5091383812010444,0.7834220641487653
spatial_shift_js_0.15,spatial_shift,0.15,0.05,10.950000000000001,780,1532,0.5091383812010444,0.7834220641487653
spatial_shift_js_0.15,spatial_shift,0.15,0.05,11.0,780,1532,0.5091383812010444,0.7834220641487653
spatial_shift_js_0.15,spatial_shift,0.15,0.05,11.05,780,1532,0.5091383812010444,0.7834220641487653
spatial_shift_js_0.15,spatial_shift,0.15,0.05,11.100000000000001,780,1532,0.5091383812010444,0.7834220641487653
spatial_shift_js_0.15,spatial_shift,0.15,0.05,11.15,780,1532,0.5091383812010444,0.7834220641487653
spatial_shift_js_0.15,spatial_shift,0.15,0.05,11.200000000000001,780,1532,0.5091383812010444,0.7834220641487653
spatial_shift_js_0.15,spatial_shift,0.15,0.05,11.25,780,1532,0.5091383812010444,0.7834220641487653
spatial_shift_js_0.15,spatial_shift,0.15,0.05,11.3,780,1532,0.5091383812010444,0.7834220641487653
spatial_shift_js_0.15,spatial_shift,0.15,0.05,11.350000000000001,780,1532,0.5091383812010444,0.7834220641487653
spatial_shift_js_0.15,spatial_shift,0.15,0.05,11.4,780,1532,0.5091383812010444,0.7834220641487653
spatial_shift_js_0.15,spatial_shift,0.15,0.05,11.450000000000001,780,1532,0.5091383812010444,0.7834220641487653
spatial_shift_js_0.15,spatial_shift,0.15,0.05,11.5,780,1532,0.5091383812010444,0.7834220641487653
spatial_shift_js_0.15,spatial_shift,0.15,0.05,11.55,780,1532,0.5091383812010444,0.7834220641487653
spatial_shift_js_0.15,spatial_shift,0.15,0.05,11.600000000000001,780,1532,0.5091383812010444,0.7834220641487653
spatial_shift_js_0.15,spatial_shift,0.15,0.05,11.65,780,1532,0.5091383812010444,0.7834220641487653
spatial_shift_js_0.15,spatial_shift,0.15,0.05,11.700000000000001,780,1532,0.5091383812010444,0.7834220641487653
spatial_shift_js_0.15,spatial_shift,0.15,0.05,11.75,780,1532,0.5091383812010444,0.7834220641487653
spatial_shift_js_0.15,spatial_shift,0.15,0.05,11.8,780,1532,0.5091383812010444,0.7834220641487653
spatial_shift_js_0.15,spatial_shift,0.15,0.05,11.850000000000001,780,1532,0.5091383812010444,0.7834220641487653
spatial_shift_js_0.15,spatial_shift,0.15,0.05,11.9,780,1532,0.5091383812010444,0.7834220641487653
spatial_shift_js_0.15,spatial_shift,0.15,0.05,11.950000000000001,780,1532,0.5091383812010444,0.7834220641487653
spatial_shift_js_0.15,spatial_shift,0.15,0.05,12.0,780,1532,0.5091383812010444,0.7834220641487653
spatial_shift_js_0.15,spatial_shift,0.15,0.05,12.05,780,1532,0.5091383812010444,0.7834220641487653
spatial_shift_js_0.15,spatial_shift,0.15,0.05,12.100000000000001,780,1532,0.5091383812010444,0.7834220641487653
spatial_shift_js_0.15,spatial_shift,0.15,0.05,12.15,780,1532,0.5091383812010444,0.7834220641487653
spatial_shift_js_0.15,spatial_shift,0.15,0.05,12.200000000000001,780,1532,0.5091383812010444,0.7834220641487653
spatial_shift_js_0.15,spatial_shift,0.15,0.05,12.25,780,1532,0.5091383812010444,0.7834220641487653
spatial_shift_js_0.15,spatial_shift,0.15,0.05,12.3,780,1532,0.5091383812010444,0.7834220641487653
spatial_shift_js_0.15,spatial_shift,0.15,0.05,12.350000000000001,780,1532,0.5091383812010444,0.7834220641487653
spatial_shift_js_0.15,spatial_shift,0.15,0.05,12.4,780,1532,0.5091383812010444,0.7834220641487653
spatial_shift_js_0.15,spatial_shift,0.15,0.05,12.450000000000001,780,1532,0.5091383812010444,0.7834220641487653
spatial_shift_js_0.15,spatial_shift,0.15,0.05,12.5,780,1532,0.5091383812010444,0.7834220641487653
spatial_shift_js_0.15,spatial_shift,0.15,0.05,12.55,780,1532,0.5091383812010444,0.7834220641487653
spatial_shift_js_0.15,spatial_shift,0.15,0.05,12.600000000000001,780,1532,0.5091383812010444,0.7834220641487653
spatial_shift_js_0.15,spatial_shift,0.15,0.05,12.65,780,1532,0.5091383812010444,0.7834220641487653
spatial_shift_js_0.15,spatial_shift,0.15,0.05,12.700000000000001,780,1532,0.5091383812010444,0.7834220641487653
spatial_shift_js_0.15,spatial_shift,0.15,0.05,12.75,780,1532,0.5091383812010444,0.7834220641487653
spatial_shift_js_0.15,spatial_shift,0.15,0.05,12.8,780,1532,0.5091383812010444,0.7834220641487653
spatial_shift_js_0.15,spatial_shift,0.15,0.05,12.850000000000001,780,1532,0.5091383812010444,0.7834220641487653
spatial_shift_js_0.15,spatial_shift,0.15,0.05,12.9,780,1532,0.5091383812010444,0.7834220641487653
spatial_shift_js_0.15,spatial_shift,0.15,0.05,12.950000000000001,780,1532,0.5091383812010444,0.7834220641487653
spatial_shift_js_0.15,spatial_shift,0.15,0.05,13.0,780,1532,0.5091383812010444,0.7834220641487653
spatial_shift_js_0.15,spatial_shift,0.15,0.05,13.05,780,1532,0.5091383812010444,0.7834220641487653
spatial_shift_js_0.15,spatial_shift,0.15,0.05,13.100000000000001,780,1532,0.5091383812010444,0.7834220641487653
spatial_shift_js_0.15,spatial_shift,0.15,0.05,13.15,780,1532,0.5091383812010444,0.7834220641487653
spatial_shift_js_0.15,spatial_shift,0.15,0.05,13.200000000000001,780,1532,0.5091383812010444,0.7834220641487653
spatial_shift_js_0.15,spatial_shift,0.15,0.05,13.25,780,1532,0.5091383812010444,0.7834220641487653
spatial_shift_js_0.15,spatial_shift,0.15,0.05,13.3,780,1532,0.5091383812010444,0.7834220641487653
spatial_shift_js_0.15,spatial_shift,0.15,0.05,13.350000000000001,780,1532,0.5091383812010444,0.7834220641487653
spatial_shift_js_0.15,spatial_shift,0.15,0.05,13.4,780,1532,0.5091383812010444,0.7834220641487653
spatial_shift_js_0.15,spatial_shift,0.15,0.05,13.450000000000001,780,1532,0.5091383812010444,0.7834220641487653
spatial_shift_js_0.15,spatial_shift,0.15,0.05,13.5,780,1532,0.5091383812010444,0.7834220641487653
spatial_shift_js_0.15,spatial_shift,0.15,0.05,13.55,780,1532,0.5091383812010444,0.7834220641487653
spatial_shift_js_0.15,spatial_shift,0.15,0.05,13.600000000000001,780,1532,0.5091383812010444,0.7834220641487653
spatial_shift_js_0.15,spatial_shift,0.15,0.05,13.65,780,1532,0.5091383812010444,0.7834220641487653
spatial_shift_js_0.15,spatial_shift,0.15,0.05,13.700000000000001,780,1532,0.5091383812010444,0.7834220641487653
spatial_shift_js_0.15,spatial_shift,0.15,0.05,13.75,780,1532,0.5091383812010444,0.7834220641487653
spatial_shift_js_0.15,spatial_shift,0.15,0.05,13.8,780,1532,0.5091383812010444,0.7834220641487653
spatial_shift_js_0.15,spatial_shift,0.15,0.05,13.850000000000001,780,1532,0.5091383812010444,0.7834220641487653
spatial_shift_js_0.15,spatial_shift,0.15,0.05,13.9,780,1532,0.5091383812010444,0.7834220641487653
spatial_shift_js_0.15,spatial_shift,0.15,0.05,13.950000000000001,780,1532,0.5091383812010444,0.7834220641487653
spatial_shift_js_0.15,spatial_shift,0.15,0.05,14.0,780,1532,0.5091383812010444,0.7834220641487653
spatial_shift_js_0.15,spatial_shift,0.15,0.05,14.05,780,1532,0.5091383812010444,0.7834220641487653
spatial_shift_js_0.15,spatial_shift,0.15,0.05,14.100000000000001,780,1532,0.5091383812010444,0.7834220641487653
spatial_shift_js_0.15,spatial_shift,0.15,0.05,14.15,780,1532,0.5091383812010444,0.7834220641487653
spatial_shift_js_0.15,spatial_shift,0.15,0.05,14.200000000000001,780,1532,0.5091383812010444,0.7834220641487653
spatial_shift_js_0.15,spatial_shift,0.15,0.05,14.25,780,1532,0.5091383812010444,0.7834220641487653
spatial_shift_js_0.15,spatial_shift,0.15,0.05,14.3,780,1532,0.5091383812010444,0.7834220641487653
spatial_shift_js_0.15,spatial_shift,0.15,0.05,14.350000000000001,780,1532,0.5091383812010444,0.7834220641487653
spatial_shift_js_0.15,spatial_shift,0.15,0.05,14.4,780,1532,0.5091383812010444,0.7834220641487653
spatial_shift_js_0.15,spatial_shift,0.15,0.05,14.450000000000001,780,1532,0.5091383812010444,0.7834220641487653
spatial_shift_js_0.15,spatial_shift,0.15,0.05,14.5,780,1532,0.5091383812010444,0.7834220641487653
spatial_shift_js_0.15,spatial_shift,0.15,0.05,14.55,780,1532,0.5091383812010444,0.7834220641487653
spatial_shift_js_0.15,spatial_shift,0.15,0.05,14.600000000000001,780,1532,0.5091383812010444,0.7834220641487653
spatial_shift_js_0.15,spatial_shift,0.15,0.05,14.65,780,1532,0.5091383812010444,0.7834220641487653
spatial_shift_js_0.15,spatial_shift,0.15,0.05,14.700000000000001,780,1532,0.5091383812010444,0.7834220641487653
spatial_shift_js_0.15,spatial_shift,0.15,0.05,14.75,780,1532,0.5091383812010444,0.7834220641487653
spatial_shift_js_0.15,spatial_shift,0.15,0.05,14.8,780,1532,0.5091383812010444,0.7834220641487653
spatial_shift_js_0.15,spatial_shift,0.15,0.05,14.850000000000001,780,1532,0.5091383812010444,0.7834220641487653
spatial_shift_js_0.15,spatial_shift,0.15,0.05,14.9,780,1532,0.5091383812010444,0.7834220641487653
spatial_shift_js_0.15,spatial_shift,0.15,0.05,14.950000000000001,780,1532,0.5091383812010444,0.7834220641487653
spatial_shift_js_0.15,spatial_shift,0.15,0.05,15.0,780,1532,0.5091383812010444,0.7834220641487653
diffuse_blur_js_0.05,diffuse_blur,0.05,0.05,0.0,76,1532,0.04960835509138381,0.011122795102453328
diffuse_blur_js_0.05,diffuse_blur,0.05,0.05,0.05,77,1532,0.05026109660574413,0.011269173933804206
diffuse_blur_js_0.05,diffuse_blur,0.05,0.05,0.1,81,1532,0.05287206266318538,0.011854599566472253
diffuse_blur_js_0.05,diffuse_blur,0.05,0.05,0.15000000000000002,87,1532,0.05678851174934726,0.012732776061974886
diffuse_blur_js_0.05,diffuse_blur,0.05,0.05,0.2,92,1532,0.06005221932114883,0.013464564283537362
diffuse_blur_js_0.05,diffuse_blur,0.05,0.05,0.25,105,1532,0.0685378590078329,0.015367440601996879
diffuse_blur_js_0.05,diffuse_blur,0.05,0.05,0.30000000000000004,113,1532,0.0737597911227154,0.016538768272810093
diffuse_blur_js_0.05,diffuse_blur,0.05,0.05,0.35000000000000003,126,1532,0.08224543080939947,0.018442513737159914
diffuse_blur_js_0.05,diffuse_blur,0.05,0.05,0.4,137,1532,0.08942558746736293,0.020055437741584373
diffuse_blur_js_0.05,diffuse_blur,0.05,0.05,0.45,153,1532,0.09986945169712794,0.022405597618074043
diffuse_blur_js_0.05,diffuse_blur,0.05,0.05,0.5,168,1532,0.10966057441253264,0.024621186566866328
diffuse_blur_js_0.05,diffuse_blur,0.05,0.05,0.55,187,1532,0.12206266318537859,0.02746757943698658
diffuse_blur_js_0.05,diffuse_blur,0.05,0.05,0.6000000000000001,203,1532,0.1325065274151436,0.02993271851044136
diffuse_blur_js_0.05,diffuse_blur,0.05,0.05,0.65,216,1532,0.1409921671018277,0.03200893853765309
diffuse_blur_js_0.05,diffuse_blur,0.05,0.05,0.7000000000000001,225,1532,0.1468668407310705,0.033518960819447816
diffuse_blur_js_0.05,diffuse_blur,0.05,0.05,0.75,230,1532,0.15013054830287206,0.03437347506269568
diffuse_blur_js_0.05,diffuse_blur,0.05,0.05,0.8,234,1532,0.15274151436031333,0.035204303278478004
diffuse_blur_js_0.05,diffuse_blur,0.05,0.05,0.8500000000000001,234,1532,0.15274151436031333,0.035204303278478004
diffuse_blur_js_0.05,diffuse_blur,0.05,0.05,0.9,234,1532,0.15274151436031333,0.035204303278478004
diffuse_blur_js_0.05,diffuse_blur,0.05,0.05,0.9500000000000001,234,1532,0.15274151436031333,0.035204303278478004
diffuse_blur_js_0.05,diffuse_blur,0.05,0.05,1.0,246,1532,0.16057441253263707,0.0592797684596337
diffuse_blur_js_0.05,diffuse_blur,0.05,0.05,1.05,270,1532,0.1762402088772846,0.1130840694728643
diffuse_blur_js_0.05,diffuse_blur,0.05,0.05,1.1,281,1532,0.18342036553524804,0.14242176412050117
diffuse_blur_js_0.05,diffuse_blur,0.05,0.05,1.1500000000000001,291,1532,0.18994778067885118,0.16205346750574215
diffuse_blur_js_0.05,diffuse_blur,0.05,0.05,1.2000000000000002,299,1532,0.19516971279373369,0.1816441156385754
diffuse_blur_js_0.05,diffuse_blur,0.05,0.05,1.25,310,1532,0.20234986945169714,0.20376311200135058
diffuse_blur_js_0.05,diffuse_blur,0.05,0.05,1.3,317,1532,0.20691906005221933,0.21558906479008177
diffuse_blur_js_0.05,diffuse_blur,0.05,0.05,1.35,324,1532,0.21148825065274152,0.22627973609069824
diffuse_blur_js_0.05,diffuse_blur,0.05,0.05,1.4000000000000001,330,1532,0.2154046997389034,0.23559817298605776
diffuse_blur_js_0.05,diffuse_blur,0.05,0.05,1.4500000000000002,334,1532,0.21801566579634465,0.23982023603755723
diffuse_blur_js_0.05,diffuse_blur,0.05,0.05,1.5,336,1532,0.2193211488250653,0.24801280447130497
diffuse_blur_js_0.05,diffuse_blur,0.05,0.05,1.55,345,1532,0.22519582245430808,0.2653904371523659
diffuse_blur_js_0.05,diffuse_blur,0.05,0.05,1.6,347,1532,0.22650130548302871,0.27008026355133785
diffuse_blur_js_0.05,diffuse_blur,0.05,0.05,1.6500000000000001,352,1532,0.2297650130548303,0.2818911036130679
diffuse_blur_js_0.05,diffuse_blur,0.05,0.05,1.7000000000000002,357,1532,0.23302872062663185,0.2970113698079457
diffuse_blur_js_0.05,diffuse_blur,0.05,0.05,1.75,362,1532,0.2362924281984334,0.31700775557292227
diffuse_blur_js_0.05,diffuse_blur,0.05,0.05,1.8,367,1532,0.239556135770235,0.3345152912851137
diffuse_blur_js_0.05,diffuse_blur,0.05,0.05,1.85,374,1532,0.24412532637075718,0.36072667732004987
diffuse_blur_js_0.05,diffuse_blur,0.05,0.05,1.9000000000000001,379,1532,0.24738903394255873,0.3808049872945451
diffuse_blur_js_0.05,diffuse_blur,0.05,0.05,1.9500000000000002,385,1532,0.25130548302872063,0.4029721794558076
diffuse_blur_js_0.05,diffuse_blur,0.05,0.05,2.0,388,1532,0.25326370757180156,0.416097582850341
diffuse_blur_js_0.05,diffuse_blur,0.05,0.05,2.0500000000000003,392,1532,0.2558746736292428,0.4313362307659479
diffuse_blur_js_0.05,diffuse_blur,0.05,0.05,2.1,397,1532,0.2591383812010444,0.4511448901490462
diffuse_blur_js_0.05,diffuse_blur,0.05,0.05,2.15,401,1532,0.26174934725848564,0.4650661337213566
diffuse_blur_js_0.05,diffuse_blur,0.05,0.05,2.2,405,1532,0.2643603133159269,0.47876599026409383
diffuse_blur_js_0.05,diffuse_blur,0.05,0.05,2.25,409,1532,0.2669712793733681,0.49056567939201356
diffuse_blur_js_0.05,diffuse_blur,0.05,0.05,2.3000000000000003,410,1532,0.26762402088772846,0.49338675700344603
diffuse_blur_js_0.05,diffuse_blur,0.05,0.05,2.35,414,1532,0.27023498694516973,0.5027034245773785
diffuse_blur_js_0.05,diffuse_blur,0.05,0.05,2.4000000000000004,417,1532,0.27219321148825065,0.5082285013777208
diffuse_blur_js_0.05,diffuse_blur,0.05,0.05,2.45,420,1532,0.2741514360313316,0.5123169513922557
diffuse_blur_js_0.05,diffuse_blur,0.05,0.05,2.5,421,1532,0.2748041775456919,0.5134858616544482
diffuse_blur_js_0.05,diffuse_blur,0.05,0.05,2.5500000000000003,422,1532,0.2754569190600522,0.5144512832637487
diffuse_blur_js_0.05,diffuse_blur,0.05,0.05,2.6,422,1532,0.2754569190600522,0.5144512832637487
diffuse_blur_js_0.05,diffuse_blur,0.05,0.05,2.6500000000000004,422,1532,0.2754569190600522,0.5144512832637487
diffuse_blur_js_0.05,diffuse_blur,0.05,0.05,2.7,424,1532,0.27676240208877284,0.5152765083357247
diffuse_blur_js_0.05,diffuse_blur,0.05,0.05,2.75,424,1532,0.27676240208877284,0.5152765083357247
diffuse_blur_js_0.05,diffuse_blur,0.05,0.05,2.8000000000000003,424,1532,0.27676240208877284,0.5152765083357247
diffuse_blur_js_0.05,diffuse_blur,0.05,0.05,2.85,424,1532,0.27676240208877284,0.5152765083357247
diffuse_blur_js_0.05,diffuse_blur,0.05,0.05,2.9000000000000004,424,1532,0.27676240208877284,0.5152765083357247
diffuse_blur_js_0.05,diffuse_blur,0.05,0.05,2.95,424,1532,0.27676240208877284,0.5152765083357247
diffuse_blur_js_0.05,diffuse_blur,0.05,0.05,3.0,424,1532,0.27676240208877284,0.5152765083357247
diffuse_blur_js_0.05,diffuse_blur,0.05,0.05,3.0500000000000003,424,1532,0.27676240208877284,0.5152765083357247
diffuse_blur_js_0.05,diffuse_blur,0.05,0.05,3.1,424,1532,0.27676240208877284,0.5152765083357247
diffuse_blur_js_0.05,diffuse_blur,0.05,0.05,3.1500000000000004,427,1532,0.27872062663185376,0.5180785480191115
diffuse_blur_js_0.05,diffuse_blur,0.05,0.05,3.2,430,1532,0.28067885117493474,0.5203792514346599
diffuse_blur_js_0.05,diffuse_blur,0.05,0.05,3.25,434,1532,0.283289817232376,0.5238825051261811
diffuse_blur_js_0.05,diffuse_blur,0.05,0.05,3.3000000000000003,438,1532,0.2859007832898172,0.5275950692449665
diffuse_blur_js_0.05,diffuse_blur,0.05,0.05,3.35,444,1532,0.2898172323759791,0.5346112866065821
diffuse_blur_js_0.05,diffuse_blur,0.05,0.05,3.4000000000000004,451,1532,0.2943864229765013,0.5455269080670021
diffuse_blur_js_0.05,diffuse_blur,0.05,0.05,3.45,462,1532,0.30156657963446476,0.5667074435769403
diffuse_blur_js_0.05,diffuse_blur,0.05,0.05,3.5,474,1532,0.3093994778067885,0.5894470461291114
diffuse_blur_js_0.05,diffuse_blur,0.05,0.05,3.5500000000000003,483,1532,0.3152741514360313,0.602309645590332
diffuse_blur_js_0.05,diffuse_blur,0.05,0.05,3.6,492,1532,0.32114882506527415,0.6178662413999599
diffuse_blur_js_0.05,diffuse_blur,0.05,0.05,3.6500000000000004,501,1532,0.32702349869451697,0.6300542697983313
diffuse_blur_js_0.05,diffuse_blur,0.05,0.05,3.7,511,1532,0.3335509138381201,0.6420354122010321
diffuse_blur_js_0.05,diffuse_blur,0.05,0.05,3.75,517,1532,0.337467362924282,0.6513229982269404
diffuse_blur_js_0.05,diffuse_blur,0.05,0.05,3.8000000000000003,525,1532,0.3426892950391645,0.662673097909094
diffuse_blur_js_0.05,diffuse_blur,0.05,0.05,3.85,533,1532,0.347911227154047,0.6770914736765218
diffuse_blur_js_0.05,diffuse_blur,0.05,0.05,3.9000000000000004,542,1532,0.3537859007832898,0.693199847426713
diffuse_blur_js_0.05,diffuse_blur,0.05,0.05,3.95,551,1532,0.35966057441253263,0.7108347155425494
diffuse_blur_js_0.05,diffuse_blur,0.05,0.05,4.0,564,1532,0.3681462140992167,0.733306717226563
diffuse_blur_js_0.05,diffuse_blur,0.05,0.05,4.05,575,1532,0.37532637075718017,0.7520282602004265
diffuse_blur_js_0.05,diffuse_blur,0.05,0.05,4.1000000000000005,586,1532,0.3825065274151436,0.7653619008498919
diffuse_blur_js_0.05,diffuse_blur,0.05,0.05,4.15,594,1532,0.3877284595300261,0.7729516987887516
diffuse_blur_js_0.05,diffuse_blur,0.05,0.05,4.2,601,1532,0.3922976501305483,0.7779185365019171
diffuse_blur_js_0.05,diffuse_blur,0.05,0.05,4.25,610,1532,0.3981723237597911,0.782518281640359
diffuse_blur_js_0.05,diffuse_blur,0.05,0.05,4.3,611,1532,0.39882506527415146,0.7827443339393183
diffuse_blur_js_0.05,diffuse_blur,0.05,0.05,4.3500000000000005,611,1532,0.39882506527415146,0.7827443339393183
diffuse_blur_js_0.05,diffuse_blur,0.05,0.05,4.4,611,1532,0.39882506527415146,0.7827443339393183
diffuse_blur_js_0.05,diffuse_blur,0.05,0.05,4.45,611,1532,0.39882506527415146,0.7827443339393183
diffuse_blur_js_0.05,diffuse_blur,0.05,0.05,4.5,611,1532,0.39882506527415146,0.7827443339393183
diffuse_blur_js_0.05,diffuse_blur,0.05,0.05,4.55,611,1532,0.39882506527415146,0.7827443339393183
diffuse_blur_js_0.05,diffuse_blur,0.05,0.05,4.6000000000000005,611,1532,0.39882506527415146,0.7827443339393183
diffuse_blur_js_0.05,diffuse_blur,0.05,0.05,4.65,611,1532,0.39882506527415146,0.7827443339393183
diffuse_blur_js_0.05,diffuse_blur,0.05,0.05,4.7,611,1532,0.39882506527415146,0.7827443339393183
diffuse_blur_js_0.05,diffuse_blur,0.05,0.05,4.75,611,1532,0.39882506527415146,0.7827443339393183
diffuse_blur_js_0.05,diffuse_blur,0.05,0.05,4.800000000000001,611,1532,0.39882506527415146,0.7827443339393183
diffuse_blur_js_0.05,diffuse_blur,0.05,0.05,4.8500000000000005,611,1532,0.39882506527415146,0.7827443339393183
diffuse_blur_js_0.05,diffuse_blur,0.05,0.05,4.9,611,1532,0.39882506527415146,0.7827443339393183
diffuse_blur_js_0.05,diffuse_blur,0.05,0.05,4.95,611,1532,0.39882506527415146,0.7827443339393183
diffuse_blur_js_0.05,diffuse_blur,0.05,0.05,5.0,611,1532,0.39882506527415146,0.7827443339393183
diffuse_blur_js_0.05,diffuse_blur,0.05,0.05,5.050000000000001,611,1532,0.39882506527415146,0.7827443339393183
diffuse_blur_js_0.05,diffuse_blur,0.05,0.05,5.1000000000000005,611,1532,0.39882506527415146,0.7827443339393183
diffuse_blur_js_0.05,diffuse_blur,0.05,0.05,5.15,611,1532,0.39882506527415146,0.7827443339393183
diffuse_blur_js_0.05,diffuse_blur,0.05,0.05,5.2,611,1532,0.39882506527415146,0.7827443339393183
diffuse_blur_js_0.05,diffuse_blur,0.05,0.05,5.25,611,1532,0.39882506527415146,0.7827443339393183
diffuse_blur_js_0.05,diffuse_blur,0.05,0.05,5.300000000000001,612,1532,0.39947780678851175,0.7832674202046211
diffuse_blur_js_0.05,diffuse_blur,0.05,0.05,5.3500000000000005,613,1532,0.40013054830287204,0.7839202086843389
diffuse_blur_js_0.05,diffuse_blur,0.05,0.05,5.4,613,1532,0.40013054830287204,0.7839202086843389
diffuse_blur_js_0.05,diffuse_blur,0.05,0.05,5.45,613,1532,0.40013054830287204,0.7839202086843389
diffuse_blur_js_0.05,diffuse_blur,0.05,0.05,5.5,613,1532,0.40013054830287204,0.7839202086843389
diffuse_blur_js_0.05,diffuse_blur,0.05,0.05,5.550000000000001,613,1532,0.40013054830287204,0.7839202086843389
diffuse_blur_js_0.05,diffuse_blur,0.05,0.05,5.6000000000000005,613,1532,0.40013054830287204,0.7839202086843389
diffuse_blur_js_0.05,diffuse_blur,0.05,0.05,5.65,613,1532,0.40013054830287204,0.7839202086843389
diffuse_blur_js_0.05,diffuse_blur,0.05,0.05,5.7,613,1532,0.40013054830287204,0.7839202086843389
diffuse_blur_js_0.05,diffuse_blur,0.05,0.05,5.75,613,1532,0.40013054830287204,0.7839202086843389
diffuse_blur_js_0.05,diffuse_blur,0.05,0.05,5.800000000000001,613,1532,0.40013054830287204,0.7839202086843389
diffuse_blur_js_0.05,diffuse_blur,0.05,0.05,5.8500000000000005,613,1532,0.40013054830287204,0.7839202086843389
diffuse_blur_js_0.05,diffuse_blur,0.05,0.05,5.9,613,1532,0.40013054830287204,0.7839202086843389
diffuse_blur_js_0.05,diffuse_blur,0.05,0.05,5.95,613,1532,0.40013054830287204,0.7839202086843389
diffuse_blur_js_0.05,diffuse_blur,0.05,0.05,6.0,613,1532,0.40013054830287204,0.7839202086843389
diffuse_blur_js_0.05,diffuse_blur,0.05,0.05,6.050000000000001,613,1532,0.40013054830287204,0.7839202086843389
diffuse_blur_js_0.05,diffuse_blur,0.05,0.05,6.1000000000000005,613,1532,0.40013054830287204,0.7839202086843389
diffuse_blur_js_0.05,diffuse_blur,0.05,0.05,6.15,613,1532,0.40013054830287204,0.7839202086843389
diffuse_blur_js_0.05,diffuse_blur,0.05,0.05,6.2,613,1532,0.40013054830287204,0.7839202086843389
diffuse_blur_js_0.05,diffuse_blur,0.05,0.05,6.25,613,1532,0.40013054830287204,0.7839202086843389
diffuse_blur_js_0.05,diffuse_blur,0.05,0.05,6.300000000000001,613,1532,0.40013054830287204,0.7839202086843389
diffuse_blur_js_0.05,diffuse_blur,0.05,0.05,6.3500000000000005,613,1532,0.40013054830287204,0.7839202086843389
diffuse_blur_js_0.05,diffuse_blur,0.05,0.05,6.4,615,1532,0.40143603133159267,0.7908913736329849
diffuse_blur_js_0.05,diffuse_blur,0.05,0.05,6.45,615,1532,0.40143603133159267,0.7908913736329849
diffuse_blur_js_0.05,diffuse_blur,0.05,0.05,6.5,617,1532,0.4027415143603133,0.7967350673867818
diffuse_blur_js_0.05,diffuse_blur,0.05,0.05,6.550000000000001,621,1532,0.40535248041775457,0.8060517349607143
diffuse_blur_js_0.05,diffuse_blur,0.05,0.05,6.6000000000000005,622,1532,0.40600522193211486,0.8078518896265382
diffuse_blur_js_0.05,diffuse_blur,0.05,0.05,6.65,625,1532,0.40796344647519583,0.8133769664268804
diffuse_blur_js_0.05,diffuse_blur,0.05,0.05,6.7,627,1532,0.40926892950391647,0.816176523748392
diffuse_blur_js_0.05,diffuse_blur,0.05,0.05,6.75,630,1532,0.4112271540469974,0.8200376086871046
diffuse_blur_js_0.05,diffuse_blur,0.05,0.05,6.800000000000001,631,1532,0.4118798955613577,0.8210991363043054
diffuse_blur_js_0.05,diffuse_blur,0.05,0.05,6.8500000000000005,632,1532,0.412532637075718,0.8221274368168743
diffuse_blur_js_0.05,diffuse_blur,0.05,0.05,6.9,633,1532,0.4131853785900783,0.8230928584261745
diffuse_blur_js_0.05,diffuse_blur,0.05,0.05,6.95,633,1532,0.4131853785900783,0.8230928584261745
diffuse_blur_js_0.05,diffuse_blur,0.05,0.05,7.0,633,1532,0.4131853785900783,0.8230928584261745
diffuse_blur_js_0.05,diffuse_blur,0.05,0.05,7.050000000000001,633,1532,0.4131853785900783,0.8230928584261745
diffuse_blur_js_0.05,diffuse_blur,0.05,0.05,7.1000000000000005,633,1532,0.4131853785900783,0.8230928584261745
diffuse_blur_js_0.05,diffuse_blur,0.05,0.05,7.15,633,1532,0.4131853785900783,0.8230928584261745
diffuse_blur_js_0.05,diffuse_blur,0.05,0.05,7.2,633,1532,0.4131853785900783,0.8230928584261745
diffuse_blur_js_0.05,diffuse_blur,0.05,0.05,7.25,633,1532,0.4131853785900783,0.8230928584261745
diffuse_blur_js_0.05,diffuse_blur,0.05,0.05,7.300000000000001,633,1532,0.4131853785900783,0.8230928584261745
diffuse_blur_js_0.05,diffuse_blur,0.05,0.05,7.3500000000000005,633,1532,0.4131853785900783,0.8230928584261745
diffuse_blur_js_0.05,diffuse_blur,0.05,0.05,7.4,633,1532,0.4131853785900783,0.8230928584261745
diffuse_blur_js_0.05,diffuse_blur,0.05,0.05,7.45,633,1532,0.4131853785900783,0.8230928584261745
diffuse_blur_js_0.05,diffuse_blur,0.05,0.05,7.5,633,1532,0.4131853785900783,0.8230928584261745
diffuse_blur_js_0.05,diffuse_blur,0.05,0.05,7.550000000000001,633,1532,0.4131853785900783,0.8230928584261745
diffuse_blur_js_0.05,diffuse_blur,0.05,0.05,7.6000000000000005,633,1532,0.4131853785900783,0.8230928584261745
diffuse_blur_js_0.05,diffuse_blur,0.05,0.05,7.65,633,1532,0.4131853785900783,0.8230928584261745
diffuse_blur_js_0.05,diffuse_blur,0.05,0.05,7.7,633,1532,0.4131853785900783,0.8230928584261745
diffuse_blur_js_0.05,diffuse_blur,0.05,0.05,7.75,633,1532,0.4131853785900783,0.8230928584261745
diffuse_blur_js_0.05,diffuse_blur,0.05,0.05,7.800000000000001,633,1532,0.4131853785900783,0.8230928584261745
diffuse_blur_js_0.05,diffuse_blur,0.05,0.05,7.8500000000000005,633,1532,0.4131853785900783,0.8230928584261745
diffuse_blur_js_0.05,diffuse_blur,0.05,0.05,7.9,633,1532,0.4131853785900783,0.8230928584261745
diffuse_blur_js_0.05,diffuse_blur,0.05,0.05,7.95,633,1532,0.4131853785900783,0.8230928584261745
diffuse_blur_js_0.05,diffuse_blur,0.05,0.05,8.0,633,1532,0.4131853785900783,0.8230928584261745
diffuse_blur_js_0.05,diffuse_blur,0.05,0.05,8.05,633,1532,0.4131853785900783,0.8230928584261745
diffuse_blur_js_0.05,diffuse_blur,0.05,0.05,8.1,633,1532,0.4131853785900783,0.8230928584261745
diffuse_blur_js_0.05,diffuse_blur,0.05,0.05,8.15,633,1532,0.4131853785900783,0.8230928584261745
diffuse_blur_js_0.05,diffuse_blur,0.05,0.05,8.200000000000001,633,1532,0.4131853785900783,0.8230928584261745
diffuse_blur_js_0.05,diffuse_blur,0.05,0.05,8.25,633,1532,0.4131853785900783,0.8230928584261745
diffuse_blur_js_0.05,diffuse_blur,0.05,0.05,8.3,633,1532,0.4131853785900783,0.8230928584261745
diffuse_blur_js_0.05,diffuse_blur,0.05,0.05,8.35,633,1532,0.4131853785900783,0.8230928584261745
diffuse_blur_js_0.05,diffuse_blur,0.05,0.05,8.4,633,1532,0.4131853785900783,0.8230928584261745
diffuse_blur_js_0.05,diffuse_blur,0.05,0.05,8.450000000000001,633,1532,0.4131853785900783,0.8230928584261745
diffuse_blur_js_0.05,diffuse_blur,0.05,0.05,8.5,633,1532,0.4131853785900783,0.8230928584261745
diffuse_blur_js_0.05,diffuse_blur,0.05,0.05,8.55,633,1532,0.4131853785900783,0.8230928584261745
diffuse_blur_js_0.05,diffuse_blur,0.05,0.05,8.6,633,1532,0.4131853785900783,0.8230928584261745
diffuse_blur_js_0.05,diffuse_blur,0.05,0.05,8.65,633,1532,0.4131853785900783,0.8230928584261745
diffuse_blur_js_0.05,diffuse_blur,0.05,0.05,8.700000000000001,633,1532,0.4131853785900783,0.8230928584261745
diffuse_blur_js_0.05,diffuse_blur,0.05,0.05,8.75,633,1532,0.4131853785900783,0.8230928584261745
diffuse_blur_js_0.05,diffuse_blur,0.05,0.05,8.8,633,1532,0.4131853785900783,0.8230928584261745
diffuse_blur_js_0.05,diffuse_blur,0.05,0.05,8.85,633,1532,0.4131853785900783,0.8230928584261745
diffuse_blur_js_0.05,diffuse_blur,0.05,0.05,8.9,633,1532,0.4131853785900783,0.8230928584261745
diffuse_blur_js_0.05,diffuse_blur,0.05,0.05,8.950000000000001,633,1532,0.4131853785900783,0.8230928584261745
diffuse_blur_js_0.05,diffuse_blur,0.05,0.05,9.0,633,1532,0.4131853785900783,0.8230928584261745
diffuse_blur_js_0.05,diffuse_blur,0.05,0.05,9.05,633,1532,0.4131853785900783,0.8230928584261745
diffuse_blur_js_0.05,diffuse_blur,0.05,0.05,9.1,633,1532,0.4131853785900783,0.8230928584261745
diffuse_blur_js_0.05,diffuse_blur,0.05,0.05,9.15,633,1532,0.4131853785900783,0.8230928584261745
diffuse_blur_js_0.05,diffuse_blur,0.05,0.05,9.200000000000001,633,1532,0.4131853785900783,0.8230928584261745
diffuse_blur_js_0.05,diffuse_blur,0.05,0.05,9.25,633,1532,0.4131853785900783,0.8230928584261745
diffuse_blur_js_0.05,diffuse_blur,0.05,0.05,9.3,633,1532,0.4131853785900783,0.8230928584261745
diffuse_blur_js_0.05,diffuse_blur,0.05,0.05,9.35,633,1532,0.4131853785900783,0.8230928584261745
diffuse_blur_js_0.05,diffuse_blur,0.05,0.05,9.4,633,1532,0.4131853785900783,0.8230928584261745
diffuse_blur_js_0.05,diffuse_blur,0.05,0.05,9.450000000000001,633,1532,0.4131853785900783,0.8230928584261745
diffuse_blur_js_0.05,diffuse_blur,0.05,0.05,9.5,633,1532,0.4131853785900783,0.8230928584261745
diffuse_blur_js_0.05,diffuse_blur,0.05,0.05,9.55,633,1532,0.4131853785900783,0.8230928584261745
diffuse_blur_js_0.05,diffuse_blur,0.05,0.05,9.600000000000001,633,1532,0.4131853785900783,0.8230928584261745
diffuse_blur_js_0.05,diffuse_blur,0.05,0.05,9.65,633,1532,0.4131853785900783,0.8230928584261745
diffuse_blur_js_0.05,diffuse_blur,0.05,0.05,9.700000000000001,633,1532,0.4131853785900783,0.8230928584261745
diffuse_blur_js_0.05,diffuse_blur,0.05,0.05,9.75,633,1532,0.4131853785900783,0.8230928584261745
diffuse_blur_js_0.05,diffuse_blur,0.05,0.05,9.8,633,1532,0.4131853785900783,0.8230928584261745
diffuse_blur_js_0.05,diffuse_blur,0.05,0.05,9.850000000000001,633,1532,0.4131853785900783,0.8230928584261745
diffuse_blur_js_0.05,diffuse_blur,0.05,0.05,9.9,633,1532,0.4131853785900783,0.8230928584261745
diffuse_blur_js_0.05,diffuse_blur,0.05,0.05,9.950000000000001,633,1532,0.4131853785900783,0.8230928584261745
diffuse_blur_js_0.05,diffuse_blur,0.05,0.05,10.0,633,1532,0.4131853785900783,0.8230928584261745
diffuse_blur_js_0.05,diffuse_blur,0.05,0.05,10.05,633,1532,0.4131853785900783,0.8230928584261745
diffuse_blur_js_0.05,diffuse_blur,0.05,0.05,10.100000000000001,633,1532,0.4131853785900783,0.8230928584261745
diffuse_blur_js_0.05,diffuse_blur,0.05,0.05,10.15,633,1532,0.4131853785900783,0.8230928584261745
diffuse_blur_js_0.05,diffuse_blur,0.05,0.05,10.200000000000001,633,1532,0.4131853785900783,0.8230928584261745
diffuse_blur_js_0.05,diffuse_blur,0.05,0.05,10.25,633,1532,0.4131853785900783,0.8230928584261745
diffuse_blur_js_0.05,diffuse_blur,0.05,0.05,10.3,633,1532,0.4131853785900783,0.8230928584261745
diffuse_blur_js_0.05,diffuse_blur,0.05,0.05,10.350000000000001,633,1532,0.4131853785900783,0.8230928584261745
diffuse_blur_js_0.05,diffuse_blur,0.05,0.05,10.4,633,1532,0.4131853785900783,0.8230928584261745
diffuse_blur_js_0.05,diffuse_blur,0.05,0.05,10.450000000000001,633,1532,0.4131853785900783,0.8230928584261745
diffuse_blur_js_0.05,diffuse_blur,0.05,0.05,10.5,633,1532,0.4131853785900783,0.8230928584261745
diffuse_blur_js_0.05,diffuse_blur,0.05,0.05,10.55,633,1532,0.4131853785900783,0.8230928584261745
diffuse_blur_js_0.05,diffuse_blur,0.05,0.05,10.600000000000001,633,1532,0.4131853785900783,0.8230928584261745
diffuse_blur_js_0.05,diffuse_blur,0.05,0.05,10.65,633,1532,0.4131853785900783,0.8230928584261745
diffuse_blur_js_0.05,diffuse_blur,0.05,0.05,10.700000000000001,633,1532,0.4131853785900783,0.8230928584261745
diffuse_blur_js_0.05,diffuse_blur,0.05,0.05,10.75,633,1532,0.4131853785900783,0.8230928584261745
diffuse_blur_js_0.05,diffuse_blur,0.05,0.05,10.8,633,1532,0.4131853785900783,0.8230928584261745
diffuse_blur_js_0.05,diffuse_blur,0.05,0.05,10.850000000000001,633,1532,0.4131853785900783,0.8230928584261745
diffuse_blur_js_0.05,diffuse_blur,0.05,0.05,10.9,633,1532,0.4131853785900783,0.8230928584261745
diffuse_blur_js_0.05,diffuse_blur,0.05,0.05,10.950000000000001,633,1532,0.4131853785900783,0.8230928584261745
diffuse_blur_js_0.05,diffuse_blur,0.05,0.05,11.0,633,1532,0.4131853785900783,0.8230928584261745
diffuse_blur_js_0.05,diffuse_blur,0.05,0.05,11.05,633,1532,0.4131853785900783,0.8230928584261745
diffuse_blur_js_0.05,diffuse_blur,0.05,0.05,11.100000000000001,633,1532,0.4131853785900783,0.8230928584261745
diffuse_blur_js_0.05,diffuse_blur,0.05,0.05,11.15,633,1532,0.4131853785900783,0.8230928584261745
diffuse_blur_js_0.05,diffuse_blur,0.05,0.05,11.200000000000001,633,1532,0.4131853785900783,0.8230928584261745
diffuse_blur_js_0.05,diffuse_blur,0.05,0.05,11.25,633,1532,0.4131853785900783,0.8230928584261745
diffuse_blur_js_0.05,diffuse_blur,0.05,0.05,11.3,633,1532,0.4131853785900783,0.8230928584261745
diffuse_blur_js_0.05,diffuse_blur,0.05,0.05,11.350000000000001,633,1532,0.4131853785900783,0.8230928584261745
diffuse_blur_js_0.05,diffuse_blur,0.05,0.05,11.4,633,1532,0.4131853785900783,0.8230928584261745
diffuse_blur_js_0.05,diffuse_blur,0.05,0.05,11.450000000000001,633,1532,0.4131853785900783,0.8230928584261745
diffuse_blur_js_0.05,diffuse_blur,0.05,0.05,11.5,633,1532,0.4131853785900783,0.8230928584261745
diffuse_blur_js_0.05,diffuse_blur,0.05,0.05,11.55,633,1532,0.4131853785900783,0.8230928584261745
diffuse_blur_js_0.05,diffuse_blur,0.05,0.05,11.600000000000001,633,1532,0.4131853785900783,0.8230928584261745
diffuse_blur_js_0.05,diffuse_blur,0.05,0.05,11.65,633,1532,0.4131853785900783,0.8230928584261745
diffuse_blur_js_0.05,diffuse_blur,0.05,0.05,11.700000000000001,633,1532,0.4131853785900783,0.8230928584261745
diffuse_blur_js_0.05,diffuse_blur,0.05,0.05,11.75,633,1532,0.4131853785900783,0.8230928584261745
diffuse_blur_js_0.05,diffuse_blur,0.05,0.05,11.8,633,1532,0.4131853785900783,0.8230928584261745
diffuse_blur_js_0.05,diffuse_blur,0.05,0.05,11.850000000000001,633,1532,0.4131853785900783,0.8230928584261745
diffuse_blur_js_0.05,diffuse_blur,0.05,0.05,11.9,633,1532,0.4131853785900783,0.8230928584261745
diffuse_blur_js_0.05,diffuse_blur,0.05,0.05,11.950000000000001,633,1532,0.4131853785900783,0.8230928584261745
diffuse_blur_js_0.05,diffuse_blur,0.05,0.05,12.0,633,1532,0.4131853785900783,0.8230928584261745
diffuse_blur_js_0.05,diffuse_blur,0.05,0.05,12.05,633,1532,0.4131853785900783,0.8230928584261745
diffuse_blur_js_0.05,diffuse_blur,0.05,0.05,12.100000000000001,633,1532,0.4131853785900783,0.8230928584261745
diffuse_blur_js_0.05,diffuse_blur,0.05,0.05,12.15,633,1532,0.4131853785900783,0.8230928584261745
diffuse_blur_js_0.05,diffuse_blur,0.05,0.05,12.200000000000001,633,1532,0.4131853785900783,0.8230928584261745
diffuse_blur_js_0.05,diffuse_blur,0.05,0.05,12.25,633,1532,0.4131853785900783,0.8230928584261745
diffuse_blur_js_0.05,diffuse_blur,0.05,0.05,12.3,633,1532,0.4131853785900783,0.8230928584261745
diffuse_blur_js_0.05,diffuse_blur,0.05,0.05,12.350000000000001,633,1532,0.4131853785900783,0.8230928584261745
diffuse_blur_js_0.05,diffuse_blur,0.05,0.05,12.4,633,1532,0.4131853785900783,0.8230928584261745
diffuse_blur_js_0.05,diffuse_blur,0.05,0.05,12.450000000000001,633,1532,0.4131853785900783,0.8230928584261745
diffuse_blur_js_0.05,diffuse_blur,0.05,0.05,12.5,633,1532,0.4131853785900783,0.8230928584261745
diffuse_blur_js_0.05,diffuse_blur,0.05,0.05,12.55,633,1532,0.4131853785900783,0.8230928584261745
diffuse_blur_js_0.05,diffuse_blur,0.05,0.05,12.600000000000001,633,1532,0.4131853785900783,0.8230928584261745
diffuse_blur_js_0.05,diffuse_blur,0.05,0.05,12.65,633,1532,0.4131853785900783,0.8230928584261745
diffuse_blur_js_0.05,diffuse_blur,0.05,0.05,12.700000000000001,633,1532,0.4131853785900783,0.8230928584261745
diffuse_blur_js_0.05,diffuse_blur,0.05,0.05,12.75,633,1532,0.4131853785900783,0.8230928584261745
diffuse_blur_js_0.05,diffuse_blur,0.05,0.05,12.8,633,1532,0.4131853785900783,0.8230928584261745
diffuse_blur_js_0.05,diffuse_blur,0.05,0.05,12.850000000000001,633,1532,0.4131853785900783,0.8230928584261745
diffuse_blur_js_0.05,diffuse_blur,0.05,0.05,12.9,633,1532,0.4131853785900783,0.8230928584261745
diffuse_blur_js_0.05,diffuse_blur,0.05,0.05,12.950000000000001,633,1532,0.4131853785900783,0.8230928584261745
diffuse_blur_js_0.05,diffuse_blur,0.05,0.05,13.0,633,1532,0.4131853785900783,0.8230928584261745
diffuse_blur_js_0.05,diffuse_blur,0.05,0.05,13.05,633,1532,0.4131853785900783,0.8230928584261745
diffuse_blur_js_0.05,diffuse_blur,0.05,0.05,13.100000000000001,633,1532,0.4131853785900783,0.8230928584261745
diffuse_blur_js_0.05,diffuse_blur,0.05,0.05,13.15,633,1532,0.4131853785900783,0.8230928584261745
diffuse_blur_js_0.05,diffuse_blur,0.05,0.05,13.200000000000001,633,1532,0.4131853785900783,0.8230928584261745
diffuse_blur_js_0.05,diffuse_blur,0.05,0.05,13.25,633,1532,0.4131853785900783,0.8230928584261745
diffuse_blur_js_0.05,diffuse_blur,0.05,0.05,13.3,633,1532,0.4131853785900783,0.8230928584261745
diffuse_blur_js_0.05,diffuse_blur,0.05,0.05,13.350000000000001,633,1532,0.4131853785900783,0.8230928584261745
diffuse_blur_js_0.05,diffuse_blur,0.05,0.05,13.4,633,1532,0.4131853785900783,0.8230928584261745
diffuse_blur_js_0.05,diffuse_blur,0.05,0.05,13.450000000000001,633,1532,0.4131853785900783,0.8230928584261745
diffuse_blur_js_0.05,diffuse_blur,0.05,0.05,13.5,633,1532,0.4131853785900783,0.8230928584261745
diffuse_blur_js_0.05,diffuse_blur,0.05,0.05,13.55,633,1532,0.4131853785900783,0.8230928584261745
diffuse_blur_js_0.05,diffuse_blur,0.05,0.05,13.600000000000001,633,1532,0.4131853785900783,0.8230928584261745
diffuse_blur_js_0.05,diffuse_blur,0.05,0.05,13.65,633,1532,0.4131853785900783,0.8230928584261745
diffuse_blur_js_0.05,diffuse_blur,0.05,0.05,13.700000000000001,633,1532,0.4131853785900783,0.8230928584261745
diffuse_blur_js_0.05,diffuse_blur,0.05,0.05,13.75,633,1532,0.4131853785900783,0.8230928584261745
diffuse_blur_js_0.05,diffuse_blur,0.05,0.05,13.8,633,1532,0.4131853785900783,0.8230928584261745
diffuse_blur_js_0.05,diffuse_blur,0.05,0.05,13.850000000000001,633,1532,0.4131853785900783,0.8230928584261745
diffuse_blur_js_0.05,diffuse_blur,0.05,0.05,13.9,633,1532,0.4131853785900783,0.8230928584261745
diffuse_blur_js_0.05,diffuse_blur,0.05,0.05,13.950000000000001,633,1532,0.4131853785900783,0.8230928584261745
diffuse_blur_js_0.05,diffuse_blur,0.05,0.05,14.0,633,1532,0.4131853785900783,0.8230928584261745
diffuse_blur_js_0.05,diffuse_blur,0.05,0.05,14.05,633,1532,0.4131853785900783,0.8230928584261745
diffuse_blur_js_0.05,diffuse_blur,0.05,0.05,14.100000000000001,633,1532,0.4131853785900783,0.8230928584261745
diffuse_blur_js_0.05,diffuse_blur,0.05,0.05,14.15,633,1532,0.4131853785900783,0.8230928584261745
diffuse_blur_js_0.05,diffuse_blur,0.05,0.05,14.200000000000001,633,1532,0.4131853785900783,0.8230928584261745
diffuse_blur_js_0.05,diffuse_blur,0.05,0.05,14.25,633,1532,0.4131853785900783,0.8230928584261745
diffuse_blur_js_0.05,diffuse_blur,0.05,0.05,14.3,633,1532,0.4131853785900783,0.8230928584261745
diffuse_blur_js_0.05,diffuse_blur,0.05,0.05,14.350000000000001,633,1532,0.4131853785900783,0.8230928584261745
diffuse_blur_js_0.05,diffuse_blur,0.05,0.05,14.4,633,1532,0.4131853785900783,0.8230928584261745
diffuse_blur_js_0.05,diffuse_blur,0.05,0.05,14.450000000000001,633,1532,0.4131853785900783,0.8230928584261745
diffuse_blur_js_0.05,diffuse_blur,0.05,0.05,14.5,633,1532,0.4131853785900783,0.8230928584261745
diffuse_blur_js_0.05,diffuse_blur,0.05,0.05,14.55,633,1532,0.4131853785900783,0.8230928584261745
diffuse_blur_js_0.05,diffuse_blur,0.05,0.05,14.600000000000001,633,1532,0.4131853785900783,0.8230928584261745
diffuse_blur_js_0.05,diffuse_blur,0.05,0.05,14.65,633,1532,0.4131853785900783,0.8230928584261745
diffuse_blur_js_0.05,diffuse_blur,0.05,0.05,14.700000000000001,633,1532,0.4131853785900783,0.8230928584261745
diffuse_blur_js_0.05,diffuse_blur,0.05,0.05,14.75,633,1532,0.4131853785900783,0.8230928584261745
diffuse_blur_js_0.05,diffuse_blur,0.05,0.05,14.8,633,1532,0.4131853785900783,0.8230928584261745
diffuse_blur_js_0.05,diffuse_blur,0.05,0.05,14.850000000000001,633,1532,0.4131853785900783,0.8230928584261745
diffuse_blur_js_0.05,diffuse_blur,0.05,0.05,14.9,633,1532,0.4131853785900783,0.8230928584261745
diffuse_blur_js_0.05,diffuse_blur,0.05,0.05,14.950000000000001,633,1532,0.4131853785900783,0.8230928584261745
diffuse_blur_js_0.05,diffuse_blur,0.05,0.05,15.0,633,1532,0.4131853785900783,0.8230928584261745
diffuse_blur_js_0.1,diffuse_blur,0.1,0.05,0.0,76,1532,0.04960835509138381,0.011122795102453328
diffuse_blur_js_0.1,diffuse_blur,0.1,0.05,0.05,77,1532,0.05026109660574413,0.011269173933804206
diffuse_blur_js_0.1,diffuse_blur,0.1,0.05,0.1,81,1532,0.05287206266318538,0.011854599566472253
diffuse_blur_js_0.1,diffuse_blur,0.1,0.05,0.15000000000000002,87,1532,0.05678851174934726,0.012732776061974886
diffuse_blur_js_0.1,diffuse_blur,0.1,0.05,0.2,92,1532,0.06005221932114883,0.013464620810927542
diffuse_blur_js_0.1,diffuse_blur,0.1,0.05,0.25,105,1532,0.0685378590078329,0.015367440601996879
diffuse_blur_js_0.1,diffuse_blur,0.1,0.05,0.30000000000000004,113,1532,0.0737597911227154,0.016538768272810093
diffuse_blur_js_0.1,diffuse_blur,0.1,0.05,0.35000000000000003,125,1532,0.08159268929503917,0.01829616146854071
diffuse_blur_js_0.1,diffuse_blur,0.1,0.05,0.4,139,1532,0.09073107049608355,0.02034942825787308
diffuse_blur_js_0.1,diffuse_blur,0.1,0.05,0.45,152,1532,0.09921671018276762,0.022259245349454837
diffuse_blur_js_0.1,diffuse_blur,0.1,0.05,0.5,171,1532,0.11161879895561358,0.025069328825655216
diffuse_blur_js_0.1,diffuse_blur,0.1,0.05,0.55,186,1532,0.12140992167101827,0.027321227168367376
diffuse_blur_js_0.1,diffuse_blur,0.1,0.05,0.6000000000000001,203,1532,0.1325065274151436,0.029936852915629253
diffuse_blur_js_0.1,diffuse_blur,0.1,0.05,0.65,211,1532,0.1377284595300261,0.0312302373060059
diffuse_blur_js_0.1,diffuse_blur,0.1,0.05,0.7000000000000001,218,1532,0.1422976501305483,0.03244077027342393
diffuse_blur_js_0.1,diffuse_blur,0.1,0.05,0.75,222,1532,0.14490861618798956,0.03317064198054724
diffuse_blur_js_0.1,diffuse_blur,0.1,0.05,0.8,224,1532,0.1462140992167102,0.033702723428938694
diffuse_blur_js_0.1,diffuse_blur,0.1,0.05,0.8500000000000001,226,1532,0.1475195822454308,0.034883999967935175
diffuse_blur_js_0.1,diffuse_blur,0.1,0.05,0.9,229,1532,0.14947780678851175,0.03757031557663952
diffuse_blur_js_0.1,diffuse_blur,0.1,0.05,0.9500000000000001,234,1532,0.15274151436031333,0.041312951262182915
diffuse_blur_js_0.1,diffuse_blur,0.1,0.05,1.0,249,1532,0.16253263707571802,0.055353878739408675
diffuse_blur_js_0.1,diffuse_blur,0.1,0.05,1.05,257,1532,0.16775456919060053,0.062281423483173164
diffuse_blur_js_0.1,diffuse_blur,0.1,0.05,1.1,268,1532,0.17493472584856398,0.0723199347160437
diffuse_blur_js_0.1,diffuse_blur,0.1,0.05,1.1500000000000001,277,1532,0.18080939947780678,0.07960659469478175
diffuse_blur_js_0.1,diffuse_blur,0.1,0.05,1.2000000000000002,284,1532,0.185378590078329,0.08418235819003247
diffuse_blur_js_0.1,diffuse_blur,0.1,0.05,1.25,293,1532,0.1912532637075718,0.09147610663738404
diffuse_blur_js_0.1,diffuse_blur,0.1,0.05,1.3,300,1532,0.195822454308094,0.09738192168434143
diffuse_blur_js_0.1,diffuse_blur,0.1,0.05,1.35,306,1532,0.19973890339425587,0.10221484549919638
diffuse_blur_js_0.1,diffuse_blur,0.1,0.05,1.4000000000000001,310,1532,0.20234986945169714,0.10393119872815815
diffuse_blur_js_0.1,diffuse_blur,0.1,0.05,1.4500000000000002,314,1532,0.20496083550913838,0.10585036612293201
diffuse_blur_js_0.1,diffuse_blur,0.1,0.05,1.5,317,1532,0.20691906005221933,0.11153722991017512
diffuse_blur_js_0.1,diffuse_blur,0.1,0.05,1.55,320,1532,0.20887728459530025,0.11496523894192588
diffuse_blur_js_0.1,diffuse_blur,0.1,0.05,1.6,326,1532,0.21279373368146215,0.12541171520677036
diffuse_blur_js_0.1,diffuse_blur,0.1,0.05,1.6500000000000001,331,1532,0.2160574412532637,0.133436395935291
diffuse_blur_js_0.1,diffuse_blur,0.1,0.05,1.7000000000000002,334,1532,0.21801566579634465,0.14113230557142908
diffuse_blur_js_0.1,diffuse_blur,0.1,0.05,1.75,340,1532,0.22193211488250653,0.1567690198855402
diffuse_blur_js_0.1,diffuse_blur,0.1,0.05,1.8,346,1532,0.2258485639686684,0.17567847402418849
diffuse_blur_js_0.1,diffuse_blur,0.1,0.05,1.85,352,1532,0.2297650130548303,0.19353000415577448
diffuse_blur_js_0.1,diffuse_blur,0.1,0.05,1.9000000000000001,357,1532,0.23302872062663185,0.20852280577119225
diffuse_blur_js_0.1,diffuse_blur,0.1,0.05,1.9500000000000002,365,1532,0.23825065274151436,0.23680479688521244
diffuse_blur_js_0.1,diffuse_blur,0.1,0.05,2.0,369,1532,0.24086161879895562,0.24776160469687983
diffuse_blur_js_0.1,diffuse_blur,0.1,0.05,2.0500000000000003,375,1532,0.2447780678851175,0.26599892314948403
diffuse_blur_js_0.1,diffuse_blur,0.1,0.05,2.1,381,1532,0.24869451697127937,0.28097285261884675
diffuse_blur_js_0.1,diffuse_blur,0.1,0.05,2.15,384,1532,0.2506527415143603,0.2885530332827113
diffuse_blur_js_0.1,diffuse_blur,0.1,0.05,2.2,389,1532,0.2539164490861619,0.29778837646741885
diffuse_blur_js_0.1,diffuse_blur,0.1,0.05,2.25,393,1532,0.2565274151436031,0.30304573674414625
diffuse_blur_js_0.1,diffuse_blur,0.1,0.05,2.3000000000000003,396,1532,0.2584856396866841,0.3061009864832163
diffuse_blur_js_0.1,diffuse_blur,0.1,0.05,2.35,399,1532,0.260443864229765,0.30834745697601995
diffuse_blur_js_0.1,diffuse_blur,0.1,0.05,2.4000000000000004,402,1532,0.26240208877284593,0.3099060748722209
diffuse_blur_js_0.1,diffuse_blur,0.1,0.05,2.45,404,1532,0.26370757180156656,0.310656821671833
diffuse_blur_js_0.1,diffuse_blur,0.1,0.05,2.5,409,1532,0.2669712793733681,0.3119559094288822
diffuse_blur_js_0.1,diffuse_blur,0.1,0.05,2.5500000000000003,413,1532,0.2695822454308094,0.31275243124160457
diffuse_blur_js_0.1,diffuse_blur,0.1,0.05,2.6,416,1532,0.27154046997389036,0.3132642925207565
diffuse_blur_js_0.1,diffuse_blur,0.1,0.05,2.6500000000000004,417,1532,0.27219321148825065,0.313420325590144
diffuse_blur_js_0.1,diffuse_blur,0.1,0.05,2.7,417,1532,0.27219321148825065,0.313420325590144
diffuse_blur_js_0.1,diffuse_blur,0.1,0.05,2.75,419,1532,0.2734986945169713,0.3137219888289372
diffuse_blur_js_0.1,diffuse_blur,0.1,0.05,2.8000000000000003,419,1532,0.2734986945169713,0.3137219888289372
diffuse_blur_js_0.1,diffuse_blur,0.1,0.05,2.85,420,1532,0.2741514360313316,0.31387031359004025
diffuse_blur_js_0.1,diffuse_blur,0.1,0.05,2.9000000000000004,422,1532,0.2754569190600522,0.3144349343537536
diffuse_blur_js_0.1,diffuse_blur,0.1,0.05,2.95,427,1532,0.27872062663185376,0.3160950939875824
diffuse_blur_js_0.1,diffuse_blur,0.1,0.05,3.0,430,1532,0.28067885117493474,0.31706710203603683
diffuse_blur_js_0.1,diffuse_blur,0.1,0.05,3.0500000000000003,437,1532,0.28524804177545693,0.31913612637658273
diffuse_blur_js_0.1,diffuse_blur,0.1,0.05,3.1,445,1532,0.2904699738903394,0.3228252898961492
diffuse_blur_js_0.1,diffuse_blur,0.1,0.05,3.1500000000000004,453,1532,0.29569190600522194,0.32931846983491914
diffuse_blur_js_0.1,diffuse_blur,0.1,0.05,3.2,463,1532,0.30221932114882505,0.3394999199797406
diffuse_blur_js_0.1,diffuse_blur,0.1,0.05,3.25,472,1532,0.30809399477806787,0.3552026608730663
diffuse_blur_js_0.1,diffuse_blur,0.1,0.05,3.3000000000000003,484,1532,0.31592689295039167,0.3749253925510086
diffuse_blur_js_0.1,diffuse_blur,0.1,0.05,3.35,493,1532,0.3218015665796345,0.39021635579701924
diffuse_blur_js_0.1,diffuse_blur,0.1,0.05,3.4000000000000004,504,1532,0.3289817232375979,0.4098631172591225
diffuse_blur_js_0.1,diffuse_blur,0.1,0.05,3.45,512,1532,0.3342036553524804,0.4271876822897533
diffuse_blur_js_0.1,diffuse_blur,0.1,0.05,3.5,524,1532,0.34203655352480417,0.44517012072601553
diffuse_blur_js_0.1,diffuse_blur,0.1,0.05,3.5500000000000003,533,1532,0.347911227154047,0.4711168377808053
diffuse_blur_js_0.1,diffuse_blur,0.1,0.05,3.6,543,1532,0.35443864229765015,0.4963051309161486
diffuse_blur_js_0.1,diffuse_blur,0.1,0.05,3.6500000000000004,555,1532,0.3622715404699739,0.5293275602242566
diffuse_blur_js_0.1,diffuse_blur,0.1,0.05,3.7,568,1532,0.370757180156658,0.5676909831367007
diffuse_blur_js_0.1,diffuse_blur,0.1,0.05,3.75,580,1532,0.3785900783289817,0.6012549470883962
diffuse_blur_js_0.1,diffuse_blur,0.1,0.05,3.8000000000000003,597,1532,0.389686684073107,0.6529138636934687
diffuse_blur_js_0.1,diffuse_blur,0.1,0.05,3.85,618,1532,0.40339425587467365,0.6990846214852661
diffuse_blur_js_0.1,diffuse_blur,0.1,0.05,3.9000000000000004,635,1532,0.41449086161879894,0.7231444951626794
diffuse_blur_js_0.1,diffuse_blur,0.1,0.05,3.95,651,1532,0.42493472584856395,0.7433871266807238
diffuse_blur_js_0.1,diffuse_blur,0.1,0.05,4.0,664,1532,0.43342036553524804,0.7536615892371461
diffuse_blur_js_0.1,diffuse_blur,0.1,0.05,4.05,668,1532,0.4360313315926893,0.7562435329985393
diffuse_blur_js_0.1,diffuse_blur,0.1,0.05,4.1000000000000005,668,1532,0.4360313315926893,0.7562435329985393
diffuse_blur_js_0.1,diffuse_blur,0.1,0.05,4.15,668,1532,0.4360313315926893,0.7562435329985393
diffuse_blur_js_0.1,diffuse_blur,0.1,0.05,4.2,668,1532,0.4360313315926893,0.7562435329985393
diffuse_blur_js_0.1,diffuse_blur,0.1,0.05,4.25,668,1532,0.4360313315926893,0.7562435329985393
diffuse_blur_js_0.1,diffuse_blur,0.1,0.05,4.3,668,1532,0.4360313315926893,0.7562435329985393
diffuse_blur_js_0.1,diffuse_blur,0.1,0.05,4.3500000000000005,668,1532,0.4360313315926893,0.7562435329985393
diffuse_blur_js_0.1,diffuse_blur,0.1,0.05,4.4,668,1532,0.4360313315926893,0.7562435329985393
diffuse_blur_js_0.1,diffuse_blur,0.1,0.05,4.45,668,1532,0.4360313315926893,0.7562435329985393
diffuse_blur_js_0.1,diffuse_blur,0.1,0.05,4.5,668,1532,0.4360313315926893,0.7562435329985393
diffuse_blur_js_0.1,diffuse_blur,0.1,0.05,4.55,668,1532,0.4360313315926893,0.7562435329985393
diffuse_blur_js_0.1,diffuse_blur,0.1,0.05,4.6000000000000005,668,1532,0.4360313315926893,0.7562435329985393
diffuse_blur_js_0.1,diffuse_blur,0.1,0.05,4.65,668,1532,0.4360313315926893,0.7562435329985393
diffuse_blur_js_0.1,diffuse_blur,0.1,0.05,4.7,668,1532,0.4360313315926893,0.7562435329985393
diffuse_blur_js_0.1,diffuse_blur,0.1,0.05,4.75,668,1532,0.4360313315926893,0.7562435329985393
diffuse_blur_js_0.1,diffuse_blur,0.1,0.05,4.800000000000001,669,1532,0.4366840731070496,0.7566806930282358
diffuse_blur_js_0.1,diffuse_blur,0.1,0.05,4.8500000000000005,669,1532,0.4366840731070496,0.7566806930282358
diffuse_blur_js_0.1,diffuse_blur,0.1,0.05,4.9,670,1532,0.43733681462140994,0.7571642169451895
diffuse_blur_js_0.1,diffuse_blur,0.1,0.05,4.95,670,1532,0.43733681462140994,0.7571642169451895
diffuse_blur_js_0.1,diffuse_blur,0.1,0.05,5.0,671,1532,0.43798955613577023,0.7576873032104923
diffuse_blur_js_0.1,diffuse_blur,0.1,0.05,5.050000000000001,671,1532,0.43798955613577023,0.7576873032104923
diffuse_blur_js_0.1,diffuse_blur,0.1,0.05,5.1000000000000005,672,1532,0.4386422976501306,0.7582393109244365
diffuse_blur_js_0.1,diffuse_blur,0.1,0.05,5.15,673,1532,0.43929503916449086,0.7588066016021442
diffuse_blur_js_0.1,diffuse_blur,0.1,0.05,5.2,675,1532,0.4406005221932115,0.7601295441612455
diffuse_blur_js_0.1,diffuse_blur,0.1,0.05,5.25,677,1532,0.44190600522193213,0.7614601589329826
diffuse_blur_js_0.1,diffuse_blur,0.1,0.05,5.300000000000001,680,1532,0.44386422976501305,0.7635175041374718
diffuse_blur_js_0.1,diffuse_blur,0.1,0.05,5.3500000000000005,682,1532,0.4451697127937337,0.7648825041708067
diffuse_blur_js_0.1,diffuse_blur,0.1,0.05,5.4,684,1532,0.4464751958224543,0.7668762262926758
diffuse_blur_js_0.1,diffuse_blur,0.1,0.05,5.45,685,1532,0.4471279373368146,0.7677556343310188
diffuse_blur_js_0.1,diffuse_blur,0.1,0.05,5.5,685,1532,0.4471279373368146,0.7677556343310188
diffuse_blur_js_0.1,diffuse_blur,0.1,0.05,5.550000000000001,685,1532,0.4471279373368146,0.7677556343310188
diffuse_blur_js_0.1,diffuse_blur,0.1,0.05,5.6000000000000005,685,1532,0.4471279373368146,0.7677556343310188
diffuse_blur_js_0.1,diffuse_blur,0.1,0.05,5.65,685,1532,0.4471279373368146,0.7677556343310188
diffuse_blur_js_0.1,diffuse_blur,0.1,0.05,5.7,685,1532,0.4471279373368146,0.7677556343310188
diffuse_blur_js_0.1,diffuse_blur,0.1,0.05,5.75,685,1532,0.4471279373368146,0.7677556343310188
diffuse_blur_js_0.1,diffuse_blur,0.1,0.05,5.800000000000001,685,1532,0.4471279373368146,0.7677556343310188
diffuse_blur_js_0.1,diffuse_blur,0.1,0.05,5.8500000000000005,685,1532,0.4471279373368146,0.7677556343310188
diffuse_blur_js_0.1,diffuse_blur,0.1,0.05,5.9,685,1532,0.4471279373368146,0.7677556343310188
diffuse_blur_js_0.1,diffuse_blur,0.1,0.05,5.95,685,1532,0.4471279373368146,0.7677556343310188
diffuse_blur_js_0.1,diffuse_blur,0.1,0.05,6.0,685,1532,0.4471279373368146,0.7677556343310188
diffuse_blur_js_0.1,diffuse_blur,0.1,0.05,6.050000000000001,685,1532,0.4471279373368146,0.7677556343310188
diffuse_blur_js_0.1,diffuse_blur,0.1,0.05,6.1000000000000005,685,1532,0.4471279373368146,0.7677556343310188
diffuse_blur_js_0.1,diffuse_blur,0.1,0.05,6.15,685,1532,0.4471279373368146,0.7677556343310188
diffuse_blur_js_0.1,diffuse_blur,0.1,0.05,6.2,685,1532,0.4471279373368146,0.7677556343310188
diffuse_blur_js_0.1,diffuse_blur,0.1,0.05,6.25,685,1532,0.4471279373368146,0.7677556343310188
diffuse_blur_js_0.1,diffuse_blur,0.1,0.05,6.300000000000001,685,1532,0.4471279373368146,0.7677556343310188
diffuse_blur_js_0.1,diffuse_blur,0.1,0.05,6.3500000000000005,686,1532,0.44778067885117495,0.7716330269019516
diffuse_blur_js_0.1,diffuse_blur,0.1,0.05,6.4,686,1532,0.44778067885117495,0.7716330269019516
diffuse_blur_js_0.1,diffuse_blur,0.1,0.05,6.45,687,1532,0.44843342036553524,0.7749973726989972
diffuse_blur_js_0.1,diffuse_blur,0.1,0.05,6.5,688,1532,0.4490861618798956,0.7778184503104297
diffuse_blur_js_0.1,diffuse_blur,0.1,0.05,6.550000000000001,689,1532,0.4497389033942559,0.7801072590791609
diffuse_blur_js_0.1,diffuse_blur,0.1,0.05,6.6000000000000005,690,1532,0.45039164490861616,0.7819074137449851
diffuse_blur_js_0.1,diffuse_blur,0.1,0.05,6.65,690,1532,0.45039164490861616,0.7819074137449851
diffuse_blur_js_0.1,diffuse_blur,0.1,0.05,6.7,692,1532,0.4516971279373368,0.7847069710664967
diffuse_blur_js_0.1,diffuse_blur,0.1,0.05,6.75,693,1532,0.45234986945169714,0.7857684986836977
diffuse_blur_js_0.1,diffuse_blur,0.1,0.05,6.800000000000001,693,1532,0.45234986945169714,0.7857684986836977
diffuse_blur_js_0.1,diffuse_blur,0.1,0.05,6.8500000000000005,693,1532,0.45234986945169714,0.7857684986836977
diffuse_blur_js_0.1,diffuse_blur,0.1,0.05,6.9,693,1532,0.45234986945169714,0.7857684986836977
diffuse_blur_js_0.1,diffuse_blur,0.1,0.05,6.95,693,1532,0.45234986945169714,0.7857684986836977
diffuse_blur_js_0.1,diffuse_blur,0.1,0.05,7.0,693,1532,0.45234986945169714,0.7857684986836977
diffuse_blur_js_0.1,diffuse_blur,0.1,0.05,7.050000000000001,693,1532,0.45234986945169714,0.7857684986836977
diffuse_blur_js_0.1,diffuse_blur,0.1,0.05,7.1000000000000005,693,1532,0.45234986945169714,0.7857684986836977
diffuse_blur_js_0.1,diffuse_blur,0.1,0.05,7.15,693,1532,0.45234986945169714,0.7857684986836977
diffuse_blur_js_0.1,diffuse_blur,0.1,0.05,7.2,693,1532,0.45234986945169714,0.7857684986836977
diffuse_blur_js_0.1,diffuse_blur,0.1,0.05,7.25,693,1532,0.45234986945169714,0.7857684986836977
diffuse_blur_js_0.1,diffuse_blur,0.1,0.05,7.300000000000001,693,1532,0.45234986945169714,0.7857684986836977
diffuse_blur_js_0.1,diffuse_blur,0.1,0.05,7.3500000000000005,693,1532,0.45234986945169714,0.7857684986836977
diffuse_blur_js_0.1,diffuse_blur,0.1,0.05,7.4,693,1532,0.45234986945169714,0.7857684986836977
diffuse_blur_js_0.1,diffuse_blur,0.1,0.05,7.45,693,1532,0.45234986945169714,0.7857684986836977
diffuse_blur_js_0.1,diffuse_blur,0.1,0.05,7.5,693,1532,0.45234986945169714,0.7857684986836977
diffuse_blur_js_0.1,diffuse_blur,0.1,0.05,7.550000000000001,693,1532,0.45234986945169714,0.7857684986836977
diffuse_blur_js_0.1,diffuse_blur,0.1,0.05,7.6000000000000005,693,1532,0.45234986945169714,0.7857684986836977
diffuse_blur_js_0.1,diffuse_blur,0.1,0.05,7.65,693,1532,0.45234986945169714,0.7857684986836977
diffuse_blur_js_0.1,diffuse_blur,0.1,0.05,7.7,693,1532,0.45234986945169714,0.7857684986836977
diffuse_blur_js_0.1,diffuse_blur,0.1,0.05,7.75,693,1532,0.45234986945169714,0.7857684986836977
diffuse_blur_js_0.1,diffuse_blur,0.1,0.05,7.800000000000001,693,1532,0.45234986945169714,0.7857684986836977
diffuse_blur_js_0.1,diffuse_blur,0.1,0.05,7.8500000000000005,693,1532,0.45234986945169714,0.7857684986836977
diffuse_blur_js_0.1,diffuse_blur,0.1,0.05,7.9,693,1532,0.45234986945169714,0.7857684986836977
diffuse_blur_js_0.1,diffuse_blur,0.1,0.05,7.95,693,1532,0.45234986945169714,0.7857684986836977
diffuse_blur_js_0.1,diffuse_blur,0.1,0.05,8.0,693,1532,0.45234986945169714,0.7857684986836977
diffuse_blur_js_0.1,diffuse_blur,0.1,0.05,8.05,693,1532,0.45234986945169714,0.7857684986836977
diffuse_blur_js_0.1,diffuse_blur,0.1,0.05,8.1,693,1532,0.45234986945169714,0.7857684986836977
diffuse_blur_js_0.1,diffuse_blur,0.1,0.05,8.15,693,1532,0.45234986945169714,0.7857684986836977
diffuse_blur_js_0.1,diffuse_blur,0.1,0.05,8.200000000000001,693,1532,0.45234986945169714,0.7857684986836977
diffuse_blur_js_0.1,diffuse_blur,0.1,0.05,8.25,693,1532,0.45234986945169714,0.7857684986836977
diffuse_blur_js_0.1,diffuse_blur,0.1,0.05,8.3,693,1532,0.45234986945169714,0.7857684986836977
diffuse_blur_js_0.1,diffuse_blur,0.1,0.05,8.35,693,1532,0.45234986945169714,0.7857684986836977
diffuse_blur_js_0.1,diffuse_blur,0.1,0.05,8.4,693,1532,0.45234986945169714,0.7857684986836977
diffuse_blur_js_0.1,diffuse_blur,0.1,0.05,8.450000000000001,693,1532,0.45234986945169714,0.7857684986836977
diffuse_blur_js_0.1,diffuse_blur,0.1,0.05,8.5,693,1532,0.45234986945169714,0.7857684986836977
diffuse_blur_js_0.1,diffuse_blur,0.1,0.05,8.55,693,1532,0.45234986945169714,0.7857684986836977
diffuse_blur_js_0.1,diffuse_blur,0.1,0.05,8.6,693,1532,0.45234986945169714,0.7857684986836977
diffuse_blur_js_0.1,diffuse_blur,0.1,0.05,8.65,693,1532,0.45234986945169714,0.7857684986836977
diffuse_blur_js_0.1,diffuse_blur,0.1,0.05,8.700000000000001,693,1532,0.45234986945169714,0.7857684986836977
diffuse_blur_js_0.1,diffuse_blur,0.1,0.05,8.75,693,1532,0.45234986945169714,0.7857684986836977
diffuse_blur_js_0.1,diffuse_blur,0.1,0.05,8.8,693,1532,0.45234986945169714,0.7857684986836977
diffuse_blur_js_0.1,diffuse_blur,0.1,0.05,8.85,693,1532,0.45234986945169714,0.7857684986836977
diffuse_blur_js_0.1,diffuse_blur,0.1,0.05,8.9,693,1532,0.45234986945169714,0.7857684986836977
diffuse_blur_js_0.1,diffuse_blur,0.1,0.05,8.950000000000001,693,1532,0.45234986945169714,0.7857684986836977
diffuse_blur_js_0.1,diffuse_blur,0.1,0.05,9.0,693,1532,0.45234986945169714,0.7857684986836977
diffuse_blur_js_0.1,diffuse_blur,0.1,0.05,9.05,693,1532,0.45234986945169714,0.7857684986836977
diffuse_blur_js_0.1,diffuse_blur,0.1,0.05,9.1,693,1532,0.45234986945169714,0.7857684986836977
diffuse_blur_js_0.1,diffuse_blur,0.1,0.05,9.15,693,1532,0.45234986945169714,0.7857684986836977
diffuse_blur_js_0.1,diffuse_blur,0.1,0.05,9.200000000000001,693,1532,0.45234986945169714,0.7857684986836977
diffuse_blur_js_0.1,diffuse_blur,0.1,0.05,9.25,693,1532,0.45234986945169714,0.7857684986836977
diffuse_blur_js_0.1,diffuse_blur,0.1,0.05,9.3,693,1532,0.45234986945169714,0.7857684986836977
diffuse_blur_js_0.1,diffuse_blur,0.1,0.05,9.35,693,1532,0.45234986945169714,0.7857684986836977
diffuse_blur_js_0.1,diffuse_blur,0.1,0.05,9.4,693,1532,0.45234986945169714,0.7857684986836977
diffuse_blur_js_0.1,diffuse_blur,0.1,0.05,9.450000000000001,693,1532,0.45234986945169714,0.7857684986836977
diffuse_blur_js_0.1,diffuse_blur,0.1,0.05,9.5,693,1532,0.45234986945169714,0.7857684986836977
diffuse_blur_js_0.1,diffuse_blur,0.1,0.05,9.55,693,1532,0.45234986945169714,0.7857684986836977
diffuse_blur_js_0.1,diffuse_blur,0.1,0.05,9.600000000000001,693,1532,0.45234986945169714,0.7857684986836977
diffuse_blur_js_0.1,diffuse_blur,0.1,0.05,9.65,693,1532,0.45234986945169714,0.7857684986836977
diffuse_blur_js_0.1,diffuse_blur,0.1,0.05,9.700000000000001,693,1532,0.45234986945169714,0.7857684986836977
diffuse_blur_js_0.1,diffuse_blur,0.1,0.05,9.75,693,1532,0.45234986945169714,0.7857684986836977
diffuse_blur_js_0.1,diffuse_blur,0.1,0.05,9.8,693,1532,0.45234986945169714,0.7857684986836977
diffuse_blur_js_0.1,diffuse_blur,0.1,0.05,9.850000000000001,693,1532,0.45234986945169714,0.7857684986836977
diffuse_blur_js_0.1,diffuse_blur,0.1,0.05,9.9,693,1532,0.45234986945169714,0.7857684986836977
diffuse_blur_js_0.1,diffuse_blur,0.1,0.05,9.950000000000001,693,1532,0.45234986945169714,0.7857684986836977
diffuse_blur_js_0.1,diffuse_blur,0.1,0.05,10.0,693,1532,0.45234986945169714,0.7857684986836977
diffuse_blur_js_0.1,diffuse_blur,0.1,0.05,10.05,693,1532,0.45234986945169714,0.7857684986836977
diffuse_blur_js_0.1,diffuse_blur,0.1,0.05,10.100000000000001,693,1532,0.45234986945169714,0.7857684986836977
diffuse_blur_js_0.1,diffuse_blur,0.1,0.05,10.15,693,1532,0.45234986945169714,0.7857684986836977
diffuse_blur_js_0.1,diffuse_blur,0.1,0.05,10.200000000000001,693,1532,0.45234986945169714,0.7857684986836977
diffuse_blur_js_0.1,diffuse_blur,0.1,0.05,10.25,693,1532,0.45234986945169714,0.7857684986836977
diffuse_blur_js_0.1,diffuse_blur,0.1,0.05,10.3,693,1532,0.45234986945169714,0.7857684986836977
diffuse_blur_js_0.1,diffuse_blur,0.1,0.05,10.350000000000001,693,1532,0.45234986945169714,0.7857684986836977
diffuse_blur_js_0.1,diffuse_blur,0.1,0.05,10.4,693,1532,0.45234986945169714,0.7857684986836977
diffuse_blur_js_0.1,diffuse_blur,0.1,0.05,10.450000000000001,693,1532,0.45234986945169714,0.7857684986836977
diffuse_blur_js_0.1,diffuse_blur,0.1,0.05,10.5,693,1532,0.45234986945169714,0.7857684986836977
diffuse_blur_js_0.1,diffuse_blur,0.1,0.05,10.55,693,1532,0.45234986945169714,0.7857684986836977
diffuse_blur_js_0.1,diffuse_blur,0.1,0.05,10.600000000000001,693,1532,0.45234986945169714,0.7857684986836977
diffuse_blur_js_0.1,diffuse_blur,0.1,0.05,10.65,693,1532,0.45234986945169714,0.7857684986836977
diffuse_blur_js_0.1,diffuse_blur,0.1,0.05,10.700000000000001,693,1532,0.45234986945169714,0.7857684986836977
diffuse_blur_js_0.1,diffuse_blur,0.1,0.05,10.75,693,1532,0.45234986945169714,0.7857684986836977
diffuse_blur_js_0.1,diffuse_blur,0.1,0.05,10.8,693,1532,0.45234986945169714,0.7857684986836977
diffuse_blur_js_0.1,diffuse_blur,0.1,0.05,10.850000000000001,693,1532,0.45234986945169714,0.7857684986836977
diffuse_blur_js_0.1,diffuse_blur,0.1,0.05,10.9,693,1532,0.45234986945169714,0.7857684986836977
diffuse_blur_js_0.1,diffuse_blur,0.1,0.05,10.950000000000001,693,1532,0.45234986945169714,0.7857684986836977
diffuse_blur_js_0.1,diffuse_blur,0.1,0.05,11.0,693,1532,0.45234986945169714,0.7857684986836977
diffuse_blur_js_0.1,diffuse_blur,0.1,0.05,11.05,693,1532,0.45234986945169714,0.7857684986836977
diffuse_blur_js_0.1,diffuse_blur,0.1,0.05,11.100000000000001,693,1532,0.45234986945169714,0.7857684986836977
diffuse_blur_js_0.1,diffuse_blur,0.1,0.05,11.15,693,1532,0.45234986945169714,0.7857684986836977
diffuse_blur_js_0.1,diffuse_blur,0.1,0.05,11.200000000000001,693,1532,0.45234986945169714,0.7857684986836977
diffuse_blur_js_0.1,diffuse_blur,0.1,0.05,11.25,693,1532,0.45234986945169714,0.7857684986836977
diffuse_blur_js_0.1,diffuse_blur,0.1,0.05,11.3,693,1532,0.45234986945169714,0.7857684986836977
diffuse_blur_js_0.1,diffuse_blur,0.1,0.05,11.350000000000001,693,1532,0.45234986945169714,0.7857684986836977
diffuse_blur_js_0.1,diffuse_blur,0.1,0.05,11.4,693,1532,0.45234986945169714,0.7857684986836977
diffuse_blur_js_0.1,diffuse_blur,0.1,0.05,11.450000000000001,693,1532,0.45234986945169714,0.7857684986836977
diffuse_blur_js_0.1,diffuse_blur,0.1,0.05,11.5,693,1532,0.45234986945169714,0.7857684986836977
diffuse_blur_js_0.1,diffuse_blur,0.1,0.05,11.55,693,1532,0.45234986945169714,0.7857684986836977
diffuse_blur_js_0.1,diffuse_blur,0.1,0.05,11.600000000000001,693,1532,0.45234986945169714,0.7857684986836977
diffuse_blur_js_0.1,diffuse_blur,0.1,0.05,11.65,693,1532,0.45234986945169714,0.7857684986836977
diffuse_blur_js_0.1,diffuse_blur,0.1,0.05,11.700000000000001,693,1532,0.45234986945169714,0.7857684986836977
diffuse_blur_js_0.1,diffuse_blur,0.1,0.05,11.75,693,1532,0.45234986945169714,0.7857684986836977
diffuse_blur_js_0.1,diffuse_blur,0.1,0.05,11.8,693,1532,0.45234986945169714,0.7857684986836977
diffuse_blur_js_0.1,diffuse_blur,0.1,0.05,11.850000000000001,693,1532,0.45234986945169714,0.7857684986836977
diffuse_blur_js_0.1,diffuse_blur,0.1,0.05,11.9,693,1532,0.45234986945169714,0.7857684986836977
diffuse_blur_js_0.1,diffuse_blur,0.1,0.05,11.950000000000001,693,1532,0.45234986945169714,0.7857684986836977
diffuse_blur_js_0.1,diffuse_blur,0.1,0.05,12.0,693,1532,0.45234986945169714,0.7857684986836977
diffuse_blur_js_0.1,diffuse_blur,0.1,0.05,12.05,693,1532,0.45234986945169714,0.7857684986836977
diffuse_blur_js_0.1,diffuse_blur,0.1,0.05,12.100000000000001,693,1532,0.45234986945169714,0.7857684986836977
diffuse_blur_js_0.1,diffuse_blur,0.1,0.05,12.15,693,1532,0.45234986945169714,0.7857684986836977
diffuse_blur_js_0.1,diffuse_blur,0.1,0.05,12.200000000000001,693,1532,0.45234986945169714,0.7857684986836977
diffuse_blur_js_0.1,diffuse_blur,0.1,0.05,12.25,693,1532,0.45234986945169714,0.7857684986836977
diffuse_blur_js_0.1,diffuse_blur,0.1,0.05,12.3,693,1532,0.45234986945169714,0.7857684986836977
diffuse_blur_js_0.1,diffuse_blur,0.1,0.05,12.350000000000001,693,1532,0.45234986945169714,0.7857684986836977
diffuse_blur_js_0.1,diffuse_blur,0.1,0.05,12.4,693,1532,0.45234986945169714,0.7857684986836977
diffuse_blur_js_0.1,diffuse_blur,0.1,0.05,12.450000000000001,693,1532,0.45234986945169714,0.7857684986836977
diffuse_blur_js_0.1,diffuse_blur,0.1,0.05,12.5,693,1532,0.45234986945169714,0.7857684986836977
diffuse_blur_js_0.1,diffuse_blur,0.1,0.05,12.55,693,1532,0.45234986945169714,0.7857684986836977
diffuse_blur_js_0.1,diffuse_blur,0.1,0.05,12.600000000000001,693,1532,0.45234986945169714,0.7857684986836977
diffuse_blur_js_0.1,diffuse_blur,0.1,0.05,12.65,693,1532,0.45234986945169714,0.7857684986836977
diffuse_blur_js_0.1,diffuse_blur,0.1,0.05,12.700000000000001,693,1532,0.45234986945169714,0.7857684986836977
diffuse_blur_js_0.1,diffuse_blur,0.1,0.05,12.75,693,1532,0.45234986945169714,0.7857684986836977
diffuse_blur_js_0.1,diffuse_blur,0.1,0.05,12.8,693,1532,0.45234986945169714,0.7857684986836977
diffuse_blur_js_0.1,diffuse_blur,0.1,0.05,12.850000000000001,693,1532,0.45234986945169714,0.7857684986836977
diffuse_blur_js_0.1,diffuse_blur,0.1,0.05,12.9,693,1532,0.45234986945169714,0.7857684986836977
diffuse_blur_js_0.1,diffuse_blur,0.1,0.05,12.950000000000001,693,1532,0.45234986945169714,0.7857684986836977
diffuse_blur_js_0.1,diffuse_blur,0.1,0.05,13.0,693,1532,0.45234986945169714,0.7857684986836977
diffuse_blur_js_0.1,diffuse_blur,0.1,0.05,13.05,693,1532,0.45234986945169714,0.7857684986836977
diffuse_blur_js_0.1,diffuse_blur,0.1,0.05,13.100000000000001,693,1532,0.45234986945169714,0.7857684986836977
diffuse_blur_js_0.1,diffuse_blur,0.1,0.05,13.15,693,1532,0.45234986945169714,0.7857684986836977
diffuse_blur_js_0.1,diffuse_blur,0.1,0.05,13.200000000000001,693,1532,0.45234986945169714,0.7857684986836977
diffuse_blur_js_0.1,diffuse_blur,0.1,0.05,13.25,693,1532,0.45234986945169714,0.7857684986836977
diffuse_blur_js_0.1,diffuse_blur,0.1,0.05,13.3,693,1532,0.45234986945169714,0.7857684986836977
diffuse_blur_js_0.1,diffuse_blur,0.1,0.05,13.350000000000001,693,1532,0.45234986945169714,0.7857684986836977
diffuse_blur_js_0.1,diffuse_blur,0.1,0.05,13.4,693,1532,0.45234986945169714,0.7857684986836977
diffuse_blur_js_0.1,diffuse_blur,0.1,0.05,13.450000000000001,693,1532,0.45234986945169714,0.7857684986836977
diffuse_blur_js_0.1,diffuse_blur,0.1,0.05,13.5,693,1532,0.45234986945169714,0.7857684986836977
diffuse_blur_js_0.1,diffuse_blur,0.1,0.05,13.55,693,1532,0.45234986945169714,0.7857684986836977
diffuse_blur_js_0.1,diffuse_blur,0.1,0.05,13.600000000000001,693,1532,0.45234986945169714,0.7857684986836977
diffuse_blur_js_0.1,diffuse_blur,0.1,0.05,13.65,693,1532,0.45234986945169714,0.7857684986836977
diffuse_blur_js_0.1,diffuse_blur,0.1,0.05,13.700000000000001,693,1532,0.45234986945169714,0.7857684986836977
diffuse_blur_js_0.1,diffuse_blur,0.1,0.05,13.75,693,1532,0.45234986945169714,0.7857684986836977
diffuse_blur_js_0.1,diffuse_blur,0.1,0.05,13.8,693,1532,0.45234986945169714,0.7857684986836977
diffuse_blur_js_0.1,diffuse_blur,0.1,0.05,13.850000000000001,693,1532,0.45234986945169714,0.7857684986836977
diffuse_blur_js_0.1,diffuse_blur,0.1,0.05,13.9,693,1532,0.45234986945169714,0.7857684986836977
diffuse_blur_js_0.1,diffuse_blur,0.1,0.05,13.950000000000001,693,1532,0.45234986945169714,0.7857684986836977
diffuse_blur_js_0.1,diffuse_blur,0.1,0.05,14.0,693,1532,0.45234986945169714,0.7857684986836977
diffuse_blur_js_0.1,diffuse_blur,0.1,0.05,14.05,693,1532,0.45234986945169714,0.7857684986836977
diffuse_blur_js_0.1,diffuse_blur,0.1,0.05,14.100000000000001,693,1532,0.45234986945169714,0.7857684986836977
diffuse_blur_js_0.1,diffuse_blur,0.1,0.05,14.15,693,1532,0.45234986945169714,0.7857684986836977
diffuse_blur_js_0.1,diffuse_blur,0.1,0.05,14.200000000000001,693,1532,0.45234986945169714,0.7857684986836977
diffuse_blur_js_0.1,diffuse_blur,0.1,0.05,14.25,693,1532,0.45234986945169714,0.7857684986836977
diffuse_blur_js_0.1,diffuse_blur,0.1,0.05,14.3,693,1532,0.45234986945169714,0.7857684986836977
diffuse_blur_js_0.1,diffuse_blur,0.1,0.05,14.350000000000001,693,1532,0.45234986945169714,0.7857684986836977
diffuse_blur_js_0.1,diffuse_blur,0.1,0.05,14.4,693,1532,0.45234986945169714,0.7857684986836977
diffuse_blur_js_0.1,diffuse_blur,0.1,0.05,14.450000000000001,693,1532,0.45234986945169714,0.7857684986836977
diffuse_blur_js_0.1,diffuse_blur,0.1,0.05,14.5,693,1532,0.45234986945169714,0.7857684986836977
diffuse_blur_js_0.1,diffuse_blur,0.1,0.05,14.55,693,1532,0.45234986945169714,0.7857684986836977
diffuse_blur_js_0.1,diffuse_blur,0.1,0.05,14.600000000000001,693,1532,0.45234986945169714,0.7857684986836977
diffuse_blur_js_0.1,diffuse_blur,0.1,0.05,14.65,693,1532,0.45234986945169714,0.7857684986836977
diffuse_blur_js_0.1,diffuse_blur,0.1,0.05,14.700000000000001,693,1532,0.45234986945169714,0.7857684986836977
diffuse_blur_js_0.1,diffuse_blur,0.1,0.05,14.75,693,1532,0.45234986945169714,0.7857684986836977
diffuse_blur_js_0.1,diffuse_blur,0.1,0.05,14.8,693,1532,0.45234986945169714,0.7857684986836977
diffuse_blur_js_0.1,diffuse_blur,0.1,0.05,14.850000000000001,693,1532,0.45234986945169714,0.7857684986836977
diffuse_blur_js_0.1,diffuse_blur,0.1,0.05,14.9,693,1532,0.45234986945169714,0.7857684986836977
diffuse_blur_js_0.1,diffuse_blur,0.1,0.05,14.950000000000001,693,1532,0.45234986945169714,0.7857684986836977
diffuse_blur_js_0.1,diffuse_blur,0.1,0.05,15.0,693,1532,0.45234986945169714,0.7857684986836977
diffuse_blur_js_0.15,diffuse_blur,0.15,0.05,0.0,76,1532,0.04960835509138381,0.011122795102453328
diffuse_blur_js_0.15,diffuse_blur,0.15,0.05,0.05,77,1532,0.05026109660574413,0.011269173933804206
diffuse_blur_js_0.15,diffuse_blur,0.15,0.05,0.1,81,1532,0.05287206266318538,0.011854599566472253
diffuse_blur_js_0.15,diffuse_blur,0.15,0.05,0.15000000000000002,87,1532,0.05678851174934726,0.012732776061974886
diffuse_blur_js_0.15,diffuse_blur,0.15,0.05,0.2,92,1532,0.06005221932114883,0.013464620810927542
diffuse_blur_js_0.15,diffuse_blur,0.15,0.05,0.25,105,1532,0.0685378590078329,0.015367440601996879
diffuse_blur_js_0.15,diffuse_blur,0.15,0.05,0.30000000000000004,113,1532,0.0737597911227154,0.016538768272810093
diffuse_blur_js_0.15,diffuse_blur,0.15,0.05,0.35000000000000003,125,1532,0.08159268929503917,0.01829616146854071
diffuse_blur_js_0.15,diffuse_blur,0.15,0.05,0.4,139,1532,0.09073107049608355,0.02034942825787308
diffuse_blur_js_0.15,diffuse_blur,0.15,0.05,0.45,152,1532,0.09921671018276762,0.022259245349454837
diffuse_blur_js_0.15,diffuse_blur,0.15,0.05,0.5,167,1532,0.10900783289817233,0.02447483429824713
diffuse_blur_js_0.15,diffuse_blur,0.15,0.05,0.55,180,1532,0.1174934725848564,0.02641872547586795
diffuse_blur_js_0.15,diffuse_blur,0.15,0.05,0.6000000000000001,192,1532,0.12532637075718014,0.02823669577889016
diffuse_blur_js_0.15,diffuse_blur,0.15,0.05,0.65,205,1532,0.13381201044386423,0.030299104627896582
diffuse_blur_js_0.15,diffuse_blur,0.15,0.05,0.7000000000000001,210,1532,0.1370757180156658,0.03114152775410361
diffuse_blur_js_0.15,diffuse_blur,0.15,0.05,0.75,213,1532,0.13903394255874674,0.03173134494079382
diffuse_blur_js_0.15,diffuse_blur,0.15,0.05,0.8,217,1532,0.141644908616188,0.032594501713065056
diffuse_blur_js_0.15,diffuse_blur,0.15,0.05,0.8500000000000001,221,1532,0.14425587467362924,0.033748714987056894
diffuse_blur_js_0.15,diffuse_blur,0.15,0.05,0.9,228,1532,0.14882506527415143,0.035405801234576366
diffuse_blur_js_0.15,diffuse_blur,0.15,0.05,0.9500000000000001,239,1532,0.15600522193211488,0.03816590177927836
diffuse_blur_js_0.15,diffuse_blur,0.15,0.05,1.0,253,1532,0.16514360313315926,0.041812337528346864
diffuse_blur_js_0.15,diffuse_blur,0.15,0.05,1.05,260,1532,0.16971279373368145,0.043385383807123194
diffuse_blur_js_0.15,diffuse_blur,0.15,0.05,1.1,270,1532,0.1762402088772846,0.04578906420859685
diffuse_blur_js_0.15,diffuse_blur,0.15,0.05,1.1500000000000001,277,1532,0.18080939947780678,0.04754904930290231
diffuse_blur_js_0.15,diffuse_blur,0.15,0.05,1.2000000000000002,282,1532,0.18407310704960836,0.048723972366748775
diffuse_blur_js_0.15,diffuse_blur,0.15,0.05,1.25,287,1532,0.18733681462140991,0.04993498223551891
diffuse_blur_js_0.15,diffuse_blur,0.15,0.05,1.3,290,1532,0.18929503916449086,0.05044365816102807
diffuse_blur_js_0.15,diffuse_blur,0.15,0.05,1.35,297,1532,0.19386422976501305,0.0541232576988022
diffuse_blur_js_0.15,diffuse_blur,0.15,0.05,1.4000000000000001,299,1532,0.19516971279373369,0.054428916486614846
diffuse_blur_js_0.15,diffuse_blur,0.15,0.05,1.4500000000000002,301,1532,0.19647519582245432,0.05532755818896518
diffuse_blur_js_0.15,diffuse_blur,0.15,0.05,1.5,308,1532,0.2010443864229765,0.059178599039835626
diffuse_blur_js_0.15,diffuse_blur,0.15,0.05,1.55,309,1532,0.20169712793733682,0.06014402064913604
diffuse_blur_js_0.15,diffuse_blur,0.15,0.05,1.6,312,1532,0.20365535248041775,0.06382298600899064
diffuse_blur_js_0.15,diffuse_blur,0.15,0.05,1.6500000000000001,316,1532,0.206266318537859,0.06885955068782311
diffuse_blur_js_0.15,diffuse_blur,0.15,0.05,1.7000000000000002,320,1532,0.20887728459530025,0.07376292195234235
diffuse_blur_js_0.15,diffuse_blur,0.15,0.05,1.75,323,1532,0.2108355091383812,0.07915803580083364
diffuse_blur_js_0.15,diffuse_blur,0.15,0.05,1.8,325,1532,0.21214099216710183,0.08320980698121164
diffuse_blur_js_0.15,diffuse_blur,0.15,0.05,1.85,329,1532,0.21475195822454307,0.09088997448059633
diffuse_blur_js_0.15,diffuse_blur,0.15,0.05,1.9000000000000001,330,1532,0.2154046997389034,0.09295379604134599
diffuse_blur_js_0.15,diffuse_blur,0.15,0.05,1.9500000000000002,332,1532,0.21671018276762402,0.09656315704096077
diffuse_blur_js_0.15,diffuse_blur,0.15,0.05,2.0,335,1532,0.21866840731070497,0.10093526973654268
diffuse_blur_js_0.15,diffuse_blur,0.15,0.05,2.0500000000000003,336,1532,0.2193211488250653,0.10222416242956606
diffuse_blur_js_0.15,diffuse_blur,0.15,0.05,2.1,338,1532,0.2206266318537859,0.10390179559248366
diffuse_blur_js_0.15,diffuse_blur,0.15,0.05,2.15,340,1532,0.22193211488250653,0.1049084057747402
diffuse_blur_js_0.15,diffuse_blur,0.15,0.05,2.2,343,1532,0.22389033942558748,0.10606577367820527
diffuse_blur_js_0.15,diffuse_blur,0.15,0.05,2.25,349,1532,0.22780678851174935,0.10765182793863075
diffuse_blur_js_0.15,diffuse_blur,0.15,0.05,2.3000000000000003,353,1532,0.2304177545691906,0.10846266099287866
diffuse_blur_js_0.15,diffuse_blur,0.15,0.05,2.35,359,1532,0.23433420365535249,0.10952433540907103
diffuse_blur_js_0.15,diffuse_blur,0.15,0.05,2.4000000000000004,364,1532,0.23759791122715404,0.11031377287916838
diffuse_blur_js_0.15,diffuse_blur,0.15,0.05,2.45,372,1532,0.24281984334203655,0.11155635502252223
diffuse_blur_js_0.15,diffuse_blur,0.15,0.05,2.5,382,1532,0.24934725848563968,0.11309760294200187
diffuse_blur_js_0.15,diffuse_blur,0.15,0.05,2.5500000000000003,391,1532,0.25522193211488253,0.11446453302218815
diffuse_blur_js_0.15,diffuse_blur,0.15,0.05,2.6,394,1532,0.25718015665796345,0.11490510066658624
diffuse_blur_js_0.15,diffuse_blur,0.15,0.05,2.6500000000000004,397,1532,0.2591383812010444,0.11534491933994367
diffuse_blur_js_0.15,diffuse_blur,0.15,0.05,2.7,398,1532,0.2597911227154047,0.11549151893764731
diffuse_blur_js_0.15,diffuse_blur,0.15,0.05,2.75,400,1532,0.26109660574412535,0.11578447116153745
diffuse_blur_js_0.15,diffuse_blur,0.15,0.05,2.8000000000000003,401,1532,0.26174934725848564,0.11598588428325207
diffuse_blur_js_0.15,diffuse_blur,0.15,0.05,2.85,406,1532,0.2650130548302872,0.11682953851693624
diffuse_blur_js_0.15,diffuse_blur,0.15,0.05,2.9000000000000004,411,1532,0.26827676240208875,0.11770174698547813
diffuse_blur_js_0.15,diffuse_blur,0.15,0.05,2.95,417,1532,0.27219321148825065,0.11879093971464032
diffuse_blur_js_0.15,diffuse_blur,0.15,0.05,3.0,423,1532,0.27610966057441255,0.12004659638703304
diffuse_blur_js_0.15,diffuse_blur,0.15,0.05,3.0500000000000003,434,1532,0.283289817232376,0.12373394963545996
diffuse_blur_js_0.15,diffuse_blur,0.15,0.05,3.1,446,1532,0.29112271540469975,0.13057160817076277
diffuse_blur_js_0.15,diffuse_blur,0.15,0.05,3.1500000000000004,456,1532,0.29765013054830286,0.13764536038419695
diffuse_blur_js_0.15,diffuse_blur,0.15,0.05,3.2,468,1532,0.30548302872062666,0.1474157755819158
diffuse_blur_js_0.15,diffuse_blur,0.15,0.05,3.25,477,1532,0.3113577023498694,0.15731756342585468
diffuse_blur_js_0.15,diffuse_blur,0.15,0.05,3.3000000000000003,488,1532,0.3185378590078329,0.16781798499038153
diffuse_blur_js_0.15,diffuse_blur,0.15,0.05,3.35,500,1532,0.3263707571801567,0.18476605721506867
diffuse_blur_js_0.15,diffuse_blur,0.15,0.05,3.4000000000000004,510,1532,0.3328981723237598,0.20304844903190106
diffuse_blur_js_0.15,diffuse_blur,0.15,0.05,3.45,522,1532,0.34073107049608353,0.226210484351357
diffuse_blur_js_0.15,diffuse_blur,0.15,0.05,3.5,531,1532,0.34660574412532635,0.2534195956634195
diffuse_blur_js_0.15,diffuse_blur,0.15,0.05,3.5500000000000003,545,1532,0.35574412532637073,0.29136378272326596
diffuse_blur_js_0.15,diffuse_blur,0.15,0.05,3.6,557,1532,0.36357702349869453,0.33178322041331265
diffuse_blur_js_0.15,diffuse_blur,0.15,0.05,3.6500000000000004,576,1532,0.37597911227154046,0.39366891794430137
diffuse_blur_js_0.15,diffuse_blur,0.15,0.05,3.7,595,1532,0.38838120104438645,0.462045033643907
diffuse_blur_js_0.15,diffuse_blur,0.15,0.05,3.75,613,1532,0.40013054830287204,0.525380822926582
diffuse_blur_js_0.15,diffuse_blur,0.15,0.05,3.8000000000000003,635,1532,0.41449086161879894,0.5868908943088139
diffuse_blur_js_0.15,diffuse_blur,0.15,0.05,3.85,653,1532,0.4262402088772846,0.6286642253251933
diffuse_blur_js_0.15,diffuse_blur,0.15,0.05,3.9000000000000004,669,1532,0.4366840731070496,0.6553323974536065
diffuse_blur_js_0.15,diffuse_blur,0.15,0.05,3.95,685,1532,0.4471279373368146,0.6726204464410043
diffuse_blur_js_0.15,diffuse_blur,0.15,0.05,4.0,698,1532,0.4556135770234987,0.6825216925299101
diffuse_blur_js_0.15,diffuse_blur,0.15,0.05,4.05,701,1532,0.4575718015665796,0.6841068118642476
diffuse_blur_js_0.15,diffuse_blur,0.15,0.05,4.1000000000000005,702,1532,0.45822454308093996,0.684332864163207
diffuse_blur_js_0.15,diffuse_blur,0.15,0.05,4.15,702,1532,0.45822454308093996,0.684332864163207
diffuse_blur_js_0.15,diffuse_blur,0.15,0.05,4.2,702,1532,0.45822454308093996,0.684332864163207
diffuse_blur_js_0.15,diffuse_blur,0.15,0.05,4.25,702,1532,0.45822454308093996,0.684332864163207
diffuse_blur_js_0.15,diffuse_blur,0.15,0.05,4.3,702,1532,0.45822454308093996,0.684332864163207
diffuse_blur_js_0.15,diffuse_blur,0.15,0.05,4.3500000000000005,703,1532,0.45887728459530025,0.6846728282254794
diffuse_blur_js_0.15,diffuse_blur,0.15,0.05,4.4,703,1532,0.45887728459530025,0.6846728282254794
diffuse_blur_js_0.15,diffuse_blur,0.15,0.05,4.45,703,1532,0.45887728459530025,0.6846728282254794
diffuse_blur_js_0.15,diffuse_blur,0.15,0.05,4.5,703,1532,0.45887728459530025,0.6846728282254794
diffuse_blur_js_0.15,diffuse_blur,0.15,0.05,4.55,703,1532,0.45887728459530025,0.6846728282254794
diffuse_blur_js_0.15,diffuse_blur,0.15,0.05,4.6000000000000005,704,1532,0.4595300261096606,0.685060893267759
diffuse_blur_js_0.15,diffuse_blur,0.15,0.05,4.65,705,1532,0.4601827676240209,0.6855703014881943
diffuse_blur_js_0.15,diffuse_blur,0.15,0.05,4.7,705,1532,0.4601827676240209,0.6855703014881943
diffuse_blur_js_0.15,diffuse_blur,0.15,0.05,4.75,705,1532,0.4601827676240209,0.6855703014881943
diffuse_blur_js_0.15,diffuse_blur,0.15,0.05,4.800000000000001,706,1532,0.4608355091383812,0.6860074615178908
diffuse_blur_js_0.15,diffuse_blur,0.15,0.05,4.8500000000000005,707,1532,0.4614882506527415,0.6865906109389146
diffuse_blur_js_0.15,diffuse_blur,0.15,0.05,4.9,708,1532,0.4621409921671018,0.6870741348558683
diffuse_blur_js_0.15,diffuse_blur,0.15,0.05,4.95,708,1532,0.4621409921671018,0.6870741348558683
diffuse_blur_js_0.15,diffuse_blur,0.15,0.05,5.0,710,1532,0.46344647519582244,0.6882500096008889
diffuse_blur_js_0.15,diffuse_blur,0.15,0.05,5.050000000000001,710,1532,0.46344647519582244,0.6882500096008889
diffuse_blur_js_0.15,diffuse_blur,0.15,0.05,5.1000000000000005,711,1532,0.4640992167101828,0.6888020173148331
diffuse_blur_js_0.15,diffuse_blur,0.15,0.05,5.15,713,1532,0.4654046997389034,0.6900815195461579
diffuse_blur_js_0.15,diffuse_blur,0.15,0.05,5.2,715,1532,0.466710182767624,0.6914044621052592
diffuse_blur_js_0.15,diffuse_blur,0.15,0.05,5.25,718,1532,0.46866840731070497,0.6937004984862966
diffuse_blur_js_0.15,diffuse_blur,0.15,0.05,5.300000000000001,722,1532,0.47127937336814624,0.6967861442033547
diffuse_blur_js_0.15,diffuse_blur,0.15,0.05,5.3500000000000005,725,1532,0.47323759791122716,0.6992126718538905
diffuse_blur_js_0.15,diffuse_blur,0.15,0.05,5.4,728,1532,0.4751958224543081,0.7022679215929606
diffuse_blur_js_0.15,diffuse_blur,0.15,0.05,5.45,729,1532,0.4758485639686684,0.7031473296313036
diffuse_blur_js_0.15,diffuse_blur,0.15,0.05,5.5,732,1532,0.47780678851174935,0.7069817365973978
diffuse_blur_js_0.15,diffuse_blur,0.15,0.05,5.550000000000001,732,1532,0.47780678851174935,0.7069817365973978
diffuse_blur_js_0.15,diffuse_blur,0.15,0.05,5.6000000000000005,732,1532,0.47780678851174935,0.7069817365973978
diffuse_blur_js_0.15,diffuse_blur,0.15,0.05,5.65,732,1532,0.47780678851174935,0.7069817365973978
diffuse_blur_js_0.15,diffuse_blur,0.15,0.05,5.7,732,1532,0.47780678851174935,0.7069817365973978
diffuse_blur_js_0.15,diffuse_blur,0.15,0.05,5.75,732,1532,0.47780678851174935,0.7069817365973978
diffuse_blur_js_0.15,diffuse_blur,0.15,0.05,5.800000000000001,732,1532,0.47780678851174935,0.7069817365973978
diffuse_blur_js_0.15,diffuse_blur,0.15,0.05,5.8500000000000005,732,1532,0.47780678851174935,0.7069817365973978
diffuse_blur_js_0.15,diffuse_blur,0.15,0.05,5.9,732,1532,0.47780678851174935,0.7069817365973978
diffuse_blur_js_0.15,diffuse_blur,0.15,0.05,5.95,732,1532,0.47780678851174935,0.7069817365973978
diffuse_blur_js_0.15,diffuse_blur,0.15,0.05,6.0,732,1532,0.47780678851174935,0.7069817365973978
diffuse_blur_js_0.15,diffuse_blur,0.15,0.05,6.050000000000001,732,1532,0.47780678851174935,0.7069817365973978
diffuse_blur_js_0.15,diffuse_blur,0.15,0.05,6.1000000000000005,732,1532,0.47780678851174935,0.7069817365973978
diffuse_blur_js_0.15,diffuse_blur,0.15,0.05,6.15,732,1532,0.47780678851174935,0.7069817365973978
diffuse_blur_js_0.15,diffuse_blur,0.15,0.05,6.2,732,1532,0.47780678851174935,0.7069817365973978
diffuse_blur_js_0.15,diffuse_blur,0.15,0.05,6.25,732,1532,0.47780678851174935,0.7069817365973978
diffuse_blur_js_0.15,diffuse_blur,0.15,0.05,6.300000000000001,732,1532,0.47780678851174935,0.7069817365973978
diffuse_blur_js_0.15,diffuse_blur,0.15,0.05,6.3500000000000005,732,1532,0.47780678851174935,0.7069817365973978
diffuse_blur_js_0.15,diffuse_blur,0.15,0.05,6.4,732,1532,0.47780678851174935,0.7069817365973978
diffuse_blur_js_0.15,diffuse_blur,0.15,0.05,6.45,732,1532,0.47780678851174935,0.7069817365973978
diffuse_blur_js_0.15,diffuse_blur,0.15,0.05,6.5,732,1532,0.47780678851174935,0.7069817365973978
diffuse_blur_js_0.15,diffuse_blur,0.15,0.05,6.550000000000001,732,1532,0.47780678851174935,0.7069817365973978
diffuse_blur_js_0.15,diffuse_blur,0.15,0.05,6.6000000000000005,732,1532,0.47780678851174935,0.7069817365973978
diffuse_blur_js_0.15,diffuse_blur,0.15,0.05,6.65,732,1532,0.47780678851174935,0.7069817365973978
diffuse_blur_js_0.15,diffuse_blur,0.15,0.05,6.7,733,1532,0.47845953002610964,0.7083583406082765
diffuse_blur_js_0.15,diffuse_blur,0.15,0.05,6.75,733,1532,0.47845953002610964,0.7083583406082765
diffuse_blur_js_0.15,diffuse_blur,0.15,0.05,6.800000000000001,733,1532,0.47845953002610964,0.7083583406082765
diffuse_blur_js_0.15,diffuse_blur,0.15,0.05,6.8500000000000005,733,1532,0.47845953002610964,0.7083583406082765
diffuse_blur_js_0.15,diffuse_blur,0.15,0.05,6.9,733,1532,0.47845953002610964,0.7083583406082765
diffuse_blur_js_0.15,diffuse_blur,0.15,0.05,6.95,733,1532,0.47845953002610964,0.7083583406082765
diffuse_blur_js_0.15,diffuse_blur,0.15,0.05,7.0,733,1532,0.47845953002610964,0.7083583406082765
diffuse_blur_js_0.15,diffuse_blur,0.15,0.05,7.050000000000001,733,1532,0.47845953002610964,0.7083583406082765
diffuse_blur_js_0.15,diffuse_blur,0.15,0.05,7.1000000000000005,733,1532,0.47845953002610964,0.7083583406082765
diffuse_blur_js_0.15,diffuse_blur,0.15,0.05,7.15,733,1532,0.47845953002610964,0.7083583406082765
diffuse_blur_js_0.15,diffuse_blur,0.15,0.05,7.2,733,1532,0.47845953002610964,0.7083583406082765
diffuse_blur_js_0.15,diffuse_blur,0.15,0.05,7.25,733,1532,0.47845953002610964,0.7083583406082765
diffuse_blur_js_0.15,diffuse_blur,0.15,0.05,7.300000000000001,733,1532,0.47845953002610964,0.7083583406082765
diffuse_blur_js_0.15,diffuse_blur,0.15,0.05,7.3500000000000005,733,1532,0.47845953002610964,0.7083583406082765
diffuse_blur_js_0.15,diffuse_blur,0.15,0.05,7.4,733,1532,0.47845953002610964,0.7083583406082765
diffuse_blur_js_0.15,diffuse_blur,0.15,0.05,7.45,733,1532,0.47845953002610964,0.7083583406082765
diffuse_blur_js_0.15,diffuse_blur,0.15,0.05,7.5,733,1532,0.47845953002610964,0.7083583406082765
diffuse_blur_js_0.15,diffuse_blur,0.15,0.05,7.550000000000001,733,1532,0.47845953002610964,0.7083583406082765
diffuse_blur_js_0.15,diffuse_blur,0.15,0.05,7.6000000000000005,733,1532,0.47845953002610964,0.7083583406082765
diffuse_blur_js_0.15,diffuse_blur,0.15,0.05,7.65,733,1532,0.47845953002610964,0.7083583406082765
diffuse_blur_js_0.15,diffuse_blur,0.15,0.05,7.7,733,1532,0.47845953002610964,0.7083583406082765
diffuse_blur_js_0.15,diffuse_blur,0.15,0.05,7.75,733,1532,0.47845953002610964,0.7083583406082765
diffuse_blur_js_0.15,diffuse_blur,0.15,0.05,7.800000000000001,733,1532,0.47845953002610964,0.7083583406082765
diffuse_blur_js_0.15,diffuse_blur,0.15,0.05,7.8500000000000005,733,1532,0.47845953002610964,0.7083583406082765
diffuse_blur_js_0.15,diffuse_blur,0.15,0.05,7.9,733,1532,0.47845953002610964,0.7083583406082765
diffuse_blur_js_0.15,diffuse_blur,0.15,0.05,7.95,733,1532,0.47845953002610964,0.7083583406082765
diffuse_blur_js_0.15,diffuse_blur,0.15,0.05,8.0,733,1532,0.47845953002610964,0.7083583406082765
diffuse_blur_js_0.15,diffuse_blur,0.15,0.05,8.05,733,1532,0.47845953002610964,0.7083583406082765
diffuse_blur_js_0.15,diffuse_blur,0.15,0.05,8.1,733,1532,0.47845953002610964,0.7083583406082765
diffuse_blur_js_0.15,diffuse_blur,0.15,0.05,8.15,733,1532,0.47845953002610964,0.7083583406082765
diffuse_blur_js_0.15,diffuse_blur,0.15,0.05,8.200000000000001,733,1532,0.47845953002610964,0.7083583406082765
diffuse_blur_js_0.15,diffuse_blur,0.15,0.05,8.25,733,1532,0.47845953002610964,0.7083583406082765
diffuse_blur_js_0.15,diffuse_blur,0.15,0.05,8.3,733,1532,0.47845953002610964,0.7083583406082765
diffuse_blur_js_0.15,diffuse_blur,0.15,0.05,8.35,733,1532,0.47845953002610964,0.7083583406082765
diffuse_blur_js_0.15,diffuse_blur,0.15,0.05,8.4,733,1532,0.47845953002610964,0.7083583406082765
diffuse_blur_js_0.15,diffuse_blur,0.15,0.05,8.450000000000001,733,1532,0.47845953002610964,0.7083583406082765
diffuse_blur_js_0.15,diffuse_blur,0.15,0.05,8.5,733,1532,0.47845953002610964,0.7083583406082765
diffuse_blur_js_0.15,diffuse_blur,0.15,0.05,8.55,733,1532,0.47845953002610964,0.7083583406082765
diffuse_blur_js_0.15,diffuse_blur,0.15,0.05,8.6,733,1532,0.47845953002610964,0.7083583406082765
diffuse_blur_js_0.15,diffuse_blur,0.15,0.05,8.65,733,1532,0.47845953002610964,0.7083583406082765
diffuse_blur_js_0.15,diffuse_blur,0.15,0.05,8.700000000000001,733,1532,0.47845953002610964,0.7083583406082765
diffuse_blur_js_0.15,diffuse_blur,0.15,0.05,8.75,733,1532,0.47845953002610964,0.7083583406082765
diffuse_blur_js_0.15,diffuse_blur,0.15,0.05,8.8,733,1532,0.47845953002610964,0.7083583406082765
diffuse_blur_js_0.15,diffuse_blur,0.15,0.05,8.85,733,1532,0.47845953002610964,0.7083583406082765
diffuse_blur_js_0.15,diffuse_blur,0.15,0.05,8.9,733,1532,0.47845953002610964,0.7083583406082765
diffuse_blur_js_0.15,diffuse_blur,0.15,0.05,8.950000000000001,733,1532,0.47845953002610964,0.7083583406082765
diffuse_blur_js_0.15,diffuse_blur,0.15,0.05,9.0,733,1532,0.47845953002610964,0.7083583406082765
diffuse_blur_js_0.15,diffuse_blur,0.15,0.05,9.05,733,1532,0.47845953002610964,0.7083583406082765
diffuse_blur_js_0.15,diffuse_blur,0.15,0.05,9.1,733,1532,0.47845953002610964,0.7083583406082765
diffuse_blur_js_0.15,diffuse_blur,0.15,0.05,9.15,733,1532,0.47845953002610964,0.7083583406082765
diffuse_blur_js_0.15,diffuse_blur,0.15,0.05,9.200000000000001,733,1532,0.47845953002610964,0.7083583406082765
diffuse_blur_js_0.15,diffuse_blur,0.15,0.05,9.25,733,1532,0.47845953002610964,0.7083583406082765
diffuse_blur_js_0.15,diffuse_blur,0.15,0.05,9.3,733,1532,0.47845953002610964,0.7083583406082765
diffuse_blur_js_0.15,diffuse_blur,0.15,0.05,9.35,733,1532,0.47845953002610964,0.7083583406082765
diffuse_blur_js_0.15,diffuse_blur,0.15,0.05,9.4,733,1532,0.47845953002610964,0.7083583406082765
diffuse_blur_js_0.15,diffuse_blur,0.15,0.05,9.450000000000001,733,1532,0.47845953002610964,0.7083583406082765
diffuse_blur_js_0.15,diffuse_blur,0.15,0.05,9.5,733,1532,0.47845953002610964,0.7083583406082765
diffuse_blur_js_0.15,diffuse_blur,0.15,0.05,9.55,733,1532,0.47845953002610964,0.7083583406082765
diffuse_blur_js_0.15,diffuse_blur,0.15,0.05,9.600000000000001,733,1532,0.47845953002610964,0.7083583406082765
diffuse_blur_js_0.15,diffuse_blur,0.15,0.05,9.65,733,1532,0.47845953002610964,0.7083583406082765
diffuse_blur_js_0.15,diffuse_blur,0.15,0.05,9.700000000000001,733,1532,0.47845953002610964,0.7083583406082765
diffuse_blur_js_0.15,diffuse_blur,0.15,0.05,9.75,733,1532,0.47845953002610964,0.7083583406082765
diffuse_blur_js_0.15,diffuse_blur,0.15,0.05,9.8,733,1532,0.47845953002610964,0.7083583406082765
diffuse_blur_js_0.15,diffuse_blur,0.15,0.05,9.850000000000001,733,1532,0.47845953002610964,0.7083583406082765
diffuse_blur_js_0.15,diffuse_blur,0.15,0.05,9.9,733,1532,0.47845953002610964,0.7083583406082765
diffuse_blur_js_0.15,diffuse_blur,0.15,0.05,9.950000000000001,733,1532,0.47845953002610964,0.7083583406082765
diffuse_blur_js_0.15,diffuse_blur,0.15,0.05,10.0,733,1532,0.47845953002610964,0.7083583406082765
diffuse_blur_js_0.15,diffuse_blur,0.15,0.05,10.05,733,1532,0.47845953002610964,0.7083583406082765
diffuse_blur_js_0.15,diffuse_blur,0.15,0.05,10.100000000000001,733,1532,0.47845953002610964,0.7083583406082765
diffuse_blur_js_0.15,diffuse_blur,0.15,0.05,10.15,733,1532,0.47845953002610964,0.7083583406082765
diffuse_blur_js_0.15,diffuse_blur,0.15,0.05,10.200000000000001,733,1532,0.47845953002610964,0.7083583406082765
diffuse_blur_js_0.15,diffuse_blur,0.15,0.05,10.25,733,1532,0.47845953002610964,0.7083583406082765
diffuse_blur_js_0.15,diffuse_blur,0.15,0.05,10.3,733,1532,0.47845953002610964,0.7083583406082765
diffuse_blur_js_0.15,diffuse_blur,0.15,0.05,10.350000000000001,733,1532,0.47845953002610964,0.7083583406082765
diffuse_blur_js_0.15,diffuse_blur,0.15,0.05,10.4,733,1532,0.47845953002610964,0.7083583406082765
diffuse_blur_js_0.15,diffuse_blur,0.15,0.05,10.450000000000001,733,1532,0.47845953002610964,0.7083583406082765
diffuse_blur_js_0.15,diffuse_blur,0.15,0.05,10.5,733,1532,0.47845953002610964,0.7083583406082765
diffuse_blur_js_0.15,diffuse_blur,0.15,0.05,10.55,733,1532,0.47845953002610964,0.7083583406082765
diffuse_blur_js_0.15,diffuse_blur,0.15,0.05,10.600000000000001,733,1532,0.47845953002610964,0.7083583406082765
diffuse_blur_js_0.15,diffuse_blur,0.15,0.05,10.65,733,1532,0.47845953002610964,0.7083583406082765
diffuse_blur_js_0.15,diffuse_blur,0.15,0.05,10.700000000000001,733,1532,0.47845953002610964,0.7083583406082765
diffuse_blur_js_0.15,diffuse_blur,0.15,0.05,10.75,733,1532,0.47845953002610964,0.7083583406082765
diffuse_blur_js_0.15,diffuse_blur,0.15,0.05,10.8,733,1532,0.47845953002610964,0.7083583406082765
diffuse_blur_js_0.15,diffuse_blur,0.15,0.05,10.850000000000001,733,1532,0.47845953002610964,0.7083583406082765
diffuse_blur_js_0.15,diffuse_blur,0.15,0.05,10.9,733,1532,0.47845953002610964,0.7083583406082765
diffuse_blur_js_0.15,diffuse_blur,0.15,0.05,10.950000000000001,733,1532,0.47845953002610964,0.7083583406082765
diffuse_blur_js_0.15,diffuse_blur,0.15,0.05,11.0,733,1532,0.47845953002610964,0.7083583406082765
diffuse_blur_js_0.15,diffuse_blur,0.15,0.05,11.05,733,1532,0.47845953002610964,0.7083583406082765
diffuse_blur_js_0.15,diffuse_blur,0.15,0.05,11.100000000000001,733,1532,0.47845953002610964,0.7083583406082765
diffuse_blur_js_0.15,diffuse_blur,0.15,0.05,11.15,733,1532,0.47845953002610964,0.7083583406082765
diffuse_blur_js_0.15,diffuse_blur,0.15,0.05,11.200000000000001,733,1532,0.47845953002610964,0.7083583406082765
diffuse_blur_js_0.15,diffuse_blur,0.15,0.05,11.25,733,1532,0.47845953002610964,0.7083583406082765
diffuse_blur_js_0.15,diffuse_blur,0.15,0.05,11.3,733,1532,0.47845953002610964,0.7083583406082765
diffuse_blur_js_0.15,diffuse_blur,0.15,0.05,11.350000000000001,733,1532,0.47845953002610964,0.7083583406082765
diffuse_blur_js_0.15,diffuse_blur,0.15,0.05,11.4,733,1532,0.47845953002610964,0.7083583406082765
diffuse_blur_js_0.15,diffuse_blur,0.15,0.05,11.450000000000001,733,1532,0.47845953002610964,0.7083583406082765
diffuse_blur_js_0.15,diffuse_blur,0.15,0.05,11.5,733,1532,0.47845953002610964,0.7083583406082765
diffuse_blur_js_0.15,diffuse_blur,0.15,0.05,11.55,733,1532,0.47845953002610964,0.7083583406082765
diffuse_blur_js_0.15,diffuse_blur,0.15,0.05,11.600000000000001,733,1532,0.47845953002610964,0.7083583406082765
diffuse_blur_js_0.15,diffuse_blur,0.15,0.05,11.65,733,1532,0.47845953002610964,0.7083583406082765
diffuse_blur_js_0.15,diffuse_blur,0.15,0.05,11.700000000000001,733,1532,0.47845953002610964,0.7083583406082765
diffuse_blur_js_0.15,diffuse_blur,0.15,0.05,11.75,733,1532,0.47845953002610964,0.7083583406082765
diffuse_blur_js_0.15,diffuse_blur,0.15,0.05,11.8,733,1532,0.47845953002610964,0.7083583406082765
diffuse_blur_js_0.15,diffuse_blur,0.15,0.05,11.850000000000001,733,1532,0.47845953002610964,0.7083583406082765
diffuse_blur_js_0.15,diffuse_blur,0.15,0.05,11.9,733,1532,0.47845953002610964,0.7083583406082765
diffuse_blur_js_0.15,diffuse_blur,0.15,0.05,11.950000000000001,733,1532,0.47845953002610964,0.7083583406082765
diffuse_blur_js_0.15,diffuse_blur,0.15,0.05,12.0,733,1532,0.47845953002610964,0.7083583406082765
diffuse_blur_js_0.15,diffuse_blur,0.15,0.05,12.05,733,1532,0.47845953002610964,0.7083583406082765
diffuse_blur_js_0.15,diffuse_blur,0.15,0.05,12.100000000000001,733,1532,0.47845953002610964,0.7083583406082765
diffuse_blur_js_0.15,diffuse_blur,0.15,0.05,12.15,733,1532,0.47845953002610964,0.7083583406082765
diffuse_blur_js_0.15,diffuse_blur,0.15,0.05,12.200000000000001,733,1532,0.47845953002610964,0.7083583406082765
diffuse_blur_js_0.15,diffuse_blur,0.15,0.05,12.25,733,1532,0.47845953002610964,0.7083583406082765
diffuse_blur_js_0.15,diffuse_blur,0.15,0.05,12.3,733,1532,0.47845953002610964,0.7083583406082765
diffuse_blur_js_0.15,diffuse_blur,0.15,0.05,12.350000000000001,733,1532,0.47845953002610964,0.7083583406082765
diffuse_blur_js_0.15,diffuse_blur,0.15,0.05,12.4,733,1532,0.47845953002610964,0.7083583406082765
diffuse_blur_js_0.15,diffuse_blur,0.15,0.05,12.450000000000001,733,1532,0.47845953002610964,0.7083583406082765
diffuse_blur_js_0.15,diffuse_blur,0.15,0.05,12.5,733,1532,0.47845953002610964,0.7083583406082765
diffuse_blur_js_0.15,diffuse_blur,0.15,0.05,12.55,733,1532,0.47845953002610964,0.7083583406082765
diffuse_blur_js_0.15,diffuse_blur,0.15,0.05,12.600000000000001,733,1532,0.47845953002610964,0.7083583406082765
diffuse_blur_js_0.15,diffuse_blur,0.15,0.05,12.65,733,1532,0.47845953002610964,0.7083583406082765
diffuse_blur_js_0.15,diffuse_blur,0.15,0.05,12.700000000000001,733,1532,0.47845953002610964,0.7083583406082765
diffuse_blur_js_0.15,diffuse_blur,0.15,0.05,12.75,733,1532,0.47845953002610964,0.7083583406082765
diffuse_blur_js_0.15,diffuse_blur,0.15,0.05,12.8,733,1532,0.47845953002610964,0.7083583406082765
diffuse_blur_js_0.15,diffuse_blur,0.15,0.05,12.850000000000001,733,1532,0.47845953002610964,0.7083583406082765
diffuse_blur_js_0.15,diffuse_blur,0.15,0.05,12.9,733,1532,0.47845953002610964,0.7083583406082765
diffuse_blur_js_0.15,diffuse_blur,0.15,0.05,12.950000000000001,733,1532,0.47845953002610964,0.7083583406082765
diffuse_blur_js_0.15,diffuse_blur,0.15,0.05,13.0,733,1532,0.47845953002610964,0.7083583406082765
diffuse_blur_js_0.15,diffuse_blur,0.15,0.05,13.05,733,1532,0.47845953002610964,0.7083583406082765
diffuse_blur_js_0.15,diffuse_blur,0.15,0.05,13.100000000000001,733,1532,0.47845953002610964,0.7083583406082765
diffuse_blur_js_0.15,diffuse_blur,0.15,0.05,13.15,733,1532,0.47845953002610964,0.7083583406082765
diffuse_blur_js_0.15,diffuse_blur,0.15,0.05,13.200000000000001,733,1532,0.47845953002610964,0.7083583406082765
diffuse_blur_js_0.15,diffuse_blur,0.15,0.05,13.25,733,1532,0.47845953002610964,0.7083583406082765
diffuse_blur_js_0.15,diffuse_blur,0.15,0.05,13.3,733,1532,0.47845953002610964,0.7083583406082765
diffuse_blur_js_0.15,diffuse_blur,0.15,0.05,13.350000000000001,733,1532,0.47845953002610964,0.7083583406082765
diffuse_blur_js_0.15,diffuse_blur,0.15,0.05,13.4,733,1532,0.47845953002610964,0.7083583406082765
diffuse_blur_js_0.15,diffuse_blur,0.15,0.05,13.450000000000001,733,1532,0.47845953002610964,0.7083583406082765
diffuse_blur_js_0.15,diffuse_blur,0.15,0.05,13.5,733,1532,0.47845953002610964,0.7083583406082765
diffuse_blur_js_0.15,diffuse_blur,0.15,0.05,13.55,733,1532,0.47845953002610964,0.7083583406082765
diffuse_blur_js_0.15,diffuse_blur,0.15,0.05,13.600000000000001,733,1532,0.47845953002610964,0.7083583406082765
diffuse_blur_js_0.15,diffuse_blur,0.15,0.05,13.65,733,1532,0.47845953002610964,0.7083583406082765
diffuse_blur_js_0.15,diffuse_blur,0.15,0.05,13.700000000000001,733,1532,0.47845953002610964,0.7083583406082765
diffuse_blur_js_0.15,diffuse_blur,0.15,0.05,13.75,733,1532,0.47845953002610964,0.7083583406082765
diffuse_blur_js_0.15,diffuse_blur,0.15,0.05,13.8,733,1532,0.47845953002610964,0.7083583406082765
diffuse_blur_js_0.15,diffuse_blur,0.15,0.05,13.850000000000001,733,1532,0.47845953002610964,0.7083583406082765
diffuse_blur_js_0.15,diffuse_blur,0.15,0.05,13.9,733,1532,0.47845953002610964,0.7083583406082765
diffuse_blur_js_0.15,diffuse_blur,0.15,0.05,13.950000000000001,733,1532,0.47845953002610964,0.7083583406082765
diffuse_blur_js_0.15,diffuse_blur,0.15,0.05,14.0,733,1532,0.47845953002610964,0.7083583406082765
diffuse_blur_js_0.15,diffuse_blur,0.15,0.05,14.05,733,1532,0.47845953002610964,0.7083583406082765
diffuse_blur_js_0.15,diffuse_blur,0.15,0.05,14.100000000000001,733,1532,0.47845953002610964,0.7083583406082765
diffuse_blur_js_0.15,diffuse_blur,0.15,0.05,14.15,733,1532,0.47845953002610964,0.7083583406082765
diffuse_blur_js_0.15,diffuse_blur,0.15,0.05,14.200000000000001,733,1532,0.47845953002610964,0.7083583406082765
diffuse_blur_js_0.15,diffuse_blur,0.15,0.05,14.25,733,1532,0.47845953002610964,0.7083583406082765
diffuse_blur_js_0.15,diffuse_blur,0.15,0.05,14.3,733,1532,0.47845953002610964,0.7083583406082765
diffuse_blur_js_0.15,diffuse_blur,0.15,0.05,14.350000000000001,733,1532,0.47845953002610964,0.7083583406082765
diffuse_blur_js_0.15,diffuse_blur,0.15,0.05,14.4,733,1532,0.47845953002610964,0.7083583406082765
diffuse_blur_js_0.15,diffuse_blur,0.15,0.05,14.450000000000001,733,1532,0.47845953002610964,0.7083583406082765
diffuse_blur_js_0.15,diffuse_blur,0.15,0.05,14.5,733,1532,0.47845953002610964,0.7083583406082765
diffuse_blur_js_0.15,diffuse_blur,0.15,0.05,14.55,733,1532,0.47845953002610964,0.7083583406082765
diffuse_blur_js_0.15,diffuse_blur,0.15,0.05,14.600000000000001,733,1532,0.47845953002610964,0.7083583406082765
diffuse_blur_js_0.15,diffuse_blur,0.15,0.05,14.65,733,1532,0.47845953002610964,0.7083583406082765
diffuse_blur_js_0.15,diffuse_blur,0.15,0.05,14.700000000000001,733,1532,0.47845953002610964,0.7083583406082765
diffuse_blur_js_0.15,diffuse_blur,0.15,0.05,14.75,733,1532,0.47845953002610964,0.7083583406082765
diffuse_blur_js_0.15,diffuse_blur,0.15,0.05,14.8,733,1532,0.47845953002610964,0.7083583406082765
diffuse_blur_js_0.15,diffuse_blur,0.15,0.05,14.850000000000001,733,1532,0.47845953002610964,0.7083583406082765
diffuse_blur_js_0.15,diffuse_blur,0.15,0.05,14.9,733,1532,0.47845953002610964,0.7083583406082765
diffuse_blur_js_0.15,diffuse_blur,0.15,0.05,14.950000000000001,733,1532,0.47845953002610964,0.7083583406082765
diffuse_blur_js_0.15,diffuse_blur,0.15,0.05,15.0,733,1532,0.47845953002610964,0.7083583406082765
false_hotspot_js_0.05,false_hotspot,0.05,0.05,0.0,76,1532,0.04960835509138381,0.011122795102453328
false_hotspot_js_0.05,false_hotspot,0.05,0.05,0.05,77,1532,0.05026109660574413,0.011269173933804206
false_hotspot_js_0.05,false_hotspot,0.05,0.05,0.1,81,1532,0.05287206266318538,0.011854599566472253
false_hotspot_js_0.05,false_hotspot,0.05,0.05,0.15000000000000002,87,1532,0.05678851174934726,0.012732776061974886
false_hotspot_js_0.05,false_hotspot,0.05,0.05,0.2,92,1532,0.06005221932114883,0.013464564283537362
false_hotspot_js_0.05,false_hotspot,0.05,0.05,0.25,105,1532,0.0685378590078329,0.015367440601996879
false_hotspot_js_0.05,false_hotspot,0.05,0.05,0.30000000000000004,113,1532,0.0737597911227154,0.016538768272810093
false_hotspot_js_0.05,false_hotspot,0.05,0.05,0.35000000000000003,126,1532,0.08224543080939947,0.018442513737159914
false_hotspot_js_0.05,false_hotspot,0.05,0.05,0.4,136,1532,0.08877284595300261,0.019908436087386457
false_hotspot_js_0.05,false_hotspot,0.05,0.05,0.45,153,1532,0.09986945169712794,0.022405597618074043
false_hotspot_js_0.05,false_hotspot,0.05,0.05,0.5,168,1532,0.10966057441253264,0.024621186566866328
false_hotspot_js_0.05,false_hotspot,0.05,0.05,0.55,185,1532,0.12075718015665797,0.027156881605986824
false_hotspot_js_0.05,false_hotspot,0.05,0.05,0.6000000000000001,205,1532,0.13381201044386423,0.0302298047819521
false_hotspot_js_0.05,false_hotspot,0.05,0.05,0.65,217,1532,0.141644908616188,0.03212805585807291
false_hotspot_js_0.05,false_hotspot,0.05,0.05,0.7000000000000001,224,1532,0.1462140992167102,0.03329866783755128
false_hotspot_js_0.05,false_hotspot,0.05,0.05,0.75,229,1532,0.14947780678851175,0.0341939727401977
false_hotspot_js_0.05,false_hotspot,0.05,0.05,0.8,230,1532,0.15013054830287206,0.03434529946691822
false_hotspot_js_0.05,false_hotspot,0.05,0.05,0.8500000000000001,234,1532,0.15274151436031333,0.035176127682700536
false_hotspot_js_0.05,false_hotspot,0.05,0.05,0.9,234,1532,0.15274151436031333,0.035176127682700536
false_hotspot_js_0.05,false_hotspot,0.05,0.05,0.9500000000000001,234,1532,0.15274151436031333,0.035176127682700536
false_hotspot_js_0.05,false_hotspot,0.05,0.05,1.0,237,1532,0.15469973890339425,0.0410655620884528
false_hotspot_js_0.05,false_hotspot,0.05,0.05,1.05,264,1532,0.17232375979112272,0.10742688755619566
false_hotspot_js_0.05,false_hotspot,0.05,0.05,1.1,279,1532,0.1821148825065274,0.15316507027526902
false_hotspot_js_0.05,false_hotspot,0.05,0.05,1.1500000000000001,293,1532,0.1912532637075718,0.19699643176802803
false_hotspot_js_0.05,false_hotspot,0.05,0.05,1.2000000000000002,306,1532,0.19973890339425587,0.24447085473422722
false_hotspot_js_0.05,false_hotspot,0.05,0.05,1.25,319,1532,0.20822454308093996,0.29513583063166315
false_hotspot_js_0.05,false_hotspot,0.05,0.05,1.3,330,1532,0.2154046997389034,0.3376693503140833
false_hotspot_js_0.05,false_hotspot,0.05,0.05,1.35,337,1532,0.21997389033942558,0.36430846105145664
false_hotspot_js_0.05,false_hotspot,0.05,0.05,1.4000000000000001,347,1532,0.22650130548302871,0.4007114017512463
false_hotspot_js_0.05,false_hotspot,0.05,0.05,1.4500000000000002,352,1532,0.2297650130548303,0.4191551859491805
false_hotspot_js_0.05,false_hotspot,0.05,0.05,1.5,355,1532,0.23172323759791122,0.4275284925018663
false_hotspot_js_0.05,false_hotspot,0.05,0.05,1.55,361,1532,0.23563968668407312,0.45017809132997566
false_hotspot_js_0.05,false_hotspot,0.05,0.05,1.6,362,1532,0.2362924281984334,0.4537894780249482
false_hotspot_js_0.05,false_hotspot,0.05,0.05,1.6500000000000001,364,1532,0.23759791122715404,0.45906045729473244
false_hotspot_js_0.05,false_hotspot,0.05,0.05,1.7000000000000002,365,1532,0.23825065274151436,0.462424803091778
false_hotspot_js_0.05,false_hotspot,0.05,0.05,1.75,366,1532,0.23890339425587467,0.46471361186050936
false_hotspot_js_0.05,false_hotspot,0.05,0.05,1.8,368,1532,0.2402088772845953,0.4711210412117308
false_hotspot_js_0.05,false_hotspot,0.05,0.05,1.85,368,1532,0.2402088772845953,0.4711210412117308
false_hotspot_js_0.05,false_hotspot,0.05,0.05,1.9000000000000001,371,1532,0.24216710182767623,0.47944656160408866
false_hotspot_js_0.05,false_hotspot,0.05,0.05,1.9500000000000002,374,1532,0.24412532637075718,0.48761326326762416
false_hotspot_js_0.05,false_hotspot,0.05,0.05,2.0,375,1532,0.2447780678851175,0.49043434087905663
false_hotspot_js_0.05,false_hotspot,0.05,0.05,2.0500000000000003,377,1532,0.24608355091383813,0.49562494350872405
false_hotspot_js_0.05,false_hotspot,0.05,0.05,2.1,380,1532,0.24804177545691905,0.5027724293540142
false_hotspot_js_0.05,false_hotspot,0.05,0.05,2.15,383,1532,0.25,0.50949458470173
false_hotspot_js_0.05,false_hotspot,0.05,0.05,2.2,385,1532,0.25130548302872063,0.5135577610462956
false_hotspot_js_0.05,false_hotspot,0.05,0.05,2.25,389,1532,0.2539164490861619,0.5204235792127683
false_hotspot_js_0.05,false_hotspot,0.05,0.05,2.3000000000000003,393,1532,0.2565274151436031,0.5259349825379362
false_hotspot_js_0.05,false_hotspot,0.05,0.05,2.35,393,1532,0.2565274151436031,0.5259349825379362
false_hotspot_js_0.05,false_hotspot,0.05,0.05,2.4000000000000004,399,1532,0.260443864229765,0.5324566644176545
false_hotspot_js_0.05,false_hotspot,0.05,0.05,2.45,404,1532,0.26370757180156656,0.5366772389655454
false_hotspot_js_0.05,false_hotspot,0.05,0.05,2.5,405,1532,0.2643603133159269,0.5373894505191625
false_hotspot_js_0.05,false_hotspot,0.05,0.05,2.5500000000000003,407,1532,0.26566579634464754,0.5384645444984097
false_hotspot_js_0.05,false_hotspot,0.05,0.05,2.6,411,1532,0.26827676240208875,0.540701133490978
false_hotspot_js_0.05,false_hotspot,0.05,0.05,2.6500000000000004,413,1532,0.2695822454308094,0.5416469646693343
false_hotspot_js_0.05,false_hotspot,0.05,0.05,2.7,414,1532,0.27023498694516973,0.5419270745252273
false_hotspot_js_0.05,false_hotspot,0.05,0.05,2.75,414,1532,0.27023498694516973,0.5419270745252273
false_hotspot_js_0.05,false_hotspot,0.05,0.05,2.8000000000000003,414,1532,0.27023498694516973,0.5419270745252273
false_hotspot_js_0.05,false_hotspot,0.05,0.05,2.85,414,1532,0.27023498694516973,0.5419270745252273
false_hotspot_js_0.05,false_hotspot,0.05,0.05,2.9000000000000004,414,1532,0.27023498694516973,0.5419270745252273
false_hotspot_js_0.05,false_hotspot,0.05,0.05,2.95,415,1532,0.27088772845953,0.5421531268241866
false_hotspot_js_0.05,false_hotspot,0.05,0.05,3.0,417,1532,0.27219321148825065,0.5428555524616137
false_hotspot_js_0.05,false_hotspot,0.05,0.05,3.0500000000000003,420,1532,0.2741514360313316,0.5435903518464296
false_hotspot_js_0.05,false_hotspot,0.05,0.05,3.1,421,1532,0.2748041775456919,0.5438325924571352
false_hotspot_js_0.05,false_hotspot,0.05,0.05,3.1500000000000004,424,1532,0.27676240208877284,0.5444031699625547
false_hotspot_js_0.05,false_hotspot,0.05,0.05,3.2,426,1532,0.2780678851174935,0.5447358182334117
false_hotspot_js_0.05,false_hotspot,0.05,0.05,3.25,428,1532,0.2793733681462141,0.5450571166785425
false_hotspot_js_0.05,false_hotspot,0.05,0.05,3.3000000000000003,432,1532,0.2819843342036554,0.5457021670345696
false_hotspot_js_0.05,false_hotspot,0.05,0.05,3.35,434,1532,0.283289817232376,0.5460109750076824
false_hotspot_js_0.05,false_hotspot,0.05,0.05,3.4000000000000004,436,1532,0.2845953002610966,0.5463148064822269
false_hotspot_js_0.05,false_hotspot,0.05,0.05,3.45,444,1532,0.2898172323759791,0.5485517023617422
false_hotspot_js_0.05,false_hotspot,0.05,0.05,3.5,452,1532,0.2950391644908616,0.550794298803731
false_hotspot_js_0.05,false_hotspot,0.05,0.05,3.5500000000000003,462,1532,0.30156657963446476,0.5539041205669046
false_hotspot_js_0.05,false_hotspot,0.05,0.05,3.6,473,1532,0.3087467362924282,0.5578826884025516
false_hotspot_js_0.05,false_hotspot,0.05,0.05,3.6500000000000004,484,1532,0.31592689295039167,0.5610434363611693
false_hotspot_js_0.05,false_hotspot,0.05,0.05,3.7,497,1532,0.3244125326370757,0.5658503230603701
false_hotspot_js_0.05,false_hotspot,0.05,0.05,3.75,510,1532,0.3328981723237598,0.5703016675345521
false_hotspot_js_0.05,false_hotspot,0.05,0.05,3.8000000000000003,521,1532,0.34007832898172324,0.573087800446217
false_hotspot_js_0.05,false_hotspot,0.05,0.05,3.85,532,1532,0.3472584856396867,0.5770498334739086
false_hotspot_js_0.05,false_hotspot,0.05,0.05,3.9000000000000004,542,1532,0.3537859007832898,0.5812556885333512
false_hotspot_js_0.05,false_hotspot,0.05,0.05,3.95,551,1532,0.35966057441253263,0.5869459096783186
false_hotspot_js_0.05,false_hotspot,0.05,0.05,4.0,553,1532,0.36096605744125326,0.5877880238723374
false_hotspot_js_0.05,false_hotspot,0.05,0.05,4.05,561,1532,0.3661879895561358,0.5950316027835316
false_hotspot_js_0.05,false_hotspot,0.05,0.05,4.1000000000000005,568,1532,0.370757180156658,0.601727099583467
false_hotspot_js_0.05,false_hotspot,0.05,0.05,4.15,574,1532,0.37467362924281983,0.6075194052832007
false_hotspot_js_0.05,false_hotspot,0.05,0.05,4.2,580,1532,0.3785900783289817,0.6141057432018683
false_hotspot_js_0.05,false_hotspot,0.05,0.05,4.25,589,1532,0.38446475195822455,0.6250739455860054
false_hotspot_js_0.05,false_hotspot,0.05,0.05,4.3,595,1532,0.38838120104438645,0.6317568476890052
false_hotspot_js_0.05,false_hotspot,0.05,0.05,4.3500000000000005,601,1532,0.3922976501305483,0.6398192124378335
false_hotspot_js_0.05,false_hotspot,0.05,0.05,4.4,609,1532,0.3975195822454308,0.6490969600991653
false_hotspot_js_0.05,false_hotspot,0.05,0.05,4.45,620,1532,0.4046997389033943,0.6665306967958832
false_hotspot_js_0.05,false_hotspot,0.05,0.05,4.5,629,1532,0.4105744125326371,0.6768225109376574
false_hotspot_js_0.05,false_hotspot,0.05,0.05,4.55,639,1532,0.4171018276762402,0.6846481063907438
false_hotspot_js_0.05,false_hotspot,0.05,0.05,4.6000000000000005,645,1532,0.4210182767624021,0.688331563460201
false_hotspot_js_0.05,false_hotspot,0.05,0.05,4.65,651,1532,0.42493472584856395,0.6909848363118831
false_hotspot_js_0.05,false_hotspot,0.05,0.05,4.7,655,1532,0.4275456919060052,0.6923016786742453
false_hotspot_js_0.05,false_hotspot,0.05,0.05,4.75,657,1532,0.42885117493472585,0.6928252703913818
false_hotspot_js_0.05,false_hotspot,0.05,0.05,4.800000000000001,658,1532,0.42950391644908614,0.6930513226903412
false_hotspot_js_0.05,false_hotspot,0.05,0.05,4.8500000000000005,658,1532,0.42950391644908614,0.6930513226903412
false_hotspot_js_0.05,false_hotspot,0.05,0.05,4.9,658,1532,0.42950391644908614,0.6930513226903412
false_hotspot_js_0.05,false_hotspot,0.05,0.05,4.95,658,1532,0.42950391644908614,0.6930513226903412
false_hotspot_js_0.05,false_hotspot,0.05,0.05,5.0,658,1532,0.42950391644908614,0.6930513226903412
false_hotspot_js_0.05,false_hotspot,0.05,0.05,5.050000000000001,658,1532,0.42950391644908614,0.6930513226903412
false_hotspot_js_0.05,false_hotspot,0.05,0.05,5.1000000000000005,658,1532,0.42950391644908614,0.6930513226903412
false_hotspot_js_0.05,false_hotspot,0.05,0.05,5.15,658,1532,0.42950391644908614,0.6930513226903412
false_hotspot_js_0.05,false_hotspot,0.05,0.05,5.2,658,1532,0.42950391644908614,0.6930513226903412
false_hotspot_js_0.05,false_hotspot,0.05,0.05,5.25,658,1532,0.42950391644908614,0.6930513226903412
false_hotspot_js_0.05,false_hotspot,0.05,0.05,5.300000000000001,658,1532,0.42950391644908614,0.6930513226903412
false_hotspot_js_0.05,false_hotspot,0.05,0.05,5.3500000000000005,658,1532,0.42950391644908614,0.6930513226903412
false_hotspot_js_0.05,false_hotspot,0.05,0.05,5.4,658,1532,0.42950391644908614,0.6930513226903412
false_hotspot_js_0.05,false_hotspot,0.05,0.05,5.45,658,1532,0.42950391644908614,0.6930513226903412
false_hotspot_js_0.05,false_hotspot,0.05,0.05,5.5,658,1532,0.42950391644908614,0.6930513226903412
false_hotspot_js_0.05,false_hotspot,0.05,0.05,5.550000000000001,658,1532,0.42950391644908614,0.6930513226903412
false_hotspot_js_0.05,false_hotspot,0.05,0.05,5.6000000000000005,658,1532,0.42950391644908614,0.6930513226903412
false_hotspot_js_0.05,false_hotspot,0.05,0.05,5.65,658,1532,0.42950391644908614,0.6930513226903412
false_hotspot_js_0.05,false_hotspot,0.05,0.05,5.7,658,1532,0.42950391644908614,0.6930513226903412
false_hotspot_js_0.05,false_hotspot,0.05,0.05,5.75,658,1532,0.42950391644908614,0.6930513226903412
false_hotspot_js_0.05,false_hotspot,0.05,0.05,5.800000000000001,658,1532,0.42950391644908614,0.6930513226903412
false_hotspot_js_0.05,false_hotspot,0.05,0.05,5.8500000000000005,658,1532,0.42950391644908614,0.6930513226903412
false_hotspot_js_0.05,false_hotspot,0.05,0.05,5.9,658,1532,0.42950391644908614,0.6930513226903412
false_hotspot_js_0.05,false_hotspot,0.05,0.05,5.95,658,1532,0.42950391644908614,0.6930513226903412
false_hotspot_js_0.05,false_hotspot,0.05,0.05,6.0,658,1532,0.42950391644908614,0.6930513226903412
false_hotspot_js_0.05,false_hotspot,0.05,0.05,6.050000000000001,658,1532,0.42950391644908614,0.6930513226903412
false_hotspot_js_0.05,false_hotspot,0.05,0.05,6.1000000000000005,658,1532,0.42950391644908614,0.6930513226903412
false_hotspot_js_0.05,false_hotspot,0.05,0.05,6.15,658,1532,0.42950391644908614,0.6930513226903412
false_hotspot_js_0.05,false_hotspot,0.05,0.05,6.2,659,1532,0.4301566579634465,0.6962988335207905
false_hotspot_js_0.05,false_hotspot,0.05,0.05,6.25,659,1532,0.4301566579634465,0.6962988335207905
false_hotspot_js_0.05,false_hotspot,0.05,0.05,6.300000000000001,660,1532,0.4308093994778068,0.6991199111322229
false_hotspot_js_0.05,false_hotspot,0.05,0.05,6.3500000000000005,661,1532,0.4314621409921671,0.7022548288949133
false_hotspot_js_0.05,false_hotspot,0.05,0.05,6.4,663,1532,0.43276762402088775,0.7091047571662819
false_hotspot_js_0.05,false_hotspot,0.05,0.05,6.45,666,1532,0.4347258485639687,0.7161684858096214
false_hotspot_js_0.05,false_hotspot,0.05,0.05,6.5,670,1532,0.43733681462140994,0.7276543347862833
false_hotspot_js_0.05,false_hotspot,0.05,0.05,6.550000000000001,674,1532,0.43994778067885115,0.7369710023602156
false_hotspot_js_0.05,false_hotspot,0.05,0.05,6.6000000000000005,678,1532,0.4425587467362924,0.7445165795327484
false_hotspot_js_0.05,false_hotspot,0.05,0.05,6.65,681,1532,0.44451697127937334,0.7500416563330907
false_hotspot_js_0.05,false_hotspot,0.05,0.05,6.7,684,1532,0.4464751958224543,0.7545234598167454
false_hotspot_js_0.05,false_hotspot,0.05,0.05,6.75,688,1532,0.4490861618798956,0.7599055010267044
false_hotspot_js_0.05,false_hotspot,0.05,0.05,6.800000000000001,691,1532,0.4510443864229765,0.7635878588408542
false_hotspot_js_0.05,false_hotspot,0.05,0.05,6.8500000000000005,694,1532,0.45300261096605743,0.7669168540574895
false_hotspot_js_0.05,false_hotspot,0.05,0.05,6.9,696,1532,0.45430809399477806,0.7689105761793587
false_hotspot_js_0.05,false_hotspot,0.05,0.05,6.95,697,1532,0.4549608355091384,0.7697899842177016
false_hotspot_js_0.05,false_hotspot,0.05,0.05,7.0,699,1532,0.456266318537859,0.7714479993138372
false_hotspot_js_0.05,false_hotspot,0.05,0.05,7.050000000000001,699,1532,0.456266318537859,0.7714479993138372
false_hotspot_js_0.05,false_hotspot,0.05,0.05,7.1000000000000005,699,1532,0.456266318537859,0.7714479993138372
false_hotspot_js_0.05,false_hotspot,0.05,0.05,7.15,700,1532,0.45691906005221933,0.7721198676323984
false_hotspot_js_0.05,false_hotspot,0.05,0.05,7.2,701,1532,0.4575718015665796,0.7728533977654235
false_hotspot_js_0.05,false_hotspot,0.05,0.05,7.25,702,1532,0.45822454308093996,0.7734206884431312
false_hotspot_js_0.05,false_hotspot,0.05,0.05,7.300000000000001,702,1532,0.45822454308093996,0.7734206884431312
false_hotspot_js_0.05,false_hotspot,0.05,0.05,7.3500000000000005,702,1532,0.45822454308093996,0.7734206884431312
false_hotspot_js_0.05,false_hotspot,0.05,0.05,7.4,702,1532,0.45822454308093996,0.7734206884431312
false_hotspot_js_0.05,false_hotspot,0.05,0.05,7.45,703,1532,0.45887728459530025,0.7738919706958176
false_hotspot_js_0.05,false_hotspot,0.05,0.05,7.5,703,1532,0.45887728459530025,0.7738919706958176
false_hotspot_js_0.05,false_hotspot,0.05,0.05,7.550000000000001,703,1532,0.45887728459530025,0.7738919706958176
false_hotspot_js_0.05,false_hotspot,0.05,0.05,7.6000000000000005,703,1532,0.45887728459530025,0.7738919706958176
false_hotspot_js_0.05,false_hotspot,0.05,0.05,7.65,703,1532,0.45887728459530025,0.7738919706958176
false_hotspot_js_0.05,false_hotspot,0.05,0.05,7.7,703,1532,0.45887728459530025,0.7738919706958176
false_hotspot_js_0.05,false_hotspot,0.05,0.05,7.75,703,1532,0.45887728459530025,0.7738919706958176
false_hotspot_js_0.05,false_hotspot,0.05,0.05,7.800000000000001,703,1532,0.45887728459530025,0.7738919706958176
false_hotspot_js_0.05,false_hotspot,0.05,0.05,7.8500000000000005,703,1532,0.45887728459530025,0.7738919706958176
false_hotspot_js_0.05,false_hotspot,0.05,0.05,7.9,703,1532,0.45887728459530025,0.7738919706958176
false_hotspot_js_0.05,false_hotspot,0.05,0.05,7.95,703,1532,0.45887728459530025,0.7738919706958176
false_hotspot_js_0.05,false_hotspot,0.05,0.05,8.0,703,1532,0.45887728459530025,0.7738919706958176
false_hotspot_js_0.05,false_hotspot,0.05,0.05,8.05,703,1532,0.45887728459530025,0.7738919706958176
false_hotspot_js_0.05,false_hotspot,0.05,0.05,8.1,703,1532,0.45887728459530025,0.7738919706958176
false_hotspot_js_0.05,false_hotspot,0.05,0.05,8.15,703,1532,0.45887728459530025,0.7738919706958176
false_hotspot_js_0.05,false_hotspot,0.05,0.05,8.200000000000001,703,1532,0.45887728459530025,0.7738919706958176
false_hotspot_js_0.05,false_hotspot,0.05,0.05,8.25,703,1532,0.45887728459530025,0.7738919706958176
false_hotspot_js_0.05,false_hotspot,0.05,0.05,8.3,703,1532,0.45887728459530025,0.7738919706958176
false_hotspot_js_0.05,false_hotspot,0.05,0.05,8.35,703,1532,0.45887728459530025,0.7738919706958176
false_hotspot_js_0.05,false_hotspot,0.05,0.05,8.4,703,1532,0.45887728459530025,0.7738919706958176
false_hotspot_js_0.05,false_hotspot,0.05,0.05,8.450000000000001,703,1532,0.45887728459530025,0.7738919706958176
false_hotspot_js_0.05,false_hotspot,0.05,0.05,8.5,703,1532,0.45887728459530025,0.7738919706958176
false_hotspot_js_0.05,false_hotspot,0.05,0.05,8.55,703,1532,0.45887728459530025,0.7738919706958176
false_hotspot_js_0.05,false_hotspot,0.05,0.05,8.6,703,1532,0.45887728459530025,0.7738919706958176
false_hotspot_js_0.05,false_hotspot,0.05,0.05,8.65,703,1532,0.45887728459530025,0.7738919706958176
false_hotspot_js_0.05,false_hotspot,0.05,0.05,8.700000000000001,703,1532,0.45887728459530025,0.7738919706958176
false_hotspot_js_0.05,false_hotspot,0.05,0.05,8.75,703,1532,0.45887728459530025,0.7738919706958176
false_hotspot_js_0.05,false_hotspot,0.05,0.05,8.8,703,1532,0.45887728459530025,0.7738919706958176
false_hotspot_js_0.05,false_hotspot,0.05,0.05,8.85,703,1532,0.45887728459530025,0.7738919706958176
false_hotspot_js_0.05,false_hotspot,0.05,0.05,8.9,703,1532,0.45887728459530025,0.7738919706958176
false_hotspot_js_0.05,false_hotspot,0.05,0.05,8.950000000000001,703,1532,0.45887728459530025,0.7738919706958176
false_hotspot_js_0.05,false_hotspot,0.05,0.05,9.0,703,1532,0.45887728459530025,0.7738919706958176
false_hotspot_js_0.05,false_hotspot,0.05,0.05,9.05,703,1532,0.45887728459530025,0.7738919706958176
false_hotspot_js_0.05,false_hotspot,0.05,0.05,9.1,703,1532,0.45887728459530025,0.7738919706958176
false_hotspot_js_0.05,false_hotspot,0.05,0.05,9.15,703,1532,0.45887728459530025,0.7738919706958176
false_hotspot_js_0.05,false_hotspot,0.05,0.05,9.200000000000001,703,1532,0.45887728459530025,0.7738919706958176
false_hotspot_js_0.05,false_hotspot,0.05,0.05,9.25,703,1532,0.45887728459530025,0.7738919706958176
false_hotspot_js_0.05,false_hotspot,0.05,0.05,9.3,703,1532,0.45887728459530025,0.7738919706958176
false_hotspot_js_0.05,false_hotspot,0.05,0.05,9.35,703,1532,0.45887728459530025,0.7738919706958176
false_hotspot_js_0.05,false_hotspot,0.05,0.05,9.4,703,1532,0.45887728459530025,0.7738919706958176
false_hotspot_js_0.05,false_hotspot,0.05,0.05,9.450000000000001,703,1532,0.45887728459530025,0.7738919706958176
false_hotspot_js_0.05,false_hotspot,0.05,0.05,9.5,703,1532,0.45887728459530025,0.7738919706958176
false_hotspot_js_0.05,false_hotspot,0.05,0.05,9.55,703,1532,0.45887728459530025,0.7738919706958176
false_hotspot_js_0.05,false_hotspot,0.05,0.05,9.600000000000001,703,1532,0.45887728459530025,0.7738919706958176
false_hotspot_js_0.05,false_hotspot,0.05,0.05,9.65,703,1532,0.45887728459530025,0.7738919706958176
false_hotspot_js_0.05,false_hotspot,0.05,0.05,9.700000000000001,703,1532,0.45887728459530025,0.7738919706958176
false_hotspot_js_0.05,false_hotspot,0.05,0.05,9.75,703,1532,0.45887728459530025,0.7738919706958176
false_hotspot_js_0.05,false_hotspot,0.05,0.05,9.8,703,1532,0.45887728459530025,0.7738919706958176
false_hotspot_js_0.05,false_hotspot,0.05,0.05,9.850000000000001,703,1532,0.45887728459530025,0.7738919706958176
false_hotspot_js_0.05,false_hotspot,0.05,0.05,9.9,703,1532,0.45887728459530025,0.7738919706958176
false_hotspot_js_0.05,false_hotspot,0.05,0.05,9.950000000000001,703,1532,0.45887728459530025,0.7738919706958176
false_hotspot_js_0.05,false_hotspot,0.05,0.05,10.0,703,1532,0.45887728459530025,0.7738919706958176
false_hotspot_js_0.05,false_hotspot,0.05,0.05,10.05,703,1532,0.45887728459530025,0.7738919706958176
false_hotspot_js_0.05,false_hotspot,0.05,0.05,10.100000000000001,703,1532,0.45887728459530025,0.7738919706958176
false_hotspot_js_0.05,false_hotspot,0.05,0.05,10.15,703,1532,0.45887728459530025,0.7738919706958176
false_hotspot_js_0.05,false_hotspot,0.05,0.05,10.200000000000001,703,1532,0.45887728459530025,0.7738919706958176
false_hotspot_js_0.05,false_hotspot,0.05,0.05,10.25,703,1532,0.45887728459530025,0.7738919706958176
false_hotspot_js_0.05,false_hotspot,0.05,0.05,10.3,703,1532,0.45887728459530025,0.7738919706958176
false_hotspot_js_0.05,false_hotspot,0.05,0.05,10.350000000000001,703,1532,0.45887728459530025,0.7738919706958176
false_hotspot_js_0.05,false_hotspot,0.05,0.05,10.4,703,1532,0.45887728459530025,0.7738919706958176
false_hotspot_js_0.05,false_hotspot,0.05,0.05,10.450000000000001,703,1532,0.45887728459530025,0.7738919706958176
false_hotspot_js_0.05,false_hotspot,0.05,0.05,10.5,703,1532,0.45887728459530025,0.7738919706958176
false_hotspot_js_0.05,false_hotspot,0.05,0.05,10.55,703,1532,0.45887728459530025,0.7738919706958176
false_hotspot_js_0.05,false_hotspot,0.05,0.05,10.600000000000001,703,1532,0.45887728459530025,0.7738919706958176
false_hotspot_js_0.05,false_hotspot,0.05,0.05,10.65,703,1532,0.45887728459530025,0.7738919706958176
false_hotspot_js_0.05,false_hotspot,0.05,0.05,10.700000000000001,703,1532,0.45887728459530025,0.7738919706958176
false_hotspot_js_0.05,false_hotspot,0.05,0.05,10.75,703,1532,0.45887728459530025,0.7738919706958176
false_hotspot_js_0.05,false_hotspot,0.05,0.05,10.8,703,1532,0.45887728459530025,0.7738919706958176
false_hotspot_js_0.05,false_hotspot,0.05,0.05,10.850000000000001,703,1532,0.45887728459530025,0.7738919706958176
false_hotspot_js_0.05,false_hotspot,0.05,0.05,10.9,703,1532,0.45887728459530025,0.7738919706958176
false_hotspot_js_0.05,false_hotspot,0.05,0.05,10.950000000000001,703,1532,0.45887728459530025,0.7738919706958176
false_hotspot_js_0.05,false_hotspot,0.05,0.05,11.0,703,1532,0.45887728459530025,0.7738919706958176
false_hotspot_js_0.05,false_hotspot,0.05,0.05,11.05,703,1532,0.45887728459530025,0.7738919706958176
false_hotspot_js_0.05,false_hotspot,0.05,0.05,11.100000000000001,703,1532,0.45887728459530025,0.7738919706958176
false_hotspot_js_0.05,false_hotspot,0.05,0.05,11.15,703,1532,0.45887728459530025,0.7738919706958176
false_hotspot_js_0.05,false_hotspot,0.05,0.05,11.200000000000001,703,1532,0.45887728459530025,0.7738919706958176
false_hotspot_js_0.05,false_hotspot,0.05,0.05,11.25,703,1532,0.45887728459530025,0.7738919706958176
false_hotspot_js_0.05,false_hotspot,0.05,0.05,11.3,703,1532,0.45887728459530025,0.7738919706958176
false_hotspot_js_0.05,false_hotspot,0.05,0.05,11.350000000000001,703,1532,0.45887728459530025,0.7738919706958176
false_hotspot_js_0.05,false_hotspot,0.05,0.05,11.4,703,1532,0.45887728459530025,0.7738919706958176
false_hotspot_js_0.05,false_hotspot,0.05,0.05,11.450000000000001,703,1532,0.45887728459530025,0.7738919706958176
false_hotspot_js_0.05,false_hotspot,0.05,0.05,11.5,703,1532,0.45887728459530025,0.7738919706958176
false_hotspot_js_0.05,false_hotspot,0.05,0.05,11.55,703,1532,0.45887728459530025,0.7738919706958176
false_hotspot_js_0.05,false_hotspot,0.05,0.05,11.600000000000001,703,1532,0.45887728459530025,0.7738919706958176
false_hotspot_js_0.05,false_hotspot,0.05,0.05,11.65,703,1532,0.45887728459530025,0.7738919706958176
false_hotspot_js_0.05,false_hotspot,0.05,0.05,11.700000000000001,703,1532,0.45887728459530025,0.7738919706958176
false_hotspot_js_0.05,false_hotspot,0.05,0.05,11.75,703,1532,0.45887728459530025,0.7738919706958176
false_hotspot_js_0.05,false_hotspot,0.05,0.05,11.8,703,1532,0.45887728459530025,0.7738919706958176
false_hotspot_js_0.05,false_hotspot,0.05,0.05,11.850000000000001,703,1532,0.45887728459530025,0.7738919706958176
false_hotspot_js_0.05,false_hotspot,0.05,0.05,11.9,703,1532,0.45887728459530025,0.7738919706958176
false_hotspot_js_0.05,false_hotspot,0.05,0.05,11.950000000000001,703,1532,0.45887728459530025,0.7738919706958176
false_hotspot_js_0.05,false_hotspot,0.05,0.05,12.0,703,1532,0.45887728459530025,0.7738919706958176
false_hotspot_js_0.05,false_hotspot,0.05,0.05,12.05,703,1532,0.45887728459530025,0.7738919706958176
false_hotspot_js_0.05,false_hotspot,0.05,0.05,12.100000000000001,703,1532,0.45887728459530025,0.7738919706958176
false_hotspot_js_0.05,false_hotspot,0.05,0.05,12.15,703,1532,0.45887728459530025,0.7738919706958176
false_hotspot_js_0.05,false_hotspot,0.05,0.05,12.200000000000001,703,1532,0.45887728459530025,0.7738919706958176
false_hotspot_js_0.05,false_hotspot,0.05,0.05,12.25,703,1532,0.45887728459530025,0.7738919706958176
false_hotspot_js_0.05,false_hotspot,0.05,0.05,12.3,703,1532,0.45887728459530025,0.7738919706958176
false_hotspot_js_0.05,false_hotspot,0.05,0.05,12.350000000000001,703,1532,0.45887728459530025,0.7738919706958176
false_hotspot_js_0.05,false_hotspot,0.05,0.05,12.4,703,1532,0.45887728459530025,0.7738919706958176
false_hotspot_js_0.05,false_hotspot,0.05,0.05,12.450000000000001,703,1532,0.45887728459530025,0.7738919706958176
false_hotspot_js_0.05,false_hotspot,0.05,0.05,12.5,703,1532,0.45887728459530025,0.7738919706958176
false_hotspot_js_0.05,false_hotspot,0.05,0.05,12.55,703,1532,0.45887728459530025,0.7738919706958176
false_hotspot_js_0.05,false_hotspot,0.05,0.05,12.600000000000001,703,1532,0.45887728459530025,0.7738919706958176
false_hotspot_js_0.05,false_hotspot,0.05,0.05,12.65,703,1532,0.45887728459530025,0.7738919706958176
false_hotspot_js_0.05,false_hotspot,0.05,0.05,12.700000000000001,703,1532,0.45887728459530025,0.7738919706958176
false_hotspot_js_0.05,false_hotspot,0.05,0.05,12.75,703,1532,0.45887728459530025,0.7738919706958176
false_hotspot_js_0.05,false_hotspot,0.05,0.05,12.8,703,1532,0.45887728459530025,0.7738919706958176
false_hotspot_js_0.05,false_hotspot,0.05,0.05,12.850000000000001,703,1532,0.45887728459530025,0.7738919706958176
false_hotspot_js_0.05,false_hotspot,0.05,0.05,12.9,703,1532,0.45887728459530025,0.7738919706958176
false_hotspot_js_0.05,false_hotspot,0.05,0.05,12.950000000000001,703,1532,0.45887728459530025,0.7738919706958176
false_hotspot_js_0.05,false_hotspot,0.05,0.05,13.0,703,1532,0.45887728459530025,0.7738919706958176
false_hotspot_js_0.05,false_hotspot,0.05,0.05,13.05,703,1532,0.45887728459530025,0.7738919706958176
false_hotspot_js_0.05,false_hotspot,0.05,0.05,13.100000000000001,703,1532,0.45887728459530025,0.7738919706958176
false_hotspot_js_0.05,false_hotspot,0.05,0.05,13.15,703,1532,0.45887728459530025,0.7738919706958176
false_hotspot_js_0.05,false_hotspot,0.05,0.05,13.200000000000001,703,1532,0.45887728459530025,0.7738919706958176
false_hotspot_js_0.05,false_hotspot,0.05,0.05,13.25,703,1532,0.45887728459530025,0.7738919706958176
false_hotspot_js_0.05,false_hotspot,0.05,0.05,13.3,703,1532,0.45887728459530025,0.7738919706958176
false_hotspot_js_0.05,false_hotspot,0.05,0.05,13.350000000000001,703,1532,0.45887728459530025,0.7738919706958176
false_hotspot_js_0.05,false_hotspot,0.05,0.05,13.4,703,1532,0.45887728459530025,0.7738919706958176
false_hotspot_js_0.05,false_hotspot,0.05,0.05,13.450000000000001,703,1532,0.45887728459530025,0.7738919706958176
false_hotspot_js_0.05,false_hotspot,0.05,0.05,13.5,703,1532,0.45887728459530025,0.7738919706958176
false_hotspot_js_0.05,false_hotspot,0.05,0.05,13.55,703,1532,0.45887728459530025,0.7738919706958176
false_hotspot_js_0.05,false_hotspot,0.05,0.05,13.600000000000001,703,1532,0.45887728459530025,0.7738919706958176
false_hotspot_js_0.05,false_hotspot,0.05,0.05,13.65,703,1532,0.45887728459530025,0.7738919706958176
false_hotspot_js_0.05,false_hotspot,0.05,0.05,13.700000000000001,703,1532,0.45887728459530025,0.7738919706958176
false_hotspot_js_0.05,false_hotspot,0.05,0.05,13.75,703,1532,0.45887728459530025,0.7738919706958176
false_hotspot_js_0.05,false_hotspot,0.05,0.05,13.8,703,1532,0.45887728459530025,0.7738919706958176
false_hotspot_js_0.05,false_hotspot,0.05,0.05,13.850000000000001,703,1532,0.45887728459530025,0.7738919706958176
false_hotspot_js_0.05,false_hotspot,0.05,0.05,13.9,703,1532,0.45887728459530025,0.7738919706958176
false_hotspot_js_0.05,false_hotspot,0.05,0.05,13.950000000000001,703,1532,0.45887728459530025,0.7738919706958176
false_hotspot_js_0.05,false_hotspot,0.05,0.05,14.0,703,1532,0.45887728459530025,0.7738919706958176
false_hotspot_js_0.05,false_hotspot,0.05,0.05,14.05,703,1532,0.45887728459530025,0.7738919706958176
false_hotspot_js_0.05,false_hotspot,0.05,0.05,14.100000000000001,703,1532,0.45887728459530025,0.7738919706958176
false_hotspot_js_0.05,false_hotspot,0.05,0.05,14.15,703,1532,0.45887728459530025,0.7738919706958176
false_hotspot_js_0.05,false_hotspot,0.05,0.05,14.200000000000001,703,1532,0.45887728459530025,0.7738919706958176
false_hotspot_js_0.05,false_hotspot,0.05,0.05,14.25,703,1532,0.45887728459530025,0.7738919706958176
false_hotspot_js_0.05,false_hotspot,0.05,0.05,14.3,703,1532,0.45887728459530025,0.7738919706958176
false_hotspot_js_0.05,false_hotspot,0.05,0.05,14.350000000000001,703,1532,0.45887728459530025,0.7738919706958176
false_hotspot_js_0.05,false_hotspot,0.05,0.05,14.4,703,1532,0.45887728459530025,0.7738919706958176
false_hotspot_js_0.05,false_hotspot,0.05,0.05,14.450000000000001,703,1532,0.45887728459530025,0.7738919706958176
false_hotspot_js_0.05,false_hotspot,0.05,0.05,14.5,703,1532,0.45887728459530025,0.7738919706958176
false_hotspot_js_0.05,false_hotspot,0.05,0.05,14.55,703,1532,0.45887728459530025,0.7738919706958176
false_hotspot_js_0.05,false_hotspot,0.05,0.05,14.600000000000001,703,1532,0.45887728459530025,0.7738919706958176
false_hotspot_js_0.05,false_hotspot,0.05,0.05,14.65,703,1532,0.45887728459530025,0.7738919706958176
false_hotspot_js_0.05,false_hotspot,0.05,0.05,14.700000000000001,703,1532,0.45887728459530025,0.7738919706958176
false_hotspot_js_0.05,false_hotspot,0.05,0.05,14.75,703,1532,0.45887728459530025,0.7738919706958176
false_hotspot_js_0.05,false_hotspot,0.05,0.05,14.8,703,1532,0.45887728459530025,0.7738919706958176
false_hotspot_js_0.05,false_hotspot,0.05,0.05,14.850000000000001,703,1532,0.45887728459530025,0.7738919706958176
false_hotspot_js_0.05,false_hotspot,0.05,0.05,14.9,703,1532,0.45887728459530025,0.7738919706958176
false_hotspot_js_0.05,false_hotspot,0.05,0.05,14.950000000000001,703,1532,0.45887728459530025,0.7738919706958176
false_hotspot_js_0.05,false_hotspot,0.05,0.05,15.0,703,1532,0.45887728459530025,0.7738919706958176
false_hotspot_js_0.1,false_hotspot,0.1,0.05,0.0,76,1532,0.04960835509138381,0.011122795102453328
false_hotspot_js_0.1,false_hotspot,0.1,0.05,0.05,77,1532,0.05026109660574413,0.011269173933804206
false_hotspot_js_0.1,false_hotspot,0.1,0.05,0.1,81,1532,0.05287206266318538,0.011854599566472253
false_hotspot_js_0.1,false_hotspot,0.1,0.05,0.15000000000000002,87,1532,0.05678851174934726,0.012732776061974886
false_hotspot_js_0.1,false_hotspot,0.1,0.05,0.2,92,1532,0.06005221932114883,0.013464564283537362
false_hotspot_js_0.1,false_hotspot,0.1,0.05,0.25,105,1532,0.0685378590078329,0.015367440601996879
false_hotspot_js_0.1,false_hotspot,0.1,0.05,0.30000000000000004,113,1532,0.0737597911227154,0.016538768272810093
false_hotspot_js_0.1,false_hotspot,0.1,0.05,0.35000000000000003,126,1532,0.08224543080939947,0.018442513737159914
false_hotspot_js_0.1,false_hotspot,0.1,0.05,0.4,136,1532,0.08877284595300261,0.019908436087386457
false_hotspot_js_0.1,false_hotspot,0.1,0.05,0.45,153,1532,0.09986945169712794,0.022405597618074043
false_hotspot_js_0.1,false_hotspot,0.1,0.05,0.5,168,1532,0.10966057441253264,0.024621186566866328
false_hotspot_js_0.1,false_hotspot,0.1,0.05,0.55,187,1532,0.12206266318537859,0.02746757943698658
false_hotspot_js_0.1,false_hotspot,0.1,0.05,0.6000000000000001,204,1532,0.13315926892950392,0.030079318108145
false_hotspot_js_0.1,false_hotspot,0.1,0.05,0.65,217,1532,0.141644908616188,0.03215553813535674
false_hotspot_js_0.1,false_hotspot,0.1,0.05,0.7000000000000001,224,1532,0.1462140992167102,0.033326150114835106
false_hotspot_js_0.1,false_hotspot,0.1,0.05,0.75,228,1532,0.14882506527415143,0.03401796744317369
false_hotspot_js_0.1,false_hotspot,0.1,0.05,0.8,230,1532,0.15013054830287206,0.03437278174420204
false_hotspot_js_0.1,false_hotspot,0.1,0.05,0.8500000000000001,233,1532,0.152088772845953,0.03503541555366446
false_hotspot_js_0.1,false_hotspot,0.1,0.05,0.9,233,1532,0.152088772845953,0.03503541555366446
false_hotspot_js_0.1,false_hotspot,0.1,0.05,0.9500000000000001,233,1532,0.152088772845953,0.03503541555366446
false_hotspot_js_0.1,false_hotspot,0.1,0.05,1.0,235,1532,0.15339425587467362,0.03959291245549107
false_hotspot_js_0.1,false_hotspot,0.1,0.05,1.05,259,1532,0.16906005221932116,0.09679012195697588
false_hotspot_js_0.1,false_hotspot,0.1,0.05,1.1,271,1532,0.1768929503916449,0.13278660456450192
false_hotspot_js_0.1,false_hotspot,0.1,0.05,1.1500000000000001,285,1532,0.1860313315926893,0.17600694774794962
false_hotspot_js_0.1,false_hotspot,0.1,0.05,1.2000000000000002,300,1532,0.195822454308094,0.22093467039348694
false_hotspot_js_0.1,false_hotspot,0.1,0.05,1.25,312,1532,0.20365535248041775,0.26195220801638125
false_hotspot_js_0.1,false_hotspot,0.1,0.05,1.3,322,1532,0.21018276762402088,0.2942129001433986
false_hotspot_js_0.1,false_hotspot,0.1,0.05,1.35,330,1532,0.2154046997389034,0.32142782799342445
false_hotspot_js_0.1,false_hotspot,0.1,0.05,1.4000000000000001,338,1532,0.2206266318537859,0.3482575315618465
false_hotspot_js_0.1,false_hotspot,0.1,0.05,1.4500000000000002,345,1532,0.22519582245430808,0.3706868555219879
false_hotspot_js_0.1,false_hotspot,0.1,0.05,1.5,347,1532,0.22650130548302871,0.3756867626045777
false_hotspot_js_0.1,false_hotspot,0.1,0.05,1.55,353,1532,0.2304177545691906,0.39646933453715993
false_hotspot_js_0.1,false_hotspot,0.1,0.05,1.6,354,1532,0.2310704960835509,0.4012736611704869
false_hotspot_js_0.1,false_hotspot,0.1,0.05,1.6500000000000001,355,1532,0.23172323759791122,0.40340972267758085
false_hotspot_js_0.1,false_hotspot,0.1,0.05,1.7000000000000002,355,1532,0.23172323759791122,0.40340972267758085
false_hotspot_js_0.1,false_hotspot,0.1,0.05,1.75,355,1532,0.23172323759791122,0.40340972267758085
false_hotspot_js_0.1,false_hotspot,0.1,0.05,1.8,357,1532,0.23302872062663185,0.4075373657990802
false_hotspot_js_0.1,false_hotspot,0.1,0.05,1.85,358,1532,0.23368146214099217,0.4094644806365519
false_hotspot_js_0.1,false_hotspot,0.1,0.05,1.9000000000000001,359,1532,0.23433420365535249,0.4113915954740236
false_hotspot_js_0.1,false_hotspot,0.1,0.05,1.9500000000000002,362,1532,0.2362924281984334,0.4164961982061262
false_hotspot_js_0.1,false_hotspot,0.1,0.05,2.0,366,1532,0.23890339425587467,0.4221486493028099
false_hotspot_js_0.1,false_hotspot,0.1,0.05,2.0500000000000003,369,1532,0.24086161879895562,0.42573823669989985
false_hotspot_js_0.1,false_hotspot,0.1,0.05,2.1,375,1532,0.2447780678851175,0.4315806030282245
false_hotspot_js_0.1,false_hotspot,0.1,0.05,2.15,381,1532,0.24869451697127937,0.4360561559551747
false_hotspot_js_0.1,false_hotspot,0.1,0.05,2.2,388,1532,0.25326370757180156,0.44005377690452263
false_hotspot_js_0.1,false_hotspot,0.1,0.05,2.25,396,1532,0.2584856396866841,0.44357807162406887
false_hotspot_js_0.1,false_hotspot,0.1,0.05,2.3000000000000003,403,1532,0.2630548302872063,0.44586586023688424
false_hotspot_js_0.1,false_hotspot,0.1,0.05,2.35,411,1532,0.26827676240208875,0.4478887705159395
false_hotspot_js_0.1,false_hotspot,0.1,0.05,2.4000000000000004,418,1532,0.27284595300261094,0.4493142290250314
false_hotspot_js_0.1,false_hotspot,0.1,0.05,2.45,427,1532,0.27872062663185376,0.4508505325564124
false_hotspot_js_0.1,false_hotspot,0.1,0.05,2.5,434,1532,0.283289817232376,0.451946946788244
false_hotspot_js_0.1,false_hotspot,0.1,0.05,2.5500000000000003,440,1532,0.28720626631853785,0.4528473916023215
false_hotspot_js_0.1,false_hotspot,0.1,0.05,2.6,447,1532,0.29177545691906004,0.453881706315132
false_hotspot_js_0.1,false_hotspot,0.1,0.05,2.6500000000000004,454,1532,0.2963446475195822,0.45491046869617985
false_hotspot_js_0.1,false_hotspot,0.1,0.05,2.7,460,1532,0.3002610966057441,0.45579003912355776
false_hotspot_js_0.1,false_hotspot,0.1,0.05,2.75,465,1532,0.3035248041775457,0.4565222185706581
false_hotspot_js_0.1,false_hotspot,0.1,0.05,2.8000000000000003,472,1532,0.30809399477806787,0.457546984599342
false_hotspot_js_0.1,false_hotspot,0.1,0.05,2.85,477,1532,0.3113577023498694,0.4582788860942751
false_hotspot_js_0.1,false_hotspot,0.1,0.05,2.9000000000000004,481,1532,0.3139686684073107,0.4588643693023988
false_hotspot_js_0.1,false_hotspot,0.1,0.05,2.95,485,1532,0.31657963446475196,0.45944980557915704
false_hotspot_js_0.1,false_hotspot,0.1,0.05,3.0,488,1532,0.3185378590078329,0.4598888706481801
false_hotspot_js_0.1,false_hotspot,0.1,0.05,3.0500000000000003,488,1532,0.3185378590078329,0.4598888706481801
false_hotspot_js_0.1,false_hotspot,0.1,0.05,3.1,489,1532,0.3191906005221932,0.4600356238598092
false_hotspot_js_0.1,false_hotspot,0.1,0.05,3.1500000000000004,491,1532,0.32049608355091386,0.46032854385175515
false_hotspot_js_0.1,false_hotspot,0.1,0.05,3.2,493,1532,0.3218015665796345,0.4606218348959993
false_hotspot_js_0.1,false_hotspot,0.1,0.05,3.25,496,1532,0.3237597911227154,0.46106207343936917
false_hotspot_js_0.1,false_hotspot,0.1,0.05,3.3000000000000003,500,1532,0.3263707571801567,0.4616544125841308
false_hotspot_js_0.1,false_hotspot,0.1,0.05,3.35,505,1532,0.32963446475195823,0.46240228608935735
false_hotspot_js_0.1,false_hotspot,0.1,0.05,3.4000000000000004,511,1532,0.3335509138381201,0.4633124112188869
false_hotspot_js_0.1,false_hotspot,0.1,0.05,3.45,520,1532,0.3394255874673629,0.46476921046978514
false_hotspot_js_0.1,false_hotspot,0.1,0.05,3.5,530,1532,0.34595300261096606,0.46654388631399124
false_hotspot_js_0.1,false_hotspot,0.1,0.05,3.5500000000000003,540,1532,0.3524804177545692,0.4682757741413893
false_hotspot_js_0.1,false_hotspot,0.1,0.05,3.6,554,1532,0.36161879895561355,0.4713517720893724
false_hotspot_js_0.1,false_hotspot,0.1,0.05,3.6500000000000004,562,1532,0.3668407310704961,0.4727661911427133
false_hotspot_js_0.1,false_hotspot,0.1,0.05,3.7,572,1532,0.3733681462140992,0.475365390040152
false_hotspot_js_0.1,false_hotspot,0.1,0.05,3.75,579,1532,0.3779373368146214,0.4774312984727192
false_hotspot_js_0.1,false_hotspot,0.1,0.05,3.8000000000000003,585,1532,0.3818537859007833,0.4787805812475349
false_hotspot_js_0.1,false_hotspot,0.1,0.05,3.85,591,1532,0.3857702349869452,0.4809943277085226
false_hotspot_js_0.1,false_hotspot,0.1,0.05,3.9000000000000004,597,1532,0.389686684073107,0.48373844548847156
false_hotspot_js_0.1,false_hotspot,0.1,0.05,3.95,605,1532,0.39490861618798956,0.4892336234511508
false_hotspot_js_0.1,false_hotspot,0.1,0.05,4.0,612,1532,0.39947780678851175,0.4947015546160043
false_hotspot_js_0.1,false_hotspot,0.1,0.05,4.05,620,1532,0.4046997389033943,0.501431951495983
false_hotspot_js_0.1,false_hotspot,0.1,0.05,4.1000000000000005,627,1532,0.40926892950391647,0.5083565701603457
false_hotspot_js_0.1,false_hotspot,0.1,0.05,4.15,635,1532,0.41449086161879894,0.5165347653878145
false_hotspot_js_0.1,false_hotspot,0.1,0.05,4.2,643,1532,0.4197127937336815,0.5262533884139305
false_hotspot_js_0.1,false_hotspot,0.1,0.05,4.25,652,1532,0.4255874673629243,0.5400371482651568
false_hotspot_js_0.1,false_hotspot,0.1,0.05,4.3,669,1532,0.4366840731070496,0.5741728094336904
false_hotspot_js_0.1,false_hotspot,0.1,0.05,4.3500000000000005,680,1532,0.44386422976501305,0.5914126897566251
false_hotspot_js_0.1,false_hotspot,0.1,0.05,4.4,693,1532,0.45234986945169714,0.6068704176547038
false_hotspot_js_0.1,false_hotspot,0.1,0.05,4.45,702,1532,0.45822454308093996,0.6136609293872639
false_hotspot_js_0.1,false_hotspot,0.1,0.05,4.5,711,1532,0.4640992167101828,0.6185758410338886
false_hotspot_js_0.1,false_hotspot,0.1,0.05,4.55,718,1532,0.46866840731070497,0.621671557653551
false_hotspot_js_0.1,false_hotspot,0.1,0.05,4.6000000000000005,721,1532,0.4706266318537859,0.6225147814046222
false_hotspot_js_0.1,false_hotspot,0.1,0.05,4.65,722,1532,0.47127937336814624,0.6227408337035816
false_hotspot_js_0.1,false_hotspot,0.1,0.05,4.7,722,1532,0.47127937336814624,0.6227408337035816
false_hotspot_js_0.1,false_hotspot,0.1,0.05,4.75,722,1532,0.47127937336814624,0.6227408337035816
false_hotspot_js_0.1,false_hotspot,0.1,0.05,4.800000000000001,722,1532,0.47127937336814624,0.6227408337035816
false_hotspot_js_0.1,false_hotspot,0.1,0.05,4.8500000000000005,722,1532,0.47127937336814624,0.6227408337035816
false_hotspot_js_0.1,false_hotspot,0.1,0.05,4.9,722,1532,0.47127937336814624,0.6227408337035816
false_hotspot_js_0.1,false_hotspot,0.1,0.05,4.95,722,1532,0.47127937336814624,0.6227408337035816
false_hotspot_js_0.1,false_hotspot,0.1,0.05,5.0,722,1532,0.47127937336814624,0.6227408337035816
false_hotspot_js_0.1,false_hotspot,0.1,0.05,5.050000000000001,722,1532,0.47127937336814624,0.6227408337035816
false_hotspot_js_0.1,false_hotspot,0.1,0.05,5.1000000000000005,722,1532,0.47127937336814624,0.6227408337035816
false_hotspot_js_0.1,false_hotspot,0.1,0.05,5.15,722,1532,0.47127937336814624,0.6227408337035816
false_hotspot_js_0.1,false_hotspot,0.1,0.05,5.2,722,1532,0.47127937336814624,0.6227408337035816
false_hotspot_js_0.1,false_hotspot,0.1,0.05,5.25,722,1532,0.47127937336814624,0.6227408337035816
false_hotspot_js_0.1,false_hotspot,0.1,0.05,5.300000000000001,722,1532,0.47127937336814624,0.6227408337035816
false_hotspot_js_0.1,false_hotspot,0.1,0.05,5.3500000000000005,722,1532,0.47127937336814624,0.6227408337035816
false_hotspot_js_0.1,false_hotspot,0.1,0.05,5.4,722,1532,0.47127937336814624,0.6227408337035816
false_hotspot_js_0.1,false_hotspot,0.1,0.05,5.45,722,1532,0.47127937336814624,0.6227408337035816
false_hotspot_js_0.1,false_hotspot,0.1,0.05,5.5,722,1532,0.47127937336814624,0.6227408337035816
false_hotspot_js_0.1,false_hotspot,0.1,0.05,5.550000000000001,722,1532,0.47127937336814624,0.6227408337035816
false_hotspot_js_0.1,false_hotspot,0.1,0.05,5.6000000000000005,722,1532,0.47127937336814624,0.6227408337035816
false_hotspot_js_0.1,false_hotspot,0.1,0.05,5.65,722,1532,0.47127937336814624,0.6227408337035816
false_hotspot_js_0.1,false_hotspot,0.1,0.05,5.7,722,1532,0.47127937336814624,0.6227408337035816
false_hotspot_js_0.1,false_hotspot,0.1,0.05,5.75,722,1532,0.47127937336814624,0.6227408337035816
false_hotspot_js_0.1,false_hotspot,0.1,0.05,5.800000000000001,722,1532,0.47127937336814624,0.6227408337035816
false_hotspot_js_0.1,false_hotspot,0.1,0.05,5.8500000000000005,722,1532,0.47127937336814624,0.6227408337035816
false_hotspot_js_0.1,false_hotspot,0.1,0.05,5.9,722,1532,0.47127937336814624,0.6227408337035816
false_hotspot_js_0.1,false_hotspot,0.1,0.05,5.95,722,1532,0.47127937336814624,0.6227408337035816
false_hotspot_js_0.1,false_hotspot,0.1,0.05,6.0,722,1532,0.47127937336814624,0.6227408337035816
false_hotspot_js_0.1,false_hotspot,0.1,0.05,6.050000000000001,722,1532,0.47127937336814624,0.6227408337035816
false_hotspot_js_0.1,false_hotspot,0.1,0.05,6.1000000000000005,722,1532,0.47127937336814624,0.6227408337035816
false_hotspot_js_0.1,false_hotspot,0.1,0.05,6.15,724,1532,0.4725848563968668,0.6313940024152317
false_hotspot_js_0.1,false_hotspot,0.1,0.05,6.2,725,1532,0.47323759791122716,0.6357091782780466
false_hotspot_js_0.1,false_hotspot,0.1,0.05,6.25,726,1532,0.47389033942558745,0.6401814129609298
false_hotspot_js_0.1,false_hotspot,0.1,0.05,6.300000000000001,729,1532,0.4758485639686684,0.6525489982951567
false_hotspot_js_0.1,false_hotspot,0.1,0.05,6.3500000000000005,732,1532,0.47780678851174935,0.6635792667091908
false_hotspot_js_0.1,false_hotspot,0.1,0.05,6.4,735,1532,0.47976501305483027,0.6739147774548824
false_hotspot_js_0.1,false_hotspot,0.1,0.05,6.45,737,1532,0.4810704960835509,0.6799095053162829
false_hotspot_js_0.1,false_hotspot,0.1,0.05,6.5,741,1532,0.48368146214099217,0.691395354292945
false_hotspot_js_0.1,false_hotspot,0.1,0.05,6.550000000000001,745,1532,0.48629242819843344,0.7007120218668772
false_hotspot_js_0.1,false_hotspot,0.1,0.05,6.6000000000000005,747,1532,0.48759791122715407,0.7046482380397951
false_hotspot_js_0.1,false_hotspot,0.1,0.05,6.65,750,1532,0.489556135770235,0.7101733148401375
false_hotspot_js_0.1,false_hotspot,0.1,0.05,6.7,753,1532,0.4915143603133159,0.7146551183237921
false_hotspot_js_0.1,false_hotspot,0.1,0.05,6.75,757,1532,0.4941253263707572,0.7200371595337511
false_hotspot_js_0.1,false_hotspot,0.1,0.05,6.800000000000001,759,1532,0.4954308093994778,0.7223875798439754
false_hotspot_js_0.1,false_hotspot,0.1,0.05,6.8500000000000005,761,1532,0.49673629242819844,0.7245847906187366
false_hotspot_js_0.1,false_hotspot,0.1,0.05,6.9,763,1532,0.4980417754569191,0.7265785127406055
false_hotspot_js_0.1,false_hotspot,0.1,0.05,6.95,764,1532,0.49869451697127937,0.7274579207789484
false_hotspot_js_0.1,false_hotspot,0.1,0.05,7.0,765,1532,0.4993472584856397,0.7282365278367413
false_hotspot_js_0.1,false_hotspot,0.1,0.05,7.050000000000001,765,1532,0.4993472584856397,0.7282365278367413
false_hotspot_js_0.1,false_hotspot,0.1,0.05,7.1000000000000005,765,1532,0.4993472584856397,0.7282365278367413
false_hotspot_js_0.1,false_hotspot,0.1,0.05,7.15,765,1532,0.4993472584856397,0.7282365278367413
false_hotspot_js_0.1,false_hotspot,0.1,0.05,7.2,765,1532,0.4993472584856397,0.7282365278367413
false_hotspot_js_0.1,false_hotspot,0.1,0.05,7.25,765,1532,0.4993472584856397,0.7282365278367413
false_hotspot_js_0.1,false_hotspot,0.1,0.05,7.300000000000001,765,1532,0.4993472584856397,0.7282365278367413
false_hotspot_js_0.1,false_hotspot,0.1,0.05,7.3500000000000005,765,1532,0.4993472584856397,0.7282365278367413
false_hotspot_js_0.1,false_hotspot,0.1,0.05,7.4,765,1532,0.4993472584856397,0.7282365278367413
false_hotspot_js_0.1,false_hotspot,0.1,0.05,7.45,765,1532,0.4993472584856397,0.7282365278367413
false_hotspot_js_0.1,false_hotspot,0.1,0.05,7.5,765,1532,0.4993472584856397,0.7282365278367413
false_hotspot_js_0.1,false_hotspot,0.1,0.05,7.550000000000001,765,1532,0.4993472584856397,0.7282365278367413
false_hotspot_js_0.1,false_hotspot,0.1,0.05,7.6000000000000005,765,1532,0.4993472584856397,0.7282365278367413
false_hotspot_js_0.1,false_hotspot,0.1,0.05,7.65,765,1532,0.4993472584856397,0.7282365278367413
false_hotspot_js_0.1,false_hotspot,0.1,0.05,7.7,765,1532,0.4993472584856397,0.7282365278367413
false_hotspot_js_0.1,false_hotspot,0.1,0.05,7.75,765,1532,0.4993472584856397,0.7282365278367413
false_hotspot_js_0.1,false_hotspot,0.1,0.05,7.800000000000001,765,1532,0.4993472584856397,0.7282365278367413
false_hotspot_js_0.1,false_hotspot,0.1,0.05,7.8500000000000005,765,1532,0.4993472584856397,0.7282365278367413
false_hotspot_js_0.1,false_hotspot,0.1,0.05,7.9,765,1532,0.4993472584856397,0.7282365278367413
false_hotspot_js_0.1,false_hotspot,0.1,0.05,7.95,765,1532,0.4993472584856397,0.7282365278367413
false_hotspot_js_0.1,false_hotspot,0.1,0.05,8.0,765,1532,0.4993472584856397,0.7282365278367413
false_hotspot_js_0.1,false_hotspot,0.1,0.05,8.05,765,1532,0.4993472584856397,0.7282365278367413
false_hotspot_js_0.1,false_hotspot,0.1,0.05,8.1,765,1532,0.4993472584856397,0.7282365278367413
false_hotspot_js_0.1,false_hotspot,0.1,0.05,8.15,765,1532,0.4993472584856397,0.7282365278367413
false_hotspot_js_0.1,false_hotspot,0.1,0.05,8.200000000000001,765,1532,0.4993472584856397,0.7282365278367413
false_hotspot_js_0.1,false_hotspot,0.1,0.05,8.25,765,1532,0.4993472584856397,0.7282365278367413
false_hotspot_js_0.1,false_hotspot,0.1,0.05,8.3,765,1532,0.4993472584856397,0.7282365278367413
false_hotspot_js_0.1,false_hotspot,0.1,0.05,8.35,765,1532,0.4993472584856397,0.7282365278367413
false_hotspot_js_0.1,false_hotspot,0.1,0.05,8.4,765,1532,0.4993472584856397,0.7282365278367413
false_hotspot_js_0.1,false_hotspot,0.1,0.05,8.450000000000001,765,1532,0.4993472584856397,0.7282365278367413
false_hotspot_js_0.1,false_hotspot,0.1,0.05,8.5,765,1532,0.4993472584856397,0.7282365278367413
false_hotspot_js_0.1,false_hotspot,0.1,0.05,8.55,765,1532,0.4993472584856397,0.7282365278367413
false_hotspot_js_0.1,false_hotspot,0.1,0.05,8.6,765,1532,0.4993472584856397,0.7282365278367413
false_hotspot_js_0.1,false_hotspot,0.1,0.05,8.65,765,1532,0.4993472584856397,0.7282365278367413
false_hotspot_js_0.1,false_hotspot,0.1,0.05,8.700000000000001,765,1532,0.4993472584856397,0.7282365278367413
false_hotspot_js_0.1,false_hotspot,0.1,0.05,8.75,765,1532,0.4993472584856397,0.7282365278367413
false_hotspot_js_0.1,false_hotspot,0.1,0.05,8.8,765,1532,0.4993472584856397,0.7282365278367413
false_hotspot_js_0.1,false_hotspot,0.1,0.05,8.85,765,1532,0.4993472584856397,0.7282365278367413
false_hotspot_js_0.1,false_hotspot,0.1,0.05,8.9,765,1532,0.4993472584856397,0.7282365278367413
false_hotspot_js_0.1,false_hotspot,0.1,0.05,8.950000000000001,765,1532,0.4993472584856397,0.7282365278367413
false_hotspot_js_0.1,false_hotspot,0.1,0.05,9.0,765,1532,0.4993472584856397,0.7282365278367413
false_hotspot_js_0.1,false_hotspot,0.1,0.05,9.05,765,1532,0.4993472584856397,0.7282365278367413
false_hotspot_js_0.1,false_hotspot,0.1,0.05,9.1,765,1532,0.4993472584856397,0.7282365278367413
false_hotspot_js_0.1,false_hotspot,0.1,0.05,9.15,765,1532,0.4993472584856397,0.7282365278367413
false_hotspot_js_0.1,false_hotspot,0.1,0.05,9.200000000000001,765,1532,0.4993472584856397,0.7282365278367413
false_hotspot_js_0.1,false_hotspot,0.1,0.05,9.25,765,1532,0.4993472584856397,0.7282365278367413
false_hotspot_js_0.1,false_hotspot,0.1,0.05,9.3,765,1532,0.4993472584856397,0.7282365278367413
false_hotspot_js_0.1,false_hotspot,0.1,0.05,9.35,765,1532,0.4993472584856397,0.7282365278367413
false_hotspot_js_0.1,false_hotspot,0.1,0.05,9.4,765,1532,0.4993472584856397,0.7282365278367413
false_hotspot_js_0.1,false_hotspot,0.1,0.05,9.450000000000001,765,1532,0.4993472584856397,0.7282365278367413
false_hotspot_js_0.1,false_hotspot,0.1,0.05,9.5,765,1532,0.4993472584856397,0.7282365278367413
false_hotspot_js_0.1,false_hotspot,0.1,0.05,9.55,765,1532,0.4993472584856397,0.7282365278367413
false_hotspot_js_0.1,false_hotspot,0.1,0.05,9.600000000000001,765,1532,0.4993472584856397,0.7282365278367413
false_hotspot_js_0.1,false_hotspot,0.1,0.05,9.65,765,1532,0.4993472584856397,0.7282365278367413
false_hotspot_js_0.1,false_hotspot,0.1,0.05,9.700000000000001,765,1532,0.4993472584856397,0.7282365278367413
false_hotspot_js_0.1,false_hotspot,0.1,0.05,9.75,765,1532,0.4993472584856397,0.7282365278367413
false_hotspot_js_0.1,false_hotspot,0.1,0.05,9.8,765,1532,0.4993472584856397,0.7282365278367413
false_hotspot_js_0.1,false_hotspot,0.1,0.05,9.850000000000001,765,1532,0.4993472584856397,0.7282365278367413
false_hotspot_js_0.1,false_hotspot,0.1,0.05,9.9,765,1532,0.4993472584856397,0.7282365278367413
false_hotspot_js_0.1,false_hotspot,0.1,0.05,9.950000000000001,765,1532,0.4993472584856397,0.7282365278367413
false_hotspot_js_0.1,false_hotspot,0.1,0.05,10.0,765,1532,0.4993472584856397,0.7282365278367413
false_hotspot_js_0.1,false_hotspot,0.1,0.05,10.05,765,1532,0.4993472584856397,0.7282365278367413
false_hotspot_js_0.1,false_hotspot,0.1,0.05,10.100000000000001,765,1532,0.4993472584856397,0.7282365278367413
false_hotspot_js_0.1,false_hotspot,0.1,0.05,10.15,765,1532,0.4993472584856397,0.7282365278367413
false_hotspot_js_0.1,false_hotspot,0.1,0.05,10.200000000000001,765,1532,0.4993472584856397,0.7282365278367413
false_hotspot_js_0.1,false_hotspot,0.1,0.05,10.25,765,1532,0.4993472584856397,0.7282365278367413
false_hotspot_js_0.1,false_hotspot,0.1,0.05,10.3,765,1532,0.4993472584856397,0.7282365278367413
false_hotspot_js_0.1,false_hotspot,0.1,0.05,10.350000000000001,765,1532,0.4993472584856397,0.7282365278367413
false_hotspot_js_0.1,false_hotspot,0.1,0.05,10.4,765,1532,0.4993472584856397,0.7282365278367413
false_hotspot_js_0.1,false_hotspot,0.1,0.05,10.450000000000001,765,1532,0.4993472584856397,0.7282365278367413
false_hotspot_js_0.1,false_hotspot,0.1,0.05,10.5,765,1532,0.4993472584856397,0.7282365278367413
false_hotspot_js_0.1,false_hotspot,0.1,0.05,10.55,765,1532,0.4993472584856397,0.7282365278367413
false_hotspot_js_0.1,false_hotspot,0.1,0.05,10.600000000000001,765,1532,0.4993472584856397,0.7282365278367413
false_hotspot_js_0.1,false_hotspot,0.1,0.05,10.65,765,1532,0.4993472584856397,0.7282365278367413
false_hotspot_js_0.1,false_hotspot,0.1,0.05,10.700000000000001,765,1532,0.4993472584856397,0.7282365278367413
false_hotspot_js_0.1,false_hotspot,0.1,0.05,10.75,765,1532,0.4993472584856397,0.7282365278367413
false_hotspot_js_0.1,false_hotspot,0.1,0.05,10.8,765,1532,0.4993472584856397,0.7282365278367413
false_hotspot_js_0.1,false_hotspot,0.1,0.05,10.850000000000001,765,1532,0.4993472584856397,0.7282365278367413
false_hotspot_js_0.1,false_hotspot,0.1,0.05,10.9,765,1532,0.4993472584856397,0.7282365278367413
false_hotspot_js_0.1,false_hotspot,0.1,0.05,10.950000000000001,765,1532,0.4993472584856397,0.7282365278367413
false_hotspot_js_0.1,false_hotspot,0.1,0.05,11.0,765,1532,0.4993472584856397,0.7282365278367413
false_hotspot_js_0.1,false_hotspot,0.1,0.05,11.05,765,1532,0.4993472584856397,0.7282365278367413
false_hotspot_js_0.1,false_hotspot,0.1,0.05,11.100000000000001,765,1532,0.4993472584856397,0.7282365278367413
false_hotspot_js_0.1,false_hotspot,0.1,0.05,11.15,765,1532,0.4993472584856397,0.7282365278367413
false_hotspot_js_0.1,false_hotspot,0.1,0.05,11.200000000000001,765,1532,0.4993472584856397,0.7282365278367413
false_hotspot_js_0.1,false_hotspot,0.1,0.05,11.25,765,1532,0.4993472584856397,0.7282365278367413
false_hotspot_js_0.1,false_hotspot,0.1,0.05,11.3,765,1532,0.4993472584856397,0.7282365278367413
false_hotspot_js_0.1,false_hotspot,0.1,0.05,11.350000000000001,765,1532,0.4993472584856397,0.7282365278367413
false_hotspot_js_0.1,false_hotspot,0.1,0.05,11.4,765,1532,0.4993472584856397,0.7282365278367413
false_hotspot_js_0.1,false_hotspot,0.1,0.05,11.450000000000001,765,1532,0.4993472584856397,0.7282365278367413
false_hotspot_js_0.1,false_hotspot,0.1,0.05,11.5,765,1532,0.4993472584856397,0.7282365278367413
false_hotspot_js_0.1,false_hotspot,0.1,0.05,11.55,765,1532,0.4993472584856397,0.7282365278367413
false_hotspot_js_0.1,false_hotspot,0.1,0.05,11.600000000000001,765,1532,0.4993472584856397,0.7282365278367413
false_hotspot_js_0.1,false_hotspot,0.1,0.05,11.65,765,1532,0.4993472584856397,0.7282365278367413
false_hotspot_js_0.1,false_hotspot,0.1,0.05,11.700000000000001,765,1532,0.4993472584856397,0.7282365278367413
false_hotspot_js_0.1,false_hotspot,0.1,0.05,11.75,765,1532,0.4993472584856397,0.7282365278367413
false_hotspot_js_0.1,false_hotspot,0.1,0.05,11.8,765,1532,0.4993472584856397,0.7282365278367413
false_hotspot_js_0.1,false_hotspot,0.1,0.05,11.850000000000001,765,1532,0.4993472584856397,0.7282365278367413
false_hotspot_js_0.1,false_hotspot,0.1,0.05,11.9,765,1532,0.4993472584856397,0.7282365278367413
false_hotspot_js_0.1,false_hotspot,0.1,0.05,11.950000000000001,765,1532,0.4993472584856397,0.7282365278367413
false_hotspot_js_0.1,false_hotspot,0.1,0.05,12.0,765,1532,0.4993472584856397,0.7282365278367413
false_hotspot_js_0.1,false_hotspot,0.1,0.05,12.05,765,1532,0.4993472584856397,0.7282365278367413
false_hotspot_js_0.1,false_hotspot,0.1,0.05,12.100000000000001,765,1532,0.4993472584856397,0.7282365278367413
false_hotspot_js_0.1,false_hotspot,0.1,0.05,12.15,765,1532,0.4993472584856397,0.7282365278367413
false_hotspot_js_0.1,false_hotspot,0.1,0.05,12.200000000000001,765,1532,0.4993472584856397,0.7282365278367413
false_hotspot_js_0.1,false_hotspot,0.1,0.05,12.25,765,1532,0.4993472584856397,0.7282365278367413
false_hotspot_js_0.1,false_hotspot,0.1,0.05,12.3,765,1532,0.4993472584856397,0.7282365278367413
false_hotspot_js_0.1,false_hotspot,0.1,0.05,12.350000000000001,765,1532,0.4993472584856397,0.7282365278367413
false_hotspot_js_0.1,false_hotspot,0.1,0.05,12.4,765,1532,0.4993472584856397,0.7282365278367413
false_hotspot_js_0.1,false_hotspot,0.1,0.05,12.450000000000001,765,1532,0.4993472584856397,0.7282365278367413
false_hotspot_js_0.1,false_hotspot,0.1,0.05,12.5,765,1532,0.4993472584856397,0.7282365278367413
false_hotspot_js_0.1,false_hotspot,0.1,0.05,12.55,765,1532,0.4993472584856397,0.7282365278367413
false_hotspot_js_0.1,false_hotspot,0.1,0.05,12.600000000000001,765,1532,0.4993472584856397,0.7282365278367413
false_hotspot_js_0.1,false_hotspot,0.1,0.05,12.65,765,1532,0.4993472584856397,0.7282365278367413
false_hotspot_js_0.1,false_hotspot,0.1,0.05,12.700000000000001,765,1532,0.4993472584856397,0.7282365278367413
false_hotspot_js_0.1,false_hotspot,0.1,0.05,12.75,765,1532,0.4993472584856397,0.7282365278367413
false_hotspot_js_0.1,false_hotspot,0.1,0.05,12.8,765,1532,0.4993472584856397,0.7282365278367413
false_hotspot_js_0.1,false_hotspot,0.1,0.05,12.850000000000001,765,1532,0.4993472584856397,0.7282365278367413
false_hotspot_js_0.1,false_hotspot,0.1,0.05,12.9,765,1532,0.4993472584856397,0.7282365278367413
false_hotspot_js_0.1,false_hotspot,0.1,0.05,12.950000000000001,765,1532,0.4993472584856397,0.7282365278367413
false_hotspot_js_0.1,false_hotspot,0.1,0.05,13.0,765,1532,0.4993472584856397,0.7282365278367413
false_hotspot_js_0.1,false_hotspot,0.1,0.05,13.05,765,1532,0.4993472584856397,0.7282365278367413
false_hotspot_js_0.1,false_hotspot,0.1,0.05,13.100000000000001,765,1532,0.4993472584856397,0.7282365278367413
false_hotspot_js_0.1,false_hotspot,0.1,0.05,13.15,765,1532,0.4993472584856397,0.7282365278367413
false_hotspot_js_0.1,false_hotspot,0.1,0.05,13.200000000000001,765,1532,0.4993472584856397,0.7282365278367413
false_hotspot_js_0.1,false_hotspot,0.1,0.05,13.25,765,1532,0.4993472584856397,0.7282365278367413
false_hotspot_js_0.1,false_hotspot,0.1,0.05,13.3,765,1532,0.4993472584856397,0.7282365278367413
false_hotspot_js_0.1,false_hotspot,0.1,0.05,13.350000000000001,765,1532,0.4993472584856397,0.7282365278367413
false_hotspot_js_0.1,false_hotspot,0.1,0.05,13.4,765,1532,0.4993472584856397,0.7282365278367413
false_hotspot_js_0.1,false_hotspot,0.1,0.05,13.450000000000001,765,1532,0.4993472584856397,0.7282365278367413
false_hotspot_js_0.1,false_hotspot,0.1,0.05,13.5,765,1532,0.4993472584856397,0.7282365278367413
false_hotspot_js_0.1,false_hotspot,0.1,0.05,13.55,765,1532,0.4993472584856397,0.7282365278367413
false_hotspot_js_0.1,false_hotspot,0.1,0.05,13.600000000000001,765,1532,0.4993472584856397,0.7282365278367413
false_hotspot_js_0.1,false_hotspot,0.1,0.05,13.65,765,1532,0.4993472584856397,0.7282365278367413
false_hotspot_js_0.1,false_hotspot,0.1,0.05,13.700000000000001,765,1532,0.4993472584856397,0.7282365278367413
false_hotspot_js_0.1,false_hotspot,0.1,0.05,13.75,765,1532,0.4993472584856397,0.7282365278367413
false_hotspot_js_0.1,false_hotspot,0.1,0.05,13.8,765,1532,0.4993472584856397,0.7282365278367413
false_hotspot_js_0.1,false_hotspot,0.1,0.05,13.850000000000001,765,1532,0.4993472584856397,0.7282365278367413
false_hotspot_js_0.1,false_hotspot,0.1,0.05,13.9,765,1532,0.4993472584856397,0.7282365278367413
false_hotspot_js_0.1,false_hotspot,0.1,0.05,13.950000000000001,765,1532,0.4993472584856397,0.7282365278367413
false_hotspot_js_0.1,false_hotspot,0.1,0.05,14.0,765,1532,0.4993472584856397,0.7282365278367413
false_hotspot_js_0.1,false_hotspot,0.1,0.05,14.05,765,1532,0.4993472584856397,0.7282365278367413
false_hotspot_js_0.1,false_hotspot,0.1,0.05,14.100000000000001,765,1532,0.4993472584856397,0.7282365278367413
false_hotspot_js_0.1,false_hotspot,0.1,0.05,14.15,765,1532,0.4993472584856397,0.7282365278367413
false_hotspot_js_0.1,false_hotspot,0.1,0.05,14.200000000000001,765,1532,0.4993472584856397,0.7282365278367413
false_hotspot_js_0.1,false_hotspot,0.1,0.05,14.25,765,1532,0.4993472584856397,0.7282365278367413
false_hotspot_js_0.1,false_hotspot,0.1,0.05,14.3,765,1532,0.4993472584856397,0.7282365278367413
false_hotspot_js_0.1,false_hotspot,0.1,0.05,14.350000000000001,765,1532,0.4993472584856397,0.7282365278367413
false_hotspot_js_0.1,false_hotspot,0.1,0.05,14.4,765,1532,0.4993472584856397,0.7282365278367413
false_hotspot_js_0.1,false_hotspot,0.1,0.05,14.450000000000001,765,1532,0.4993472584856397,0.7282365278367413
false_hotspot_js_0.1,false_hotspot,0.1,0.05,14.5,765,1532,0.4993472584856397,0.7282365278367413
false_hotspot_js_0.1,false_hotspot,0.1,0.05,14.55,765,1532,0.4993472584856397,0.7282365278367413
false_hotspot_js_0.1,false_hotspot,0.1,0.05,14.600000000000001,765,1532,0.4993472584856397,0.7282365278367413
false_hotspot_js_0.1,false_hotspot,0.1,0.05,14.65,765,1532,0.4993472584856397,0.7282365278367413
false_hotspot_js_0.1,false_hotspot,0.1,0.05,14.700000000000001,765,1532,0.4993472584856397,0.7282365278367413
false_hotspot_js_0.1,false_hotspot,0.1,0.05,14.75,765,1532,0.4993472584856397,0.7282365278367413
false_hotspot_js_0.1,false_hotspot,0.1,0.05,14.8,765,1532,0.4993472584856397,0.7282365278367413
false_hotspot_js_0.1,false_hotspot,0.1,0.05,14.850000000000001,765,1532,0.4993472584856397,0.7282365278367413
false_hotspot_js_0.1,false_hotspot,0.1,0.05,14.9,765,1532,0.4993472584856397,0.7282365278367413
false_hotspot_js_0.1,false_hotspot,0.1,0.05,14.950000000000001,765,1532,0.4993472584856397,0.7282365278367413
false_hotspot_js_0.1,false_hotspot,0.1,0.05,15.0,765,1532,0.4993472584856397,0.7282365278367413
false_hotspot_js_0.15,false_hotspot,0.15,0.05,0.0,76,1532,0.04960835509138381,0.011122795102453328
false_hotspot_js_0.15,false_hotspot,0.15,0.05,0.05,77,1532,0.05026109660574413,0.011269173933804206
false_hotspot_js_0.15,false_hotspot,0.15,0.05,0.1,81,1532,0.05287206266318538,0.011854599566472253
false_hotspot_js_0.15,false_hotspot,0.15,0.05,0.15000000000000002,87,1532,0.05678851174934726,0.012732776061974886
false_hotspot_js_0.15,false_hotspot,0.15,0.05,0.2,92,1532,0.06005221932114883,0.013464564283537362
false_hotspot_js_0.15,false_hotspot,0.15,0.05,0.25,104,1532,0.06788511749347259,0.015221089500746387
false_hotspot_js_0.15,false_hotspot,0.15,0.05,0.30000000000000004,113,1532,0.0737597911227154,0.016538768272810093
false_hotspot_js_0.15,false_hotspot,0.15,0.05,0.35000000000000003,125,1532,0.08159268929503917,0.01829616146854071
false_hotspot_js_0.15,false_hotspot,0.15,0.05,0.4,133,1532,0.08681462140992167,0.019468795384643526
false_hotspot_js_0.15,false_hotspot,0.15,0.05,0.45,150,1532,0.097911227154047,0.021965587529838945
false_hotspot_js_0.15,false_hotspot,0.15,0.05,0.5,167,1532,0.10900783289817233,0.02447483429824713
false_hotspot_js_0.15,false_hotspot,0.15,0.05,0.55,183,1532,0.11945169712793734,0.026862537831500003
false_hotspot_js_0.15,false_hotspot,0.15,0.05,0.6000000000000001,204,1532,0.13315926892950392,0.030083452513332894
false_hotspot_js_0.15,false_hotspot,0.15,0.05,0.65,216,1532,0.1409921671018277,0.0319817035894537
false_hotspot_js_0.15,false_hotspot,0.15,0.05,0.7000000000000001,223,1532,0.14556135770234988,0.03315231556893207
false_hotspot_js_0.15,false_hotspot,0.15,0.05,0.75,228,1532,0.14882506527415143,0.034047620471578485
false_hotspot_js_0.15,false_hotspot,0.15,0.05,0.8,229,1532,0.14947780678851175,0.03419894719829901
false_hotspot_js_0.15,false_hotspot,0.15,0.05,0.8500000000000001,233,1532,0.152088772845953,0.03502977541408134
false_hotspot_js_0.15,false_hotspot,0.15,0.05,0.9,233,1532,0.152088772845953,0.03502977541408134
false_hotspot_js_0.15,false_hotspot,0.15,0.05,0.9500000000000001,233,1532,0.152088772845953,0.03502977541408134
false_hotspot_js_0.15,false_hotspot,0.15,0.05,1.0,233,1532,0.152088772845953,0.03502977541408134
false_hotspot_js_0.15,false_hotspot,0.15,0.05,1.05,245,1532,0.15992167101827676,0.0656673234777371
false_hotspot_js_0.15,false_hotspot,0.15,0.05,1.1,265,1532,0.17297650130548303,0.1127590729029801
false_hotspot_js_0.15,false_hotspot,0.15,0.05,1.1500000000000001,274,1532,0.17885117493472585,0.1415765424823634
false_hotspot_js_0.15,false_hotspot,0.15,0.05,1.2000000000000002,284,1532,0.185378590078329,0.17177876638025924
false_hotspot_js_0.15,false_hotspot,0.15,0.05,1.25,295,1532,0.19255874673629242,0.20358249897969963
false_hotspot_js_0.15,false_hotspot,0.15,0.05,1.3,308,1532,0.2010443864229765,0.2426509356191515
false_hotspot_js_0.15,false_hotspot,0.15,0.05,1.35,313,1532,0.20430809399477806,0.2590038006577188
false_hotspot_js_0.15,false_hotspot,0.15,0.05,1.4000000000000001,320,1532,0.20887728459530025,0.2815362655644432
false_hotspot_js_0.15,false_hotspot,0.15,0.05,1.4500000000000002,327,1532,0.21344647519582247,0.2997705644011913
false_hotspot_js_0.15,false_hotspot,0.15,0.05,1.5,334,1532,0.21801566579634465,0.3210144607748285
false_hotspot_js_0.15,false_hotspot,0.15,0.05,1.55,336,1532,0.2193211488250653,0.325447807353813
false_hotspot_js_0.15,false_hotspot,0.15,0.05,1.6,338,1532,0.2206266318537859,0.329800437683294
false_hotspot_js_0.15,false_hotspot,0.15,0.05,1.6500000000000001,342,1532,0.22323759791122716,0.3370668164612491
false_hotspot_js_0.15,false_hotspot,0.15,0.05,1.7000000000000002,345,1532,0.22519582245430808,0.3417780657242321
false_hotspot_js_0.15,false_hotspot,0.15,0.05,1.75,349,1532,0.22780678851174935,0.3470174374666247
false_hotspot_js_0.15,false_hotspot,0.15,0.05,1.8,354,1532,0.2310704960835509,0.35284728044937796
false_hotspot_js_0.15,false_hotspot,0.15,0.05,1.85,361,1532,0.23563968668407312,0.35960297069425173
false_hotspot_js_0.15,false_hotspot,0.15,0.05,1.9000000000000001,370,1532,0.24151436031331594,0.36630123576864604
false_hotspot_js_0.15,false_hotspot,0.15,0.05,1.9500000000000002,377,1532,0.24608355091383813,0.3702966077567993
false_hotspot_js_0.15,false_hotspot,0.15,0.05,2.0,386,1532,0.2519582245430809,0.3745270156263991
false_hotspot_js_0.15,false_hotspot,0.15,0.05,2.0500000000000003,395,1532,0.25783289817232374,0.3777812254179651
false_hotspot_js_0.15,false_hotspot,0.15,0.05,2.1,403,1532,0.2630548302872063,0.3804541108160884
false_hotspot_js_0.15,false_hotspot,0.15,0.05,2.15,414,1532,0.27023498694516973,0.38329211185532386
false_hotspot_js_0.15,false_hotspot,0.15,0.05,2.2,426,1532,0.2780678851174935,0.3863818336279163
false_hotspot_js_0.15,false_hotspot,0.15,0.05,2.25,435,1532,0.2839425587467363,0.3881963264559242
false_hotspot_js_0.15,false_hotspot,0.15,0.05,2.3000000000000003,449,1532,0.29308093994778067,0.39100476145521335
false_hotspot_js_0.15,false_hotspot,0.15,0.05,2.35,464,1532,0.3028720626631854,0.39364738728463466
false_hotspot_js_0.15,false_hotspot,0.15,0.05,2.4000000000000004,476,1532,0.31070496083550914,0.39563160422581556
false_hotspot_js_0.15,false_hotspot,0.15,0.05,2.45,493,1532,0.3218015665796345,0.3982725174443653
false_hotspot_js_0.15,false_hotspot,0.15,0.05,2.5,509,1532,0.3322454308093995,0.4008934347312385
false_hotspot_js_0.15,false_hotspot,0.15,0.05,2.5500000000000003,526,1532,0.3433420365535248,0.4034736943583268
false_hotspot_js_0.15,false_hotspot,0.15,0.05,2.6,541,1532,0.3531331592689295,0.40569365926141965
false_hotspot_js_0.15,false_hotspot,0.15,0.05,2.6500000000000004,550,1532,0.35900783289817234,0.407015792181849
false_hotspot_js_0.15,false_hotspot,0.15,0.05,2.7,558,1532,0.3642297650130548,0.40818852804053146
false_hotspot_js_0.15,false_hotspot,0.15,0.05,2.75,565,1532,0.368798955613577,0.40921384975507563
false_hotspot_js_0.15,false_hotspot,0.15,0.05,2.8000000000000003,571,1532,0.3727154046997389,0.4100923316542797
false_hotspot_js_0.15,false_hotspot,0.15,0.05,2.85,574,1532,0.37467362924281983,0.4105313898345312
false_hotspot_js_0.15,false_hotspot,0.15,0.05,2.9000000000000004,579,1532,0.3779373368146214,0.4112633572011891
false_hotspot_js_0.15,false_hotspot,0.15,0.05,2.95,582,1532,0.37989556135770236,0.41170243695945075
false_hotspot_js_0.15,false_hotspot,0.15,0.05,3.0,584,1532,0.381201044386423,0.4119951486980973
false_hotspot_js_0.15,false_hotspot,0.15,0.05,3.0500000000000003,587,1532,0.3831592689295039,0.41243420586851753
false_hotspot_js_0.15,false_hotspot,0.15,0.05,3.1,594,1532,0.3877284595300261,0.4134591547099523
false_hotspot_js_0.15,false_hotspot,0.15,0.05,3.1500000000000004,597,1532,0.389686684073107,0.4138988592287564
false_hotspot_js_0.15,false_hotspot,0.15,0.05,3.2,605,1532,0.39490861618798956,0.4150714911442808
false_hotspot_js_0.15,false_hotspot,0.15,0.05,3.25,614,1532,0.4007832898172324,0.4163934670789501
false_hotspot_js_0.15,false_hotspot,0.15,0.05,3.3000000000000003,623,1532,0.4066579634464752,0.41771980556077837
false_hotspot_js_0.15,false_hotspot,0.15,0.05,3.35,630,1532,0.4112271540469974,0.418757364738118
false_hotspot_js_0.15,false_hotspot,0.15,0.05,3.4000000000000004,632,1532,0.412532637075718,0.4190502236678582
false_hotspot_js_0.15,false_hotspot,0.15,0.05,3.45,636,1532,0.4151436031331593,0.41963575896471694
false_hotspot_js_0.15,false_hotspot,0.15,0.05,3.5,637,1532,0.4157963446475196,0.4197821193274749
false_hotspot_js_0.15,false_hotspot,0.15,0.05,3.5500000000000003,638,1532,0.4164490861618799,0.4199285247120609
false_hotspot_js_0.15,false_hotspot,0.15,0.05,3.6,638,1532,0.4164490861618799,0.4199285247120609
false_hotspot_js_0.15,false_hotspot,0.15,0.05,3.6500000000000004,638,1532,0.4164490861618799,0.4199285247120609
false_hotspot_js_0.15,false_hotspot,0.15,0.05,3.7,639,1532,0.4171018276762402,0.42029120646939344
false_hotspot_js_0.15,false_hotspot,0.15,0.05,3.75,639,1532,0.4171018276762402,0.42029120646939344
false_hotspot_js_0.15,false_hotspot,0.15,0.05,3.8000000000000003,639,1532,0.4171018276762402,0.42029120646939344
false_hotspot_js_0.15,false_hotspot,0.15,0.05,3.85,640,1532,0.4177545691906005,0.42077473038634705
false_hotspot_js_0.15,false_hotspot,0.15,0.05,3.9000000000000004,640,1532,0.4177545691906005,0.42077473038634705
false_hotspot_js_0.15,false_hotspot,0.15,0.05,3.95,640,1532,0.4177545691906005,0.42077473038634705
false_hotspot_js_0.15,false_hotspot,0.15,0.05,4.0,640,1532,0.4177545691906005,0.42077473038634705
false_hotspot_js_0.15,false_hotspot,0.15,0.05,4.05,640,1532,0.4177545691906005,0.42077473038634705
false_hotspot_js_0.15,false_hotspot,0.15,0.05,4.1000000000000005,640,1532,0.4177545691906005,0.42077473038634705
false_hotspot_js_0.15,false_hotspot,0.15,0.05,4.15,640,1532,0.4177545691906005,0.42077473038634705
false_hotspot_js_0.15,false_hotspot,0.15,0.05,4.2,640,1532,0.4177545691906005,0.42077473038634705
false_hotspot_js_0.15,false_hotspot,0.15,0.05,4.25,640,1532,0.4177545691906005,0.42077473038634705
false_hotspot_js_0.15,false_hotspot,0.15,0.05,4.3,640,1532,0.4177545691906005,0.42077473038634705
false_hotspot_js_0.15,false_hotspot,0.15,0.05,4.3500000000000005,640,1532,0.4177545691906005,0.42077473038634705
false_hotspot_js_0.15,false_hotspot,0.15,0.05,4.4,641,1532,0.41840731070496084,0.42109436242028186
false_hotspot_js_0.15,false_hotspot,0.15,0.05,4.45,642,1532,0.41906005221932113,0.4214824274625616
false_hotspot_js_0.15,false_hotspot,0.15,0.05,4.5,644,1532,0.42036553524804177,0.4228331177535911
false_hotspot_js_0.15,false_hotspot,0.15,0.05,4.55,653,1532,0.4262402088772846,0.44276720935463143
false_hotspot_js_0.15,false_hotspot,0.15,0.05,4.6000000000000005,666,1532,0.4347258485639687,0.4798538871686654
false_hotspot_js_0.15,false_hotspot,0.15,0.05,4.65,681,1532,0.44451697127937334,0.5133557384225081
false_hotspot_js_0.15,false_hotspot,0.15,0.05,4.7,696,1532,0.45430809399477806,0.5361890375705269
false_hotspot_js_0.15,false_hotspot,0.15,0.05,4.75,709,1532,0.46279373368146215,0.5527154538611053
false_hotspot_js_0.15,false_hotspot,0.15,0.05,4.800000000000001,721,1532,0.4706266318537859,0.5626278041064071
false_hotspot_js_0.15,false_hotspot,0.15,0.05,4.8500000000000005,734,1532,0.47911227154047,0.5703105293652911
false_hotspot_js_0.15,false_hotspot,0.15,0.05,4.9,740,1532,0.4830287206266319,0.5728030937032622
false_hotspot_js_0.15,false_hotspot,0.15,0.05,4.95,744,1532,0.4856396866840731,0.5741893630813788
false_hotspot_js_0.15,false_hotspot,0.15,0.05,5.0,746,1532,0.4869451697127937,0.5746729437648103
false_hotspot_js_0.15,false_hotspot,0.15,0.05,5.050000000000001,746,1532,0.4869451697127937,0.5746729437648103
false_hotspot_js_0.15,false_hotspot,0.15,0.05,5.1000000000000005,746,1532,0.4869451697127937,0.5746729437648103
false_hotspot_js_0.15,false_hotspot,0.15,0.05,5.15,746,1532,0.4869451697127937,0.5746729437648103
false_hotspot_js_0.15,false_hotspot,0.15,0.05,5.2,746,1532,0.4869451697127937,0.5746729437648103
false_hotspot_js_0.15,false_hotspot,0.15,0.05,5.25,746,1532,0.4869451697127937,0.5746729437648103
false_hotspot_js_0.15,false_hotspot,0.15,0.05,5.300000000000001,746,1532,0.4869451697127937,0.5746729437648103
false_hotspot_js_0.15,false_hotspot,0.15,0.05,5.3500000000000005,746,1532,0.4869451697127937,0.5746729437648103
false_hotspot_js_0.15,false_hotspot,0.15,0.05,5.4,746,1532,0.4869451697127937,0.5746729437648103
false_hotspot_js_0.15,false_hotspot,0.15,0.05,5.45,746,1532,0.4869451697127937,0.5746729437648103
false_hotspot_js_0.15,false_hotspot,0.15,0.05,5.5,746,1532,0.4869451697127937,0.5746729437648103
false_hotspot_js_0.15,false_hotspot,0.15,0.05,5.550000000000001,746,1532,0.4869451697127937,0.5746729437648103
false_hotspot_js_0.15,false_hotspot,0.15,0.05,5.6000000000000005,746,1532,0.4869451697127937,0.5746729437648103
false_hotspot_js_0.15,false_hotspot,0.15,0.05,5.65,746,1532,0.4869451697127937,0.5746729437648103
false_hotspot_js_0.15,false_hotspot,0.15,0.05,5.7,746,1532,0.4869451697127937,0.5746729437648103
false_hotspot_js_0.15,false_hotspot,0.15,0.05,5.75,746,1532,0.4869451697127937,0.5746729437648103
false_hotspot_js_0.15,false_hotspot,0.15,0.05,5.800000000000001,746,1532,0.4869451697127937,0.5746729437648103
false_hotspot_js_0.15,false_hotspot,0.15,0.05,5.8500000000000005,746,1532,0.4869451697127937,0.5746729437648103
false_hotspot_js_0.15,false_hotspot,0.15,0.05,5.9,746,1532,0.4869451697127937,0.5746729437648103
false_hotspot_js_0.15,false_hotspot,0.15,0.05,5.95,746,1532,0.4869451697127937,0.5746729437648103
false_hotspot_js_0.15,false_hotspot,0.15,0.05,6.0,746,1532,0.4869451697127937,0.5746729437648103
false_hotspot_js_0.15,false_hotspot,0.15,0.05,6.050000000000001,746,1532,0.4869451697127937,0.5746729437648103
false_hotspot_js_0.15,false_hotspot,0.15,0.05,6.1000000000000005,747,1532,0.48759791122715407,0.5796527577780275
false_hotspot_js_0.15,false_hotspot,0.15,0.05,6.15,747,1532,0.48759791122715407,0.5796527577780275
false_hotspot_js_0.15,false_hotspot,0.15,0.05,6.2,750,1532,0.489556135770235,0.5935765869074963
false_hotspot_js_0.15,false_hotspot,0.15,0.05,6.25,751,1532,0.4902088772845953,0.5980488215903795
false_hotspot_js_0.15,false_hotspot,0.15,0.05,6.300000000000001,754,1532,0.49216710182767626,0.6104164069246064
false_hotspot_js_0.15,false_hotspot,0.15,0.05,6.3500000000000005,757,1532,0.4941253263707572,0.6214466753386406
false_hotspot_js_0.15,false_hotspot,0.15,0.05,6.4,760,1532,0.4960835509138381,0.6317821860843321
false_hotspot_js_0.15,false_hotspot,0.15,0.05,6.45,763,1532,0.4980417754569191,0.6401464389639675
false_hotspot_js_0.15,false_hotspot,0.15,0.05,6.5,767,1532,0.5006527415143603,0.6516322879406296
false_hotspot_js_0.15,false_hotspot,0.15,0.05,6.550000000000001,771,1532,0.5032637075718016,0.6609489555145618
false_hotspot_js_0.15,false_hotspot,0.15,0.05,6.6000000000000005,775,1532,0.5058746736292428,0.6684945326870946
false_hotspot_js_0.15,false_hotspot,0.15,0.05,6.65,779,1532,0.508485639686684,0.6754425627980698
false_hotspot_js_0.15,false_hotspot,0.15,0.05,6.7,782,1532,0.5104438642297651,0.6799243662817245
false_hotspot_js_0.15,false_hotspot,0.15,0.05,6.75,786,1532,0.5130548302872062,0.6853064074916835
false_hotspot_js_0.15,false_hotspot,0.15,0.05,6.800000000000001,789,1532,0.5150130548302873,0.6889887653058334
false_hotspot_js_0.15,false_hotspot,0.15,0.05,6.8500000000000005,792,1532,0.5169712793733682,0.6923177605224687
false_hotspot_js_0.15,false_hotspot,0.15,0.05,6.9,794,1532,0.5182767624020888,0.6943114826443378
false_hotspot_js_0.15,false_hotspot,0.15,0.05,6.95,795,1532,0.5189295039164491,0.6951908906826808
false_hotspot_js_0.15,false_hotspot,0.15,0.05,7.0,798,1532,0.52088772845953,0.6977845895810387
false_hotspot_js_0.15,false_hotspot,0.15,0.05,7.050000000000001,798,1532,0.52088772845953,0.6977845895810387
false_hotspot_js_0.15,false_hotspot,0.15,0.05,7.1000000000000005,798,1532,0.52088772845953,0.6977845895810387
false_hotspot_js_0.15,false_hotspot,0.15,0.05,7.15,799,1532,0.5215404699738904,0.6984564578995998
false_hotspot_js_0.15,false_hotspot,0.15,0.05,7.2,800,1532,0.5221932114882507,0.699189988032625
false_hotspot_js_0.15,false_hotspot,0.15,0.05,7.25,801,1532,0.5228459530026109,0.6997572787103326
false_hotspot_js_0.15,false_hotspot,0.15,0.05,7.300000000000001,801,1532,0.5228459530026109,0.6997572787103326
false_hotspot_js_0.15,false_hotspot,0.15,0.05,7.3500000000000005,801,1532,0.5228459530026109,0.6997572787103326
false_hotspot_js_0.15,false_hotspot,0.15,0.05,7.4,802,1532,0.5234986945169713,0.7003568843464901
false_hotspot_js_0.15,false_hotspot,0.15,0.05,7.45,803,1532,0.5241514360313316,0.7008281665991768
false_hotspot_js_0.15,false_hotspot,0.15,0.05,7.5,803,1532,0.5241514360313316,0.7008281665991768
false_hotspot_js_0.15,false_hotspot,0.15,0.05,7.550000000000001,803,1532,0.5241514360313316,0.7008281665991768
false_hotspot_js_0.15,false_hotspot,0.15,0.05,7.6000000000000005,804,1532,0.5248041775456919,0.7012162316414564
false_hotspot_js_0.15,false_hotspot,0.15,0.05,7.65,805,1532,0.5254569190600522,0.7016997555584101
false_hotspot_js_0.15,false_hotspot,0.15,0.05,7.7,805,1532,0.5254569190600522,0.7016997555584101
false_hotspot_js_0.15,false_hotspot,0.15,0.05,7.75,805,1532,0.5254569190600522,0.7016997555584101
false_hotspot_js_0.15,false_hotspot,0.15,0.05,7.800000000000001,806,1532,0.5261096605744126,0.702019387592345
false_hotspot_js_0.15,false_hotspot,0.15,0.05,7.8500000000000005,806,1532,0.5261096605744126,0.702019387592345
false_hotspot_js_0.15,false_hotspot,0.15,0.05,7.9,807,1532,0.5267624020887729,0.7022854509250093
false_hotspot_js_0.15,false_hotspot,0.15,0.05,7.95,807,1532,0.5267624020887729,0.7022854509250093
false_hotspot_js_0.15,false_hotspot,0.15,0.05,8.0,807,1532,0.5267624020887729,0.7022854509250093
false_hotspot_js_0.15,false_hotspot,0.15,0.05,8.05,807,1532,0.5267624020887729,0.7022854509250093
false_hotspot_js_0.15,false_hotspot,0.15,0.05,8.1,807,1532,0.5267624020887729,0.7022854509250093
false_hotspot_js_0.15,false_hotspot,0.15,0.05,8.15,807,1532,0.5267624020887729,0.7022854509250093
false_hotspot_js_0.15,false_hotspot,0.15,0.05,8.200000000000001,807,1532,0.5267624020887729,0.7022854509250093
false_hotspot_js_0.15,false_hotspot,0.15,0.05,8.25,807,1532,0.5267624020887729,0.7022854509250093
false_hotspot_js_0.15,false_hotspot,0.15,0.05,8.3,807,1532,0.5267624020887729,0.7022854509250093
false_hotspot_js_0.15,false_hotspot,0.15,0.05,8.35,807,1532,0.5267624020887729,0.7022854509250093
false_hotspot_js_0.15,false_hotspot,0.15,0.05,8.4,807,1532,0.5267624020887729,0.7022854509250093
false_hotspot_js_0.15,false_hotspot,0.15,0.05,8.450000000000001,807,1532,0.5267624020887729,0.7022854509250093
false_hotspot_js_0.15,false_hotspot,0.15,0.05,8.5,807,1532,0.5267624020887729,0.7022854509250093
false_hotspot_js_0.15,false_hotspot,0.15,0.05,8.55,807,1532,0.5267624020887729,0.7022854509250093
false_hotspot_js_0.15,false_hotspot,0.15,0.05,8.6,807,1532,0.5267624020887729,0.7022854509250093
false_hotspot_js_0.15,false_hotspot,0.15,0.05,8.65,807,1532,0.5267624020887729,0.7022854509250093
false_hotspot_js_0.15,false_hotspot,0.15,0.05,8.700000000000001,807,1532,0.5267624020887729,0.7022854509250093
false_hotspot_js_0.15,false_hotspot,0.15,0.05,8.75,807,1532,0.5267624020887729,0.7022854509250093
false_hotspot_js_0.15,false_hotspot,0.15,0.05,8.8,807,1532,0.5267624020887729,0.7022854509250093
false_hotspot_js_0.15,false_hotspot,0.15,0.05,8.85,807,1532,0.5267624020887729,0.7022854509250093
false_hotspot_js_0.15,false_hotspot,0.15,0.05,8.9,807,1532,0.5267624020887729,0.7022854509250093
false_hotspot_js_0.15,false_hotspot,0.15,0.05,8.950000000000001,807,1532,0.5267624020887729,0.7022854509250093
false_hotspot_js_0.15,false_hotspot,0.15,0.05,9.0,807,1532,0.5267624020887729,0.7022854509250093
false_hotspot_js_0.15,false_hotspot,0.15,0.05,9.05,807,1532,0.5267624020887729,0.7022854509250093
false_hotspot_js_0.15,false_hotspot,0.15,0.05,9.1,807,1532,0.5267624020887729,0.7022854509250093
false_hotspot_js_0.15,false_hotspot,0.15,0.05,9.15,807,1532,0.5267624020887729,0.7022854509250093
false_hotspot_js_0.15,false_hotspot,0.15,0.05,9.200000000000001,807,1532,0.5267624020887729,0.7022854509250093
false_hotspot_js_0.15,false_hotspot,0.15,0.05,9.25,807,1532,0.5267624020887729,0.7022854509250093
false_hotspot_js_0.15,false_hotspot,0.15,0.05,9.3,807,1532,0.5267624020887729,0.7022854509250093
false_hotspot_js_0.15,false_hotspot,0.15,0.05,9.35,807,1532,0.5267624020887729,0.7022854509250093
false_hotspot_js_0.15,false_hotspot,0.15,0.05,9.4,807,1532,0.5267624020887729,0.7022854509250093
false_hotspot_js_0.15,false_hotspot,0.15,0.05,9.450000000000001,807,1532,0.5267624020887729,0.7022854509250093
false_hotspot_js_0.15,false_hotspot,0.15,0.05,9.5,807,1532,0.5267624020887729,0.7022854509250093
false_hotspot_js_0.15,false_hotspot,0.15,0.05,9.55,807,1532,0.5267624020887729,0.7022854509250093
false_hotspot_js_0.15,false_hotspot,0.15,0.05,9.600000000000001,807,1532,0.5267624020887729,0.7022854509250093
false_hotspot_js_0.15,false_hotspot,0.15,0.05,9.65,807,1532,0.5267624020887729,0.7022854509250093
false_hotspot_js_0.15,false_hotspot,0.15,0.05,9.700000000000001,807,1532,0.5267624020887729,0.7022854509250093
false_hotspot_js_0.15,false_hotspot,0.15,0.05,9.75,807,1532,0.5267624020887729,0.7022854509250093
false_hotspot_js_0.15,false_hotspot,0.15,0.05,9.8,807,1532,0.5267624020887729,0.7022854509250093
false_hotspot_js_0.15,false_hotspot,0.15,0.05,9.850000000000001,807,1532,0.5267624020887729,0.7022854509250093
false_hotspot_js_0.15,false_hotspot,0.15,0.05,9.9,807,1532,0.5267624020887729,0.7022854509250093
false_hotspot_js_0.15,false_hotspot,0.15,0.05,9.950000000000001,807,1532,0.5267624020887729,0.7022854509250093
false_hotspot_js_0.15,false_hotspot,0.15,0.05,10.0,807,1532,0.5267624020887729,0.7022854509250093
false_hotspot_js_0.15,false_hotspot,0.15,0.05,10.05,807,1532,0.5267624020887729,0.7022854509250093
false_hotspot_js_0.15,false_hotspot,0.15,0.05,10.100000000000001,807,1532,0.5267624020887729,0.7022854509250093
false_hotspot_js_0.15,false_hotspot,0.15,0.05,10.15,807,1532,0.5267624020887729,0.7022854509250093
false_hotspot_js_0.15,false_hotspot,0.15,0.05,10.200000000000001,807,1532,0.5267624020887729,0.7022854509250093
false_hotspot_js_0.15,false_hotspot,0.15,0.05,10.25,807,1532,0.5267624020887729,0.7022854509250093
false_hotspot_js_0.15,false_hotspot,0.15,0.05,10.3,807,1532,0.5267624020887729,0.7022854509250093
false_hotspot_js_0.15,false_hotspot,0.15,0.05,10.350000000000001,807,1532,0.5267624020887729,0.7022854509250093
false_hotspot_js_0.15,false_hotspot,0.15,0.05,10.4,807,1532,0.5267624020887729,0.7022854509250093
false_hotspot_js_0.15,false_hotspot,0.15,0.05,10.450000000000001,807,1532,0.5267624020887729,0.7022854509250093
false_hotspot_js_0.15,false_hotspot,0.15,0.05,10.5,807,1532,0.5267624020887729,0.7022854509250093
false_hotspot_js_0.15,false_hotspot,0.15,0.05,10.55,807,1532,0.5267624020887729,0.7022854509250093
false_hotspot_js_0.15,false_hotspot,0.15,0.05,10.600000000000001,807,1532,0.5267624020887729,0.7022854509250093
false_hotspot_js_0.15,false_hotspot,0.15,0.05,10.65,807,1532,0.5267624020887729,0.7022854509250093
false_hotspot_js_0.15,false_hotspot,0.15,0.05,10.700000000000001,807,1532,0.5267624020887729,0.7022854509250093
false_hotspot_js_0.15,false_hotspot,0.15,0.05,10.75,807,1532,0.5267624020887729,0.7022854509250093
false_hotspot_js_0.15,false_hotspot,0.15,0.05,10.8,807,1532,0.5267624020887729,0.7022854509250093
false_hotspot_js_0.15,false_hotspot,0.15,0.05,10.850000000000001,807,1532,0.5267624020887729,0.7022854509250093
false_hotspot_js_0.15,false_hotspot,0.15,0.05,10.9,807,1532,0.5267624020887729,0.7022854509250093
false_hotspot_js_0.15,false_hotspot,0.15,0.05,10.950000000000001,807,1532,0.5267624020887729,0.7022854509250093
false_hotspot_js_0.15,false_hotspot,0.15,0.05,11.0,807,1532,0.5267624020887729,0.7022854509250093
false_hotspot_js_0.15,false_hotspot,0.15,0.05,11.05,807,1532,0.5267624020887729,0.7022854509250093
false_hotspot_js_0.15,false_hotspot,0.15,0.05,11.100000000000001,807,1532,0.5267624020887729,0.7022854509250093
false_hotspot_js_0.15,false_hotspot,0.15,0.05,11.15,807,1532,0.5267624020887729,0.7022854509250093
false_hotspot_js_0.15,false_hotspot,0.15,0.05,11.200000000000001,807,1532,0.5267624020887729,0.7022854509250093
false_hotspot_js_0.15,false_hotspot,0.15,0.05,11.25,807,1532,0.5267624020887729,0.7022854509250093
false_hotspot_js_0.15,false_hotspot,0.15,0.05,11.3,807,1532,0.5267624020887729,0.7022854509250093
false_hotspot_js_0.15,false_hotspot,0.15,0.05,11.350000000000001,807,1532,0.5267624020887729,0.7022854509250093
false_hotspot_js_0.15,false_hotspot,0.15,0.05,11.4,807,1532,0.5267624020887729,0.7022854509250093
false_hotspot_js_0.15,false_hotspot,0.15,0.05,11.450000000000001,807,1532,0.5267624020887729,0.7022854509250093
false_hotspot_js_0.15,false_hotspot,0.15,0.05,11.5,807,1532,0.5267624020887729,0.7022854509250093
false_hotspot_js_0.15,false_hotspot,0.15,0.05,11.55,807,1532,0.5267624020887729,0.7022854509250093
false_hotspot_js_0.15,false_hotspot,0.15,0.05,11.600000000000001,807,1532,0.5267624020887729,0.7022854509250093
false_hotspot_js_0.15,false_hotspot,0.15,0.05,11.65,807,1532,0.5267624020887729,0.7022854509250093
false_hotspot_js_0.15,false_hotspot,0.15,0.05,11.700000000000001,807,1532,0.5267624020887729,0.7022854509250093
false_hotspot_js_0.15,false_hotspot,0.15,0.05,11.75,807,1532,0.5267624020887729,0.7022854509250093
false_hotspot_js_0.15,false_hotspot,0.15,0.05,11.8,807,1532,0.5267624020887729,0.7022854509250093
false_hotspot_js_0.15,false_hotspot,0.15,0.05,11.850000000000001,807,1532,0.5267624020887729,0.7022854509250093
false_hotspot_js_0.15,false_hotspot,0.15,0.05,11.9,807,1532,0.5267624020887729,0.7022854509250093
false_hotspot_js_0.15,false_hotspot,0.15,0.05,11.950000000000001,807,1532,0.5267624020887729,0.7022854509250093
false_hotspot_js_0.15,false_hotspot,0.15,0.05,12.0,807,1532,0.5267624020887729,0.7022854509250093
false_hotspot_js_0.15,false_hotspot,0.15,0.05,12.05,807,1532,0.5267624020887729,0.7022854509250093
false_hotspot_js_0.15,false_hotspot,0.15,0.05,12.100000000000001,807,1532,0.5267624020887729,0.7022854509250093
false_hotspot_js_0.15,false_hotspot,0.15,0.05,12.15,807,1532,0.5267624020887729,0.7022854509250093
false_hotspot_js_0.15,false_hotspot,0.15,0.05,12.200000000000001,807,1532,0.5267624020887729,0.7022854509250093
false_hotspot_js_0.15,false_hotspot,0.15,0.05,12.25,807,1532,0.5267624020887729,0.7022854509250093
false_hotspot_js_0.15,false_hotspot,0.15,0.05,12.3,807,1532,0.5267624020887729,0.7022854509250093
false_hotspot_js_0.15,false_hotspot,0.15,0.05,12.350000000000001,807,1532,0.5267624020887729,0.7022854509250093
false_hotspot_js_0.15,false_hotspot,0.15,0.05,12.4,807,1532,0.5267624020887729,0.7022854509250093
false_hotspot_js_0.15,false_hotspot,0.15,0.05,12.450000000000001,807,1532,0.5267624020887729,0.7022854509250093
false_hotspot_js_0.15,false_hotspot,0.15,0.05,12.5,807,1532,0.5267624020887729,0.7022854509250093
false_hotspot_js_0.15,false_hotspot,0.15,0.05,12.55,807,1532,0.5267624020887729,0.7022854509250093
false_hotspot_js_0.15,false_hotspot,0.15,0.05,12.600000000000001,807,1532,0.5267624020887729,0.7022854509250093
false_hotspot_js_0.15,false_hotspot,0.15,0.05,12.65,807,1532,0.5267624020887729,0.7022854509250093
false_hotspot_js_0.15,false_hotspot,0.15,0.05,12.700000000000001,807,1532,0.5267624020887729,0.7022854509250093
false_hotspot_js_0.15,false_hotspot,0.15,0.05,12.75,807,1532,0.5267624020887729,0.7022854509250093
false_hotspot_js_0.15,false_hotspot,0.15,0.05,12.8,807,1532,0.5267624020887729,0.7022854509250093
false_hotspot_js_0.15,false_hotspot,0.15,0.05,12.850000000000001,807,1532,0.5267624020887729,0.7022854509250093
false_hotspot_js_0.15,false_hotspot,0.15,0.05,12.9,807,1532,0.5267624020887729,0.7022854509250093
false_hotspot_js_0.15,false_hotspot,0.15,0.05,12.950000000000001,807,1532,0.5267624020887729,0.7022854509250093
false_hotspot_js_0.15,false_hotspot,0.15,0.05,13.0,807,1532,0.5267624020887729,0.7022854509250093
false_hotspot_js_0.15,false_hotspot,0.15,0.05,13.05,807,1532,0.5267624020887729,0.7022854509250093
false_hotspot_js_0.15,false_hotspot,0.15,0.05,13.100000000000001,807,1532,0.5267624020887729,0.7022854509250093
false_hotspot_js_0.15,false_hotspot,0.15,0.05,13.15,807,1532,0.5267624020887729,0.7022854509250093
false_hotspot_js_0.15,false_hotspot,0.15,0.05,13.200000000000001,807,1532,0.5267624020887729,0.7022854509250093
false_hotspot_js_0.15,false_hotspot,0.15,0.05,13.25,807,1532,0.5267624020887729,0.7022854509250093
false_hotspot_js_0.15,false_hotspot,0.15,0.05,13.3,807,1532,0.5267624020887729,0.7022854509250093
false_hotspot_js_0.15,false_hotspot,0.15,0.05,13.350000000000001,807,1532,0.5267624020887729,0.7022854509250093
false_hotspot_js_0.15,false_hotspot,0.15,0.05,13.4,807,1532,0.5267624020887729,0.7022854509250093
false_hotspot_js_0.15,false_hotspot,0.15,0.05,13.450000000000001,807,1532,0.5267624020887729,0.7022854509250093
false_hotspot_js_0.15,false_hotspot,0.15,0.05,13.5,807,1532,0.5267624020887729,0.7022854509250093
false_hotspot_js_0.15,false_hotspot,0.15,0.05,13.55,807,1532,0.5267624020887729,0.7022854509250093
false_hotspot_js_0.15,false_hotspot,0.15,0.05,13.600000000000001,807,1532,0.5267624020887729,0.7022854509250093
false_hotspot_js_0.15,false_hotspot,0.15,0.05,13.65,807,1532,0.5267624020887729,0.7022854509250093
false_hotspot_js_0.15,false_hotspot,0.15,0.05,13.700000000000001,807,1532,0.5267624020887729,0.7022854509250093
false_hotspot_js_0.15,false_hotspot,0.15,0.05,13.75,807,1532,0.5267624020887729,0.7022854509250093
false_hotspot_js_0.15,false_hotspot,0.15,0.05,13.8,807,1532,0.5267624020887729,0.7022854509250093
false_hotspot_js_0.15,false_hotspot,0.15,0.05,13.850000000000001,807,1532,0.5267624020887729,0.7022854509250093
false_hotspot_js_0.15,false_hotspot,0.15,0.05,13.9,807,1532,0.5267624020887729,0.7022854509250093
false_hotspot_js_0.15,false_hotspot,0.15,0.05,13.950000000000001,807,1532,0.5267624020887729,0.7022854509250093
false_hotspot_js_0.15,false_hotspot,0.15,0.05,14.0,807,1532,0.5267624020887729,0.7022854509250093
false_hotspot_js_0.15,false_hotspot,0.15,0.05,14.05,807,1532,0.5267624020887729,0.7022854509250093
false_hotspot_js_0.15,false_hotspot,0.15,0.05,14.100000000000001,807,1532,0.5267624020887729,0.7022854509250093
false_hotspot_js_0.15,false_hotspot,0.15,0.05,14.15,807,1532,0.5267624020887729,0.7022854509250093
false_hotspot_js_0.15,false_hotspot,0.15,0.05,14.200000000000001,807,1532,0.5267624020887729,0.7022854509250093
false_hotspot_js_0.15,false_hotspot,0.15,0.05,14.25,807,1532,0.5267624020887729,0.7022854509250093
false_hotspot_js_0.15,false_hotspot,0.15,0.05,14.3,807,1532,0.5267624020887729,0.7022854509250093
false_hotspot_js_0.15,false_hotspot,0.15,0.05,14.350000000000001,807,1532,0.5267624020887729,0.7022854509250093
false_hotspot_js_0.15,false_hotspot,0.15,0.05,14.4,807,1532,0.5267624020887729,0.7022854509250093
false_hotspot_js_0.15,false_hotspot,0.15,0.05,14.450000000000001,807,1532,0.5267624020887729,0.7022854509250093
false_hotspot_js_0.15,false_hotspot,0.15,0.05,14.5,807,1532,0.5267624020887729,0.7022854509250093
false_hotspot_js_0.15,false_hotspot,0.15,0.05,14.55,807,1532,0.5267624020887729,0.7022854509250093
false_hotspot_js_0.15,false_hotspot,0.15,0.05,14.600000000000001,807,1532,0.5267624020887729,0.7022854509250093
false_hotspot_js_0.15,false_hotspot,0.15,0.05,14.65,807,1532,0.5267624020887729,0.7022854509250093
false_hotspot_js_0.15,false_hotspot,0.15,0.05,14.700000000000001,807,1532,0.5267624020887729,0.7022854509250093
false_hotspot_js_0.15,false_hotspot,0.15,0.05,14.75,807,1532,0.5267624020887729,0.7022854509250093
false_hotspot_js_0.15,false_hotspot,0.15,0.05,14.8,807,1532,0.5267624020887729,0.7022854509250093
false_hotspot_js_0.15,false_hotspot,0.15,0.05,14.850000000000001,807,1532,0.5267624020887729,0.7022854509250093
false_hotspot_js_0.15,false_hotspot,0.15,0.05,14.9,807,1532,0.5267624020887729,0.7022854509250093
false_hotspot_js_0.15,false_hotspot,0.15,0.05,14.950000000000001,807,1532,0.5267624020887729,0.7022854509250093
false_hotspot_js_0.15,false_hotspot,0.15,0.05,15.0,807,1532,0.5267624020887729,0.7022854509250093
false_negative_suppression_js_0.05,false_negative_suppression,0.05,0.05,0.0,76,1532,0.04960835509138381,0.011122795102453328
false_negative_suppression_js_0.05,false_negative_suppression,0.05,0.05,0.05,77,1532,0.05026109660574413,0.011269173933804206
false_negative_suppression_js_0.05,false_negative_suppression,0.05,0.05,0.1,81,1532,0.05287206266318538,0.011854599566472253
false_negative_suppression_js_0.05,false_negative_suppression,0.05,0.05,0.15000000000000002,88,1532,0.057441253263707574,0.012879126845692918
false_negative_suppression_js_0.05,false_negative_suppression,0.05,0.05,0.2,91,1532,0.05939947780678851,0.013318270039736879
false_negative_suppression_js_0.05,false_negative_suppression,0.05,0.05,0.25,104,1532,0.06788511749347259,0.015221089830806216
false_negative_suppression_js_0.05,false_negative_suppression,0.05,0.05,0.30000000000000004,112,1532,0.0731070496083551,0.016392417501619426
false_negative_suppression_js_0.05,false_negative_suppression,0.05,0.05,0.35000000000000003,126,1532,0.08224543080939947,0.01844265320583612
false_negative_suppression_js_0.05,false_negative_suppression,0.05,0.05,0.4,139,1532,0.09073107049608355,0.020349499012271694
false_negative_suppression_js_0.05,false_negative_suppression,0.05,0.05,0.45,151,1532,0.09856396866840732,0.02211289457826417
false_negative_suppression_js_0.05,false_negative_suppression,0.05,0.05,0.5,170,1532,0.11096605744125326,0.024922978054464556
false_negative_suppression_js_0.05,false_negative_suppression,0.05,0.05,0.55,189,1532,0.12336814621409922,0.027785252726630103
false_negative_suppression_js_0.05,false_negative_suppression,0.05,0.05,0.6000000000000001,205,1532,0.13381201044386423,0.030289145686316
false_negative_suppression_js_0.05,false_negative_suppression,0.05,0.05,0.65,215,1532,0.14033942558746737,0.031882872553858854
false_negative_suppression_js_0.05,false_negative_suppression,0.05,0.05,0.7000000000000001,222,1532,0.14490861618798956,0.03307896486344067
false_negative_suppression_js_0.05,false_negative_suppression,0.05,0.05,0.75,226,1532,0.1475195822454308,0.03378215237996801
false_negative_suppression_js_0.05,false_negative_suppression,0.05,0.05,0.8,227,1532,0.1481723237597911,0.033933479106688536
false_negative_suppression_js_0.05,false_negative_suppression,0.05,0.05,0.8500000000000001,230,1532,0.15013054830287206,0.03459611291615096
false_negative_suppression_js_0.05,false_negative_suppression,0.05,0.05,0.9,230,1532,0.15013054830287206,0.03459611291615096
false_negative_suppression_js_0.05,false_negative_suppression,0.05,0.05,0.9500000000000001,234,1532,0.15274151436031333,0.03995329952562105
false_negative_suppression_js_0.05,false_negative_suppression,0.05,0.05,1.0,246,1532,0.16057441253263707,0.06743271280030735
false_negative_suppression_js_0.05,false_negative_suppression,0.05,0.05,1.05,262,1532,0.17101827676240208,0.09417581732308539
false_negative_suppression_js_0.05,false_negative_suppression,0.05,0.05,1.1,274,1532,0.17885117493472585,0.11816779615474632
false_negative_suppression_js_0.05,false_negative_suppression,0.05,0.05,1.1500000000000001,282,1532,0.18407310704960836,0.13087050502739725
false_negative_suppression_js_0.05,false_negative_suppression,0.05,0.05,1.2000000000000002,291,1532,0.18994778067885118,0.14861778350619947
false_negative_suppression_js_0.05,false_negative_suppression,0.05,0.05,1.25,298,1532,0.19451697127937337,0.1607278045794345
false_negative_suppression_js_0.05,false_negative_suppression,0.05,0.05,1.3,304,1532,0.19843342036553524,0.1779050768716556
false_negative_suppression_js_0.05,false_negative_suppression,0.05,0.05,1.35,311,1532,0.20300261096605743,0.1938957849897746
false_negative_suppression_js_0.05,false_negative_suppression,0.05,0.05,1.4000000000000001,316,1532,0.206266318537859,0.20099818866913022
false_negative_suppression_js_0.05,false_negative_suppression,0.05,0.05,1.4500000000000002,323,1532,0.2108355091383812,0.21940167381459544
false_negative_suppression_js_0.05,false_negative_suppression,0.05,0.05,1.5,325,1532,0.21214099216710183,0.2282239585283333
false_negative_suppression_js_0.05,false_negative_suppression,0.05,0.05,1.55,330,1532,0.2154046997389034,0.24418404877631805
false_negative_suppression_js_0.05,false_negative_suppression,0.05,0.05,1.6,336,1532,0.2193211488250653,0.26443350761258866
false_negative_suppression_js_0.05,false_negative_suppression,0.05,0.05,1.6500000000000001,342,1532,0.22323759791122716,0.28976961506167975
false_negative_suppression_js_0.05,false_negative_suppression,0.05,0.05,1.7000000000000002,345,1532,0.22519582245430808,0.3041889663394632
false_negative_suppression_js_0.05,false_negative_suppression,0.05,0.05,1.75,353,1532,0.2304177545691906,0.33361306009615843
false_negative_suppression_js_0.05,false_negative_suppression,0.05,0.05,1.8,358,1532,0.23368146214099217,0.3543456159362653
false_negative_suppression_js_0.05,false_negative_suppression,0.05,0.05,1.85,365,1532,0.23825065274151436,0.3804408985349206
false_negative_suppression_js_0.05,false_negative_suppression,0.05,0.05,1.9000000000000001,369,1532,0.24086161879895562,0.39569922423152015
false_negative_suppression_js_0.05,false_negative_suppression,0.05,0.05,1.9500000000000002,372,1532,0.24281984334203655,0.4064075800957882
false_negative_suppression_js_0.05,false_negative_suppression,0.05,0.05,2.0,377,1532,0.24608355091383813,0.42139274327596893
false_negative_suppression_js_0.05,false_negative_suppression,0.05,0.05,2.0500000000000003,381,1532,0.24869451697127937,0.4330916631384228
false_negative_suppression_js_0.05,false_negative_suppression,0.05,0.05,2.1,386,1532,0.2519582245430809,0.44488596551507265
false_negative_suppression_js_0.05,false_negative_suppression,0.05,0.05,2.15,389,1532,0.2539164490861619,0.45111099045672187
false_negative_suppression_js_0.05,false_negative_suppression,0.05,0.05,2.2,393,1532,0.2565274151436031,0.45831831341920726
false_negative_suppression_js_0.05,false_negative_suppression,0.05,0.05,2.25,399,1532,0.260443864229765,0.4663752310174463
false_negative_suppression_js_0.05,false_negative_suppression,0.05,0.05,2.3000000000000003,404,1532,0.26370757180156656,0.471520308886286
false_negative_suppression_js_0.05,false_negative_suppression,0.05,0.05,2.35,408,1532,0.26631853785900783,0.4745453864368823
false_negative_suppression_js_0.05,false_negative_suppression,0.05,0.05,2.4000000000000004,412,1532,0.2689295039164491,0.4766712950107907
false_negative_suppression_js_0.05,false_negative_suppression,0.05,0.05,2.45,415,1532,0.27088772845953,0.4778286629142558
false_negative_suppression_js_0.05,false_negative_suppression,0.05,0.05,2.5,417,1532,0.27219321148825065,0.478404577303723
false_negative_suppression_js_0.05,false_negative_suppression,0.05,0.05,2.5500000000000003,419,1532,0.2734986945169713,0.47886603371413794
false_negative_suppression_js_0.05,false_negative_suppression,0.05,0.05,2.6,420,1532,0.2741514360313316,0.47905815110025707
false_negative_suppression_js_0.05,false_negative_suppression,0.05,0.05,2.6500000000000004,420,1532,0.2741514360313316,0.47905815110025707
false_negative_suppression_js_0.05,false_negative_suppression,0.05,0.05,2.7,420,1532,0.2741514360313316,0.47905815110025707
false_negative_suppression_js_0.05,false_negative_suppression,0.05,0.05,2.75,421,1532,0.2748041775456919,0.4792298280519933
false_negative_suppression_js_0.05,false_negative_suppression,0.05,0.05,2.8000000000000003,421,1532,0.2748041775456919,0.4792298280519933
false_negative_suppression_js_0.05,false_negative_suppression,0.05,0.05,2.85,422,1532,0.2754569190600522,0.47953710593923426
false_negative_suppression_js_0.05,false_negative_suppression,0.05,0.05,2.9000000000000004,425,1532,0.2774151436031332,0.48143991274940157
false_negative_suppression_js_0.05,false_negative_suppression,0.05,0.05,2.95,430,1532,0.28067885117493474,0.4865794333421388
false_negative_suppression_js_0.05,false_negative_suppression,0.05,0.05,3.0,431,1532,0.28133159268929503,0.4881003896133852
false_negative_suppression_js_0.05,false_negative_suppression,0.05,0.05,3.0500000000000003,435,1532,0.2839425587467363,0.4932671505056942
false_negative_suppression_js_0.05,false_negative_suppression,0.05,0.05,3.1,438,1532,0.2859007832898172,0.49845070612794634
false_negative_suppression_js_0.05,false_negative_suppression,0.05,0.05,3.1500000000000004,440,1532,0.28720626631853785,0.501937480999329
false_negative_suppression_js_0.05,false_negative_suppression,0.05,0.05,3.2,443,1532,0.2891644908616188,0.5089519512387636
false_negative_suppression_js_0.05,false_negative_suppression,0.05,0.05,3.25,453,1532,0.29569190600522194,0.538172533938791
false_negative_suppression_js_0.05,false_negative_suppression,0.05,0.05,3.3000000000000003,463,1532,0.30221932114882505,0.5677693923005341
false_negative_suppression_js_0.05,false_negative_suppression,0.05,0.05,3.35,471,1532,0.3074412532637076,0.590951333433742
false_negative_suppression_js_0.05,false_negative_suppression,0.05,0.05,3.4000000000000004,480,1532,0.3133159268929504,0.615175677915451
false_negative_suppression_js_0.05,false_negative_suppression,0.05,0.05,3.45,491,1532,0.32049608355091386,0.640203642621933
false_negative_suppression_js_0.05,false_negative_suppression,0.05,0.05,3.5,499,1532,0.32571801566579633,0.6591266409649243
false_negative_suppression_js_0.05,false_negative_suppression,0.05,0.05,3.5500000000000003,513,1532,0.3348563968668407,0.6834071370332349
false_negative_suppression_js_0.05,false_negative_suppression,0.05,0.05,3.6,527,1532,0.34399477806788514,0.7068912248626968
false_negative_suppression_js_0.05,false_negative_suppression,0.05,0.05,3.6500000000000004,536,1532,0.34986945169712796,0.7209818843849755
false_negative_suppression_js_0.05,false_negative_suppression,0.05,0.05,3.7,542,1532,0.3537859007832898,0.7304210285923619
false_negative_suppression_js_0.05,false_negative_suppression,0.05,0.05,3.75,546,1532,0.3563968668407311,0.7350249302995382
false_negative_suppression_js_0.05,false_negative_suppression,0.05,0.05,3.8000000000000003,547,1532,0.35704960835509136,0.7360532308121069
false_negative_suppression_js_0.05,false_negative_suppression,0.05,0.05,3.85,549,1532,0.358355091383812,0.7369724684821993
false_negative_suppression_js_0.05,false_negative_suppression,0.05,0.05,3.9000000000000004,550,1532,0.35900783289817234,0.737360533524479
false_negative_suppression_js_0.05,false_negative_suppression,0.05,0.05,3.95,551,1532,0.35966057441253263,0.7376265968571433
false_negative_suppression_js_0.05,false_negative_suppression,0.05,0.05,4.0,555,1532,0.3622715404699739,0.739370802294388
false_negative_suppression_js_0.05,false_negative_suppression,0.05,0.05,4.05,555,1532,0.3622715404699739,0.739370802294388
false_negative_suppression_js_0.05,false_negative_suppression,0.05,0.05,4.1000000000000005,555,1532,0.3622715404699739,0.739370802294388
false_negative_suppression_js_0.05,false_negative_suppression,0.05,0.05,4.15,556,1532,0.3629242819843342,0.7396283306788601
false_negative_suppression_js_0.05,false_negative_suppression,0.05,0.05,4.2,557,1532,0.36357702349869453,0.7399991626201924
false_negative_suppression_js_0.05,false_negative_suppression,0.05,0.05,4.25,558,1532,0.3642297650130548,0.7402949671537665
false_negative_suppression_js_0.05,false_negative_suppression,0.05,0.05,4.3,559,1532,0.36488250652741516,0.7408622578314741
false_negative_suppression_js_0.05,false_negative_suppression,0.05,0.05,4.3500000000000005,559,1532,0.36488250652741516,0.7408622578314741
false_negative_suppression_js_0.05,false_negative_suppression,0.05,0.05,4.4,560,1532,0.36553524804177545,0.7412994178611705
false_negative_suppression_js_0.05,false_negative_suppression,0.05,0.05,4.45,561,1532,0.3661879895561358,0.7416393819234429
false_negative_suppression_js_0.05,false_negative_suppression,0.05,0.05,4.5,561,1532,0.3661879895561358,0.7416393819234429
false_negative_suppression_js_0.05,false_negative_suppression,0.05,0.05,4.55,561,1532,0.3661879895561358,0.7416393819234429
false_negative_suppression_js_0.05,false_negative_suppression,0.05,0.05,4.6000000000000005,562,1532,0.3668407310704961,0.7420274469657225
false_negative_suppression_js_0.05,false_negative_suppression,0.05,0.05,4.65,563,1532,0.3674934725848564,0.742536855186158
false_negative_suppression_js_0.05,false_negative_suppression,0.05,0.05,4.7,563,1532,0.3674934725848564,0.742536855186158
false_negative_suppression_js_0.05,false_negative_suppression,0.05,0.05,4.75,564,1532,0.3681462140992167,0.743208723504719
false_negative_suppression_js_0.05,false_negative_suppression,0.05,0.05,4.800000000000001,565,1532,0.368798955613577,0.7436458835344155
false_negative_suppression_js_0.05,false_negative_suppression,0.05,0.05,4.8500000000000005,566,1532,0.36945169712793735,0.7442290329554393
false_negative_suppression_js_0.05,false_negative_suppression,0.05,0.05,4.9,567,1532,0.37010443864229764,0.7447125568723929
false_negative_suppression_js_0.05,false_negative_suppression,0.05,0.05,4.95,567,1532,0.37010443864229764,0.7447125568723929
false_negative_suppression_js_0.05,false_negative_suppression,0.05,0.05,5.0,571,1532,0.3727154046997389,0.7475464467135492
false_negative_suppression_js_0.05,false_negative_suppression,0.05,0.05,5.050000000000001,571,1532,0.3727154046997389,0.7475464467135492
false_negative_suppression_js_0.05,false_negative_suppression,0.05,0.05,5.1000000000000005,572,1532,0.3733681462140992,0.7480984544274935
false_negative_suppression_js_0.05,false_negative_suppression,0.05,0.05,5.15,574,1532,0.37467362924281983,0.7493779566588182
false_negative_suppression_js_0.05,false_negative_suppression,0.05,0.05,5.2,577,1532,0.3766318537859008,0.7515803072562623
false_negative_suppression_js_0.05,false_negative_suppression,0.05,0.05,5.25,580,1532,0.3785900783289817,0.7538763436372997
false_negative_suppression_js_0.05,false_negative_suppression,0.05,0.05,5.300000000000001,585,1532,0.3818537859007833,0.7579902898669266
false_negative_suppression_js_0.05,false_negative_suppression,0.05,0.05,5.3500000000000005,588,1532,0.3838120104438642,0.7604168175174624
false_negative_suppression_js_0.05,false_negative_suppression,0.05,0.05,5.4,592,1532,0.38642297650130547,0.7646409775187248
false_negative_suppression_js_0.05,false_negative_suppression,0.05,0.05,5.45,596,1532,0.38903394255874674,0.7696088355716029
false_negative_suppression_js_0.05,false_negative_suppression,0.05,0.05,5.5,600,1532,0.391644908616188,0.7748661958483303
false_negative_suppression_js_0.05,false_negative_suppression,0.05,0.05,5.550000000000001,604,1532,0.39425587467362927,0.7817320140148027
false_negative_suppression_js_0.05,false_negative_suppression,0.05,0.05,5.6000000000000005,607,1532,0.3962140992167102,0.7870768759100291
false_negative_suppression_js_0.05,false_negative_suppression,0.05,0.05,5.65,608,1532,0.3968668407310705,0.7885978321812754
false_negative_suppression_js_0.05,false_negative_suppression,0.05,0.05,5.7,608,1532,0.3968668407310705,0.7885978321812754
false_negative_suppression_js_0.05,false_negative_suppression,0.05,0.05,5.75,609,1532,0.3975195822454308,0.789929769685201
false_negative_suppression_js_0.05,false_negative_suppression,0.05,0.05,5.800000000000001,609,1532,0.3975195822454308,0.789929769685201
false_negative_suppression_js_0.05,false_negative_suppression,0.05,0.05,5.8500000000000005,609,1532,0.3975195822454308,0.789929769685201
false_negative_suppression_js_0.05,false_negative_suppression,0.05,0.05,5.9,609,1532,0.3975195822454308,0.789929769685201
false_negative_suppression_js_0.05,false_negative_suppression,0.05,0.05,5.95,609,1532,0.3975195822454308,0.789929769685201
false_negative_suppression_js_0.05,false_negative_suppression,0.05,0.05,6.0,609,1532,0.3975195822454308,0.789929769685201
false_negative_suppression_js_0.05,false_negative_suppression,0.05,0.05,6.050000000000001,609,1532,0.3975195822454308,0.789929769685201
false_negative_suppression_js_0.05,false_negative_suppression,0.05,0.05,6.1000000000000005,609,1532,0.3975195822454308,0.789929769685201
false_negative_suppression_js_0.05,false_negative_suppression,0.05,0.05,6.15,609,1532,0.3975195822454308,0.789929769685201
false_negative_suppression_js_0.05,false_negative_suppression,0.05,0.05,6.2,609,1532,0.3975195822454308,0.789929769685201
false_negative_suppression_js_0.05,false_negative_suppression,0.05,0.05,6.25,609,1532,0.3975195822454308,0.789929769685201
false_negative_suppression_js_0.05,false_negative_suppression,0.05,0.05,6.300000000000001,609,1532,0.3975195822454308,0.789929769685201
false_negative_suppression_js_0.05,false_negative_suppression,0.05,0.05,6.3500000000000005,609,1532,0.3975195822454308,0.789929769685201
false_negative_suppression_js_0.05,false_negative_suppression,0.05,0.05,6.4,609,1532,0.3975195822454308,0.789929769685201
false_negative_suppression_js_0.05,false_negative_suppression,0.05,0.05,6.45,609,1532,0.3975195822454308,0.789929769685201
false_negative_suppression_js_0.05,false_negative_suppression,0.05,0.05,6.5,609,1532,0.3975195822454308,0.789929769685201
false_negative_suppression_js_0.05,false_negative_suppression,0.05,0.05,6.550000000000001,609,1532,0.3975195822454308,0.789929769685201
false_negative_suppression_js_0.05,false_negative_suppression,0.05,0.05,6.6000000000000005,609,1532,0.3975195822454308,0.789929769685201
false_negative_suppression_js_0.05,false_negative_suppression,0.05,0.05,6.65,609,1532,0.3975195822454308,0.789929769685201
false_negative_suppression_js_0.05,false_negative_suppression,0.05,0.05,6.7,609,1532,0.3975195822454308,0.789929769685201
false_negative_suppression_js_0.05,false_negative_suppression,0.05,0.05,6.75,609,1532,0.3975195822454308,0.789929769685201
false_negative_suppression_js_0.05,false_negative_suppression,0.05,0.05,6.800000000000001,609,1532,0.3975195822454308,0.789929769685201
false_negative_suppression_js_0.05,false_negative_suppression,0.05,0.05,6.8500000000000005,609,1532,0.3975195822454308,0.789929769685201
false_negative_suppression_js_0.05,false_negative_suppression,0.05,0.05,6.9,609,1532,0.3975195822454308,0.789929769685201
false_negative_suppression_js_0.05,false_negative_suppression,0.05,0.05,6.95,609,1532,0.3975195822454308,0.789929769685201
false_negative_suppression_js_0.05,false_negative_suppression,0.05,0.05,7.0,609,1532,0.3975195822454308,0.789929769685201
false_negative_suppression_js_0.05,false_negative_suppression,0.05,0.05,7.050000000000001,609,1532,0.3975195822454308,0.789929769685201
false_negative_suppression_js_0.05,false_negative_suppression,0.05,0.05,7.1000000000000005,609,1532,0.3975195822454308,0.789929769685201
false_negative_suppression_js_0.05,false_negative_suppression,0.05,0.05,7.15,609,1532,0.3975195822454308,0.789929769685201
false_negative_suppression_js_0.05,false_negative_suppression,0.05,0.05,7.2,609,1532,0.3975195822454308,0.789929769685201
false_negative_suppression_js_0.05,false_negative_suppression,0.05,0.05,7.25,609,1532,0.3975195822454308,0.789929769685201
false_negative_suppression_js_0.05,false_negative_suppression,0.05,0.05,7.300000000000001,609,1532,0.3975195822454308,0.789929769685201
false_negative_suppression_js_0.05,false_negative_suppression,0.05,0.05,7.3500000000000005,609,1532,0.3975195822454308,0.789929769685201
false_negative_suppression_js_0.05,false_negative_suppression,0.05,0.05,7.4,609,1532,0.3975195822454308,0.789929769685201
false_negative_suppression_js_0.05,false_negative_suppression,0.05,0.05,7.45,609,1532,0.3975195822454308,0.789929769685201
false_negative_suppression_js_0.05,false_negative_suppression,0.05,0.05,7.5,609,1532,0.3975195822454308,0.789929769685201
false_negative_suppression_js_0.05,false_negative_suppression,0.05,0.05,7.550000000000001,609,1532,0.3975195822454308,0.789929769685201
false_negative_suppression_js_0.05,false_negative_suppression,0.05,0.05,7.6000000000000005,609,1532,0.3975195822454308,0.789929769685201
false_negative_suppression_js_0.05,false_negative_suppression,0.05,0.05,7.65,609,1532,0.3975195822454308,0.789929769685201
false_negative_suppression_js_0.05,false_negative_suppression,0.05,0.05,7.7,609,1532,0.3975195822454308,0.789929769685201
false_negative_suppression_js_0.05,false_negative_suppression,0.05,0.05,7.75,609,1532,0.3975195822454308,0.789929769685201
false_negative_suppression_js_0.05,false_negative_suppression,0.05,0.05,7.800000000000001,609,1532,0.3975195822454308,0.789929769685201
false_negative_suppression_js_0.05,false_negative_suppression,0.05,0.05,7.8500000000000005,609,1532,0.3975195822454308,0.789929769685201
false_negative_suppression_js_0.05,false_negative_suppression,0.05,0.05,7.9,609,1532,0.3975195822454308,0.789929769685201
false_negative_suppression_js_0.05,false_negative_suppression,0.05,0.05,7.95,609,1532,0.3975195822454308,0.789929769685201
false_negative_suppression_js_0.05,false_negative_suppression,0.05,0.05,8.0,609,1532,0.3975195822454308,0.789929769685201
false_negative_suppression_js_0.05,false_negative_suppression,0.05,0.05,8.05,609,1532,0.3975195822454308,0.789929769685201
false_negative_suppression_js_0.05,false_negative_suppression,0.05,0.05,8.1,609,1532,0.3975195822454308,0.789929769685201
false_negative_suppression_js_0.05,false_negative_suppression,0.05,0.05,8.15,609,1532,0.3975195822454308,0.789929769685201
false_negative_suppression_js_0.05,false_negative_suppression,0.05,0.05,8.200000000000001,609,1532,0.3975195822454308,0.789929769685201
false_negative_suppression_js_0.05,false_negative_suppression,0.05,0.05,8.25,609,1532,0.3975195822454308,0.789929769685201
false_negative_suppression_js_0.05,false_negative_suppression,0.05,0.05,8.3,609,1532,0.3975195822454308,0.789929769685201
false_negative_suppression_js_0.05,false_negative_suppression,0.05,0.05,8.35,609,1532,0.3975195822454308,0.789929769685201
false_negative_suppression_js_0.05,false_negative_suppression,0.05,0.05,8.4,609,1532,0.3975195822454308,0.789929769685201
false_negative_suppression_js_0.05,false_negative_suppression,0.05,0.05,8.450000000000001,609,1532,0.3975195822454308,0.789929769685201
false_negative_suppression_js_0.05,false_negative_suppression,0.05,0.05,8.5,609,1532,0.3975195822454308,0.789929769685201
false_negative_suppression_js_0.05,false_negative_suppression,0.05,0.05,8.55,609,1532,0.3975195822454308,0.789929769685201
false_negative_suppression_js_0.05,false_negative_suppression,0.05,0.05,8.6,609,1532,0.3975195822454308,0.789929769685201
false_negative_suppression_js_0.05,false_negative_suppression,0.05,0.05,8.65,609,1532,0.3975195822454308,0.789929769685201
false_negative_suppression_js_0.05,false_negative_suppression,0.05,0.05,8.700000000000001,609,1532,0.3975195822454308,0.789929769685201
false_negative_suppression_js_0.05,false_negative_suppression,0.05,0.05,8.75,609,1532,0.3975195822454308,0.789929769685201
false_negative_suppression_js_0.05,false_negative_suppression,0.05,0.05,8.8,609,1532,0.3975195822454308,0.789929769685201
false_negative_suppression_js_0.05,false_negative_suppression,0.05,0.05,8.85,609,1532,0.3975195822454308,0.789929769685201
false_negative_suppression_js_0.05,false_negative_suppression,0.05,0.05,8.9,609,1532,0.3975195822454308,0.789929769685201
false_negative_suppression_js_0.05,false_negative_suppression,0.05,0.05,8.950000000000001,609,1532,0.3975195822454308,0.789929769685201
false_negative_suppression_js_0.05,false_negative_suppression,0.05,0.05,9.0,609,1532,0.3975195822454308,0.789929769685201
false_negative_suppression_js_0.05,false_negative_suppression,0.05,0.05,9.05,609,1532,0.3975195822454308,0.789929769685201
false_negative_suppression_js_0.05,false_negative_suppression,0.05,0.05,9.1,609,1532,0.3975195822454308,0.789929769685201
false_negative_suppression_js_0.05,false_negative_suppression,0.05,0.05,9.15,609,1532,0.3975195822454308,0.789929769685201
false_negative_suppression_js_0.05,false_negative_suppression,0.05,0.05,9.200000000000001,609,1532,0.3975195822454308,0.789929769685201
false_negative_suppression_js_0.05,false_negative_suppression,0.05,0.05,9.25,609,1532,0.3975195822454308,0.789929769685201
false_negative_suppression_js_0.05,false_negative_suppression,0.05,0.05,9.3,609,1532,0.3975195822454308,0.789929769685201
false_negative_suppression_js_0.05,false_negative_suppression,0.05,0.05,9.35,609,1532,0.3975195822454308,0.789929769685201
false_negative_suppression_js_0.05,false_negative_suppression,0.05,0.05,9.4,609,1532,0.3975195822454308,0.789929769685201
false_negative_suppression_js_0.05,false_negative_suppression,0.05,0.05,9.450000000000001,609,1532,0.3975195822454308,0.789929769685201
false_negative_suppression_js_0.05,false_negative_suppression,0.05,0.05,9.5,609,1532,0.3975195822454308,0.789929769685201
false_negative_suppression_js_0.05,false_negative_suppression,0.05,0.05,9.55,609,1532,0.3975195822454308,0.789929769685201
false_negative_suppression_js_0.05,false_negative_suppression,0.05,0.05,9.600000000000001,609,1532,0.3975195822454308,0.789929769685201
false_negative_suppression_js_0.05,false_negative_suppression,0.05,0.05,9.65,609,1532,0.3975195822454308,0.789929769685201
false_negative_suppression_js_0.05,false_negative_suppression,0.05,0.05,9.700000000000001,609,1532,0.3975195822454308,0.789929769685201
false_negative_suppression_js_0.05,false_negative_suppression,0.05,0.05,9.75,609,1532,0.3975195822454308,0.789929769685201
false_negative_suppression_js_0.05,false_negative_suppression,0.05,0.05,9.8,609,1532,0.3975195822454308,0.789929769685201
false_negative_suppression_js_0.05,false_negative_suppression,0.05,0.05,9.850000000000001,609,1532,0.3975195822454308,0.789929769685201
false_negative_suppression_js_0.05,false_negative_suppression,0.05,0.05,9.9,609,1532,0.3975195822454308,0.789929769685201
false_negative_suppression_js_0.05,false_negative_suppression,0.05,0.05,9.950000000000001,609,1532,0.3975195822454308,0.789929769685201
false_negative_suppression_js_0.05,false_negative_suppression,0.05,0.05,10.0,609,1532,0.3975195822454308,0.789929769685201
false_negative_suppression_js_0.05,false_negative_suppression,0.05,0.05,10.05,609,1532,0.3975195822454308,0.789929769685201
false_negative_suppression_js_0.05,false_negative_suppression,0.05,0.05,10.100000000000001,609,1532,0.3975195822454308,0.789929769685201
false_negative_suppression_js_0.05,false_negative_suppression,0.05,0.05,10.15,609,1532,0.3975195822454308,0.789929769685201
false_negative_suppression_js_0.05,false_negative_suppression,0.05,0.05,10.200000000000001,609,1532,0.3975195822454308,0.789929769685201
false_negative_suppression_js_0.05,false_negative_suppression,0.05,0.05,10.25,609,1532,0.3975195822454308,0.789929769685201
false_negative_suppression_js_0.05,false_negative_suppression,0.05,0.05,10.3,609,1532,0.3975195822454308,0.789929769685201
false_negative_suppression_js_0.05,false_negative_suppression,0.05,0.05,10.350000000000001,609,1532,0.3975195822454308,0.789929769685201
false_negative_suppression_js_0.05,false_negative_suppression,0.05,0.05,10.4,609,1532,0.3975195822454308,0.789929769685201
false_negative_suppression_js_0.05,false_negative_suppression,0.05,0.05,10.450000000000001,609,1532,0.3975195822454308,0.789929769685201
false_negative_suppression_js_0.05,false_negative_suppression,0.05,0.05,10.5,609,1532,0.3975195822454308,0.789929769685201
false_negative_suppression_js_0.05,false_negative_suppression,0.05,0.05,10.55,609,1532,0.3975195822454308,0.789929769685201
false_negative_suppression_js_0.05,false_negative_suppression,0.05,0.05,10.600000000000001,609,1532,0.3975195822454308,0.789929769685201
false_negative_suppression_js_0.05,false_negative_suppression,0.05,0.05,10.65,609,1532,0.3975195822454308,0.789929769685201
false_negative_suppression_js_0.05,false_negative_suppression,0.05,0.05,10.700000000000001,609,1532,0.3975195822454308,0.789929769685201
false_negative_suppression_js_0.05,false_negative_suppression,0.05,0.05,10.75,609,1532,0.3975195822454308,0.789929769685201
false_negative_suppression_js_0.05,false_negative_suppression,0.05,0.05,10.8,609,1532,0.3975195822454308,0.789929769685201
false_negative_suppression_js_0.05,false_negative_suppression,0.05,0.05,10.850000000000001,609,1532,0.3975195822454308,0.789929769685201
false_negative_suppression_js_0.05,false_negative_suppression,0.05,0.05,10.9,609,1532,0.3975195822454308,0.789929769685201
false_negative_suppression_js_0.05,false_negative_suppression,0.05,0.05,10.950000000000001,609,1532,0.3975195822454308,0.789929769685201
false_negative_suppression_js_0.05,false_negative_suppression,0.05,0.05,11.0,609,1532,0.3975195822454308,0.789929769685201
false_negative_suppression_js_0.05,false_negative_suppression,0.05,0.05,11.05,609,1532,0.3975195822454308,0.789929769685201
false_negative_suppression_js_0.05,false_negative_suppression,0.05,0.05,11.100000000000001,609,1532,0.3975195822454308,0.789929769685201
false_negative_suppression_js_0.05,false_negative_suppression,0.05,0.05,11.15,609,1532,0.3975195822454308,0.789929769685201
false_negative_suppression_js_0.05,false_negative_suppression,0.05,0.05,11.200000000000001,609,1532,0.3975195822454308,0.789929769685201
false_negative_suppression_js_0.05,false_negative_suppression,0.05,0.05,11.25,609,1532,0.3975195822454308,0.789929769685201
false_negative_suppression_js_0.05,false_negative_suppression,0.05,0.05,11.3,609,1532,0.3975195822454308,0.789929769685201
false_negative_suppression_js_0.05,false_negative_suppression,0.05,0.05,11.350000000000001,609,1532,0.3975195822454308,0.789929769685201
false_negative_suppression_js_0.05,false_negative_suppression,0.05,0.05,11.4,609,1532,0.3975195822454308,0.789929769685201
false_negative_suppression_js_0.05,false_negative_suppression,0.05,0.05,11.450000000000001,609,1532,0.3975195822454308,0.789929769685201
false_negative_suppression_js_0.05,false_negative_suppression,0.05,0.05,11.5,609,1532,0.3975195822454308,0.789929769685201
false_negative_suppression_js_0.05,false_negative_suppression,0.05,0.05,11.55,609,1532,0.3975195822454308,0.789929769685201
false_negative_suppression_js_0.05,false_negative_suppression,0.05,0.05,11.600000000000001,609,1532,0.3975195822454308,0.789929769685201
false_negative_suppression_js_0.05,false_negative_suppression,0.05,0.05,11.65,609,1532,0.3975195822454308,0.789929769685201
false_negative_suppression_js_0.05,false_negative_suppression,0.05,0.05,11.700000000000001,609,1532,0.3975195822454308,0.789929769685201
false_negative_suppression_js_0.05,false_negative_suppression,0.05,0.05,11.75,609,1532,0.3975195822454308,0.789929769685201
false_negative_suppression_js_0.05,false_negative_suppression,0.05,0.05,11.8,609,1532,0.3975195822454308,0.789929769685201
false_negative_suppression_js_0.05,false_negative_suppression,0.05,0.05,11.850000000000001,609,1532,0.3975195822454308,0.789929769685201
false_negative_suppression_js_0.05,false_negative_suppression,0.05,0.05,11.9,609,1532,0.3975195822454308,0.789929769685201
false_negative_suppression_js_0.05,false_negative_suppression,0.05,0.05,11.950000000000001,609,1532,0.3975195822454308,0.789929769685201
false_negative_suppression_js_0.05,false_negative_suppression,0.05,0.05,12.0,609,1532,0.3975195822454308,0.789929769685201
false_negative_suppression_js_0.05,false_negative_suppression,0.05,0.05,12.05,609,1532,0.3975195822454308,0.789929769685201
false_negative_suppression_js_0.05,false_negative_suppression,0.05,0.05,12.100000000000001,609,1532,0.3975195822454308,0.789929769685201
false_negative_suppression_js_0.05,false_negative_suppression,0.05,0.05,12.15,609,1532,0.3975195822454308,0.789929769685201
false_negative_suppression_js_0.05,false_negative_suppression,0.05,0.05,12.200000000000001,609,1532,0.3975195822454308,0.789929769685201
false_negative_suppression_js_0.05,false_negative_suppression,0.05,0.05,12.25,609,1532,0.3975195822454308,0.789929769685201
false_negative_suppression_js_0.05,false_negative_suppression,0.05,0.05,12.3,609,1532,0.3975195822454308,0.789929769685201
false_negative_suppression_js_0.05,false_negative_suppression,0.05,0.05,12.350000000000001,609,1532,0.3975195822454308,0.789929769685201
false_negative_suppression_js_0.05,false_negative_suppression,0.05,0.05,12.4,609,1532,0.3975195822454308,0.789929769685201
false_negative_suppression_js_0.05,false_negative_suppression,0.05,0.05,12.450000000000001,609,1532,0.3975195822454308,0.789929769685201
false_negative_suppression_js_0.05,false_negative_suppression,0.05,0.05,12.5,609,1532,0.3975195822454308,0.789929769685201
false_negative_suppression_js_0.05,false_negative_suppression,0.05,0.05,12.55,609,1532,0.3975195822454308,0.789929769685201
false_negative_suppression_js_0.05,false_negative_suppression,0.05,0.05,12.600000000000001,609,1532,0.3975195822454308,0.789929769685201
false_negative_suppression_js_0.05,false_negative_suppression,0.05,0.05,12.65,609,1532,0.3975195822454308,0.789929769685201
false_negative_suppression_js_0.05,false_negative_suppression,0.05,0.05,12.700000000000001,609,1532,0.3975195822454308,0.789929769685201
false_negative_suppression_js_0.05,false_negative_suppression,0.05,0.05,12.75,609,1532,0.3975195822454308,0.789929769685201
false_negative_suppression_js_0.05,false_negative_suppression,0.05,0.05,12.8,609,1532,0.3975195822454308,0.789929769685201
false_negative_suppression_js_0.05,false_negative_suppression,0.05,0.05,12.850000000000001,609,1532,0.3975195822454308,0.789929769685201
false_negative_suppression_js_0.05,false_negative_suppression,0.05,0.05,12.9,609,1532,0.3975195822454308,0.789929769685201
false_negative_suppression_js_0.05,false_negative_suppression,0.05,0.05,12.950000000000001,609,1532,0.3975195822454308,0.789929769685201
false_negative_suppression_js_0.05,false_negative_suppression,0.05,0.05,13.0,609,1532,0.3975195822454308,0.789929769685201
false_negative_suppression_js_0.05,false_negative_suppression,0.05,0.05,13.05,609,1532,0.3975195822454308,0.789929769685201
false_negative_suppression_js_0.05,false_negative_suppression,0.05,0.05,13.100000000000001,609,1532,0.3975195822454308,0.789929769685201
false_negative_suppression_js_0.05,false_negative_suppression,0.05,0.05,13.15,609,1532,0.3975195822454308,0.789929769685201
false_negative_suppression_js_0.05,false_negative_suppression,0.05,0.05,13.200000000000001,609,1532,0.3975195822454308,0.789929769685201
false_negative_suppression_js_0.05,false_negative_suppression,0.05,0.05,13.25,609,1532,0.3975195822454308,0.789929769685201
false_negative_suppression_js_0.05,false_negative_suppression,0.05,0.05,13.3,609,1532,0.3975195822454308,0.789929769685201
false_negative_suppression_js_0.05,false_negative_suppression,0.05,0.05,13.350000000000001,609,1532,0.3975195822454308,0.789929769685201
false_negative_suppression_js_0.05,false_negative_suppression,0.05,0.05,13.4,609,1532,0.3975195822454308,0.789929769685201
false_negative_suppression_js_0.05,false_negative_suppression,0.05,0.05,13.450000000000001,609,1532,0.3975195822454308,0.789929769685201
false_negative_suppression_js_0.05,false_negative_suppression,0.05,0.05,13.5,609,1532,0.3975195822454308,0.789929769685201
false_negative_suppression_js_0.05,false_negative_suppression,0.05,0.05,13.55,609,1532,0.3975195822454308,0.789929769685201
false_negative_suppression_js_0.05,false_negative_suppression,0.05,0.05,13.600000000000001,609,1532,0.3975195822454308,0.789929769685201
false_negative_suppression_js_0.05,false_negative_suppression,0.05,0.05,13.65,609,1532,0.3975195822454308,0.789929769685201
false_negative_suppression_js_0.05,false_negative_suppression,0.05,0.05,13.700000000000001,609,1532,0.3975195822454308,0.789929769685201
false_negative_suppression_js_0.05,false_negative_suppression,0.05,0.05,13.75,609,1532,0.3975195822454308,0.789929769685201
false_negative_suppression_js_0.05,false_negative_suppression,0.05,0.05,13.8,609,1532,0.3975195822454308,0.789929769685201
false_negative_suppression_js_0.05,false_negative_suppression,0.05,0.05,13.850000000000001,609,1532,0.3975195822454308,0.789929769685201
false_negative_suppression_js_0.05,false_negative_suppression,0.05,0.05,13.9,609,1532,0.3975195822454308,0.789929769685201
false_negative_suppression_js_0.05,false_negative_suppression,0.05,0.05,13.950000000000001,609,1532,0.3975195822454308,0.789929769685201
false_negative_suppression_js_0.05,false_negative_suppression,0.05,0.05,14.0,609,1532,0.3975195822454308,0.789929769685201
false_negative_suppression_js_0.05,false_negative_suppression,0.05,0.05,14.05,609,1532,0.3975195822454308,0.789929769685201
false_negative_suppression_js_0.05,false_negative_suppression,0.05,0.05,14.100000000000001,609,1532,0.3975195822454308,0.789929769685201
false_negative_suppression_js_0.05,false_negative_suppression,0.05,0.05,14.15,609,1532,0.3975195822454308,0.789929769685201
false_negative_suppression_js_0.05,false_negative_suppression,0.05,0.05,14.200000000000001,609,1532,0.3975195822454308,0.789929769685201
false_negative_suppression_js_0.05,false_negative_suppression,0.05,0.05,14.25,609,1532,0.3975195822454308,0.789929769685201
false_negative_suppression_js_0.05,false_negative_suppression,0.05,0.05,14.3,609,1532,0.3975195822454308,0.789929769685201
false_negative_suppression_js_0.05,false_negative_suppression,0.05,0.05,14.350000000000001,609,1532,0.3975195822454308,0.789929769685201
false_negative_suppression_js_0.05,false_negative_suppression,0.05,0.05,14.4,609,1532,0.3975195822454308,0.789929769685201
false_negative_suppression_js_0.05,false_negative_suppression,0.05,0.05,14.450000000000001,609,1532,0.3975195822454308,0.789929769685201
false_negative_suppression_js_0.05,false_negative_suppression,0.05,0.05,14.5,609,1532,0.3975195822454308,0.789929769685201
false_negative_suppression_js_0.05,false_negative_suppression,0.05,0.05,14.55,609,1532,0.3975195822454308,0.789929769685201
false_negative_suppression_js_0.05,false_negative_suppression,0.05,0.05,14.600000000000001,609,1532,0.3975195822454308,0.789929769685201
false_negative_suppression_js_0.05,false_negative_suppression,0.05,0.05,14.65,609,1532,0.3975195822454308,0.789929769685201
false_negative_suppression_js_0.05,false_negative_suppression,0.05,0.05,14.700000000000001,609,1532,0.3975195822454308,0.789929769685201
false_negative_suppression_js_0.05,false_negative_suppression,0.05,0.05,14.75,609,1532,0.3975195822454308,0.789929769685201
false_negative_suppression_js_0.05,false_negative_suppression,0.05,0.05,14.8,609,1532,0.3975195822454308,0.789929769685201
false_negative_suppression_js_0.05,false_negative_suppression,0.05,0.05,14.850000000000001,609,1532,0.3975195822454308,0.789929769685201
false_negative_suppression_js_0.05,false_negative_suppression,0.05,0.05,14.9,609,1532,0.3975195822454308,0.789929769685201
false_negative_suppression_js_0.05,false_negative_suppression,0.05,0.05,14.950000000000001,609,1532,0.3975195822454308,0.789929769685201
false_negative_suppression_js_0.05,false_negative_suppression,0.05,0.05,15.0,609,1532,0.3975195822454308,0.789929769685201
false_negative_suppression_js_0.1,false_negative_suppression,0.1,0.05,0.0,76,1532,0.04960835509138381,0.011122795102453328
false_negative_suppression_js_0.1,false_negative_suppression,0.1,0.05,0.05,77,1532,0.05026109660574413,0.011269173933804206
false_negative_suppression_js_0.1,false_negative_suppression,0.1,0.05,0.1,81,1532,0.05287206266318538,0.011854599566472253
false_negative_suppression_js_0.1,false_negative_suppression,0.1,0.05,0.15000000000000002,88,1532,0.057441253263707574,0.012879126845692918
false_negative_suppression_js_0.1,false_negative_suppression,0.1,0.05,0.2,91,1532,0.05939947780678851,0.013318270039736879
false_negative_suppression_js_0.1,false_negative_suppression,0.1,0.05,0.25,104,1532,0.06788511749347259,0.015221089830806216
false_negative_suppression_js_0.1,false_negative_suppression,0.1,0.05,0.30000000000000004,112,1532,0.0731070496083551,0.016392417501619426
false_negative_suppression_js_0.1,false_negative_suppression,0.1,0.05,0.35000000000000003,126,1532,0.08224543080939947,0.01844265320583612
false_negative_suppression_js_0.1,false_negative_suppression,0.1,0.05,0.4,139,1532,0.09073107049608355,0.020349499012271694
false_negative_suppression_js_0.1,false_negative_suppression,0.1,0.05,0.45,151,1532,0.09856396866840732,0.02211289457826417
false_negative_suppression_js_0.1,false_negative_suppression,0.1,0.05,0.5,170,1532,0.11096605744125326,0.024922978054464556
false_negative_suppression_js_0.1,false_negative_suppression,0.1,0.05,0.55,188,1532,0.1227154046997389,0.027635709377157147
false_negative_suppression_js_0.1,false_negative_suppression,0.1,0.05,0.6000000000000001,204,1532,0.13315926892950392,0.0301197399452059
false_negative_suppression_js_0.1,false_negative_suppression,0.1,0.05,0.65,214,1532,0.13968668407310705,0.03170914544568931
false_negative_suppression_js_0.1,false_negative_suppression,0.1,0.05,0.7000000000000001,218,1532,0.1422976501305483,0.03244149752973019
false_negative_suppression_js_0.1,false_negative_suppression,0.1,0.05,0.75,224,1532,0.1462140992167102,0.0335138231350453
false_negative_suppression_js_0.1,false_negative_suppression,0.1,0.05,0.8,224,1532,0.1462140992167102,0.0335138231350453
false_negative_suppression_js_0.1,false_negative_suppression,0.1,0.05,0.8500000000000001,226,1532,0.1475195822454308,0.034226718929788534
false_negative_suppression_js_0.1,false_negative_suppression,0.1,0.05,0.9,229,1532,0.14947780678851175,0.036705494818711
false_negative_suppression_js_0.1,false_negative_suppression,0.1,0.05,0.9500000000000001,236,1532,0.15404699738903394,0.04491780981185727
false_negative_suppression_js_0.1,false_negative_suppression,0.1,0.05,1.0,247,1532,0.1612271540469974,0.05913770036408803
false_negative_suppression_js_0.1,false_negative_suppression,0.1,0.05,1.05,257,1532,0.16775456919060053,0.06980718047329038
false_negative_suppression_js_0.1,false_negative_suppression,0.1,0.05,1.1,267,1532,0.17428198433420367,0.07843418502941502
false_negative_suppression_js_0.1,false_negative_suppression,0.1,0.05,1.1500000000000001,276,1532,0.1801566579634465,0.08907220780943481
false_negative_suppression_js_0.1,false_negative_suppression,0.1,0.05,1.2000000000000002,286,1532,0.1866840731070496,0.0992618412024776
false_negative_suppression_js_0.1,false_negative_suppression,0.1,0.05,1.25,291,1532,0.18994778067885118,0.10436202487223127
false_negative_suppression_js_0.1,false_negative_suppression,0.1,0.05,1.3,297,1532,0.19386422976501305,0.11073748486766181
false_negative_suppression_js_0.1,false_negative_suppression,0.1,0.05,1.35,302,1532,0.19712793733681463,0.11443944750656543
false_negative_suppression_js_0.1,false_negative_suppression,0.1,0.05,1.4000000000000001,306,1532,0.19973890339425587,0.1225970353732721
false_negative_suppression_js_0.1,false_negative_suppression,0.1,0.05,1.4500000000000002,309,1532,0.20169712793733682,0.126796516838689
false_negative_suppression_js_0.1,false_negative_suppression,0.1,0.05,1.5,310,1532,0.20234986945169714,0.13016086263573462
false_negative_suppression_js_0.1,false_negative_suppression,0.1,0.05,1.55,318,1532,0.20757180156657964,0.1477978736006797
false_negative_suppression_js_0.1,false_negative_suppression,0.1,0.05,1.6,321,1532,0.20953002610966057,0.15727933472745087
false_negative_suppression_js_0.1,false_negative_suppression,0.1,0.05,1.6500000000000001,326,1532,0.21279373368146215,0.17433851456176533
false_negative_suppression_js_0.1,false_negative_suppression,0.1,0.05,1.7000000000000002,330,1532,0.2154046997389034,0.1915098545216835
false_negative_suppression_js_0.1,false_negative_suppression,0.1,0.05,1.75,336,1532,0.2193211488250653,0.2106115890121733
false_negative_suppression_js_0.1,false_negative_suppression,0.1,0.05,1.8,341,1532,0.22258485639686684,0.23004094838565303
false_negative_suppression_js_0.1,false_negative_suppression,0.1,0.05,1.85,350,1532,0.22845953002610966,0.2613706946682327
false_negative_suppression_js_0.1,false_negative_suppression,0.1,0.05,1.9000000000000001,354,1532,0.2310704960835509,0.2758197931501364
false_negative_suppression_js_0.1,false_negative_suppression,0.1,0.05,1.9500000000000002,360,1532,0.2349869451697128,0.292535053683338
false_negative_suppression_js_0.1,false_negative_suppression,0.1,0.05,2.0,365,1532,0.23825065274151436,0.3063810343957976
false_negative_suppression_js_0.1,false_negative_suppression,0.1,0.05,2.0500000000000003,371,1532,0.24216710182767623,0.3189445191429135
false_negative_suppression_js_0.1,false_negative_suppression,0.1,0.05,2.1,374,1532,0.24412532637075718,0.3249582500461631
false_negative_suppression_js_0.1,false_negative_suppression,0.1,0.05,2.15,380,1532,0.24804177545691905,0.3334387182993474
false_negative_suppression_js_0.1,false_negative_suppression,0.1,0.05,2.2,385,1532,0.25130548302872063,0.338932099666497
false_negative_suppression_js_0.1,false_negative_suppression,0.1,0.05,2.25,389,1532,0.2539164490861619,0.3419571772170934
false_negative_suppression_js_0.1,false_negative_suppression,0.1,0.05,2.3000000000000003,394,1532,0.25718015665796345,0.3446503764687093
false_negative_suppression_js_0.1,false_negative_suppression,0.1,0.05,2.35,398,1532,0.2597911227154047,0.3462241710573496
false_negative_suppression_js_0.1,false_negative_suppression,0.1,0.05,2.4000000000000004,403,1532,0.2630548302872063,0.3476824210437983
false_negative_suppression_js_0.1,false_negative_suppression,0.1,0.05,2.45,407,1532,0.26566579634464754,0.34860121079251005
false_negative_suppression_js_0.1,false_negative_suppression,0.1,0.05,2.5,410,1532,0.26762402088772846,0.34917663973530216
false_negative_suppression_js_0.1,false_negative_suppression,0.1,0.05,2.5500000000000003,414,1532,0.27023498694516973,0.3498703198582785
false_negative_suppression_js_0.1,false_negative_suppression,0.1,0.05,2.6,416,1532,0.27154046997389036,0.3501946834282551
false_negative_suppression_js_0.1,false_negative_suppression,0.1,0.05,2.6500000000000004,417,1532,0.27219321148825065,0.3503526830881156
false_negative_suppression_js_0.1,false_negative_suppression,0.1,0.05,2.7,417,1532,0.27219321148825065,0.3503526830881156
false_negative_suppression_js_0.1,false_negative_suppression,0.1,0.05,2.75,419,1532,0.2734986945169713,0.3506620080162427
false_negative_suppression_js_0.1,false_negative_suppression,0.1,0.05,2.8000000000000003,419,1532,0.2734986945169713,0.3506620080162427
false_negative_suppression_js_0.1,false_negative_suppression,0.1,0.05,2.85,423,1532,0.27610966057441255,0.3521969412985889
false_negative_suppression_js_0.1,false_negative_suppression,0.1,0.05,2.9000000000000004,428,1532,0.2793733681462141,0.35504865505392524
false_negative_suppression_js_0.1,false_negative_suppression,0.1,0.05,2.95,433,1532,0.28263707571801566,0.3577733935090699
false_negative_suppression_js_0.1,false_negative_suppression,0.1,0.05,3.0,441,1532,0.2878590078328982,0.36215305130487485
false_negative_suppression_js_0.1,false_negative_suppression,0.1,0.05,3.0500000000000003,444,1532,0.2898172323759791,0.36578281478700303
false_negative_suppression_js_0.1,false_negative_suppression,0.1,0.05,3.1,450,1532,0.293733681462141,0.3756974982982997
false_negative_suppression_js_0.1,false_negative_suppression,0.1,0.05,3.1500000000000004,459,1532,0.29960835509138384,0.3967304983989885
false_negative_suppression_js_0.1,false_negative_suppression,0.1,0.05,3.2,469,1532,0.30613577023498695,0.4242001362169868
false_negative_suppression_js_0.1,false_negative_suppression,0.1,0.05,3.25,478,1532,0.31201044386422977,0.44732435407247984
false_negative_suppression_js_0.1,false_negative_suppression,0.1,0.05,3.3000000000000003,488,1532,0.3185378590078329,0.47479963978305584
false_negative_suppression_js_0.1,false_negative_suppression,0.1,0.05,3.35,499,1532,0.32571801566579633,0.5035978375565403
false_negative_suppression_js_0.1,false_negative_suppression,0.1,0.05,3.4000000000000004,510,1532,0.3328981723237598,0.5354792679804118
false_negative_suppression_js_0.1,false_negative_suppression,0.1,0.05,3.45,520,1532,0.3394255874673629,0.5651862167626169
false_negative_suppression_js_0.1,false_negative_suppression,0.1,0.05,3.5,534,1532,0.34856396866840733,0.603362614022307
false_negative_suppression_js_0.1,false_negative_suppression,0.1,0.05,3.5500000000000003,548,1532,0.3577023498694517,0.6423388130362028
false_negative_suppression_js_0.1,false_negative_suppression,0.1,0.05,3.6,563,1532,0.3674934725848564,0.6755688314727929
false_negative_suppression_js_0.1,false_negative_suppression,0.1,0.05,3.6500000000000004,577,1532,0.3766318537859008,0.7016933422331751
false_negative_suppression_js_0.1,false_negative_suppression,0.1,0.05,3.7,593,1532,0.3870757180156658,0.7254328534753436
false_negative_suppression_js_0.1,false_negative_suppression,0.1,0.05,3.75,599,1532,0.39099216710182766,0.735631180808191
false_negative_suppression_js_0.1,false_negative_suppression,0.1,0.05,3.8000000000000003,603,1532,0.3936031331592689,0.7403038814441285
false_negative_suppression_js_0.1,false_negative_suppression,0.1,0.05,3.85,605,1532,0.39490861618798956,0.7427420130722082
false_negative_suppression_js_0.1,false_negative_suppression,0.1,0.05,3.9000000000000004,607,1532,0.3962140992167102,0.7440363769174412
false_negative_suppression_js_0.1,false_negative_suppression,0.1,0.05,3.95,607,1532,0.3962140992167102,0.7440363769174412
false_negative_suppression_js_0.1,false_negative_suppression,0.1,0.05,4.0,610,1532,0.3981723237597911,0.7450470522216607
false_negative_suppression_js_0.1,false_negative_suppression,0.1,0.05,4.05,610,1532,0.3981723237597911,0.7450470522216607
false_negative_suppression_js_0.1,false_negative_suppression,0.1,0.05,4.1000000000000005,611,1532,0.39882506527415146,0.7453045806061328
false_negative_suppression_js_0.1,false_negative_suppression,0.1,0.05,4.15,612,1532,0.39947780678851175,0.745675412547465
false_negative_suppression_js_0.1,false_negative_suppression,0.1,0.05,4.2,612,1532,0.39947780678851175,0.745675412547465
false_negative_suppression_js_0.1,false_negative_suppression,0.1,0.05,4.25,613,1532,0.40013054830287204,0.7459712170810392
false_negative_suppression_js_0.1,false_negative_suppression,0.1,0.05,4.3,614,1532,0.4007832898172324,0.7465385077587467
false_negative_suppression_js_0.1,false_negative_suppression,0.1,0.05,4.3500000000000005,614,1532,0.4007832898172324,0.7465385077587467
false_negative_suppression_js_0.1,false_negative_suppression,0.1,0.05,4.4,615,1532,0.40143603133159267,0.7469756677884433
false_negative_suppression_js_0.1,false_negative_suppression,0.1,0.05,4.45,616,1532,0.402088772845953,0.7473156318507156
false_negative_suppression_js_0.1,false_negative_suppression,0.1,0.05,4.5,616,1532,0.402088772845953,0.7473156318507156
false_negative_suppression_js_0.1,false_negative_suppression,0.1,0.05,4.55,616,1532,0.402088772845953,0.7473156318507156
false_negative_suppression_js_0.1,false_negative_suppression,0.1,0.05,4.6000000000000005,617,1532,0.4027415143603133,0.7477036968929952
false_negative_suppression_js_0.1,false_negative_suppression,0.1,0.05,4.65,618,1532,0.40339425587467365,0.7482131051134306
false_negative_suppression_js_0.1,false_negative_suppression,0.1,0.05,4.7,618,1532,0.40339425587467365,0.7482131051134306
false_negative_suppression_js_0.1,false_negative_suppression,0.1,0.05,4.75,619,1532,0.40404699738903394,0.7488849734319917
false_negative_suppression_js_0.1,false_negative_suppression,0.1,0.05,4.800000000000001,620,1532,0.4046997389033943,0.7493221334616882
false_negative_suppression_js_0.1,false_negative_suppression,0.1,0.05,4.8500000000000005,621,1532,0.40535248041775457,0.749905282882712
false_negative_suppression_js_0.1,false_negative_suppression,0.1,0.05,4.9,622,1532,0.40600522193211486,0.7503888067996657
false_negative_suppression_js_0.1,false_negative_suppression,0.1,0.05,4.95,622,1532,0.40600522193211486,0.7503888067996657
false_negative_suppression_js_0.1,false_negative_suppression,0.1,0.05,5.0,626,1532,0.4086161879895561,0.7532226966408218
false_negative_suppression_js_0.1,false_negative_suppression,0.1,0.05,5.050000000000001,626,1532,0.4086161879895561,0.7532226966408218
false_negative_suppression_js_0.1,false_negative_suppression,0.1,0.05,5.1000000000000005,627,1532,0.40926892950391647,0.753774704354766
false_negative_suppression_js_0.1,false_negative_suppression,0.1,0.05,5.15,629,1532,0.4105744125326371,0.7550542065860908
false_negative_suppression_js_0.1,false_negative_suppression,0.1,0.05,5.2,632,1532,0.412532637075718,0.7572565571835351
false_negative_suppression_js_0.1,false_negative_suppression,0.1,0.05,5.25,635,1532,0.41449086161879894,0.7595525935645725
false_negative_suppression_js_0.1,false_negative_suppression,0.1,0.05,5.300000000000001,640,1532,0.4177545691906005,0.7636665397941993
false_negative_suppression_js_0.1,false_negative_suppression,0.1,0.05,5.3500000000000005,643,1532,0.4197127937336815,0.766093067444735
false_negative_suppression_js_0.1,false_negative_suppression,0.1,0.05,5.4,647,1532,0.4223237597911227,0.7703172274459975
false_negative_suppression_js_0.1,false_negative_suppression,0.1,0.05,5.45,651,1532,0.42493472584856395,0.7752850854988755
false_negative_suppression_js_0.1,false_negative_suppression,0.1,0.05,5.5,655,1532,0.4275456919060052,0.7805424457756029
false_negative_suppression_js_0.1,false_negative_suppression,0.1,0.05,5.550000000000001,655,1532,0.4275456919060052,0.7805424457756029
false_negative_suppression_js_0.1,false_negative_suppression,0.1,0.05,5.6000000000000005,655,1532,0.4275456919060052,0.7805424457756029
false_negative_suppression_js_0.1,false_negative_suppression,0.1,0.05,5.65,655,1532,0.4275456919060052,0.7805424457756029
false_negative_suppression_js_0.1,false_negative_suppression,0.1,0.05,5.7,655,1532,0.4275456919060052,0.7805424457756029
false_negative_suppression_js_0.1,false_negative_suppression,0.1,0.05,5.75,655,1532,0.4275456919060052,0.7805424457756029
false_negative_suppression_js_0.1,false_negative_suppression,0.1,0.05,5.800000000000001,655,1532,0.4275456919060052,0.7805424457756029
false_negative_suppression_js_0.1,false_negative_suppression,0.1,0.05,5.8500000000000005,655,1532,0.4275456919060052,0.7805424457756029
false_negative_suppression_js_0.1,false_negative_suppression,0.1,0.05,5.9,655,1532,0.4275456919060052,0.7805424457756029
false_negative_suppression_js_0.1,false_negative_suppression,0.1,0.05,5.95,655,1532,0.4275456919060052,0.7805424457756029
false_negative_suppression_js_0.1,false_negative_suppression,0.1,0.05,6.0,655,1532,0.4275456919060052,0.7805424457756029
false_negative_suppression_js_0.1,false_negative_suppression,0.1,0.05,6.050000000000001,655,1532,0.4275456919060052,0.7805424457756029
false_negative_suppression_js_0.1,false_negative_suppression,0.1,0.05,6.1000000000000005,655,1532,0.4275456919060052,0.7805424457756029
false_negative_suppression_js_0.1,false_negative_suppression,0.1,0.05,6.15,655,1532,0.4275456919060052,0.7805424457756029
false_negative_suppression_js_0.1,false_negative_suppression,0.1,0.05,6.2,655,1532,0.4275456919060052,0.7805424457756029
false_negative_suppression_js_0.1,false_negative_suppression,0.1,0.05,6.25,655,1532,0.4275456919060052,0.7805424457756029
false_negative_suppression_js_0.1,false_negative_suppression,0.1,0.05,6.300000000000001,655,1532,0.4275456919060052,0.7805424457756029
false_negative_suppression_js_0.1,false_negative_suppression,0.1,0.05,6.3500000000000005,655,1532,0.4275456919060052,0.7805424457756029
false_negative_suppression_js_0.1,false_negative_suppression,0.1,0.05,6.4,655,1532,0.4275456919060052,0.7805424457756029
false_negative_suppression_js_0.1,false_negative_suppression,0.1,0.05,6.45,655,1532,0.4275456919060052,0.7805424457756029
false_negative_suppression_js_0.1,false_negative_suppression,0.1,0.05,6.5,655,1532,0.4275456919060052,0.7805424457756029
false_negative_suppression_js_0.1,false_negative_suppression,0.1,0.05,6.550000000000001,655,1532,0.4275456919060052,0.7805424457756029
false_negative_suppression_js_0.1,false_negative_suppression,0.1,0.05,6.6000000000000005,655,1532,0.4275456919060052,0.7805424457756029
false_negative_suppression_js_0.1,false_negative_suppression,0.1,0.05,6.65,655,1532,0.4275456919060052,0.7805424457756029
false_negative_suppression_js_0.1,false_negative_suppression,0.1,0.05,6.7,655,1532,0.4275456919060052,0.7805424457756029
false_negative_suppression_js_0.1,false_negative_suppression,0.1,0.05,6.75,655,1532,0.4275456919060052,0.7805424457756029
false_negative_suppression_js_0.1,false_negative_suppression,0.1,0.05,6.800000000000001,655,1532,0.4275456919060052,0.7805424457756029
false_negative_suppression_js_0.1,false_negative_suppression,0.1,0.05,6.8500000000000005,655,1532,0.4275456919060052,0.7805424457756029
false_negative_suppression_js_0.1,false_negative_suppression,0.1,0.05,6.9,655,1532,0.4275456919060052,0.7805424457756029
false_negative_suppression_js_0.1,false_negative_suppression,0.1,0.05,6.95,655,1532,0.4275456919060052,0.7805424457756029
false_negative_suppression_js_0.1,false_negative_suppression,0.1,0.05,7.0,655,1532,0.4275456919060052,0.7805424457756029
false_negative_suppression_js_0.1,false_negative_suppression,0.1,0.05,7.050000000000001,655,1532,0.4275456919060052,0.7805424457756029
false_negative_suppression_js_0.1,false_negative_suppression,0.1,0.05,7.1000000000000005,655,1532,0.4275456919060052,0.7805424457756029
false_negative_suppression_js_0.1,false_negative_suppression,0.1,0.05,7.15,655,1532,0.4275456919060052,0.7805424457756029
false_negative_suppression_js_0.1,false_negative_suppression,0.1,0.05,7.2,655,1532,0.4275456919060052,0.7805424457756029
false_negative_suppression_js_0.1,false_negative_suppression,0.1,0.05,7.25,655,1532,0.4275456919060052,0.7805424457756029
false_negative_suppression_js_0.1,false_negative_suppression,0.1,0.05,7.300000000000001,655,1532,0.4275456919060052,0.7805424457756029
false_negative_suppression_js_0.1,false_negative_suppression,0.1,0.05,7.3500000000000005,655,1532,0.4275456919060052,0.7805424457756029
false_negative_suppression_js_0.1,false_negative_suppression,0.1,0.05,7.4,655,1532,0.4275456919060052,0.7805424457756029
false_negative_suppression_js_0.1,false_negative_suppression,0.1,0.05,7.45,655,1532,0.4275456919060052,0.7805424457756029
false_negative_suppression_js_0.1,false_negative_suppression,0.1,0.05,7.5,655,1532,0.4275456919060052,0.7805424457756029
false_negative_suppression_js_0.1,false_negative_suppression,0.1,0.05,7.550000000000001,655,1532,0.4275456919060052,0.7805424457756029
false_negative_suppression_js_0.1,false_negative_suppression,0.1,0.05,7.6000000000000005,655,1532,0.4275456919060052,0.7805424457756029
false_negative_suppression_js_0.1,false_negative_suppression,0.1,0.05,7.65,655,1532,0.4275456919060052,0.7805424457756029
false_negative_suppression_js_0.1,false_negative_suppression,0.1,0.05,7.7,655,1532,0.4275456919060052,0.7805424457756029
false_negative_suppression_js_0.1,false_negative_suppression,0.1,0.05,7.75,655,1532,0.4275456919060052,0.7805424457756029
false_negative_suppression_js_0.1,false_negative_suppression,0.1,0.05,7.800000000000001,655,1532,0.4275456919060052,0.7805424457756029
false_negative_suppression_js_0.1,false_negative_suppression,0.1,0.05,7.8500000000000005,655,1532,0.4275456919060052,0.7805424457756029
false_negative_suppression_js_0.1,false_negative_suppression,0.1,0.05,7.9,655,1532,0.4275456919060052,0.7805424457756029
false_negative_suppression_js_0.1,false_negative_suppression,0.1,0.05,7.95,655,1532,0.4275456919060052,0.7805424457756029
false_negative_suppression_js_0.1,false_negative_suppression,0.1,0.05,8.0,655,1532,0.4275456919060052,0.7805424457756029
false_negative_suppression_js_0.1,false_negative_suppression,0.1,0.05,8.05,655,1532,0.4275456919060052,0.7805424457756029
false_negative_suppression_js_0.1,false_negative_suppression,0.1,0.05,8.1,655,1532,0.4275456919060052,0.7805424457756029
false_negative_suppression_js_0.1,false_negative_suppression,0.1,0.05,8.15,655,1532,0.4275456919060052,0.7805424457756029
false_negative_suppression_js_0.1,false_negative_suppression,0.1,0.05,8.200000000000001,655,1532,0.4275456919060052,0.7805424457756029
false_negative_suppression_js_0.1,false_negative_suppression,0.1,0.05,8.25,655,1532,0.4275456919060052,0.7805424457756029
false_negative_suppression_js_0.1,false_negative_suppression,0.1,0.05,8.3,655,1532,0.4275456919060052,0.7805424457756029
false_negative_suppression_js_0.1,false_negative_suppression,0.1,0.05,8.35,655,1532,0.4275456919060052,0.7805424457756029
false_negative_suppression_js_0.1,false_negative_suppression,0.1,0.05,8.4,655,1532,0.4275456919060052,0.7805424457756029
false_negative_suppression_js_0.1,false_negative_suppression,0.1,0.05,8.450000000000001,655,1532,0.4275456919060052,0.7805424457756029
false_negative_suppression_js_0.1,false_negative_suppression,0.1,0.05,8.5,655,1532,0.4275456919060052,0.7805424457756029
false_negative_suppression_js_0.1,false_negative_suppression,0.1,0.05,8.55,655,1532,0.4275456919060052,0.7805424457756029
false_negative_suppression_js_0.1,false_negative_suppression,0.1,0.05,8.6,655,1532,0.4275456919060052,0.7805424457756029
false_negative_suppression_js_0.1,false_negative_suppression,0.1,0.05,8.65,655,1532,0.4275456919060052,0.7805424457756029
false_negative_suppression_js_0.1,false_negative_suppression,0.1,0.05,8.700000000000001,655,1532,0.4275456919060052,0.7805424457756029
false_negative_suppression_js_0.1,false_negative_suppression,0.1,0.05,8.75,655,1532,0.4275456919060052,0.7805424457756029
false_negative_suppression_js_0.1,false_negative_suppression,0.1,0.05,8.8,655,1532,0.4275456919060052,0.7805424457756029
false_negative_suppression_js_0.1,false_negative_suppression,0.1,0.05,8.85,655,1532,0.4275456919060052,0.7805424457756029
false_negative_suppression_js_0.1,false_negative_suppression,0.1,0.05,8.9,655,1532,0.4275456919060052,0.7805424457756029
false_negative_suppression_js_0.1,false_negative_suppression,0.1,0.05,8.950000000000001,655,1532,0.4275456919060052,0.7805424457756029
false_negative_suppression_js_0.1,false_negative_suppression,0.1,0.05,9.0,655,1532,0.4275456919060052,0.7805424457756029
false_negative_suppression_js_0.1,false_negative_suppression,0.1,0.05,9.05,655,1532,0.4275456919060052,0.7805424457756029
false_negative_suppression_js_0.1,false_negative_suppression,0.1,0.05,9.1,655,1532,0.4275456919060052,0.7805424457756029
false_negative_suppression_js_0.1,false_negative_suppression,0.1,0.05,9.15,655,1532,0.4275456919060052,0.7805424457756029
false_negative_suppression_js_0.1,false_negative_suppression,0.1,0.05,9.200000000000001,655,1532,0.4275456919060052,0.7805424457756029
false_negative_suppression_js_0.1,false_negative_suppression,0.1,0.05,9.25,655,1532,0.4275456919060052,0.7805424457756029
false_negative_suppression_js_0.1,false_negative_suppression,0.1,0.05,9.3,655,1532,0.4275456919060052,0.7805424457756029
false_negative_suppression_js_0.1,false_negative_suppression,0.1,0.05,9.35,655,1532,0.4275456919060052,0.7805424457756029
false_negative_suppression_js_0.1,false_negative_suppression,0.1,0.05,9.4,655,1532,0.4275456919060052,0.7805424457756029
false_negative_suppression_js_0.1,false_negative_suppression,0.1,0.05,9.450000000000001,655,1532,0.4275456919060052,0.7805424457756029
false_negative_suppression_js_0.1,false_negative_suppression,0.1,0.05,9.5,655,1532,0.4275456919060052,0.7805424457756029
false_negative_suppression_js_0.1,false_negative_suppression,0.1,0.05,9.55,655,1532,0.4275456919060052,0.7805424457756029
false_negative_suppression_js_0.1,false_negative_suppression,0.1,0.05,9.600000000000001,655,1532,0.4275456919060052,0.7805424457756029
false_negative_suppression_js_0.1,false_negative_suppression,0.1,0.05,9.65,655,1532,0.4275456919060052,0.7805424457756029
false_negative_suppression_js_0.1,false_negative_suppression,0.1,0.05,9.700000000000001,655,1532,0.4275456919060052,0.7805424457756029
false_negative_suppression_js_0.1,false_negative_suppression,0.1,0.05,9.75,655,1532,0.4275456919060052,0.7805424457756029
false_negative_suppression_js_0.1,false_negative_suppression,0.1,0.05,9.8,655,1532,0.4275456919060052,0.7805424457756029
false_negative_suppression_js_0.1,false_negative_suppression,0.1,0.05,9.850000000000001,655,1532,0.4275456919060052,0.7805424457756029
false_negative_suppression_js_0.1,false_negative_suppression,0.1,0.05,9.9,655,1532,0.4275456919060052,0.7805424457756029
false_negative_suppression_js_0.1,false_negative_suppression,0.1,0.05,9.950000000000001,655,1532,0.4275456919060052,0.7805424457756029
false_negative_suppression_js_0.1,false_negative_suppression,0.1,0.05,10.0,655,1532,0.4275456919060052,0.7805424457756029
false_negative_suppression_js_0.1,false_negative_suppression,0.1,0.05,10.05,655,1532,0.4275456919060052,0.7805424457756029
false_negative_suppression_js_0.1,false_negative_suppression,0.1,0.05,10.100000000000001,655,1532,0.4275456919060052,0.7805424457756029
false_negative_suppression_js_0.1,false_negative_suppression,0.1,0.05,10.15,655,1532,0.4275456919060052,0.7805424457756029
false_negative_suppression_js_0.1,false_negative_suppression,0.1,0.05,10.200000000000001,655,1532,0.4275456919060052,0.7805424457756029
false_negative_suppression_js_0.1,false_negative_suppression,0.1,0.05,10.25,655,1532,0.4275456919060052,0.7805424457756029
false_negative_suppression_js_0.1,false_negative_suppression,0.1,0.05,10.3,655,1532,0.4275456919060052,0.7805424457756029
false_negative_suppression_js_0.1,false_negative_suppression,0.1,0.05,10.350000000000001,655,1532,0.4275456919060052,0.7805424457756029
false_negative_suppression_js_0.1,false_negative_suppression,0.1,0.05,10.4,655,1532,0.4275456919060052,0.7805424457756029
false_negative_suppression_js_0.1,false_negative_suppression,0.1,0.05,10.450000000000001,655,1532,0.4275456919060052,0.7805424457756029
false_negative_suppression_js_0.1,false_negative_suppression,0.1,0.05,10.5,655,1532,0.4275456919060052,0.7805424457756029
false_negative_suppression_js_0.1,false_negative_suppression,0.1,0.05,10.55,655,1532,0.4275456919060052,0.7805424457756029
false_negative_suppression_js_0.1,false_negative_suppression,0.1,0.05,10.600000000000001,655,1532,0.4275456919060052,0.7805424457756029
false_negative_suppression_js_0.1,false_negative_suppression,0.1,0.05,10.65,655,1532,0.4275456919060052,0.7805424457756029
false_negative_suppression_js_0.1,false_negative_suppression,0.1,0.05,10.700000000000001,655,1532,0.4275456919060052,0.7805424457756029
false_negative_suppression_js_0.1,false_negative_suppression,0.1,0.05,10.75,655,1532,0.4275456919060052,0.7805424457756029
false_negative_suppression_js_0.1,false_negative_suppression,0.1,0.05,10.8,655,1532,0.4275456919060052,0.7805424457756029
false_negative_suppression_js_0.1,false_negative_suppression,0.1,0.05,10.850000000000001,655,1532,0.4275456919060052,0.7805424457756029
false_negative_suppression_js_0.1,false_negative_suppression,0.1,0.05,10.9,655,1532,0.4275456919060052,0.7805424457756029
false_negative_suppression_js_0.1,false_negative_suppression,0.1,0.05,10.950000000000001,655,1532,0.4275456919060052,0.7805424457756029
false_negative_suppression_js_0.1,false_negative_suppression,0.1,0.05,11.0,655,1532,0.4275456919060052,0.7805424457756029
false_negative_suppression_js_0.1,false_negative_suppression,0.1,0.05,11.05,655,1532,0.4275456919060052,0.7805424457756029
false_negative_suppression_js_0.1,false_negative_suppression,0.1,0.05,11.100000000000001,655,1532,0.4275456919060052,0.7805424457756029
false_negative_suppression_js_0.1,false_negative_suppression,0.1,0.05,11.15,655,1532,0.4275456919060052,0.7805424457756029
false_negative_suppression_js_0.1,false_negative_suppression,0.1,0.05,11.200000000000001,655,1532,0.4275456919060052,0.7805424457756029
false_negative_suppression_js_0.1,false_negative_suppression,0.1,0.05,11.25,655,1532,0.4275456919060052,0.7805424457756029
false_negative_suppression_js_0.1,false_negative_suppression,0.1,0.05,11.3,655,1532,0.4275456919060052,0.7805424457756029
false_negative_suppression_js_0.1,false_negative_suppression,0.1,0.05,11.350000000000001,655,1532,0.4275456919060052,0.7805424457756029
false_negative_suppression_js_0.1,false_negative_suppression,0.1,0.05,11.4,655,1532,0.4275456919060052,0.7805424457756029
false_negative_suppression_js_0.1,false_negative_suppression,0.1,0.05,11.450000000000001,655,1532,0.4275456919060052,0.7805424457756029
false_negative_suppression_js_0.1,false_negative_suppression,0.1,0.05,11.5,655,1532,0.4275456919060052,0.7805424457756029
false_negative_suppression_js_0.1,false_negative_suppression,0.1,0.05,11.55,655,1532,0.4275456919060052,0.7805424457756029
false_negative_suppression_js_0.1,false_negative_suppression,0.1,0.05,11.600000000000001,655,1532,0.4275456919060052,0.7805424457756029
false_negative_suppression_js_0.1,false_negative_suppression,0.1,0.05,11.65,655,1532,0.4275456919060052,0.7805424457756029
false_negative_suppression_js_0.1,false_negative_suppression,0.1,0.05,11.700000000000001,655,1532,0.4275456919060052,0.7805424457756029
false_negative_suppression_js_0.1,false_negative_suppression,0.1,0.05,11.75,655,1532,0.4275456919060052,0.7805424457756029
false_negative_suppression_js_0.1,false_negative_suppression,0.1,0.05,11.8,655,1532,0.4275456919060052,0.7805424457756029
false_negative_suppression_js_0.1,false_negative_suppression,0.1,0.05,11.850000000000001,655,1532,0.4275456919060052,0.7805424457756029
false_negative_suppression_js_0.1,false_negative_suppression,0.1,0.05,11.9,655,1532,0.4275456919060052,0.7805424457756029
false_negative_suppression_js_0.1,false_negative_suppression,0.1,0.05,11.950000000000001,655,1532,0.4275456919060052,0.7805424457756029
false_negative_suppression_js_0.1,false_negative_suppression,0.1,0.05,12.0,655,1532,0.4275456919060052,0.7805424457756029
false_negative_suppression_js_0.1,false_negative_suppression,0.1,0.05,12.05,655,1532,0.4275456919060052,0.7805424457756029
false_negative_suppression_js_0.1,false_negative_suppression,0.1,0.05,12.100000000000001,655,1532,0.4275456919060052,0.7805424457756029
false_negative_suppression_js_0.1,false_negative_suppression,0.1,0.05,12.15,655,1532,0.4275456919060052,0.7805424457756029
false_negative_suppression_js_0.1,false_negative_suppression,0.1,0.05,12.200000000000001,655,1532,0.4275456919060052,0.7805424457756029
false_negative_suppression_js_0.1,false_negative_suppression,0.1,0.05,12.25,655,1532,0.4275456919060052,0.7805424457756029
false_negative_suppression_js_0.1,false_negative_suppression,0.1,0.05,12.3,655,1532,0.4275456919060052,0.7805424457756029
false_negative_suppression_js_0.1,false_negative_suppression,0.1,0.05,12.350000000000001,655,1532,0.4275456919060052,0.7805424457756029
false_negative_suppression_js_0.1,false_negative_suppression,0.1,0.05,12.4,655,1532,0.4275456919060052,0.7805424457756029
false_negative_suppression_js_0.1,false_negative_suppression,0.1,0.05,12.450000000000001,655,1532,0.4275456919060052,0.7805424457756029
false_negative_suppression_js_0.1,false_negative_suppression,0.1,0.05,12.5,655,1532,0.4275456919060052,0.7805424457756029
false_negative_suppression_js_0.1,false_negative_suppression,0.1,0.05,12.55,655,1532,0.4275456919060052,0.7805424457756029
false_negative_suppression_js_0.1,false_negative_suppression,0.1,0.05,12.600000000000001,655,1532,0.4275456919060052,0.7805424457756029
false_negative_suppression_js_0.1,false_negative_suppression,0.1,0.05,12.65,655,1532,0.4275456919060052,0.7805424457756029
false_negative_suppression_js_0.1,false_negative_suppression,0.1,0.05,12.700000000000001,655,1532,0.4275456919060052,0.7805424457756029
false_negative_suppression_js_0.1,false_negative_suppression,0.1,0.05,12.75,655,1532,0.4275456919060052,0.7805424457756029
false_negative_suppression_js_0.1,false_negative_suppression,0.1,0.05,12.8,655,1532,0.4275456919060052,0.7805424457756029
false_negative_suppression_js_0.1,false_negative_suppression,0.1,0.05,12.850000000000001,655,1532,0.4275456919060052,0.7805424457756029
false_negative_suppression_js_0.1,false_negative_suppression,0.1,0.05,12.9,655,1532,0.4275456919060052,0.7805424457756029
false_negative_suppression_js_0.1,false_negative_suppression,0.1,0.05,12.950000000000001,655,1532,0.4275456919060052,0.7805424457756029
false_negative_suppression_js_0.1,false_negative_suppression,0.1,0.05,13.0,655,1532,0.4275456919060052,0.7805424457756029
false_negative_suppression_js_0.1,false_negative_suppression,0.1,0.05,13.05,655,1532,0.4275456919060052,0.7805424457756029
false_negative_suppression_js_0.1,false_negative_suppression,0.1,0.05,13.100000000000001,655,1532,0.4275456919060052,0.7805424457756029
false_negative_suppression_js_0.1,false_negative_suppression,0.1,0.05,13.15,655,1532,0.4275456919060052,0.7805424457756029
false_negative_suppression_js_0.1,false_negative_suppression,0.1,0.05,13.200000000000001,655,1532,0.4275456919060052,0.7805424457756029
false_negative_suppression_js_0.1,false_negative_suppression,0.1,0.05,13.25,655,1532,0.4275456919060052,0.7805424457756029
false_negative_suppression_js_0.1,false_negative_suppression,0.1,0.05,13.3,655,1532,0.4275456919060052,0.7805424457756029
false_negative_suppression_js_0.1,false_negative_suppression,0.1,0.05,13.350000000000001,655,1532,0.4275456919060052,0.7805424457756029
false_negative_suppression_js_0.1,false_negative_suppression,0.1,0.05,13.4,655,1532,0.4275456919060052,0.7805424457756029
false_negative_suppression_js_0.1,false_negative_suppression,0.1,0.05,13.450000000000001,655,1532,0.4275456919060052,0.7805424457756029
false_negative_suppression_js_0.1,false_negative_suppression,0.1,0.05,13.5,655,1532,0.4275456919060052,0.7805424457756029
false_negative_suppression_js_0.1,false_negative_suppression,0.1,0.05,13.55,655,1532,0.4275456919060052,0.7805424457756029
false_negative_suppression_js_0.1,false_negative_suppression,0.1,0.05,13.600000000000001,655,1532,0.4275456919060052,0.7805424457756029
false_negative_suppression_js_0.1,false_negative_suppression,0.1,0.05,13.65,655,1532,0.4275456919060052,0.7805424457756029
false_negative_suppression_js_0.1,false_negative_suppression,0.1,0.05,13.700000000000001,655,1532,0.4275456919060052,0.7805424457756029
false_negative_suppression_js_0.1,false_negative_suppression,0.1,0.05,13.75,655,1532,0.4275456919060052,0.7805424457756029
false_negative_suppression_js_0.1,false_negative_suppression,0.1,0.05,13.8,655,1532,0.4275456919060052,0.7805424457756029
false_negative_suppression_js_0.1,false_negative_suppression,0.1,0.05,13.850000000000001,655,1532,0.4275456919060052,0.7805424457756029
false_negative_suppression_js_0.1,false_negative_suppression,0.1,0.05,13.9,655,1532,0.4275456919060052,0.7805424457756029
false_negative_suppression_js_0.1,false_negative_suppression,0.1,0.05,13.950000000000001,655,1532,0.4275456919060052,0.7805424457756029
false_negative_suppression_js_0.1,false_negative_suppression,0.1,0.05,14.0,655,1532,0.4275456919060052,0.7805424457756029
false_negative_suppression_js_0.1,false_negative_suppression,0.1,0.05,14.05,655,1532,0.4275456919060052,0.7805424457756029
false_negative_suppression_js_0.1,false_negative_suppression,0.1,0.05,14.100000000000001,655,1532,0.4275456919060052,0.7805424457756029
false_negative_suppression_js_0.1,false_negative_suppression,0.1,0.05,14.15,655,1532,0.4275456919060052,0.7805424457756029
false_negative_suppression_js_0.1,false_negative_suppression,0.1,0.05,14.200000000000001,655,1532,0.4275456919060052,0.7805424457756029
false_negative_suppression_js_0.1,false_negative_suppression,0.1,0.05,14.25,655,1532,0.4275456919060052,0.7805424457756029
false_negative_suppression_js_0.1,false_negative_suppression,0.1,0.05,14.3,655,1532,0.4275456919060052,0.7805424457756029
false_negative_suppression_js_0.1,false_negative_suppression,0.1,0.05,14.350000000000001,655,1532,0.4275456919060052,0.7805424457756029
false_negative_suppression_js_0.1,false_negative_suppression,0.1,0.05,14.4,655,1532,0.4275456919060052,0.7805424457756029
false_negative_suppression_js_0.1,false_negative_suppression,0.1,0.05,14.450000000000001,655,1532,0.4275456919060052,0.7805424457756029
false_negative_suppression_js_0.1,false_negative_suppression,0.1,0.05,14.5,655,1532,0.4275456919060052,0.7805424457756029
false_negative_suppression_js_0.1,false_negative_suppression,0.1,0.05,14.55,655,1532,0.4275456919060052,0.7805424457756029
false_negative_suppression_js_0.1,false_negative_suppression,0.1,0.05,14.600000000000001,655,1532,0.4275456919060052,0.7805424457756029
false_negative_suppression_js_0.1,false_negative_suppression,0.1,0.05,14.65,655,1532,0.4275456919060052,0.7805424457756029
false_negative_suppression_js_0.1,false_negative_suppression,0.1,0.05,14.700000000000001,655,1532,0.4275456919060052,0.7805424457756029
false_negative_suppression_js_0.1,false_negative_suppression,0.1,0.05,14.75,655,1532,0.4275456919060052,0.7805424457756029
false_negative_suppression_js_0.1,false_negative_suppression,0.1,0.05,14.8,655,1532,0.4275456919060052,0.7805424457756029
false_negative_suppression_js_0.1,false_negative_suppression,0.1,0.05,14.850000000000001,655,1532,0.4275456919060052,0.7805424457756029
false_negative_suppression_js_0.1,false_negative_suppression,0.1,0.05,14.9,655,1532,0.4275456919060052,0.7805424457756029
false_negative_suppression_js_0.1,false_negative_suppression,0.1,0.05,14.950000000000001,655,1532,0.4275456919060052,0.7805424457756029
false_negative_suppression_js_0.1,false_negative_suppression,0.1,0.05,15.0,655,1532,0.4275456919060052,0.7805424457756029
false_negative_suppression_js_0.15,false_negative_suppression,0.15,0.05,0.0,76,1532,0.04960835509138381,0.011122795102453328
false_negative_suppression_js_0.15,false_negative_suppression,0.15,0.05,0.05,77,1532,0.05026109660574413,0.011269173933804206
false_negative_suppression_js_0.15,false_negative_suppression,0.15,0.05,0.1,81,1532,0.05287206266318538,0.011854599566472253
false_negative_suppression_js_0.15,false_negative_suppression,0.15,0.05,0.15000000000000002,88,1532,0.057441253263707574,0.012879126845692918
false_negative_suppression_js_0.15,false_negative_suppression,0.15,0.05,0.2,91,1532,0.05939947780678851,0.013318270039736879
false_negative_suppression_js_0.15,false_negative_suppression,0.15,0.05,0.25,104,1532,0.06788511749347259,0.015221089830806216
false_negative_suppression_js_0.15,false_negative_suppression,0.15,0.05,0.30000000000000004,112,1532,0.0731070496083551,0.016392417501619426
false_negative_suppression_js_0.15,false_negative_suppression,0.15,0.05,0.35000000000000003,124,1532,0.08093994778067885,0.018149810697350045
false_negative_suppression_js_0.15,false_negative_suppression,0.15,0.05,0.4,138,1532,0.09007832898172324,0.020203077486682416
false_negative_suppression_js_0.15,false_negative_suppression,0.15,0.05,0.45,151,1532,0.09856396866840732,0.02211289457826417
false_negative_suppression_js_0.15,false_negative_suppression,0.15,0.05,0.5,170,1532,0.11096605744125326,0.024922978054464556
false_negative_suppression_js_0.15,false_negative_suppression,0.15,0.05,0.55,185,1532,0.12075718015665797,0.02717487639717671
false_negative_suppression_js_0.15,false_negative_suppression,0.15,0.05,0.6000000000000001,201,1532,0.13120104438642297,0.02963969796217683
false_negative_suppression_js_0.15,false_negative_suppression,0.15,0.05,0.65,210,1532,0.1370757180156658,0.031091628245448647
false_negative_suppression_js_0.15,false_negative_suppression,0.15,0.05,0.7000000000000001,216,1532,0.1409921671018277,0.03208603156766532
false_negative_suppression_js_0.15,false_negative_suppression,0.15,0.05,0.75,218,1532,0.1422976501305483,0.03254595473224045
false_negative_suppression_js_0.15,false_negative_suppression,0.15,0.05,0.8,220,1532,0.14360313315926893,0.03315649225063472
false_negative_suppression_js_0.15,false_negative_suppression,0.15,0.05,0.8500000000000001,222,1532,0.14490861618798956,0.03405396551334977
false_negative_suppression_js_0.15,false_negative_suppression,0.15,0.05,0.9,227,1532,0.1481723237597911,0.03694601897151863
false_negative_suppression_js_0.15,false_negative_suppression,0.15,0.05,0.9500000000000001,234,1532,0.15274151436031333,0.040953534006699495
false_negative_suppression_js_0.15,false_negative_suppression,0.15,0.05,1.0,246,1532,0.16057441253263707,0.04824436057139163
false_negative_suppression_js_0.15,false_negative_suppression,0.15,0.05,1.05,254,1532,0.16579634464751958,0.05342117639502824
false_negative_suppression_js_0.15,false_negative_suppression,0.15,0.05,1.1,264,1532,0.17232375979112272,0.05955266982224973
false_negative_suppression_js_0.15,false_negative_suppression,0.15,0.05,1.1500000000000001,272,1532,0.17754569190600522,0.06410454753670175
false_negative_suppression_js_0.15,false_negative_suppression,0.15,0.05,1.2000000000000002,278,1532,0.1814621409921671,0.06738383926263487
false_negative_suppression_js_0.15,false_negative_suppression,0.15,0.05,1.25,286,1532,0.1866840731070496,0.07274958117973077
false_negative_suppression_js_0.15,false_negative_suppression,0.15,0.05,1.3,292,1532,0.1906005221932115,0.07622192140378398
false_negative_suppression_js_0.15,false_negative_suppression,0.15,0.05,1.35,296,1532,0.19321148825065274,0.07954168628584107
false_negative_suppression_js_0.15,false_negative_suppression,0.15,0.05,1.4000000000000001,300,1532,0.195822454308094,0.08092464791526627
false_negative_suppression_js_0.15,false_negative_suppression,0.15,0.05,1.4500000000000002,303,1532,0.19778067885117492,0.08613498941617673
false_negative_suppression_js_0.15,false_negative_suppression,0.15,0.05,1.5,309,1532,0.20169712793733682,0.09195087592665721
false_negative_suppression_js_0.15,false_negative_suppression,0.15,0.05,1.55,311,1532,0.20300261096605743,0.09700878431064958
false_negative_suppression_js_0.15,false_negative_suppression,0.15,0.05,1.6,313,1532,0.20430809399477806,0.10275170879898052
false_negative_suppression_js_0.15,false_negative_suppression,0.15,0.05,1.6500000000000001,318,1532,0.20757180156657964,0.11457617518302729
false_negative_suppression_js_0.15,false_negative_suppression,0.15,0.05,1.7000000000000002,323,1532,0.2108355091383812,0.12551527496542095
false_negative_suppression_js_0.15,false_negative_suppression,0.15,0.05,1.75,327,1532,0.21344647519582247,0.13480065297383875
false_negative_suppression_js_0.15,false_negative_suppression,0.15,0.05,1.8,335,1532,0.21866840731070497,0.15632124193473862
false_negative_suppression_js_0.15,false_negative_suppression,0.15,0.05,1.85,340,1532,0.22193211488250653,0.1700981252740086
false_negative_suppression_js_0.15,false_negative_suppression,0.15,0.05,1.9000000000000001,346,1532,0.2258485639686684,0.18715693464941033
false_negative_suppression_js_0.15,false_negative_suppression,0.15,0.05,1.9500000000000002,350,1532,0.22845953002610966,0.19752677107973143
false_negative_suppression_js_0.15,false_negative_suppression,0.15,0.05,2.0,354,1532,0.2310704960835509,0.20594062915875072
false_negative_suppression_js_0.15,false_negative_suppression,0.15,0.05,2.0500000000000003,358,1532,0.23368146214099217,0.21364874412323687
false_negative_suppression_js_0.15,false_negative_suppression,0.15,0.05,2.1,363,1532,0.23694516971279372,0.22146211627229023
false_negative_suppression_js_0.15,false_negative_suppression,0.15,0.05,2.15,367,1532,0.239556135770235,0.22594031932199327
false_negative_suppression_js_0.15,false_negative_suppression,0.15,0.05,2.2,370,1532,0.24151436031331594,0.2281867898147969
false_negative_suppression_js_0.15,false_negative_suppression,0.15,0.05,2.25,374,1532,0.24412532637075718,0.23031269838870527
false_negative_suppression_js_0.15,false_negative_suppression,0.15,0.05,2.3000000000000003,378,1532,0.24673629242819844,0.23188649297734557
false_negative_suppression_js_0.15,false_negative_suppression,0.15,0.05,2.35,383,1532,0.25,0.23334474296379426
false_negative_suppression_js_0.15,false_negative_suppression,0.15,0.05,2.4000000000000004,389,1532,0.2539164490861619,0.23466450771878247
false_negative_suppression_js_0.15,false_negative_suppression,0.15,0.05,2.45,394,1532,0.25718015665796345,0.2355679349462624
false_negative_suppression_js_0.15,false_negative_suppression,0.15,0.05,2.5,400,1532,0.26109660574412535,0.23655545931732053
false_negative_suppression_js_0.15,false_negative_suppression,0.15,0.05,2.5500000000000003,402,1532,0.26240208877284593,0.23686949204656854
false_negative_suppression_js_0.15,false_negative_suppression,0.15,0.05,2.6,407,1532,0.26566579634464754,0.23767267171803386
false_negative_suppression_js_0.15,false_negative_suppression,0.15,0.05,2.6500000000000004,408,1532,0.26631853785900783,0.23782300823010655
false_negative_suppression_js_0.15,false_negative_suppression,0.15,0.05,2.7,409,1532,0.2669712793733681,0.23797232396262089
false_negative_suppression_js_0.15,false_negative_suppression,0.15,0.05,2.75,409,1532,0.2669712793733681,0.23797232396262089
false_negative_suppression_js_0.15,false_negative_suppression,0.15,0.05,2.8000000000000003,412,1532,0.2689295039164491,0.23889081620230448
false_negative_suppression_js_0.15,false_negative_suppression,0.15,0.05,2.85,415,1532,0.27088772845953,0.2397299171070832
false_negative_suppression_js_0.15,false_negative_suppression,0.15,0.05,2.9000000000000004,421,1532,0.2748041775456919,0.2416053337701128
false_negative_suppression_js_0.15,false_negative_suppression,0.15,0.05,2.95,429,1532,0.2800261096605744,0.24490207852567078
false_negative_suppression_js_0.15,false_negative_suppression,0.15,0.05,3.0,436,1532,0.2845953002610966,0.2490883690276237
false_negative_suppression_js_0.15,false_negative_suppression,0.15,0.05,3.0500000000000003,442,1532,0.2885117493472585,0.25313338760399207
false_negative_suppression_js_0.15,false_negative_suppression,0.15,0.05,3.1,452,1532,0.2950391644908616,0.2696204520087741
false_negative_suppression_js_0.15,false_negative_suppression,0.15,0.05,3.1500000000000004,463,1532,0.30221932114882505,0.29055406252142124
false_negative_suppression_js_0.15,false_negative_suppression,0.15,0.05,3.2,473,1532,0.3087467362924282,0.3115115477418316
false_negative_suppression_js_0.15,false_negative_suppression,0.15,0.05,3.25,485,1532,0.31657963446475196,0.3355525201429425
false_negative_suppression_js_0.15,false_negative_suppression,0.15,0.05,3.3000000000000003,497,1532,0.3244125326370757,0.3620470815531356
false_negative_suppression_js_0.15,false_negative_suppression,0.15,0.05,3.35,507,1532,0.33093994778067887,0.38704548064934013
false_negative_suppression_js_0.15,false_negative_suppression,0.15,0.05,3.4000000000000004,518,1532,0.3381201044386423,0.4180451270198145
false_negative_suppression_js_0.15,false_negative_suppression,0.15,0.05,3.45,531,1532,0.34660574412532635,0.4576436409356922
false_negative_suppression_js_0.15,false_negative_suppression,0.15,0.05,3.5,540,1532,0.3524804177545692,0.4896761921951496
false_negative_suppression_js_0.15,false_negative_suppression,0.15,0.05,3.5500000000000003,557,1532,0.36357702349869453,0.5343839276037738
false_negative_suppression_js_0.15,false_negative_suppression,0.15,0.05,3.6,570,1532,0.3720626631853786,0.5724319256151549
false_negative_suppression_js_0.15,false_negative_suppression,0.15,0.05,3.6500000000000004,590,1532,0.38511749347258484,0.6261703108096225
false_negative_suppression_js_0.15,false_negative_suppression,0.15,0.05,3.7,607,1532,0.3962140992167102,0.6649516317238678
false_negative_suppression_js_0.15,false_negative_suppression,0.15,0.05,3.75,623,1532,0.4066579634464752,0.6884180104797712
false_negative_suppression_js_0.15,false_negative_suppression,0.15,0.05,3.8000000000000003,637,1532,0.4157963446475196,0.7048734402510313
false_negative_suppression_js_0.15,false_negative_suppression,0.15,0.05,3.85,642,1532,0.41906005221932113,0.7124751851259891
false_negative_suppression_js_0.15,false_negative_suppression,0.15,0.05,3.9000000000000004,644,1532,0.42036553524804177,0.7149133167540688
false_negative_suppression_js_0.15,false_negative_suppression,0.15,0.05,3.95,645,1532,0.4210182767624021,0.715139369053028
false_negative_suppression_js_0.15,false_negative_suppression,0.15,0.05,4.0,645,1532,0.4210182767624021,0.715139369053028
false_negative_suppression_js_0.15,false_negative_suppression,0.15,0.05,4.05,645,1532,0.4210182767624021,0.715139369053028
false_negative_suppression_js_0.15,false_negative_suppression,0.15,0.05,4.1000000000000005,646,1532,0.4216710182767624,0.7153968974375001
false_negative_suppression_js_0.15,false_negative_suppression,0.15,0.05,4.15,647,1532,0.4223237597911227,0.7157677293788324
false_negative_suppression_js_0.15,false_negative_suppression,0.15,0.05,4.2,647,1532,0.4223237597911227,0.7157677293788324
false_negative_suppression_js_0.15,false_negative_suppression,0.15,0.05,4.25,648,1532,0.42297650130548303,0.7160635339124065
false_negative_suppression_js_0.15,false_negative_suppression,0.15,0.05,4.3,648,1532,0.42297650130548303,0.7160635339124065
false_negative_suppression_js_0.15,false_negative_suppression,0.15,0.05,4.3500000000000005,648,1532,0.42297650130548303,0.7160635339124065
false_negative_suppression_js_0.15,false_negative_suppression,0.15,0.05,4.4,649,1532,0.4236292428198433,0.716500693942103
false_negative_suppression_js_0.15,false_negative_suppression,0.15,0.05,4.45,650,1532,0.42428198433420367,0.7168406580043755
false_negative_suppression_js_0.15,false_negative_suppression,0.15,0.05,4.5,650,1532,0.42428198433420367,0.7168406580043755
false_negative_suppression_js_0.15,false_negative_suppression,0.15,0.05,4.55,650,1532,0.42428198433420367,0.7168406580043755
false_negative_suppression_js_0.15,false_negative_suppression,0.15,0.05,4.6000000000000005,651,1532,0.42493472584856395,0.7172287230466551
false_negative_suppression_js_0.15,false_negative_suppression,0.15,0.05,4.65,652,1532,0.4255874673629243,0.7177381312670904
false_negative_suppression_js_0.15,false_negative_suppression,0.15,0.05,4.7,652,1532,0.4255874673629243,0.7177381312670904
false_negative_suppression_js_0.15,false_negative_suppression,0.15,0.05,4.75,652,1532,0.4255874673629243,0.7177381312670904
false_negative_suppression_js_0.15,false_negative_suppression,0.15,0.05,4.800000000000001,653,1532,0.4262402088772846,0.7181752912967869
false_negative_suppression_js_0.15,false_negative_suppression,0.15,0.05,4.8500000000000005,654,1532,0.42689295039164493,0.7187584407178107
false_negative_suppression_js_0.15,false_negative_suppression,0.15,0.05,4.9,655,1532,0.4275456919060052,0.7192419646347644
false_negative_suppression_js_0.15,false_negative_suppression,0.15,0.05,4.95,655,1532,0.4275456919060052,0.7192419646347644
false_negative_suppression_js_0.15,false_negative_suppression,0.15,0.05,5.0,658,1532,0.42950391644908614,0.7211964464375776
false_negative_suppression_js_0.15,false_negative_suppression,0.15,0.05,5.050000000000001,658,1532,0.42950391644908614,0.7211964464375776
false_negative_suppression_js_0.15,false_negative_suppression,0.15,0.05,5.1000000000000005,659,1532,0.4301566579634465,0.7217484541515219
false_negative_suppression_js_0.15,false_negative_suppression,0.15,0.05,5.15,661,1532,0.4314621409921671,0.7230279563828467
false_negative_suppression_js_0.15,false_negative_suppression,0.15,0.05,5.2,664,1532,0.43342036553524804,0.725230306980291
false_negative_suppression_js_0.15,false_negative_suppression,0.15,0.05,5.25,667,1532,0.43537859007832896,0.7275263433613284
false_negative_suppression_js_0.15,false_negative_suppression,0.15,0.05,5.300000000000001,671,1532,0.43798955613577023,0.7306119890783863
false_negative_suppression_js_0.15,false_negative_suppression,0.15,0.05,5.3500000000000005,674,1532,0.43994778067885115,0.7330385167289222
false_negative_suppression_js_0.15,false_negative_suppression,0.15,0.05,5.4,677,1532,0.44190600522193213,0.7360937664679923
false_negative_suppression_js_0.15,false_negative_suppression,0.15,0.05,5.45,678,1532,0.4425587467362924,0.7369731745063353
false_negative_suppression_js_0.15,false_negative_suppression,0.15,0.05,5.5,681,1532,0.44451697127937334,0.7408075814724295
false_negative_suppression_js_0.15,false_negative_suppression,0.15,0.05,5.550000000000001,681,1532,0.44451697127937334,0.7408075814724295
false_negative_suppression_js_0.15,false_negative_suppression,0.15,0.05,5.6000000000000005,681,1532,0.44451697127937334,0.7408075814724295
false_negative_suppression_js_0.15,false_negative_suppression,0.15,0.05,5.65,681,1532,0.44451697127937334,0.7408075814724295
false_negative_suppression_js_0.15,false_negative_suppression,0.15,0.05,5.7,681,1532,0.44451697127937334,0.7408075814724295
false_negative_suppression_js_0.15,false_negative_suppression,0.15,0.05,5.75,681,1532,0.44451697127937334,0.7408075814724295
false_negative_suppression_js_0.15,false_negative_suppression,0.15,0.05,5.800000000000001,681,1532,0.44451697127937334,0.7408075814724295
false_negative_suppression_js_0.15,false_negative_suppression,0.15,0.05,5.8500000000000005,681,1532,0.44451697127937334,0.7408075814724295
false_negative_suppression_js_0.15,false_negative_suppression,0.15,0.05,5.9,681,1532,0.44451697127937334,0.7408075814724295
false_negative_suppression_js_0.15,false_negative_suppression,0.15,0.05,5.95,681,1532,0.44451697127937334,0.7408075814724295
false_negative_suppression_js_0.15,false_negative_suppression,0.15,0.05,6.0,681,1532,0.44451697127937334,0.7408075814724295
false_negative_suppression_js_0.15,false_negative_suppression,0.15,0.05,6.050000000000001,681,1532,0.44451697127937334,0.7408075814724295
false_negative_suppression_js_0.15,false_negative_suppression,0.15,0.05,6.1000000000000005,681,1532,0.44451697127937334,0.7408075814724295
false_negative_suppression_js_0.15,false_negative_suppression,0.15,0.05,6.15,681,1532,0.44451697127937334,0.7408075814724295
false_negative_suppression_js_0.15,false_negative_suppression,0.15,0.05,6.2,681,1532,0.44451697127937334,0.7408075814724295
false_negative_suppression_js_0.15,false_negative_suppression,0.15,0.05,6.25,681,1532,0.44451697127937334,0.7408075814724295
false_negative_suppression_js_0.15,false_negative_suppression,0.15,0.05,6.300000000000001,681,1532,0.44451697127937334,0.7408075814724295
false_negative_suppression_js_0.15,false_negative_suppression,0.15,0.05,6.3500000000000005,681,1532,0.44451697127937334,0.7408075814724295
false_negative_suppression_js_0.15,false_negative_suppression,0.15,0.05,6.4,681,1532,0.44451697127937334,0.7408075814724295
false_negative_suppression_js_0.15,false_negative_suppression,0.15,0.05,6.45,681,1532,0.44451697127937334,0.7408075814724295
false_negative_suppression_js_0.15,false_negative_suppression,0.15,0.05,6.5,681,1532,0.44451697127937334,0.7408075814724295
false_negative_suppression_js_0.15,false_negative_suppression,0.15,0.05,6.550000000000001,681,1532,0.44451697127937334,0.7408075814724295
false_negative_suppression_js_0.15,false_negative_suppression,0.15,0.05,6.6000000000000005,681,1532,0.44451697127937334,0.7408075814724295
false_negative_suppression_js_0.15,false_negative_suppression,0.15,0.05,6.65,681,1532,0.44451697127937334,0.7408075814724295
false_negative_suppression_js_0.15,false_negative_suppression,0.15,0.05,6.7,681,1532,0.44451697127937334,0.7408075814724295
false_negative_suppression_js_0.15,false_negative_suppression,0.15,0.05,6.75,681,1532,0.44451697127937334,0.7408075814724295
false_negative_suppression_js_0.15,false_negative_suppression,0.15,0.05,6.800000000000001,681,1532,0.44451697127937334,0.7408075814724295
false_negative_suppression_js_0.15,false_negative_suppression,0.15,0.05,6.8500000000000005,681,1532,0.44451697127937334,0.7408075814724295
false_negative_suppression_js_0.15,false_negative_suppression,0.15,0.05,6.9,681,1532,0.44451697127937334,0.7408075814724295
false_negative_suppression_js_0.15,false_negative_suppression,0.15,0.05,6.95,681,1532,0.44451697127937334,0.7408075814724295
false_negative_suppression_js_0.15,false_negative_suppression,0.15,0.05,7.0,681,1532,0.44451697127937334,0.7408075814724295
false_negative_suppression_js_0.15,false_negative_suppression,0.15,0.05,7.050000000000001,681,1532,0.44451697127937334,0.7408075814724295
false_negative_suppression_js_0.15,false_negative_suppression,0.15,0.05,7.1000000000000005,681,1532,0.44451697127937334,0.7408075814724295
false_negative_suppression_js_0.15,false_negative_suppression,0.15,0.05,7.15,681,1532,0.44451697127937334,0.7408075814724295
false_negative_suppression_js_0.15,false_negative_suppression,0.15,0.05,7.2,681,1532,0.44451697127937334,0.7408075814724295
false_negative_suppression_js_0.15,false_negative_suppression,0.15,0.05,7.25,681,1532,0.44451697127937334,0.7408075814724295
false_negative_suppression_js_0.15,false_negative_suppression,0.15,0.05,7.300000000000001,681,1532,0.44451697127937334,0.7408075814724295
false_negative_suppression_js_0.15,false_negative_suppression,0.15,0.05,7.3500000000000005,681,1532,0.44451697127937334,0.7408075814724295
false_negative_suppression_js_0.15,false_negative_suppression,0.15,0.05,7.4,681,1532,0.44451697127937334,0.7408075814724295
false_negative_suppression_js_0.15,false_negative_suppression,0.15,0.05,7.45,681,1532,0.44451697127937334,0.7408075814724295
false_negative_suppression_js_0.15,false_negative_suppression,0.15,0.05,7.5,681,1532,0.44451697127937334,0.7408075814724295
false_negative_suppression_js_0.15,false_negative_suppression,0.15,0.05,7.550000000000001,681,1532,0.44451697127937334,0.7408075814724295
false_negative_suppression_js_0.15,false_negative_suppression,0.15,0.05,7.6000000000000005,681,1532,0.44451697127937334,0.7408075814724295
false_negative_suppression_js_0.15,false_negative_suppression,0.15,0.05,7.65,681,1532,0.44451697127937334,0.7408075814724295
false_negative_suppression_js_0.15,false_negative_suppression,0.15,0.05,7.7,681,1532,0.44451697127937334,0.7408075814724295
false_negative_suppression_js_0.15,false_negative_suppression,0.15,0.05,7.75,681,1532,0.44451697127937334,0.7408075814724295
false_negative_suppression_js_0.15,false_negative_suppression,0.15,0.05,7.800000000000001,681,1532,0.44451697127937334,0.7408075814724295
false_negative_suppression_js_0.15,false_negative_suppression,0.15,0.05,7.8500000000000005,681,1532,0.44451697127937334,0.7408075814724295
false_negative_suppression_js_0.15,false_negative_suppression,0.15,0.05,7.9,681,1532,0.44451697127937334,0.7408075814724295
false_negative_suppression_js_0.15,false_negative_suppression,0.15,0.05,7.95,681,1532,0.44451697127937334,0.7408075814724295
false_negative_suppression_js_0.15,false_negative_suppression,0.15,0.05,8.0,681,1532,0.44451697127937334,0.7408075814724295
false_negative_suppression_js_0.15,false_negative_suppression,0.15,0.05,8.05,681,1532,0.44451697127937334,0.7408075814724295
false_negative_suppression_js_0.15,false_negative_suppression,0.15,0.05,8.1,681,1532,0.44451697127937334,0.7408075814724295
false_negative_suppression_js_0.15,false_negative_suppression,0.15,0.05,8.15,681,1532,0.44451697127937334,0.7408075814724295
false_negative_suppression_js_0.15,false_negative_suppression,0.15,0.05,8.200000000000001,681,1532,0.44451697127937334,0.7408075814724295
false_negative_suppression_js_0.15,false_negative_suppression,0.15,0.05,8.25,681,1532,0.44451697127937334,0.7408075814724295
false_negative_suppression_js_0.15,false_negative_suppression,0.15,0.05,8.3,681,1532,0.44451697127937334,0.7408075814724295
false_negative_suppression_js_0.15,false_negative_suppression,0.15,0.05,8.35,681,1532,0.44451697127937334,0.7408075814724295
false_negative_suppression_js_0.15,false_negative_suppression,0.15,0.05,8.4,681,1532,0.44451697127937334,0.7408075814724295
false_negative_suppression_js_0.15,false_negative_suppression,0.15,0.05,8.450000000000001,681,1532,0.44451697127937334,0.7408075814724295
false_negative_suppression_js_0.15,false_negative_suppression,0.15,0.05,8.5,681,1532,0.44451697127937334,0.7408075814724295
false_negative_suppression_js_0.15,false_negative_suppression,0.15,0.05,8.55,681,1532,0.44451697127937334,0.7408075814724295
false_negative_suppression_js_0.15,false_negative_suppression,0.15,0.05,8.6,681,1532,0.44451697127937334,0.7408075814724295
false_negative_suppression_js_0.15,false_negative_suppression,0.15,0.05,8.65,681,1532,0.44451697127937334,0.7408075814724295
false_negative_suppression_js_0.15,false_negative_suppression,0.15,0.05,8.700000000000001,681,1532,0.44451697127937334,0.7408075814724295
false_negative_suppression_js_0.15,false_negative_suppression,0.15,0.05,8.75,681,1532,0.44451697127937334,0.7408075814724295
false_negative_suppression_js_0.15,false_negative_suppression,0.15,0.05,8.8,681,1532,0.44451697127937334,0.7408075814724295
false_negative_suppression_js_0.15,false_negative_suppression,0.15,0.05,8.85,681,1532,0.44451697127937334,0.7408075814724295
false_negative_suppression_js_0.15,false_negative_suppression,0.15,0.05,8.9,681,1532,0.44451697127937334,0.7408075814724295
false_negative_suppression_js_0.15,false_negative_suppression,0.15,0.05,8.950000000000001,681,1532,0.44451697127937334,0.7408075814724295
false_negative_suppression_js_0.15,false_negative_suppression,0.15,0.05,9.0,681,1532,0.44451697127937334,0.7408075814724295
false_negative_suppression_js_0.15,false_negative_suppression,0.15,0.05,9.05,681,1532,0.44451697127937334,0.7408075814724295
false_negative_suppression_js_0.15,false_negative_suppression,0.15,0.05,9.1,681,1532,0.44451697127937334,0.7408075814724295
false_negative_suppression_js_0.15,false_negative_suppression,0.15,0.05,9.15,681,1532,0.44451697127937334,0.7408075814724295
false_negative_suppression_js_0.15,false_negative_suppression,0.15,0.05,9.200000000000001,681,1532,0.44451697127937334,0.7408075814724295
false_negative_suppression_js_0.15,false_negative_suppression,0.15,0.05,9.25,681,1532,0.44451697127937334,0.7408075814724295
false_negative_suppression_js_0.15,false_negative_suppression,0.15,0.05,9.3,681,1532,0.44451697127937334,0.7408075814724295
false_negative_suppression_js_0.15,false_negative_suppression,0.15,0.05,9.35,681,1532,0.44451697127937334,0.7408075814724295
false_negative_suppression_js_0.15,false_negative_suppression,0.15,0.05,9.4,681,1532,0.44451697127937334,0.7408075814724295
false_negative_suppression_js_0.15,false_negative_suppression,0.15,0.05,9.450000000000001,681,1532,0.44451697127937334,0.7408075814724295
false_negative_suppression_js_0.15,false_negative_suppression,0.15,0.05,9.5,681,1532,0.44451697127937334,0.7408075814724295
false_negative_suppression_js_0.15,false_negative_suppression,0.15,0.05,9.55,681,1532,0.44451697127937334,0.7408075814724295
false_negative_suppression_js_0.15,false_negative_suppression,0.15,0.05,9.600000000000001,681,1532,0.44451697127937334,0.7408075814724295
false_negative_suppression_js_0.15,false_negative_suppression,0.15,0.05,9.65,681,1532,0.44451697127937334,0.7408075814724295
false_negative_suppression_js_0.15,false_negative_suppression,0.15,0.05,9.700000000000001,681,1532,0.44451697127937334,0.7408075814724295
false_negative_suppression_js_0.15,false_negative_suppression,0.15,0.05,9.75,681,1532,0.44451697127937334,0.7408075814724295
false_negative_suppression_js_0.15,false_negative_suppression,0.15,0.05,9.8,681,1532,0.44451697127937334,0.7408075814724295
false_negative_suppression_js_0.15,false_negative_suppression,0.15,0.05,9.850000000000001,681,1532,0.44451697127937334,0.7408075814724295
false_negative_suppression_js_0.15,false_negative_suppression,0.15,0.05,9.9,681,1532,0.44451697127937334,0.7408075814724295
false_negative_suppression_js_0.15,false_negative_suppression,0.15,0.05,9.950000000000001,681,1532,0.44451697127937334,0.7408075814724295
false_negative_suppression_js_0.15,false_negative_suppression,0.15,0.05,10.0,681,1532,0.44451697127937334,0.7408075814724295
false_negative_suppression_js_0.15,false_negative_suppression,0.15,0.05,10.05,681,1532,0.44451697127937334,0.7408075814724295
false_negative_suppression_js_0.15,false_negative_suppression,0.15,0.05,10.100000000000001,681,1532,0.44451697127937334,0.7408075814724295
false_negative_suppression_js_0.15,false_negative_suppression,0.15,0.05,10.15,681,1532,0.44451697127937334,0.7408075814724295
false_negative_suppression_js_0.15,false_negative_suppression,0.15,0.05,10.200000000000001,681,1532,0.44451697127937334,0.7408075814724295
false_negative_suppression_js_0.15,false_negative_suppression,0.15,0.05,10.25,681,1532,0.44451697127937334,0.7408075814724295
false_negative_suppression_js_0.15,false_negative_suppression,0.15,0.05,10.3,681,1532,0.44451697127937334,0.7408075814724295
false_negative_suppression_js_0.15,false_negative_suppression,0.15,0.05,10.350000000000001,681,1532,0.44451697127937334,0.7408075814724295
false_negative_suppression_js_0.15,false_negative_suppression,0.15,0.05,10.4,681,1532,0.44451697127937334,0.7408075814724295
false_negative_suppression_js_0.15,false_negative_suppression,0.15,0.05,10.450000000000001,681,1532,0.44451697127937334,0.7408075814724295
false_negative_suppression_js_0.15,false_negative_suppression,0.15,0.05,10.5,681,1532,0.44451697127937334,0.7408075814724295
false_negative_suppression_js_0.15,false_negative_suppression,0.15,0.05,10.55,681,1532,0.44451697127937334,0.7408075814724295
false_negative_suppression_js_0.15,false_negative_suppression,0.15,0.05,10.600000000000001,681,1532,0.44451697127937334,0.7408075814724295
false_negative_suppression_js_0.15,false_negative_suppression,0.15,0.05,10.65,681,1532,0.44451697127937334,0.7408075814724295
false_negative_suppression_js_0.15,false_negative_suppression,0.15,0.05,10.700000000000001,681,1532,0.44451697127937334,0.7408075814724295
false_negative_suppression_js_0.15,false_negative_suppression,0.15,0.05,10.75,681,1532,0.44451697127937334,0.7408075814724295
false_negative_suppression_js_0.15,false_negative_suppression,0.15,0.05,10.8,681,1532,0.44451697127937334,0.7408075814724295
false_negative_suppression_js_0.15,false_negative_suppression,0.15,0.05,10.850000000000001,681,1532,0.44451697127937334,0.7408075814724295
false_negative_suppression_js_0.15,false_negative_suppression,0.15,0.05,10.9,681,1532,0.44451697127937334,0.7408075814724295
false_negative_suppression_js_0.15,false_negative_suppression,0.15,0.05,10.950000000000001,681,1532,0.44451697127937334,0.7408075814724295
false_negative_suppression_js_0.15,false_negative_suppression,0.15,0.05,11.0,681,1532,0.44451697127937334,0.7408075814724295
false_negative_suppression_js_0.15,false_negative_suppression,0.15,0.05,11.05,681,1532,0.44451697127937334,0.7408075814724295
false_negative_suppression_js_0.15,false_negative_suppression,0.15,0.05,11.100000000000001,681,1532,0.44451697127937334,0.7408075814724295
false_negative_suppression_js_0.15,false_negative_suppression,0.15,0.05,11.15,681,1532,0.44451697127937334,0.7408075814724295
false_negative_suppression_js_0.15,false_negative_suppression,0.15,0.05,11.200000000000001,681,1532,0.44451697127937334,0.7408075814724295
false_negative_suppression_js_0.15,false_negative_suppression,0.15,0.05,11.25,681,1532,0.44451697127937334,0.7408075814724295
false_negative_suppression_js_0.15,false_negative_suppression,0.15,0.05,11.3,681,1532,0.44451697127937334,0.7408075814724295
false_negative_suppression_js_0.15,false_negative_suppression,0.15,0.05,11.350000000000001,681,1532,0.44451697127937334,0.7408075814724295
false_negative_suppression_js_0.15,false_negative_suppression,0.15,0.05,11.4,681,1532,0.44451697127937334,0.7408075814724295
false_negative_suppression_js_0.15,false_negative_suppression,0.15,0.05,11.450000000000001,681,1532,0.44451697127937334,0.7408075814724295
false_negative_suppression_js_0.15,false_negative_suppression,0.15,0.05,11.5,681,1532,0.44451697127937334,0.7408075814724295
false_negative_suppression_js_0.15,false_negative_suppression,0.15,0.05,11.55,681,1532,0.44451697127937334,0.7408075814724295
false_negative_suppression_js_0.15,false_negative_suppression,0.15,0.05,11.600000000000001,681,1532,0.44451697127937334,0.7408075814724295
false_negative_suppression_js_0.15,false_negative_suppression,0.15,0.05,11.65,681,1532,0.44451697127937334,0.7408075814724295
false_negative_suppression_js_0.15,false_negative_suppression,0.15,0.05,11.700000000000001,681,1532,0.44451697127937334,0.7408075814724295
false_negative_suppression_js_0.15,false_negative_suppression,0.15,0.05,11.75,681,1532,0.44451697127937334,0.7408075814724295
false_negative_suppression_js_0.15,false_negative_suppression,0.15,0.05,11.8,681,1532,0.44451697127937334,0.7408075814724295
false_negative_suppression_js_0.15,false_negative_suppression,0.15,0.05,11.850000000000001,681,1532,0.44451697127937334,0.7408075814724295
false_negative_suppression_js_0.15,false_negative_suppression,0.15,0.05,11.9,681,1532,0.44451697127937334,0.7408075814724295
false_negative_suppression_js_0.15,false_negative_suppression,0.15,0.05,11.950000000000001,681,1532,0.44451697127937334,0.7408075814724295
false_negative_suppression_js_0.15,false_negative_suppression,0.15,0.05,12.0,681,1532,0.44451697127937334,0.7408075814724295
false_negative_suppression_js_0.15,false_negative_suppression,0.15,0.05,12.05,681,1532,0.44451697127937334,0.7408075814724295
false_negative_suppression_js_0.15,false_negative_suppression,0.15,0.05,12.100000000000001,681,1532,0.44451697127937334,0.7408075814724295
false_negative_suppression_js_0.15,false_negative_suppression,0.15,0.05,12.15,681,1532,0.44451697127937334,0.7408075814724295
false_negative_suppression_js_0.15,false_negative_suppression,0.15,0.05,12.200000000000001,681,1532,0.44451697127937334,0.7408075814724295
false_negative_suppression_js_0.15,false_negative_suppression,0.15,0.05,12.25,681,1532,0.44451697127937334,0.7408075814724295
false_negative_suppression_js_0.15,false_negative_suppression,0.15,0.05,12.3,681,1532,0.44451697127937334,0.7408075814724295
false_negative_suppression_js_0.15,false_negative_suppression,0.15,0.05,12.350000000000001,681,1532,0.44451697127937334,0.7408075814724295
false_negative_suppression_js_0.15,false_negative_suppression,0.15,0.05,12.4,681,1532,0.44451697127937334,0.7408075814724295
false_negative_suppression_js_0.15,false_negative_suppression,0.15,0.05,12.450000000000001,681,1532,0.44451697127937334,0.7408075814724295
false_negative_suppression_js_0.15,false_negative_suppression,0.15,0.05,12.5,681,1532,0.44451697127937334,0.7408075814724295
false_negative_suppression_js_0.15,false_negative_suppression,0.15,0.05,12.55,681,1532,0.44451697127937334,0.7408075814724295
false_negative_suppression_js_0.15,false_negative_suppression,0.15,0.05,12.600000000000001,681,1532,0.44451697127937334,0.7408075814724295
false_negative_suppression_js_0.15,false_negative_suppression,0.15,0.05,12.65,681,1532,0.44451697127937334,0.7408075814724295
false_negative_suppression_js_0.15,false_negative_suppression,0.15,0.05,12.700000000000001,681,1532,0.44451697127937334,0.7408075814724295
false_negative_suppression_js_0.15,false_negative_suppression,0.15,0.05,12.75,681,1532,0.44451697127937334,0.7408075814724295
false_negative_suppression_js_0.15,false_negative_suppression,0.15,0.05,12.8,681,1532,0.44451697127937334,0.7408075814724295
false_negative_suppression_js_0.15,false_negative_suppression,0.15,0.05,12.850000000000001,681,1532,0.44451697127937334,0.7408075814724295
false_negative_suppression_js_0.15,false_negative_suppression,0.15,0.05,12.9,681,1532,0.44451697127937334,0.7408075814724295
false_negative_suppression_js_0.15,false_negative_suppression,0.15,0.05,12.950000000000001,681,1532,0.44451697127937334,0.7408075814724295
false_negative_suppression_js_0.15,false_negative_suppression,0.15,0.05,13.0,681,1532,0.44451697127937334,0.7408075814724295
false_negative_suppression_js_0.15,false_negative_suppression,0.15,0.05,13.05,681,1532,0.44451697127937334,0.7408075814724295
false_negative_suppression_js_0.15,false_negative_suppression,0.15,0.05,13.100000000000001,681,1532,0.44451697127937334,0.7408075814724295
false_negative_suppression_js_0.15,false_negative_suppression,0.15,0.05,13.15,681,1532,0.44451697127937334,0.7408075814724295
false_negative_suppression_js_0.15,false_negative_suppression,0.15,0.05,13.200000000000001,681,1532,0.44451697127937334,0.7408075814724295
false_negative_suppression_js_0.15,false_negative_suppression,0.15,0.05,13.25,681,1532,0.44451697127937334,0.7408075814724295
false_negative_suppression_js_0.15,false_negative_suppression,0.15,0.05,13.3,681,1532,0.44451697127937334,0.7408075814724295
false_negative_suppression_js_0.15,false_negative_suppression,0.15,0.05,13.350000000000001,681,1532,0.44451697127937334,0.7408075814724295
false_negative_suppression_js_0.15,false_negative_suppression,0.15,0.05,13.4,681,1532,0.44451697127937334,0.7408075814724295
false_negative_suppression_js_0.15,false_negative_suppression,0.15,0.05,13.450000000000001,681,1532,0.44451697127937334,0.7408075814724295
false_negative_suppression_js_0.15,false_negative_suppression,0.15,0.05,13.5,681,1532,0.44451697127937334,0.7408075814724295
false_negative_suppression_js_0.15,false_negative_suppression,0.15,0.05,13.55,681,1532,0.44451697127937334,0.7408075814724295
false_negative_suppression_js_0.15,false_negative_suppression,0.15,0.05,13.600000000000001,681,1532,0.44451697127937334,0.7408075814724295
false_negative_suppression_js_0.15,false_negative_suppression,0.15,0.05,13.65,681,1532,0.44451697127937334,0.7408075814724295
false_negative_suppression_js_0.15,false_negative_suppression,0.15,0.05,13.700000000000001,681,1532,0.44451697127937334,0.7408075814724295
false_negative_suppression_js_0.15,false_negative_suppression,0.15,0.05,13.75,681,1532,0.44451697127937334,0.7408075814724295
false_negative_suppression_js_0.15,false_negative_suppression,0.15,0.05,13.8,681,1532,0.44451697127937334,0.7408075814724295
false_negative_suppression_js_0.15,false_negative_suppression,0.15,0.05,13.850000000000001,681,1532,0.44451697127937334,0.7408075814724295
false_negative_suppression_js_0.15,false_negative_suppression,0.15,0.05,13.9,681,1532,0.44451697127937334,0.7408075814724295
false_negative_suppression_js_0.15,false_negative_suppression,0.15,0.05,13.950000000000001,681,1532,0.44451697127937334,0.7408075814724295
false_negative_suppression_js_0.15,false_negative_suppression,0.15,0.05,14.0,681,1532,0.44451697127937334,0.7408075814724295
false_negative_suppression_js_0.15,false_negative_suppression,0.15,0.05,14.05,681,1532,0.44451697127937334,0.7408075814724295
false_negative_suppression_js_0.15,false_negative_suppression,0.15,0.05,14.100000000000001,681,1532,0.44451697127937334,0.7408075814724295
false_negative_suppression_js_0.15,false_negative_suppression,0.15,0.05,14.15,681,1532,0.44451697127937334,0.7408075814724295
false_negative_suppression_js_0.15,false_negative_suppression,0.15,0.05,14.200000000000001,681,1532,0.44451697127937334,0.7408075814724295
false_negative_suppression_js_0.15,false_negative_suppression,0.15,0.05,14.25,681,1532,0.44451697127937334,0.7408075814724295
false_negative_suppression_js_0.15,false_negative_suppression,0.15,0.05,14.3,681,1532,0.44451697127937334,0.7408075814724295
false_negative_suppression_js_0.15,false_negative_suppression,0.15,0.05,14.350000000000001,681,1532,0.44451697127937334,0.7408075814724295
false_negative_suppression_js_0.15,false_negative_suppression,0.15,0.05,14.4,681,1532,0.44451697127937334,0.7408075814724295
false_negative_suppression_js_0.15,false_negative_suppression,0.15,0.05,14.450000000000001,681,1532,0.44451697127937334,0.7408075814724295
false_negative_suppression_js_0.15,false_negative_suppression,0.15,0.05,14.5,681,1532,0.44451697127937334,0.7408075814724295
false_negative_suppression_js_0.15,false_negative_suppression,0.15,0.05,14.55,681,1532,0.44451697127937334,0.7408075814724295
false_negative_suppression_js_0.15,false_negative_suppression,0.15,0.05,14.600000000000001,681,1532,0.44451697127937334,0.7408075814724295
false_negative_suppression_js_0.15,false_negative_suppression,0.15,0.05,14.65,681,1532,0.44451697127937334,0.7408075814724295
false_negative_suppression_js_0.15,false_negative_suppression,0.15,0.05,14.700000000000001,681,1532,0.44451697127937334,0.7408075814724295
false_negative_suppression_js_0.15,false_negative_suppression,0.15,0.05,14.75,681,1532,0.44451697127937334,0.7408075814724295
false_negative_suppression_js_0.15,false_negative_suppression,0.15,0.05,14.8,681,1532,0.44451697127937334,0.7408075814724295
false_negative_suppression_js_0.15,false_negative_suppression,0.15,0.05,14.850000000000001,681,1532,0.44451697127937334,0.7408075814724295
false_negative_suppression_js_0.15,false_negative_suppression,0.15,0.05,14.9,681,1532,0.44451697127937334,0.7408075814724295
false_negative_suppression_js_0.15,false_negative_suppression,0.15,0.05,14.950000000000001,681,1532,0.44451697127937334,0.7408075814724295
false_negative_suppression_js_0.15,false_negative_suppression,0.15,0.05,15.0,681,1532,0.44451697127937334,0.7408075814724295
