prior_id,family,target_js_nats,gamma,seed,episode,target_x,target_y,success,t_find,capped_time,path_length_until_stop
oracle,oracle,0.0,0.1,7,0,0.6875,0.7375,True,1.2000000000000002,1.2000000000000002,0.7228310634848021
oracle,oracle,0.0,0.1,7,1,0.8125,0.8625,True,1.5,1.5,0.8997433291654136
oracle,oracle,0.0,0.1,7,2,0.8625,0.7875,True,3.2,3.2,1.4224252706245717
oracle,oracle,0.0,0.1,7,3,0.7625,0.5625,False,,15.0,1.5627683088641557
oracle,oracle,0.0,0.1,7,4,0.6375,0.6125,True,1.05,1.05,0.5976160859419232
oracle,oracle,0.0,0.1,7,5,0.0375,0.8625,False,,15.0,1.5627683088641557
oracle,oracle,0.0,0.1,7,6,0.8875,0.0125,False,,15.0,1.5627683088641557
oracle,oracle,0.0,0.1,7,7,0.8375,0.8125,True,3.2,3.2,1.4224252706245717
oracle,oracle,0.0,0.1,7,8,0.6375,0.8125,True,1.9500000000000002,1.9500000000000002,0.9932577553568178
oracle,oracle,0.0,0.1,7,9,0.0625,0.6875,False,,15.0,1.5627683088641557
oracle,oracle,0.0,0.1,7,10,0.6625,0.6125,True,1.05,1.05,0.5976160859419232
oracle,oracle,0.0,0.1,7,11,0.8625,0.5875,False,,15.0,1.5627683088641557
oracle,oracle,0.0,0.1,7,12,0.6625,0.5875,True,1.0,1.0,0.5541901143956411
oracle,oracle,0.0,0.1,7,13,0.7875,0.6625,True,1.35,1.35,0.8271843934411361
oracle,oracle,0.0,0.1,7,14,0.7625,0.6875,True,1.1500000000000001,1.1500000000000001,0.6816792578554833
oracle,oracle,0.0,0.1,7,15,0.6625,0.7125,True,1.1500000000000001,1.1500000000000001,0.6816792578554833
oracle,oracle,0.0,0.1,7,16,0.7375,0.9875,True,5.2,5.2,1.5627683088641557
oracle,oracle,0.0,0.1,7,17,0.6125,0.8125,True,2.0500000000000003,2.0500000000000003,1.0163736141168984
oracle,oracle,0.0,0.1,7,18,0.6625,0.7375,True,1.2000000000000002,1.2000000000000002,0.7228310634848021
oracle,oracle,0.0,0.1,7,19,0.0375,0.9875,False,,15.0,1.5627683088641557
oracle,oracle,0.0,0.1,7,20,0.6625,0.5625,True,1.0,1.0,0.5541901143956411
oracle,oracle,0.0,0.1,7,21,0.6625,0.5125,True,1.0,1.0,0.5541901143956411
oracle,oracle,0.0,0.1,7,22,0.5875,0.7375,True,1.3,1.3,0.795265289333051
oracle,oracle,0.0,0.1,7,23,0.5125,0.1875,False,,15.0,1.5627683088641557
oracle,oracle,0.0,0.1,7,24,0.0875,0.1625,False,,15.0,1.5627683088641557
oracle,oracle,0.0,0.1,7,25,0.8125,0.6875,True,1.5,1.5,0.8997433291654136
oracle,oracle,0.0,0.1,7,26,0.9625,0.6625,True,3.25,3.25,1.4451584936330208
oracle,oracle,0.0,0.1,7,27,0.6625,0.8875,True,5.550000000000001,5.550000000000001,1.5627683088641557
oracle,oracle,0.0,0.1,7,28,0.7125,0.7375,True,1.2000000000000002,1.2000000000000002,0.7228310634848021
oracle,oracle,0.0,0.1,7,29,0.8125,0.6875,True,1.5,1.5,0.8997433291654136
oracle,oracle,0.0,0.1,7,30,0.7125,0.6875,True,1.1500000000000001,1.1500000000000001,0.6816792578554833
oracle,oracle,0.0,0.1,7,31,0.5875,0.5875,True,1.05,1.05,0.5976160859419232
oracle,oracle,0.0,0.1,7,32,0.0125,0.0625,False,,15.0,1.5627683088641557
oracle,oracle,0.0,0.1,7,33,0.7375,0.5375,False,,15.0,1.5627683088641557
oracle,oracle,0.0,0.1,7,34,0.7125,0.7625,True,1.25,1.25,0.7606721633037263
oracle,oracle,0.0,0.1,7,35,0.8375,0.5375,False,,15.0,1.5627683088641557
oracle,oracle,0.0,0.1,7,36,0.7125,0.6375,True,1.05,1.05,0.5976160859419232
oracle,oracle,0.0,0.1,7,37,0.6375,0.0125,False,,15.0,1.5627683088641557
oracle,oracle,0.0,0.1,7,38,0.9375,0.8125,True,3.35,3.35,1.4859546521684897
oracle,oracle,0.0,0.1,7,39,0.9125,0.4875,False,,15.0,1.5627683088641557
oracle,oracle,0.0,0.1,7,40,0.7625,0.5875,True,1.35,1.35,0.8271843934411361
oracle,oracle,0.0,0.1,7,41,0.5875,0.8625,False,,15.0,1.5627683088641557
oracle,oracle,0.0,0.1,7,42,0.7875,0.6875,True,1.2000000000000002,1.2000000000000002,0.7228310634848021
oracle,oracle,0.0,0.1,7,43,0.6875,0.8375,True,1.8,1.8,0.9618704842187275
oracle,oracle,0.0,0.1,7,44,0.7625,0.7375,True,1.25,1.25,0.7606721633037263
oracle,oracle,0.0,0.1,7,45,0.6375,0.7875,True,1.4500000000000002,1.4500000000000002,0.8784444802105963
oracle,oracle,0.0,0.1,7,46,0.8625,0.3625,False,,15.0,1.5627683088641557
oracle,oracle,0.0,0.1,7,47,0.5375,0.7125,True,2.2,2.2,1.0686509453017863
oracle,oracle,0.0,0.1,7,48,0.7625,0.6875,True,1.1500000000000001,1.1500000000000001,0.6816792578554833
oracle,oracle,0.0,0.1,7,49,0.9375,0.8375,True,3.4000000000000004,3.4000000000000004,1.5036086651866725
oracle,oracle,0.0,0.1,7,50,0.6875,0.6375,True,1.05,1.05,0.5976160859419232
oracle,oracle,0.0,0.1,7,51,0.9375,0.7125,True,3.1500000000000004,3.1500000000000004,1.398533193989169
oracle,oracle,0.0,0.1,7,52,0.0875,0.2625,False,,15.0,1.5627683088641557
oracle,oracle,0.0,0.1,7,53,0.8375,0.6375,True,1.6,1.6,0.9298513534857621
oracle,oracle,0.0,0.1,7,54,0.7875,0.6125,True,1.4000000000000001,1.4000000000000001,0.8544733947436302
oracle,oracle,0.0,0.1,7,55,0.8125,0.4875,False,,15.0,1.5627683088641557
oracle,oracle,0.0,0.1,7,56,0.7875,0.8125,True,1.35,1.35,0.8271843934411361
oracle,oracle,0.0,0.1,7,57,0.7875,0.6375,True,1.4000000000000001,1.4000000000000001,0.8544733947436302
oracle,oracle,0.0,0.1,7,58,0.5625,0.9625,False,,15.0,1.5627683088641557
oracle,oracle,0.0,0.1,7,59,0.8625,0.7125,True,3.0500000000000003,3.0500000000000003,1.3579962474010052
oracle,oracle,0.0,0.1,7,60,0.4125,0.7375,False,,15.0,1.5627683088641557
oracle,oracle,0.0,0.1,7,61,0.7625,0.7375,True,1.25,1.25,0.7606721633037263
oracle,oracle,0.0,0.1,7,62,0.5875,0.7625,True,2.0500000000000003,2.0500000000000003,1.0163736141168984
oracle,oracle,0.0,0.1,7,63,0.8125,0.4875,False,,15.0,1.5627683088641557
oracle,oracle,0.0,0.1,11,0,0.6875,0.4625,False,,15.0,1.5627683088641557
oracle,oracle,0.0,0.1,11,1,0.7375,0.6875,True,1.1500000000000001,1.1500000000000001,0.6816792578554833
oracle,oracle,0.0,0.1,11,2,0.9875,0.7125,True,3.2,3.2,1.4224252706245717
oracle,oracle,0.0,0.1,11,3,0.9125,0.1125,False,,15.0,1.5627683088641557
oracle,oracle,0.0,0.1,11,4,0.7625,0.4875,False,,15.0,1.5627683088641557
oracle,oracle,0.0,0.1,11,5,0.8125,0.8875,True,5.6000000000000005,5.6000000000000005,1.5627683088641557
oracle,oracle,0.0,0.1,11,6,0.8875,0.2875,False,,15.0,1.5627683088641557
oracle,oracle,0.0,0.1,11,7,0.7125,0.4625,False,,15.0,1.5627683088641557
oracle,oracle,0.0,0.1,11,8,0.7625,0.9125,True,5.45,5.45,1.5627683088641557
oracle,oracle,0.0,0.1,11,9,0.6625,0.7375,True,1.2000000000000002,1.2000000000000002,0.7228310634848021
oracle,oracle,0.0,0.1,11,10,0.7125,0.6375,True,1.05,1.05,0.5976160859419232
oracle,oracle,0.0,0.1,11,11,0.7875,0.6875,True,1.2000000000000002,1.2000000000000002,0.7228310634848021
oracle,oracle,0.0,0.1,11,12,0.9125,0.7375,True,3.1500000000000004,3.1500000000000004,1.398533193989169
oracle,oracle,0.0,0.1,11,13,0.8125,0.5875,False,,15.0,1.5627683088641557
oracle,oracle,0.0,0.1,11,14,0.9875,0.4625,False,,15.0,1.5627683088641557
oracle,oracle,0.0,0.1,11,15,0.5125,0.8125,False,,15.0,1.5627683088641557
oracle,oracle,0.0,0.1,11,16,0.4125,0.7625,False,,15.0,1.5627683088641557
oracle,oracle,0.0,0.1,11,17,0.7875,0.6875,True,1.2000000000000002,1.2000000000000002,0.7228310634848021
oracle,oracle,0.0,0.1,11,18,0.7875,0.8125,True,1.35,1.35,0.8271843934411361
oracle,oracle,0.0,0.1,11,19,0.6125,0.7125,True,1.1500000000000001,1.1500000000000001,0.6816792578554833
oracle,oracle,0.0,0.1,11,20,0.6625,0.9625,True,5.3500000000000005,5.3500000000000005,1.5627683088641557
oracle,oracle,0.0,0.1,11,21,0.8875,0.5375,False,,15.0,1.5627683088641557
oracle,oracle,0.0,0.1,11,22,0.6625,0.7125,True,1.1500000000000001,1.1500000000000001,0.6816792578554833
oracle,oracle,0.0,0.1,11,23,0.6375,0.6875,True,1.1,1.1,0.639852540497375
oracle,oracle,0.0,0.1,11,24,0.6125,0.6375,True,1.05,1.05,0.5976160859419232
oracle,oracle,0.0,0.1,11,25,0.8625,0.7125,True,3.0500000000000003,3.0500000000000003,1.3579962474010052
oracle,oracle,0.0,0.1,11,26,0.8375,0.5625,False,,15.0,1.5627683088641557
oracle,oracle,0.0,0.1,11,27,0.6875,0.8125,True,1.4000000000000001,1.4000000000000001,0.8544733947436302
oracle,oracle,0.0,0.1,11,28,0.8625,0.8375,True,3.35,3.35,1.4859546521684897
oracle,oracle,0.0,0.1,11,29,0.6875,0.4625,False,,15.0,1.5627683088641557
oracle,oracle,0.0,0.1,11,30,0.9875,0.6625,True,3.3000000000000003,3.3000000000000003,1.4666526013688796
oracle,oracle,0.0,0.1,11,31,0.8375,0.5875,False,,15.0,1.5627683088641557
oracle,oracle,0.0,0.1,11,32,0.7875,0.3375,False,,15.0,1.5627683088641557
oracle,oracle,0.0,0.1,11,33,0.7875,0.8625,True,1.5,1.5,0.8997433291654136
oracle,oracle,0.0,0.1,11,34,0.7125,0.6625,True,1.1,1.1,0.639852540497375
oracle,oracle,0.0,0.1,11,35,0.7625,0.4875,False,,15.0,1.5627683088641557
oracle,oracle,0.0,0.1,11,36,0.5375,0.7625,True,2.2,2.2,1.0686509453017863
oracle,oracle,0.0,0.1,11,37,0.8625,0.5375,False,,15.0,1.5627683088641557
oracle,oracle,0.0,0.1,11,38,0.8625,0.8625,True,6.0,6.0,1.5627683088641557
oracle,oracle,0.0,0.1,11,39,0.6875,0.5625,True,1.0,1.0,0.5541901143956411
oracle,oracle,0.0,0.1,11,40,0.6375,0.1375,False,,15.0,1.5627683088641557
oracle,oracle,0.0,0.1,11,41,0.8375,0.5375,False,,15.0,1.5627683088641557
oracle,oracle,0.0,0.1,11,42,0.4875,0.6375,True,1.2000000000000002,1.2000000000000002,0.7228310634848021
oracle,oracle,0.0,0.1,11,43,0.2375,0.6875,False,,15.0,1.5627683088641557
oracle,oracle,0.0,0.1,11,44,0.9375,0.8625,True,3.45,3.45,1.5204219341705754
oracle,oracle,0.0,0.1,11,45,0.7375,0.7625,True,1.25,1.25,0.7606721633037263
oracle,oracle,0.0,0.1,11,46,0.9625,0.6125,False,,15.0,1.5627683088641557
oracle,oracle,0.0,0.1,11,47,0.8875,0.0625,False,,15.0,1.5627683088641557
oracle,oracle,0.0,0.1,11,48,0.6625,0.5125,True,1.0,1.0,0.5541901143956411
oracle,oracle,0.0,0.1,11,49,0.7625,0.9875,True,5.15,5.15,1.5627683088641557
oracle,oracle,0.0,0.1,11,50,0.8875,0.6625,True,3.1,3.1,1.3773808160715544
oracle,oracle,0.0,0.1,11,51,0.6875,0.7625,True,1.25,1.25,0.7606721633037263
oracle,oracle,0.0,0.1,11,52,0.3125,0.2375,True,0.15000000000000002,0.15000000000000002,0.008026552664519631
oracle,oracle,0.0,0.1,11,53,0.8125,0.1375,False,,15.0,1.5627683088641557
oracle,oracle,0.0,0.1,11,54,0.6625,0.8375,True,1.9000000000000001,1.9000000000000001,0.9833763382921547
oracle,oracle,0.0,0.1,11,55,0.8375,0.7125,True,3.0500000000000003,3.0500000000000003,1.3579962474010052
oracle,oracle,0.0,0.1,11,56,0.7125,0.6125,True,1.05,1.05,0.5976160859419232
oracle,oracle,0.0,0.1,11,57,0.7625,0.6125,True,1.3,1.3,0.795265289333051
oracle,oracle,0.0,0.1,11,58,0.6625,0.3625,False,,15.0,1.5627683088641557
oracle,oracle,0.0,0.1,11,59,0.8375,0.5125,False,,15.0,1.5627683088641557
oracle,oracle,0.0,0.1,11,60,0.1875,0.1125,True,0.0,0.0,0.0
oracle,oracle,0.0,0.1,11,61,0.5875,0.8375,False,,15.0,1.5627683088641557
oracle,oracle,0.0,0.1,11,62,0.9625,0.6625,True,3.25,3.25,1.4451584936330208
oracle,oracle,0.0,0.1,11,63,0.6625,0.4625,True,2.45,2.45,1.1616575674591878
spatial_shift_js_0.05,spatial_shift,0.05,0.1,7,0,0.6875,0.7375,True,1.25,1.25,0.7049289371581784
spatial_shift_js_0.05,spatial_shift,0.05,0.1,7,1,0.8125,0.8625,True,5.800000000000001,5.800000000000001,1.5952416034010206
spatial_shift_js_0.05,spatial_shift,0.05,0.1,7,2,0.8625,0.7875,True,3.3000000000000003,3.3000000000000003,1.4677889722324555
spatial_shift_js_0.05,spatial_shift,0.05,0.1,7,3,0.7625,0.5625,False,,15.0,1.5952416034010206
spatial_shift_js_0.05,spatial_shift,0.05,0.1,7,4,0.6375,0.6125,True,1.05,1.05,0.5658752439289056
spatial_shift_js_0.05,spatial_shift,0.05,0.1,7,5,0.0375,0.8625,False,,15.0,1.5952416034010206
spatial_shift_js_0.05,spatial_shift,0.05,0.1,7,6,0.8875,0.0125,False,,15.0,1.5952416034010206
spatial_shift_js_0.05,spatial_shift,0.05,0.1,7,7,0.8375,0.8125,True,3.35,3.35,1.4907270346017338
spatial_shift_js_0.05,spatial_shift,0.05,0.1,7,8,0.6375,0.8125,True,1.4000000000000001,1.4000000000000001,0.7965348781804127
spatial_shift_js_0.05,spatial_shift,0.05,0.1,7,9,0.0625,0.6875,False,,15.0,1.5952416034010206
spatial_shift_js_0.05,spatial_shift,0.05,0.1,7,10,0.6625,0.6125,True,1.05,1.05,0.5658752439289056
spatial_shift_js_0.05,spatial_shift,0.05,0.1,7,11,0.8625,0.5875,True,3.25,3.25,1.443800196038379
spatial_shift_js_0.05,spatial_shift,0.05,0.1,7,12,0.6625,0.5875,True,1.05,1.05,0.5658752439289056
spatial_shift_js_0.05,spatial_shift,0.05,0.1,7,13,0.7875,0.6625,True,3.0,3.0,1.3055038954209883
spatial_shift_js_0.05,spatial_shift,0.05,0.1,7,14,0.7625,0.6875,True,3.0,3.0,1.3055038954209883
spatial_shift_js_0.05,spatial_shift,0.05,0.1,7,15,0.6625,0.7125,True,1.2000000000000002,1.2000000000000002,0.6697990630056979
spatial_shift_js_0.05,spatial_shift,0.05,0.1,7,16,0.7375,0.9875,True,5.2,5.2,1.5952416034010206
spatial_shift_js_0.05,spatial_shift,0.05,0.1,7,17,0.6125,0.8125,True,1.4000000000000001,1.4000000000000001,0.7965348781804127
spatial_shift_js_0.05,spatial_shift,0.05,0.1,7,18,0.6625,0.7375,True,1.25,1.25,0.7049289371581784
spatial_shift_js_0.05,spatial_shift,0.05,0.1,7,19,0.0375,0.9875,False,,15.0,1.5952416034010206
spatial_shift_js_0.05,spatial_shift,0.05,0.1,7,20,0.6625,0.5625,True,1.05,1.05,0.5658752439289056
spatial_shift_js_0.05,spatial_shift,0.05,0.1,7,21,0.6625,0.5125,True,1.25,1.25,0.7049289371581784
spatial_shift_js_0.05,spatial_shift,0.05,0.1,7,22,0.5875,0.7375,True,1.25,1.25,0.7049289371581784
spatial_shift_js_0.05,spatial_shift,0.05,0.1,7,23,0.5125,0.1875,False,,15.0,1.5952416034010206
spatial_shift_js_0.05,spatial_shift,0.05,0.1,7,24,0.0875,0.1625,False,,15.0,1.5952416034010206
spatial_shift_js_0.05,spatial_shift,0.05,0.1,7,25,0.8125,0.6875,True,3.0500000000000003,3.0500000000000003,1.3311124740656497
spatial_shift_js_0.05,spatial_shift,0.05,0.1,7,26,0.9625,0.6625,True,3.25,3.25,1.443800196038379
spatial_shift_js_0.05,spatial_shift,0.05,0.1,7,27,0.6625,0.8875,True,1.6,1.6,0.8734501783375608
spatial_shift_js_0.05,spatial_shift,0.05,0.1,7,28,0.7125,0.7375,True,1.25,1.25,0.7049289371581784
spatial_shift_js_0.05,spatial_shift,0.05,0.1,7,29,0.8125,0.6875,True,3.0500000000000003,3.0500000000000003,1.3311124740656497
spatial_shift_js_0.05,spatial_shift,0.05,0.1,7,30,0.7125,0.6875,True,1.2000000000000002,1.2000000000000002,0.6697990630056979
spatial_shift_js_0.05,spatial_shift,0.05,0.1,7,31,0.5875,0.5875,True,1.1,1.1,0.600660350053191
spatial_shift_js_0.05,spatial_shift,0.05,0.1,7,32,0.0125,0.0625,False,,15.0,1.5952416034010206
spatial_shift_js_0.05,spatial_shift,0.05,0.1,7,33,0.7375,0.5375,False,,15.0,1.5952416034010206
spatial_shift_js_0.05,spatial_shift,0.05,0.1,7,34,0.7125,0.7625,True,1.3,1.3,0.7389901418397475
spatial_shift_js_0.05,spatial_shift,0.05,0.1,7,35,0.8375,0.5375,False,,15.0,1.5952416034010206
spatial_shift_js_0.05,spatial_shift,0.05,0.1,7,36,0.7125,0.6375,True,1.1,1.1,0.600660350053191
spatial_shift_js_0.05,spatial_shift,0.05,0.1,7,37,0.6375,0.0125,False,,15.0,1.5952416034010206
spatial_shift_js_0.05,spatial_shift,0.05,0.1,7,38,0.9375,0.8125,True,3.4000000000000004,3.4000000000000004,1.5124701136368448
spatial_shift_js_0.05,spatial_shift,0.05,0.1,7,39,0.9125,0.4875,False,,15.0,1.5952416034010206
spatial_shift_js_0.05,spatial_shift,0.05,0.1,7,40,0.7625,0.5875,True,3.0500000000000003,3.0500000000000003,1.3311124740656497
spatial_shift_js_0.05,spatial_shift,0.05,0.1,7,41,0.5875,0.8625,True,1.6500000000000001,1.6500000000000001,0.884970052445812
spatial_shift_js_0.05,spatial_shift,0.05,0.1,7,42,0.7875,0.6875,True,3.0500000000000003,3.0500000000000003,1.3311124740656497
spatial_shift_js_0.05,spatial_shift,0.05,0.1,7,43,0.6875,0.8375,True,1.4500000000000002,1.4500000000000002,0.8209080783145739
spatial_shift_js_0.05,spatial_shift,0.05,0.1,7,44,0.7625,0.7375,True,3.1,3.1,1.3582917727872181
spatial_shift_js_0.05,spatial_shift,0.05,0.1,7,45,0.6375,0.7875,True,1.35,1.35,0.7696970309227227
spatial_shift_js_0.05,spatial_shift,0.05,0.1,7,46,0.8625,0.3625,False,,15.0,1.5952416034010206
spatial_shift_js_0.05,spatial_shift,0.05,0.1,7,47,0.5375,0.7125,True,1.25,1.25,0.7049289371581784
spatial_shift_js_0.05,spatial_shift,0.05,0.1,7,48,0.7625,0.6875,True,3.0,3.0,1.3055038954209883
spatial_shift_js_0.05,spatial_shift,0.05,0.1,7,49,0.9375,0.8375,True,3.45,3.45,1.5335176754989228
spatial_shift_js_0.05,spatial_shift,0.05,0.1,7,50,0.6875,0.6375,True,1.1,1.1,0.600660350053191
spatial_shift_js_0.05,spatial_shift,0.05,0.1,7,51,0.9375,0.7125,True,3.2,3.2,1.4171258205869386
spatial_shift_js_0.05,spatial_shift,0.05,0.1,7,52,0.0875,0.2625,False,,15.0,1.5952416034010206
spatial_shift_js_0.05,spatial_shift,0.05,0.1,7,53,0.8375,0.6375,True,3.0500000000000003,3.0500000000000003,1.3311124740656497
spatial_shift_js_0.05,spatial_shift,0.05,0.1,7,54,0.7875,0.6125,True,3.0500000000000003,3.0500000000000003,1.3311124740656497
spatial_shift_js_0.05,spatial_shift,0.05,0.1,7,55,0.8125,0.4875,False,,15.0,1.5952416034010206
spatial_shift_js_0.05,spatial_shift,0.05,0.1,7,56,0.7875,0.8125,True,3.25,3.25,1.443800196038379
spatial_shift_js_0.05,spatial_shift,0.05,0.1,7,57,0.7875,0.6375,True,3.0,3.0,1.3055038954209883
spatial_shift_js_0.05,spatial_shift,0.05,0.1,7,58,0.5625,0.9625,False,,15.0,1.5952416034010206
spatial_shift_js_0.05,spatial_shift,0.05,0.1,7,59,0.8625,0.7125,True,3.1500000000000004,3.1500000000000004,1.3883906414785847
spatial_shift_js_0.05,spatial_shift,0.05,0.1,7,60,0.4125,0.7375,True,2.0500000000000003,2.0500000000000003,0.9857771824348919
spatial_shift_js_0.05,spatial_shift,0.05,0.1,7,61,0.7625,0.7375,True,3.1,3.1,1.3582917727872181
spatial_shift_js_0.05,spatial_shift,0.05,0.1,7,62,0.5875,0.7625,True,1.3,1.3,0.7389901418397475
spatial_shift_js_0.05,spatial_shift,0.05,0.1,7,63,0.8125,0.4875,False,,15.0,1.5952416034010206
spatial_shift_js_0.05,spatial_shift,0.05,0.1,11,0,0.6875,0.4625,False,,15.0,1.5952416034010206
spatial_shift_js_0.05,spatial_shift,0.05,0.1,11,1,0.7375,0.6875,True,1.2000000000000002,1.2000000000000002,0.6697990630056979
spatial_shift_js_0.05,spatial_shift,0.05,0.1,11,2,0.9875,0.7125,True,3.25,3.25,1.443800196038379
spatial_shift_js_0.05,spatial_shift,0.05,0.1,11,3,0.9125,0.1125,False,,15.0,1.5952416034010206
spatial_shift_js_0.05,spatial_shift,0.05,0.1,11,4,0.7625,0.4875,False,,15.0,1.5952416034010206
spatial_shift_js_0.05,spatial_shift,0.05,0.1,11,5,0.8125,0.8875,True,5.6000000000000005,5.6000000000000005,1.5952416034010206
spatial_shift_js_0.05,spatial_shift,0.05,0.1,11,6,0.8875,0.2875,False,,15.0,1.5952416034010206
spatial_shift_js_0.05,spatial_shift,0.05,0.1,11,7,0.7125,0.4625,False,,15.0,1.5952416034010206
spatial_shift_js_0.05,spatial_shift,0.05,0.1,11,8,0.7625,0.9125,True,5.45,5.45,1.5952416034010206
spatial_shift_js_0.05,spatial_shift,0.05,0.1,11,9,0.6625,0.7375,True,1.25,1.25,0.7049289371581784
spatial_shift_js_0.05,spatial_shift,0.05,0.1,11,10,0.7125,0.6375,True,1.1,1.1,0.600660350053191
spatial_shift_js_0.05,spatial_shift,0.05,0.1,11,11,0.7875,0.6875,True,3.0500000000000003,3.0500000000000003,1.3311124740656497
spatial_shift_js_0.05,spatial_shift,0.05,0.1,11,12,0.9125,0.7375,True,3.25,3.25,1.443800196038379
spatial_shift_js_0.05,spatial_shift,0.05,0.1,11,13,0.8125,0.5875,True,3.1500000000000004,3.1500000000000004,1.3883906414785847
spatial_shift_js_0.05,spatial_shift,0.05,0.1,11,14,0.9875,0.4625,False,,15.0,1.5952416034010206
spatial_shift_js_0.05,spatial_shift,0.05,0.1,11,15,0.5125,0.8125,True,1.75,1.75,0.9029605979421831
spatial_shift_js_0.05,spatial_shift,0.05,0.1,11,16,0.4125,0.7625,True,2.0500000000000003,2.0500000000000003,0.9857771824348919
spatial_shift_js_0.05,spatial_shift,0.05,0.1,11,17,0.7875,0.6875,True,3.0500000000000003,3.0500000000000003,1.3311124740656497
spatial_shift_js_0.05,spatial_shift,0.05,0.1,11,18,0.7875,0.8125,True,3.25,3.25,1.443800196038379
spatial_shift_js_0.05,spatial_shift,0.05,0.1,11,19,0.6125,0.7125,True,1.2000000000000002,1.2000000000000002,0.6697990630056979
spatial_shift_js_0.05,spatial_shift,0.05,0.1,11,20,0.6625,0.9625,True,5.3500000000000005,5.3500000000000005,1.5952416034010206
spatial_shift_js_0.05,spatial_shift,0.05,0.1,11,21,0.8875,0.5375,False,,15.0,1.5952416034010206
spatial_shift_js_0.05,spatial_shift,0.05,0.1,11,22,0.6625,0.7125,True,1.2000000000000002,1.2000000000000002,0.6697990630056979
spatial_shift_js_0.05,spatial_shift,0.05,0.1,11,23,0.6375,0.6875,True,1.1500000000000001,1.1500000000000001,0.6352550161521534
spatial_shift_js_0.05,spatial_shift,0.05,0.1,11,24,0.6125,0.6375,True,1.1,1.1,0.600660350053191
spatial_shift_js_0.05,spatial_shift,0.05,0.1,11,25,0.8625,0.7125,True,3.1500000000000004,3.1500000000000004,1.3883906414785847
spatial_shift_js_0.05,spatial_shift,0.05,0.1,11,26,0.8375,0.5625,False,,15.0,1.5952416034010206
spatial_shift_js_0.05,spatial_shift,0.05,0.1,11,27,0.6875,0.8125,True,1.4000000000000001,1.4000000000000001,0.7965348781804127
spatial_shift_js_0.05,spatial_shift,0.05,0.1,11,28,0.8625,0.8375,True,3.4000000000000004,3.4000000000000004,1.5124701136368448
spatial_shift_js_0.05,spatial_shift,0.05,0.1,11,29,0.6875,0.4625,False,,15.0,1.5952416034010206
spatial_shift_js_0.05,spatial_shift,0.05,0.1,11,30,0.9875,0.6625,True,3.3000000000000003,3.3000000000000003,1.4677889722324555
spatial_shift_js_0.05,spatial_shift,0.05,0.1,11,31,0.8375,0.5875,True,3.2,3.2,1.4171258205869386
spatial_shift_js_0.05,spatial_shift,0.05,0.1,11,32,0.7875,0.3375,False,,15.0,1.5952416034010206
spatial_shift_js_0.05,spatial_shift,0.05,0.1,11,33,0.7875,0.8625,True,5.75,5.75,1.5952416034010206
spatial_shift_js_0.05,spatial_shift,0.05,0.1,11,34,0.7125,0.6625,True,1.1500000000000001,1.1500000000000001,0.6352550161521534
spatial_shift_js_0.05,spatial_shift,0.05,0.1,11,35,0.7625,0.4875,False,,15.0,1.5952416034010206
spatial_shift_js_0.05,spatial_shift,0.05,0.1,11,36,0.5375,0.7625,True,1.4000000000000001,1.4000000000000001,0.7965348781804127
spatial_shift_js_0.05,spatial_shift,0.05,0.1,11,37,0.8625,0.5375,False,,15.0,1.5952416034010206
spatial_shift_js_0.05,spatial_shift,0.05,0.1,11,38,0.8625,0.8625,True,6.0,6.0,1.5952416034010206
spatial_shift_js_0.05,spatial_shift,0.05,0.1,11,39,0.6875,0.5625,True,1.0,1.0,0.5303715870342353
spatial_shift_js_0.05,spatial_shift,0.05,0.1,11,40,0.6375,0.1375,False,,15.0,1.5952416034010206
spatial_shift_js_0.05,spatial_shift,0.05,0.1,11,41,0.8375,0.5375,False,,15.0,1.5952416034010206
spatial_shift_js_0.05,spatial_shift,0.05,0.1,11,42,0.4875,0.6375,True,1.25,1.25,0.7049289371581784
spatial_shift_js_0.05,spatial_shift,0.05,0.1,11,43,0.2375,0.6875,False,,15.0,1.5952416034010206
spatial_shift_js_0.05,spatial_shift,0.05,0.1,11,44,0.9375,0.8625,True,3.5,3.5,1.5526433397571704
spatial_shift_js_0.05,spatial_shift,0.05,0.1,11,45,0.7375,0.7625,True,1.3,1.3,0.7389901418397475
spatial_shift_js_0.05,spatial_shift,0.05,0.1,11,46,0.9625,0.6125,False,,15.0,1.5952416034010206
spatial_shift_js_0.05,spatial_shift,0.05,0.1,11,47,0.8875,0.0625,False,,15.0,1.5952416034010206
spatial_shift_js_0.05,spatial_shift,0.05,0.1,11,48,0.6625,0.5125,True,1.25,1.25,0.7049289371581784
spatial_shift_js_0.05,spatial_shift,0.05,0.1,11,49,0.7625,0.9875,True,5.15,5.15,1.5952416034010206
spatial_shift_js_0.05,spatial_shift,0.05,0.1,11,50,0.8875,0.6625,True,3.1,3.1,1.3582917727872181
spatial_shift_js_0.05,spatial_shift,0.05,0.1,11,51,0.6875,0.7625,True,1.3,1.3,0.7389901418397475
spatial_shift_js_0.05,spatial_shift,0.05,0.1,11,52,0.3125,0.2375,True,0.15000000000000002,0.15000000000000002,0.007954296174575284
spatial_shift_js_0.05,spatial_shift,0.05,0.1,11,53,0.8125,0.1375,False,,15.0,1.5952416034010206
spatial_shift_js_0.05,spatial_shift,0.05,0.1,11,54,0.6625,0.8375,True,1.4500000000000002,1.4500000000000002,0.8209080783145739
spatial_shift_js_0.05,spatial_shift,0.05,0.1,11,55,0.8375,0.7125,True,3.1500000000000004,3.1500000000000004,1.3883906414785847
spatial_shift_js_0.05,spatial_shift,0.05,0.1,11,56,0.7125,0.6125,True,1.1,1.1,0.600660350053191
spatial_shift_js_0.05,spatial_shift,0.05,0.1,11,57,0.7625,0.6125,True,3.0,3.0,1.3055038954209883
spatial_shift_js_0.05,spatial_shift,0.05,0.1,11,58,0.6625,0.3625,False,,15.0,1.5952416034010206
spatial_shift_js_0.05,spatial_shift,0.05,0.1,11,59,0.8375,0.5125,False,,15.0,1.5952416034010206
spatial_shift_js_0.05,spatial_shift,0.05,0.1,11,60,0.1875,0.1125,True,0.0,0.0,0.0
spatial_shift_js_0.05,spatial_shift,0.05,0.1,11,61,0.5875,0.8375,True,1.55,1.55,0.8585740583203554
spatial_shift_js_0.05,spatial_shift,0.05,0.1,11,62,0.9625,0.6625,True,3.25,3.25,1.443800196038379
spatial_shift_js_0.05,spatial_shift,0.05,0.1,11,63,0.6625,0.4625,False,,15.0,1.5952416034010206
spatial_shift_js_0.1,spatial_shift,0.1,0.1,7,0,0.6875,0.7375,True,1.3,1.3,0.6994417991745991
spatial_shift_js_0.1,spatial_shift,0.1,0.1,7,1,0.8125,0.8625,True,5.800000000000001,5.800000000000001,1.6509409433173365
spatial_shift_js_0.1,spatial_shift,0.1,0.1,7,2,0.8625,0.7875,True,3.35,3.35,1.512950199265975
spatial_shift_js_0.1,spatial_shift,0.1,0.1,7,3,0.7625,0.5625,True,3.2,3.2,1.4307251562898065
spatial_shift_js_0.1,spatial_shift,0.1,0.1,7,4,0.6375,0.6125,True,1.1,1.1,0.5789830150617555
spatial_shift_js_0.1,spatial_shift,0.1,0.1,7,5,0.0375,0.8625,False,,15.0,1.6509409433173365
spatial_shift_js_0.1,spatial_shift,0.1,0.1,7,6,0.8875,0.0125,False,,15.0,1.6509409433173365
spatial_shift_js_0.1,spatial_shift,0.1,0.1,7,7,0.8375,0.8125,True,3.4000000000000004,3.4000000000000004,1.537045405054152
spatial_shift_js_0.1,spatial_shift,0.1,0.1,7,8,0.6375,0.8125,True,1.4000000000000001,1.4000000000000001,0.7612138021241642
spatial_shift_js_0.1,spatial_shift,0.1,0.1,7,9,0.0625,0.6875,False,,15.0,1.6509409433173365
spatial_shift_js_0.1,spatial_shift,0.1,0.1,7,10,0.6625,0.6125,True,1.1,1.1,0.5789830150617555
spatial_shift_js_0.1,spatial_shift,0.1,0.1,7,11,0.8625,0.5875,True,3.25,3.25,1.460487113709363
spatial_shift_js_0.1,spatial_shift,0.1,0.1,7,12,0.6625,0.5875,True,1.1,1.1,0.5789830150617555
spatial_shift_js_0.1,spatial_shift,0.1,0.1,7,13,0.7875,0.6625,True,3.0500000000000003,3.0500000000000003,1.339010844320805
spatial_shift_js_0.1,spatial_shift,0.1,0.1,7,14,0.7625,0.6875,True,3.0500000000000003,3.0500000000000003,1.339010844320805
spatial_shift_js_0.1,spatial_shift,0.1,0.1,7,15,0.6625,0.7125,True,1.25,1.25,0.668590616951971
spatial_shift_js_0.1,spatial_shift,0.1,0.1,7,16,0.7375,0.9875,True,5.2,5.2,1.6509409433173365
spatial_shift_js_0.1,spatial_shift,0.1,0.1,7,17,0.6125,0.8125,True,1.4500000000000002,1.4500000000000002,0.787980254026916
spatial_shift_js_0.1,spatial_shift,0.1,0.1,7,18,0.6625,0.7375,True,1.3,1.3,0.6994417991745991
spatial_shift_js_0.1,spatial_shift,0.1,0.1,7,19,0.0375,0.9875,False,,15.0,1.6509409433173365
spatial_shift_js_0.1,spatial_shift,0.1,0.1,7,20,0.6625,0.5625,True,1.05,1.05,0.5487951659027496
spatial_shift_js_0.1,spatial_shift,0.1,0.1,7,21,0.6625,0.5125,False,,15.0,1.6509409433173365
spatial_shift_js_0.1,spatial_shift,0.1,0.1,7,22,0.5875,0.7375,True,1.3,1.3,0.6994417991745991
spatial_shift_js_0.1,spatial_shift,0.1,0.1,7,23,0.5125,0.1875,False,,15.0,1.6509409433173365
spatial_shift_js_0.1,spatial_shift,0.1,0.1,7,24,0.0875,0.1625,False,,15.0,1.6509409433173365
spatial_shift_js_0.1,spatial_shift,0.1,0.1,7,25,0.8125,0.6875,True,3.1,3.1,1.3684605761758666
spatial_shift_js_0.1,spatial_shift,0.1,0.1,7,26,0.9625,0.6625,True,3.3000000000000003,3.3000000000000003,1.4877811348940149
spatial_shift_js_0.1,spatial_shift,0.1,0.1,7,27,0.6625,0.8875,True,5.550000000000001,5.550000000000001,1.6509409433173365
spatial_shift_js_0.1,spatial_shift,0.1,0.1,7,28,0.7125,0.7375,True,1.3,1.3,0.6994417991745991
spatial_shift_js_0.1,spatial_shift,0.1,0.1,7,29,0.8125,0.6875,True,3.1,3.1,1.3684605761758666
spatial_shift_js_0.1,spatial_shift,0.1,0.1,7,30,0.7125,0.6875,True,1.25,1.25,0.668590616951971
spatial_shift_js_0.1,spatial_shift,0.1,0.1,7,31,0.5875,0.5875,True,1.1,1.1,0.5789830150617555
spatial_shift_js_0.1,spatial_shift,0.1,0.1,7,32,0.0125,0.0625,False,,15.0,1.6509409433173365
spatial_shift_js_0.1,spatial_shift,0.1,0.1,7,33,0.7375,0.5375,False,,15.0,1.6509409433173365
spatial_shift_js_0.1,spatial_shift,0.1,0.1,7,34,0.7125,0.7625,True,1.35,1.35,0.7309123697218058
spatial_shift_js_0.1,spatial_shift,0.1,0.1,7,35,0.8375,0.5375,False,,15.0,1.6509409433173365
spatial_shift_js_0.1,spatial_shift,0.1,0.1,7,36,0.7125,0.6375,True,1.1500000000000001,1.1500000000000001,0.6086660481625439
spatial_shift_js_0.1,spatial_shift,0.1,0.1,7,37,0.6375,0.0125,False,,15.0,1.6509409433173365
spatial_shift_js_0.1,spatial_shift,0.1,0.1,7,38,0.9375,0.8125,True,3.45,3.45,1.5597170938387201
spatial_shift_js_0.1,spatial_shift,0.1,0.1,7,39,0.9125,0.4875,False,,15.0,1.6509409433173365
spatial_shift_js_0.1,spatial_shift,0.1,0.1,7,40,0.7625,0.5875,True,3.1,3.1,1.3684605761758666
spatial_shift_js_0.1,spatial_shift,0.1,0.1,7,41,0.5875,0.8625,True,1.55,1.55,0.8328334760917305
spatial_shift_js_0.1,spatial_shift,0.1,0.1,7,42,0.7875,0.6875,True,3.1,3.1,1.3684605761758666
spatial_shift_js_0.1,spatial_shift,0.1,0.1,7,43,0.6875,0.8375,True,1.4500000000000002,1.4500000000000002,0.787980254026916
spatial_shift_js_0.1,spatial_shift,0.1,0.1,7,44,0.7625,0.7375,True,3.1500000000000004,3.1500000000000004,1.3998237376180718
spatial_shift_js_0.1,spatial_shift,0.1,0.1,7,45,0.6375,0.7875,True,1.4000000000000001,1.4000000000000001,0.7612138021241642
spatial_shift_js_0.1,spatial_shift,0.1,0.1,7,46,0.8625,0.3625,False,,15.0,1.6509409433173365
spatial_shift_js_0.1,spatial_shift,0.1,0.1,7,47,0.5375,0.7125,True,1.3,1.3,0.6994417991745991
spatial_shift_js_0.1,spatial_shift,0.1,0.1,7,48,0.7625,0.6875,True,3.0500000000000003,3.0500000000000003,1.339010844320805
spatial_shift_js_0.1,spatial_shift,0.1,0.1,7,49,0.9375,0.8375,True,3.5,3.5,1.5817890976017024
spatial_shift_js_0.1,spatial_shift,0.1,0.1,7,50,0.6875,0.6375,True,1.1500000000000001,1.1500000000000001,0.6086660481625439
spatial_shift_js_0.1,spatial_shift,0.1,0.1,7,51,0.9375,0.7125,True,3.25,3.25,1.460487113709363
spatial_shift_js_0.1,spatial_shift,0.1,0.1,7,52,0.0875,0.2625,False,,15.0,1.6509409433173365
spatial_shift_js_0.1,spatial_shift,0.1,0.1,7,53,0.8375,0.6375,True,3.1500000000000004,3.1500000000000004,1.3998237376180718
spatial_shift_js_0.1,spatial_shift,0.1,0.1,7,54,0.7875,0.6125,True,3.1,3.1,1.3684605761758666
spatial_shift_js_0.1,spatial_shift,0.1,0.1,7,55,0.8125,0.4875,False,,15.0,1.6509409433173365
spatial_shift_js_0.1,spatial_shift,0.1,0.1,7,56,0.7875,0.8125,True,5.95,5.95,1.6509409433173365
spatial_shift_js_0.1,spatial_shift,0.1,0.1,7,57,0.7875,0.6375,True,3.0500000000000003,3.0500000000000003,1.339010844320805
spatial_shift_js_0.1,spatial_shift,0.1,0.1,7,58,0.5625,0.9625,False,,15.0,1.6509409433173365
spatial_shift_js_0.1,spatial_shift,0.1,0.1,7,59,0.8625,0.7125,True,3.2,3.2,1.4307251562898065
spatial_shift_js_0.1,spatial_shift,0.1,0.1,7,60,0.4125,0.7375,True,1.8,1.8,0.9087154731914476
spatial_shift_js_0.1,spatial_shift,0.1,0.1,7,61,0.7625,0.7375,True,3.1500000000000004,3.1500000000000004,1.3998237376180718
spatial_shift_js_0.1,spatial_shift,0.1,0.1,7,62,0.5875,0.7625,True,1.35,1.35,0.7309123697218058
spatial_shift_js_0.1,spatial_shift,0.1,0.1,7,63,0.8125,0.4875,False,,15.0,1.6509409433173365
spatial_shift_js_0.1,spatial_shift,0.1,0.1,11,0,0.6875,0.4625,False,,15.0,1.6509409433173365
spatial_shift_js_0.1,spatial_shift,0.1,0.1,11,1,0.7375,0.6875,True,3.0500000000000003,3.0500000000000003,1.339010844320805
spatial_shift_js_0.1,spatial_shift,0.1,0.1,11,2,0.9875,0.7125,True,3.3000000000000003,3.3000000000000003,1.4877811348940149
spatial_shift_js_0.1,spatial_shift,0.1,0.1,11,3,0.9125,0.1125,False,,15.0,1.6509409433173365
spatial_shift_js_0.1,spatial_shift,0.1,0.1,11,4,0.7625,0.4875,False,,15.0,1.6509409433173365
spatial_shift_js_0.1,spatial_shift,0.1,0.1,11,5,0.8125,0.8875,True,5.6000000000000005,5.6000000000000005,1.6509409433173365
spatial_shift_js_0.1,spatial_shift,0.1,0.1,11,6,0.8875,0.2875,False,,15.0,1.6509409433173365
spatial_shift_js_0.1,spatial_shift,0.1,0.1,11,7,0.7125,0.4625,False,,15.0,1.6509409433173365
spatial_shift_js_0.1,spatial_shift,0.1,0.1,11,8,0.7625,0.9125,True,5.45,5.45,1.6509409433173365
spatial_shift_js_0.1,spatial_shift,0.1,0.1,11,9,0.6625,0.7375,True,1.3,1.3,0.6994417991745991
spatial_shift_js_0.1,spatial_shift,0.1,0.1,11,10,0.7125,0.6375,True,1.1500000000000001,1.1500000000000001,0.6086660481625439
spatial_shift_js_0.1,spatial_shift,0.1,0.1,11,11,0.7875,0.6875,True,3.1,3.1,1.3684605761758666
spatial_shift_js_0.1,spatial_shift,0.1,0.1,11,12,0.9125,0.7375,True,3.3000000000000003,3.3000000000000003,1.4877811348940149
spatial_shift_js_0.1,spatial_shift,0.1,0.1,11,13,0.8125,0.5875,True,3.2,3.2,1.4307251562898065
spatial_shift_js_0.1,spatial_shift,0.1,0.1,11,14,0.9875,0.4625,False,,15.0,1.6509409433173365
spatial_shift_js_0.1,spatial_shift,0.1,0.1,11,15,0.5125,0.8125,True,1.55,1.55,0.8328334760917305
spatial_shift_js_0.1,spatial_shift,0.1,0.1,11,16,0.4125,0.7625,True,1.85,1.85,0.9226099811761049
spatial_shift_js_0.1,spatial_shift,0.1,0.1,11,17,0.7875,0.6875,True,3.1,3.1,1.3684605761758666
spatial_shift_js_0.1,spatial_shift,0.1,0.1,11,18,0.7875,0.8125,True,5.95,5.95,1.6509409433173365
spatial_shift_js_0.1,spatial_shift,0.1,0.1,11,19,0.6125,0.7125,True,1.25,1.25,0.668590616951971
spatial_shift_js_0.1,spatial_shift,0.1,0.1,11,20,0.6625,0.9625,True,5.3500000000000005,5.3500000000000005,1.6509409433173365
spatial_shift_js_0.1,spatial_shift,0.1,0.1,11,21,0.8875,0.5375,False,,15.0,1.6509409433173365
spatial_shift_js_0.1,spatial_shift,0.1,0.1,11,22,0.6625,0.7125,True,1.25,1.25,0.668590616951971
spatial_shift_js_0.1,spatial_shift,0.1,0.1,11,23,0.6375,0.6875,True,1.2000000000000002,1.2000000000000002,0.6384345036174547
spatial_shift_js_0.1,spatial_shift,0.1,0.1,11,24,0.6125,0.6375,True,1.1,1.1,0.5789830150617555
spatial_shift_js_0.1,spatial_shift,0.1,0.1,11,25,0.8625,0.7125,True,3.2,3.2,1.4307251562898065
spatial_shift_js_0.1,spatial_shift,0.1,0.1,11,26,0.8375,0.5625,False,,15.0,1.6509409433173365
spatial_shift_js_0.1,spatial_shift,0.1,0.1,11,27,0.6875,0.8125,True,1.4000000000000001,1.4000000000000001,0.7612138021241642
spatial_shift_js_0.1,spatial_shift,0.1,0.1,11,28,0.8625,0.8375,True,3.5,3.5,1.5817890976017024
spatial_shift_js_0.1,spatial_shift,0.1,0.1,11,29,0.6875,0.4625,False,,15.0,1.6509409433173365
spatial_shift_js_0.1,spatial_shift,0.1,0.1,11,30,0.9875,0.6625,True,3.35,3.35,1.512950199265975
spatial_shift_js_0.1,spatial_shift,0.1,0.1,11,31,0.8375,0.5875,True,3.2,3.2,1.4307251562898065
spatial_shift_js_0.1,spatial_shift,0.1,0.1,11,32,0.7875,0.3375,False,,15.0,1.6509409433173365
spatial_shift_js_0.1,spatial_shift,0.1,0.1,11,33,0.7875,0.8625,True,5.75,5.75,1.6509409433173365
spatial_shift_js_0.1,spatial_shift,0.1,0.1,11,34,0.7125,0.6625,True,1.2000000000000002,1.2000000000000002,0.6384345036174547
spatial_shift_js_0.1,spatial_shift,0.1,0.1,11,35,0.7625,0.4875,False,,15.0,1.6509409433173365
spatial_shift_js_0.1,spatial_shift,0.1,0.1,11,36,0.5375,0.7625,True,1.4000000000000001,1.4000000000000001,0.7612138021241642
spatial_shift_js_0.1,spatial_shift,0.1,0.1,11,37,0.8625,0.5375,False,,15.0,1.6509409433173365
spatial_shift_js_0.1,spatial_shift,0.1,0.1,11,38,0.8625,0.8625,True,6.0,6.0,1.6509409433173365
spatial_shift_js_0.1,spatial_shift,0.1,0.1,11,39,0.6875,0.5625,True,1.05,1.05,0.5487951659027496
spatial_shift_js_0.1,spatial_shift,0.1,0.1,11,40,0.6375,0.1375,False,,15.0,1.6509409433173365
spatial_shift_js_0.1,spatial_shift,0.1,0.1,11,41,0.8375,0.5375,False,,15.0,1.6509409433173365
spatial_shift_js_0.1,spatial_shift,0.1,0.1,11,42,0.4875,0.6375,True,1.3,1.3,0.6994417991745991
spatial_shift_js_0.1,spatial_shift,0.1,0.1,11,43,0.2375,0.6875,True,2.35,2.35,1.1038790482636365
spatial_shift_js_0.1,spatial_shift,0.1,0.1,11,44,0.9375,0.8625,True,3.5500000000000003,3.5500000000000003,1.6028310062939441
spatial_shift_js_0.1,spatial_shift,0.1,0.1,11,45,0.7375,0.7625,True,3.1500000000000004,3.1500000000000004,1.3998237376180718
spatial_shift_js_0.1,spatial_shift,0.1,0.1,11,46,0.9625,0.6125,False,,15.0,1.6509409433173365
spatial_shift_js_0.1,spatial_shift,0.1,0.1,11,47,0.8875,0.0625,False,,15.0,1.6509409433173365
spatial_shift_js_0.1,spatial_shift,0.1,0.1,11,48,0.6625,0.5125,False,,15.0,1.6509409433173365
spatial_shift_js_0.1,spatial_shift,0.1,0.1,11,49,0.7625,0.9875,True,5.15,5.15,1.6509409433173365
spatial_shift_js_0.1,spatial_shift,0.1,0.1,11,50,0.8875,0.6625,True,3.1500000000000004,3.1500000000000004,1.3998237376180718
spatial_shift_js_0.1,spatial_shift,0.1,0.1,11,51,0.6875,0.7625,True,1.35,1.35,0.7309123697218058
spatial_shift_js_0.1,spatial_shift,0.1,0.1,11,52,0.3125,0.2375,True,0.15000000000000002,0.15000000000000002,0.007949149832933801
spatial_shift_js_0.1,spatial_shift,0.1,0.1,11,53,0.8125,0.1375,False,,15.0,1.6509409433173365
spatial_shift_js_0.1,spatial_shift,0.1,0.1,11,54,0.6625,0.8375,True,1.4500000000000002,1.4500000000000002,0.787980254026916
spatial_shift_js_0.1,spatial_shift,0.1,0.1,11,55,0.8375,0.7125,True,3.2,3.2,1.4307251562898065
spatial_shift_js_0.1,spatial_shift,0.1,0.1,11,56,0.7125,0.6125,True,1.1,1.1,0.5789830150617555
spatial_shift_js_0.1,spatial_shift,0.1,0.1,11,57,0.7625,0.6125,True,3.0500000000000003,3.0500000000000003,1.339010844320805
spatial_shift_js_0.1,spatial_shift,0.1,0.1,11,58,0.6625,0.3625,False,,15.0,1.6509409433173365
spatial_shift_js_0.1,spatial_shift,0.1,0.1,11,59,0.8375,0.5125,False,,15.0,1.6509409433173365
spatial_shift_js_0.1,spatial_shift,0.1,0.1,11,60,0.1875,0.1125,True,0.0,0.0,0.0
spatial_shift_js_0.1,spatial_shift,0.1,0.1,11,61,0.5875,0.8375,True,1.5,1.5,0.8114098602526254
spatial_shift_js_0.1,spatial_shift,0.1,0.1,11,62,0.9625,0.6625,True,3.3000000000000003,3.3000000000000003,1.4877811348940149
spatial_shift_js_0.1,spatial_shift,0.1,0.1,11,63,0.6625,0.4625,False,,15.0,1.6509409433173365
spatial_shift_js_0.15,spatial_shift,0.15,0.1,7,0,0.6875,0.7375,False,,15.0,1.846647475425625
spatial_shift_js_0.15,spatial_shift,0.15,0.1,7,1,0.8125,0.8625,True,5.800000000000001,5.800000000000001,1.846647475425625
spatial_shift_js_0.15,spatial_shift,0.15,0.1,7,2,0.8625,0.7875,True,3.45,3.45,1.7027319034827446
spatial_shift_js_0.15,spatial_shift,0.15,0.1,7,3,0.7625,0.5625,True,3.1,3.1,1.470257347958973
spatial_shift_js_0.15,spatial_shift,0.15,0.1,7,4,0.6375,0.6125,True,1.1,1.1,0.5577353608997049
spatial_shift_js_0.15,spatial_shift,0.15,0.1,7,5,0.0375,0.8625,False,,15.0,1.846647475425625
spatial_shift_js_0.15,spatial_shift,0.15,0.1,7,6,0.8875,0.0125,False,,15.0,1.846647475425625
spatial_shift_js_0.15,spatial_shift,0.15,0.1,7,7,0.8375,0.8125,True,3.5,3.5,1.732005723853432
spatial_shift_js_0.15,spatial_shift,0.15,0.1,7,8,0.6375,0.8125,True,1.4500000000000002,1.4500000000000002,0.767196642100384
spatial_shift_js_0.15,spatial_shift,0.15,0.1,7,9,0.0625,0.6875,False,,15.0,1.846647475425625
spatial_shift_js_0.15,spatial_shift,0.15,0.1,7,10,0.6625,0.6125,True,1.1,1.1,0.5577353608997049
spatial_shift_js_0.15,spatial_shift,0.15,0.1,7,11,0.8625,0.5875,True,3.2,3.2,1.5368964026689333
spatial_shift_js_0.15,spatial_shift,0.15,0.1,7,12,0.6625,0.5875,True,1.1,1.1,0.5577353608997049
spatial_shift_js_0.15,spatial_shift,0.15,0.1,7,13,0.7875,0.6625,True,3.25,3.25,1.572126757765478
spatial_shift_js_0.15,spatial_shift,0.15,0.1,7,14,0.7625,0.6875,True,3.25,3.25,1.572126757765478
spatial_shift_js_0.15,spatial_shift,0.15,0.1,7,15,0.6625,0.7125,True,1.3,1.3,0.6701307955702978
spatial_shift_js_0.15,spatial_shift,0.15,0.1,7,16,0.7375,0.9875,True,5.2,5.2,1.846647475425625
spatial_shift_js_0.15,spatial_shift,0.15,0.1,7,17,0.6125,0.8125,True,1.4500000000000002,1.4500000000000002,0.767196642100384
spatial_shift_js_0.15,spatial_shift,0.15,0.1,7,18,0.6625,0.7375,True,1.35,1.35,0.7004052419227984
spatial_shift_js_0.15,spatial_shift,0.15,0.1,7,19,0.0375,0.9875,False,,15.0,1.846647475425625
spatial_shift_js_0.15,spatial_shift,0.15,0.1,7,20,0.6625,0.5625,True,1.05,1.05,0.5299384724886401
spatial_shift_js_0.15,spatial_shift,0.15,0.1,7,21,0.6625,0.5125,True,2.95,2.95,1.3911456086461065
spatial_shift_js_0.15,spatial_shift,0.15,0.1,7,22,0.5875,0.7375,True,1.35,1.35,0.7004052419227984
spatial_shift_js_0.15,spatial_shift,0.15,0.1,7,23,0.5125,0.1875,False,,15.0,1.846647475425625
spatial_shift_js_0.15,spatial_shift,0.15,0.1,7,24,0.0875,0.1625,False,,15.0,1.846647475425625
spatial_shift_js_0.15,spatial_shift,0.15,0.1,7,25,0.8125,0.6875,True,3.3000000000000003,3.3000000000000003,1.6062281567281091
spatial_shift_js_0.15,spatial_shift,0.15,0.1,7,26,0.9625,0.6625,True,3.35,3.35,1.6389911689293255
spatial_shift_js_0.15,spatial_shift,0.15,0.1,7,27,0.6625,0.8875,True,5.550000000000001,5.550000000000001,1.846647475425625
spatial_shift_js_0.15,spatial_shift,0.15,0.1,7,28,0.7125,0.7375,True,6.0,6.0,1.846647475425625
spatial_shift_js_0.15,spatial_shift,0.15,0.1,7,29,0.8125,0.6875,True,3.3000000000000003,3.3000000000000003,1.6062281567281091
spatial_shift_js_0.15,spatial_shift,0.15,0.1,7,30,0.7125,0.6875,True,3.2,3.2,1.5368964026689333
spatial_shift_js_0.15,spatial_shift,0.15,0.1,7,31,0.5875,0.5875,True,1.1500000000000001,1.1500000000000001,0.5851251910445743
spatial_shift_js_0.15,spatial_shift,0.15,0.1,7,32,0.0125,0.0625,False,,15.0,1.846647475425625
spatial_shift_js_0.15,spatial_shift,0.15,0.1,7,33,0.7375,0.5375,True,3.0500000000000003,3.0500000000000003,1.441223239962394
spatial_shift_js_0.15,spatial_shift,0.15,0.1,7,34,0.7125,0.7625,True,5.95,5.95,1.846647475425625
spatial_shift_js_0.15,spatial_shift,0.15,0.1,7,35,0.8375,0.5375,True,3.25,3.25,1.572126757765478
spatial_shift_js_0.15,spatial_shift,0.15,0.1,7,36,0.7125,0.6375,True,3.1500000000000004,3.1500000000000004,1.5014112693083097
spatial_shift_js_0.15,spatial_shift,0.15,0.1,7,37,0.6375,0.0125,False,,15.0,1.846647475425625
spatial_shift_js_0.15,spatial_shift,0.15,0.1,7,38,0.9375,0.8125,True,3.5,3.5,1.732005723853432
spatial_shift_js_0.15,spatial_shift,0.15,0.1,7,39,0.9125,0.4875,False,,15.0,1.846647475425625
spatial_shift_js_0.15,spatial_shift,0.15,0.1,7,40,0.7625,0.5875,True,3.1500000000000004,3.1500000000000004,1.5014112693083097
spatial_shift_js_0.15,spatial_shift,0.15,0.1,7,41,0.5875,0.8625,True,1.55,1.55,0.8352595374973241
spatial_shift_js_0.15,spatial_shift,0.15,0.1,7,42,0.7875,0.6875,True,3.25,3.25,1.572126757765478
spatial_shift_js_0.15,spatial_shift,0.15,0.1,7,43,0.6875,0.8375,True,5.7,5.7,1.846647475425625
spatial_shift_js_0.15,spatial_shift,0.15,0.1,7,44,0.7625,0.7375,True,3.35,3.35,1.6389911689293255
spatial_shift_js_0.15,spatial_shift,0.15,0.1,7,45,0.6375,0.7875,True,1.4000000000000001,1.4000000000000001,0.7327848984488303
spatial_shift_js_0.15,spatial_shift,0.15,0.1,7,46,0.8625,0.3625,False,,15.0,1.846647475425625
spatial_shift_js_0.15,spatial_shift,0.15,0.1,7,47,0.5375,0.7125,True,1.3,1.3,0.6701307955702978
spatial_shift_js_0.15,spatial_shift,0.15,0.1,7,48,0.7625,0.6875,True,3.25,3.25,1.572126757765478
spatial_shift_js_0.15,spatial_shift,0.15,0.1,7,49,0.9375,0.8375,True,3.5500000000000003,3.5500000000000003,1.7596520783454481
spatial_shift_js_0.15,spatial_shift,0.15,0.1,7,50,0.6875,0.6375,True,1.1500000000000001,1.1500000000000001,0.5851251910445743
spatial_shift_js_0.15,spatial_shift,0.15,0.1,7,51,0.9375,0.7125,True,3.35,3.35,1.6389911689293255
spatial_shift_js_0.15,spatial_shift,0.15,0.1,7,52,0.0875,0.2625,False,,15.0,1.846647475425625
spatial_shift_js_0.15,spatial_shift,0.15,0.1,7,53,0.8375,0.6375,True,3.25,3.25,1.572126757765478
spatial_shift_js_0.15,spatial_shift,0.15,0.1,7,54,0.7875,0.6125,True,3.2,3.2,1.5368964026689333
spatial_shift_js_0.15,spatial_shift,0.15,0.1,7,55,0.8125,0.4875,False,,15.0,1.846647475425625
spatial_shift_js_0.15,spatial_shift,0.15,0.1,7,56,0.7875,0.8125,True,5.95,5.95,1.846647475425625
spatial_shift_js_0.15,spatial_shift,0.15,0.1,7,57,0.7875,0.6375,True,3.2,3.2,1.5368964026689333
spatial_shift_js_0.15,spatial_shift,0.15,0.1,7,58,0.5625,0.9625,False,,15.0,1.846647475425625
spatial_shift_js_0.15,spatial_shift,0.15,0.1,7,59,0.8625,0.7125,True,3.35,3.35,1.6389911689293255
spatial_shift_js_0.15,spatial_shift,0.15,0.1,7,60,0.4125,0.7375,True,1.6,1.6,0.8661238666162968
spatial_shift_js_0.15,spatial_shift,0.15,0.1,7,61,0.7625,0.7375,True,3.35,3.35,1.6389911689293255
spatial_shift_js_0.15,spatial_shift,0.15,0.1,7,62,0.5875,0.7625,True,1.35,1.35,0.7004052419227984
spatial_shift_js_0.15,spatial_shift,0.15,0.1,7,63,0.8125,0.4875,False,,15.0,1.846647475425625
spatial_shift_js_0.15,spatial_shift,0.15,0.1,11,0,0.6875,0.4625,False,,15.0,1.846647475425625
spatial_shift_js_0.15,spatial_shift,0.15,0.1,11,1,0.7375,0.6875,True,3.25,3.25,1.572126757765478
spatial_shift_js_0.15,spatial_shift,0.15,0.1,11,2,0.9875,0.7125,True,3.4000000000000004,3.4000000000000004,1.6711962144003623
spatial_shift_js_0.15,spatial_shift,0.15,0.1,11,3,0.9125,0.1125,False,,15.0,1.846647475425625
spatial_shift_js_0.15,spatial_shift,0.15,0.1,11,4,0.7625,0.4875,False,,15.0,1.846647475425625
spatial_shift_js_0.15,spatial_shift,0.15,0.1,11,5,0.8125,0.8875,True,5.6000000000000005,5.6000000000000005,1.846647475425625
spatial_shift_js_0.15,spatial_shift,0.15,0.1,11,6,0.8875,0.2875,False,,15.0,1.846647475425625
spatial_shift_js_0.15,spatial_shift,0.15,0.1,11,7,0.7125,0.4625,False,,15.0,1.846647475425625
spatial_shift_js_0.15,spatial_shift,0.15,0.1,11,8,0.7625,0.9125,True,5.45,5.45,1.846647475425625
spatial_shift_js_0.15,spatial_shift,0.15,0.1,11,9,0.6625,0.7375,True,1.35,1.35,0.7004052419227984
spatial_shift_js_0.15,spatial_shift,0.15,0.1,11,10,0.7125,0.6375,True,3.1500000000000004,3.1500000000000004,1.5014112693083097
spatial_shift_js_0.15,spatial_shift,0.15,0.1,11,11,0.7875,0.6875,True,3.25,3.25,1.572126757765478
spatial_shift_js_0.15,spatial_shift,0.15,0.1,11,12,0.9125,0.7375,True,3.4000000000000004,3.4000000000000004,1.6711962144003623
spatial_shift_js_0.15,spatial_shift,0.15,0.1,11,13,0.8125,0.5875,True,3.1500000000000004,3.1500000000000004,1.5014112693083097
spatial_shift_js_0.15,spatial_shift,0.15,0.1,11,14,0.9875,0.4625,False,,15.0,1.846647475425625
spatial_shift_js_0.15,spatial_shift,0.15,0.1,11,15,0.5125,0.8125,True,1.5,1.5,0.8027476727474576
spatial_shift_js_0.15,spatial_shift,0.15,0.1,11,16,0.4125,0.7625,True,1.6,1.6,0.8661238666162968
spatial_shift_js_0.15,spatial_shift,0.15,0.1,11,17,0.7875,0.6875,True,3.25,3.25,1.572126757765478
spatial_shift_js_0.15,spatial_shift,0.15,0.1,11,18,0.7875,0.8125,True,5.95,5.95,1.846647475425625
spatial_shift_js_0.15,spatial_shift,0.15,0.1,11,19,0.6125,0.7125,True,1.3,1.3,0.6701307955702978
spatial_shift_js_0.15,spatial_shift,0.15,0.1,11,20,0.6625,0.9625,True,5.3500000000000005,5.3500000000000005,1.846647475425625
spatial_shift_js_0.15,spatial_shift,0.15,0.1,11,21,0.8875,0.5375,False,,15.0,1.846647475425625
spatial_shift_js_0.15,spatial_shift,0.15,0.1,11,22,0.6625,0.7125,True,1.3,1.3,0.6701307955702978
spatial_shift_js_0.15,spatial_shift,0.15,0.1,11,23,0.6375,0.6875,True,1.25,1.25,0.6407584537747274
spatial_shift_js_0.15,spatial_shift,0.15,0.1,11,24,0.6125,0.6375,True,1.1500000000000001,1.1500000000000001,0.5851251910445743
spatial_shift_js_0.15,spatial_shift,0.15,0.1,11,25,0.8625,0.7125,True,3.35,3.35,1.6389911689293255
spatial_shift_js_0.15,spatial_shift,0.15,0.1,11,26,0.8375,0.5625,True,3.2,3.2,1.5368964026689333
spatial_shift_js_0.15,spatial_shift,0.15,0.1,11,27,0.6875,0.8125,True,5.75,5.75,1.846647475425625
spatial_shift_js_0.15,spatial_shift,0.15,0.1,11,28,0.8625,0.8375,True,3.5500000000000003,3.5500000000000003,1.7596520783454481
spatial_shift_js_0.15,spatial_shift,0.15,0.1,11,29,0.6875,0.4625,False,,15.0,1.846647475425625
spatial_shift_js_0.15,spatial_shift,0.15,0.1,11,30,0.9875,0.6625,True,3.4000000000000004,3.4000000000000004,1.6711962144003623
spatial_shift_js_0.15,spatial_shift,0.15,0.1,11,31,0.8375,0.5875,True,3.2,3.2,1.5368964026689333
spatial_shift_js_0.15,spatial_shift,0.15,0.1,11,32,0.7875,0.3375,False,,15.0,1.846647475425625
spatial_shift_js_0.15,spatial_shift,0.15,0.1,11,33,0.7875,0.8625,True,5.75,5.75,1.846647475425625
spatial_shift_js_0.15,spatial_shift,0.15,0.1,11,34,0.7125,0.6625,True,3.2,3.2,1.5368964026689333
spatial_shift_js_0.15,spatial_shift,0.15,0.1,11,35,0.7625,0.4875,False,,15.0,1.846647475425625
spatial_shift_js_0.15,spatial_shift,0.15,0.1,11,36,0.5375,0.7625,True,1.4000000000000001,1.4000000000000001,0.7327848984488303
spatial_shift_js_0.15,spatial_shift,0.15,0.1,11,37,0.8625,0.5375,False,,15.0,1.846647475425625
spatial_shift_js_0.15,spatial_shift,0.15,0.1,11,38,0.8625,0.8625,True,6.0,6.0,1.846647475425625
spatial_shift_js_0.15,spatial_shift,0.15,0.1,11,39,0.6875,0.5625,True,1.05,1.05,0.5299384724886401
spatial_shift_js_0.15,spatial_shift,0.15,0.1,11,40,0.6375,0.1375,False,,15.0,1.846647475425625
spatial_shift_js_0.15,spatial_shift,0.15,0.1,11,41,0.8375,0.5375,True,3.25,3.25,1.572126757765478
spatial_shift_js_0.15,spatial_shift,0.15,0.1,11,42,0.4875,0.6375,True,1.4000000000000001,1.4000000000000001,0.7327848984488303
spatial_shift_js_0.15,spatial_shift,0.15,0.1,11,43,0.2375,0.6875,True,2.3000000000000003,2.3000000000000003,1.1769095109156127
spatial_shift_js_0.15,spatial_shift,0.15,0.1,11,44,0.9375,0.8625,True,3.6,3.6,1.7819523197600318
spatial_shift_js_0.15,spatial_shift,0.15,0.1,11,45,0.7375,0.7625,True,5.95,5.95,1.846647475425625
spatial_shift_js_0.15,spatial_shift,0.15,0.1,11,46,0.9625,0.6125,True,3.45,3.45,1.7027319034827446
spatial_shift_js_0.15,spatial_shift,0.15,0.1,11,47,0.8875,0.0625,False,,15.0,1.846647475425625
spatial_shift_js_0.15,spatial_shift,0.15,0.1,11,48,0.6625,0.5125,True,2.95,2.95,1.3911456086461065
spatial_shift_js_0.15,spatial_shift,0.15,0.1,11,49,0.7625,0.9875,True,5.15,5.15,1.846647475425625
spatial_shift_js_0.15,spatial_shift,0.15,0.1,11,50,0.8875,0.6625,True,3.3000000000000003,3.3000000000000003,1.6062281567281091
spatial_shift_js_0.15,spatial_shift,0.15,0.1,11,51,0.6875,0.7625,False,,15.0,1.846647475425625
spatial_shift_js_0.15,spatial_shift,0.15,0.1,11,52,0.3125,0.2375,True,0.15000000000000002,0.15000000000000002,0.007934062442434539
spatial_shift_js_0.15,spatial_shift,0.15,0.1,11,53,0.8125,0.1375,False,,15.0,1.846647475425625
spatial_shift_js_0.15,spatial_shift,0.15,0.1,11,54,0.6625,0.8375,True,5.7,5.7,1.846647475425625
spatial_shift_js_0.15,spatial_shift,0.15,0.1,11,55,0.8375,0.7125,True,3.35,3.35,1.6389911689293255
spatial_shift_js_0.15,spatial_shift,0.15,0.1,11,56,0.7125,0.6125,True,3.1,3.1,1.470257347958973
spatial_shift_js_0.15,spatial_shift,0.15,0.1,11,57,0.7625,0.6125,True,3.1500000000000004,3.1500000000000004,1.5014112693083097
spatial_shift_js_0.15,spatial_shift,0.15,0.1,11,58,0.6625,0.3625,False,,15.0,1.846647475425625
spatial_shift_js_0.15,spatial_shift,0.15,0.1,11,59,0.8375,0.5125,False,,15.0,1.846647475425625
spatial_shift_js_0.15,spatial_shift,0.15,0.1,11,60,0.1875,0.1125,True,0.0,0.0,0.0
spatial_shift_js_0.15,spatial_shift,0.15,0.1,11,61,0.5875,0.8375,True,1.5,1.5,0.8027476727474576
spatial_shift_js_0.15,spatial_shift,0.15,0.1,11,62,0.9625,0.6625,True,3.35,3.35,1.6389911689293255
spatial_shift_js_0.15,spatial_shift,0.15,0.1,11,63,0.6625,0.4625,False,,15.0,1.846647475425625
diffuse_blur_js_0.05,diffuse_blur,0.05,0.1,7,0,0.6875,0.7375,True,1.75,1.75,0.9401995878071562
diffuse_blur_js_0.05,diffuse_blur,0.05,0.1,7,1,0.8125,0.8625,True,3.3000000000000003,3.3000000000000003,1.5384912539033209
diffuse_blur_js_0.05,diffuse_blur,0.05,0.1,7,2,0.8625,0.7875,True,3.1500000000000004,3.1500000000000004,1.4633128782026537
diffuse_blur_js_0.05,diffuse_blur,0.05,0.1,7,3,0.7625,0.5625,True,1.25,1.25,0.7146981429089271
diffuse_blur_js_0.05,diffuse_blur,0.05,0.1,7,4,0.6375,0.6125,True,1.05,1.05,0.5903944004860423
diffuse_blur_js_0.05,diffuse_blur,0.05,0.1,7,5,0.0375,0.8625,False,,15.0,1.6681651123933285
diffuse_blur_js_0.05,diffuse_blur,0.05,0.1,7,6,0.8875,0.0125,False,,15.0,1.6681651123933285
diffuse_blur_js_0.05,diffuse_blur,0.05,0.1,7,7,0.8375,0.8125,True,3.2,3.2,1.4860294929872058
diffuse_blur_js_0.05,diffuse_blur,0.05,0.1,7,8,0.6375,0.8125,True,2.0,2.0,1.0279502954616981
diffuse_blur_js_0.05,diffuse_blur,0.05,0.1,7,9,0.0625,0.6875,False,,15.0,1.6681651123933285
diffuse_blur_js_0.05,diffuse_blur,0.05,0.1,7,10,0.6625,0.6125,True,1.0,1.0,0.5528651444152132
diffuse_blur_js_0.05,diffuse_blur,0.05,0.1,7,11,0.8625,0.5875,False,,15.0,1.6681651123933285
diffuse_blur_js_0.05,diffuse_blur,0.05,0.1,7,12,0.6625,0.5875,True,1.0,1.0,0.5528651444152132
diffuse_blur_js_0.05,diffuse_blur,0.05,0.1,7,13,0.7875,0.6625,True,1.35,1.35,0.763049953928888
diffuse_blur_js_0.05,diffuse_blur,0.05,0.1,7,14,0.7625,0.6875,True,1.4500000000000002,1.4500000000000002,0.8060288230457308
diffuse_blur_js_0.05,diffuse_blur,0.05,0.1,7,15,0.6625,0.7125,True,1.7000000000000002,1.7000000000000002,0.9163777654541795
diffuse_blur_js_0.05,diffuse_blur,0.05,0.1,7,16,0.7375,0.9875,True,5.2,5.2,1.6681651123933285
diffuse_blur_js_0.05,diffuse_blur,0.05,0.1,7,17,0.6125,0.8125,True,2.75,2.75,1.3351702367628127
diffuse_blur_js_0.05,diffuse_blur,0.05,0.1,7,18,0.6625,0.7375,True,1.8,1.8,0.9608959613265209
diffuse_blur_js_0.05,diffuse_blur,0.05,0.1,7,19,0.0375,0.9875,False,,15.0,1.6681651123933285
diffuse_blur_js_0.05,diffuse_blur,0.05,0.1,7,20,0.6625,0.5625,True,1.0,1.0,0.5528651444152132
diffuse_blur_js_0.05,diffuse_blur,0.05,0.1,7,21,0.6625,0.5125,True,1.0,1.0,0.5528651444152132
diffuse_blur_js_0.05,diffuse_blur,0.05,0.1,7,22,0.5875,0.7375,True,2.0,2.0,1.0279502954616981
diffuse_blur_js_0.05,diffuse_blur,0.05,0.1,7,23,0.5125,0.1875,False,,15.0,1.6681651123933285
diffuse_blur_js_0.05,diffuse_blur,0.05,0.1,7,24,0.0875,0.1625,False,,15.0,1.6681651123933285
diffuse_blur_js_0.05,diffuse_blur,0.05,0.1,7,25,0.8125,0.6875,True,1.4500000000000002,1.4500000000000002,0.8060288230457308
diffuse_blur_js_0.05,diffuse_blur,0.05,0.1,7,26,0.9625,0.6625,True,3.4000000000000004,3.4000000000000004,1.5824164590950978
diffuse_blur_js_0.05,diffuse_blur,0.05,0.1,7,27,0.6625,0.8875,True,5.550000000000001,5.550000000000001,1.6681651123933285
diffuse_blur_js_0.05,diffuse_blur,0.05,0.1,7,28,0.7125,0.7375,True,1.7000000000000002,1.7000000000000002,0.9163777654541795
diffuse_blur_js_0.05,diffuse_blur,0.05,0.1,7,29,0.8125,0.6875,True,1.4500000000000002,1.4500000000000002,0.8060288230457308
diffuse_blur_js_0.05,diffuse_blur,0.05,0.1,7,30,0.7125,0.6875,True,1.5,1.5,0.8266458087864766
diffuse_blur_js_0.05,diffuse_blur,0.05,0.1,7,31,0.5875,0.5875,True,1.05,1.05,0.5903944004860423
diffuse_blur_js_0.05,diffuse_blur,0.05,0.1,7,32,0.0125,0.0625,False,,15.0,1.6681651123933285
diffuse_blur_js_0.05,diffuse_blur,0.05,0.1,7,33,0.7375,0.5375,True,1.2000000000000002,1.2000000000000002,0.6874333697255415
diffuse_blur_js_0.05,diffuse_blur,0.05,0.1,7,34,0.7125,0.7625,True,1.75,1.75,0.9401995878071562
diffuse_blur_js_0.05,diffuse_blur,0.05,0.1,7,35,0.8375,0.5375,False,,15.0,1.6681651123933285
diffuse_blur_js_0.05,diffuse_blur,0.05,0.1,7,36,0.7125,0.6375,True,1.1,1.1,0.6253898705083057
diffuse_blur_js_0.05,diffuse_blur,0.05,0.1,7,37,0.6375,0.0125,False,,15.0,1.6681651123933285
diffuse_blur_js_0.05,diffuse_blur,0.05,0.1,7,38,0.9375,0.8125,True,3.3000000000000003,3.3000000000000003,1.5384912539033209
diffuse_blur_js_0.05,diffuse_blur,0.05,0.1,7,39,0.9125,0.4875,False,,15.0,1.6681651123933285
diffuse_blur_js_0.05,diffuse_blur,0.05,0.1,7,40,0.7625,0.5875,True,1.1500000000000001,1.1500000000000001,0.6583390384903357
diffuse_blur_js_0.05,diffuse_blur,0.05,0.1,7,41,0.5875,0.8625,False,,15.0,1.6681651123933285
diffuse_blur_js_0.05,diffuse_blur,0.05,0.1,7,42,0.7875,0.6875,True,1.4500000000000002,1.4500000000000002,0.8060288230457308
diffuse_blur_js_0.05,diffuse_blur,0.05,0.1,7,43,0.6875,0.8375,True,3.0,3.0,1.4099736994840815
diffuse_blur_js_0.05,diffuse_blur,0.05,0.1,7,44,0.7625,0.7375,True,1.6500000000000001,1.6500000000000001,0.8926099037843518
diffuse_blur_js_0.05,diffuse_blur,0.05,0.1,7,45,0.6375,0.7875,True,1.9500000000000002,1.9500000000000002,1.0126275850463482
diffuse_blur_js_0.05,diffuse_blur,0.05,0.1,7,46,0.8625,0.3625,False,,15.0,1.6681651123933285
diffuse_blur_js_0.05,diffuse_blur,0.05,0.1,7,47,0.5375,0.7125,True,2.15,2.15,1.0781509937506122
diffuse_blur_js_0.05,diffuse_blur,0.05,0.1,7,48,0.7625,0.6875,True,1.4500000000000002,1.4500000000000002,0.8060288230457308
diffuse_blur_js_0.05,diffuse_blur,0.05,0.1,7,49,0.9375,0.8375,True,3.35,3.35,1.5618794390606536
diffuse_blur_js_0.05,diffuse_blur,0.05,0.1,7,50,0.6875,0.6375,True,1.1,1.1,0.6253898705083057
diffuse_blur_js_0.05,diffuse_blur,0.05,0.1,7,51,0.9375,0.7125,True,3.25,3.25,1.512041060513638
diffuse_blur_js_0.05,diffuse_blur,0.05,0.1,7,52,0.0875,0.2625,False,,15.0,1.6681651123933285
diffuse_blur_js_0.05,diffuse_blur,0.05,0.1,7,53,0.8375,0.6375,True,3.3000000000000003,3.3000000000000003,1.5384912539033209
diffuse_blur_js_0.05,diffuse_blur,0.05,0.1,7,54,0.7875,0.6125,True,1.2000000000000002,1.2000000000000002,0.6874333697255415
diffuse_blur_js_0.05,diffuse_blur,0.05,0.1,7,55,0.8125,0.4875,True,1.55,1.55,0.847613128128706
diffuse_blur_js_0.05,diffuse_blur,0.05,0.1,7,56,0.7875,0.8125,True,3.1,3.1,1.443563488655778
diffuse_blur_js_0.05,diffuse_blur,0.05,0.1,7,57,0.7875,0.6375,True,1.2000000000000002,1.2000000000000002,0.6874333697255415
diffuse_blur_js_0.05,diffuse_blur,0.05,0.1,7,58,0.5625,0.9625,False,,15.0,1.6681651123933285
diffuse_blur_js_0.05,diffuse_blur,0.05,0.1,7,59,0.8625,0.7125,True,3.1,3.1,1.443563488655778
diffuse_blur_js_0.05,diffuse_blur,0.05,0.1,7,60,0.4125,0.7375,True,2.75,2.75,1.3351702367628127
diffuse_blur_js_0.05,diffuse_blur,0.05,0.1,7,61,0.7625,0.7375,True,1.6500000000000001,1.6500000000000001,0.8926099037843518
diffuse_blur_js_0.05,diffuse_blur,0.05,0.1,7,62,0.5875,0.7625,True,2.0500000000000003,2.0500000000000003,1.043420290453268
diffuse_blur_js_0.05,diffuse_blur,0.05,0.1,7,63,0.8125,0.4875,True,1.55,1.55,0.847613128128706
diffuse_blur_js_0.05,diffuse_blur,0.05,0.1,11,0,0.6875,0.4625,True,1.1500000000000001,1.1500000000000001,0.6583390384903357
diffuse_blur_js_0.05,diffuse_blur,0.05,0.1,11,1,0.7375,0.6875,True,1.4500000000000002,1.4500000000000002,0.8060288230457308
diffuse_blur_js_0.05,diffuse_blur,0.05,0.1,11,2,0.9875,0.7125,True,3.35,3.35,1.5618794390606536
diffuse_blur_js_0.05,diffuse_blur,0.05,0.1,11,3,0.9125,0.1125,False,,15.0,1.6681651123933285
diffuse_blur_js_0.05,diffuse_blur,0.05,0.1,11,4,0.7625,0.4875,True,1.35,1.35,0.763049953928888
diffuse_blur_js_0.05,diffuse_blur,0.05,0.1,11,5,0.8125,0.8875,True,5.6000000000000005,5.6000000000000005,1.6681651123933285
diffuse_blur_js_0.05,diffuse_blur,0.05,0.1,11,6,0.8875,0.2875,False,,15.0,1.6681651123933285
diffuse_blur_js_0.05,diffuse_blur,0.05,0.1,11,7,0.7125,0.4625,True,1.25,1.25,0.7146981429089271
diffuse_blur_js_0.05,diffuse_blur,0.05,0.1,11,8,0.7625,0.9125,True,5.45,5.45,1.6681651123933285
diffuse_blur_js_0.05,diffuse_blur,0.05,0.1,11,9,0.6625,0.7375,True,1.8,1.8,0.9608959613265209
diffuse_blur_js_0.05,diffuse_blur,0.05,0.1,11,10,0.7125,0.6375,True,1.1,1.1,0.6253898705083057
diffuse_blur_js_0.05,diffuse_blur,0.05,0.1,11,11,0.7875,0.6875,True,1.4500000000000002,1.4500000000000002,0.8060288230457308
diffuse_blur_js_0.05,diffuse_blur,0.05,0.1,11,12,0.9125,0.7375,True,3.2,3.2,1.4860294929872058
diffuse_blur_js_0.05,diffuse_blur,0.05,0.1,11,13,0.8125,0.5875,True,1.55,1.55,0.847613128128706
diffuse_blur_js_0.05,diffuse_blur,0.05,0.1,11,14,0.9875,0.4625,False,,15.0,1.6681651123933285
diffuse_blur_js_0.05,diffuse_blur,0.05,0.1,11,15,0.5125,0.8125,False,,15.0,1.6681651123933285
diffuse_blur_js_0.05,diffuse_blur,0.05,0.1,11,16,0.4125,0.7625,False,,15.0,1.6681651123933285
diffuse_blur_js_0.05,diffuse_blur,0.05,0.1,11,17,0.7875,0.6875,True,1.4500000000000002,1.4500000000000002,0.8060288230457308
diffuse_blur_js_0.05,diffuse_blur,0.05,0.1,11,18,0.7875,0.8125,True,3.1,3.1,1.443563488655778
diffuse_blur_js_0.05,diffuse_blur,0.05,0.1,11,19,0.6125,0.7125,True,1.9000000000000001,1.9000000000000001,0.9969271028125009
diffuse_blur_js_0.05,diffuse_blur,0.05,0.1,11,20,0.6625,0.9625,True,5.3500000000000005,5.3500000000000005,1.6681651123933285
diffuse_blur_js_0.05,diffuse_blur,0.05,0.1,11,21,0.8875,0.5375,False,,15.0,1.6681651123933285
diffuse_blur_js_0.05,diffuse_blur,0.05,0.1,11,22,0.6625,0.7125,True,1.7000000000000002,1.7000000000000002,0.9163777654541795
diffuse_blur_js_0.05,diffuse_blur,0.05,0.1,11,23,0.6375,0.6875,True,1.75,1.75,0.9401995878071562
diffuse_blur_js_0.05,diffuse_blur,0.05,0.1,11,24,0.6125,0.6375,True,1.05,1.05,0.5903944004860423
diffuse_blur_js_0.05,diffuse_blur,0.05,0.1,11,25,0.8625,0.7125,True,3.1,3.1,1.443563488655778
diffuse_blur_js_0.05,diffuse_blur,0.05,0.1,11,26,0.8375,0.5625,True,1.7000000000000002,1.7000000000000002,0.9163777654541795
diffuse_blur_js_0.05,diffuse_blur,0.05,0.1,11,27,0.6875,0.8125,True,1.9000000000000001,1.9000000000000001,0.9969271028125009
diffuse_blur_js_0.05,diffuse_blur,0.05,0.1,11,28,0.8625,0.8375,True,3.3000000000000003,3.3000000000000003,1.5384912539033209
diffuse_blur_js_0.05,diffuse_blur,0.05,0.1,11,29,0.6875,0.4625,True,1.1500000000000001,1.1500000000000001,0.6583390384903357
diffuse_blur_js_0.05,diffuse_blur,0.05,0.1,11,30,0.9875,0.6625,True,3.5,3.5,1.616685812648704
diffuse_blur_js_0.05,diffuse_blur,0.05,0.1,11,31,0.8375,0.5875,True,1.75,1.75,0.9401995878071562
diffuse_blur_js_0.05,diffuse_blur,0.05,0.1,11,32,0.7875,0.3375,False,,15.0,1.6681651123933285
diffuse_blur_js_0.05,diffuse_blur,0.05,0.1,11,33,0.7875,0.8625,True,3.25,3.25,1.512041060513638
diffuse_blur_js_0.05,diffuse_blur,0.05,0.1,11,34,0.7125,0.6625,True,1.25,1.25,0.7146981429089271
diffuse_blur_js_0.05,diffuse_blur,0.05,0.1,11,35,0.7625,0.4875,True,1.35,1.35,0.763049953928888
diffuse_blur_js_0.05,diffuse_blur,0.05,0.1,11,36,0.5375,0.7625,True,2.2,2.2,1.0988021514754183
diffuse_blur_js_0.05,diffuse_blur,0.05,0.1,11,37,0.8625,0.5375,False,,15.0,1.6681651123933285
diffuse_blur_js_0.05,diffuse_blur,0.05,0.1,11,38,0.8625,0.8625,True,3.45,3.45,1.6010607732243474
diffuse_blur_js_0.05,diffuse_blur,0.05,0.1,11,39,0.6875,0.5625,True,1.0,1.0,0.5528651444152132
diffuse_blur_js_0.05,diffuse_blur,0.05,0.1,11,40,0.6375,0.1375,False,,15.0,1.6681651123933285
diffuse_blur_js_0.05,diffuse_blur,0.05,0.1,11,41,0.8375,0.5375,False,,15.0,1.6681651123933285
diffuse_blur_js_0.05,diffuse_blur,0.05,0.1,11,42,0.4875,0.6375,True,2.25,2.25,1.1214447405079713
diffuse_blur_js_0.05,diffuse_blur,0.05,0.1,11,43,0.2375,0.6875,False,,15.0,1.6681651123933285
diffuse_blur_js_0.05,diffuse_blur,0.05,0.1,11,44,0.9375,0.8625,True,3.5,3.5,1.616685812648704
diffuse_blur_js_0.05,diffuse_blur,0.05,0.1,11,45,0.7375,0.7625,True,1.7000000000000002,1.7000000000000002,0.9163777654541795
diffuse_blur_js_0.05,diffuse_blur,0.05,0.1,11,46,0.9625,0.6125,False,,15.0,1.6681651123933285
diffuse_blur_js_0.05,diffuse_blur,0.05,0.1,11,47,0.8875,0.0625,False,,15.0,1.6681651123933285
diffuse_blur_js_0.05,diffuse_blur,0.05,0.1,11,48,0.6625,0.5125,True,1.0,1.0,0.5528651444152132
diffuse_blur_js_0.05,diffuse_blur,0.05,0.1,11,49,0.7625,0.9875,True,5.15,5.15,1.6681651123933285
diffuse_blur_js_0.05,diffuse_blur,0.05,0.1,11,50,0.8875,0.6625,True,3.3000000000000003,3.3000000000000003,1.5384912539033209
diffuse_blur_js_0.05,diffuse_blur,0.05,0.1,11,51,0.6875,0.7625,True,1.8,1.8,0.9608959613265209
diffuse_blur_js_0.05,diffuse_blur,0.05,0.1,11,52,0.3125,0.2375,True,0.15000000000000002,0.15000000000000002,0.007951725808680827
diffuse_blur_js_0.05,diffuse_blur,0.05,0.1,11,53,0.8125,0.1375,False,,15.0,1.6681651123933285
diffuse_blur_js_0.05,diffuse_blur,0.05,0.1,11,54,0.6625,0.8375,True,2.95,2.95,1.3955634853274226
diffuse_blur_js_0.05,diffuse_blur,0.05,0.1,11,55,0.8375,0.7125,True,3.0500000000000003,3.0500000000000003,1.4255212868115503
diffuse_blur_js_0.05,diffuse_blur,0.05,0.1,11,56,0.7125,0.6125,True,1.05,1.05,0.5903944004860423
diffuse_blur_js_0.05,diffuse_blur,0.05,0.1,11,57,0.7625,0.6125,True,1.1,1.1,0.6253898705083057
diffuse_blur_js_0.05,diffuse_blur,0.05,0.1,11,58,0.6625,0.3625,False,,15.0,1.6681651123933285
diffuse_blur_js_0.05,diffuse_blur,0.05,0.1,11,59,0.8375,0.5125,False,,15.0,1.6681651123933285
diffuse_blur_js_0.05,diffuse_blur,0.05,0.1,11,60,0.1875,0.1125,True,0.0,0.0,0.0
diffuse_blur_js_0.05,diffuse_blur,0.05,0.1,11,61,0.5875,0.8375,False,,15.0,1.6681651123933285
diffuse_blur_js_0.05,diffuse_blur,0.05,0.1,11,62,0.9625,0.6625,True,3.4000000000000004,3.4000000000000004,1.5824164590950978
diffuse_blur_js_0.05,diffuse_blur,0.05,0.1,11,63,0.6625,0.4625,True,1.1,1.1,0.6253898705083057
diffuse_blur_js_0.1,diffuse_blur,0.1,0.1,7,0,0.6875,0.7375,True,2.9000000000000004,2.9000000000000004,1.377348246651151
diffuse_blur_js_0.1,diffuse_blur,0.1,0.1,7,1,0.8125,0.8625,True,5.800000000000001,5.800000000000001,1.6824777980381822
diffuse_blur_js_0.1,diffuse_blur,0.1,0.1,7,2,0.8625,0.7875,True,3.2,3.2,1.5059680532511253
diffuse_blur_js_0.1,diffuse_blur,0.1,0.1,7,3,0.7625,0.5625,True,1.1500000000000001,1.1500000000000001,0.6243680625662772
diffuse_blur_js_0.1,diffuse_blur,0.1,0.1,7,4,0.6375,0.6125,True,1.75,1.75,0.8459837112131999
diffuse_blur_js_0.1,diffuse_blur,0.1,0.1,7,5,0.0375,0.8625,False,,15.0,1.6824777980381822
diffuse_blur_js_0.1,diffuse_blur,0.1,0.1,7,6,0.8875,0.0125,False,,15.0,1.6824777980381822
diffuse_blur_js_0.1,diffuse_blur,0.1,0.1,7,7,0.8375,0.8125,True,3.25,3.25,1.532923123883688
diffuse_blur_js_0.1,diffuse_blur,0.1,0.1,7,8,0.6375,0.8125,True,2.9000000000000004,2.9000000000000004,1.377348246651151
diffuse_blur_js_0.1,diffuse_blur,0.1,0.1,7,9,0.0625,0.6875,False,,15.0,1.6824777980381822
diffuse_blur_js_0.1,diffuse_blur,0.1,0.1,7,10,0.6625,0.6125,True,1.7000000000000002,1.7000000000000002,0.8259376820021989
diffuse_blur_js_0.1,diffuse_blur,0.1,0.1,7,11,0.8625,0.5875,False,,15.0,1.6824777980381822
diffuse_blur_js_0.1,diffuse_blur,0.1,0.1,7,12,0.6625,0.5875,True,1.05,1.05,0.5635082006775943
diffuse_blur_js_0.1,diffuse_blur,0.1,0.1,7,13,0.7875,0.6625,True,3.0500000000000003,3.0500000000000003,1.429687564736153
diffuse_blur_js_0.1,diffuse_blur,0.1,0.1,7,14,0.7625,0.6875,True,2.95,2.95,1.3926791107041967
diffuse_blur_js_0.1,diffuse_blur,0.1,0.1,7,15,0.6625,0.7125,True,2.8000000000000003,2.8000000000000003,1.3504350522931021
diffuse_blur_js_0.1,diffuse_blur,0.1,0.1,7,16,0.7375,0.9875,True,5.2,5.2,1.6824777980381822
diffuse_blur_js_0.1,diffuse_blur,0.1,0.1,7,17,0.6125,0.8125,True,2.8000000000000003,2.8000000000000003,1.3504350522931021
diffuse_blur_js_0.1,diffuse_blur,0.1,0.1,7,18,0.6625,0.7375,True,2.85,2.85,1.3636881217301826
diffuse_blur_js_0.1,diffuse_blur,0.1,0.1,7,19,0.0375,0.9875,False,,15.0,1.6824777980381822
diffuse_blur_js_0.1,diffuse_blur,0.1,0.1,7,20,0.6625,0.5625,True,1.0,1.0,0.529661168337677
diffuse_blur_js_0.1,diffuse_blur,0.1,0.1,7,21,0.6625,0.5125,True,0.9500000000000001,0.9500000000000001,0.49263537193500945
diffuse_blur_js_0.1,diffuse_blur,0.1,0.1,7,22,0.5875,0.7375,True,2.6,2.6,1.2878198447555096
diffuse_blur_js_0.1,diffuse_blur,0.1,0.1,7,23,0.5125,0.1875,False,,15.0,1.6824777980381822
diffuse_blur_js_0.1,diffuse_blur,0.1,0.1,7,24,0.0875,0.1625,False,,15.0,1.6824777980381822
diffuse_blur_js_0.1,diffuse_blur,0.1,0.1,7,25,0.8125,0.6875,True,3.0500000000000003,3.0500000000000003,1.429687564736153
diffuse_blur_js_0.1,diffuse_blur,0.1,0.1,7,26,0.9625,0.6625,True,3.35,3.35,1.5800653157030975
diffuse_blur_js_0.1,diffuse_blur,0.1,0.1,7,27,0.6625,0.8875,True,5.550000000000001,5.550000000000001,1.6824777980381822
diffuse_blur_js_0.1,diffuse_blur,0.1,0.1,7,28,0.7125,0.7375,True,2.9000000000000004,2.9000000000000004,1.377348246651151
diffuse_blur_js_0.1,diffuse_blur,0.1,0.1,7,29,0.8125,0.6875,True,3.0500000000000003,3.0500000000000003,1.429687564736153
diffuse_blur_js_0.1,diffuse_blur,0.1,0.1,7,30,0.7125,0.6875,True,2.9000000000000004,2.9000000000000004,1.377348246651151
diffuse_blur_js_0.1,diffuse_blur,0.1,0.1,7,31,0.5875,0.5875,True,1.05,1.05,0.5635082006775943
diffuse_blur_js_0.1,diffuse_blur,0.1,0.1,7,32,0.0125,0.0625,False,,15.0,1.6824777980381822
diffuse_blur_js_0.1,diffuse_blur,0.1,0.1,7,33,0.7375,0.5375,True,1.1,1.1,0.5947684589325352
diffuse_blur_js_0.1,diffuse_blur,0.1,0.1,7,34,0.7125,0.7625,True,2.95,2.95,1.3926791107041967
diffuse_blur_js_0.1,diffuse_blur,0.1,0.1,7,35,0.8375,0.5375,False,,15.0,1.6824777980381822
diffuse_blur_js_0.1,diffuse_blur,0.1,0.1,7,36,0.7125,0.6375,True,1.7000000000000002,1.7000000000000002,0.8259376820021989
diffuse_blur_js_0.1,diffuse_blur,0.1,0.1,7,37,0.6375,0.0125,False,,15.0,1.6824777980381822
diffuse_blur_js_0.1,diffuse_blur,0.1,0.1,7,38,0.9375,0.8125,True,3.35,3.35,1.5800653157030975
diffuse_blur_js_0.1,diffuse_blur,0.1,0.1,7,39,0.9125,0.4875,False,,15.0,1.6824777980381822
diffuse_blur_js_0.1,diffuse_blur,0.1,0.1,7,40,0.7625,0.5875,True,1.4000000000000001,1.4000000000000001,0.7329824008505382
diffuse_blur_js_0.1,diffuse_blur,0.1,0.1,7,41,0.5875,0.8625,False,,15.0,1.6824777980381822
diffuse_blur_js_0.1,diffuse_blur,0.1,0.1,7,42,0.7875,0.6875,True,2.95,2.95,1.3926791107041967
diffuse_blur_js_0.1,diffuse_blur,0.1,0.1,7,43,0.6875,0.8375,True,3.0500000000000003,3.0500000000000003,1.429687564736153
diffuse_blur_js_0.1,diffuse_blur,0.1,0.1,7,44,0.7625,0.7375,True,3.0,3.0,1.410306130419955
diffuse_blur_js_0.1,diffuse_blur,0.1,0.1,7,45,0.6375,0.7875,True,2.85,2.85,1.3636881217301826
diffuse_blur_js_0.1,diffuse_blur,0.1,0.1,7,46,0.8625,0.3625,False,,15.0,1.6824777980381822
diffuse_blur_js_0.1,diffuse_blur,0.1,0.1,7,47,0.5375,0.7125,True,2.0500000000000003,2.0500000000000003,1.0095187449426168
diffuse_blur_js_0.1,diffuse_blur,0.1,0.1,7,48,0.7625,0.6875,True,2.95,2.95,1.3926791107041967
diffuse_blur_js_0.1,diffuse_blur,0.1,0.1,7,49,0.9375,0.8375,True,3.45,3.45,1.6173472104940623
diffuse_blur_js_0.1,diffuse_blur,0.1,0.1,7,50,0.6875,0.6375,True,1.75,1.75,0.8459837112131999
diffuse_blur_js_0.1,diffuse_blur,0.1,0.1,7,51,0.9375,0.7125,True,3.2,3.2,1.5059680532511253
diffuse_blur_js_0.1,diffuse_blur,0.1,0.1,7,52,0.0875,0.2625,False,,15.0,1.6824777980381822
diffuse_blur_js_0.1,diffuse_blur,0.1,0.1,7,53,0.8375,0.6375,True,3.2,3.2,1.5059680532511253
diffuse_blur_js_0.1,diffuse_blur,0.1,0.1,7,54,0.7875,0.6125,True,3.2,3.2,1.5059680532511253
diffuse_blur_js_0.1,diffuse_blur,0.1,0.1,7,55,0.8125,0.4875,False,,15.0,1.6824777980381822
diffuse_blur_js_0.1,diffuse_blur,0.1,0.1,7,56,0.7875,0.8125,True,3.1500000000000004,3.1500000000000004,1.4784756087798712
diffuse_blur_js_0.1,diffuse_blur,0.1,0.1,7,57,0.7875,0.6375,True,3.1500000000000004,3.1500000000000004,1.4784756087798712
diffuse_blur_js_0.1,diffuse_blur,0.1,0.1,7,58,0.5625,0.9625,False,,15.0,1.6824777980381822
diffuse_blur_js_0.1,diffuse_blur,0.1,0.1,7,59,0.8625,0.7125,True,3.1,3.1,1.4526376707553392
diffuse_blur_js_0.1,diffuse_blur,0.1,0.1,7,60,0.4125,0.7375,True,2.45,2.45,1.2151426453820844
diffuse_blur_js_0.1,diffuse_blur,0.1,0.1,7,61,0.7625,0.7375,True,3.0,3.0,1.410306130419955
diffuse_blur_js_0.1,diffuse_blur,0.1,0.1,7,62,0.5875,0.7625,True,2.6500000000000004,2.6500000000000004,1.3064206794729865
diffuse_blur_js_0.1,diffuse_blur,0.1,0.1,7,63,0.8125,0.4875,False,,15.0,1.6824777980381822
diffuse_blur_js_0.1,diffuse_blur,0.1,0.1,11,0,0.6875,0.4625,True,1.1,1.1,0.5947684589325352
diffuse_blur_js_0.1,diffuse_blur,0.1,0.1,11,1,0.7375,0.6875,True,2.9000000000000004,2.9000000000000004,1.377348246651151
diffuse_blur_js_0.1,diffuse_blur,0.1,0.1,11,2,0.9875,0.7125,True,3.3000000000000003,3.3000000000000003,1.5574635070281517
diffuse_blur_js_0.1,diffuse_blur,0.1,0.1,11,3,0.9125,0.1125,False,,15.0,1.6824777980381822
diffuse_blur_js_0.1,diffuse_blur,0.1,0.1,11,4,0.7625,0.4875,True,1.35,1.35,0.7162332302071532
diffuse_blur_js_0.1,diffuse_blur,0.1,0.1,11,5,0.8125,0.8875,True,5.6000000000000005,5.6000000000000005,1.6824777980381822
diffuse_blur_js_0.1,diffuse_blur,0.1,0.1,11,6,0.8875,0.2875,False,,15.0,1.6824777980381822
diffuse_blur_js_0.1,diffuse_blur,0.1,0.1,11,7,0.7125,0.4625,True,1.2000000000000002,1.2000000000000002,0.6514177584282332
diffuse_blur_js_0.1,diffuse_blur,0.1,0.1,11,8,0.7625,0.9125,True,5.45,5.45,1.6824777980381822
diffuse_blur_js_0.1,diffuse_blur,0.1,0.1,11,9,0.6625,0.7375,True,2.85,2.85,1.3636881217301826
diffuse_blur_js_0.1,diffuse_blur,0.1,0.1,11,10,0.7125,0.6375,True,1.7000000000000002,1.7000000000000002,0.8259376820021989
diffuse_blur_js_0.1,diffuse_blur,0.1,0.1,11,11,0.7875,0.6875,True,2.95,2.95,1.3926791107041967
diffuse_blur_js_0.1,diffuse_blur,0.1,0.1,11,12,0.9125,0.7375,True,3.1500000000000004,3.1500000000000004,1.4784756087798712
diffuse_blur_js_0.1,diffuse_blur,0.1,0.1,11,13,0.8125,0.5875,False,,15.0,1.6824777980381822
diffuse_blur_js_0.1,diffuse_blur,0.1,0.1,11,14,0.9875,0.4625,False,,15.0,1.6824777980381822
diffuse_blur_js_0.1,diffuse_blur,0.1,0.1,11,15,0.5125,0.8125,True,2.75,2.75,1.3372139849668745
diffuse_blur_js_0.1,diffuse_blur,0.1,0.1,11,16,0.4125,0.7625,True,2.5500000000000003,2.5500000000000003,1.2662022549656675
diffuse_blur_js_0.1,diffuse_blur,0.1,0.1,11,17,0.7875,0.6875,True,2.95,2.95,1.3926791107041967
diffuse_blur_js_0.1,diffuse_blur,0.1,0.1,11,18,0.7875,0.8125,True,3.1500000000000004,3.1500000000000004,1.4784756087798712
diffuse_blur_js_0.1,diffuse_blur,0.1,0.1,11,19,0.6125,0.7125,True,2.7,2.7,1.322465275733017
diffuse_blur_js_0.1,diffuse_blur,0.1,0.1,11,20,0.6625,0.9625,True,5.3500000000000005,5.3500000000000005,1.6824777980381822
diffuse_blur_js_0.1,diffuse_blur,0.1,0.1,11,21,0.8875,0.5375,False,,15.0,1.6824777980381822
diffuse_blur_js_0.1,diffuse_blur,0.1,0.1,11,22,0.6625,0.7125,True,2.8000000000000003,2.8000000000000003,1.3504350522931021
diffuse_blur_js_0.1,diffuse_blur,0.1,0.1,11,23,0.6375,0.6875,True,1.9000000000000001,1.9000000000000001,0.9253021681685959
diffuse_blur_js_0.1,diffuse_blur,0.1,0.1,11,24,0.6125,0.6375,True,1.85,1.85,0.8965597784477004
diffuse_blur_js_0.1,diffuse_blur,0.1,0.1,11,25,0.8625,0.7125,True,3.1,3.1,1.4526376707553392
diffuse_blur_js_0.1,diffuse_blur,0.1,0.1,11,26,0.8375,0.5625,False,,15.0,1.6824777980381822
diffuse_blur_js_0.1,diffuse_blur,0.1,0.1,11,27,0.6875,0.8125,True,3.0,3.0,1.410306130419955
diffuse_blur_js_0.1,diffuse_blur,0.1,0.1,11,28,0.8625,0.8375,True,3.35,3.35,1.5800653157030975
diffuse_blur_js_0.1,diffuse_blur,0.1,0.1,11,29,0.6875,0.4625,True,1.1,1.1,0.5947684589325352
diffuse_blur_js_0.1,diffuse_blur,0.1,0.1,11,30,0.9875,0.6625,True,3.4000000000000004,3.4000000000000004,1.5993805923339042
diffuse_blur_js_0.1,diffuse_blur,0.1,0.1,11,31,0.8375,0.5875,False,,15.0,1.6824777980381822
diffuse_blur_js_0.1,diffuse_blur,0.1,0.1,11,32,0.7875,0.3375,False,,15.0,1.6824777980381822
diffuse_blur_js_0.1,diffuse_blur,0.1,0.1,11,33,0.7875,0.8625,True,5.75,5.75,1.6824777980381822
diffuse_blur_js_0.1,diffuse_blur,0.1,0.1,11,34,0.7125,0.6625,True,2.85,2.85,1.3636881217301826
diffuse_blur_js_0.1,diffuse_blur,0.1,0.1,11,35,0.7625,0.4875,True,1.35,1.35,0.7162332302071532
diffuse_blur_js_0.1,diffuse_blur,0.1,0.1,11,36,0.5375,0.7625,True,2.5500000000000003,2.5500000000000003,1.2662022549656675
diffuse_blur_js_0.1,diffuse_blur,0.1,0.1,11,37,0.8625,0.5375,False,,15.0,1.6824777980381822
diffuse_blur_js_0.1,diffuse_blur,0.1,0.1,11,38,0.8625,0.8625,True,6.0,6.0,1.6824777980381822
diffuse_blur_js_0.1,diffuse_blur,0.1,0.1,11,39,0.6875,0.5625,True,1.05,1.05,0.5635082006775943
diffuse_blur_js_0.1,diffuse_blur,0.1,0.1,11,40,0.6375,0.1375,False,,15.0,1.6824777980381822
diffuse_blur_js_0.1,diffuse_blur,0.1,0.1,11,41,0.8375,0.5375,False,,15.0,1.6824777980381822
diffuse_blur_js_0.1,diffuse_blur,0.1,0.1,11,42,0.4875,0.6375,True,2.1,2.1,1.0364536838458065
diffuse_blur_js_0.1,diffuse_blur,0.1,0.1,11,43,0.2375,0.6875,False,,15.0,1.6824777980381822
diffuse_blur_js_0.1,diffuse_blur,0.1,0.1,11,44,0.9375,0.8625,True,3.5,3.5,1.6341531917853795
diffuse_blur_js_0.1,diffuse_blur,0.1,0.1,11,45,0.7375,0.7625,True,3.0,3.0,1.410306130419955
diffuse_blur_js_0.1,diffuse_blur,0.1,0.1,11,46,0.9625,0.6125,False,,15.0,1.6824777980381822
diffuse_blur_js_0.1,diffuse_blur,0.1,0.1,11,47,0.8875,0.0625,False,,15.0,1.6824777980381822
diffuse_blur_js_0.1,diffuse_blur,0.1,0.1,11,48,0.6625,0.5125,True,0.9500000000000001,0.9500000000000001,0.49263537193500945
diffuse_blur_js_0.1,diffuse_blur,0.1,0.1,11,49,0.7625,0.9875,True,5.15,5.15,1.6824777980381822
diffuse_blur_js_0.1,diffuse_blur,0.1,0.1,11,50,0.8875,0.6625,True,3.2,3.2,1.5059680532511253
diffuse_blur_js_0.1,diffuse_blur,0.1,0.1,11,51,0.6875,0.7625,True,2.9000000000000004,2.9000000000000004,1.377348246651151
diffuse_blur_js_0.1,diffuse_blur,0.1,0.1,11,52,0.3125,0.2375,True,0.15000000000000002,0.15000000000000002,0.007953348324341273
diffuse_blur_js_0.1,diffuse_blur,0.1,0.1,11,53,0.8125,0.1375,False,,15.0,1.6824777980381822
diffuse_blur_js_0.1,diffuse_blur,0.1,0.1,11,54,0.6625,0.8375,True,3.0,3.0,1.410306130419955
diffuse_blur_js_0.1,diffuse_blur,0.1,0.1,11,55,0.8375,0.7125,True,3.0500000000000003,3.0500000000000003,1.429687564736153
diffuse_blur_js_0.1,diffuse_blur,0.1,0.1,11,56,0.7125,0.6125,True,1.6,1.6,0.791001274367393
diffuse_blur_js_0.1,diffuse_blur,0.1,0.1,11,57,0.7625,0.6125,True,3.2,3.2,1.5059680532511253
diffuse_blur_js_0.1,diffuse_blur,0.1,0.1,11,58,0.6625,0.3625,True,1.2000000000000002,1.2000000000000002,0.6514177584282332
diffuse_blur_js_0.1,diffuse_blur,0.1,0.1,11,59,0.8375,0.5125,False,,15.0,1.6824777980381822
diffuse_blur_js_0.1,diffuse_blur,0.1,0.1,11,60,0.1875,0.1125,True,0.0,0.0,0.0
diffuse_blur_js_0.1,diffuse_blur,0.1,0.1,11,61,0.5875,0.8375,True,2.75,2.75,1.3372139849668745
diffuse_blur_js_0.1,diffuse_blur,0.1,0.1,11,62,0.9625,0.6625,True,3.35,3.35,1.5800653157030975
diffuse_blur_js_0.1,diffuse_blur,0.1,0.1,11,63,0.6625,0.4625,True,1.05,1.05,0.5635082006775943
diffuse_blur_js_0.15,diffuse_blur,0.15,0.1,7,0,0.6875,0.7375,True,3.0500000000000003,3.0500000000000003,1.425975375845258
diffuse_blur_js_0.15,diffuse_blur,0.15,0.1,7,1,0.8125,0.8625,True,5.800000000000001,5.800000000000001,1.7516477480131922
diffuse_blur_js_0.15,diffuse_blur,0.15,0.1,7,2,0.8625,0.7875,True,3.35,3.35,1.6004974650306407
diffuse_blur_js_0.15,diffuse_blur,0.15,0.1,7,3,0.7625,0.5625,False,,15.0,1.7516477480131922
diffuse_blur_js_0.15,diffuse_blur,0.15,0.1,7,4,0.6375,0.6125,True,2.95,2.95,1.3783976547353747
diffuse_blur_js_0.15,diffuse_blur,0.15,0.1,7,5,0.0375,0.8625,False,,15.0,1.7516477480131922
diffuse_blur_js_0.15,diffuse_blur,0.15,0.1,7,6,0.8875,0.0125,False,,15.0,1.7516477480131922
diffuse_blur_js_0.15,diffuse_blur,0.15,0.1,7,7,0.8375,0.8125,True,3.4000000000000004,3.4000000000000004,1.624710676739284
diffuse_blur_js_0.15,diffuse_blur,0.15,0.1,7,8,0.6375,0.8125,True,3.1,3.1,1.453656351599195
diffuse_blur_js_0.15,diffuse_blur,0.15,0.1,7,9,0.0625,0.6875,False,,15.0,1.7516477480131922
diffuse_blur_js_0.15,diffuse_blur,0.15,0.1,7,10,0.6625,0.6125,True,3.0,3.0,1.401120943634532
diffuse_blur_js_0.15,diffuse_blur,0.15,0.1,7,11,0.8625,0.5875,True,3.35,3.35,1.6004974650306407
diffuse_blur_js_0.15,diffuse_blur,0.15,0.1,7,12,0.6625,0.5875,True,3.0500000000000003,3.0500000000000003,1.425975375845258
diffuse_blur_js_0.15,diffuse_blur,0.15,0.1,7,13,0.7875,0.6625,True,3.0500000000000003,3.0500000000000003,1.425975375845258
diffuse_blur_js_0.15,diffuse_blur,0.15,0.1,7,14,0.7625,0.6875,True,3.0500000000000003,3.0500000000000003,1.425975375845258
diffuse_blur_js_0.15,diffuse_blur,0.15,0.1,7,15,0.6625,0.7125,True,2.95,2.95,1.3783976547353747
diffuse_blur_js_0.15,diffuse_blur,0.15,0.1,7,16,0.7375,0.9875,True,5.2,5.2,1.7516477480131922
diffuse_blur_js_0.15,diffuse_blur,0.15,0.1,7,17,0.6125,0.8125,True,3.0500000000000003,3.0500000000000003,1.425975375845258
diffuse_blur_js_0.15,diffuse_blur,0.15,0.1,7,18,0.6625,0.7375,True,3.0,3.0,1.401120943634532
diffuse_blur_js_0.15,diffuse_blur,0.15,0.1,7,19,0.0375,0.9875,False,,15.0,1.7516477480131922
diffuse_blur_js_0.15,diffuse_blur,0.15,0.1,7,20,0.6625,0.5625,False,,15.0,1.7516477480131922
diffuse_blur_js_0.15,diffuse_blur,0.15,0.1,7,21,0.6625,0.5125,True,1.55,1.55,0.6914864873051498
diffuse_blur_js_0.15,diffuse_blur,0.15,0.1,7,22,0.5875,0.7375,True,2.85,2.85,1.3432434196551477
diffuse_blur_js_0.15,diffuse_blur,0.15,0.1,7,23,0.5125,0.1875,False,,15.0,1.7516477480131922
diffuse_blur_js_0.15,diffuse_blur,0.15,0.1,7,24,0.0875,0.1625,False,,15.0,1.7516477480131922
diffuse_blur_js_0.15,diffuse_blur,0.15,0.1,7,25,0.8125,0.6875,True,3.1,3.1,1.453656351599195
diffuse_blur_js_0.15,diffuse_blur,0.15,0.1,7,26,0.9625,0.6625,True,3.35,3.35,1.6004974650306407
diffuse_blur_js_0.15,diffuse_blur,0.15,0.1,7,27,0.6625,0.8875,True,5.550000000000001,5.550000000000001,1.7516477480131922
diffuse_blur_js_0.15,diffuse_blur,0.15,0.1,7,28,0.7125,0.7375,True,3.0500000000000003,3.0500000000000003,1.425975375845258
diffuse_blur_js_0.15,diffuse_blur,0.15,0.1,7,29,0.8125,0.6875,True,3.1,3.1,1.453656351599195
diffuse_blur_js_0.15,diffuse_blur,0.15,0.1,7,30,0.7125,0.6875,True,3.0,3.0,1.401120943634532
diffuse_blur_js_0.15,diffuse_blur,0.15,0.1,7,31,0.5875,0.5875,True,1.75,1.75,0.7844376443630031
diffuse_blur_js_0.15,diffuse_blur,0.15,0.1,7,32,0.0125,0.0625,False,,15.0,1.7516477480131922
diffuse_blur_js_0.15,diffuse_blur,0.15,0.1,7,33,0.7375,0.5375,False,,15.0,1.7516477480131922
diffuse_blur_js_0.15,diffuse_blur,0.15,0.1,7,34,0.7125,0.7625,True,3.1,3.1,1.453656351599195
diffuse_blur_js_0.15,diffuse_blur,0.15,0.1,7,35,0.8375,0.5375,False,,15.0,1.7516477480131922
diffuse_blur_js_0.15,diffuse_blur,0.15,0.1,7,36,0.7125,0.6375,True,3.0,3.0,1.401120943634532
diffuse_blur_js_0.15,diffuse_blur,0.15,0.1,7,37,0.6375,0.0125,False,,15.0,1.7516477480131922
diffuse_blur_js_0.15,diffuse_blur,0.15,0.1,7,38,0.9375,0.8125,True,3.45,3.45,1.6475356108872923
diffuse_blur_js_0.15,diffuse_blur,0.15,0.1,7,39,0.9125,0.4875,False,,15.0,1.7516477480131922
diffuse_blur_js_0.15,diffuse_blur,0.15,0.1,7,40,0.7625,0.5875,True,3.1500000000000004,3.1500000000000004,1.4837562229893853
diffuse_blur_js_0.15,diffuse_blur,0.15,0.1,7,41,0.5875,0.8625,False,,15.0,1.7516477480131922
diffuse_blur_js_0.15,diffuse_blur,0.15,0.1,7,42,0.7875,0.6875,True,3.1,3.1,1.453656351599195
diffuse_blur_js_0.15,diffuse_blur,0.15,0.1,7,43,0.6875,0.8375,True,5.7,5.7,1.7516477480131922
diffuse_blur_js_0.15,diffuse_blur,0.15,0.1,7,44,0.7625,0.7375,True,3.1500000000000004,3.1500000000000004,1.4837562229893853
diffuse_blur_js_0.15,diffuse_blur,0.15,0.1,7,45,0.6375,0.7875,True,3.0500000000000003,3.0500000000000003,1.425975375845258
diffuse_blur_js_0.15,diffuse_blur,0.15,0.1,7,46,0.8625,0.3625,False,,15.0,1.7516477480131922
diffuse_blur_js_0.15,diffuse_blur,0.15,0.1,7,47,0.5375,0.7125,True,2.75,2.75,1.315772520615543
diffuse_blur_js_0.15,diffuse_blur,0.15,0.1,7,48,0.7625,0.6875,True,3.0500000000000003,3.0500000000000003,1.425975375845258
diffuse_blur_js_0.15,diffuse_blur,0.15,0.1,7,49,0.9375,0.8375,True,3.5,3.5,1.6695102235431198
diffuse_blur_js_0.15,diffuse_blur,0.15,0.1,7,50,0.6875,0.6375,True,2.95,2.95,1.3783976547353747
diffuse_blur_js_0.15,diffuse_blur,0.15,0.1,7,51,0.9375,0.7125,True,3.25,3.25,1.5455308924077498
diffuse_blur_js_0.15,diffuse_blur,0.15,0.1,7,52,0.0875,0.2625,False,,15.0,1.7516477480131922
diffuse_blur_js_0.15,diffuse_blur,0.15,0.1,7,53,0.8375,0.6375,True,3.2,3.2,1.5144370605788682
diffuse_blur_js_0.15,diffuse_blur,0.15,0.1,7,54,0.7875,0.6125,True,3.1500000000000004,3.1500000000000004,1.4837562229893853
diffuse_blur_js_0.15,diffuse_blur,0.15,0.1,7,55,0.8125,0.4875,False,,15.0,1.7516477480131922
diffuse_blur_js_0.15,diffuse_blur,0.15,0.1,7,56,0.7875,0.8125,True,3.35,3.35,1.6004974650306407
diffuse_blur_js_0.15,diffuse_blur,0.15,0.1,7,57,0.7875,0.6375,True,3.1,3.1,1.453656351599195
diffuse_blur_js_0.15,diffuse_blur,0.15,0.1,7,58,0.5625,0.9625,False,,15.0,1.7516477480131922
diffuse_blur_js_0.15,diffuse_blur,0.15,0.1,7,59,0.8625,0.7125,True,3.2,3.2,1.5144370605788682
diffuse_blur_js_0.15,diffuse_blur,0.15,0.1,7,60,0.4125,0.7375,True,2.45,2.45,1.221332889014841
diffuse_blur_js_0.15,diffuse_blur,0.15,0.1,7,61,0.7625,0.7375,True,3.1500000000000004,3.1500000000000004,1.4837562229893853
diffuse_blur_js_0.15,diffuse_blur,0.15,0.1,7,62,0.5875,0.7625,True,2.9000000000000004,2.9000000000000004,1.3599360750563227
diffuse_blur_js_0.15,diffuse_blur,0.15,0.1,7,63,0.8125,0.4875,False,,15.0,1.7516477480131922
diffuse_blur_js_0.15,diffuse_blur,0.15,0.1,11,0,0.6875,0.4625,True,1.25,1.25,0.5997481705538407
diffuse_blur_js_0.15,diffuse_blur,0.15,0.1,11,1,0.7375,0.6875,True,3.0500000000000003,3.0500000000000003,1.425975375845258
diffuse_blur_js_0.15,diffuse_blur,0.15,0.1,11,2,0.9875,0.7125,True,3.35,3.35,1.6004974650306407
diffuse_blur_js_0.15,diffuse_blur,0.15,0.1,11,3,0.9125,0.1125,False,,15.0,1.7516477480131922
diffuse_blur_js_0.15,diffuse_blur,0.15,0.1,11,4,0.7625,0.4875,False,,15.0,1.7516477480131922
diffuse_blur_js_0.15,diffuse_blur,0.15,0.1,11,5,0.8125,0.8875,True,5.6000000000000005,5.6000000000000005,1.7516477480131922
diffuse_blur_js_0.15,diffuse_blur,0.15,0.1,11,6,0.8875,0.2875,False,,15.0,1.7516477480131922
diffuse_blur_js_0.15,diffuse_blur,0.15,0.1,11,7,0.7125,0.4625,True,1.3,1.3,0.6159149220539395
diffuse_blur_js_0.15,diffuse_blur,0.15,0.1,11,8,0.7625,0.9125,True,5.45,5.45,1.7516477480131922
diffuse_blur_js_0.15,diffuse_blur,0.15,0.1,11,9,0.6625,0.7375,True,3.0,3.0,1.401120943634532
diffuse_blur_js_0.15,diffuse_blur,0.15,0.1,11,10,0.7125,0.6375,True,3.0,3.0,1.401120943634532
diffuse_blur_js_0.15,diffuse_blur,0.15,0.1,11,11,0.7875,0.6875,True,3.1,3.1,1.453656351599195
diffuse_blur_js_0.15,diffuse_blur,0.15,0.1,11,12,0.9125,0.7375,True,3.3000000000000003,3.3000000000000003,1.5737907534406768
diffuse_blur_js_0.15,diffuse_blur,0.15,0.1,11,13,0.8125,0.5875,True,3.25,3.25,1.5455308924077498
diffuse_blur_js_0.15,diffuse_blur,0.15,0.1,11,14,0.9875,0.4625,False,,15.0,1.7516477480131922
diffuse_blur_js_0.15,diffuse_blur,0.15,0.1,11,15,0.5125,0.8125,True,2.8000000000000003,2.8000000000000003,1.3284571617536847
diffuse_blur_js_0.15,diffuse_blur,0.15,0.1,11,16,0.4125,0.7625,True,2.5,2.5,1.2427190198787623
diffuse_blur_js_0.15,diffuse_blur,0.15,0.1,11,17,0.7875,0.6875,True,3.1,3.1,1.453656351599195
diffuse_blur_js_0.15,diffuse_blur,0.15,0.1,11,18,0.7875,0.8125,True,3.35,3.35,1.6004974650306407
diffuse_blur_js_0.15,diffuse_blur,0.15,0.1,11,19,0.6125,0.7125,True,2.9000000000000004,2.9000000000000004,1.3599360750563227
diffuse_blur_js_0.15,diffuse_blur,0.15,0.1,11,20,0.6625,0.9625,True,5.3500000000000005,5.3500000000000005,1.7516477480131922
diffuse_blur_js_0.15,diffuse_blur,0.15,0.1,11,21,0.8875,0.5375,False,,15.0,1.7516477480131922
diffuse_blur_js_0.15,diffuse_blur,0.15,0.1,11,22,0.6625,0.7125,True,2.95,2.95,1.3783976547353747
diffuse_blur_js_0.15,diffuse_blur,0.15,0.1,11,23,0.6375,0.6875,True,2.9000000000000004,2.9000000000000004,1.3599360750563227
diffuse_blur_js_0.15,diffuse_blur,0.15,0.1,11,24,0.6125,0.6375,True,2.8000000000000003,2.8000000000000003,1.3284571617536847
diffuse_blur_js_0.15,diffuse_blur,0.15,0.1,11,25,0.8625,0.7125,True,3.2,3.2,1.5144370605788682
diffuse_blur_js_0.15,diffuse_blur,0.15,0.1,11,26,0.8375,0.5625,False,,15.0,1.7516477480131922
diffuse_blur_js_0.15,diffuse_blur,0.15,0.1,11,27,0.6875,0.8125,True,5.75,5.75,1.7516477480131922
diffuse_blur_js_0.15,diffuse_blur,0.15,0.1,11,28,0.8625,0.8375,True,3.5,3.5,1.6695102235431198
diffuse_blur_js_0.15,diffuse_blur,0.15,0.1,11,29,0.6875,0.4625,True,1.25,1.25,0.5997481705538407
diffuse_blur_js_0.15,diffuse_blur,0.15,0.1,11,30,0.9875,0.6625,True,3.4000000000000004,3.4000000000000004,1.624710676739284
diffuse_blur_js_0.15,diffuse_blur,0.15,0.1,11,31,0.8375,0.5875,True,3.3000000000000003,3.3000000000000003,1.5737907534406768
diffuse_blur_js_0.15,diffuse_blur,0.15,0.1,11,32,0.7875,0.3375,False,,15.0,1.7516477480131922
diffuse_blur_js_0.15,diffuse_blur,0.15,0.1,11,33,0.7875,0.8625,True,5.75,5.75,1.7516477480131922
diffuse_blur_js_0.15,diffuse_blur,0.15,0.1,11,34,0.7125,0.6625,True,2.95,2.95,1.3783976547353747
diffuse_blur_js_0.15,diffuse_blur,0.15,0.1,11,35,0.7625,0.4875,False,,15.0,1.7516477480131922
diffuse_blur_js_0.15,diffuse_blur,0.15,0.1,11,36,0.5375,0.7625,True,2.8000000000000003,2.8000000000000003,1.3284571617536847
diffuse_blur_js_0.15,diffuse_blur,0.15,0.1,11,37,0.8625,0.5375,False,,15.0,1.7516477480131922
diffuse_blur_js_0.15,diffuse_blur,0.15,0.1,11,38,0.8625,0.8625,True,6.0,6.0,1.7516477480131922
diffuse_blur_js_0.15,diffuse_blur,0.15,0.1,11,39,0.6875,0.5625,True,3.2,3.2,1.5144370605788682
diffuse_blur_js_0.15,diffuse_blur,0.15,0.1,11,40,0.6375,0.1375,False,,15.0,1.7516477480131922
diffuse_blur_js_0.15,diffuse_blur,0.15,0.1,11,41,0.8375,0.5375,False,,15.0,1.7516477480131922
diffuse_blur_js_0.15,diffuse_blur,0.15,0.1,11,42,0.4875,0.6375,True,2.0,2.0,0.9597073183580035
diffuse_blur_js_0.15,diffuse_blur,0.15,0.1,11,43,0.2375,0.6875,False,,15.0,1.7516477480131922
diffuse_blur_js_0.15,diffuse_blur,0.15,0.1,11,44,0.9375,0.8625,True,3.5500000000000003,3.5500000000000003,1.6906545889053468
diffuse_blur_js_0.15,diffuse_blur,0.15,0.1,11,45,0.7375,0.7625,True,3.1500000000000004,3.1500000000000004,1.4837562229893853
diffuse_blur_js_0.15,diffuse_blur,0.15,0.1,11,46,0.9625,0.6125,False,,15.0,1.7516477480131922
diffuse_blur_js_0.15,diffuse_blur,0.15,0.1,11,47,0.8875,0.0625,False,,15.0,1.7516477480131922
diffuse_blur_js_0.15,diffuse_blur,0.15,0.1,11,48,0.6625,0.5125,True,1.55,1.55,0.6914864873051498
diffuse_blur_js_0.15,diffuse_blur,0.15,0.1,11,49,0.7625,0.9875,True,5.15,5.15,1.7516477480131922
diffuse_blur_js_0.15,diffuse_blur,0.15,0.1,11,50,0.8875,0.6625,True,3.2,3.2,1.5144370605788682
diffuse_blur_js_0.15,diffuse_blur,0.15,0.1,11,51,0.6875,0.7625,True,3.1,3.1,1.453656351599195
diffuse_blur_js_0.15,diffuse_blur,0.15,0.1,11,52,0.3125,0.2375,True,0.15000000000000002,0.15000000000000002,0.007944813316707846
diffuse_blur_js_0.15,diffuse_blur,0.15,0.1,11,53,0.8125,0.1375,False,,15.0,1.7516477480131922
diffuse_blur_js_0.15,diffuse_blur,0.15,0.1,11,54,0.6625,0.8375,True,5.7,5.7,1.7516477480131922
diffuse_blur_js_0.15,diffuse_blur,0.15,0.1,11,55,0.8375,0.7125,True,3.2,3.2,1.5144370605788682
diffuse_blur_js_0.15,diffuse_blur,0.15,0.1,11,56,0.7125,0.6125,True,3.0500000000000003,3.0500000000000003,1.425975375845258
diffuse_blur_js_0.15,diffuse_blur,0.15,0.1,11,57,0.7625,0.6125,True,3.1,3.1,1.453656351599195
diffuse_blur_js_0.15,diffuse_blur,0.15,0.1,11,58,0.6625,0.3625,True,1.05,1.05,0.5093849786642162
diffuse_blur_js_0.15,diffuse_blur,0.15,0.1,11,59,0.8375,0.5125,False,,15.0,1.7516477480131922
diffuse_blur_js_0.15,diffuse_blur,0.15,0.1,11,60,0.1875,0.1125,True,0.0,0.0,0.0
diffuse_blur_js_0.15,diffuse_blur,0.15,0.1,11,61,0.5875,0.8375,False,,15.0,1.7516477480131922
diffuse_blur_js_0.15,diffuse_blur,0.15,0.1,11,62,0.9625,0.6625,True,3.35,3.35,1.6004974650306407
diffuse_blur_js_0.15,diffuse_blur,0.15,0.1,11,63,0.6625,0.4625,True,1.2000000000000002,1.2000000000000002,0.5807534151385608
false_hotspot_js_0.05,false_hotspot,0.05,0.1,7,0,0.6875,0.7375,True,1.25,1.25,0.7333546063466079
false_hotspot_js_0.05,false_hotspot,0.05,0.1,7,1,0.8125,0.8625,True,5.800000000000001,5.800000000000001,1.8943920208709222
false_hotspot_js_0.05,false_hotspot,0.05,0.1,7,2,0.8625,0.7875,True,3.5500000000000003,3.5500000000000003,1.6189375418938257
false_hotspot_js_0.05,false_hotspot,0.05,0.1,7,3,0.7625,0.5625,False,,15.0,1.8943920208709222
false_hotspot_js_0.05,false_hotspot,0.05,0.1,7,4,0.6375,0.6125,True,1.05,1.05,0.5831867839707756
false_hotspot_js_0.05,false_hotspot,0.05,0.1,7,5,0.0375,0.8625,False,,15.0,1.8943920208709222
false_hotspot_js_0.05,false_hotspot,0.05,0.1,7,6,0.8875,0.0125,False,,15.0,1.8943920208709222
false_hotspot_js_0.05,false_hotspot,0.05,0.1,7,7,0.8375,0.8125,True,3.5,3.5,1.5880343063666875
false_hotspot_js_0.05,false_hotspot,0.05,0.1,7,8,0.6375,0.8125,True,1.5,1.5,0.8720748674826131
false_hotspot_js_0.05,false_hotspot,0.05,0.1,7,9,0.0625,0.6875,False,,15.0,1.8943920208709222
false_hotspot_js_0.05,false_hotspot,0.05,0.1,7,10,0.6625,0.6125,True,1.05,1.05,0.5831867839707756
false_hotspot_js_0.05,false_hotspot,0.05,0.1,7,11,0.8625,0.5875,False,,15.0,1.8943920208709222
false_hotspot_js_0.05,false_hotspot,0.05,0.1,7,12,0.6625,0.5875,True,1.05,1.05,0.5831867839707756
false_hotspot_js_0.05,false_hotspot,0.05,0.1,7,13,0.7875,0.6625,True,1.55,1.55,0.8905212031982468
false_hotspot_js_0.05,false_hotspot,0.05,0.1,7,14,0.7625,0.6875,True,1.2000000000000002,1.2000000000000002,0.6966216276031477
false_hotspot_js_0.05,false_hotspot,0.05,0.1,7,15,0.6625,0.7125,True,1.2000000000000002,1.2000000000000002,0.6966216276031477
false_hotspot_js_0.05,false_hotspot,0.05,0.1,7,16,0.7375,0.9875,True,5.2,5.2,1.8943920208709222
false_hotspot_js_0.05,false_hotspot,0.05,0.1,7,17,0.6125,0.8125,True,1.85,1.85,0.9347313650493105
false_hotspot_js_0.05,false_hotspot,0.05,0.1,7,18,0.6625,0.7375,True,1.25,1.25,0.7333546063466079
false_hotspot_js_0.05,false_hotspot,0.05,0.1,7,19,0.0375,0.9875,False,,15.0,1.8943920208709222
false_hotspot_js_0.05,false_hotspot,0.05,0.1,7,20,0.6625,0.5625,True,1.05,1.05,0.5831867839707756
false_hotspot_js_0.05,false_hotspot,0.05,0.1,7,21,0.6625,0.5125,True,1.05,1.05,0.5831867839707756
false_hotspot_js_0.05,false_hotspot,0.05,0.1,7,22,0.5875,0.7375,True,1.3,1.3,0.7689754799090105
false_hotspot_js_0.05,false_hotspot,0.05,0.1,7,23,0.5125,0.1875,False,,15.0,1.8943920208709222
false_hotspot_js_0.05,false_hotspot,0.05,0.1,7,24,0.0875,0.1625,False,,15.0,1.8943920208709222
false_hotspot_js_0.05,false_hotspot,0.05,0.1,7,25,0.8125,0.6875,True,3.5500000000000003,3.5500000000000003,1.6189375418938257
false_hotspot_js_0.05,false_hotspot,0.05,0.1,7,26,0.9625,0.6625,True,3.8000000000000003,3.8000000000000003,1.7648652999493815
false_hotspot_js_0.05,false_hotspot,0.05,0.1,7,27,0.6625,0.8875,True,5.550000000000001,5.550000000000001,1.8943920208709222
false_hotspot_js_0.05,false_hotspot,0.05,0.1,7,28,0.7125,0.7375,True,1.25,1.25,0.7333546063466079
false_hotspot_js_0.05,false_hotspot,0.05,0.1,7,29,0.8125,0.6875,True,3.5500000000000003,3.5500000000000003,1.6189375418938257
false_hotspot_js_0.05,false_hotspot,0.05,0.1,7,30,0.7125,0.6875,True,1.1500000000000001,1.1500000000000001,0.6592551022181393
false_hotspot_js_0.05,false_hotspot,0.05,0.1,7,31,0.5875,0.5875,True,1.05,1.05,0.5831867839707756
false_hotspot_js_0.05,false_hotspot,0.05,0.1,7,32,0.0125,0.0625,False,,15.0,1.8943920208709222
false_hotspot_js_0.05,false_hotspot,0.05,0.1,7,33,0.7375,0.5375,False,,15.0,1.8943920208709222
false_hotspot_js_0.05,false_hotspot,0.05,0.1,7,34,0.7125,0.7625,True,1.3,1.3,0.7689754799090105
false_hotspot_js_0.05,false_hotspot,0.05,0.1,7,35,0.8375,0.5375,False,,15.0,1.8943920208709222
false_hotspot_js_0.05,false_hotspot,0.05,0.1,7,36,0.7125,0.6375,True,1.1,1.1,0.6215170718340757
false_hotspot_js_0.05,false_hotspot,0.05,0.1,7,37,0.6375,0.0125,False,,15.0,1.8943920208709222
false_hotspot_js_0.05,false_hotspot,0.05,0.1,7,38,0.9375,0.8125,True,3.6500000000000004,3.6500000000000004,1.6835137971104757
false_hotspot_js_0.05,false_hotspot,0.05,0.1,7,39,0.9125,0.4875,False,,15.0,1.8943920208709222
false_hotspot_js_0.05,false_hotspot,0.05,0.1,7,40,0.7625,0.5875,False,,15.0,1.8943920208709222
false_hotspot_js_0.05,false_hotspot,0.05,0.1,7,41,0.5875,0.8625,True,3.4000000000000004,3.4000000000000004,1.5339714669574214
false_hotspot_js_0.05,false_hotspot,0.05,0.1,7,42,0.7875,0.6875,True,1.55,1.55,0.8905212031982468
false_hotspot_js_0.05,false_hotspot,0.05,0.1,7,43,0.6875,0.8375,True,1.5,1.5,0.8720748674826131
false_hotspot_js_0.05,false_hotspot,0.05,0.1,7,44,0.7625,0.7375,True,1.25,1.25,0.7333546063466079
false_hotspot_js_0.05,false_hotspot,0.05,0.1,7,45,0.6375,0.7875,True,1.4000000000000001,1.4000000000000001,0.8274255445374887
false_hotspot_js_0.05,false_hotspot,0.05,0.1,7,46,0.8625,0.3625,False,,15.0,1.8943920208709222
false_hotspot_js_0.05,false_hotspot,0.05,0.1,7,47,0.5375,0.7125,True,2.0,2.0,0.9705031660420347
false_hotspot_js_0.05,false_hotspot,0.05,0.1,7,48,0.7625,0.6875,True,1.2000000000000002,1.2000000000000002,0.6966216276031477
false_hotspot_js_0.05,false_hotspot,0.05,0.1,7,49,0.9375,0.8375,True,3.6500000000000004,3.6500000000000004,1.6835137971104757
false_hotspot_js_0.05,false_hotspot,0.05,0.1,7,50,0.6875,0.6375,True,1.1,1.1,0.6215170718340757
false_hotspot_js_0.05,false_hotspot,0.05,0.1,7,51,0.9375,0.7125,True,3.7,3.7,1.7138596678277211
false_hotspot_js_0.05,false_hotspot,0.05,0.1,7,52,0.0875,0.2625,False,,15.0,1.8943920208709222
false_hotspot_js_0.05,false_hotspot,0.05,0.1,7,53,0.8375,0.6375,True,3.6500000000000004,3.6500000000000004,1.6835137971104757
false_hotspot_js_0.05,false_hotspot,0.05,0.1,7,54,0.7875,0.6125,True,3.6,3.6,1.6522211088235692
false_hotspot_js_0.05,false_hotspot,0.05,0.1,7,55,0.8125,0.4875,False,,15.0,1.8943920208709222
false_hotspot_js_0.05,false_hotspot,0.05,0.1,7,56,0.7875,0.8125,True,1.4000000000000001,1.4000000000000001,0.8274255445374887
false_hotspot_js_0.05,false_hotspot,0.05,0.1,7,57,0.7875,0.6375,True,1.55,1.55,0.8905212031982468
false_hotspot_js_0.05,false_hotspot,0.05,0.1,7,58,0.5625,0.9625,False,,15.0,1.8943920208709222
false_hotspot_js_0.05,false_hotspot,0.05,0.1,7,59,0.8625,0.7125,True,3.6,3.6,1.6522211088235692
false_hotspot_js_0.05,false_hotspot,0.05,0.1,7,60,0.4125,0.7375,True,2.3000000000000003,2.3000000000000003,1.0987237807668242
false_hotspot_js_0.05,false_hotspot,0.05,0.1,7,61,0.7625,0.7375,True,1.25,1.25,0.7333546063466079
false_hotspot_js_0.05,false_hotspot,0.05,0.1,7,62,0.5875,0.7625,True,1.4500000000000002,1.4500000000000002,0.8519473830686929
false_hotspot_js_0.05,false_hotspot,0.05,0.1,7,63,0.8125,0.4875,False,,15.0,1.8943920208709222
false_hotspot_js_0.05,false_hotspot,0.05,0.1,11,0,0.6875,0.4625,False,,15.0,1.8943920208709222
false_hotspot_js_0.05,false_hotspot,0.05,0.1,11,1,0.7375,0.6875,True,1.2000000000000002,1.2000000000000002,0.6966216276031477
false_hotspot_js_0.05,false_hotspot,0.05,0.1,11,2,0.9875,0.7125,True,3.75,3.75,1.7398987498281964
false_hotspot_js_0.05,false_hotspot,0.05,0.1,11,3,0.9125,0.1125,False,,15.0,1.8943920208709222
false_hotspot_js_0.05,false_hotspot,0.05,0.1,11,4,0.7625,0.4875,False,,15.0,1.8943920208709222
false_hotspot_js_0.05,false_hotspot,0.05,0.1,11,5,0.8125,0.8875,True,5.6000000000000005,5.6000000000000005,1.8943920208709222
false_hotspot_js_0.05,false_hotspot,0.05,0.1,11,6,0.8875,0.2875,False,,15.0,1.8943920208709222
false_hotspot_js_0.05,false_hotspot,0.05,0.1,11,7,0.7125,0.4625,False,,15.0,1.8943920208709222
false_hotspot_js_0.05,false_hotspot,0.05,0.1,11,8,0.7625,0.9125,True,5.45,5.45,1.8943920208709222
false_hotspot_js_0.05,false_hotspot,0.05,0.1,11,9,0.6625,0.7375,True,1.25,1.25,0.7333546063466079
false_hotspot_js_0.05,false_hotspot,0.05,0.1,11,10,0.7125,0.6375,True,1.1,1.1,0.6215170718340757
false_hotspot_js_0.05,false_hotspot,0.05,0.1,11,11,0.7875,0.6875,True,1.55,1.55,0.8905212031982468
false_hotspot_js_0.05,false_hotspot,0.05,0.1,11,12,0.9125,0.7375,True,3.6500000000000004,3.6500000000000004,1.6835137971104757
false_hotspot_js_0.05,false_hotspot,0.05,0.1,11,13,0.8125,0.5875,False,,15.0,1.8943920208709222
false_hotspot_js_0.05,false_hotspot,0.05,0.1,11,14,0.9875,0.4625,False,,15.0,1.8943920208709222
false_hotspot_js_0.05,false_hotspot,0.05,0.1,11,15,0.5125,0.8125,True,2.15,2.15,1.022156610266842
false_hotspot_js_0.05,false_hotspot,0.05,0.1,11,16,0.4125,0.7625,True,2.95,2.95,1.3823123127610906
false_hotspot_js_0.05,false_hotspot,0.05,0.1,11,17,0.7875,0.6875,True,1.55,1.55,0.8905212031982468
false_hotspot_js_0.05,false_hotspot,0.05,0.1,11,18,0.7875,0.8125,True,1.4000000000000001,1.4000000000000001,0.8274255445374887
false_hotspot_js_0.05,false_hotspot,0.05,0.1,11,19,0.6125,0.7125,True,1.2000000000000002,1.2000000000000002,0.6966216276031477
false_hotspot_js_0.05,false_hotspot,0.05,0.1,11,20,0.6625,0.9625,True,5.3500000000000005,5.3500000000000005,1.8943920208709222
false_hotspot_js_0.05,false_hotspot,0.05,0.1,11,21,0.8875,0.5375,False,,15.0,1.8943920208709222
false_hotspot_js_0.05,false_hotspot,0.05,0.1,11,22,0.6625,0.7125,True,1.2000000000000002,1.2000000000000002,0.6966216276031477
false_hotspot_js_0.05,false_hotspot,0.05,0.1,11,23,0.6375,0.6875,True,1.1500000000000001,1.1500000000000001,0.6592551022181393
false_hotspot_js_0.05,false_hotspot,0.05,0.1,11,24,0.6125,0.6375,True,1.05,1.05,0.5831867839707756
false_hotspot_js_0.05,false_hotspot,0.05,0.1,11,25,0.8625,0.7125,True,3.6,3.6,1.6522211088235692
false_hotspot_js_0.05,false_hotspot,0.05,0.1,11,26,0.8375,0.5625,False,,15.0,1.8943920208709222
false_hotspot_js_0.05,false_hotspot,0.05,0.1,11,27,0.6875,0.8125,True,1.4000000000000001,1.4000000000000001,0.8274255445374887
false_hotspot_js_0.05,false_hotspot,0.05,0.1,11,28,0.8625,0.8375,True,3.5,3.5,1.5880343063666875
false_hotspot_js_0.05,false_hotspot,0.05,0.1,11,29,0.6875,0.4625,False,,15.0,1.8943920208709222
false_hotspot_js_0.05,false_hotspot,0.05,0.1,11,30,0.9875,0.6625,True,3.85,3.85,1.7869702967834498
false_hotspot_js_0.05,false_hotspot,0.05,0.1,11,31,0.8375,0.5875,False,,15.0,1.8943920208709222
false_hotspot_js_0.05,false_hotspot,0.05,0.1,11,32,0.7875,0.3375,False,,15.0,1.8943920208709222
false_hotspot_js_0.05,false_hotspot,0.05,0.1,11,33,0.7875,0.8625,True,5.75,5.75,1.8943920208709222
false_hotspot_js_0.05,false_hotspot,0.05,0.1,11,34,0.7125,0.6625,True,1.1500000000000001,1.1500000000000001,0.6592551022181393
false_hotspot_js_0.05,false_hotspot,0.05,0.1,11,35,0.7625,0.4875,False,,15.0,1.8943920208709222
false_hotspot_js_0.05,false_hotspot,0.05,0.1,11,36,0.5375,0.7625,True,2.0500000000000003,2.0500000000000003,0.9855410190550372
false_hotspot_js_0.05,false_hotspot,0.05,0.1,11,37,0.8625,0.5375,False,,15.0,1.8943920208709222
false_hotspot_js_0.05,false_hotspot,0.05,0.1,11,38,0.8625,0.8625,True,3.5500000000000003,3.5500000000000003,1.6189375418938257
false_hotspot_js_0.05,false_hotspot,0.05,0.1,11,39,0.6875,0.5625,True,1.0,1.0,0.5436138251808147
false_hotspot_js_0.05,false_hotspot,0.05,0.1,11,40,0.6375,0.1375,False,,15.0,1.8943920208709222
false_hotspot_js_0.05,false_hotspot,0.05,0.1,11,41,0.8375,0.5375,False,,15.0,1.8943920208709222
false_hotspot_js_0.05,false_hotspot,0.05,0.1,11,42,0.4875,0.6375,True,1.25,1.25,0.7333546063466079
false_hotspot_js_0.05,false_hotspot,0.05,0.1,11,43,0.2375,0.6875,False,,15.0,1.8943920208709222
false_hotspot_js_0.05,false_hotspot,0.05,0.1,11,44,0.9375,0.8625,True,3.6500000000000004,3.6500000000000004,1.6835137971104757
false_hotspot_js_0.05,false_hotspot,0.05,0.1,11,45,0.7375,0.7625,True,1.3,1.3,0.7689754799090105
false_hotspot_js_0.05,false_hotspot,0.05,0.1,11,46,0.9625,0.6125,False,,15.0,1.8943920208709222
false_hotspot_js_0.05,false_hotspot,0.05,0.1,11,47,0.8875,0.0625,False,,15.0,1.8943920208709222
false_hotspot_js_0.05,false_hotspot,0.05,0.1,11,48,0.6625,0.5125,True,1.05,1.05,0.5831867839707756
false_hotspot_js_0.05,false_hotspot,0.05,0.1,11,49,0.7625,0.9875,True,5.15,5.15,1.8943920208709222
false_hotspot_js_0.05,false_hotspot,0.05,0.1,11,50,0.8875,0.6625,True,3.6500000000000004,3.6500000000000004,1.6835137971104757
false_hotspot_js_0.05,false_hotspot,0.05,0.1,11,51,0.6875,0.7625,True,1.3,1.3,0.7689754799090105
false_hotspot_js_0.05,false_hotspot,0.05,0.1,11,52,0.3125,0.2375,True,0.15000000000000002,0.15000000000000002,0.0077807695925499205
false_hotspot_js_0.05,false_hotspot,0.05,0.1,11,53,0.8125,0.1375,False,,15.0,1.8943920208709222
false_hotspot_js_0.05,false_hotspot,0.05,0.1,11,54,0.6625,0.8375,True,1.55,1.55,0.8905212031982468
false_hotspot_js_0.05,false_hotspot,0.05,0.1,11,55,0.8375,0.7125,True,3.5500000000000003,3.5500000000000003,1.6189375418938257
false_hotspot_js_0.05,false_hotspot,0.05,0.1,11,56,0.7125,0.6125,True,1.05,1.05,0.5831867839707756
false_hotspot_js_0.05,false_hotspot,0.05,0.1,11,57,0.7625,0.6125,True,1.4500000000000002,1.4500000000000002,0.8519473830686929
false_hotspot_js_0.05,false_hotspot,0.05,0.1,11,58,0.6625,0.3625,False,,15.0,1.8943920208709222
false_hotspot_js_0.05,false_hotspot,0.05,0.1,11,59,0.8375,0.5125,False,,15.0,1.8943920208709222
false_hotspot_js_0.05,false_hotspot,0.05,0.1,11,60,0.1875,0.1125,True,0.0,0.0,0.0
false_hotspot_js_0.05,false_hotspot,0.05,0.1,11,61,0.5875,0.8375,True,2.0,2.0,0.9705031660420347
false_hotspot_js_0.05,false_hotspot,0.05,0.1,11,62,0.9625,0.6625,True,3.8000000000000003,3.8000000000000003,1.7648652999493815
false_hotspot_js_0.05,false_hotspot,0.05,0.1,11,63,0.6625,0.4625,False,,15.0,1.8943920208709222
false_hotspot_js_0.1,false_hotspot,0.1,0.1,7,0,0.6875,0.7375,True,1.3,1.3,0.6850952076111724
false_hotspot_js_0.1,false_hotspot,0.1,0.1,7,1,0.8125,0.8625,True,3.6500000000000004,3.6500000000000004,1.7541703574459757
false_hotspot_js_0.1,false_hotspot,0.1,0.1,7,2,0.8625,0.7875,True,3.75,3.75,1.8322499468334656
false_hotspot_js_0.1,false_hotspot,0.1,0.1,7,3,0.7625,0.5625,False,,15.0,2.1216830788557632
false_hotspot_js_0.1,false_hotspot,0.1,0.1,7,4,0.6375,0.6125,True,1.1,1.1,0.5717734387035088
false_hotspot_js_0.1,false_hotspot,0.1,0.1,7,5,0.0375,0.8625,False,,15.0,2.1216830788557632
false_hotspot_js_0.1,false_hotspot,0.1,0.1,7,6,0.8875,0.0125,False,,15.0,2.1216830788557632
false_hotspot_js_0.1,false_hotspot,0.1,0.1,7,7,0.8375,0.8125,True,3.7,3.7,1.7952638751056063
false_hotspot_js_0.1,false_hotspot,0.1,0.1,7,8,0.6375,0.8125,True,1.4500000000000002,1.4500000000000002,0.7749479633221131
false_hotspot_js_0.1,false_hotspot,0.1,0.1,7,9,0.0625,0.6875,False,,15.0,2.1216830788557632
false_hotspot_js_0.1,false_hotspot,0.1,0.1,7,10,0.6625,0.6125,True,1.1,1.1,0.5717734387035088
false_hotspot_js_0.1,false_hotspot,0.1,0.1,7,11,0.8625,0.5875,False,,15.0,2.1216830788557632
false_hotspot_js_0.1,false_hotspot,0.1,0.1,7,12,0.6625,0.5875,True,1.1,1.1,0.5717734387035088
false_hotspot_js_0.1,false_hotspot,0.1,0.1,7,13,0.7875,0.6625,True,3.7,3.7,1.7952638751056063
false_hotspot_js_0.1,false_hotspot,0.1,0.1,7,14,0.7625,0.6875,True,3.6500000000000004,3.6500000000000004,1.7541703574459757
false_hotspot_js_0.1,false_hotspot,0.1,0.1,7,15,0.6625,0.7125,True,1.25,1.25,0.6559949929774754
false_hotspot_js_0.1,false_hotspot,0.1,0.1,7,16,0.7375,0.9875,True,5.2,5.2,2.1216830788557632
false_hotspot_js_0.1,false_hotspot,0.1,0.1,7,17,0.6125,0.8125,True,1.4500000000000002,1.4500000000000002,0.7749479633221131
false_hotspot_js_0.1,false_hotspot,0.1,0.1,7,18,0.6625,0.7375,True,1.3,1.3,0.6850952076111724
false_hotspot_js_0.1,false_hotspot,0.1,0.1,7,19,0.0375,0.9875,False,,15.0,2.1216830788557632
false_hotspot_js_0.1,false_hotspot,0.1,0.1,7,20,0.6625,0.5625,True,1.1,1.1,0.5717734387035088
false_hotspot_js_0.1,false_hotspot,0.1,0.1,7,21,0.6625,0.5125,False,,15.0,2.1216830788557632
false_hotspot_js_0.1,false_hotspot,0.1,0.1,7,22,0.5875,0.7375,True,1.3,1.3,0.6850952076111724
false_hotspot_js_0.1,false_hotspot,0.1,0.1,7,23,0.5125,0.1875,False,,15.0,2.1216830788557632
false_hotspot_js_0.1,false_hotspot,0.1,0.1,7,24,0.0875,0.1625,False,,15.0,2.1216830788557632
false_hotspot_js_0.1,false_hotspot,0.1,0.1,7,25,0.8125,0.6875,True,3.75,3.75,1.8322499468334656
false_hotspot_js_0.1,false_hotspot,0.1,0.1,7,26,0.9625,0.6625,True,4.0,4.0,1.9828808706143457
false_hotspot_js_0.1,false_hotspot,0.1,0.1,7,27,0.6625,0.8875,True,5.550000000000001,5.550000000000001,2.1216830788557632
false_hotspot_js_0.1,false_hotspot,0.1,0.1,7,28,0.7125,0.7375,True,3.6,3.6,1.714238771499119
false_hotspot_js_0.1,false_hotspot,0.1,0.1,7,29,0.8125,0.6875,True,3.75,3.75,1.8322499468334656
false_hotspot_js_0.1,false_hotspot,0.1,0.1,7,30,0.7125,0.6875,True,1.25,1.25,0.6559949929774754
false_hotspot_js_0.1,false_hotspot,0.1,0.1,7,31,0.5875,0.5875,True,1.1,1.1,0.5717734387035088
false_hotspot_js_0.1,false_hotspot,0.1,0.1,7,32,0.0125,0.0625,False,,15.0,2.1216830788557632
false_hotspot_js_0.1,false_hotspot,0.1,0.1,7,33,0.7375,0.5375,False,,15.0,2.1216830788557632
false_hotspot_js_0.1,false_hotspot,0.1,0.1,7,34,0.7125,0.7625,True,1.35,1.35,0.7146139381145001
false_hotspot_js_0.1,false_hotspot,0.1,0.1,7,35,0.8375,0.5375,False,,15.0,2.1216830788557632
false_hotspot_js_0.1,false_hotspot,0.1,0.1,7,36,0.7125,0.6375,True,1.1500000000000001,1.1500000000000001,0.5998375180177858
false_hotspot_js_0.1,false_hotspot,0.1,0.1,7,37,0.6375,0.0125,False,,15.0,2.1216830788557632
false_hotspot_js_0.1,false_hotspot,0.1,0.1,7,38,0.9375,0.8125,True,3.85,3.85,1.8999747773717945
false_hotspot_js_0.1,false_hotspot,0.1,0.1,7,39,0.9125,0.4875,False,,15.0,2.1216830788557632
false_hotspot_js_0.1,false_hotspot,0.1,0.1,7,40,0.7625,0.5875,False,,15.0,2.1216830788557632
false_hotspot_js_0.1,false_hotspot,0.1,0.1,7,41,0.5875,0.8625,True,1.6,1.6,0.8439967954071369
false_hotspot_js_0.1,false_hotspot,0.1,0.1,7,42,0.7875,0.6875,True,3.7,3.7,1.7952638751056063
false_hotspot_js_0.1,false_hotspot,0.1,0.1,7,43,0.6875,0.8375,True,3.5,3.5,1.643423857659025
false_hotspot_js_0.1,false_hotspot,0.1,0.1,7,44,0.7625,0.7375,True,3.6500000000000004,3.6500000000000004,1.7541703574459757
false_hotspot_js_0.1,false_hotspot,0.1,0.1,7,45,0.6375,0.7875,True,1.4000000000000001,1.4000000000000001,0.7449911917315959
false_hotspot_js_0.1,false_hotspot,0.1,0.1,7,46,0.8625,0.3625,False,,15.0,2.1216830788557632
false_hotspot_js_0.1,false_hotspot,0.1,0.1,7,47,0.5375,0.7125,True,1.3,1.3,0.6850952076111724
false_hotspot_js_0.1,false_hotspot,0.1,0.1,7,48,0.7625,0.6875,True,3.6500000000000004,3.6500000000000004,1.7541703574459757
false_hotspot_js_0.1,false_hotspot,0.1,0.1,7,49,0.9375,0.8375,True,3.85,3.85,1.8999747773717945
false_hotspot_js_0.1,false_hotspot,0.1,0.1,7,50,0.6875,0.6375,True,1.1500000000000001,1.1500000000000001,0.5998375180177858
false_hotspot_js_0.1,false_hotspot,0.1,0.1,7,51,0.9375,0.7125,True,3.9000000000000004,3.9000000000000004,1.9302283741004431
false_hotspot_js_0.1,false_hotspot,0.1,0.1,7,52,0.0875,0.2625,False,,15.0,2.1216830788557632
false_hotspot_js_0.1,false_hotspot,0.1,0.1,7,53,0.8375,0.6375,True,3.8000000000000003,3.8000000000000003,1.8683069145496132
false_hotspot_js_0.1,false_hotspot,0.1,0.1,7,54,0.7875,0.6125,True,3.8000000000000003,3.8000000000000003,1.8683069145496132
false_hotspot_js_0.1,false_hotspot,0.1,0.1,7,55,0.8125,0.4875,False,,15.0,2.1216830788557632
false_hotspot_js_0.1,false_hotspot,0.1,0.1,7,56,0.7875,0.8125,True,3.6500000000000004,3.6500000000000004,1.7541703574459757
false_hotspot_js_0.1,false_hotspot,0.1,0.1,7,57,0.7875,0.6375,True,3.75,3.75,1.8322499468334656
false_hotspot_js_0.1,false_hotspot,0.1,0.1,7,58,0.5625,0.9625,False,,15.0,2.1216830788557632
false_hotspot_js_0.1,false_hotspot,0.1,0.1,7,59,0.8625,0.7125,True,3.75,3.75,1.8322499468334656
false_hotspot_js_0.1,false_hotspot,0.1,0.1,7,60,0.4125,0.7375,True,1.8,1.8,0.9093080919117552
false_hotspot_js_0.1,false_hotspot,0.1,0.1,7,61,0.7625,0.7375,True,3.6500000000000004,3.6500000000000004,1.7541703574459757
false_hotspot_js_0.1,false_hotspot,0.1,0.1,7,62,0.5875,0.7625,True,1.4000000000000001,1.4000000000000001,0.7449911917315959
false_hotspot_js_0.1,false_hotspot,0.1,0.1,7,63,0.8125,0.4875,False,,15.0,2.1216830788557632
false_hotspot_js_0.1,false_hotspot,0.1,0.1,11,0,0.6875,0.4625,False,,15.0,2.1216830788557632
false_hotspot_js_0.1,false_hotspot,0.1,0.1,11,1,0.7375,0.6875,True,3.6500000000000004,3.6500000000000004,1.7541703574459757
false_hotspot_js_0.1,false_hotspot,0.1,0.1,11,2,0.9875,0.7125,True,3.95,3.95,1.9574585546222405
false_hotspot_js_0.1,false_hotspot,0.1,0.1,11,3,0.9125,0.1125,False,,15.0,2.1216830788557632
false_hotspot_js_0.1,false_hotspot,0.1,0.1,11,4,0.7625,0.4875,False,,15.0,2.1216830788557632
false_hotspot_js_0.1,false_hotspot,0.1,0.1,11,5,0.8125,0.8875,True,3.7,3.7,1.7952638751056063
false_hotspot_js_0.1,false_hotspot,0.1,0.1,11,6,0.8875,0.2875,False,,15.0,2.1216830788557632
false_hotspot_js_0.1,false_hotspot,0.1,0.1,11,7,0.7125,0.4625,False,,15.0,2.1216830788557632
false_hotspot_js_0.1,false_hotspot,0.1,0.1,11,8,0.7625,0.9125,True,5.45,5.45,2.1216830788557632
false_hotspot_js_0.1,false_hotspot,0.1,0.1,11,9,0.6625,0.7375,True,1.3,1.3,0.6850952076111724
false_hotspot_js_0.1,false_hotspot,0.1,0.1,11,10,0.7125,0.6375,True,1.1500000000000001,1.1500000000000001,0.5998375180177858
false_hotspot_js_0.1,false_hotspot,0.1,0.1,11,11,0.7875,0.6875,True,3.7,3.7,1.7952638751056063
false_hotspot_js_0.1,false_hotspot,0.1,0.1,11,12,0.9125,0.7375,True,3.8000000000000003,3.8000000000000003,1.8683069145496132
false_hotspot_js_0.1,false_hotspot,0.1,0.1,11,13,0.8125,0.5875,False,,15.0,2.1216830788557632
false_hotspot_js_0.1,false_hotspot,0.1,0.1,11,14,0.9875,0.4625,False,,15.0,2.1216830788557632
false_hotspot_js_0.1,false_hotspot,0.1,0.1,11,15,0.5125,0.8125,True,1.55,1.55,0.823720499143286
false_hotspot_js_0.1,false_hotspot,0.1,0.1,11,16,0.4125,0.7625,True,1.8,1.8,0.9093080919117552
false_hotspot_js_0.1,false_hotspot,0.1,0.1,11,17,0.7875,0.6875,True,3.7,3.7,1.7952638751056063
false_hotspot_js_0.1,false_hotspot,0.1,0.1,11,18,0.7875,0.8125,True,3.6500000000000004,3.6500000000000004,1.7541703574459757
false_hotspot_js_0.1,false_hotspot,0.1,0.1,11,19,0.6125,0.7125,True,1.25,1.25,0.6559949929774754
false_hotspot_js_0.1,false_hotspot,0.1,0.1,11,20,0.6625,0.9625,True,5.3500000000000005,5.3500000000000005,2.1216830788557632
false_hotspot_js_0.1,false_hotspot,0.1,0.1,11,21,0.8875,0.5375,False,,15.0,2.1216830788557632
false_hotspot_js_0.1,false_hotspot,0.1,0.1,11,22,0.6625,0.7125,True,1.25,1.25,0.6559949929774754
false_hotspot_js_0.1,false_hotspot,0.1,0.1,11,23,0.6375,0.6875,True,1.2000000000000002,1.2000000000000002,0.6279115623649464
false_hotspot_js_0.1,false_hotspot,0.1,0.1,11,24,0.6125,0.6375,True,1.1,1.1,0.5717734387035088
false_hotspot_js_0.1,false_hotspot,0.1,0.1,11,25,0.8625,0.7125,True,3.75,3.75,1.8322499468334656
false_hotspot_js_0.1,false_hotspot,0.1,0.1,11,26,0.8375,0.5625,False,,15.0,2.1216830788557632
false_hotspot_js_0.1,false_hotspot,0.1,0.1,11,27,0.6875,0.8125,True,1.4500000000000002,1.4500000000000002,0.7749479633221131
false_hotspot_js_0.1,false_hotspot,0.1,0.1,11,28,0.8625,0.8375,True,3.75,3.75,1.8322499468334656
false_hotspot_js_0.1,false_hotspot,0.1,0.1,11,29,0.6875,0.4625,False,,15.0,2.1216830788557632
false_hotspot_js_0.1,false_hotspot,0.1,0.1,11,30,0.9875,0.6625,False,,15.0,2.1216830788557632
false_hotspot_js_0.1,false_hotspot,0.1,0.1,11,31,0.8375,0.5875,False,,15.0,2.1216830788557632
false_hotspot_js_0.1,false_hotspot,0.1,0.1,11,32,0.7875,0.3375,False,,15.0,2.1216830788557632
false_hotspot_js_0.1,false_hotspot,0.1,0.1,11,33,0.7875,0.8625,True,3.6500000000000004,3.6500000000000004,1.7541703574459757
false_hotspot_js_0.1,false_hotspot,0.1,0.1,11,34,0.7125,0.6625,True,1.2000000000000002,1.2000000000000002,0.6279115623649464
false_hotspot_js_0.1,false_hotspot,0.1,0.1,11,35,0.7625,0.4875,False,,15.0,2.1216830788557632
false_hotspot_js_0.1,false_hotspot,0.1,0.1,11,36,0.5375,0.7625,True,1.4000000000000001,1.4000000000000001,0.7449911917315959
false_hotspot_js_0.1,false_hotspot,0.1,0.1,11,37,0.8625,0.5375,False,,15.0,2.1216830788557632
false_hotspot_js_0.1,false_hotspot,0.1,0.1,11,38,0.8625,0.8625,True,3.75,3.75,1.8322499468334656
false_hotspot_js_0.1,false_hotspot,0.1,0.1,11,39,0.6875,0.5625,False,,15.0,2.1216830788557632
false_hotspot_js_0.1,false_hotspot,0.1,0.1,11,40,0.6375,0.1375,False,,15.0,2.1216830788557632
false_hotspot_js_0.1,false_hotspot,0.1,0.1,11,41,0.8375,0.5375,False,,15.0,2.1216830788557632
false_hotspot_js_0.1,false_hotspot,0.1,0.1,11,42,0.4875,0.6375,True,1.35,1.35,0.7146139381145001
false_hotspot_js_0.1,false_hotspot,0.1,0.1,11,43,0.2375,0.6875,True,2.2,2.2,1.0889544174284191
false_hotspot_js_0.1,false_hotspot,0.1,0.1,11,44,0.9375,0.8625,True,3.85,3.85,1.8999747773717945
false_hotspot_js_0.1,false_hotspot,0.1,0.1,11,45,0.7375,0.7625,True,3.6,3.6,1.714238771499119
false_hotspot_js_0.1,false_hotspot,0.1,0.1,11,46,0.9625,0.6125,False,,15.0,2.1216830788557632
false_hotspot_js_0.1,false_hotspot,0.1,0.1,11,47,0.8875,0.0625,False,,15.0,2.1216830788557632
false_hotspot_js_0.1,false_hotspot,0.1,0.1,11,48,0.6625,0.5125,False,,15.0,2.1216830788557632
false_hotspot_js_0.1,false_hotspot,0.1,0.1,11,49,0.7625,0.9875,True,5.15,5.15,2.1216830788557632
false_hotspot_js_0.1,false_hotspot,0.1,0.1,11,50,0.8875,0.6625,True,3.85,3.85,1.8999747773717945
false_hotspot_js_0.1,false_hotspot,0.1,0.1,11,51,0.6875,0.7625,True,1.35,1.35,0.7146139381145001
false_hotspot_js_0.1,false_hotspot,0.1,0.1,11,52,0.3125,0.2375,True,0.15000000000000002,0.15000000000000002,0.0076227242844677775
false_hotspot_js_0.1,false_hotspot,0.1,0.1,11,53,0.8125,0.1375,False,,15.0,2.1216830788557632
false_hotspot_js_0.1,false_hotspot,0.1,0.1,11,54,0.6625,0.8375,True,1.5,1.5,0.8000278345542965
false_hotspot_js_0.1,false_hotspot,0.1,0.1,11,55,0.8375,0.7125,True,3.75,3.75,1.8322499468334656
false_hotspot_js_0.1,false_hotspot,0.1,0.1,11,56,0.7125,0.6125,True,1.1,1.1,0.5717734387035088
false_hotspot_js_0.1,false_hotspot,0.1,0.1,11,57,0.7625,0.6125,True,3.75,3.75,1.8322499468334656
false_hotspot_js_0.1,false_hotspot,0.1,0.1,11,58,0.6625,0.3625,False,,15.0,2.1216830788557632
false_hotspot_js_0.1,false_hotspot,0.1,0.1,11,59,0.8375,0.5125,False,,15.0,2.1216830788557632
false_hotspot_js_0.1,false_hotspot,0.1,0.1,11,60,0.1875,0.1125,True,0.0,0.0,0.0
false_hotspot_js_0.1,false_hotspot,0.1,0.1,11,61,0.5875,0.8375,True,1.55,1.55,0.823720499143286
false_hotspot_js_0.1,false_hotspot,0.1,0.1,11,62,0.9625,0.6625,True,4.0,4.0,1.9828808706143457
false_hotspot_js_0.1,false_hotspot,0.1,0.1,11,63,0.6625,0.4625,False,,15.0,2.1216830788557632
false_hotspot_js_0.15,false_hotspot,0.15,0.1,7,0,0.6875,0.7375,True,3.5500000000000003,3.5500000000000003,1.6644430151085081
false_hotspot_js_0.15,false_hotspot,0.15,0.1,7,1,0.8125,0.8625,True,3.7,3.7,1.7887287177127202
false_hotspot_js_0.15,false_hotspot,0.15,0.1,7,2,0.8625,0.7875,True,3.75,3.75,1.8278667221397218
false_hotspot_js_0.15,false_hotspot,0.15,0.1,7,3,0.7625,0.5625,False,,15.0,2.1391448095610786
false_hotspot_js_0.15,false_hotspot,0.15,0.1,7,4,0.6375,0.6125,True,1.1500000000000001,1.1500000000000001,0.5652585062365073
false_hotspot_js_0.15,false_hotspot,0.15,0.1,7,5,0.0375,0.8625,False,,15.0,2.1391448095610786
false_hotspot_js_0.15,false_hotspot,0.15,0.1,7,6,0.8875,0.0125,False,,15.0,2.1391448095610786
false_hotspot_js_0.15,false_hotspot,0.15,0.1,7,7,0.8375,0.8125,True,3.75,3.75,1.8278667221397218
false_hotspot_js_0.15,false_hotspot,0.15,0.1,7,8,0.6375,0.8125,True,3.45,3.45,1.5928365276124787
false_hotspot_js_0.15,false_hotspot,0.15,0.1,7,9,0.0625,0.6875,True,2.35,2.35,1.1737632944284313
false_hotspot_js_0.15,false_hotspot,0.15,0.1,7,10,0.6625,0.6125,True,1.1500000000000001,1.1500000000000001,0.5652585062365073
false_hotspot_js_0.15,false_hotspot,0.15,0.1,7,11,0.8625,0.5875,False,,15.0,2.1391448095610786
false_hotspot_js_0.15,false_hotspot,0.15,0.1,7,12,0.6625,0.5875,True,1.1500000000000001,1.1500000000000001,0.5652585062365073
false_hotspot_js_0.15,false_hotspot,0.15,0.1,7,13,0.7875,0.6625,True,3.75,3.75,1.8278667221397218
false_hotspot_js_0.15,false_hotspot,0.15,0.1,7,14,0.7625,0.6875,True,3.7,3.7,1.7887287177127202
false_hotspot_js_0.15,false_hotspot,0.15,0.1,7,15,0.6625,0.7125,True,1.35,1.35,0.651681585891586
false_hotspot_js_0.15,false_hotspot,0.15,0.1,7,16,0.7375,0.9875,True,5.2,5.2,2.1391448095610786
false_hotspot_js_0.15,false_hotspot,0.15,0.1,7,17,0.6125,0.8125,True,3.45,3.45,1.5928365276124787
false_hotspot_js_0.15,false_hotspot,0.15,0.1,7,18,0.6625,0.7375,True,3.5500000000000003,3.5500000000000003,1.6644430151085081
false_hotspot_js_0.15,false_hotspot,0.15,0.1,7,19,0.0375,0.9875,False,,15.0,2.1391448095610786
false_hotspot_js_0.15,false_hotspot,0.15,0.1,7,20,0.6625,0.5625,True,1.1,1.1,0.5439947493465698
false_hotspot_js_0.15,false_hotspot,0.15,0.1,7,21,0.6625,0.5125,False,,15.0,2.1391448095610786
false_hotspot_js_0.15,false_hotspot,0.15,0.1,7,22,0.5875,0.7375,True,1.4000000000000001,1.4000000000000001,0.6765536336935496
false_hotspot_js_0.15,false_hotspot,0.15,0.1,7,23,0.5125,0.1875,False,,15.0,2.1391448095610786
false_hotspot_js_0.15,false_hotspot,0.15,0.1,7,24,0.0875,0.1625,False,,15.0,2.1391448095610786
false_hotspot_js_0.15,false_hotspot,0.15,0.1,7,25,0.8125,0.6875,True,3.75,3.75,1.8278667221397218
false_hotspot_js_0.15,false_hotspot,0.15,0.1,7,26,0.9625,0.6625,True,4.0,4.0,1.9850270719196312
false_hotspot_js_0.15,false_hotspot,0.15,0.1,7,27,0.6625,0.8875,True,5.550000000000001,5.550000000000001,2.1391448095610786
false_hotspot_js_0.15,false_hotspot,0.15,0.1,7,28,0.7125,0.7375,True,3.6,3.6,1.7055267121086266
false_hotspot_js_0.15,false_hotspot,0.15,0.1,7,29,0.8125,0.6875,True,3.75,3.75,1.8278667221397218
false_hotspot_js_0.15,false_hotspot,0.15,0.1,7,30,0.7125,0.6875,True,3.6500000000000004,3.6500000000000004,1.746869926495622
false_hotspot_js_0.15,false_hotspot,0.15,0.1,7,31,0.5875,0.5875,True,1.2000000000000002,1.2000000000000002,0.5863964916813542
false_hotspot_js_0.15,false_hotspot,0.15,0.1,7,32,0.0125,0.0625,False,,15.0,2.1391448095610786
false_hotspot_js_0.15,false_hotspot,0.15,0.1,7,33,0.7375,0.5375,False,,15.0,2.1391448095610786
false_hotspot_js_0.15,false_hotspot,0.15,0.1,7,34,0.7125,0.7625,True,3.6,3.6,1.7055267121086266
false_hotspot_js_0.15,false_hotspot,0.15,0.1,7,35,0.8375,0.5375,False,,15.0,2.1391448095610786
false_hotspot_js_0.15,false_hotspot,0.15,0.1,7,36,0.7125,0.6375,True,3.7,3.7,1.7887287177127202
false_hotspot_js_0.15,false_hotspot,0.15,0.1,7,37,0.6375,0.0125,False,,15.0,2.1391448095610786
false_hotspot_js_0.15,false_hotspot,0.15,0.1,7,38,0.9375,0.8125,True,3.85,3.85,1.8977036633845052
false_hotspot_js_0.15,false_hotspot,0.15,0.1,7,39,0.9125,0.4875,False,,15.0,2.1391448095610786
false_hotspot_js_0.15,false_hotspot,0.15,0.1,7,40,0.7625,0.5875,False,,15.0,2.1391448095610786
false_hotspot_js_0.15,false_hotspot,0.15,0.1,7,41,0.5875,0.8625,False,,15.0,2.1391448095610786
false_hotspot_js_0.15,false_hotspot,0.15,0.1,7,42,0.7875,0.6875,True,3.7,3.7,1.7887287177127202
false_hotspot_js_0.15,false_hotspot,0.15,0.1,7,43,0.6875,0.8375,True,3.5500000000000003,3.5500000000000003,1.6644430151085081
false_hotspot_js_0.15,false_hotspot,0.15,0.1,7,44,0.7625,0.7375,True,3.6500000000000004,3.6500000000000004,1.746869926495622
false_hotspot_js_0.15,false_hotspot,0.15,0.1,7,45,0.6375,0.7875,True,3.5,3.5,1.6281294910228672
false_hotspot_js_0.15,false_hotspot,0.15,0.1,7,46,0.8625,0.3625,False,,15.0,2.1391448095610786
false_hotspot_js_0.15,false_hotspot,0.15,0.1,7,47,0.5375,0.7125,True,1.4000000000000001,1.4000000000000001,0.6765536336935496
false_hotspot_js_0.15,false_hotspot,0.15,0.1,7,48,0.7625,0.6875,True,3.7,3.7,1.7887287177127202
false_hotspot_js_0.15,false_hotspot,0.15,0.1,7,49,0.9375,0.8375,True,3.85,3.85,1.8977036633845052
false_hotspot_js_0.15,false_hotspot,0.15,0.1,7,50,0.6875,0.6375,True,1.2000000000000002,1.2000000000000002,0.5863964916813542
false_hotspot_js_0.15,false_hotspot,0.15,0.1,7,51,0.9375,0.7125,True,3.9000000000000004,3.9000000000000004,1.9294947315571145
false_hotspot_js_0.15,false_hotspot,0.15,0.1,7,52,0.0875,0.2625,False,,15.0,2.1391448095610786
false_hotspot_js_0.15,false_hotspot,0.15,0.1,7,53,0.8375,0.6375,True,3.8000000000000003,3.8000000000000003,1.8644749647239054
false_hotspot_js_0.15,false_hotspot,0.15,0.1,7,54,0.7875,0.6125,True,3.8000000000000003,3.8000000000000003,1.8644749647239054
false_hotspot_js_0.15,false_hotspot,0.15,0.1,7,55,0.8125,0.4875,False,,15.0,2.1391448095610786
false_hotspot_js_0.15,false_hotspot,0.15,0.1,7,56,0.7875,0.8125,True,3.6500000000000004,3.6500000000000004,1.746869926495622
false_hotspot_js_0.15,false_hotspot,0.15,0.1,7,57,0.7875,0.6375,True,3.75,3.75,1.8278667221397218
false_hotspot_js_0.15,false_hotspot,0.15,0.1,7,58,0.5625,0.9625,False,,15.0,2.1391448095610786
false_hotspot_js_0.15,false_hotspot,0.15,0.1,7,59,0.8625,0.7125,True,3.8000000000000003,3.8000000000000003,1.8644749647239054
false_hotspot_js_0.15,false_hotspot,0.15,0.1,7,60,0.4125,0.7375,True,1.6,1.6,0.7869802090156357
false_hotspot_js_0.15,false_hotspot,0.15,0.1,7,61,0.7625,0.7375,True,3.6500000000000004,3.6500000000000004,1.746869926495622
false_hotspot_js_0.15,false_hotspot,0.15,0.1,7,62,0.5875,0.7625,True,1.4500000000000002,1.4500000000000002,0.7022085191360061
false_hotspot_js_0.15,false_hotspot,0.15,0.1,7,63,0.8125,0.4875,False,,15.0,2.1391448095610786
false_hotspot_js_0.15,false_hotspot,0.15,0.1,11,0,0.6875,0.4625,False,,15.0,2.1391448095610786
false_hotspot_js_0.15,false_hotspot,0.15,0.1,11,1,0.7375,0.6875,True,3.6500000000000004,3.6500000000000004,1.746869926495622
false_hotspot_js_0.15,false_hotspot,0.15,0.1,11,2,0.9875,0.7125,True,4.0,4.0,1.9850270719196312
false_hotspot_js_0.15,false_hotspot,0.15,0.1,11,3,0.9125,0.1125,False,,15.0,2.1391448095610786
false_hotspot_js_0.15,false_hotspot,0.15,0.1,11,4,0.7625,0.4875,False,,15.0,2.1391448095610786
false_hotspot_js_0.15,false_hotspot,0.15,0.1,11,5,0.8125,0.8875,True,3.7,3.7,1.7887287177127202
false_hotspot_js_0.15,false_hotspot,0.15,0.1,11,6,0.8875,0.2875,False,,15.0,2.1391448095610786
false_hotspot_js_0.15,false_hotspot,0.15,0.1,11,7,0.7125,0.4625,False,,15.0,2.1391448095610786
false_hotspot_js_0.15,false_hotspot,0.15,0.1,11,8,0.7625,0.9125,True,5.45,5.45,2.1391448095610786
false_hotspot_js_0.15,false_hotspot,0.15,0.1,11,9,0.6625,0.7375,True,3.5500000000000003,3.5500000000000003,1.6644430151085081
false_hotspot_js_0.15,false_hotspot,0.15,0.1,11,10,0.7125,0.6375,True,3.7,3.7,1.7887287177127202
false_hotspot_js_0.15,false_hotspot,0.15,0.1,11,11,0.7875,0.6875,True,3.7,3.7,1.7887287177127202
false_hotspot_js_0.15,false_hotspot,0.15,0.1,11,12,0.9125,0.7375,True,3.85,3.85,1.8977036633845052
false_hotspot_js_0.15,false_hotspot,0.15,0.1,11,13,0.8125,0.5875,False,,15.0,2.1391448095610786
false_hotspot_js_0.15,false_hotspot,0.15,0.1,11,14,0.9875,0.4625,False,,15.0,2.1391448095610786
false_hotspot_js_0.15,false_hotspot,0.15,0.1,11,15,0.5125,0.8125,True,1.6,1.6,0.7869802090156357
false_hotspot_js_0.15,false_hotspot,0.15,0.1,11,16,0.4125,0.7625,True,1.6500000000000001,1.6500000000000001,0.8118902099590461
false_hotspot_js_0.15,false_hotspot,0.15,0.1,11,17,0.7875,0.6875,True,3.7,3.7,1.7887287177127202
false_hotspot_js_0.15,false_hotspot,0.15,0.1,11,18,0.7875,0.8125,True,3.6500000000000004,3.6500000000000004,1.746869926495622
false_hotspot_js_0.15,false_hotspot,0.15,0.1,11,19,0.6125,0.7125,True,1.35,1.35,0.651681585891586
false_hotspot_js_0.15,false_hotspot,0.15,0.1,11,20,0.6625,0.9625,True,5.3500000000000005,5.3500000000000005,2.1391448095610786
false_hotspot_js_0.15,false_hotspot,0.15,0.1,11,21,0.8875,0.5375,False,,15.0,2.1391448095610786
false_hotspot_js_0.15,false_hotspot,0.15,0.1,11,22,0.6625,0.7125,True,1.35,1.35,0.651681585891586
false_hotspot_js_0.15,false_hotspot,0.15,0.1,11,23,0.6375,0.6875,True,1.3,1.3,0.6291650516061357
false_hotspot_js_0.15,false_hotspot,0.15,0.1,11,24,0.6125,0.6375,True,1.2000000000000002,1.2000000000000002,0.5863964916813542
false_hotspot_js_0.15,false_hotspot,0.15,0.1,11,25,0.8625,0.7125,True,3.8000000000000003,3.8000000000000003,1.8644749647239054
false_hotspot_js_0.15,false_hotspot,0.15,0.1,11,26,0.8375,0.5625,False,,15.0,2.1391448095610786
false_hotspot_js_0.15,false_hotspot,0.15,0.1,11,27,0.6875,0.8125,True,3.5500000000000003,3.5500000000000003,1.6644430151085081
false_hotspot_js_0.15,false_hotspot,0.15,0.1,11,28,0.8625,0.8375,True,3.75,3.75,1.8278667221397218
false_hotspot_js_0.15,false_hotspot,0.15,0.1,11,29,0.6875,0.4625,False,,15.0,2.1391448095610786
false_hotspot_js_0.15,false_hotspot,0.15,0.1,11,30,0.9875,0.6625,True,4.05,4.05,2.009505631905536
false_hotspot_js_0.15,false_hotspot,0.15,0.1,11,31,0.8375,0.5875,False,,15.0,2.1391448095610786
false_hotspot_js_0.15,false_hotspot,0.15,0.1,11,32,0.7875,0.3375,False,,15.0,2.1391448095610786
false_hotspot_js_0.15,false_hotspot,0.15,0.1,11,33,0.7875,0.8625,True,3.6500000000000004,3.6500000000000004,1.746869926495622
false_hotspot_js_0.15,false_hotspot,0.15,0.1,11,34,0.7125,0.6625,True,3.6500000000000004,3.6500000000000004,1.746869926495622
false_hotspot_js_0.15,false_hotspot,0.15,0.1,11,35,0.7625,0.4875,False,,15.0,2.1391448095610786
false_hotspot_js_0.15,false_hotspot,0.15,0.1,11,36,0.5375,0.7625,True,1.5,1.5,0.7317943691234936
false_hotspot_js_0.15,false_hotspot,0.15,0.1,11,37,0.8625,0.5375,False,,15.0,2.1391448095610786
false_hotspot_js_0.15,false_hotspot,0.15,0.1,11,38,0.8625,0.8625,True,3.75,3.75,1.8278667221397218
false_hotspot_js_0.15,false_hotspot,0.15,0.1,11,39,0.6875,0.5625,False,,15.0,2.1391448095610786
false_hotspot_js_0.15,false_hotspot,0.15,0.1,11,40,0.6375,0.1375,False,,15.0,2.1391448095610786
false_hotspot_js_0.15,false_hotspot,0.15,0.1,11,41,0.8375,0.5375,False,,15.0,2.1391448095610786
false_hotspot_js_0.15,false_hotspot,0.15,0.1,11,42,0.4875,0.6375,True,1.5,1.5,0.7317943691234936
false_hotspot_js_0.15,false_hotspot,0.15,0.1,11,43,0.2375,0.6875,True,2.0500000000000003,2.0500000000000003,0.9980619545219738
false_hotspot_js_0.15,false_hotspot,0.15,0.1,11,44,0.9375,0.8625,True,3.9000000000000004,3.9000000000000004,1.9294947315571145
false_hotspot_js_0.15,false_hotspot,0.15,0.1,11,45,0.7375,0.7625,True,3.6,3.6,1.7055267121086266
false_hotspot_js_0.15,false_hotspot,0.15,0.1,11,46,0.9625,0.6125,False,,15.0,2.1391448095610786
false_hotspot_js_0.15,false_hotspot,0.15,0.1,11,47,0.8875,0.0625,False,,15.0,2.1391448095610786
false_hotspot_js_0.15,false_hotspot,0.15,0.1,11,48,0.6625,0.5125,False,,15.0,2.1391448095610786
false_hotspot_js_0.15,false_hotspot,0.15,0.1,11,49,0.7625,0.9875,True,5.15,5.15,2.1391448095610786
false_hotspot_js_0.15,false_hotspot,0.15,0.1,11,50,0.8875,0.6625,True,3.85,3.85,1.8977036633845052
false_hotspot_js_0.15,false_hotspot,0.15,0.1,11,51,0.6875,0.7625,True,3.5500000000000003,3.5500000000000003,1.6644430151085081
false_hotspot_js_0.15,false_hotspot,0.15,0.1,11,52,0.3125,0.2375,True,0.15000000000000002,0.15000000000000002,0.007600499047295311
false_hotspot_js_0.15,false_hotspot,0.15,0.1,11,53,0.8125,0.1375,False,,15.0,2.1391448095610786
false_hotspot_js_0.15,false_hotspot,0.15,0.1,11,54,0.6625,0.8375,True,3.5,3.5,1.6281294910228672
false_hotspot_js_0.15,false_hotspot,0.15,0.1,11,55,0.8375,0.7125,True,3.75,3.75,1.8278667221397218
false_hotspot_js_0.15,false_hotspot,0.15,0.1,11,56,0.7125,0.6125,True,3.7,3.7,1.7887287177127202
false_hotspot_js_0.15,false_hotspot,0.15,0.1,11,57,0.7625,0.6125,True,3.75,3.75,1.8278667221397218
false_hotspot_js_0.15,false_hotspot,0.15,0.1,11,58,0.6625,0.3625,False,,15.0,2.1391448095610786
false_hotspot_js_0.15,false_hotspot,0.15,0.1,11,59,0.8375,0.5125,False,,15.0,2.1391448095610786
false_hotspot_js_0.15,false_hotspot,0.15,0.1,11,60,0.1875,0.1125,True,0.0,0.0,0.0
false_hotspot_js_0.15,false_hotspot,0.15,0.1,11,61,0.5875,0.8375,True,3.45,3.45,1.5928365276124787
false_hotspot_js_0.15,false_hotspot,0.15,0.1,11,62,0.9625,0.6625,True,4.0,4.0,1.9850270719196312
false_hotspot_js_0.15,false_hotspot,0.15,0.1,11,63,0.6625,0.4625,False,,15.0,2.1391448095610786
false_negative_suppression_js_0.05,false_negative_suppression,0.05,0.1,7,0,0.6875,0.7375,True,1.6,1.6,0.846557699481727
false_negative_suppression_js_0.05,false_negative_suppression,0.05,0.1,7,1,0.8125,0.8625,True,5.800000000000001,5.800000000000001,1.4587518180899366
false_negative_suppression_js_0.05,false_negative_suppression,0.05,0.1,7,2,0.8625,0.7875,True,2.95,2.95,1.3575305959578254
false_negative_suppression_js_0.05,false_negative_suppression,0.05,0.1,7,3,0.7625,0.5625,True,1.4000000000000001,1.4000000000000001,0.7576175786037996
false_negative_suppression_js_0.05,false_negative_suppression,0.05,0.1,7,4,0.6375,0.6125,True,1.05,1.05,0.5818274502475606
false_negative_suppression_js_0.05,false_negative_suppression,0.05,0.1,7,5,0.0375,0.8625,False,,15.0,1.4587518180899366
false_negative_suppression_js_0.05,false_negative_suppression,0.05,0.1,7,6,0.8875,0.0125,False,,15.0,1.4587518180899366
false_negative_suppression_js_0.05,false_negative_suppression,0.05,0.1,7,7,0.8375,0.8125,True,2.95,2.95,1.3575305959578254
false_negative_suppression_js_0.05,false_negative_suppression,0.05,0.1,7,8,0.6375,0.8125,True,1.85,1.85,0.9530692697279725
false_negative_suppression_js_0.05,false_negative_suppression,0.05,0.1,7,9,0.0625,0.6875,False,,15.0,1.4587518180899366
false_negative_suppression_js_0.05,false_negative_suppression,0.05,0.1,7,10,0.6625,0.6125,True,1.05,1.05,0.5818274502475606
false_negative_suppression_js_0.05,false_negative_suppression,0.05,0.1,7,11,0.8625,0.5875,False,,15.0,1.4587518180899366
false_negative_suppression_js_0.05,false_negative_suppression,0.05,0.1,7,12,0.6625,0.5875,True,1.05,1.05,0.5818274502475606
false_negative_suppression_js_0.05,false_negative_suppression,0.05,0.1,7,13,0.7875,0.6625,True,2.75,2.75,1.2719926233627006
false_negative_suppression_js_0.05,false_negative_suppression,0.05,0.1,7,14,0.7625,0.6875,True,1.4000000000000001,1.4000000000000001,0.7576175786037996
false_negative_suppression_js_0.05,false_negative_suppression,0.05,0.1,7,15,0.6625,0.7125,True,1.55,1.55,0.8223448646234123
false_negative_suppression_js_0.05,false_negative_suppression,0.05,0.1,7,16,0.7375,0.9875,True,5.2,5.2,1.4587518180899366
false_negative_suppression_js_0.05,false_negative_suppression,0.05,0.1,7,17,0.6125,0.8125,True,1.85,1.85,0.9530692697279725
false_negative_suppression_js_0.05,false_negative_suppression,0.05,0.1,7,18,0.6625,0.7375,True,1.6,1.6,0.846557699481727
false_negative_suppression_js_0.05,false_negative_suppression,0.05,0.1,7,19,0.0375,0.9875,False,,15.0,1.4587518180899366
false_negative_suppression_js_0.05,false_negative_suppression,0.05,0.1,7,20,0.6625,0.5625,True,1.0,1.0,0.5478613081370156
false_negative_suppression_js_0.05,false_negative_suppression,0.05,0.1,7,21,0.6625,0.5125,True,1.0,1.0,0.5478613081370156
false_negative_suppression_js_0.05,false_negative_suppression,0.05,0.1,7,22,0.5875,0.7375,True,1.75,1.75,0.9162517213337993
false_negative_suppression_js_0.05,false_negative_suppression,0.05,0.1,7,23,0.5125,0.1875,False,,15.0,1.4587518180899366
false_negative_suppression_js_0.05,false_negative_suppression,0.05,0.1,7,24,0.0875,0.1625,False,,15.0,1.4587518180899366
false_negative_suppression_js_0.05,false_negative_suppression,0.05,0.1,7,25,0.8125,0.6875,True,2.8000000000000003,2.8000000000000003,1.2904761352949592
false_negative_suppression_js_0.05,false_negative_suppression,0.05,0.1,7,26,0.9625,0.6625,True,2.95,2.95,1.3575305959578254
false_negative_suppression_js_0.05,false_negative_suppression,0.05,0.1,7,27,0.6625,0.8875,True,5.550000000000001,5.550000000000001,1.4587518180899366
false_negative_suppression_js_0.05,false_negative_suppression,0.05,0.1,7,28,0.7125,0.7375,True,1.55,1.55,0.8223448646234123
false_negative_suppression_js_0.05,false_negative_suppression,0.05,0.1,7,29,0.8125,0.6875,True,2.8000000000000003,2.8000000000000003,1.2904761352949592
false_negative_suppression_js_0.05,false_negative_suppression,0.05,0.1,7,30,0.7125,0.6875,True,1.4000000000000001,1.4000000000000001,0.7576175786037996
false_negative_suppression_js_0.05,false_negative_suppression,0.05,0.1,7,31,0.5875,0.5875,True,1.05,1.05,0.5818274502475606
false_negative_suppression_js_0.05,false_negative_suppression,0.05,0.1,7,32,0.0125,0.0625,False,,15.0,1.4587518180899366
false_negative_suppression_js_0.05,false_negative_suppression,0.05,0.1,7,33,0.7375,0.5375,True,1.25,1.25,0.6924414545046668
false_negative_suppression_js_0.05,false_negative_suppression,0.05,0.1,7,34,0.7125,0.7625,True,1.6500000000000001,1.6500000000000001,0.8712082763525891
false_negative_suppression_js_0.05,false_negative_suppression,0.05,0.1,7,35,0.8375,0.5375,False,,15.0,1.4587518180899366
false_negative_suppression_js_0.05,false_negative_suppression,0.05,0.1,7,36,0.7125,0.6375,True,1.1500000000000001,1.1500000000000001,0.6420616477364901
false_negative_suppression_js_0.05,false_negative_suppression,0.05,0.1,7,37,0.6375,0.0125,False,,15.0,1.4587518180899366
false_negative_suppression_js_0.05,false_negative_suppression,0.05,0.1,7,38,0.9375,0.8125,True,3.1,3.1,1.410549681579269
false_negative_suppression_js_0.05,false_negative_suppression,0.05,0.1,7,39,0.9125,0.4875,False,,15.0,1.4587518180899366
false_negative_suppression_js_0.05,false_negative_suppression,0.05,0.1,7,40,0.7625,0.5875,True,1.25,1.25,0.6924414545046668
false_negative_suppression_js_0.05,false_negative_suppression,0.05,0.1,7,41,0.5875,0.8625,False,,15.0,1.4587518180899366
false_negative_suppression_js_0.05,false_negative_suppression,0.05,0.1,7,42,0.7875,0.6875,True,2.75,2.75,1.2719926233627006
false_negative_suppression_js_0.05,false_negative_suppression,0.05,0.1,7,43,0.6875,0.8375,True,2.6,2.6,1.2262588263988672
false_negative_suppression_js_0.05,false_negative_suppression,0.05,0.1,7,44,0.7625,0.7375,True,2.75,2.75,1.2719926233627006
false_negative_suppression_js_0.05,false_negative_suppression,0.05,0.1,7,45,0.6375,0.7875,True,1.75,1.75,0.9162517213337993
false_negative_suppression_js_0.05,false_negative_suppression,0.05,0.1,7,46,0.8625,0.3625,False,,15.0,1.4587518180899366
false_negative_suppression_js_0.05,false_negative_suppression,0.05,0.1,7,47,0.5375,0.7125,True,1.9000000000000001,1.9000000000000001,0.9694917472729695
false_negative_suppression_js_0.05,false_negative_suppression,0.05,0.1,7,48,0.7625,0.6875,True,1.4000000000000001,1.4000000000000001,0.7576175786037996
false_negative_suppression_js_0.05,false_negative_suppression,0.05,0.1,7,49,0.9375,0.8375,True,3.1500000000000004,3.1500000000000004,1.4253875856638571
false_negative_suppression_js_0.05,false_negative_suppression,0.05,0.1,7,50,0.6875,0.6375,True,1.1,1.1,0.6133516937356872
false_negative_suppression_js_0.05,false_negative_suppression,0.05,0.1,7,51,0.9375,0.7125,True,2.95,2.95,1.3575305959578254
false_negative_suppression_js_0.05,false_negative_suppression,0.05,0.1,7,52,0.0875,0.2625,False,,15.0,1.4587518180899366
false_negative_suppression_js_0.05,false_negative_suppression,0.05,0.1,7,53,0.8375,0.6375,True,2.8000000000000003,2.8000000000000003,1.2904761352949592
false_negative_suppression_js_0.05,false_negative_suppression,0.05,0.1,7,54,0.7875,0.6125,True,2.9000000000000004,2.9000000000000004,1.3352420836723824
false_negative_suppression_js_0.05,false_negative_suppression,0.05,0.1,7,55,0.8125,0.4875,False,,15.0,1.4587518180899366
false_negative_suppression_js_0.05,false_negative_suppression,0.05,0.1,7,56,0.7875,0.8125,True,2.85,2.85,1.3116170439467325
false_negative_suppression_js_0.05,false_negative_suppression,0.05,0.1,7,57,0.7875,0.6375,True,2.75,2.75,1.2719926233627006
false_negative_suppression_js_0.05,false_negative_suppression,0.05,0.1,7,58,0.5625,0.9625,False,,15.0,1.4587518180899366
false_negative_suppression_js_0.05,false_negative_suppression,0.05,0.1,7,59,0.8625,0.7125,True,2.9000000000000004,2.9000000000000004,1.3352420836723824
false_negative_suppression_js_0.05,false_negative_suppression,0.05,0.1,7,60,0.4125,0.7375,False,,15.0,1.4587518180899366
false_negative_suppression_js_0.05,false_negative_suppression,0.05,0.1,7,61,0.7625,0.7375,True,2.75,2.75,1.2719926233627006
false_negative_suppression_js_0.05,false_negative_suppression,0.05,0.1,7,62,0.5875,0.7625,True,1.8,1.8,0.9353917105953699
false_negative_suppression_js_0.05,false_negative_suppression,0.05,0.1,7,63,0.8125,0.4875,False,,15.0,1.4587518180899366
false_negative_suppression_js_0.05,false_negative_suppression,0.05,0.1,11,0,0.6875,0.4625,True,1.2000000000000002,1.2000000000000002,0.6680896643967217
false_negative_suppression_js_0.05,false_negative_suppression,0.05,0.1,11,1,0.7375,0.6875,True,1.4000000000000001,1.4000000000000001,0.7576175786037996
false_negative_suppression_js_0.05,false_negative_suppression,0.05,0.1,11,2,0.9875,0.7125,True,3.0500000000000003,3.0500000000000003,1.3948778687685843
false_negative_suppression_js_0.05,false_negative_suppression,0.05,0.1,11,3,0.9125,0.1125,False,,15.0,1.4587518180899366
false_negative_suppression_js_0.05,false_negative_suppression,0.05,0.1,11,4,0.7625,0.4875,True,1.5,1.5,0.7997545103926746
false_negative_suppression_js_0.05,false_negative_suppression,0.05,0.1,11,5,0.8125,0.8875,True,5.6000000000000005,5.6000000000000005,1.4587518180899366
false_negative_suppression_js_0.05,false_negative_suppression,0.05,0.1,11,6,0.8875,0.2875,False,,15.0,1.4587518180899366
false_negative_suppression_js_0.05,false_negative_suppression,0.05,0.1,11,7,0.7125,0.4625,True,1.3,1.3,0.7153131168741544
false_negative_suppression_js_0.05,false_negative_suppression,0.05,0.1,11,8,0.7625,0.9125,True,5.45,5.45,1.4587518180899366
false_negative_suppression_js_0.05,false_negative_suppression,0.05,0.1,11,9,0.6625,0.7375,True,1.6,1.6,0.846557699481727
false_negative_suppression_js_0.05,false_negative_suppression,0.05,0.1,11,10,0.7125,0.6375,True,1.1500000000000001,1.1500000000000001,0.6420616477364901
false_negative_suppression_js_0.05,false_negative_suppression,0.05,0.1,11,11,0.7875,0.6875,True,2.75,2.75,1.2719926233627006
false_negative_suppression_js_0.05,false_negative_suppression,0.05,0.1,11,12,0.9125,0.7375,True,2.95,2.95,1.3575305959578254
false_negative_suppression_js_0.05,false_negative_suppression,0.05,0.1,11,13,0.8125,0.5875,False,,15.0,1.4587518180899366
false_negative_suppression_js_0.05,false_negative_suppression,0.05,0.1,11,14,0.9875,0.4625,False,,15.0,1.4587518180899366
false_negative_suppression_js_0.05,false_negative_suppression,0.05,0.1,11,15,0.5125,0.8125,True,2.1,2.1,1.0390921979505512
false_negative_suppression_js_0.05,false_negative_suppression,0.05,0.1,11,16,0.4125,0.7625,False,,15.0,1.4587518180899366
false_negative_suppression_js_0.05,false_negative_suppression,0.05,0.1,11,17,0.7875,0.6875,True,2.75,2.75,1.2719926233627006
false_negative_suppression_js_0.05,false_negative_suppression,0.05,0.1,11,18,0.7875,0.8125,True,2.85,2.85,1.3116170439467325
false_negative_suppression_js_0.05,false_negative_suppression,0.05,0.1,11,19,0.6125,0.7125,True,1.6500000000000001,1.6500000000000001,0.8712082763525891
false_negative_suppression_js_0.05,false_negative_suppression,0.05,0.1,11,20,0.6625,0.9625,True,5.3500000000000005,5.3500000000000005,1.4587518180899366
false_negative_suppression_js_0.05,false_negative_suppression,0.05,0.1,11,21,0.8875,0.5375,False,,15.0,1.4587518180899366
false_negative_suppression_js_0.05,false_negative_suppression,0.05,0.1,11,22,0.6625,0.7125,True,1.55,1.55,0.8223448646234123
false_negative_suppression_js_0.05,false_negative_suppression,0.05,0.1,11,23,0.6375,0.6875,True,1.5,1.5,0.7997545103926746
false_negative_suppression_js_0.05,false_negative_suppression,0.05,0.1,11,24,0.6125,0.6375,True,1.05,1.05,0.5818274502475606
false_negative_suppression_js_0.05,false_negative_suppression,0.05,0.1,11,25,0.8625,0.7125,True,2.9000000000000004,2.9000000000000004,1.3352420836723824
false_negative_suppression_js_0.05,false_negative_suppression,0.05,0.1,11,26,0.8375,0.5625,False,,15.0,1.4587518180899366
false_negative_suppression_js_0.05,false_negative_suppression,0.05,0.1,11,27,0.6875,0.8125,True,1.75,1.75,0.9162517213337993
false_negative_suppression_js_0.05,false_negative_suppression,0.05,0.1,11,28,0.8625,0.8375,True,3.0500000000000003,3.0500000000000003,1.3948778687685843
false_negative_suppression_js_0.05,false_negative_suppression,0.05,0.1,11,29,0.6875,0.4625,True,1.2000000000000002,1.2000000000000002,0.6680896643967217
false_negative_suppression_js_0.05,false_negative_suppression,0.05,0.1,11,30,0.9875,0.6625,True,3.0500000000000003,3.0500000000000003,1.3948778687685843
false_negative_suppression_js_0.05,false_negative_suppression,0.05,0.1,11,31,0.8375,0.5875,False,,15.0,1.4587518180899366
false_negative_suppression_js_0.05,false_negative_suppression,0.05,0.1,11,32,0.7875,0.3375,False,,15.0,1.4587518180899366
false_negative_suppression_js_0.05,false_negative_suppression,0.05,0.1,11,33,0.7875,0.8625,True,5.75,5.75,1.4587518180899366
false_negative_suppression_js_0.05,false_negative_suppression,0.05,0.1,11,34,0.7125,0.6625,True,1.3,1.3,0.7153131168741544
false_negative_suppression_js_0.05,false_negative_suppression,0.05,0.1,11,35,0.7625,0.4875,True,1.5,1.5,0.7997545103926746
false_negative_suppression_js_0.05,false_negative_suppression,0.05,0.1,11,36,0.5375,0.7625,True,1.9500000000000002,1.9500000000000002,0.9855755741538476
false_negative_suppression_js_0.05,false_negative_suppression,0.05,0.1,11,37,0.8625,0.5375,False,,15.0,1.4587518180899366
false_negative_suppression_js_0.05,false_negative_suppression,0.05,0.1,11,38,0.8625,0.8625,True,3.1,3.1,1.410549681579269
false_negative_suppression_js_0.05,false_negative_suppression,0.05,0.1,11,39,0.6875,0.5625,True,1.0,1.0,0.5478613081370156
false_negative_suppression_js_0.05,false_negative_suppression,0.05,0.1,11,40,0.6375,0.1375,False,,15.0,1.4587518180899366
false_negative_suppression_js_0.05,false_negative_suppression,0.05,0.1,11,41,0.8375,0.5375,False,,15.0,1.4587518180899366
false_negative_suppression_js_0.05,false_negative_suppression,0.05,0.1,11,42,0.4875,0.6375,True,2.0500000000000003,2.0500000000000003,1.0196647339531917
false_negative_suppression_js_0.05,false_negative_suppression,0.05,0.1,11,43,0.2375,0.6875,False,,15.0,1.4587518180899366
false_negative_suppression_js_0.05,false_negative_suppression,0.05,0.1,11,44,0.9375,0.8625,True,3.25,3.25,1.4491575016003528
false_negative_suppression_js_0.05,false_negative_suppression,0.05,0.1,11,45,0.7375,0.7625,True,1.6,1.6,0.846557699481727
false_negative_suppression_js_0.05,false_negative_suppression,0.05,0.1,11,46,0.9625,0.6125,False,,15.0,1.4587518180899366
false_negative_suppression_js_0.05,false_negative_suppression,0.05,0.1,11,47,0.8875,0.0625,False,,15.0,1.4587518180899366
false_negative_suppression_js_0.05,false_negative_suppression,0.05,0.1,11,48,0.6625,0.5125,True,1.0,1.0,0.5478613081370156
false_negative_suppression_js_0.05,false_negative_suppression,0.05,0.1,11,49,0.7625,0.9875,True,5.15,5.15,1.4587518180899366
false_negative_suppression_js_0.05,false_negative_suppression,0.05,0.1,11,50,0.8875,0.6625,True,2.85,2.85,1.3116170439467325
false_negative_suppression_js_0.05,false_negative_suppression,0.05,0.1,11,51,0.6875,0.7625,True,1.6500000000000001,1.6500000000000001,0.8712082763525891
false_negative_suppression_js_0.05,false_negative_suppression,0.05,0.1,11,52,0.3125,0.2375,True,0.15000000000000002,0.15000000000000002,0.00922613563363932
false_negative_suppression_js_0.05,false_negative_suppression,0.05,0.1,11,53,0.8125,0.1375,False,,15.0,1.4587518180899366
false_negative_suppression_js_0.05,false_negative_suppression,0.05,0.1,11,54,0.6625,0.8375,True,2.6,2.6,1.2262588263988672
false_negative_suppression_js_0.05,false_negative_suppression,0.05,0.1,11,55,0.8375,0.7125,True,2.85,2.85,1.3116170439467325
false_negative_suppression_js_0.05,false_negative_suppression,0.05,0.1,11,56,0.7125,0.6125,True,1.1,1.1,0.6133516937356872
false_negative_suppression_js_0.05,false_negative_suppression,0.05,0.1,11,57,0.7625,0.6125,True,1.1500000000000001,1.1500000000000001,0.6420616477364901
false_negative_suppression_js_0.05,false_negative_suppression,0.05,0.1,11,58,0.6625,0.3625,False,,15.0,1.4587518180899366
false_negative_suppression_js_0.05,false_negative_suppression,0.05,0.1,11,59,0.8375,0.5125,False,,15.0,1.4587518180899366
false_negative_suppression_js_0.05,false_negative_suppression,0.05,0.1,11,60,0.1875,0.1125,True,0.0,0.0,0.0
false_negative_suppression_js_0.05,false_negative_suppression,0.05,0.1,11,61,0.5875,0.8375,False,,15.0,1.4587518180899366
false_negative_suppression_js_0.05,false_negative_suppression,0.05,0.1,11,62,0.9625,0.6625,True,2.95,2.95,1.3575305959578254
false_negative_suppression_js_0.05,false_negative_suppression,0.05,0.1,11,63,0.6625,0.4625,True,1.1500000000000001,1.1500000000000001,0.6420616477364901
false_negative_suppression_js_0.1,false_negative_suppression,0.1,0.1,7,0,0.6875,0.7375,True,2.6500000000000004,2.6500000000000004,1.2723704098683042
false_negative_suppression_js_0.1,false_negative_suppression,0.1,0.1,7,1,0.8125,0.8625,True,5.800000000000001,5.800000000000001,1.529146532958612
false_negative_suppression_js_0.1,false_negative_suppression,0.1,0.1,7,2,0.8625,0.7875,True,3.0,3.0,1.4125165884646664
false_negative_suppression_js_0.1,false_negative_suppression,0.1,0.1,7,3,0.7625,0.5625,True,1.25,1.25,0.6722924848016205
false_negative_suppression_js_0.1,false_negative_suppression,0.1,0.1,7,4,0.6375,0.6125,True,1.05,1.05,0.5666228034454415
false_negative_suppression_js_0.1,false_negative_suppression,0.1,0.1,7,5,0.0375,0.8625,False,,15.0,1.529146532958612
false_negative_suppression_js_0.1,false_negative_suppression,0.1,0.1,7,6,0.8875,0.0125,False,,15.0,1.529146532958612
false_negative_suppression_js_0.1,false_negative_suppression,0.1,0.1,7,7,0.8375,0.8125,True,3.0,3.0,1.4125165884646664
false_negative_suppression_js_0.1,false_negative_suppression,0.1,0.1,7,8,0.6375,0.8125,True,2.5500000000000003,2.5500000000000003,1.245175007829369
false_negative_suppression_js_0.1,false_negative_suppression,0.1,0.1,7,9,0.0625,0.6875,False,,15.0,1.529146532958612
false_negative_suppression_js_0.1,false_negative_suppression,0.1,0.1,7,10,0.6625,0.6125,True,1.1,1.1,0.5963704122281968
false_negative_suppression_js_0.1,false_negative_suppression,0.1,0.1,7,11,0.8625,0.5875,False,,15.0,1.529146532958612
false_negative_suppression_js_0.1,false_negative_suppression,0.1,0.1,7,12,0.6625,0.5875,True,1.05,1.05,0.5666228034454415
false_negative_suppression_js_0.1,false_negative_suppression,0.1,0.1,7,13,0.7875,0.6625,True,2.8000000000000003,2.8000000000000003,1.3198006286723356
false_negative_suppression_js_0.1,false_negative_suppression,0.1,0.1,7,14,0.7625,0.6875,True,2.75,2.75,1.30243223155606
false_negative_suppression_js_0.1,false_negative_suppression,0.1,0.1,7,15,0.6625,0.7125,True,1.75,1.75,0.8620330695332733
false_negative_suppression_js_0.1,false_negative_suppression,0.1,0.1,7,16,0.7375,0.9875,True,5.2,5.2,1.529146532958612
false_negative_suppression_js_0.1,false_negative_suppression,0.1,0.1,7,17,0.6125,0.8125,True,2.45,2.45,1.2141327902797787
false_negative_suppression_js_0.1,false_negative_suppression,0.1,0.1,7,18,0.6625,0.7375,True,2.6,2.6,1.2590156519876812
false_negative_suppression_js_0.1,false_negative_suppression,0.1,0.1,7,19,0.0375,0.9875,False,,15.0,1.529146532958612
false_negative_suppression_js_0.1,false_negative_suppression,0.1,0.1,7,20,0.6625,0.5625,True,1.0,1.0,0.5334362232761024
false_negative_suppression_js_0.1,false_negative_suppression,0.1,0.1,7,21,0.6625,0.5125,True,0.9500000000000001,0.9500000000000001,0.4978864014766212
false_negative_suppression_js_0.1,false_negative_suppression,0.1,0.1,7,22,0.5875,0.7375,True,1.85,1.85,0.9181630238186302
false_negative_suppression_js_0.1,false_negative_suppression,0.1,0.1,7,23,0.5125,0.1875,False,,15.0,1.529146532958612
false_negative_suppression_js_0.1,false_negative_suppression,0.1,0.1,7,24,0.0875,0.1625,False,,15.0,1.529146532958612
false_negative_suppression_js_0.1,false_negative_suppression,0.1,0.1,7,25,0.8125,0.6875,True,2.85,2.85,1.3400562608301825
false_negative_suppression_js_0.1,false_negative_suppression,0.1,0.1,7,26,0.9625,0.6625,True,3.0500000000000003,3.0500000000000003,1.4336296862046096
false_negative_suppression_js_0.1,false_negative_suppression,0.1,0.1,7,27,0.6625,0.8875,True,5.550000000000001,5.550000000000001,1.529146532958612
false_negative_suppression_js_0.1,false_negative_suppression,0.1,0.1,7,28,0.7125,0.7375,True,2.7,2.7,1.2866959486723155
false_negative_suppression_js_0.1,false_negative_suppression,0.1,0.1,7,29,0.8125,0.6875,True,2.85,2.85,1.3400562608301825
false_negative_suppression_js_0.1,false_negative_suppression,0.1,0.1,7,30,0.7125,0.6875,True,1.6500000000000001,1.6500000000000001,0.8150166712181216
false_negative_suppression_js_0.1,false_negative_suppression,0.1,0.1,7,31,0.5875,0.5875,True,1.05,1.05,0.5666228034454415
false_negative_suppression_js_0.1,false_negative_suppression,0.1,0.1,7,32,0.0125,0.0625,False,,15.0,1.529146532958612
false_negative_suppression_js_0.1,false_negative_suppression,0.1,0.1,7,33,0.7375,0.5375,True,1.1500000000000001,1.1500000000000001,0.6239915002403361
false_negative_suppression_js_0.1,false_negative_suppression,0.1,0.1,7,34,0.7125,0.7625,True,2.75,2.75,1.30243223155606
false_negative_suppression_js_0.1,false_negative_suppression,0.1,0.1,7,35,0.8375,0.5375,False,,15.0,1.529146532958612
false_negative_suppression_js_0.1,false_negative_suppression,0.1,0.1,7,36,0.7125,0.6375,True,1.5,1.5,0.7598675720780981
false_negative_suppression_js_0.1,false_negative_suppression,0.1,0.1,7,37,0.6375,0.0125,False,,15.0,1.529146532958612
false_negative_suppression_js_0.1,false_negative_suppression,0.1,0.1,7,38,0.9375,0.8125,True,3.1500000000000004,3.1500000000000004,1.4699565640621945
false_negative_suppression_js_0.1,false_negative_suppression,0.1,0.1,7,39,0.9125,0.4875,False,,15.0,1.529146532958612
false_negative_suppression_js_0.1,false_negative_suppression,0.1,0.1,7,40,0.7625,0.5875,True,1.2000000000000002,1.2000000000000002,0.6495257303225381
false_negative_suppression_js_0.1,false_negative_suppression,0.1,0.1,7,41,0.5875,0.8625,False,,15.0,1.529146532958612
false_negative_suppression_js_0.1,false_negative_suppression,0.1,0.1,7,42,0.7875,0.6875,True,2.8000000000000003,2.8000000000000003,1.3198006286723356
false_negative_suppression_js_0.1,false_negative_suppression,0.1,0.1,7,43,0.6875,0.8375,True,2.75,2.75,1.30243223155606
false_negative_suppression_js_0.1,false_negative_suppression,0.1,0.1,7,44,0.7625,0.7375,True,2.8000000000000003,2.8000000000000003,1.3198006286723356
false_negative_suppression_js_0.1,false_negative_suppression,0.1,0.1,7,45,0.6375,0.7875,True,2.5500000000000003,2.5500000000000003,1.245175007829369
false_negative_suppression_js_0.1,false_negative_suppression,0.1,0.1,7,46,0.8625,0.3625,False,,15.0,1.529146532958612
false_negative_suppression_js_0.1,false_negative_suppression,0.1,0.1,7,47,0.5375,0.7125,True,1.9000000000000001,1.9000000000000001,0.9455631616066039
false_negative_suppression_js_0.1,false_negative_suppression,0.1,0.1,7,48,0.7625,0.6875,True,2.75,2.75,1.30243223155606
false_negative_suppression_js_0.1,false_negative_suppression,0.1,0.1,7,49,0.9375,0.8375,True,3.25,3.25,1.4996152784949408
false_negative_suppression_js_0.1,false_negative_suppression,0.1,0.1,7,50,0.6875,0.6375,True,1.5,1.5,0.7598675720780981
false_negative_suppression_js_0.1,false_negative_suppression,0.1,0.1,7,51,0.9375,0.7125,True,3.0,3.0,1.4125165884646664
false_negative_suppression_js_0.1,false_negative_suppression,0.1,0.1,7,52,0.0875,0.2625,False,,15.0,1.529146532958612
false_negative_suppression_js_0.1,false_negative_suppression,0.1,0.1,7,53,0.8375,0.6375,True,2.9000000000000004,2.9000000000000004,1.3632757396742654
false_negative_suppression_js_0.1,false_negative_suppression,0.1,0.1,7,54,0.7875,0.6125,True,3.0,3.0,1.4125165884646664
false_negative_suppression_js_0.1,false_negative_suppression,0.1,0.1,7,55,0.8125,0.4875,False,,15.0,1.529146532958612
false_negative_suppression_js_0.1,false_negative_suppression,0.1,0.1,7,56,0.7875,0.8125,True,2.9000000000000004,2.9000000000000004,1.3632757396742654
false_negative_suppression_js_0.1,false_negative_suppression,0.1,0.1,7,57,0.7875,0.6375,True,2.85,2.85,1.3400562608301825
false_negative_suppression_js_0.1,false_negative_suppression,0.1,0.1,7,58,0.5625,0.9625,False,,15.0,1.529146532958612
false_negative_suppression_js_0.1,false_negative_suppression,0.1,0.1,7,59,0.8625,0.7125,True,2.9000000000000004,2.9000000000000004,1.3632757396742654
false_negative_suppression_js_0.1,false_negative_suppression,0.1,0.1,7,60,0.4125,0.7375,True,2.2,2.2,1.095684587021654
false_negative_suppression_js_0.1,false_negative_suppression,0.1,0.1,7,61,0.7625,0.7375,True,2.8000000000000003,2.8000000000000003,1.3198006286723356
false_negative_suppression_js_0.1,false_negative_suppression,0.1,0.1,7,62,0.5875,0.7625,True,1.9000000000000001,1.9000000000000001,0.9455631616066039
false_negative_suppression_js_0.1,false_negative_suppression,0.1,0.1,7,63,0.8125,0.4875,False,,15.0,1.529146532958612
false_negative_suppression_js_0.1,false_negative_suppression,0.1,0.1,11,0,0.6875,0.4625,True,1.1500000000000001,1.1500000000000001,0.6239915002403361
false_negative_suppression_js_0.1,false_negative_suppression,0.1,0.1,11,1,0.7375,0.6875,True,2.75,2.75,1.30243223155606
false_negative_suppression_js_0.1,false_negative_suppression,0.1,0.1,11,2,0.9875,0.7125,True,3.0500000000000003,3.0500000000000003,1.4336296862046096
false_negative_suppression_js_0.1,false_negative_suppression,0.1,0.1,11,3,0.9125,0.1125,False,,15.0,1.529146532958612
false_negative_suppression_js_0.1,false_negative_suppression,0.1,0.1,11,4,0.7625,0.4875,True,1.6500000000000001,1.6500000000000001,0.8150166712181216
false_negative_suppression_js_0.1,false_negative_suppression,0.1,0.1,11,5,0.8125,0.8875,True,5.6000000000000005,5.6000000000000005,1.529146532958612
false_negative_suppression_js_0.1,false_negative_suppression,0.1,0.1,11,6,0.8875,0.2875,False,,15.0,1.529146532958612
false_negative_suppression_js_0.1,false_negative_suppression,0.1,0.1,11,7,0.7125,0.4625,True,1.25,1.25,0.6722924848016205
false_negative_suppression_js_0.1,false_negative_suppression,0.1,0.1,11,8,0.7625,0.9125,True,5.45,5.45,1.529146532958612
false_negative_suppression_js_0.1,false_negative_suppression,0.1,0.1,11,9,0.6625,0.7375,True,2.6,2.6,1.2590156519876812
false_negative_suppression_js_0.1,false_negative_suppression,0.1,0.1,11,10,0.7125,0.6375,True,1.5,1.5,0.7598675720780981
false_negative_suppression_js_0.1,false_negative_suppression,0.1,0.1,11,11,0.7875,0.6875,True,2.8000000000000003,2.8000000000000003,1.3198006286723356
false_negative_suppression_js_0.1,false_negative_suppression,0.1,0.1,11,12,0.9125,0.7375,True,3.0,3.0,1.4125165884646664
false_negative_suppression_js_0.1,false_negative_suppression,0.1,0.1,11,13,0.8125,0.5875,False,,15.0,1.529146532958612
false_negative_suppression_js_0.1,false_negative_suppression,0.1,0.1,11,14,0.9875,0.4625,False,,15.0,1.529146532958612
false_negative_suppression_js_0.1,false_negative_suppression,0.1,0.1,11,15,0.5125,0.8125,True,2.4000000000000004,2.4000000000000004,1.1949388958722857
false_negative_suppression_js_0.1,false_negative_suppression,0.1,0.1,11,16,0.4125,0.7625,True,2.25,2.25,1.1220020270641937
false_negative_suppression_js_0.1,false_negative_suppression,0.1,0.1,11,17,0.7875,0.6875,True,2.8000000000000003,2.8000000000000003,1.3198006286723356
false_negative_suppression_js_0.1,false_negative_suppression,0.1,0.1,11,18,0.7875,0.8125,True,2.9000000000000004,2.9000000000000004,1.3632757396742654
false_negative_suppression_js_0.1,false_negative_suppression,0.1,0.1,11,19,0.6125,0.7125,True,1.8,1.8,0.8901531228300338
false_negative_suppression_js_0.1,false_negative_suppression,0.1,0.1,11,20,0.6625,0.9625,True,5.3500000000000005,5.3500000000000005,1.529146532958612
false_negative_suppression_js_0.1,false_negative_suppression,0.1,0.1,11,21,0.8875,0.5375,False,,15.0,1.529146532958612
false_negative_suppression_js_0.1,false_negative_suppression,0.1,0.1,11,22,0.6625,0.7125,True,1.75,1.75,0.8620330695332733
false_negative_suppression_js_0.1,false_negative_suppression,0.1,0.1,11,23,0.6375,0.6875,True,1.75,1.75,0.8620330695332733
false_negative_suppression_js_0.1,false_negative_suppression,0.1,0.1,11,24,0.6125,0.6375,True,1.6500000000000001,1.6500000000000001,0.8150166712181216
false_negative_suppression_js_0.1,false_negative_suppression,0.1,0.1,11,25,0.8625,0.7125,True,2.9000000000000004,2.9000000000000004,1.3632757396742654
false_negative_suppression_js_0.1,false_negative_suppression,0.1,0.1,11,26,0.8375,0.5625,False,,15.0,1.529146532958612
false_negative_suppression_js_0.1,false_negative_suppression,0.1,0.1,11,27,0.6875,0.8125,True,2.7,2.7,1.2866959486723155
false_negative_suppression_js_0.1,false_negative_suppression,0.1,0.1,11,28,0.8625,0.8375,True,3.1,3.1,1.4527184821346726
false_negative_suppression_js_0.1,false_negative_suppression,0.1,0.1,11,29,0.6875,0.4625,True,1.1500000000000001,1.1500000000000001,0.6239915002403361
false_negative_suppression_js_0.1,false_negative_suppression,0.1,0.1,11,30,0.9875,0.6625,True,3.1,3.1,1.4527184821346726
false_negative_suppression_js_0.1,false_negative_suppression,0.1,0.1,11,31,0.8375,0.5875,False,,15.0,1.529146532958612
false_negative_suppression_js_0.1,false_negative_suppression,0.1,0.1,11,32,0.7875,0.3375,False,,15.0,1.529146532958612
false_negative_suppression_js_0.1,false_negative_suppression,0.1,0.1,11,33,0.7875,0.8625,True,5.75,5.75,1.529146532958612
false_negative_suppression_js_0.1,false_negative_suppression,0.1,0.1,11,34,0.7125,0.6625,True,1.6,1.6,0.794590312382715
false_negative_suppression_js_0.1,false_negative_suppression,0.1,0.1,11,35,0.7625,0.4875,True,1.6500000000000001,1.6500000000000001,0.8150166712181216
false_negative_suppression_js_0.1,false_negative_suppression,0.1,0.1,11,36,0.5375,0.7625,True,2.0,2.0,0.9968334957592148
false_negative_suppression_js_0.1,false_negative_suppression,0.1,0.1,11,37,0.8625,0.5375,False,,15.0,1.529146532958612
false_negative_suppression_js_0.1,false_negative_suppression,0.1,0.1,11,38,0.8625,0.8625,True,6.0,6.0,1.529146532958612
false_negative_suppression_js_0.1,false_negative_suppression,0.1,0.1,11,39,0.6875,0.5625,True,1.0,1.0,0.5334362232761024
false_negative_suppression_js_0.1,false_negative_suppression,0.1,0.1,11,40,0.6375,0.1375,False,,15.0,1.529146532958612
false_negative_suppression_js_0.1,false_negative_suppression,0.1,0.1,11,41,0.8375,0.5375,False,,15.0,1.529146532958612
false_negative_suppression_js_0.1,false_negative_suppression,0.1,0.1,11,42,0.4875,0.6375,True,2.0,2.0,0.9968334957592148
false_negative_suppression_js_0.1,false_negative_suppression,0.1,0.1,11,43,0.2375,0.6875,False,,15.0,1.529146532958612
false_negative_suppression_js_0.1,false_negative_suppression,0.1,0.1,11,44,0.9375,0.8625,True,3.3000000000000003,3.3000000000000003,1.512181985145151
false_negative_suppression_js_0.1,false_negative_suppression,0.1,0.1,11,45,0.7375,0.7625,True,2.8000000000000003,2.8000000000000003,1.3198006286723356
false_negative_suppression_js_0.1,false_negative_suppression,0.1,0.1,11,46,0.9625,0.6125,False,,15.0,1.529146532958612
false_negative_suppression_js_0.1,false_negative_suppression,0.1,0.1,11,47,0.8875,0.0625,False,,15.0,1.529146532958612
false_negative_suppression_js_0.1,false_negative_suppression,0.1,0.1,11,48,0.6625,0.5125,True,0.9500000000000001,0.9500000000000001,0.4978864014766212
false_negative_suppression_js_0.1,false_negative_suppression,0.1,0.1,11,49,0.7625,0.9875,True,5.15,5.15,1.529146532958612
false_negative_suppression_js_0.1,false_negative_suppression,0.1,0.1,11,50,0.8875,0.6625,True,2.95,2.95,1.3876916441313614
false_negative_suppression_js_0.1,false_negative_suppression,0.1,0.1,11,51,0.6875,0.7625,True,2.7,2.7,1.2866959486723155
false_negative_suppression_js_0.1,false_negative_suppression,0.1,0.1,11,52,0.3125,0.2375,True,0.15000000000000002,0.15000000000000002,0.008941189783624265
false_negative_suppression_js_0.1,false_negative_suppression,0.1,0.1,11,53,0.8125,0.1375,False,,15.0,1.529146532958612
false_negative_suppression_js_0.1,false_negative_suppression,0.1,0.1,11,54,0.6625,0.8375,True,2.6500000000000004,2.6500000000000004,1.2723704098683042
false_negative_suppression_js_0.1,false_negative_suppression,0.1,0.1,11,55,0.8375,0.7125,True,2.9000000000000004,2.9000000000000004,1.3632757396742654
false_negative_suppression_js_0.1,false_negative_suppression,0.1,0.1,11,56,0.7125,0.6125,True,1.3,1.3,0.6922598075817826
false_negative_suppression_js_0.1,false_negative_suppression,0.1,0.1,11,57,0.7625,0.6125,True,1.35,1.35,0.7106717296567554
false_negative_suppression_js_0.1,false_negative_suppression,0.1,0.1,11,58,0.6625,0.3625,False,,15.0,1.529146532958612
false_negative_suppression_js_0.1,false_negative_suppression,0.1,0.1,11,59,0.8375,0.5125,False,,15.0,1.529146532958612
false_negative_suppression_js_0.1,false_negative_suppression,0.1,0.1,11,60,0.1875,0.1125,True,0.0,0.0,0.0
false_negative_suppression_js_0.1,false_negative_suppression,0.1,0.1,11,61,0.5875,0.8375,True,2.5500000000000003,2.5500000000000003,1.245175007829369
false_negative_suppression_js_0.1,false_negative_suppression,0.1,0.1,11,62,0.9625,0.6625,True,3.0500000000000003,3.0500000000000003,1.4336296862046096
false_negative_suppression_js_0.1,false_negative_suppression,0.1,0.1,11,63,0.6625,0.4625,True,1.1,1.1,0.5963704122281968
false_negative_suppression_js_0.15,false_negative_suppression,0.15,0.1,7,0,0.6875,0.7375,True,2.75,2.75,1.3225658418235624
false_negative_suppression_js_0.15,false_negative_suppression,0.15,0.1,7,1,0.8125,0.8625,True,5.800000000000001,5.800000000000001,1.609098573647707
false_negative_suppression_js_0.15,false_negative_suppression,0.15,0.1,7,2,0.8625,0.7875,True,3.1,3.1,1.481603284371053
false_negative_suppression_js_0.15,false_negative_suppression,0.15,0.1,7,3,0.7625,0.5625,True,1.35,1.35,0.6852526027824989
false_negative_suppression_js_0.15,false_negative_suppression,0.15,0.1,7,4,0.6375,0.6125,True,1.6500000000000001,1.6500000000000001,0.779952159172849
false_negative_suppression_js_0.15,false_negative_suppression,0.15,0.1,7,5,0.0375,0.8625,False,,15.0,1.609098573647707
false_negative_suppression_js_0.15,false_negative_suppression,0.15,0.1,7,6,0.8875,0.0125,False,,15.0,1.609098573647707
false_negative_suppression_js_0.15,false_negative_suppression,0.15,0.1,7,7,0.8375,0.8125,True,3.1,3.1,1.481603284371053
false_negative_suppression_js_0.15,false_negative_suppression,0.15,0.1,7,8,0.6375,0.8125,True,2.75,2.75,1.3225658418235624
false_negative_suppression_js_0.15,false_negative_suppression,0.15,0.1,7,9,0.0625,0.6875,False,,15.0,1.609098573647707
false_negative_suppression_js_0.15,false_negative_suppression,0.15,0.1,7,10,0.6625,0.6125,True,1.6500000000000001,1.6500000000000001,0.779952159172849
false_negative_suppression_js_0.15,false_negative_suppression,0.15,0.1,7,11,0.8625,0.5875,False,,15.0,1.609098573647707
false_negative_suppression_js_0.15,false_negative_suppression,0.15,0.1,7,12,0.6625,0.5875,True,1.55,1.55,0.7446808647568718
false_negative_suppression_js_0.15,false_negative_suppression,0.15,0.1,7,13,0.7875,0.6625,True,2.9000000000000004,2.9000000000000004,1.37791418281431
false_negative_suppression_js_0.15,false_negative_suppression,0.15,0.1,7,14,0.7625,0.6875,True,2.85,2.85,1.357541877361051
false_negative_suppression_js_0.15,false_negative_suppression,0.15,0.1,7,15,0.6625,0.7125,True,2.7,2.7,1.3080749891325567
false_negative_suppression_js_0.15,false_negative_suppression,0.15,0.1,7,16,0.7375,0.9875,True,5.2,5.2,1.609098573647707
false_negative_suppression_js_0.15,false_negative_suppression,0.15,0.1,7,17,0.6125,0.8125,True,2.6500000000000004,2.6500000000000004,1.2939251363394724
false_negative_suppression_js_0.15,false_negative_suppression,0.15,0.1,7,18,0.6625,0.7375,True,2.75,2.75,1.3225658418235624
false_negative_suppression_js_0.15,false_negative_suppression,0.15,0.1,7,19,0.0375,0.9875,False,,15.0,1.609098573647707
false_negative_suppression_js_0.15,false_negative_suppression,0.15,0.1,7,20,0.6625,0.5625,True,1.05,1.05,0.5478165877131128
false_negative_suppression_js_0.15,false_negative_suppression,0.15,0.1,7,21,0.6625,0.5125,True,0.9500000000000001,0.9500000000000001,0.48288135200653165
false_negative_suppression_js_0.15,false_negative_suppression,0.15,0.1,7,22,0.5875,0.7375,True,2.3000000000000003,2.3000000000000003,1.1559375704518449
false_negative_suppression_js_0.15,false_negative_suppression,0.15,0.1,7,23,0.5125,0.1875,False,,15.0,1.609098573647707
false_negative_suppression_js_0.15,false_negative_suppression,0.15,0.1,7,24,0.0875,0.1625,False,,15.0,1.609098573647707
false_negative_suppression_js_0.15,false_negative_suppression,0.15,0.1,7,25,0.8125,0.6875,True,2.9000000000000004,2.9000000000000004,1.37791418281431
false_negative_suppression_js_0.15,false_negative_suppression,0.15,0.1,7,26,0.9625,0.6625,True,3.2,3.2,1.524528945443598
false_negative_suppression_js_0.15,false_negative_suppression,0.15,0.1,7,27,0.6625,0.8875,True,5.550000000000001,5.550000000000001,1.609098573647707
false_negative_suppression_js_0.15,false_negative_suppression,0.15,0.1,7,28,0.7125,0.7375,True,2.8000000000000003,2.8000000000000003,1.3390741319265953
false_negative_suppression_js_0.15,false_negative_suppression,0.15,0.1,7,29,0.8125,0.6875,True,2.9000000000000004,2.9000000000000004,1.37791418281431
false_negative_suppression_js_0.15,false_negative_suppression,0.15,0.1,7,30,0.7125,0.6875,True,2.8000000000000003,2.8000000000000003,1.3390741319265953
false_negative_suppression_js_0.15,false_negative_suppression,0.15,0.1,7,31,0.5875,0.5875,True,1.7000000000000002,1.7000000000000002,0.8015040123343558
false_negative_suppression_js_0.15,false_negative_suppression,0.15,0.1,7,32,0.0125,0.0625,False,,15.0,1.609098573647707
false_negative_suppression_js_0.15,false_negative_suppression,0.15,0.1,7,33,0.7375,0.5375,True,1.1500000000000001,1.1500000000000001,0.604313788520433
false_negative_suppression_js_0.15,false_negative_suppression,0.15,0.1,7,34,0.7125,0.7625,True,2.85,2.85,1.357541877361051
false_negative_suppression_js_0.15,false_negative_suppression,0.15,0.1,7,35,0.8375,0.5375,False,,15.0,1.609098573647707
false_negative_suppression_js_0.15,false_negative_suppression,0.15,0.1,7,36,0.7125,0.6375,True,2.95,2.95,1.4015882235275543
false_negative_suppression_js_0.15,false_negative_suppression,0.15,0.1,7,37,0.6375,0.0125,False,,15.0,1.609098573647707
false_negative_suppression_js_0.15,false_negative_suppression,0.15,0.1,7,38,0.9375,0.8125,True,3.25,3.25,1.54270440629431
false_negative_suppression_js_0.15,false_negative_suppression,0.15,0.1,7,39,0.9125,0.4875,False,,15.0,1.609098573647707
false_negative_suppression_js_0.15,false_negative_suppression,0.15,0.1,7,40,0.7625,0.5875,False,,15.0,1.609098573647707
false_negative_suppression_js_0.15,false_negative_suppression,0.15,0.1,7,41,0.5875,0.8625,True,2.7,2.7,1.3080749891325567
false_negative_suppression_js_0.15,false_negative_suppression,0.15,0.1,7,42,0.7875,0.6875,True,2.9000000000000004,2.9000000000000004,1.37791418281431
false_negative_suppression_js_0.15,false_negative_suppression,0.15,0.1,7,43,0.6875,0.8375,True,2.85,2.85,1.357541877361051
false_negative_suppression_js_0.15,false_negative_suppression,0.15,0.1,7,44,0.7625,0.7375,True,2.9000000000000004,2.9000000000000004,1.37791418281431
false_negative_suppression_js_0.15,false_negative_suppression,0.15,0.1,7,45,0.6375,0.7875,True,2.7,2.7,1.3080749891325567
false_negative_suppression_js_0.15,false_negative_suppression,0.15,0.1,7,46,0.8625,0.3625,False,,15.0,1.609098573647707
false_negative_suppression_js_0.15,false_negative_suppression,0.15,0.1,7,47,0.5375,0.7125,True,1.9500000000000002,1.9500000000000002,0.9480661906877281
false_negative_suppression_js_0.15,false_negative_suppression,0.15,0.1,7,48,0.7625,0.6875,True,2.85,2.85,1.357541877361051
false_negative_suppression_js_0.15,false_negative_suppression,0.15,0.1,7,49,0.9375,0.8375,True,3.3000000000000003,3.3000000000000003,1.5583789901838714
false_negative_suppression_js_0.15,false_negative_suppression,0.15,0.1,7,50,0.6875,0.6375,True,1.6500000000000001,1.6500000000000001,0.779952159172849
false_negative_suppression_js_0.15,false_negative_suppression,0.15,0.1,7,51,0.9375,0.7125,True,3.0500000000000003,3.0500000000000003,1.4557415785664967
false_negative_suppression_js_0.15,false_negative_suppression,0.15,0.1,7,52,0.0875,0.2625,False,,15.0,1.609098573647707
false_negative_suppression_js_0.15,false_negative_suppression,0.15,0.1,7,53,0.8375,0.6375,True,3.0500000000000003,3.0500000000000003,1.4557415785664967
false_negative_suppression_js_0.15,false_negative_suppression,0.15,0.1,7,54,0.7875,0.6125,True,3.1500000000000004,3.1500000000000004,1.5041056492340559
false_negative_suppression_js_0.15,false_negative_suppression,0.15,0.1,7,55,0.8125,0.4875,False,,15.0,1.609098573647707
false_negative_suppression_js_0.15,false_negative_suppression,0.15,0.1,7,56,0.7875,0.8125,True,3.0,3.0,1.4283230826526105
false_negative_suppression_js_0.15,false_negative_suppression,0.15,0.1,7,57,0.7875,0.6375,True,3.0,3.0,1.4283230826526105
false_negative_suppression_js_0.15,false_negative_suppression,0.15,0.1,7,58,0.5625,0.9625,False,,15.0,1.609098573647707
false_negative_suppression_js_0.15,false_negative_suppression,0.15,0.1,7,59,0.8625,0.7125,True,3.0,3.0,1.4283230826526105
false_negative_suppression_js_0.15,false_negative_suppression,0.15,0.1,7,60,0.4125,0.7375,True,2.15,2.15,1.0694201110670865
false_negative_suppression_js_0.15,false_negative_suppression,0.15,0.1,7,61,0.7625,0.7375,True,2.9000000000000004,2.9000000000000004,1.37791418281431
false_negative_suppression_js_0.15,false_negative_suppression,0.15,0.1,7,62,0.5875,0.7625,True,2.5,2.5,1.2477379761281573
false_negative_suppression_js_0.15,false_negative_suppression,0.15,0.1,7,63,0.8125,0.4875,False,,15.0,1.609098573647707
false_negative_suppression_js_0.15,false_negative_suppression,0.15,0.1,11,0,0.6875,0.4625,True,1.1,1.1,0.5771227070373434
false_negative_suppression_js_0.15,false_negative_suppression,0.15,0.1,11,1,0.7375,0.6875,True,2.8000000000000003,2.8000000000000003,1.3390741319265953
false_negative_suppression_js_0.15,false_negative_suppression,0.15,0.1,11,2,0.9875,0.7125,True,3.1500000000000004,3.1500000000000004,1.5041056492340559
false_negative_suppression_js_0.15,false_negative_suppression,0.15,0.1,11,3,0.9125,0.1125,False,,15.0,1.609098573647707
false_negative_suppression_js_0.15,false_negative_suppression,0.15,0.1,11,4,0.7625,0.4875,False,,15.0,1.609098573647707
false_negative_suppression_js_0.15,false_negative_suppression,0.15,0.1,11,5,0.8125,0.8875,True,5.6000000000000005,5.6000000000000005,1.609098573647707
false_negative_suppression_js_0.15,false_negative_suppression,0.15,0.1,11,6,0.8875,0.2875,False,,15.0,1.609098573647707
false_negative_suppression_js_0.15,false_negative_suppression,0.15,0.1,11,7,0.7125,0.4625,True,1.2000000000000002,1.2000000000000002,0.6279948214348957
false_negative_suppression_js_0.15,false_negative_suppression,0.15,0.1,11,8,0.7625,0.9125,True,5.45,5.45,1.609098573647707
false_negative_suppression_js_0.15,false_negative_suppression,0.15,0.1,11,9,0.6625,0.7375,True,2.75,2.75,1.3225658418235624
false_negative_suppression_js_0.15,false_negative_suppression,0.15,0.1,11,10,0.7125,0.6375,True,2.95,2.95,1.4015882235275543
false_negative_suppression_js_0.15,false_negative_suppression,0.15,0.1,11,11,0.7875,0.6875,True,2.9000000000000004,2.9000000000000004,1.37791418281431
false_negative_suppression_js_0.15,false_negative_suppression,0.15,0.1,11,12,0.9125,0.7375,True,3.0500000000000003,3.0500000000000003,1.4557415785664967
false_negative_suppression_js_0.15,false_negative_suppression,0.15,0.1,11,13,0.8125,0.5875,False,,15.0,1.609098573647707
false_negative_suppression_js_0.15,false_negative_suppression,0.15,0.1,11,14,0.9875,0.4625,False,,15.0,1.609098573647707
false_negative_suppression_js_0.15,false_negative_suppression,0.15,0.1,11,15,0.5125,0.8125,True,2.5,2.5,1.2477379761281573
false_negative_suppression_js_0.15,false_negative_suppression,0.15,0.1,11,16,0.4125,0.7625,True,2.15,2.15,1.0694201110670865
false_negative_suppression_js_0.15,false_negative_suppression,0.15,0.1,11,17,0.7875,0.6875,True,2.9000000000000004,2.9000000000000004,1.37791418281431
false_negative_suppression_js_0.15,false_negative_suppression,0.15,0.1,11,18,0.7875,0.8125,True,3.0,3.0,1.4283230826526105
false_negative_suppression_js_0.15,false_negative_suppression,0.15,0.1,11,19,0.6125,0.7125,True,2.6,2.6,1.2799290355271105
false_negative_suppression_js_0.15,false_negative_suppression,0.15,0.1,11,20,0.6625,0.9625,True,5.3500000000000005,5.3500000000000005,1.609098573647707
false_negative_suppression_js_0.15,false_negative_suppression,0.15,0.1,11,21,0.8875,0.5375,False,,15.0,1.609098573647707
false_negative_suppression_js_0.15,false_negative_suppression,0.15,0.1,11,22,0.6625,0.7125,True,2.7,2.7,1.3080749891325567
false_negative_suppression_js_0.15,false_negative_suppression,0.15,0.1,11,23,0.6375,0.6875,True,2.6500000000000004,2.6500000000000004,1.2939251363394724
false_negative_suppression_js_0.15,false_negative_suppression,0.15,0.1,11,24,0.6125,0.6375,True,1.75,1.75,0.825243290466193
false_negative_suppression_js_0.15,false_negative_suppression,0.15,0.1,11,25,0.8625,0.7125,True,3.0,3.0,1.4283230826526105
false_negative_suppression_js_0.15,false_negative_suppression,0.15,0.1,11,26,0.8375,0.5625,False,,15.0,1.609098573647707
false_negative_suppression_js_0.15,false_negative_suppression,0.15,0.1,11,27,0.6875,0.8125,True,2.85,2.85,1.357541877361051
false_negative_suppression_js_0.15,false_negative_suppression,0.15,0.1,11,28,0.8625,0.8375,True,3.2,3.2,1.524528945443598
false_negative_suppression_js_0.15,false_negative_suppression,0.15,0.1,11,29,0.6875,0.4625,True,1.1,1.1,0.5771227070373434
false_negative_suppression_js_0.15,false_negative_suppression,0.15,0.1,11,30,0.9875,0.6625,True,3.25,3.25,1.54270440629431
false_negative_suppression_js_0.15,false_negative_suppression,0.15,0.1,11,31,0.8375,0.5875,False,,15.0,1.609098573647707
false_negative_suppression_js_0.15,false_negative_suppression,0.15,0.1,11,32,0.7875,0.3375,False,,15.0,1.609098573647707
false_negative_suppression_js_0.15,false_negative_suppression,0.15,0.1,11,33,0.7875,0.8625,True,5.75,5.75,1.609098573647707
false_negative_suppression_js_0.15,false_negative_suppression,0.15,0.1,11,34,0.7125,0.6625,True,2.75,2.75,1.3225658418235624
false_negative_suppression_js_0.15,false_negative_suppression,0.15,0.1,11,35,0.7625,0.4875,False,,15.0,1.609098573647707
false_negative_suppression_js_0.15,false_negative_suppression,0.15,0.1,11,36,0.5375,0.7625,True,2.35,2.35,1.182910878895954
false_negative_suppression_js_0.15,false_negative_suppression,0.15,0.1,11,37,0.8625,0.5375,False,,15.0,1.609098573647707
false_negative_suppression_js_0.15,false_negative_suppression,0.15,0.1,11,38,0.8625,0.8625,True,3.3000000000000003,3.3000000000000003,1.5583789901838714
false_negative_suppression_js_0.15,false_negative_suppression,0.15,0.1,11,39,0.6875,0.5625,True,1.1,1.1,0.5771227070373434
false_negative_suppression_js_0.15,false_negative_suppression,0.15,0.1,11,40,0.6375,0.1375,False,,15.0,1.609098573647707
false_negative_suppression_js_0.15,false_negative_suppression,0.15,0.1,11,41,0.8375,0.5375,False,,15.0,1.609098573647707
false_negative_suppression_js_0.15,false_negative_suppression,0.15,0.1,11,42,0.4875,0.6375,True,1.9500000000000002,1.9500000000000002,0.9480661906877281
false_negative_suppression_js_0.15,false_negative_suppression,0.15,0.1,11,43,0.2375,0.6875,False,,15.0,1.609098573647707
false_negative_suppression_js_0.15,false_negative_suppression,0.15,0.1,11,44,0.9375,0.8625,True,3.4000000000000004,3.4000000000000004,1.5872713985753477
false_negative_suppression_js_0.15,false_negative_suppression,0.15,0.1,11,45,0.7375,0.7625,True,2.85,2.85,1.357541877361051
false_negative_suppression_js_0.15,false_negative_suppression,0.15,0.1,11,46,0.9625,0.6125,False,,15.0,1.609098573647707
false_negative_suppression_js_0.15,false_negative_suppression,0.15,0.1,11,47,0.8875,0.0625,False,,15.0,1.609098573647707
false_negative_suppression_js_0.15,false_negative_suppression,0.15,0.1,11,48,0.6625,0.5125,True,0.9500000000000001,0.9500000000000001,0.48288135200653165
false_negative_suppression_js_0.15,false_negative_suppression,0.15,0.1,11,49,0.7625,0.9875,True,5.15,5.15,1.609098573647707
false_negative_suppression_js_0.15,false_negative_suppression,0.15,0.1,11,50,0.8875,0.6625,True,3.0500000000000003,3.0500000000000003,1.4557415785664967
false_negative_suppression_js_0.15,false_negative_suppression,0.15,0.1,11,51,0.6875,0.7625,True,2.8000000000000003,2.8000000000000003,1.3390741319265953
false_negative_suppression_js_0.15,false_negative_suppression,0.15,0.1,11,52,0.3125,0.2375,True,0.15000000000000002,0.15000000000000002,0.00849607154407212
false_negative_suppression_js_0.15,false_negative_suppression,0.15,0.1,11,53,0.8125,0.1375,False,,15.0,1.609098573647707
false_negative_suppression_js_0.15,false_negative_suppression,0.15,0.1,11,54,0.6625,0.8375,True,2.8000000000000003,2.8000000000000003,1.3390741319265953
false_negative_suppression_js_0.15,false_negative_suppression,0.15,0.1,11,55,0.8375,0.7125,True,2.95,2.95,1.4015882235275543
false_negative_suppression_js_0.15,false_negative_suppression,0.15,0.1,11,56,0.7125,0.6125,True,1.6,1.6,0.7611384203473801
false_negative_suppression_js_0.15,false_negative_suppression,0.15,0.1,11,57,0.7625,0.6125,False,,15.0,1.609098573647707
false_negative_suppression_js_0.15,false_negative_suppression,0.15,0.1,11,58,0.6625,0.3625,True,1.2000000000000002,1.2000000000000002,0.6279948214348957
false_negative_suppression_js_0.15,false_negative_suppression,0.15,0.1,11,59,0.8375,0.5125,False,,15.0,1.609098573647707
false_negative_suppression_js_0.15,false_negative_suppression,0.15,0.1,11,60,0.1875,0.1125,True,0.0,0.0,0.0
false_negative_suppression_js_0.15,false_negative_suppression,0.15,0.1,11,61,0.5875,0.8375,True,2.5500000000000003,2.5500000000000003,1.2646743283729271
false_negative_suppression_js_0.15,false_negative_suppression,0.15,0.1,11,62,0.9625,0.6625,True,3.2,3.2,1.524528945443598
false_negative_suppression_js_0.15,false_negative_suppression,0.15,0.1,11,63,0.6625,0.4625,True,1.0,1.0,0.5166928200504302
oracle,oracle,0.0,0.05,7,0,0.6875,0.7375,True,1.25,1.25,0.7571861555573958
oracle,oracle,0.0,0.05,7,1,0.8125,0.8625,True,3.7,3.7,1.5297164873946094
oracle,oracle,0.0,0.05,7,2,0.8625,0.7875,True,3.85,3.85,1.5746782294418618
oracle,oracle,0.0,0.05,7,3,0.7625,0.5625,True,1.3,1.3,0.7901039360150794
oracle,oracle,0.0,0.05,7,4,0.6375,0.6125,True,1.05,1.05,0.5941130726561485
oracle,oracle,0.0,0.05,7,5,0.0375,0.8625,False,,15.0,1.8782023493169437
oracle,oracle,0.0,0.05,7,6,0.8875,0.0125,False,,15.0,1.8782023493169437
oracle,oracle,0.0,0.05,7,7,0.8375,0.8125,True,1.6,1.6,0.9269042844102964
oracle,oracle,0.0,0.05,7,8,0.6375,0.8125,True,2.2,2.2,1.1233958647206337
oracle,oracle,0.0,0.05,7,9,0.0625,0.6875,False,,15.0,1.8782023493169437
oracle,oracle,0.0,0.05,7,10,0.6625,0.6125,True,1.05,1.05,0.5941130726561485
oracle,oracle,0.0,0.05,7,11,0.8625,0.5875,True,1.55,1.55,0.909873741047063
oracle,oracle,0.0,0.05,7,12,0.6625,0.5875,True,1.05,1.05,0.5941130726561485
oracle,oracle,0.0,0.05,7,13,0.7875,0.6625,True,1.1500000000000001,1.1500000000000001,0.6800917089428278
oracle,oracle,0.0,0.05,7,14,0.7625,0.6875,True,1.2000000000000002,1.2000000000000002,0.7194248637951342
oracle,oracle,0.0,0.05,7,15,0.6625,0.7125,True,1.2000000000000002,1.2000000000000002,0.7194248637951342
oracle,oracle,0.0,0.05,7,16,0.7375,0.9875,True,5.2,5.2,1.8782023493169437
oracle,oracle,0.0,0.05,7,17,0.6125,0.8125,True,2.25,2.25,1.1410723415255415
oracle,oracle,0.0,0.05,7,18,0.6625,0.7375,True,1.3,1.3,0.7901039360150794
oracle,oracle,0.0,0.05,7,19,0.0375,0.9875,False,,15.0,1.8782023493169437
oracle,oracle,0.0,0.05,7,20,0.6625,0.5625,True,1.0,1.0,0.549272870920994
oracle,oracle,0.0,0.05,7,21,0.6625,0.5125,True,1.0,1.0,0.549272870920994
oracle,oracle,0.0,0.05,7,22,0.5875,0.7375,True,2.3000000000000003,2.3000000000000003,1.1613772563595337
oracle,oracle,0.0,0.05,7,23,0.5125,0.1875,False,,15.0,1.8782023493169437
oracle,oracle,0.0,0.05,7,24,0.0875,0.1625,False,,15.0,1.8782023493169437
oracle,oracle,0.0,0.05,7,25,0.8125,0.6875,True,1.3,1.3,0.7901039360150794
oracle,oracle,0.0,0.05,7,26,0.9625,0.6625,True,6.7,6.7,1.8782023493169437
oracle,oracle,0.0,0.05,7,27,0.6625,0.8875,True,5.550000000000001,5.550000000000001,1.8782023493169437
oracle,oracle,0.0,0.05,7,28,0.7125,0.7375,True,1.25,1.25,0.7571861555573958
oracle,oracle,0.0,0.05,7,29,0.8125,0.6875,True,1.3,1.3,0.7901039360150794
oracle,oracle,0.0,0.05,7,30,0.7125,0.6875,True,1.1500000000000001,1.1500000000000001,0.6800917089428278
oracle,oracle,0.0,0.05,7,31,0.5875,0.5875,True,1.05,1.05,0.5941130726561485
oracle,oracle,0.0,0.05,7,32,0.0125,0.0625,False,,15.0,1.8782023493169437
oracle,oracle,0.0,0.05,7,33,0.7375,0.5375,True,1.25,1.25,0.7571861555573958
oracle,oracle,0.0,0.05,7,34,0.7125,0.7625,True,1.35,1.35,0.8212090338376524
oracle,oracle,0.0,0.05,7,35,0.8375,0.5375,True,3.0500000000000003,3.0500000000000003,1.2934930732831353
oracle,oracle,0.0,0.05,7,36,0.7125,0.6375,True,1.1,1.1,0.6375426008448035
oracle,oracle,0.0,0.05,7,37,0.6375,0.0125,False,,15.0,1.8782023493169437
oracle,oracle,0.0,0.05,7,38,0.9375,0.8125,True,4.1000000000000005,4.1000000000000005,1.6537388686039163
oracle,oracle,0.0,0.05,7,39,0.9125,0.4875,False,,15.0,1.8782023493169437
oracle,oracle,0.0,0.05,7,40,0.7625,0.5875,True,1.25,1.25,0.7571861555573958
oracle,oracle,0.0,0.05,7,41,0.5875,0.8625,False,,15.0,1.8782023493169437
oracle,oracle,0.0,0.05,7,42,0.7875,0.6875,True,1.2000000000000002,1.2000000000000002,0.7194248637951342
oracle,oracle,0.0,0.05,7,43,0.6875,0.8375,True,2.0500000000000003,2.0500000000000003,1.0794291283590307
oracle,oracle,0.0,0.05,7,44,0.7625,0.7375,True,1.25,1.25,0.7571861555573958
oracle,oracle,0.0,0.05,7,45,0.6375,0.7875,True,2.15,2.15,1.1067795498036328
oracle,oracle,0.0,0.05,7,46,0.8625,0.3625,False,,15.0,1.8782023493169437
oracle,oracle,0.0,0.05,7,47,0.5375,0.7125,True,2.4000000000000004,2.4000000000000004,1.1961580041446331
oracle,oracle,0.0,0.05,7,48,0.7625,0.6875,True,1.2000000000000002,1.2000000000000002,0.7194248637951342
oracle,oracle,0.0,0.05,7,49,0.9375,0.8375,True,4.1000000000000005,4.1000000000000005,1.6537388686039163
oracle,oracle,0.0,0.05,7,50,0.6875,0.6375,True,1.05,1.05,0.5941130726561485
oracle,oracle,0.0,0.05,7,51,0.9375,0.7125,True,6.65,6.65,1.8782023493169437
oracle,oracle,0.0,0.05,7,52,0.0875,0.2625,False,,15.0,1.8782023493169437
oracle,oracle,0.0,0.05,7,53,0.8375,0.6375,True,1.4500000000000002,1.4500000000000002,0.8717605807260322
oracle,oracle,0.0,0.05,7,54,0.7875,0.6125,True,1.3,1.3,0.7901039360150794
oracle,oracle,0.0,0.05,7,55,0.8125,0.4875,True,2.75,2.75,1.2579980293545956
oracle,oracle,0.0,0.05,7,56,0.7875,0.8125,True,1.7000000000000002,1.7000000000000002,0.9615204857600793
oracle,oracle,0.0,0.05,7,57,0.7875,0.6375,True,1.25,1.25,0.7571861555573958
oracle,oracle,0.0,0.05,7,58,0.5625,0.9625,False,,15.0,1.8782023493169437
oracle,oracle,0.0,0.05,7,59,0.8625,0.7125,True,1.6500000000000001,1.6500000000000001,0.9437546586357207
oracle,oracle,0.0,0.05,7,60,0.4125,0.7375,False,,15.0,1.8782023493169437
oracle,oracle,0.0,0.05,7,61,0.7625,0.7375,True,1.25,1.25,0.7571861555573958
oracle,oracle,0.0,0.05,7,62,0.5875,0.7625,True,2.3000000000000003,2.3000000000000003,1.1613772563595337
oracle,oracle,0.0,0.05,7,63,0.8125,0.4875,True,2.75,2.75,1.2579980293545956
oracle,oracle,0.0,0.05,11,0,0.6875,0.4625,True,2.5,2.5,1.2223012085950373
oracle,oracle,0.0,0.05,11,1,0.7375,0.6875,True,1.1500000000000001,1.1500000000000001,0.6800917089428278
oracle,oracle,0.0,0.05,11,2,0.9875,0.7125,True,6.800000000000001,6.800000000000001,1.8782023493169437
oracle,oracle,0.0,0.05,11,3,0.9125,0.1125,False,,15.0,1.8782023493169437
oracle,oracle,0.0,0.05,11,4,0.7625,0.4875,True,2.5500000000000003,2.5500000000000003,1.2323464600672105
oracle,oracle,0.0,0.05,11,5,0.8125,0.8875,True,3.7,3.7,1.5297164873946094
oracle,oracle,0.0,0.05,11,6,0.8875,0.2875,False,,15.0,1.8782023493169437
oracle,oracle,0.0,0.05,11,7,0.7125,0.4625,True,2.45,2.45,1.2104718668656549
oracle,oracle,0.0,0.05,11,8,0.7625,0.9125,True,3.8000000000000003,3.8000000000000003,1.5599476342768903
oracle,oracle,0.0,0.05,11,9,0.6625,0.7375,True,1.3,1.3,0.7901039360150794
oracle,oracle,0.0,0.05,11,10,0.7125,0.6375,True,1.1,1.1,0.6375426008448035
oracle,oracle,0.0,0.05,11,11,0.7875,0.6875,True,1.2000000000000002,1.2000000000000002,0.7194248637951342
oracle,oracle,0.0,0.05,11,12,0.9125,0.7375,True,4.1000000000000005,4.1000000000000005,1.6537388686039163
oracle,oracle,0.0,0.05,11,13,0.8125,0.5875,True,1.4000000000000001,1.4000000000000001,0.8471919028117766
oracle,oracle,0.0,0.05,11,14,0.9875,0.4625,False,,15.0,1.8782023493169437
oracle,oracle,0.0,0.05,11,15,0.5125,0.8125,False,,15.0,1.8782023493169437
oracle,oracle,0.0,0.05,11,16,0.4125,0.7625,False,,15.0,1.8782023493169437
oracle,oracle,0.0,0.05,11,17,0.7875,0.6875,True,1.2000000000000002,1.2000000000000002,0.7194248637951342
oracle,oracle,0.0,0.05,11,18,0.7875,0.8125,True,1.7000000000000002,1.7000000000000002,0.9615204857600793
oracle,oracle,0.0,0.05,11,19,0.6125,0.7125,True,1.25,1.25,0.7571861555573958
oracle,oracle,0.0,0.05,11,20,0.6625,0.9625,True,5.3500000000000005,5.3500000000000005,1.8782023493169437
oracle,oracle,0.0,0.05,11,21,0.8875,0.5375,False,,15.0,1.8782023493169437
oracle,oracle,0.0,0.05,11,22,0.6625,0.7125,True,1.2000000000000002,1.2000000000000002,0.7194248637951342
oracle,oracle,0.0,0.05,11,23,0.6375,0.6875,True,1.1500000000000001,1.1500000000000001,0.6800917089428278
oracle,oracle,0.0,0.05,11,24,0.6125,0.6375,True,1.05,1.05,0.5941130726561485
oracle,oracle,0.0,0.05,11,25,0.8625,0.7125,True,1.6500000000000001,1.6500000000000001,0.9437546586357207
oracle,oracle,0.0,0.05,11,26,0.8375,0.5625,True,1.5,1.5,0.8912977146090523
oracle,oracle,0.0,0.05,11,27,0.6875,0.8125,True,2.0,2.0,1.0662946489924359
oracle,oracle,0.0,0.05,11,28,0.8625,0.8375,True,3.85,3.85,1.5746782294418618
oracle,oracle,0.0,0.05,11,29,0.6875,0.4625,True,2.5,2.5,1.2223012085950373
oracle,oracle,0.0,0.05,11,30,0.9875,0.6625,False,,15.0,1.8782023493169437
oracle,oracle,0.0,0.05,11,31,0.8375,0.5875,True,1.5,1.5,0.8912977146090523
oracle,oracle,0.0,0.05,11,32,0.7875,0.3375,False,,15.0,1.8782023493169437
oracle,oracle,0.0,0.05,11,33,0.7875,0.8625,True,1.85,1.85,1.0212393238428201
oracle,oracle,0.0,0.05,11,34,0.7125,0.6625,True,1.1,1.1,0.6375426008448035
oracle,oracle,0.0,0.05,11,35,0.7625,0.4875,True,2.5500000000000003,2.5500000000000003,1.2323464600672105
oracle,oracle,0.0,0.05,11,36,0.5375,0.7625,False,,15.0,1.8782023493169437
oracle,oracle,0.0,0.05,11,37,0.8625,0.5375,True,3.1500000000000004,3.1500000000000004,1.3184291867727351
oracle,oracle,0.0,0.05,11,38,0.8625,0.8625,True,3.85,3.85,1.5746782294418618
oracle,oracle,0.0,0.05,11,39,0.6875,0.5625,True,1.0,1.0,0.549272870920994
oracle,oracle,0.0,0.05,11,40,0.6375,0.1375,False,,15.0,1.8782023493169437
oracle,oracle,0.0,0.05,11,41,0.8375,0.5375,True,3.0500000000000003,3.0500000000000003,1.2934930732831353
oracle,oracle,0.0,0.05,11,42,0.4875,0.6375,False,,15.0,1.8782023493169437
oracle,oracle,0.0,0.05,11,43,0.2375,0.6875,False,,15.0,1.8782023493169437
oracle,oracle,0.0,0.05,11,44,0.9375,0.8625,True,4.1000000000000005,4.1000000000000005,1.6537388686039163
oracle,oracle,0.0,0.05,11,45,0.7375,0.7625,True,1.35,1.35,0.8212090338376524
oracle,oracle,0.0,0.05,11,46,0.9625,0.6125,False,,15.0,1.8782023493169437
oracle,oracle,0.0,0.05,11,47,0.8875,0.0625,False,,15.0,1.8782023493169437
oracle,oracle,0.0,0.05,11,48,0.6625,0.5125,True,1.0,1.0,0.549272870920994
oracle,oracle,0.0,0.05,11,49,0.7625,0.9875,True,5.15,5.15,1.8782023493169437
oracle,oracle,0.0,0.05,11,50,0.8875,0.6625,True,1.75,1.75,0.9793576862798884
oracle,oracle,0.0,0.05,11,51,0.6875,0.7625,True,1.9000000000000001,1.9000000000000001,1.0373990576170407
oracle,oracle,0.0,0.05,11,52,0.3125,0.2375,True,0.15000000000000002,0.15000000000000002,0.007257890529013056
oracle,oracle,0.0,0.05,11,53,0.8125,0.1375,False,,15.0,1.8782023493169437
oracle,oracle,0.0,0.05,11,54,0.6625,0.8375,True,2.15,2.15,1.1067795498036328
oracle,oracle,0.0,0.05,11,55,0.8375,0.7125,True,1.4000000000000001,1.4000000000000001,0.8471919028117766
oracle,oracle,0.0,0.05,11,56,0.7125,0.6125,True,1.05,1.05,0.5941130726561485
oracle,oracle,0.0,0.05,11,57,0.7625,0.6125,True,1.1500000000000001,1.1500000000000001,0.6800917089428278
oracle,oracle,0.0,0.05,11,58,0.6625,0.3625,False,,15.0,1.8782023493169437
oracle,oracle,0.0,0.05,11,59,0.8375,0.5125,True,2.95,2.95,1.2776018397221462
oracle,oracle,0.0,0.05,11,60,0.1875,0.1125,True,0.0,0.0,0.0
oracle,oracle,0.0,0.05,11,61,0.5875,0.8375,False,,15.0,1.8782023493169437
oracle,oracle,0.0,0.05,11,62,0.9625,0.6625,True,6.7,6.7,1.8782023493169437
oracle,oracle,0.0,0.05,11,63,0.6625,0.4625,True,1.1500000000000001,1.1500000000000001,0.6800917089428278
spatial_shift_js_0.05,spatial_shift,0.05,0.05,7,0,0.6875,0.7375,True,1.25,1.25,0.7172553810889062
spatial_shift_js_0.05,spatial_shift,0.05,0.05,7,1,0.8125,0.8625,True,3.8000000000000003,3.8000000000000003,1.4901172903538262
spatial_shift_js_0.05,spatial_shift,0.05,0.05,7,2,0.8625,0.7875,True,3.95,3.95,1.5434190295952555
spatial_shift_js_0.05,spatial_shift,0.05,0.05,7,3,0.7625,0.5625,False,,15.0,1.859909152562699
spatial_shift_js_0.05,spatial_shift,0.05,0.05,7,4,0.6375,0.6125,True,1.05,1.05,0.5732771708618969
spatial_shift_js_0.05,spatial_shift,0.05,0.05,7,5,0.0375,0.8625,False,,15.0,1.859909152562699
spatial_shift_js_0.05,spatial_shift,0.05,0.05,7,6,0.8875,0.0125,False,,15.0,1.859909152562699
spatial_shift_js_0.05,spatial_shift,0.05,0.05,7,7,0.8375,0.8125,True,3.85,3.85,1.508736404833712
spatial_shift_js_0.05,spatial_shift,0.05,0.05,7,8,0.6375,0.8125,True,1.55,1.55,0.8690160299266311
spatial_shift_js_0.05,spatial_shift,0.05,0.05,7,9,0.0625,0.6875,False,,15.0,1.859909152562699
spatial_shift_js_0.05,spatial_shift,0.05,0.05,7,10,0.6625,0.6125,True,1.05,1.05,0.5732771708618969
spatial_shift_js_0.05,spatial_shift,0.05,0.05,7,11,0.8625,0.5875,False,,15.0,1.859909152562699
spatial_shift_js_0.05,spatial_shift,0.05,0.05,7,12,0.6625,0.5875,True,1.05,1.05,0.5732771708618969
spatial_shift_js_0.05,spatial_shift,0.05,0.05,7,13,0.7875,0.6625,True,3.95,3.95,1.5434190295952555
spatial_shift_js_0.05,spatial_shift,0.05,0.05,7,14,0.7625,0.6875,True,1.2000000000000002,1.2000000000000002,0.6818407458332503
spatial_shift_js_0.05,spatial_shift,0.05,0.05,7,15,0.6625,0.7125,True,1.2000000000000002,1.2000000000000002,0.6818407458332503
spatial_shift_js_0.05,spatial_shift,0.05,0.05,7,16,0.7375,0.9875,True,5.2,5.2,1.859909152562699
spatial_shift_js_0.05,spatial_shift,0.05,0.05,7,17,0.6125,0.8125,True,1.75,1.75,0.9023238077255141
spatial_shift_js_0.05,spatial_shift,0.05,0.05,7,18,0.6625,0.7375,True,1.25,1.25,0.7172553810889062
spatial_shift_js_0.05,spatial_shift,0.05,0.05,7,19,0.0375,0.9875,False,,15.0,1.859909152562699
spatial_shift_js_0.05,spatial_shift,0.05,0.05,7,20,0.6625,0.5625,True,1.05,1.05,0.5732771708618969
spatial_shift_js_0.05,spatial_shift,0.05,0.05,7,21,0.6625,0.5125,True,1.1,1.1,0.6101767560551649
spatial_shift_js_0.05,spatial_shift,0.05,0.05,7,22,0.5875,0.7375,True,1.3,1.3,0.7500788961440772
spatial_shift_js_0.05,spatial_shift,0.05,0.05,7,23,0.5125,0.1875,False,,15.0,1.859909152562699
spatial_shift_js_0.05,spatial_shift,0.05,0.05,7,24,0.0875,0.1625,False,,15.0,1.859909152562699
spatial_shift_js_0.05,spatial_shift,0.05,0.05,7,25,0.8125,0.6875,True,3.95,3.95,1.5434190295952555
spatial_shift_js_0.05,spatial_shift,0.05,0.05,7,26,0.9625,0.6625,True,6.7,6.7,1.859909152562699
spatial_shift_js_0.05,spatial_shift,0.05,0.05,7,27,0.6625,0.8875,True,3.6,3.6,1.4151602052070344
spatial_shift_js_0.05,spatial_shift,0.05,0.05,7,28,0.7125,0.7375,True,1.25,1.25,0.7172553810889062
spatial_shift_js_0.05,spatial_shift,0.05,0.05,7,29,0.8125,0.6875,True,3.95,3.95,1.5434190295952555
spatial_shift_js_0.05,spatial_shift,0.05,0.05,7,30,0.7125,0.6875,True,1.2000000000000002,1.2000000000000002,0.6818407458332503
spatial_shift_js_0.05,spatial_shift,0.05,0.05,7,31,0.5875,0.5875,True,1.05,1.05,0.5732771708618969
spatial_shift_js_0.05,spatial_shift,0.05,0.05,7,32,0.0125,0.0625,False,,15.0,1.859909152562699
spatial_shift_js_0.05,spatial_shift,0.05,0.05,7,33,0.7375,0.5375,False,,15.0,1.859909152562699
spatial_shift_js_0.05,spatial_shift,0.05,0.05,7,34,0.7125,0.7625,True,1.3,1.3,0.7500788961440772
spatial_shift_js_0.05,spatial_shift,0.05,0.05,7,35,0.8375,0.5375,False,,15.0,1.859909152562699
spatial_shift_js_0.05,spatial_shift,0.05,0.05,7,36,0.7125,0.6375,True,1.1,1.1,0.6101767560551649
spatial_shift_js_0.05,spatial_shift,0.05,0.05,7,37,0.6375,0.0125,False,,15.0,1.859909152562699
spatial_shift_js_0.05,spatial_shift,0.05,0.05,7,38,0.9375,0.8125,True,4.2,4.2,1.6373998622616586
spatial_shift_js_0.05,spatial_shift,0.05,0.05,7,39,0.9125,0.4875,False,,15.0,1.859909152562699
spatial_shift_js_0.05,spatial_shift,0.05,0.05,7,40,0.7625,0.5875,False,,15.0,1.859909152562699
spatial_shift_js_0.05,spatial_shift,0.05,0.05,7,41,0.5875,0.8625,True,3.5500000000000003,3.5500000000000003,1.401059422987147
spatial_shift_js_0.05,spatial_shift,0.05,0.05,7,42,0.7875,0.6875,True,3.9000000000000004,3.9000000000000004,1.526666173389885
spatial_shift_js_0.05,spatial_shift,0.05,0.05,7,43,0.6875,0.8375,True,1.55,1.55,0.8690160299266311
spatial_shift_js_0.05,spatial_shift,0.05,0.05,7,44,0.7625,0.7375,True,1.3,1.3,0.7500788961440772
spatial_shift_js_0.05,spatial_shift,0.05,0.05,7,45,0.6375,0.7875,True,1.4000000000000001,1.4000000000000001,0.8078555758006519
spatial_shift_js_0.05,spatial_shift,0.05,0.05,7,46,0.8625,0.3625,False,,15.0,1.859909152562699
spatial_shift_js_0.05,spatial_shift,0.05,0.05,7,47,0.5375,0.7125,True,1.9000000000000001,1.9000000000000001,0.9266481946189877
spatial_shift_js_0.05,spatial_shift,0.05,0.05,7,48,0.7625,0.6875,True,1.2000000000000002,1.2000000000000002,0.6818407458332503
spatial_shift_js_0.05,spatial_shift,0.05,0.05,7,49,0.9375,0.8375,True,4.2,4.2,1.6373998622616586
spatial_shift_js_0.05,spatial_shift,0.05,0.05,7,50,0.6875,0.6375,True,1.1,1.1,0.6101767560551649
spatial_shift_js_0.05,spatial_shift,0.05,0.05,7,51,0.9375,0.7125,True,6.65,6.65,1.859909152562699
spatial_shift_js_0.05,spatial_shift,0.05,0.05,7,52,0.0875,0.2625,False,,15.0,1.859909152562699
spatial_shift_js_0.05,spatial_shift,0.05,0.05,7,53,0.8375,0.6375,False,,15.0,1.859909152562699
spatial_shift_js_0.05,spatial_shift,0.05,0.05,7,54,0.7875,0.6125,False,,15.0,1.859909152562699
spatial_shift_js_0.05,spatial_shift,0.05,0.05,7,55,0.8125,0.4875,False,,15.0,1.859909152562699
spatial_shift_js_0.05,spatial_shift,0.05,0.05,7,56,0.7875,0.8125,True,3.75,3.75,1.468569424344622
spatial_shift_js_0.05,spatial_shift,0.05,0.05,7,57,0.7875,0.6375,True,1.6500000000000001,1.6500000000000001,0.8920960690461956
spatial_shift_js_0.05,spatial_shift,0.05,0.05,7,58,0.5625,0.9625,False,,15.0,1.859909152562699
spatial_shift_js_0.05,spatial_shift,0.05,0.05,7,59,0.8625,0.7125,True,4.05,4.05,1.577852257164188
spatial_shift_js_0.05,spatial_shift,0.05,0.05,7,60,0.4125,0.7375,True,2.3000000000000003,2.3000000000000003,1.0651455631514806
spatial_shift_js_0.05,spatial_shift,0.05,0.05,7,61,0.7625,0.7375,True,1.3,1.3,0.7500788961440772
spatial_shift_js_0.05,spatial_shift,0.05,0.05,7,62,0.5875,0.7625,True,1.4500000000000002,1.4500000000000002,0.8321069006299102
spatial_shift_js_0.05,spatial_shift,0.05,0.05,7,63,0.8125,0.4875,False,,15.0,1.859909152562699
spatial_shift_js_0.05,spatial_shift,0.05,0.05,11,0,0.6875,0.4625,True,2.8000000000000003,2.8000000000000003,1.1363415480896368
spatial_shift_js_0.05,spatial_shift,0.05,0.05,11,1,0.7375,0.6875,True,1.2000000000000002,1.2000000000000002,0.6818407458332503
spatial_shift_js_0.05,spatial_shift,0.05,0.05,11,2,0.9875,0.7125,True,6.800000000000001,6.800000000000001,1.859909152562699
spatial_shift_js_0.05,spatial_shift,0.05,0.05,11,3,0.9125,0.1125,False,,15.0,1.859909152562699
spatial_shift_js_0.05,spatial_shift,0.05,0.05,11,4,0.7625,0.4875,False,,15.0,1.859909152562699
spatial_shift_js_0.05,spatial_shift,0.05,0.05,11,5,0.8125,0.8875,True,3.8000000000000003,3.8000000000000003,1.4901172903538262
spatial_shift_js_0.05,spatial_shift,0.05,0.05,11,6,0.8875,0.2875,False,,15.0,1.859909152562699
spatial_shift_js_0.05,spatial_shift,0.05,0.05,11,7,0.7125,0.4625,False,,15.0,1.859909152562699
spatial_shift_js_0.05,spatial_shift,0.05,0.05,11,8,0.7625,0.9125,True,3.6500000000000004,3.6500000000000004,1.431250848174324
spatial_shift_js_0.05,spatial_shift,0.05,0.05,11,9,0.6625,0.7375,True,1.25,1.25,0.7172553810889062
spatial_shift_js_0.05,spatial_shift,0.05,0.05,11,10,0.7125,0.6375,True,1.1,1.1,0.6101767560551649
spatial_shift_js_0.05,spatial_shift,0.05,0.05,11,11,0.7875,0.6875,True,3.9000000000000004,3.9000000000000004,1.526666173389885
spatial_shift_js_0.05,spatial_shift,0.05,0.05,11,12,0.9125,0.7375,True,4.15,4.15,1.6165648388762026
spatial_shift_js_0.05,spatial_shift,0.05,0.05,11,13,0.8125,0.5875,False,,15.0,1.859909152562699
spatial_shift_js_0.05,spatial_shift,0.05,0.05,11,14,0.9875,0.4625,False,,15.0,1.859909152562699
spatial_shift_js_0.05,spatial_shift,0.05,0.05,11,15,0.5125,0.8125,True,2.1,2.1,0.9940252099234047
spatial_shift_js_0.05,spatial_shift,0.05,0.05,11,16,0.4125,0.7625,True,2.3000000000000003,2.3000000000000003,1.0651455631514806
spatial_shift_js_0.05,spatial_shift,0.05,0.05,11,17,0.7875,0.6875,True,3.9000000000000004,3.9000000000000004,1.526666173389885
spatial_shift_js_0.05,spatial_shift,0.05,0.05,11,18,0.7875,0.8125,True,3.75,3.75,1.468569424344622
spatial_shift_js_0.05,spatial_shift,0.05,0.05,11,19,0.6125,0.7125,True,1.2000000000000002,1.2000000000000002,0.6818407458332503
spatial_shift_js_0.05,spatial_shift,0.05,0.05,11,20,0.6625,0.9625,True,5.3500000000000005,5.3500000000000005,1.859909152562699
spatial_shift_js_0.05,spatial_shift,0.05,0.05,11,21,0.8875,0.5375,False,,15.0,1.859909152562699
spatial_shift_js_0.05,spatial_shift,0.05,0.05,11,22,0.6625,0.7125,True,1.2000000000000002,1.2000000000000002,0.6818407458332503
spatial_shift_js_0.05,spatial_shift,0.05,0.05,11,23,0.6375,0.6875,True,1.1500000000000001,1.1500000000000001,0.6461697564944915
spatial_shift_js_0.05,spatial_shift,0.05,0.05,11,24,0.6125,0.6375,True,1.05,1.05,0.5732771708618969
spatial_shift_js_0.05,spatial_shift,0.05,0.05,11,25,0.8625,0.7125,True,4.05,4.05,1.577852257164188
spatial_shift_js_0.05,spatial_shift,0.05,0.05,11,26,0.8375,0.5625,False,,15.0,1.859909152562699
spatial_shift_js_0.05,spatial_shift,0.05,0.05,11,27,0.6875,0.8125,True,1.4500000000000002,1.4500000000000002,0.8321069006299102
spatial_shift_js_0.05,spatial_shift,0.05,0.05,11,28,0.8625,0.8375,True,3.95,3.95,1.5434190295952555
spatial_shift_js_0.05,spatial_shift,0.05,0.05,11,29,0.6875,0.4625,True,2.8000000000000003,2.8000000000000003,1.1363415480896368
spatial_shift_js_0.05,spatial_shift,0.05,0.05,11,30,0.9875,0.6625,False,,15.0,1.859909152562699
spatial_shift_js_0.05,spatial_shift,0.05,0.05,11,31,0.8375,0.5875,False,,15.0,1.859909152562699
spatial_shift_js_0.05,spatial_shift,0.05,0.05,11,32,0.7875,0.3375,False,,15.0,1.859909152562699
spatial_shift_js_0.05,spatial_shift,0.05,0.05,11,33,0.7875,0.8625,True,3.75,3.75,1.468569424344622
spatial_shift_js_0.05,spatial_shift,0.05,0.05,11,34,0.7125,0.6625,True,1.1500000000000001,1.1500000000000001,0.6461697564944915
spatial_shift_js_0.05,spatial_shift,0.05,0.05,11,35,0.7625,0.4875,False,,15.0,1.859909152562699
spatial_shift_js_0.05,spatial_shift,0.05,0.05,11,36,0.5375,0.7625,True,1.9500000000000002,1.9500000000000002,0.9390481020217194
spatial_shift_js_0.05,spatial_shift,0.05,0.05,11,37,0.8625,0.5375,False,,15.0,1.859909152562699
spatial_shift_js_0.05,spatial_shift,0.05,0.05,11,38,0.8625,0.8625,True,3.95,3.95,1.5434190295952555
spatial_shift_js_0.05,spatial_shift,0.05,0.05,11,39,0.6875,0.5625,True,1.0,1.0,0.5354326215382494
spatial_shift_js_0.05,spatial_shift,0.05,0.05,11,40,0.6375,0.1375,False,,15.0,1.859909152562699
spatial_shift_js_0.05,spatial_shift,0.05,0.05,11,41,0.8375,0.5375,False,,15.0,1.859909152562699
spatial_shift_js_0.05,spatial_shift,0.05,0.05,11,42,0.4875,0.6375,True,1.25,1.25,0.7172553810889062
spatial_shift_js_0.05,spatial_shift,0.05,0.05,11,43,0.2375,0.6875,False,,15.0,1.859909152562699
spatial_shift_js_0.05,spatial_shift,0.05,0.05,11,44,0.9375,0.8625,True,4.2,4.2,1.6373998622616586
spatial_shift_js_0.05,spatial_shift,0.05,0.05,11,45,0.7375,0.7625,True,1.3,1.3,0.7500788961440772
spatial_shift_js_0.05,spatial_shift,0.05,0.05,11,46,0.9625,0.6125,False,,15.0,1.859909152562699
spatial_shift_js_0.05,spatial_shift,0.05,0.05,11,47,0.8875,0.0625,False,,15.0,1.859909152562699
spatial_shift_js_0.05,spatial_shift,0.05,0.05,11,48,0.6625,0.5125,True,1.1,1.1,0.6101767560551649
spatial_shift_js_0.05,spatial_shift,0.05,0.05,11,49,0.7625,0.9875,True,5.15,5.15,1.859909152562699
spatial_shift_js_0.05,spatial_shift,0.05,0.05,11,50,0.8875,0.6625,True,6.5,6.5,1.859909152562699
spatial_shift_js_0.05,spatial_shift,0.05,0.05,11,51,0.6875,0.7625,True,1.3,1.3,0.7500788961440772
spatial_shift_js_0.05,spatial_shift,0.05,0.05,11,52,0.3125,0.2375,True,0.15000000000000002,0.15000000000000002,0.007227494262020452
spatial_shift_js_0.05,spatial_shift,0.05,0.05,11,53,0.8125,0.1375,False,,15.0,1.859909152562699
spatial_shift_js_0.05,spatial_shift,0.05,0.05,11,54,0.6625,0.8375,True,1.6,1.6,0.8814248687726712
spatial_shift_js_0.05,spatial_shift,0.05,0.05,11,55,0.8375,0.7125,True,4.0,4.0,1.5599736909918425
spatial_shift_js_0.05,spatial_shift,0.05,0.05,11,56,0.7125,0.6125,True,1.05,1.05,0.5732771708618969
spatial_shift_js_0.05,spatial_shift,0.05,0.05,11,57,0.7625,0.6125,True,1.5,1.5,0.85160070436692
spatial_shift_js_0.05,spatial_shift,0.05,0.05,11,58,0.6625,0.3625,False,,15.0,1.859909152562699
spatial_shift_js_0.05,spatial_shift,0.05,0.05,11,59,0.8375,0.5125,False,,15.0,1.859909152562699
spatial_shift_js_0.05,spatial_shift,0.05,0.05,11,60,0.1875,0.1125,True,0.0,0.0,0.0
spatial_shift_js_0.05,spatial_shift,0.05,0.05,11,61,0.5875,0.8375,True,1.9500000000000002,1.9500000000000002,0.9390481020217194
spatial_shift_js_0.05,spatial_shift,0.05,0.05,11,62,0.9625,0.6625,True,6.7,6.7,1.859909152562699
spatial_shift_js_0.05,spatial_shift,0.05,0.05,11,63,0.6625,0.4625,True,2.7,2.7,1.1180151801415281
spatial_shift_js_0.1,spatial_shift,0.1,0.05,7,0,0.6875,0.7375,True,1.3,1.3,0.7208312162900817
spatial_shift_js_0.1,spatial_shift,0.1,0.05,7,1,0.8125,0.8625,True,3.9000000000000004,3.9000000000000004,1.5260578473229032
spatial_shift_js_0.1,spatial_shift,0.1,0.05,7,2,0.8625,0.7875,True,4.1000000000000005,4.1000000000000005,1.603503495510638
spatial_shift_js_0.1,spatial_shift,0.1,0.05,7,3,0.7625,0.5625,False,,15.0,1.9046406487037546
spatial_shift_js_0.1,spatial_shift,0.1,0.05,7,4,0.6375,0.6125,True,1.1,1.1,0.5924656640720984
spatial_shift_js_0.1,spatial_shift,0.1,0.05,7,5,0.0375,0.8625,False,,15.0,1.9046406487037546
spatial_shift_js_0.1,spatial_shift,0.1,0.05,7,6,0.8875,0.0125,False,,15.0,1.9046406487037546
spatial_shift_js_0.1,spatial_shift,0.1,0.05,7,7,0.8375,0.8125,True,4.0,4.0,1.5623289899249089
spatial_shift_js_0.1,spatial_shift,0.1,0.05,7,8,0.6375,0.8125,True,1.4500000000000002,1.4500000000000002,0.8031871038318837
spatial_shift_js_0.1,spatial_shift,0.1,0.05,7,9,0.0625,0.6875,False,,15.0,1.9046406487037546
spatial_shift_js_0.1,spatial_shift,0.1,0.05,7,10,0.6625,0.6125,True,1.05,1.05,0.5591265191326062
spatial_shift_js_0.1,spatial_shift,0.1,0.05,7,11,0.8625,0.5875,False,,15.0,1.9046406487037546
spatial_shift_js_0.1,spatial_shift,0.1,0.05,7,12,0.6625,0.5875,True,1.05,1.05,0.5591265191326062
spatial_shift_js_0.1,spatial_shift,0.1,0.05,7,13,0.7875,0.6625,False,,15.0,1.9046406487037546
spatial_shift_js_0.1,spatial_shift,0.1,0.05,7,14,0.7625,0.6875,True,3.95,3.95,1.5427511706162587
spatial_shift_js_0.1,spatial_shift,0.1,0.05,7,15,0.6625,0.7125,True,1.25,1.25,0.6892398758957033
spatial_shift_js_0.1,spatial_shift,0.1,0.05,7,16,0.7375,0.9875,True,5.2,5.2,1.9046406487037546
spatial_shift_js_0.1,spatial_shift,0.1,0.05,7,17,0.6125,0.8125,True,1.5,1.5,0.8242299906709837
spatial_shift_js_0.1,spatial_shift,0.1,0.05,7,18,0.6625,0.7375,True,1.3,1.3,0.7208312162900817
spatial_shift_js_0.1,spatial_shift,0.1,0.05,7,19,0.0375,0.9875,False,,15.0,1.9046406487037546
spatial_shift_js_0.1,spatial_shift,0.1,0.05,7,20,0.6625,0.5625,True,1.05,1.05,0.5591265191326062
spatial_shift_js_0.1,spatial_shift,0.1,0.05,7,21,0.6625,0.5125,True,1.2000000000000002,1.2000000000000002,0.6570281247556037
spatial_shift_js_0.1,spatial_shift,0.1,0.05,7,22,0.5875,0.7375,True,1.3,1.3,0.7208312162900817
spatial_shift_js_0.1,spatial_shift,0.1,0.05,7,23,0.5125,0.1875,False,,15.0,1.9046406487037546
spatial_shift_js_0.1,spatial_shift,0.1,0.05,7,24,0.0875,0.1625,False,,15.0,1.9046406487037546
spatial_shift_js_0.1,spatial_shift,0.1,0.05,7,25,0.8125,0.6875,True,4.05,4.05,1.582269757827949
spatial_shift_js_0.1,spatial_shift,0.1,0.05,7,26,0.9625,0.6625,True,6.7,6.7,1.9046406487037546
spatial_shift_js_0.1,spatial_shift,0.1,0.05,7,27,0.6625,0.8875,True,3.5500000000000003,3.5500000000000003,1.3967904918427658
spatial_shift_js_0.1,spatial_shift,0.1,0.05,7,28,0.7125,0.7375,True,1.3,1.3,0.7208312162900817
spatial_shift_js_0.1,spatial_shift,0.1,0.05,7,29,0.8125,0.6875,True,4.05,4.05,1.582269757827949
spatial_shift_js_0.1,spatial_shift,0.1,0.05,7,30,0.7125,0.6875,True,1.2000000000000002,1.2000000000000002,0.6570281247556037
spatial_shift_js_0.1,spatial_shift,0.1,0.05,7,31,0.5875,0.5875,True,1.1,1.1,0.5924656640720984
spatial_shift_js_0.1,spatial_shift,0.1,0.05,7,32,0.0125,0.0625,False,,15.0,1.9046406487037546
spatial_shift_js_0.1,spatial_shift,0.1,0.05,7,33,0.7375,0.5375,False,,15.0,1.9046406487037546
spatial_shift_js_0.1,spatial_shift,0.1,0.05,7,34,0.7125,0.7625,True,1.35,1.35,0.7514380561170682
spatial_shift_js_0.1,spatial_shift,0.1,0.05,7,35,0.8375,0.5375,False,,15.0,1.9046406487037546
spatial_shift_js_0.1,spatial_shift,0.1,0.05,7,36,0.7125,0.6375,True,1.1500000000000001,1.1500000000000001,0.6247619826868306
spatial_shift_js_0.1,spatial_shift,0.1,0.05,7,37,0.6375,0.0125,False,,15.0,1.9046406487037546
spatial_shift_js_0.1,spatial_shift,0.1,0.05,7,38,0.9375,0.8125,True,4.25,4.25,1.6765855761902186
spatial_shift_js_0.1,spatial_shift,0.1,0.05,7,39,0.9125,0.4875,False,,15.0,1.9046406487037546
spatial_shift_js_0.1,spatial_shift,0.1,0.05,7,40,0.7625,0.5875,False,,15.0,1.9046406487037546
spatial_shift_js_0.1,spatial_shift,0.1,0.05,7,41,0.5875,0.8625,True,1.75,1.75,0.8855157697963735
spatial_shift_js_0.1,spatial_shift,0.1,0.05,7,42,0.7875,0.6875,True,4.0,4.0,1.5623289899249089
spatial_shift_js_0.1,spatial_shift,0.1,0.05,7,43,0.6875,0.8375,True,1.5,1.5,0.8242299906709837
spatial_shift_js_0.1,spatial_shift,0.1,0.05,7,44,0.7625,0.7375,True,3.85,3.85,1.5100387024355058
spatial_shift_js_0.1,spatial_shift,0.1,0.05,7,45,0.6375,0.7875,True,1.4000000000000001,1.4000000000000001,0.7792628806898197
spatial_shift_js_0.1,spatial_shift,0.1,0.05,7,46,0.8625,0.3625,False,,15.0,1.9046406487037546
spatial_shift_js_0.1,spatial_shift,0.1,0.05,7,47,0.5375,0.7125,True,1.3,1.3,0.7208312162900817
spatial_shift_js_0.1,spatial_shift,0.1,0.05,7,48,0.7625,0.6875,True,3.95,3.95,1.5427511706162587
spatial_shift_js_0.1,spatial_shift,0.1,0.05,7,49,0.9375,0.8375,True,4.25,4.25,1.6765855761902186
spatial_shift_js_0.1,spatial_shift,0.1,0.05,7,50,0.6875,0.6375,True,1.1,1.1,0.5924656640720984
spatial_shift_js_0.1,spatial_shift,0.1,0.05,7,51,0.9375,0.7125,True,4.25,4.25,1.6765855761902186
spatial_shift_js_0.1,spatial_shift,0.1,0.05,7,52,0.0875,0.2625,False,,15.0,1.9046406487037546
spatial_shift_js_0.1,spatial_shift,0.1,0.05,7,53,0.8375,0.6375,False,,15.0,1.9046406487037546
spatial_shift_js_0.1,spatial_shift,0.1,0.05,7,54,0.7875,0.6125,False,,15.0,1.9046406487037546
spatial_shift_js_0.1,spatial_shift,0.1,0.05,7,55,0.8125,0.4875,False,,15.0,1.9046406487037546
spatial_shift_js_0.1,spatial_shift,0.1,0.05,7,56,0.7875,0.8125,True,3.85,3.85,1.5100387024355058
spatial_shift_js_0.1,spatial_shift,0.1,0.05,7,57,0.7875,0.6375,False,,15.0,1.9046406487037546
spatial_shift_js_0.1,spatial_shift,0.1,0.05,7,58,0.5625,0.9625,False,,15.0,1.9046406487037546
spatial_shift_js_0.1,spatial_shift,0.1,0.05,7,59,0.8625,0.7125,True,4.15,4.15,1.6256272546765786
spatial_shift_js_0.1,spatial_shift,0.1,0.05,7,60,0.4125,0.7375,True,2.0500000000000003,2.0500000000000003,0.9769951107755978
spatial_shift_js_0.1,spatial_shift,0.1,0.05,7,61,0.7625,0.7375,True,3.85,3.85,1.5100387024355058
spatial_shift_js_0.1,spatial_shift,0.1,0.05,7,62,0.5875,0.7625,True,1.35,1.35,0.7514380561170682
spatial_shift_js_0.1,spatial_shift,0.1,0.05,7,63,0.8125,0.4875,False,,15.0,1.9046406487037546
spatial_shift_js_0.1,spatial_shift,0.1,0.05,11,0,0.6875,0.4625,False,,15.0,1.9046406487037546
spatial_shift_js_0.1,spatial_shift,0.1,0.05,11,1,0.7375,0.6875,True,1.2000000000000002,1.2000000000000002,0.6570281247556037
spatial_shift_js_0.1,spatial_shift,0.1,0.05,11,2,0.9875,0.7125,True,6.800000000000001,6.800000000000001,1.9046406487037546
spatial_shift_js_0.1,spatial_shift,0.1,0.05,11,3,0.9125,0.1125,False,,15.0,1.9046406487037546
spatial_shift_js_0.1,spatial_shift,0.1,0.05,11,4,0.7625,0.4875,False,,15.0,1.9046406487037546
spatial_shift_js_0.1,spatial_shift,0.1,0.05,11,5,0.8125,0.8875,True,3.9000000000000004,3.9000000000000004,1.5260578473229032
spatial_shift_js_0.1,spatial_shift,0.1,0.05,11,6,0.8875,0.2875,False,,15.0,1.9046406487037546
spatial_shift_js_0.1,spatial_shift,0.1,0.05,11,7,0.7125,0.4625,False,,15.0,1.9046406487037546
spatial_shift_js_0.1,spatial_shift,0.1,0.05,11,8,0.7625,0.9125,True,3.75,3.75,1.4747579369472101
spatial_shift_js_0.1,spatial_shift,0.1,0.05,11,9,0.6625,0.7375,True,1.3,1.3,0.7208312162900817
spatial_shift_js_0.1,spatial_shift,0.1,0.05,11,10,0.7125,0.6375,True,1.1500000000000001,1.1500000000000001,0.6247619826868306
spatial_shift_js_0.1,spatial_shift,0.1,0.05,11,11,0.7875,0.6875,True,4.0,4.0,1.5623289899249089
spatial_shift_js_0.1,spatial_shift,0.1,0.05,11,12,0.9125,0.7375,True,4.2,4.2,1.6504365415025177
spatial_shift_js_0.1,spatial_shift,0.1,0.05,11,13,0.8125,0.5875,False,,15.0,1.9046406487037546
spatial_shift_js_0.1,spatial_shift,0.1,0.05,11,14,0.9875,0.4625,False,,15.0,1.9046406487037546
spatial_shift_js_0.1,spatial_shift,0.1,0.05,11,15,0.5125,0.8125,True,1.85,1.85,0.9053051192307286
spatial_shift_js_0.1,spatial_shift,0.1,0.05,11,16,0.4125,0.7625,True,2.0500000000000003,2.0500000000000003,0.9769951107755978
spatial_shift_js_0.1,spatial_shift,0.1,0.05,11,17,0.7875,0.6875,True,4.0,4.0,1.5623289899249089
spatial_shift_js_0.1,spatial_shift,0.1,0.05,11,18,0.7875,0.8125,True,3.85,3.85,1.5100387024355058
spatial_shift_js_0.1,spatial_shift,0.1,0.05,11,19,0.6125,0.7125,True,1.25,1.25,0.6892398758957033
spatial_shift_js_0.1,spatial_shift,0.1,0.05,11,20,0.6625,0.9625,True,5.3500000000000005,5.3500000000000005,1.9046406487037546
spatial_shift_js_0.1,spatial_shift,0.1,0.05,11,21,0.8875,0.5375,False,,15.0,1.9046406487037546
spatial_shift_js_0.1,spatial_shift,0.1,0.05,11,22,0.6625,0.7125,True,1.25,1.25,0.6892398758957033
spatial_shift_js_0.1,spatial_shift,0.1,0.05,11,23,0.6375,0.6875,True,1.2000000000000002,1.2000000000000002,0.6570281247556037
spatial_shift_js_0.1,spatial_shift,0.1,0.05,11,24,0.6125,0.6375,True,1.1,1.1,0.5924656640720984
spatial_shift_js_0.1,spatial_shift,0.1,0.05,11,25,0.8625,0.7125,True,4.15,4.15,1.6256272546765786
spatial_shift_js_0.1,spatial_shift,0.1,0.05,11,26,0.8375,0.5625,False,,15.0,1.9046406487037546
spatial_shift_js_0.1,spatial_shift,0.1,0.05,11,27,0.6875,0.8125,True,1.4500000000000002,1.4500000000000002,0.8031871038318837
spatial_shift_js_0.1,spatial_shift,0.1,0.05,11,28,0.8625,0.8375,True,4.05,4.05,1.582269757827949
spatial_shift_js_0.1,spatial_shift,0.1,0.05,11,29,0.6875,0.4625,False,,15.0,1.9046406487037546
spatial_shift_js_0.1,spatial_shift,0.1,0.05,11,30,0.9875,0.6625,False,,15.0,1.9046406487037546
spatial_shift_js_0.1,spatial_shift,0.1,0.05,11,31,0.8375,0.5875,False,,15.0,1.9046406487037546
spatial_shift_js_0.1,spatial_shift,0.1,0.05,11,32,0.7875,0.3375,False,,15.0,1.9046406487037546
spatial_shift_js_0.1,spatial_shift,0.1,0.05,11,33,0.7875,0.8625,True,3.8000000000000003,3.8000000000000003,1.4925390195207306
spatial_shift_js_0.1,spatial_shift,0.1,0.05,11,34,0.7125,0.6625,True,1.1500000000000001,1.1500000000000001,0.6247619826868306
spatial_shift_js_0.1,spatial_shift,0.1,0.05,11,35,0.7625,0.4875,False,,15.0,1.9046406487037546
spatial_shift_js_0.1,spatial_shift,0.1,0.05,11,36,0.5375,0.7625,True,1.5,1.5,0.8242299906709837
spatial_shift_js_0.1,spatial_shift,0.1,0.05,11,37,0.8625,0.5375,False,,15.0,1.9046406487037546
spatial_shift_js_0.1,spatial_shift,0.1,0.05,11,38,0.8625,0.8625,True,4.1000000000000005,4.1000000000000005,1.603503495510638
spatial_shift_js_0.1,spatial_shift,0.1,0.05,11,39,0.6875,0.5625,True,1.05,1.05,0.5591265191326062
spatial_shift_js_0.1,spatial_shift,0.1,0.05,11,40,0.6375,0.1375,False,,15.0,1.9046406487037546
spatial_shift_js_0.1,spatial_shift,0.1,0.05,11,41,0.8375,0.5375,False,,15.0,1.9046406487037546
spatial_shift_js_0.1,spatial_shift,0.1,0.05,11,42,0.4875,0.6375,True,1.3,1.3,0.7208312162900817
spatial_shift_js_0.1,spatial_shift,0.1,0.05,11,43,0.2375,0.6875,False,,15.0,1.9046406487037546
spatial_shift_js_0.1,spatial_shift,0.1,0.05,11,44,0.9375,0.8625,True,4.25,4.25,1.6765855761902186
spatial_shift_js_0.1,spatial_shift,0.1,0.05,11,45,0.7375,0.7625,True,1.35,1.35,0.7514380561170682
spatial_shift_js_0.1,spatial_shift,0.1,0.05,11,46,0.9625,0.6125,False,,15.0,1.9046406487037546
spatial_shift_js_0.1,spatial_shift,0.1,0.05,11,47,0.8875,0.0625,False,,15.0,1.9046406487037546
spatial_shift_js_0.1,spatial_shift,0.1,0.05,11,48,0.6625,0.5125,True,1.2000000000000002,1.2000000000000002,0.6570281247556037
spatial_shift_js_0.1,spatial_shift,0.1,0.05,11,49,0.7625,0.9875,True,3.85,3.85,1.5100387024355058
spatial_shift_js_0.1,spatial_shift,0.1,0.05,11,50,0.8875,0.6625,True,6.5,6.5,1.9046406487037546
spatial_shift_js_0.1,spatial_shift,0.1,0.05,11,51,0.6875,0.7625,True,1.35,1.35,0.7514380561170682
spatial_shift_js_0.1,spatial_shift,0.1,0.05,11,52,0.3125,0.2375,True,0.15000000000000002,0.15000000000000002,0.007173074764195596
spatial_shift_js_0.1,spatial_shift,0.1,0.05,11,53,0.8125,0.1375,False,,15.0,1.9046406487037546
spatial_shift_js_0.1,spatial_shift,0.1,0.05,11,54,0.6625,0.8375,True,1.5,1.5,0.8242299906709837
spatial_shift_js_0.1,spatial_shift,0.1,0.05,11,55,0.8375,0.7125,True,4.05,4.05,1.582269757827949
spatial_shift_js_0.1,spatial_shift,0.1,0.05,11,56,0.7125,0.6125,True,1.1,1.1,0.5924656640720984
spatial_shift_js_0.1,spatial_shift,0.1,0.05,11,57,0.7625,0.6125,False,,15.0,1.9046406487037546
spatial_shift_js_0.1,spatial_shift,0.1,0.05,11,58,0.6625,0.3625,False,,15.0,1.9046406487037546
spatial_shift_js_0.1,spatial_shift,0.1,0.05,11,59,0.8375,0.5125,False,,15.0,1.9046406487037546
spatial_shift_js_0.1,spatial_shift,0.1,0.05,11,60,0.1875,0.1125,True,0.0,0.0,0.0
spatial_shift_js_0.1,spatial_shift,0.1,0.05,11,61,0.5875,0.8375,True,1.6500000000000001,1.6500000000000001,0.867977191922524
spatial_shift_js_0.1,spatial_shift,0.1,0.05,11,62,0.9625,0.6625,True,6.7,6.7,1.9046406487037546
spatial_shift_js_0.1,spatial_shift,0.1,0.05,11,63,0.6625,0.4625,False,,15.0,1.9046406487037546
spatial_shift_js_0.15,spatial_shift,0.15,0.05,7,0,0.6875,0.7375,True,1.3,1.3,0.6877140041936137
spatial_shift_js_0.15,spatial_shift,0.15,0.05,7,1,0.8125,0.8625,True,4.2,4.2,1.748068998535422
spatial_shift_js_0.15,spatial_shift,0.15,0.05,7,2,0.8625,0.7875,True,4.2,4.2,1.748068998535422
spatial_shift_js_0.15,spatial_shift,0.15,0.05,7,3,0.7625,0.5625,True,4.0,4.0,1.665812398658324
spatial_shift_js_0.15,spatial_shift,0.15,0.05,7,4,0.6375,0.6125,True,1.1,1.1,0.569916109341899
spatial_shift_js_0.15,spatial_shift,0.15,0.05,7,5,0.0375,0.8625,False,,15.0,2.0782140808519336
spatial_shift_js_0.15,spatial_shift,0.15,0.05,7,6,0.8875,0.0125,False,,15.0,2.0782140808519336
spatial_shift_js_0.15,spatial_shift,0.15,0.05,7,7,0.8375,0.8125,True,4.15,4.15,1.7243510604365826
spatial_shift_js_0.15,spatial_shift,0.15,0.05,7,8,0.6375,0.8125,True,1.4500000000000002,1.4500000000000002,0.7770286680955434
spatial_shift_js_0.15,spatial_shift,0.15,0.05,7,9,0.0625,0.6875,False,,15.0,2.0782140808519336
spatial_shift_js_0.15,spatial_shift,0.15,0.05,7,10,0.6625,0.6125,True,1.1,1.1,0.569916109341899
spatial_shift_js_0.15,spatial_shift,0.15,0.05,7,11,0.8625,0.5875,False,,15.0,2.0782140808519336
spatial_shift_js_0.15,spatial_shift,0.15,0.05,7,12,0.6625,0.5875,True,1.1,1.1,0.569916109341899
spatial_shift_js_0.15,spatial_shift,0.15,0.05,7,13,0.7875,0.6625,True,3.95,3.95,1.6523528141715913
spatial_shift_js_0.15,spatial_shift,0.15,0.05,7,14,0.7625,0.6875,True,3.8000000000000003,3.8000000000000003,1.6168618555738783
spatial_shift_js_0.15,spatial_shift,0.15,0.05,7,15,0.6625,0.7125,True,1.25,1.25,0.6579361666366672
spatial_shift_js_0.15,spatial_shift,0.15,0.05,7,16,0.7375,0.9875,True,5.2,5.2,2.0782140808519336
spatial_shift_js_0.15,spatial_shift,0.15,0.05,7,17,0.6125,0.8125,True,1.4500000000000002,1.4500000000000002,0.7770286680955434
spatial_shift_js_0.15,spatial_shift,0.15,0.05,7,18,0.6625,0.7375,True,1.3,1.3,0.6877140041936137
spatial_shift_js_0.15,spatial_shift,0.15,0.05,7,19,0.0375,0.9875,False,,15.0,2.0782140808519336
spatial_shift_js_0.15,spatial_shift,0.15,0.05,7,20,0.6625,0.5625,True,1.1,1.1,0.569916109341899
spatial_shift_js_0.15,spatial_shift,0.15,0.05,7,21,0.6625,0.5125,True,3.85,3.85,1.6279779113054214
spatial_shift_js_0.15,spatial_shift,0.15,0.05,7,22,0.5875,0.7375,True,1.3,1.3,0.6877140041936137
spatial_shift_js_0.15,spatial_shift,0.15,0.05,7,23,0.5125,0.1875,False,,15.0,2.0782140808519336
spatial_shift_js_0.15,spatial_shift,0.15,0.05,7,24,0.0875,0.1625,False,,15.0,2.0782140808519336
spatial_shift_js_0.15,spatial_shift,0.15,0.05,7,25,0.8125,0.6875,True,4.05,4.05,1.6832543637103274
spatial_shift_js_0.15,spatial_shift,0.15,0.05,7,26,0.9625,0.6625,True,6.7,6.7,2.0782140808519336
spatial_shift_js_0.15,spatial_shift,0.15,0.05,7,27,0.6625,0.8875,True,5.550000000000001,5.550000000000001,2.0782140808519336
spatial_shift_js_0.15,spatial_shift,0.15,0.05,7,28,0.7125,0.7375,True,3.6,3.6,1.6053222474016162
spatial_shift_js_0.15,spatial_shift,0.15,0.05,7,29,0.8125,0.6875,True,4.05,4.05,1.6832543637103274
spatial_shift_js_0.15,spatial_shift,0.15,0.05,7,30,0.7125,0.6875,True,1.25,1.25,0.6579361666366672
spatial_shift_js_0.15,spatial_shift,0.15,0.05,7,31,0.5875,0.5875,True,1.1,1.1,0.569916109341899
spatial_shift_js_0.15,spatial_shift,0.15,0.05,7,32,0.0125,0.0625,False,,15.0,2.0782140808519336
spatial_shift_js_0.15,spatial_shift,0.15,0.05,7,33,0.7375,0.5375,True,3.95,3.95,1.6523528141715913
spatial_shift_js_0.15,spatial_shift,0.15,0.05,7,34,0.7125,0.7625,True,3.6500000000000004,3.6500000000000004,1.6066273993370344
spatial_shift_js_0.15,spatial_shift,0.15,0.05,7,35,0.8375,0.5375,False,,15.0,2.0782140808519336
spatial_shift_js_0.15,spatial_shift,0.15,0.05,7,36,0.7125,0.6375,True,1.1500000000000001,1.1500000000000001,0.5990593809778669
spatial_shift_js_0.15,spatial_shift,0.15,0.05,7,37,0.6375,0.0125,False,,15.0,2.0782140808519336
spatial_shift_js_0.15,spatial_shift,0.15,0.05,7,38,0.9375,0.8125,True,4.3500000000000005,4.3500000000000005,1.8413162424816185
spatial_shift_js_0.15,spatial_shift,0.15,0.05,7,39,0.9125,0.4875,False,,15.0,2.0782140808519336
spatial_shift_js_0.15,spatial_shift,0.15,0.05,7,40,0.7625,0.5875,True,3.95,3.95,1.6523528141715913
spatial_shift_js_0.15,spatial_shift,0.15,0.05,7,41,0.5875,0.8625,True,1.6,1.6,0.8426093778151933
spatial_shift_js_0.15,spatial_shift,0.15,0.05,7,42,0.7875,0.6875,True,3.95,3.95,1.6523528141715913
spatial_shift_js_0.15,spatial_shift,0.15,0.05,7,43,0.6875,0.8375,True,5.7,5.7,2.0782140808519336
spatial_shift_js_0.15,spatial_shift,0.15,0.05,7,44,0.7625,0.7375,True,3.75,3.75,1.6122258053437843
spatial_shift_js_0.15,spatial_shift,0.15,0.05,7,45,0.6375,0.7875,True,1.4000000000000001,1.4000000000000001,0.7513123934505519
spatial_shift_js_0.15,spatial_shift,0.15,0.05,7,46,0.8625,0.3625,False,,15.0,2.0782140808519336
spatial_shift_js_0.15,spatial_shift,0.15,0.05,7,47,0.5375,0.7125,True,1.3,1.3,0.6877140041936137
spatial_shift_js_0.15,spatial_shift,0.15,0.05,7,48,0.7625,0.6875,True,3.8000000000000003,3.8000000000000003,1.6168618555738783
spatial_shift_js_0.15,spatial_shift,0.15,0.05,7,49,0.9375,0.8375,True,4.3500000000000005,4.3500000000000005,1.8413162424816185
spatial_shift_js_0.15,spatial_shift,0.15,0.05,7,50,0.6875,0.6375,True,1.1500000000000001,1.1500000000000001,0.5990593809778669
spatial_shift_js_0.15,spatial_shift,0.15,0.05,7,51,0.9375,0.7125,True,4.3,4.3,1.8074195778066295
spatial_shift_js_0.15,spatial_shift,0.15,0.05,7,52,0.0875,0.2625,False,,15.0,2.0782140808519336
spatial_shift_js_0.15,spatial_shift,0.15,0.05,7,53,0.8375,0.6375,True,4.15,4.15,1.7243510604365826
spatial_shift_js_0.15,spatial_shift,0.15,0.05,7,54,0.7875,0.6125,True,4.0,4.0,1.665812398658324
spatial_shift_js_0.15,spatial_shift,0.15,0.05,7,55,0.8125,0.4875,False,,15.0,2.0782140808519336
spatial_shift_js_0.15,spatial_shift,0.15,0.05,7,56,0.7875,0.8125,True,4.05,4.05,1.6832543637103274
spatial_shift_js_0.15,spatial_shift,0.15,0.05,7,57,0.7875,0.6375,True,3.95,3.95,1.6523528141715913
spatial_shift_js_0.15,spatial_shift,0.15,0.05,7,58,0.5625,0.9625,False,,15.0,2.0782140808519336
spatial_shift_js_0.15,spatial_shift,0.15,0.05,7,59,0.8625,0.7125,True,4.15,4.15,1.7243510604365826
spatial_shift_js_0.15,spatial_shift,0.15,0.05,7,60,0.4125,0.7375,True,1.8,1.8,0.9493682381390831
spatial_shift_js_0.15,spatial_shift,0.15,0.05,7,61,0.7625,0.7375,True,3.75,3.75,1.6122258053437843
spatial_shift_js_0.15,spatial_shift,0.15,0.05,7,62,0.5875,0.7625,True,1.35,1.35,0.7196031175585991
spatial_shift_js_0.15,spatial_shift,0.15,0.05,7,63,0.8125,0.4875,False,,15.0,2.0782140808519336
spatial_shift_js_0.15,spatial_shift,0.15,0.05,11,0,0.6875,0.4625,False,,15.0,2.0782140808519336
spatial_shift_js_0.15,spatial_shift,0.15,0.05,11,1,0.7375,0.6875,True,3.5,3.5,1.5928995741557348
spatial_shift_js_0.15,spatial_shift,0.15,0.05,11,2,0.9875,0.7125,True,6.800000000000001,6.800000000000001,2.0782140808519336
spatial_shift_js_0.15,spatial_shift,0.15,0.05,11,3,0.9125,0.1125,False,,15.0,2.0782140808519336
spatial_shift_js_0.15,spatial_shift,0.15,0.05,11,4,0.7625,0.4875,False,,15.0,2.0782140808519336
spatial_shift_js_0.15,spatial_shift,0.15,0.05,11,5,0.8125,0.8875,True,4.25,4.25,1.777546573687189
spatial_shift_js_0.15,spatial_shift,0.15,0.05,11,6,0.8875,0.2875,False,,15.0,2.0782140808519336
spatial_shift_js_0.15,spatial_shift,0.15,0.05,11,7,0.7125,0.4625,False,,15.0,2.0782140808519336
spatial_shift_js_0.15,spatial_shift,0.15,0.05,11,8,0.7625,0.9125,True,4.2,4.2,1.748068998535422
spatial_shift_js_0.15,spatial_shift,0.15,0.05,11,9,0.6625,0.7375,True,1.3,1.3,0.6877140041936137
spatial_shift_js_0.15,spatial_shift,0.15,0.05,11,10,0.7125,0.6375,True,1.1500000000000001,1.1500000000000001,0.5990593809778669
spatial_shift_js_0.15,spatial_shift,0.15,0.05,11,11,0.7875,0.6875,True,3.95,3.95,1.6523528141715913
spatial_shift_js_0.15,spatial_shift,0.15,0.05,11,12,0.9125,0.7375,True,4.25,4.25,1.777546573687189
spatial_shift_js_0.15,spatial_shift,0.15,0.05,11,13,0.8125,0.5875,True,4.1000000000000005,4.1000000000000005,1.7011847317339632
spatial_shift_js_0.15,spatial_shift,0.15,0.05,11,14,0.9875,0.4625,False,,15.0,2.0782140808519336
spatial_shift_js_0.15,spatial_shift,0.15,0.05,11,15,0.5125,0.8125,True,1.6,1.6,0.8426093778151933
spatial_shift_js_0.15,spatial_shift,0.15,0.05,11,16,0.4125,0.7625,True,1.8,1.8,0.9493682381390831
spatial_shift_js_0.15,spatial_shift,0.15,0.05,11,17,0.7875,0.6875,True,3.95,3.95,1.6523528141715913
spatial_shift_js_0.15,spatial_shift,0.15,0.05,11,18,0.7875,0.8125,True,4.05,4.05,1.6832543637103274
spatial_shift_js_0.15,spatial_shift,0.15,0.05,11,19,0.6125,0.7125,True,1.25,1.25,0.6579361666366672
spatial_shift_js_0.15,spatial_shift,0.15,0.05,11,20,0.6625,0.9625,True,5.3500000000000005,5.3500000000000005,2.0782140808519336
spatial_shift_js_0.15,spatial_shift,0.15,0.05,11,21,0.8875,0.5375,False,,15.0,2.0782140808519336
spatial_shift_js_0.15,spatial_shift,0.15,0.05,11,22,0.6625,0.7125,True,1.25,1.25,0.6579361666366672
spatial_shift_js_0.15,spatial_shift,0.15,0.05,11,23,0.6375,0.6875,True,1.2000000000000002,1.2000000000000002,0.6282170328819214
spatial_shift_js_0.15,spatial_shift,0.15,0.05,11,24,0.6125,0.6375,True,1.1,1.1,0.569916109341899
spatial_shift_js_0.15,spatial_shift,0.15,0.05,11,25,0.8625,0.7125,True,4.15,4.15,1.7243510604365826
spatial_shift_js_0.15,spatial_shift,0.15,0.05,11,26,0.8375,0.5625,False,,15.0,2.0782140808519336
spatial_shift_js_0.15,spatial_shift,0.15,0.05,11,27,0.6875,0.8125,True,1.4500000000000002,1.4500000000000002,0.7770286680955434
spatial_shift_js_0.15,spatial_shift,0.15,0.05,11,28,0.8625,0.8375,True,4.25,4.25,1.777546573687189
spatial_shift_js_0.15,spatial_shift,0.15,0.05,11,29,0.6875,0.4625,False,,15.0,2.0782140808519336
spatial_shift_js_0.15,spatial_shift,0.15,0.05,11,30,0.9875,0.6625,False,,15.0,2.0782140808519336
spatial_shift_js_0.15,spatial_shift,0.15,0.05,11,31,0.8375,0.5875,True,4.15,4.15,1.7243510604365826
spatial_shift_js_0.15,spatial_shift,0.15,0.05,11,32,0.7875,0.3375,False,,15.0,2.0782140808519336
spatial_shift_js_0.15,spatial_shift,0.15,0.05,11,33,0.7875,0.8625,True,4.15,4.15,1.7243510604365826
spatial_shift_js_0.15,spatial_shift,0.15,0.05,11,34,0.7125,0.6625,True,1.2000000000000002,1.2000000000000002,0.6282170328819214
spatial_shift_js_0.15,spatial_shift,0.15,0.05,11,35,0.7625,0.4875,False,,15.0,2.0782140808519336
spatial_shift_js_0.15,spatial_shift,0.15,0.05,11,36,0.5375,0.7625,True,1.4000000000000001,1.4000000000000001,0.7513123934505519
spatial_shift_js_0.15,spatial_shift,0.15,0.05,11,37,0.8625,0.5375,False,,15.0,2.0782140808519336
spatial_shift_js_0.15,spatial_shift,0.15,0.05,11,38,0.8625,0.8625,True,4.25,4.25,1.777546573687189
spatial_shift_js_0.15,spatial_shift,0.15,0.05,11,39,0.6875,0.5625,True,3.4000000000000004,3.4000000000000004,1.5683528513557747
spatial_shift_js_0.15,spatial_shift,0.15,0.05,11,40,0.6375,0.1375,False,,15.0,2.0782140808519336
spatial_shift_js_0.15,spatial_shift,0.15,0.05,11,41,0.8375,0.5375,False,,15.0,2.0782140808519336
spatial_shift_js_0.15,spatial_shift,0.15,0.05,11,42,0.4875,0.6375,True,1.35,1.35,0.7196031175585991
spatial_shift_js_0.15,spatial_shift,0.15,0.05,11,43,0.2375,0.6875,True,2.5500000000000003,2.5500000000000003,1.26941142881327
spatial_shift_js_0.15,spatial_shift,0.15,0.05,11,44,0.9375,0.8625,True,4.3500000000000005,4.3500000000000005,1.8413162424816185
spatial_shift_js_0.15,spatial_shift,0.15,0.05,11,45,0.7375,0.7625,True,3.6500000000000004,3.6500000000000004,1.6066273993370344
spatial_shift_js_0.15,spatial_shift,0.15,0.05,11,46,0.9625,0.6125,False,,15.0,2.0782140808519336
spatial_shift_js_0.15,spatial_shift,0.15,0.05,11,47,0.8875,0.0625,False,,15.0,2.0782140808519336
spatial_shift_js_0.15,spatial_shift,0.15,0.05,11,48,0.6625,0.5125,True,3.85,3.85,1.6279779113054214
spatial_shift_js_0.15,spatial_shift,0.15,0.05,11,49,0.7625,0.9875,True,5.15,5.15,2.0782140808519336
spatial_shift_js_0.15,spatial_shift,0.15,0.05,11,50,0.8875,0.6625,True,4.25,4.25,1.777546573687189
spatial_shift_js_0.15,spatial_shift,0.15,0.05,11,51,0.6875,0.7625,True,1.35,1.35,0.7196031175585991
spatial_shift_js_0.15,spatial_shift,0.15,0.05,11,52,0.3125,0.2375,True,0.15000000000000002,0.15000000000000002,0.007078409865179638
spatial_shift_js_0.15,spatial_shift,0.15,0.05,11,53,0.8125,0.1375,False,,15.0,2.0782140808519336
spatial_shift_js_0.15,spatial_shift,0.15,0.05,11,54,0.6625,0.8375,True,1.5,1.5,0.8025652736507886
spatial_shift_js_0.15,spatial_shift,0.15,0.05,11,55,0.8375,0.7125,True,4.1000000000000005,4.1000000000000005,1.7011847317339632
spatial_shift_js_0.15,spatial_shift,0.15,0.05,11,56,0.7125,0.6125,True,3.4000000000000004,3.4000000000000004,1.5683528513557747
spatial_shift_js_0.15,spatial_shift,0.15,0.05,11,57,0.7625,0.6125,True,3.9000000000000004,3.9000000000000004,1.6392548175774349
spatial_shift_js_0.15,spatial_shift,0.15,0.05,11,58,0.6625,0.3625,False,,15.0,2.0782140808519336
spatial_shift_js_0.15,spatial_shift,0.15,0.05,11,59,0.8375,0.5125,False,,15.0,2.0782140808519336
spatial_shift_js_0.15,spatial_shift,0.15,0.05,11,60,0.1875,0.1125,True,0.0,0.0,0.0
spatial_shift_js_0.15,spatial_shift,0.15,0.05,11,61,0.5875,0.8375,True,1.5,1.5,0.8025652736507886
spatial_shift_js_0.15,spatial_shift,0.15,0.05,11,62,0.9625,0.6625,True,6.7,6.7,2.0782140808519336
spatial_shift_js_0.15,spatial_shift,0.15,0.05,11,63,0.6625,0.4625,False,,15.0,2.0782140808519336
diffuse_blur_js_0.05,diffuse_blur,0.05,0.05,7,0,0.6875,0.7375,True,2.0500000000000003,2.0500000000000003,1.1066222510850408
diffuse_blur_js_0.05,diffuse_blur,0.05,0.05,7,1,0.8125,0.8625,True,3.85,3.85,1.8180844756060217
diffuse_blur_js_0.05,diffuse_blur,0.05,0.05,7,2,0.8625,0.7875,True,4.0,4.0,1.8938557121541038
diffuse_blur_js_0.05,diffuse_blur,0.05,0.05,7,3,0.7625,0.5625,True,1.1500000000000001,1.1500000000000001,0.6692243038719647
diffuse_blur_js_0.05,diffuse_blur,0.05,0.05,7,4,0.6375,0.6125,True,1.05,1.05,0.5917243923545108
diffuse_blur_js_0.05,diffuse_blur,0.05,0.05,7,5,0.0375,0.8625,False,,15.0,2.173942497741026
diffuse_blur_js_0.05,diffuse_blur,0.05,0.05,7,6,0.8875,0.0125,False,,15.0,2.173942497741026
diffuse_blur_js_0.05,diffuse_blur,0.05,0.05,7,7,0.8375,0.8125,True,3.95,3.95,1.865862954066145
diffuse_blur_js_0.05,diffuse_blur,0.05,0.05,7,8,0.6375,0.8125,True,3.45,3.45,1.685351004875876
diffuse_blur_js_0.05,diffuse_blur,0.05,0.05,7,9,0.0625,0.6875,False,,15.0,2.173942497741026
diffuse_blur_js_0.05,diffuse_blur,0.05,0.05,7,10,0.6625,0.6125,True,1.05,1.05,0.5917243923545108
diffuse_blur_js_0.05,diffuse_blur,0.05,0.05,7,11,0.8625,0.5875,True,1.55,1.55,0.8854420897617045
diffuse_blur_js_0.05,diffuse_blur,0.05,0.05,7,12,0.6625,0.5875,True,1.0,1.0,0.5491529963312617
diffuse_blur_js_0.05,diffuse_blur,0.05,0.05,7,13,0.7875,0.6625,True,1.55,1.55,0.8854420897617045
diffuse_blur_js_0.05,diffuse_blur,0.05,0.05,7,14,0.7625,0.6875,True,1.75,1.75,0.9710724492288019
diffuse_blur_js_0.05,diffuse_blur,0.05,0.05,7,15,0.6625,0.7125,True,2.1,2.1,1.1240340756096485
diffuse_blur_js_0.05,diffuse_blur,0.05,0.05,7,16,0.7375,0.9875,True,3.8000000000000003,3.8000000000000003,1.7980617339947118
diffuse_blur_js_0.05,diffuse_blur,0.05,0.05,7,17,0.6125,0.8125,True,3.45,3.45,1.685351004875876
diffuse_blur_js_0.05,diffuse_blur,0.05,0.05,7,18,0.6625,0.7375,True,2.15,2.15,1.1411435367406317
diffuse_blur_js_0.05,diffuse_blur,0.05,0.05,7,19,0.0375,0.9875,False,,15.0,2.173942497741026
diffuse_blur_js_0.05,diffuse_blur,0.05,0.05,7,20,0.6625,0.5625,True,1.0,1.0,0.5491529963312617
diffuse_blur_js_0.05,diffuse_blur,0.05,0.05,7,21,0.6625,0.5125,True,1.0,1.0,0.5491529963312617
diffuse_blur_js_0.05,diffuse_blur,0.05,0.05,7,22,0.5875,0.7375,True,2.35,2.35,1.2200977105421815
diffuse_blur_js_0.05,diffuse_blur,0.05,0.05,7,23,0.5125,0.1875,False,,15.0,2.173942497741026
diffuse_blur_js_0.05,diffuse_blur,0.05,0.05,7,24,0.0875,0.1625,False,,15.0,2.173942497741026
diffuse_blur_js_0.05,diffuse_blur,0.05,0.05,7,25,0.8125,0.6875,True,1.6500000000000001,1.6500000000000001,0.9267217004533671
diffuse_blur_js_0.05,diffuse_blur,0.05,0.05,7,26,0.9625,0.6625,True,6.7,6.7,2.173942497741026
diffuse_blur_js_0.05,diffuse_blur,0.05,0.05,7,27,0.6625,0.8875,True,3.6,3.6,1.7348149262207457
diffuse_blur_js_0.05,diffuse_blur,0.05,0.05,7,28,0.7125,0.7375,True,2.0,2.0,1.087886994528783
diffuse_blur_js_0.05,diffuse_blur,0.05,0.05,7,29,0.8125,0.6875,True,1.6500000000000001,1.6500000000000001,0.9267217004533671
diffuse_blur_js_0.05,diffuse_blur,0.05,0.05,7,30,0.7125,0.6875,True,1.9000000000000001,1.9000000000000001,1.045798389231223
diffuse_blur_js_0.05,diffuse_blur,0.05,0.05,7,31,0.5875,0.5875,True,1.05,1.05,0.5917243923545108
diffuse_blur_js_0.05,diffuse_blur,0.05,0.05,7,32,0.0125,0.0625,False,,15.0,2.173942497741026
diffuse_blur_js_0.05,diffuse_blur,0.05,0.05,7,33,0.7375,0.5375,True,1.1500000000000001,1.1500000000000001,0.6692243038719647
diffuse_blur_js_0.05,diffuse_blur,0.05,0.05,7,34,0.7125,0.7625,True,2.0500000000000003,2.0500000000000003,1.1066222510850408
diffuse_blur_js_0.05,diffuse_blur,0.05,0.05,7,35,0.8375,0.5375,True,1.4000000000000001,1.4000000000000001,0.8192399994122334
diffuse_blur_js_0.05,diffuse_blur,0.05,0.05,7,36,0.7125,0.6375,True,1.1,1.1,0.632011098353069
diffuse_blur_js_0.05,diffuse_blur,0.05,0.05,7,37,0.6375,0.0125,False,,15.0,2.173942497741026
diffuse_blur_js_0.05,diffuse_blur,0.05,0.05,7,38,0.9375,0.8125,True,4.15,4.15,1.9707521084053519
diffuse_blur_js_0.05,diffuse_blur,0.05,0.05,7,39,0.9125,0.4875,False,,15.0,2.173942497741026
diffuse_blur_js_0.05,diffuse_blur,0.05,0.05,7,40,0.7625,0.5875,True,1.1,1.1,0.632011098353069
diffuse_blur_js_0.05,diffuse_blur,0.05,0.05,7,41,0.5875,0.8625,True,3.5500000000000003,3.5500000000000003,1.719954664962086
diffuse_blur_js_0.05,diffuse_blur,0.05,0.05,7,42,0.7875,0.6875,True,1.7000000000000002,1.7000000000000002,0.9485689379405693
diffuse_blur_js_0.05,diffuse_blur,0.05,0.05,7,43,0.6875,0.8375,True,3.5,3.5,1.7032546011770193
diffuse_blur_js_0.05,diffuse_blur,0.05,0.05,7,44,0.7625,0.7375,True,1.85,1.85,1.0223239050776642
diffuse_blur_js_0.05,diffuse_blur,0.05,0.05,7,45,0.6375,0.7875,True,3.45,3.45,1.685351004875876
diffuse_blur_js_0.05,diffuse_blur,0.05,0.05,7,46,0.8625,0.3625,False,,15.0,2.173942497741026
diffuse_blur_js_0.05,diffuse_blur,0.05,0.05,7,47,0.5375,0.7125,True,3.25,3.25,1.5926333247494713
diffuse_blur_js_0.05,diffuse_blur,0.05,0.05,7,48,0.7625,0.6875,True,1.75,1.75,0.9710724492288019
diffuse_blur_js_0.05,diffuse_blur,0.05,0.05,7,49,0.9375,0.8375,True,4.1000000000000005,4.1000000000000005,1.9478027676574974
diffuse_blur_js_0.05,diffuse_blur,0.05,0.05,7,50,0.6875,0.6375,True,1.1,1.1,0.632011098353069
diffuse_blur_js_0.05,diffuse_blur,0.05,0.05,7,51,0.9375,0.7125,True,6.65,6.65,2.173942497741026
diffuse_blur_js_0.05,diffuse_blur,0.05,0.05,7,52,0.0875,0.2625,False,,15.0,2.173942497741026
diffuse_blur_js_0.05,diffuse_blur,0.05,0.05,7,53,0.8375,0.6375,True,1.3,1.3,0.7666006667764297
diffuse_blur_js_0.05,diffuse_blur,0.05,0.05,7,54,0.7875,0.6125,True,1.1500000000000001,1.1500000000000001,0.6692243038719647
diffuse_blur_js_0.05,diffuse_blur,0.05,0.05,7,55,0.8125,0.4875,True,1.35,1.35,0.7940186414220121
diffuse_blur_js_0.05,diffuse_blur,0.05,0.05,7,56,0.7875,0.8125,True,3.85,3.85,1.8180844756060217
diffuse_blur_js_0.05,diffuse_blur,0.05,0.05,7,57,0.7875,0.6375,True,1.2000000000000002,1.2000000000000002,0.7042253228649766
diffuse_blur_js_0.05,diffuse_blur,0.05,0.05,7,58,0.5625,0.9625,False,,15.0,2.173942497741026
diffuse_blur_js_0.05,diffuse_blur,0.05,0.05,7,59,0.8625,0.7125,True,6.4,6.4,2.173942497741026
diffuse_blur_js_0.05,diffuse_blur,0.05,0.05,7,60,0.4125,0.7375,False,,15.0,2.173942497741026
diffuse_blur_js_0.05,diffuse_blur,0.05,0.05,7,61,0.7625,0.7375,True,1.85,1.85,1.0223239050776642
diffuse_blur_js_0.05,diffuse_blur,0.05,0.05,7,62,0.5875,0.7625,True,3.4000000000000004,3.4000000000000004,1.6643460105906018
diffuse_blur_js_0.05,diffuse_blur,0.05,0.05,7,63,0.8125,0.4875,True,1.35,1.35,0.7940186414220121
diffuse_blur_js_0.05,diffuse_blur,0.05,0.05,11,0,0.6875,0.4625,True,1.1500000000000001,1.1500000000000001,0.6692243038719647
diffuse_blur_js_0.05,diffuse_blur,0.05,0.05,11,1,0.7375,0.6875,True,1.8,1.8,0.9961422918162434
diffuse_blur_js_0.05,diffuse_blur,0.05,0.05,11,2,0.9875,0.7125,True,6.800000000000001,6.800000000000001,2.173942497741026
diffuse_blur_js_0.05,diffuse_blur,0.05,0.05,11,3,0.9125,0.1125,False,,15.0,2.173942497741026
diffuse_blur_js_0.05,diffuse_blur,0.05,0.05,11,4,0.7625,0.4875,True,1.25,1.25,0.7366827233003143
diffuse_blur_js_0.05,diffuse_blur,0.05,0.05,11,5,0.8125,0.8875,True,3.85,3.85,1.8180844756060217
diffuse_blur_js_0.05,diffuse_blur,0.05,0.05,11,6,0.8875,0.2875,False,,15.0,2.173942497741026
diffuse_blur_js_0.05,diffuse_blur,0.05,0.05,11,7,0.7125,0.4625,True,1.2000000000000002,1.2000000000000002,0.7042253228649766
diffuse_blur_js_0.05,diffuse_blur,0.05,0.05,11,8,0.7625,0.9125,True,3.7,3.7,1.7643634357323432
diffuse_blur_js_0.05,diffuse_blur,0.05,0.05,11,9,0.6625,0.7375,True,2.15,2.15,1.1411435367406317
diffuse_blur_js_0.05,diffuse_blur,0.05,0.05,11,10,0.7125,0.6375,True,1.1,1.1,0.632011098353069
diffuse_blur_js_0.05,diffuse_blur,0.05,0.05,11,11,0.7875,0.6875,True,1.7000000000000002,1.7000000000000002,0.9485689379405693
diffuse_blur_js_0.05,diffuse_blur,0.05,0.05,11,12,0.9125,0.7375,True,6.550000000000001,6.550000000000001,2.173942497741026
diffuse_blur_js_0.05,diffuse_blur,0.05,0.05,11,13,0.8125,0.5875,True,1.25,1.25,0.7366827233003143
diffuse_blur_js_0.05,diffuse_blur,0.05,0.05,11,14,0.9875,0.4625,False,,15.0,2.173942497741026
diffuse_blur_js_0.05,diffuse_blur,0.05,0.05,11,15,0.5125,0.8125,True,3.45,3.45,1.685351004875876
diffuse_blur_js_0.05,diffuse_blur,0.05,0.05,11,16,0.4125,0.7625,False,,15.0,2.173942497741026
diffuse_blur_js_0.05,diffuse_blur,0.05,0.05,11,17,0.7875,0.6875,True,1.7000000000000002,1.7000000000000002,0.9485689379405693
diffuse_blur_js_0.05,diffuse_blur,0.05,0.05,11,18,0.7875,0.8125,True,3.85,3.85,1.8180844756060217
diffuse_blur_js_0.05,diffuse_blur,0.05,0.05,11,19,0.6125,0.7125,True,2.25,2.25,1.1773513555113249
diffuse_blur_js_0.05,diffuse_blur,0.05,0.05,11,20,0.6625,0.9625,True,5.3500000000000005,5.3500000000000005,2.173942497741026
diffuse_blur_js_0.05,diffuse_blur,0.05,0.05,11,21,0.8875,0.5375,True,1.7000000000000002,1.7000000000000002,0.9485689379405693
diffuse_blur_js_0.05,diffuse_blur,0.05,0.05,11,22,0.6625,0.7125,True,2.1,2.1,1.1240340756096485
diffuse_blur_js_0.05,diffuse_blur,0.05,0.05,11,23,0.6375,0.6875,True,2.2,2.2,1.1591684307036527
diffuse_blur_js_0.05,diffuse_blur,0.05,0.05,11,24,0.6125,0.6375,True,1.05,1.05,0.5917243923545108
diffuse_blur_js_0.05,diffuse_blur,0.05,0.05,11,25,0.8625,0.7125,True,6.4,6.4,2.173942497741026
diffuse_blur_js_0.05,diffuse_blur,0.05,0.05,11,26,0.8375,0.5625,True,1.4000000000000001,1.4000000000000001,0.8192399994122334
diffuse_blur_js_0.05,diffuse_blur,0.05,0.05,11,27,0.6875,0.8125,True,3.5,3.5,1.7032546011770193
diffuse_blur_js_0.05,diffuse_blur,0.05,0.05,11,28,0.8625,0.8375,True,4.0,4.0,1.8938557121541038
diffuse_blur_js_0.05,diffuse_blur,0.05,0.05,11,29,0.6875,0.4625,True,1.1500000000000001,1.1500000000000001,0.6692243038719647
diffuse_blur_js_0.05,diffuse_blur,0.05,0.05,11,30,0.9875,0.6625,False,,15.0,2.173942497741026
diffuse_blur_js_0.05,diffuse_blur,0.05,0.05,11,31,0.8375,0.5875,True,1.4000000000000001,1.4000000000000001,0.8192399994122334
diffuse_blur_js_0.05,diffuse_blur,0.05,0.05,11,32,0.7875,0.3375,False,,15.0,2.173942497741026
diffuse_blur_js_0.05,diffuse_blur,0.05,0.05,11,33,0.7875,0.8625,True,3.8000000000000003,3.8000000000000003,1.7980617339947118
diffuse_blur_js_0.05,diffuse_blur,0.05,0.05,11,34,0.7125,0.6625,True,1.85,1.85,1.0223239050776642
diffuse_blur_js_0.05,diffuse_blur,0.05,0.05,11,35,0.7625,0.4875,True,1.25,1.25,0.7366827233003143
diffuse_blur_js_0.05,diffuse_blur,0.05,0.05,11,36,0.5375,0.7625,True,3.35,3.35,1.641621322941307
diffuse_blur_js_0.05,diffuse_blur,0.05,0.05,11,37,0.8625,0.5375,True,1.55,1.55,0.8854420897617045
diffuse_blur_js_0.05,diffuse_blur,0.05,0.05,11,38,0.8625,0.8625,True,3.95,3.95,1.865862954066145
diffuse_blur_js_0.05,diffuse_blur,0.05,0.05,11,39,0.6875,0.5625,True,1.0,1.0,0.5491529963312617
diffuse_blur_js_0.05,diffuse_blur,0.05,0.05,11,40,0.6375,0.1375,False,,15.0,2.173942497741026
diffuse_blur_js_0.05,diffuse_blur,0.05,0.05,11,41,0.8375,0.5375,True,1.4000000000000001,1.4000000000000001,0.8192399994122334
diffuse_blur_js_0.05,diffuse_blur,0.05,0.05,11,42,0.4875,0.6375,True,3.1500000000000004,3.1500000000000004,1.5471564314914594
diffuse_blur_js_0.05,diffuse_blur,0.05,0.05,11,43,0.2375,0.6875,False,,15.0,2.173942497741026
diffuse_blur_js_0.05,diffuse_blur,0.05,0.05,11,44,0.9375,0.8625,True,4.1000000000000005,4.1000000000000005,1.9478027676574974
diffuse_blur_js_0.05,diffuse_blur,0.05,0.05,11,45,0.7375,0.7625,True,1.9500000000000002,1.9500000000000002,1.0683043121466893
diffuse_blur_js_0.05,diffuse_blur,0.05,0.05,11,46,0.9625,0.6125,False,,15.0,2.173942497741026
diffuse_blur_js_0.05,diffuse_blur,0.05,0.05,11,47,0.8875,0.0625,False,,15.0,2.173942497741026
diffuse_blur_js_0.05,diffuse_blur,0.05,0.05,11,48,0.6625,0.5125,True,1.0,1.0,0.5491529963312617
diffuse_blur_js_0.05,diffuse_blur,0.05,0.05,11,49,0.7625,0.9875,True,3.75,3.75,1.7804580869233437
diffuse_blur_js_0.05,diffuse_blur,0.05,0.05,11,50,0.8875,0.6625,True,2.15,2.15,1.1411435367406317
diffuse_blur_js_0.05,diffuse_blur,0.05,0.05,11,51,0.6875,0.7625,True,2.1,2.1,1.1240340756096485
diffuse_blur_js_0.05,diffuse_blur,0.05,0.05,11,52,0.3125,0.2375,True,0.15000000000000002,0.15000000000000002,0.0072028030537956604
diffuse_blur_js_0.05,diffuse_blur,0.05,0.05,11,53,0.8125,0.1375,False,,15.0,2.173942497741026
diffuse_blur_js_0.05,diffuse_blur,0.05,0.05,11,54,0.6625,0.8375,True,3.5,3.5,1.7032546011770193
diffuse_blur_js_0.05,diffuse_blur,0.05,0.05,11,55,0.8375,0.7125,True,1.7000000000000002,1.7000000000000002,0.9485689379405693
diffuse_blur_js_0.05,diffuse_blur,0.05,0.05,11,56,0.7125,0.6125,True,1.05,1.05,0.5917243923545108
diffuse_blur_js_0.05,diffuse_blur,0.05,0.05,11,57,0.7625,0.6125,True,1.1,1.1,0.632011098353069
diffuse_blur_js_0.05,diffuse_blur,0.05,0.05,11,58,0.6625,0.3625,False,,15.0,2.173942497741026
diffuse_blur_js_0.05,diffuse_blur,0.05,0.05,11,59,0.8375,0.5125,True,1.4500000000000002,1.4500000000000002,0.8426102603589307
diffuse_blur_js_0.05,diffuse_blur,0.05,0.05,11,60,0.1875,0.1125,True,0.0,0.0,0.0
diffuse_blur_js_0.05,diffuse_blur,0.05,0.05,11,61,0.5875,0.8375,True,3.5,3.5,1.7032546011770193
diffuse_blur_js_0.05,diffuse_blur,0.05,0.05,11,62,0.9625,0.6625,True,6.7,6.7,2.173942497741026
diffuse_blur_js_0.05,diffuse_blur,0.05,0.05,11,63,0.6625,0.4625,True,1.1,1.1,0.632011098353069
diffuse_blur_js_0.1,diffuse_blur,0.1,0.05,7,0,0.6875,0.7375,True,3.5500000000000003,3.5500000000000003,1.7550092651693676
diffuse_blur_js_0.1,diffuse_blur,0.1,0.05,7,1,0.8125,0.8625,True,3.7,3.7,1.8274105180714784
diffuse_blur_js_0.1,diffuse_blur,0.1,0.05,7,2,0.8625,0.7875,True,3.8000000000000003,3.8000000000000003,1.8897039723544646
diffuse_blur_js_0.1,diffuse_blur,0.1,0.05,7,3,0.7625,0.5625,True,1.55,1.55,0.8236421991805061
diffuse_blur_js_0.1,diffuse_blur,0.1,0.05,7,4,0.6375,0.6125,True,1.9500000000000002,1.9500000000000002,1.0157216604906716
diffuse_blur_js_0.1,diffuse_blur,0.1,0.05,7,5,0.0375,0.8625,False,,15.0,2.1747429132874445
diffuse_blur_js_0.1,diffuse_blur,0.1,0.05,7,6,0.8875,0.0125,False,,15.0,2.1747429132874445
diffuse_blur_js_0.1,diffuse_blur,0.1,0.05,7,7,0.8375,0.8125,True,3.75,3.75,1.8559136107015928
diffuse_blur_js_0.1,diffuse_blur,0.1,0.05,7,8,0.6375,0.8125,True,3.35,3.35,1.686232904761597
diffuse_blur_js_0.1,diffuse_blur,0.1,0.05,7,9,0.0625,0.6875,False,,15.0,2.1747429132874445
diffuse_blur_js_0.1,diffuse_blur,0.1,0.05,7,10,0.6625,0.6125,True,1.9000000000000001,1.9000000000000001,0.9883136834917732
diffuse_blur_js_0.1,diffuse_blur,0.1,0.05,7,11,0.8625,0.5875,False,,15.0,2.1747429132874445
diffuse_blur_js_0.1,diffuse_blur,0.1,0.05,7,12,0.6625,0.5875,True,1.85,1.85,0.9589591030287997
diffuse_blur_js_0.1,diffuse_blur,0.1,0.05,7,13,0.7875,0.6625,False,,15.0,2.1747429132874445
diffuse_blur_js_0.1,diffuse_blur,0.1,0.05,7,14,0.7625,0.6875,True,3.8000000000000003,3.8000000000000003,1.8897039723544646
diffuse_blur_js_0.1,diffuse_blur,0.1,0.05,7,15,0.6625,0.7125,True,2.0500000000000003,2.0500000000000003,1.0658462620406037
diffuse_blur_js_0.1,diffuse_blur,0.1,0.05,7,16,0.7375,0.9875,True,5.2,5.2,2.1747429132874445
diffuse_blur_js_0.1,diffuse_blur,0.1,0.05,7,17,0.6125,0.8125,True,3.35,3.35,1.686232904761597
diffuse_blur_js_0.1,diffuse_blur,0.1,0.05,7,18,0.6625,0.7375,True,3.45,3.45,1.7184430328847196
diffuse_blur_js_0.1,diffuse_blur,0.1,0.05,7,19,0.0375,0.9875,False,,15.0,2.1747429132874445
diffuse_blur_js_0.1,diffuse_blur,0.1,0.05,7,20,0.6625,0.5625,True,1.8,1.8,0.9319544913912402
diffuse_blur_js_0.1,diffuse_blur,0.1,0.05,7,21,0.6625,0.5125,True,1.0,1.0,0.5200715838195138
diffuse_blur_js_0.1,diffuse_blur,0.1,0.05,7,22,0.5875,0.7375,True,3.2,3.2,1.6346429857250437
diffuse_blur_js_0.1,diffuse_blur,0.1,0.05,7,23,0.5125,0.1875,False,,15.0,2.1747429132874445
diffuse_blur_js_0.1,diffuse_blur,0.1,0.05,7,24,0.0875,0.1625,False,,15.0,2.1747429132874445
diffuse_blur_js_0.1,diffuse_blur,0.1,0.05,7,25,0.8125,0.6875,True,3.85,3.85,1.9236830285864606
diffuse_blur_js_0.1,diffuse_blur,0.1,0.05,7,26,0.9625,0.6625,True,6.7,6.7,2.1747429132874445
diffuse_blur_js_0.1,diffuse_blur,0.1,0.05,7,27,0.6625,0.8875,True,3.5,3.5,1.735940175124864
diffuse_blur_js_0.1,diffuse_blur,0.1,0.05,7,28,0.7125,0.7375,True,3.6,3.6,1.7766873451930356
diffuse_blur_js_0.1,diffuse_blur,0.1,0.05,7,29,0.8125,0.6875,True,3.85,3.85,1.9236830285864606
diffuse_blur_js_0.1,diffuse_blur,0.1,0.05,7,30,0.7125,0.6875,True,1.9500000000000002,1.9500000000000002,1.0157216604906716
diffuse_blur_js_0.1,diffuse_blur,0.1,0.05,7,31,0.5875,0.5875,True,2.1,2.1,1.0895068773832552
diffuse_blur_js_0.1,diffuse_blur,0.1,0.05,7,32,0.0125,0.0625,False,,15.0,2.1747429132874445
diffuse_blur_js_0.1,diffuse_blur,0.1,0.05,7,33,0.7375,0.5375,True,1.1500000000000001,1.1500000000000001,0.6300650259060793
diffuse_blur_js_0.1,diffuse_blur,0.1,0.05,7,34,0.7125,0.7625,True,3.5500000000000003,3.5500000000000003,1.7550092651693676
diffuse_blur_js_0.1,diffuse_blur,0.1,0.05,7,35,0.8375,0.5375,True,1.9500000000000002,1.9500000000000002,1.0157216604906716
diffuse_blur_js_0.1,diffuse_blur,0.1,0.05,7,36,0.7125,0.6375,True,1.85,1.85,0.9589591030287997
diffuse_blur_js_0.1,diffuse_blur,0.1,0.05,7,37,0.6375,0.0125,False,,15.0,2.1747429132874445
diffuse_blur_js_0.1,diffuse_blur,0.1,0.05,7,38,0.9375,0.8125,True,3.9000000000000004,3.9000000000000004,1.9567662921533284
diffuse_blur_js_0.1,diffuse_blur,0.1,0.05,7,39,0.9125,0.4875,False,,15.0,2.1747429132874445
diffuse_blur_js_0.1,diffuse_blur,0.1,0.05,7,40,0.7625,0.5875,True,1.6500000000000001,1.6500000000000001,0.8622675984219097
diffuse_blur_js_0.1,diffuse_blur,0.1,0.05,7,41,0.5875,0.8625,True,3.45,3.45,1.7184430328847196
diffuse_blur_js_0.1,diffuse_blur,0.1,0.05,7,42,0.7875,0.6875,True,3.8000000000000003,3.8000000000000003,1.8897039723544646
diffuse_blur_js_0.1,diffuse_blur,0.1,0.05,7,43,0.6875,0.8375,True,3.4000000000000004,3.4000000000000004,1.7021673445633796
diffuse_blur_js_0.1,diffuse_blur,0.1,0.05,7,44,0.7625,0.7375,True,3.7,3.7,1.8274105180714784
diffuse_blur_js_0.1,diffuse_blur,0.1,0.05,7,45,0.6375,0.7875,True,3.3000000000000003,3.3000000000000003,1.6704233152518955
diffuse_blur_js_0.1,diffuse_blur,0.1,0.05,7,46,0.8625,0.3625,False,,15.0,2.1747429132874445
diffuse_blur_js_0.1,diffuse_blur,0.1,0.05,7,47,0.5375,0.7125,True,3.1500000000000004,3.1500000000000004,1.6129320422747804
diffuse_blur_js_0.1,diffuse_blur,0.1,0.05,7,48,0.7625,0.6875,True,3.8000000000000003,3.8000000000000003,1.8897039723544646
diffuse_blur_js_0.1,diffuse_blur,0.1,0.05,7,49,0.9375,0.8375,True,3.9000000000000004,3.9000000000000004,1.9567662921533284
diffuse_blur_js_0.1,diffuse_blur,0.1,0.05,7,50,0.6875,0.6375,True,1.9000000000000001,1.9000000000000001,0.9883136834917732
diffuse_blur_js_0.1,diffuse_blur,0.1,0.05,7,51,0.9375,0.7125,True,3.95,3.95,1.9883206534958775
diffuse_blur_js_0.1,diffuse_blur,0.1,0.05,7,52,0.0875,0.2625,False,,15.0,2.1747429132874445
diffuse_blur_js_0.1,diffuse_blur,0.1,0.05,7,53,0.8375,0.6375,False,,15.0,2.1747429132874445
diffuse_blur_js_0.1,diffuse_blur,0.1,0.05,7,54,0.7875,0.6125,True,1.7000000000000002,1.7000000000000002,0.883932995391747
diffuse_blur_js_0.1,diffuse_blur,0.1,0.05,7,55,0.8125,0.4875,True,1.35,1.35,0.742402324042819
diffuse_blur_js_0.1,diffuse_blur,0.1,0.05,7,56,0.7875,0.8125,True,3.7,3.7,1.8274105180714784
diffuse_blur_js_0.1,diffuse_blur,0.1,0.05,7,57,0.7875,0.6375,False,,15.0,2.1747429132874445
diffuse_blur_js_0.1,diffuse_blur,0.1,0.05,7,58,0.5625,0.9625,False,,15.0,2.1747429132874445
diffuse_blur_js_0.1,diffuse_blur,0.1,0.05,7,59,0.8625,0.7125,True,3.85,3.85,1.9236830285864606
diffuse_blur_js_0.1,diffuse_blur,0.1,0.05,7,60,0.4125,0.7375,True,3.1,3.1,1.5904519068173366
diffuse_blur_js_0.1,diffuse_blur,0.1,0.05,7,61,0.7625,0.7375,True,3.7,3.7,1.8274105180714784
diffuse_blur_js_0.1,diffuse_blur,0.1,0.05,7,62,0.5875,0.7625,True,3.25,3.25,1.652770605360962
diffuse_blur_js_0.1,diffuse_blur,0.1,0.05,7,63,0.8125,0.4875,True,1.35,1.35,0.742402324042819
diffuse_blur_js_0.1,diffuse_blur,0.1,0.05,11,0,0.6875,0.4625,True,1.0,1.0,0.5200715838195138
diffuse_blur_js_0.1,diffuse_blur,0.1,0.05,11,1,0.7375,0.6875,True,3.75,3.75,1.8559136107015928
diffuse_blur_js_0.1,diffuse_blur,0.1,0.05,11,2,0.9875,0.7125,True,4.05,4.05,2.0415506425480965
diffuse_blur_js_0.1,diffuse_blur,0.1,0.05,11,3,0.9125,0.1125,False,,15.0,2.1747429132874445
diffuse_blur_js_0.1,diffuse_blur,0.1,0.05,11,4,0.7625,0.4875,True,1.1500000000000001,1.1500000000000001,0.6300650259060793
diffuse_blur_js_0.1,diffuse_blur,0.1,0.05,11,5,0.8125,0.8875,True,3.7,3.7,1.8274105180714784
diffuse_blur_js_0.1,diffuse_blur,0.1,0.05,11,6,0.8875,0.2875,False,,15.0,2.1747429132874445
diffuse_blur_js_0.1,diffuse_blur,0.1,0.05,11,7,0.7125,0.4625,True,1.05,1.05,0.5585599547304966
diffuse_blur_js_0.1,diffuse_blur,0.1,0.05,11,8,0.7625,0.9125,True,3.6,3.6,1.7766873451930356
diffuse_blur_js_0.1,diffuse_blur,0.1,0.05,11,9,0.6625,0.7375,True,3.45,3.45,1.7184430328847196
diffuse_blur_js_0.1,diffuse_blur,0.1,0.05,11,10,0.7125,0.6375,True,1.85,1.85,0.9589591030287997
diffuse_blur_js_0.1,diffuse_blur,0.1,0.05,11,11,0.7875,0.6875,True,3.8000000000000003,3.8000000000000003,1.8897039723544646
diffuse_blur_js_0.1,diffuse_blur,0.1,0.05,11,12,0.9125,0.7375,True,3.9000000000000004,3.9000000000000004,1.9567662921533284
diffuse_blur_js_0.1,diffuse_blur,0.1,0.05,11,13,0.8125,0.5875,True,1.6,1.6,0.8428739769593256
diffuse_blur_js_0.1,diffuse_blur,0.1,0.05,11,14,0.9875,0.4625,False,,15.0,2.1747429132874445
diffuse_blur_js_0.1,diffuse_blur,0.1,0.05,11,15,0.5125,0.8125,True,3.3000000000000003,3.3000000000000003,1.6704233152518955
diffuse_blur_js_0.1,diffuse_blur,0.1,0.05,11,16,0.4125,0.7625,True,3.1500000000000004,3.1500000000000004,1.6129320422747804
diffuse_blur_js_0.1,diffuse_blur,0.1,0.05,11,17,0.7875,0.6875,True,3.8000000000000003,3.8000000000000003,1.8897039723544646
diffuse_blur_js_0.1,diffuse_blur,0.1,0.05,11,18,0.7875,0.8125,True,3.7,3.7,1.8274105180714784
diffuse_blur_js_0.1,diffuse_blur,0.1,0.05,11,19,0.6125,0.7125,True,2.15,2.15,1.1126834154562577
diffuse_blur_js_0.1,diffuse_blur,0.1,0.05,11,20,0.6625,0.9625,True,5.3500000000000005,5.3500000000000005,2.1747429132874445
diffuse_blur_js_0.1,diffuse_blur,0.1,0.05,11,21,0.8875,0.5375,False,,15.0,2.1747429132874445
diffuse_blur_js_0.1,diffuse_blur,0.1,0.05,11,22,0.6625,0.7125,True,2.0500000000000003,2.0500000000000003,1.0658462620406037
diffuse_blur_js_0.1,diffuse_blur,0.1,0.05,11,23,0.6375,0.6875,True,2.0500000000000003,2.0500000000000003,1.0658462620406037
diffuse_blur_js_0.1,diffuse_blur,0.1,0.05,11,24,0.6125,0.6375,True,2.0500000000000003,2.0500000000000003,1.0658462620406037
diffuse_blur_js_0.1,diffuse_blur,0.1,0.05,11,25,0.8625,0.7125,True,3.85,3.85,1.9236830285864606
diffuse_blur_js_0.1,diffuse_blur,0.1,0.05,11,26,0.8375,0.5625,True,2.0500000000000003,2.0500000000000003,1.0658462620406037
diffuse_blur_js_0.1,diffuse_blur,0.1,0.05,11,27,0.6875,0.8125,True,3.4000000000000004,3.4000000000000004,1.7021673445633796
diffuse_blur_js_0.1,diffuse_blur,0.1,0.05,11,28,0.8625,0.8375,True,3.8000000000000003,3.8000000000000003,1.8897039723544646
diffuse_blur_js_0.1,diffuse_blur,0.1,0.05,11,29,0.6875,0.4625,True,1.0,1.0,0.5200715838195138
diffuse_blur_js_0.1,diffuse_blur,0.1,0.05,11,30,0.9875,0.6625,False,,15.0,2.1747429132874445
diffuse_blur_js_0.1,diffuse_blur,0.1,0.05,11,31,0.8375,0.5875,False,,15.0,2.1747429132874445
diffuse_blur_js_0.1,diffuse_blur,0.1,0.05,11,32,0.7875,0.3375,True,1.4000000000000001,1.4000000000000001,0.7646459803729899
diffuse_blur_js_0.1,diffuse_blur,0.1,0.05,11,33,0.7875,0.8625,True,3.6500000000000004,3.6500000000000004,1.800056975374988
diffuse_blur_js_0.1,diffuse_blur,0.1,0.05,11,34,0.7125,0.6625,True,1.9000000000000001,1.9000000000000001,0.9883136834917732
diffuse_blur_js_0.1,diffuse_blur,0.1,0.05,11,35,0.7625,0.4875,True,1.1500000000000001,1.1500000000000001,0.6300650259060793
diffuse_blur_js_0.1,diffuse_blur,0.1,0.05,11,36,0.5375,0.7625,True,3.2,3.2,1.6346429857250437
diffuse_blur_js_0.1,diffuse_blur,0.1,0.05,11,37,0.8625,0.5375,False,,15.0,2.1747429132874445
diffuse_blur_js_0.1,diffuse_blur,0.1,0.05,11,38,0.8625,0.8625,True,3.8000000000000003,3.8000000000000003,1.8897039723544646
diffuse_blur_js_0.1,diffuse_blur,0.1,0.05,11,39,0.6875,0.5625,True,1.75,1.75,0.9064399405148978
diffuse_blur_js_0.1,diffuse_blur,0.1,0.05,11,40,0.6375,0.1375,False,,15.0,2.1747429132874445
diffuse_blur_js_0.1,diffuse_blur,0.1,0.05,11,41,0.8375,0.5375,True,1.9500000000000002,1.9500000000000002,1.0157216604906716
diffuse_blur_js_0.1,diffuse_blur,0.1,0.05,11,42,0.4875,0.6375,True,2.35,2.35,1.2123579209665358
diffuse_blur_js_0.1,diffuse_blur,0.1,0.05,11,43,0.2375,0.6875,False,,15.0,2.1747429132874445
diffuse_blur_js_0.1,diffuse_blur,0.1,0.05,11,44,0.9375,0.8625,True,3.9000000000000004,3.9000000000000004,1.9567662921533284
diffuse_blur_js_0.1,diffuse_blur,0.1,0.05,11,45,0.7375,0.7625,True,3.6500000000000004,3.6500000000000004,1.800056975374988
diffuse_blur_js_0.1,diffuse_blur,0.1,0.05,11,46,0.9625,0.6125,False,,15.0,2.1747429132874445
diffuse_blur_js_0.1,diffuse_blur,0.1,0.05,11,47,0.8875,0.0625,False,,15.0,2.1747429132874445
diffuse_blur_js_0.1,diffuse_blur,0.1,0.05,11,48,0.6625,0.5125,True,1.0,1.0,0.5200715838195138
diffuse_blur_js_0.1,diffuse_blur,0.1,0.05,11,49,0.7625,0.9875,True,5.15,5.15,2.1747429132874445
diffuse_blur_js_0.1,diffuse_blur,0.1,0.05,11,50,0.8875,0.6625,True,6.5,6.5,2.1747429132874445
diffuse_blur_js_0.1,diffuse_blur,0.1,0.05,11,51,0.6875,0.7625,True,3.5,3.5,1.735940175124864
diffuse_blur_js_0.1,diffuse_blur,0.1,0.05,11,52,0.3125,0.2375,True,0.15000000000000002,0.15000000000000002,0.007568534236902076
diffuse_blur_js_0.1,diffuse_blur,0.1,0.05,11,53,0.8125,0.1375,False,,15.0,2.1747429132874445
diffuse_blur_js_0.1,diffuse_blur,0.1,0.05,11,54,0.6625,0.8375,True,3.4000000000000004,3.4000000000000004,1.7021673445633796
diffuse_blur_js_0.1,diffuse_blur,0.1,0.05,11,55,0.8375,0.7125,True,3.85,3.85,1.9236830285864606
diffuse_blur_js_0.1,diffuse_blur,0.1,0.05,11,56,0.7125,0.6125,True,1.8,1.8,0.9319544913912402
diffuse_blur_js_0.1,diffuse_blur,0.1,0.05,11,57,0.7625,0.6125,True,1.75,1.75,0.9064399405148978
diffuse_blur_js_0.1,diffuse_blur,0.1,0.05,11,58,0.6625,0.3625,True,1.1,1.1,0.5963145518961263
diffuse_blur_js_0.1,diffuse_blur,0.1,0.05,11,59,0.8375,0.5125,True,1.85,1.85,0.9589591030287997
diffuse_blur_js_0.1,diffuse_blur,0.1,0.05,11,60,0.1875,0.1125,True,0.0,0.0,0.0
diffuse_blur_js_0.1,diffuse_blur,0.1,0.05,11,61,0.5875,0.8375,True,3.4000000000000004,3.4000000000000004,1.7021673445633796
diffuse_blur_js_0.1,diffuse_blur,0.1,0.05,11,62,0.9625,0.6625,True,6.7,6.7,2.1747429132874445
diffuse_blur_js_0.1,diffuse_blur,0.1,0.05,11,63,0.6625,0.4625,True,0.9,0.9,0.43576470304616366
diffuse_blur_js_0.15,diffuse_blur,0.15,0.05,7,0,0.6875,0.7375,True,3.5500000000000003,3.5500000000000003,1.7341525907658406
diffuse_blur_js_0.15,diffuse_blur,0.15,0.05,7,1,0.8125,0.8625,True,3.7,3.7,1.827345019066646
diffuse_blur_js_0.15,diffuse_blur,0.15,0.05,7,2,0.8625,0.7875,True,3.8000000000000003,3.8000000000000003,1.900423363254206
diffuse_blur_js_0.15,diffuse_blur,0.15,0.05,7,3,0.7625,0.5625,False,,15.0,2.1841085297734537
diffuse_blur_js_0.15,diffuse_blur,0.15,0.05,7,4,0.6375,0.6125,False,,15.0,2.1841085297734537
diffuse_blur_js_0.15,diffuse_blur,0.15,0.05,7,5,0.0375,0.8625,False,,15.0,2.1841085297734537
diffuse_blur_js_0.15,diffuse_blur,0.15,0.05,7,6,0.8875,0.0125,False,,15.0,2.1841085297734537
diffuse_blur_js_0.15,diffuse_blur,0.15,0.05,7,7,0.8375,0.8125,True,3.75,3.75,1.8628708809320746
diffuse_blur_js_0.15,diffuse_blur,0.15,0.05,7,8,0.6375,0.8125,True,3.35,3.35,1.6488217907121157
diffuse_blur_js_0.15,diffuse_blur,0.15,0.05,7,9,0.0625,0.6875,False,,15.0,2.1841085297734537
diffuse_blur_js_0.15,diffuse_blur,0.15,0.05,7,10,0.6625,0.6125,False,,15.0,2.1841085297734537
diffuse_blur_js_0.15,diffuse_blur,0.15,0.05,7,11,0.8625,0.5875,False,,15.0,2.1841085297734537
diffuse_blur_js_0.15,diffuse_blur,0.15,0.05,7,12,0.6625,0.5875,False,,15.0,2.1841085297734537
diffuse_blur_js_0.15,diffuse_blur,0.15,0.05,7,13,0.7875,0.6625,True,3.8000000000000003,3.8000000000000003,1.900423363254206
diffuse_blur_js_0.15,diffuse_blur,0.15,0.05,7,14,0.7625,0.6875,True,3.75,3.75,1.8628708809320746
diffuse_blur_js_0.15,diffuse_blur,0.15,0.05,7,15,0.6625,0.7125,True,3.5500000000000003,3.5500000000000003,1.7341525907658406
diffuse_blur_js_0.15,diffuse_blur,0.15,0.05,7,16,0.7375,0.9875,True,5.2,5.2,2.1841085297734537
diffuse_blur_js_0.15,diffuse_blur,0.15,0.05,7,17,0.6125,0.8125,True,3.35,3.35,1.6488217907121157
diffuse_blur_js_0.15,diffuse_blur,0.15,0.05,7,18,0.6625,0.7375,True,3.5,3.5,1.7098380411479444
diffuse_blur_js_0.15,diffuse_blur,0.15,0.05,7,19,0.0375,0.9875,False,,15.0,2.1841085297734537
diffuse_blur_js_0.15,diffuse_blur,0.15,0.05,7,20,0.6625,0.5625,True,1.8,1.8,0.8582452797518179
diffuse_blur_js_0.15,diffuse_blur,0.15,0.05,7,21,0.6625,0.5125,True,1.7000000000000002,1.7000000000000002,0.8056609017545757
diffuse_blur_js_0.15,diffuse_blur,0.15,0.05,7,22,0.5875,0.7375,True,3.25,3.25,1.6156874413030449
diffuse_blur_js_0.15,diffuse_blur,0.15,0.05,7,23,0.5125,0.1875,False,,15.0,2.1841085297734537
diffuse_blur_js_0.15,diffuse_blur,0.15,0.05,7,24,0.0875,0.1625,False,,15.0,2.1841085297734537
diffuse_blur_js_0.15,diffuse_blur,0.15,0.05,7,25,0.8125,0.6875,True,3.8000000000000003,3.8000000000000003,1.900423363254206
diffuse_blur_js_0.15,diffuse_blur,0.15,0.05,7,26,0.9625,0.6625,True,6.7,6.7,2.1841085297734537
diffuse_blur_js_0.15,diffuse_blur,0.15,0.05,7,27,0.6625,0.8875,True,3.5500000000000003,3.5500000000000003,1.7341525907658406
diffuse_blur_js_0.15,diffuse_blur,0.15,0.05,7,28,0.7125,0.7375,True,3.6,3.6,1.7627533050461912
diffuse_blur_js_0.15,diffuse_blur,0.15,0.05,7,29,0.8125,0.6875,True,3.8000000000000003,3.8000000000000003,1.900423363254206
diffuse_blur_js_0.15,diffuse_blur,0.15,0.05,7,30,0.7125,0.6875,True,3.6500000000000004,3.6500000000000004,1.7922611758722893
diffuse_blur_js_0.15,diffuse_blur,0.15,0.05,7,31,0.5875,0.5875,True,1.9500000000000002,1.9500000000000002,0.9545173758073988
diffuse_blur_js_0.15,diffuse_blur,0.15,0.05,7,32,0.0125,0.0625,False,,15.0,2.1841085297734537
diffuse_blur_js_0.15,diffuse_blur,0.15,0.05,7,33,0.7375,0.5375,False,,15.0,2.1841085297734537
diffuse_blur_js_0.15,diffuse_blur,0.15,0.05,7,34,0.7125,0.7625,True,3.6,3.6,1.7627533050461912
diffuse_blur_js_0.15,diffuse_blur,0.15,0.05,7,35,0.8375,0.5375,False,,15.0,2.1841085297734537
diffuse_blur_js_0.15,diffuse_blur,0.15,0.05,7,36,0.7125,0.6375,True,3.75,3.75,1.8628708809320746
diffuse_blur_js_0.15,diffuse_blur,0.15,0.05,7,37,0.6375,0.0125,False,,15.0,2.1841085297734537
diffuse_blur_js_0.15,diffuse_blur,0.15,0.05,7,38,0.9375,0.8125,True,3.9000000000000004,3.9000000000000004,1.9683080475422932
diffuse_blur_js_0.15,diffuse_blur,0.15,0.05,7,39,0.9125,0.4875,False,,15.0,2.1841085297734537
diffuse_blur_js_0.15,diffuse_blur,0.15,0.05,7,40,0.7625,0.5875,False,,15.0,2.1841085297734537
diffuse_blur_js_0.15,diffuse_blur,0.15,0.05,7,41,0.5875,0.8625,True,3.45,3.45,1.6870499730265347
diffuse_blur_js_0.15,diffuse_blur,0.15,0.05,7,42,0.7875,0.6875,True,3.75,3.75,1.8628708809320746
diffuse_blur_js_0.15,diffuse_blur,0.15,0.05,7,43,0.6875,0.8375,True,3.5,3.5,1.7098380411479444
diffuse_blur_js_0.15,diffuse_blur,0.15,0.05,7,44,0.7625,0.7375,True,3.7,3.7,1.827345019066646
diffuse_blur_js_0.15,diffuse_blur,0.15,0.05,7,45,0.6375,0.7875,True,3.4000000000000004,3.4000000000000004,1.6671441230477542
diffuse_blur_js_0.15,diffuse_blur,0.15,0.05,7,46,0.8625,0.3625,False,,15.0,2.1841085297734537
diffuse_blur_js_0.15,diffuse_blur,0.15,0.05,7,47,0.5375,0.7125,True,3.1500000000000004,3.1500000000000004,1.582260647180746
diffuse_blur_js_0.15,diffuse_blur,0.15,0.05,7,48,0.7625,0.6875,True,3.75,3.75,1.8628708809320746
diffuse_blur_js_0.15,diffuse_blur,0.15,0.05,7,49,0.9375,0.8375,True,3.9000000000000004,3.9000000000000004,1.9683080475422932
diffuse_blur_js_0.15,diffuse_blur,0.15,0.05,7,50,0.6875,0.6375,True,3.7,3.7,1.827345019066646
diffuse_blur_js_0.15,diffuse_blur,0.15,0.05,7,51,0.9375,0.7125,True,3.95,3.95,1.9979640901075044
diffuse_blur_js_0.15,diffuse_blur,0.15,0.05,7,52,0.0875,0.2625,False,,15.0,2.1841085297734537
diffuse_blur_js_0.15,diffuse_blur,0.15,0.05,7,53,0.8375,0.6375,True,3.85,3.85,1.9360875205501367
diffuse_blur_js_0.15,diffuse_blur,0.15,0.05,7,54,0.7875,0.6125,False,,15.0,2.1841085297734537
diffuse_blur_js_0.15,diffuse_blur,0.15,0.05,7,55,0.8125,0.4875,False,,15.0,2.1841085297734537
diffuse_blur_js_0.15,diffuse_blur,0.15,0.05,7,56,0.7875,0.8125,True,3.7,3.7,1.827345019066646
diffuse_blur_js_0.15,diffuse_blur,0.15,0.05,7,57,0.7875,0.6375,True,3.8000000000000003,3.8000000000000003,1.900423363254206
diffuse_blur_js_0.15,diffuse_blur,0.15,0.05,7,58,0.5625,0.9625,False,,15.0,2.1841085297734537
diffuse_blur_js_0.15,diffuse_blur,0.15,0.05,7,59,0.8625,0.7125,True,3.85,3.85,1.9360875205501367
diffuse_blur_js_0.15,diffuse_blur,0.15,0.05,7,60,0.4125,0.7375,True,3.1,3.1,1.5644618784833857
diffuse_blur_js_0.15,diffuse_blur,0.15,0.05,7,61,0.7625,0.7375,True,3.7,3.7,1.827345019066646
diffuse_blur_js_0.15,diffuse_blur,0.15,0.05,7,62,0.5875,0.7625,True,3.25,3.25,1.6156874413030449
diffuse_blur_js_0.15,diffuse_blur,0.15,0.05,7,63,0.8125,0.4875,False,,15.0,2.1841085297734537
diffuse_blur_js_0.15,diffuse_blur,0.15,0.05,11,0,0.6875,0.4625,True,1.55,1.55,0.7435526192861225
diffuse_blur_js_0.15,diffuse_blur,0.15,0.05,11,1,0.7375,0.6875,True,3.7,3.7,1.827345019066646
diffuse_blur_js_0.15,diffuse_blur,0.15,0.05,11,2,0.9875,0.7125,True,4.0,4.0,2.025339122423649
diffuse_blur_js_0.15,diffuse_blur,0.15,0.05,11,3,0.9125,0.1125,False,,15.0,2.1841085297734537
diffuse_blur_js_0.15,diffuse_blur,0.15,0.05,11,4,0.7625,0.4875,False,,15.0,2.1841085297734537
diffuse_blur_js_0.15,diffuse_blur,0.15,0.05,11,5,0.8125,0.8875,True,3.7,3.7,1.827345019066646
diffuse_blur_js_0.15,diffuse_blur,0.15,0.05,11,6,0.8875,0.2875,False,,15.0,2.1841085297734537
diffuse_blur_js_0.15,diffuse_blur,0.15,0.05,11,7,0.7125,0.4625,True,1.5,1.5,0.72650473083575
diffuse_blur_js_0.15,diffuse_blur,0.15,0.05,11,8,0.7625,0.9125,True,3.6500000000000004,3.6500000000000004,1.7922611758722893
diffuse_blur_js_0.15,diffuse_blur,0.15,0.05,11,9,0.6625,0.7375,True,3.5,3.5,1.7098380411479444
diffuse_blur_js_0.15,diffuse_blur,0.15,0.05,11,10,0.7125,0.6375,True,3.75,3.75,1.8628708809320746
diffuse_blur_js_0.15,diffuse_blur,0.15,0.05,11,11,0.7875,0.6875,True,3.75,3.75,1.8628708809320746
diffuse_blur_js_0.15,diffuse_blur,0.15,0.05,11,12,0.9125,0.7375,True,3.9000000000000004,3.9000000000000004,1.9683080475422932
diffuse_blur_js_0.15,diffuse_blur,0.15,0.05,11,13,0.8125,0.5875,False,,15.0,2.1841085297734537
diffuse_blur_js_0.15,diffuse_blur,0.15,0.05,11,14,0.9875,0.4625,False,,15.0,2.1841085297734537
diffuse_blur_js_0.15,diffuse_blur,0.15,0.05,11,15,0.5125,0.8125,True,3.3000000000000003,3.3000000000000003,1.6319533288025725
diffuse_blur_js_0.15,diffuse_blur,0.15,0.05,11,16,0.4125,0.7625,True,3.1,3.1,1.5644618784833857
diffuse_blur_js_0.15,diffuse_blur,0.15,0.05,11,17,0.7875,0.6875,True,3.75,3.75,1.8628708809320746
diffuse_blur_js_0.15,diffuse_blur,0.15,0.05,11,18,0.7875,0.8125,True,3.7,3.7,1.827345019066646
diffuse_blur_js_0.15,diffuse_blur,0.15,0.05,11,19,0.6125,0.7125,True,3.45,3.45,1.6870499730265347
diffuse_blur_js_0.15,diffuse_blur,0.15,0.05,11,20,0.6625,0.9625,True,5.3500000000000005,5.3500000000000005,2.1841085297734537
diffuse_blur_js_0.15,diffuse_blur,0.15,0.05,11,21,0.8875,0.5375,False,,15.0,2.1841085297734537
diffuse_blur_js_0.15,diffuse_blur,0.15,0.05,11,22,0.6625,0.7125,True,3.5500000000000003,3.5500000000000003,1.7341525907658406
diffuse_blur_js_0.15,diffuse_blur,0.15,0.05,11,23,0.6375,0.6875,True,3.5500000000000003,3.5500000000000003,1.7341525907658406
diffuse_blur_js_0.15,diffuse_blur,0.15,0.05,11,24,0.6125,0.6375,True,3.6500000000000004,3.6500000000000004,1.7922611758722893
diffuse_blur_js_0.15,diffuse_blur,0.15,0.05,11,25,0.8625,0.7125,True,3.85,3.85,1.9360875205501367
diffuse_blur_js_0.15,diffuse_blur,0.15,0.05,11,26,0.8375,0.5625,False,,15.0,2.1841085297734537
diffuse_blur_js_0.15,diffuse_blur,0.15,0.05,11,27,0.6875,0.8125,True,3.5,3.5,1.7098380411479444
diffuse_blur_js_0.15,diffuse_blur,0.15,0.05,11,28,0.8625,0.8375,True,3.8000000000000003,3.8000000000000003,1.900423363254206
diffuse_blur_js_0.15,diffuse_blur,0.15,0.05,11,29,0.6875,0.4625,True,1.55,1.55,0.7435526192861225
diffuse_blur_js_0.15,diffuse_blur,0.15,0.05,11,30,0.9875,0.6625,False,,15.0,2.1841085297734537
diffuse_blur_js_0.15,diffuse_blur,0.15,0.05,11,31,0.8375,0.5875,False,,15.0,2.1841085297734537
diffuse_blur_js_0.15,diffuse_blur,0.15,0.05,11,32,0.7875,0.3375,False,,15.0,2.1841085297734537
diffuse_blur_js_0.15,diffuse_blur,0.15,0.05,11,33,0.7875,0.8625,True,3.6500000000000004,3.6500000000000004,1.7922611758722893
diffuse_blur_js_0.15,diffuse_blur,0.15,0.05,11,34,0.7125,0.6625,True,3.7,3.7,1.827345019066646
diffuse_blur_js_0.15,diffuse_blur,0.15,0.05,11,35,0.7625,0.4875,False,,15.0,2.1841085297734537
diffuse_blur_js_0.15,diffuse_blur,0.15,0.05,11,36,0.5375,0.7625,True,3.25,3.25,1.6156874413030449
diffuse_blur_js_0.15,diffuse_blur,0.15,0.05,11,37,0.8625,0.5375,False,,15.0,2.1841085297734537
diffuse_blur_js_0.15,diffuse_blur,0.15,0.05,11,38,0.8625,0.8625,True,3.8000000000000003,3.8000000000000003,1.900423363254206
diffuse_blur_js_0.15,diffuse_blur,0.15,0.05,11,39,0.6875,0.5625,False,,15.0,2.1841085297734537
diffuse_blur_js_0.15,diffuse_blur,0.15,0.05,11,40,0.6375,0.1375,False,,15.0,2.1841085297734537
diffuse_blur_js_0.15,diffuse_blur,0.15,0.05,11,41,0.8375,0.5375,False,,15.0,2.1841085297734537
diffuse_blur_js_0.15,diffuse_blur,0.15,0.05,11,42,0.4875,0.6375,True,2.1,2.1,1.047089572453646
diffuse_blur_js_0.15,diffuse_blur,0.15,0.05,11,43,0.2375,0.6875,False,,15.0,2.1841085297734537
diffuse_blur_js_0.15,diffuse_blur,0.15,0.05,11,44,0.9375,0.8625,True,3.9000000000000004,3.9000000000000004,1.9683080475422932
diffuse_blur_js_0.15,diffuse_blur,0.15,0.05,11,45,0.7375,0.7625,True,3.6500000000000004,3.6500000000000004,1.7922611758722893
diffuse_blur_js_0.15,diffuse_blur,0.15,0.05,11,46,0.9625,0.6125,False,,15.0,2.1841085297734537
diffuse_blur_js_0.15,diffuse_blur,0.15,0.05,11,47,0.8875,0.0625,False,,15.0,2.1841085297734537
diffuse_blur_js_0.15,diffuse_blur,0.15,0.05,11,48,0.6625,0.5125,True,1.7000000000000002,1.7000000000000002,0.8056609017545757
diffuse_blur_js_0.15,diffuse_blur,0.15,0.05,11,49,0.7625,0.9875,True,5.15,5.15,2.1841085297734537
diffuse_blur_js_0.15,diffuse_blur,0.15,0.05,11,50,0.8875,0.6625,True,3.9000000000000004,3.9000000000000004,1.9683080475422932
diffuse_blur_js_0.15,diffuse_blur,0.15,0.05,11,51,0.6875,0.7625,True,3.5500000000000003,3.5500000000000003,1.7341525907658406
diffuse_blur_js_0.15,diffuse_blur,0.15,0.05,11,52,0.3125,0.2375,True,0.15000000000000002,0.15000000000000002,0.007581737692728462
diffuse_blur_js_0.15,diffuse_blur,0.15,0.05,11,53,0.8125,0.1375,False,,15.0,2.1841085297734537
diffuse_blur_js_0.15,diffuse_blur,0.15,0.05,11,54,0.6625,0.8375,True,3.4000000000000004,3.4000000000000004,1.6671441230477542
diffuse_blur_js_0.15,diffuse_blur,0.15,0.05,11,55,0.8375,0.7125,True,3.8000000000000003,3.8000000000000003,1.900423363254206
diffuse_blur_js_0.15,diffuse_blur,0.15,0.05,11,56,0.7125,0.6125,False,,15.0,2.1841085297734537
diffuse_blur_js_0.15,diffuse_blur,0.15,0.05,11,57,0.7625,0.6125,False,,15.0,2.1841085297734537
diffuse_blur_js_0.15,diffuse_blur,0.15,0.05,11,58,0.6625,0.3625,True,0.9500000000000001,0.9500000000000001,0.44855239577019496
diffuse_blur_js_0.15,diffuse_blur,0.15,0.05,11,59,0.8375,0.5125,False,,15.0,2.1841085297734537
diffuse_blur_js_0.15,diffuse_blur,0.15,0.05,11,60,0.1875,0.1125,True,0.0,0.0,0.0
diffuse_blur_js_0.15,diffuse_blur,0.15,0.05,11,61,0.5875,0.8375,True,3.4000000000000004,3.4000000000000004,1.6671441230477542
diffuse_blur_js_0.15,diffuse_blur,0.15,0.05,11,62,0.9625,0.6625,True,6.7,6.7,2.1841085297734537
diffuse_blur_js_0.15,diffuse_blur,0.15,0.05,11,63,0.6625,0.4625,True,1.6,1.6,0.7627439030027016
false_hotspot_js_0.05,false_hotspot,0.05,0.05,7,0,0.6875,0.7375,True,1.25,1.25,0.7543568553671622
false_hotspot_js_0.05,false_hotspot,0.05,0.05,7,1,0.8125,0.8625,True,1.6500000000000001,1.6500000000000001,0.9436131852403361
false_hotspot_js_0.05,false_hotspot,0.05,0.05,7,2,0.8625,0.7875,True,6.300000000000001,6.300000000000001,2.4693062409671107
false_hotspot_js_0.05,false_hotspot,0.05,0.05,7,3,0.7625,0.5625,True,1.35,1.35,0.8225948361360045
false_hotspot_js_0.05,false_hotspot,0.05,0.05,7,4,0.6375,0.6125,True,1.05,1.05,0.5872314417143506
false_hotspot_js_0.05,false_hotspot,0.05,0.05,7,5,0.0375,0.8625,False,,15.0,2.4693062409671107
false_hotspot_js_0.05,false_hotspot,0.05,0.05,7,6,0.8875,0.0125,False,,15.0,2.4693062409671107
false_hotspot_js_0.05,false_hotspot,0.05,0.05,7,7,0.8375,0.8125,True,4.45,4.45,2.153052253762143
false_hotspot_js_0.05,false_hotspot,0.05,0.05,7,8,0.6375,0.8125,True,2.1,2.1,1.0525475215933988
false_hotspot_js_0.05,false_hotspot,0.05,0.05,7,9,0.0625,0.6875,False,,15.0,2.4693062409671107
false_hotspot_js_0.05,false_hotspot,0.05,0.05,7,10,0.6625,0.6125,True,1.05,1.05,0.5872314417143506
false_hotspot_js_0.05,false_hotspot,0.05,0.05,7,11,0.8625,0.5875,False,,15.0,2.4693062409671107
false_hotspot_js_0.05,false_hotspot,0.05,0.05,7,12,0.6625,0.5875,True,1.05,1.05,0.5872314417143506
false_hotspot_js_0.05,false_hotspot,0.05,0.05,7,13,0.7875,0.6625,True,1.3,1.3,0.7893987018464603
false_hotspot_js_0.05,false_hotspot,0.05,0.05,7,14,0.7625,0.6875,True,1.2000000000000002,1.2000000000000002,0.7137533522361325
false_hotspot_js_0.05,false_hotspot,0.05,0.05,7,15,0.6625,0.7125,True,1.2000000000000002,1.2000000000000002,0.7137533522361325
false_hotspot_js_0.05,false_hotspot,0.05,0.05,7,16,0.7375,0.9875,True,4.3500000000000005,4.3500000000000005,2.074415881860896
false_hotspot_js_0.05,false_hotspot,0.05,0.05,7,17,0.6125,0.8125,True,2.15,2.15,1.0690696875693382
false_hotspot_js_0.05,false_hotspot,0.05,0.05,7,18,0.6625,0.7375,True,1.25,1.25,0.7543568553671622
false_hotspot_js_0.05,false_hotspot,0.05,0.05,7,19,0.0375,0.9875,False,,15.0,2.4693062409671107
false_hotspot_js_0.05,false_hotspot,0.05,0.05,7,20,0.6625,0.5625,True,1.05,1.05,0.5872314417143506
false_hotspot_js_0.05,false_hotspot,0.05,0.05,7,21,0.6625,0.5125,True,1.05,1.05,0.5872314417143506
false_hotspot_js_0.05,false_hotspot,0.05,0.05,7,22,0.5875,0.7375,True,2.15,2.15,1.0690696875693382
false_hotspot_js_0.05,false_hotspot,0.05,0.05,7,23,0.5125,0.1875,False,,15.0,2.4693062409671107
false_hotspot_js_0.05,false_hotspot,0.05,0.05,7,24,0.0875,0.1625,False,,15.0,2.4693062409671107
false_hotspot_js_0.05,false_hotspot,0.05,0.05,7,25,0.8125,0.6875,True,1.4000000000000001,1.4000000000000001,0.8510122170713774
false_hotspot_js_0.05,false_hotspot,0.05,0.05,7,26,0.9625,0.6625,True,6.7,6.7,2.4693062409671107
false_hotspot_js_0.05,false_hotspot,0.05,0.05,7,27,0.6625,0.8875,True,4.2,4.2,1.9693751551742442
false_hotspot_js_0.05,false_hotspot,0.05,0.05,7,28,0.7125,0.7375,True,1.25,1.25,0.7543568553671622
false_hotspot_js_0.05,false_hotspot,0.05,0.05,7,29,0.8125,0.6875,True,1.4000000000000001,1.4000000000000001,0.8510122170713774
false_hotspot_js_0.05,false_hotspot,0.05,0.05,7,30,0.7125,0.6875,True,1.1500000000000001,1.1500000000000001,0.6728374810244475
false_hotspot_js_0.05,false_hotspot,0.05,0.05,7,31,0.5875,0.5875,True,1.05,1.05,0.5872314417143506
false_hotspot_js_0.05,false_hotspot,0.05,0.05,7,32,0.0125,0.0625,False,,15.0,2.4693062409671107
false_hotspot_js_0.05,false_hotspot,0.05,0.05,7,33,0.7375,0.5375,True,1.3,1.3,0.7893987018464603
false_hotspot_js_0.05,false_hotspot,0.05,0.05,7,34,0.7125,0.7625,True,1.3,1.3,0.7893987018464603
false_hotspot_js_0.05,false_hotspot,0.05,0.05,7,35,0.8375,0.5375,False,,15.0,2.4693062409671107
false_hotspot_js_0.05,false_hotspot,0.05,0.05,7,36,0.7125,0.6375,True,1.1,1.1,0.6300808250971931
false_hotspot_js_0.05,false_hotspot,0.05,0.05,7,37,0.6375,0.0125,False,,15.0,2.4693062409671107
false_hotspot_js_0.05,false_hotspot,0.05,0.05,7,38,0.9375,0.8125,True,6.800000000000001,6.800000000000001,2.4693062409671107
false_hotspot_js_0.05,false_hotspot,0.05,0.05,7,39,0.9125,0.4875,False,,15.0,2.4693062409671107
false_hotspot_js_0.05,false_hotspot,0.05,0.05,7,40,0.7625,0.5875,True,1.3,1.3,0.7893987018464603
false_hotspot_js_0.05,false_hotspot,0.05,0.05,7,41,0.5875,0.8625,True,4.05,4.05,1.8918543738851568
false_hotspot_js_0.05,false_hotspot,0.05,0.05,7,42,0.7875,0.6875,True,1.2000000000000002,1.2000000000000002,0.7137533522361325
false_hotspot_js_0.05,false_hotspot,0.05,0.05,7,43,0.6875,0.8375,True,1.9500000000000002,1.9500000000000002,1.0089085240993727
false_hotspot_js_0.05,false_hotspot,0.05,0.05,7,44,0.7625,0.7375,True,1.25,1.25,0.7543568553671622
false_hotspot_js_0.05,false_hotspot,0.05,0.05,7,45,0.6375,0.7875,True,2.0500000000000003,2.0500000000000003,1.0383568027931833
false_hotspot_js_0.05,false_hotspot,0.05,0.05,7,46,0.8625,0.3625,False,,15.0,2.4693062409671107
false_hotspot_js_0.05,false_hotspot,0.05,0.05,7,47,0.5375,0.7125,True,2.3000000000000003,2.3000000000000003,1.125627729855601
false_hotspot_js_0.05,false_hotspot,0.05,0.05,7,48,0.7625,0.6875,True,1.2000000000000002,1.2000000000000002,0.7137533522361325
false_hotspot_js_0.05,false_hotspot,0.05,0.05,7,49,0.9375,0.8375,True,6.8500000000000005,6.8500000000000005,2.4693062409671107
false_hotspot_js_0.05,false_hotspot,0.05,0.05,7,50,0.6875,0.6375,True,1.05,1.05,0.5872314417143506
false_hotspot_js_0.05,false_hotspot,0.05,0.05,7,51,0.9375,0.7125,True,6.65,6.65,2.4693062409671107
false_hotspot_js_0.05,false_hotspot,0.05,0.05,7,52,0.0875,0.2625,False,,15.0,2.4693062409671107
false_hotspot_js_0.05,false_hotspot,0.05,0.05,7,53,0.8375,0.6375,True,1.55,1.55,0.917096682237053
false_hotspot_js_0.05,false_hotspot,0.05,0.05,7,54,0.7875,0.6125,True,1.4000000000000001,1.4000000000000001,0.8510122170713774
false_hotspot_js_0.05,false_hotspot,0.05,0.05,7,55,0.8125,0.4875,False,,15.0,2.4693062409671107
false_hotspot_js_0.05,false_hotspot,0.05,0.05,7,56,0.7875,0.8125,True,1.4000000000000001,1.4000000000000001,0.8510122170713774
false_hotspot_js_0.05,false_hotspot,0.05,0.05,7,57,0.7875,0.6375,True,1.35,1.35,0.8225948361360045
false_hotspot_js_0.05,false_hotspot,0.05,0.05,7,58,0.5625,0.9625,True,4.0,4.0,1.8694269622410653
false_hotspot_js_0.05,false_hotspot,0.05,0.05,7,59,0.8625,0.7125,True,6.4,6.4,2.4693062409671107
false_hotspot_js_0.05,false_hotspot,0.05,0.05,7,60,0.4125,0.7375,True,3.5500000000000003,3.5500000000000003,1.693026649666238
false_hotspot_js_0.05,false_hotspot,0.05,0.05,7,61,0.7625,0.7375,True,1.25,1.25,0.7543568553671622
false_hotspot_js_0.05,false_hotspot,0.05,0.05,7,62,0.5875,0.7625,True,2.2,2.2,1.0857999821177597
false_hotspot_js_0.05,false_hotspot,0.05,0.05,7,63,0.8125,0.4875,False,,15.0,2.4693062409671107
false_hotspot_js_0.05,false_hotspot,0.05,0.05,11,0,0.6875,0.4625,True,2.4000000000000004,2.4000000000000004,1.159602887871386
false_hotspot_js_0.05,false_hotspot,0.05,0.05,11,1,0.7375,0.6875,True,1.1500000000000001,1.1500000000000001,0.6728374810244475
false_hotspot_js_0.05,false_hotspot,0.05,0.05,11,2,0.9875,0.7125,True,6.800000000000001,6.800000000000001,2.4693062409671107
false_hotspot_js_0.05,false_hotspot,0.05,0.05,11,3,0.9125,0.1125,False,,15.0,2.4693062409671107
false_hotspot_js_0.05,false_hotspot,0.05,0.05,11,4,0.7625,0.4875,False,,15.0,2.4693062409671107
false_hotspot_js_0.05,false_hotspot,0.05,0.05,11,5,0.8125,0.8875,True,4.4,4.4,2.1145404565275308
false_hotspot_js_0.05,false_hotspot,0.05,0.05,11,6,0.8875,0.2875,False,,15.0,2.4693062409671107
false_hotspot_js_0.05,false_hotspot,0.05,0.05,11,7,0.7125,0.4625,True,2.45,2.45,1.1757106456477358
false_hotspot_js_0.05,false_hotspot,0.05,0.05,11,8,0.7625,0.9125,True,4.3500000000000005,4.3500000000000005,2.074415881860896
false_hotspot_js_0.05,false_hotspot,0.05,0.05,11,9,0.6625,0.7375,True,1.25,1.25,0.7543568553671622
false_hotspot_js_0.05,false_hotspot,0.05,0.05,11,10,0.7125,0.6375,True,1.1,1.1,0.6300808250971931
false_hotspot_js_0.05,false_hotspot,0.05,0.05,11,11,0.7875,0.6875,True,1.2000000000000002,1.2000000000000002,0.7137533522361325
false_hotspot_js_0.05,false_hotspot,0.05,0.05,11,12,0.9125,0.7375,True,6.550000000000001,6.550000000000001,2.4693062409671107
false_hotspot_js_0.05,false_hotspot,0.05,0.05,11,13,0.8125,0.5875,True,1.4500000000000002,1.4500000000000002,0.8768192485876553
false_hotspot_js_0.05,false_hotspot,0.05,0.05,11,14,0.9875,0.4625,False,,15.0,2.4693062409671107
false_hotspot_js_0.05,false_hotspot,0.05,0.05,11,15,0.5125,0.8125,True,3.7,3.7,1.7585475054121626
false_hotspot_js_0.05,false_hotspot,0.05,0.05,11,16,0.4125,0.7625,True,3.6,3.6,1.7135796803578778
false_hotspot_js_0.05,false_hotspot,0.05,0.05,11,17,0.7875,0.6875,True,1.2000000000000002,1.2000000000000002,0.7137533522361325
false_hotspot_js_0.05,false_hotspot,0.05,0.05,11,18,0.7875,0.8125,True,1.4000000000000001,1.4000000000000001,0.8510122170713774
false_hotspot_js_0.05,false_hotspot,0.05,0.05,11,19,0.6125,0.7125,True,1.2000000000000002,1.2000000000000002,0.7137533522361325
false_hotspot_js_0.05,false_hotspot,0.05,0.05,11,20,0.6625,0.9625,True,4.2,4.2,1.9693751551742442
false_hotspot_js_0.05,false_hotspot,0.05,0.05,11,21,0.8875,0.5375,False,,15.0,2.4693062409671107
false_hotspot_js_0.05,false_hotspot,0.05,0.05,11,22,0.6625,0.7125,True,1.2000000000000002,1.2000000000000002,0.7137533522361325
false_hotspot_js_0.05,false_hotspot,0.05,0.05,11,23,0.6375,0.6875,True,1.1500000000000001,1.1500000000000001,0.6728374810244475
false_hotspot_js_0.05,false_hotspot,0.05,0.05,11,24,0.6125,0.6375,True,1.05,1.05,0.5872314417143506
false_hotspot_js_0.05,false_hotspot,0.05,0.05,11,25,0.8625,0.7125,True,6.4,6.4,2.4693062409671107
false_hotspot_js_0.05,false_hotspot,0.05,0.05,11,26,0.8375,0.5625,False,,15.0,2.4693062409671107
false_hotspot_js_0.05,false_hotspot,0.05,0.05,11,27,0.6875,0.8125,True,1.9000000000000001,1.9000000000000001,0.9936268055078183
false_hotspot_js_0.05,false_hotspot,0.05,0.05,11,28,0.8625,0.8375,True,4.45,4.45,2.153052253762143
false_hotspot_js_0.05,false_hotspot,0.05,0.05,11,29,0.6875,0.4625,True,2.4000000000000004,2.4000000000000004,1.159602887871386
false_hotspot_js_0.05,false_hotspot,0.05,0.05,11,30,0.9875,0.6625,False,,15.0,2.4693062409671107
false_hotspot_js_0.05,false_hotspot,0.05,0.05,11,31,0.8375,0.5875,False,,15.0,2.4693062409671107
false_hotspot_js_0.05,false_hotspot,0.05,0.05,11,32,0.7875,0.3375,False,,15.0,2.4693062409671107
false_hotspot_js_0.05,false_hotspot,0.05,0.05,11,33,0.7875,0.8625,True,1.75,1.75,0.9614988762698229
false_hotspot_js_0.05,false_hotspot,0.05,0.05,11,34,0.7125,0.6625,True,1.1,1.1,0.6300808250971931
false_hotspot_js_0.05,false_hotspot,0.05,0.05,11,35,0.7625,0.4875,False,,15.0,2.4693062409671107
false_hotspot_js_0.05,false_hotspot,0.05,0.05,11,36,0.5375,0.7625,True,2.3000000000000003,2.3000000000000003,1.125627729855601
false_hotspot_js_0.05,false_hotspot,0.05,0.05,11,37,0.8625,0.5375,False,,15.0,2.4693062409671107
false_hotspot_js_0.05,false_hotspot,0.05,0.05,11,38,0.8625,0.8625,True,4.5,4.5,2.1906082879752042
false_hotspot_js_0.05,false_hotspot,0.05,0.05,11,39,0.6875,0.5625,True,1.0,1.0,0.5422118730635244
false_hotspot_js_0.05,false_hotspot,0.05,0.05,11,40,0.6375,0.1375,False,,15.0,2.4693062409671107
false_hotspot_js_0.05,false_hotspot,0.05,0.05,11,41,0.8375,0.5375,False,,15.0,2.4693062409671107
false_hotspot_js_0.05,false_hotspot,0.05,0.05,11,42,0.4875,0.6375,True,2.5,2.5,1.1916050327114407
false_hotspot_js_0.05,false_hotspot,0.05,0.05,11,43,0.2375,0.6875,False,,15.0,2.4693062409671107
false_hotspot_js_0.05,false_hotspot,0.05,0.05,11,44,0.9375,0.8625,True,4.6000000000000005,4.6000000000000005,2.2566952490189918
false_hotspot_js_0.05,false_hotspot,0.05,0.05,11,45,0.7375,0.7625,True,1.3,1.3,0.7893987018464603
false_hotspot_js_0.05,false_hotspot,0.05,0.05,11,46,0.9625,0.6125,False,,15.0,2.4693062409671107
false_hotspot_js_0.05,false_hotspot,0.05,0.05,11,47,0.8875,0.0625,False,,15.0,2.4693062409671107
false_hotspot_js_0.05,false_hotspot,0.05,0.05,11,48,0.6625,0.5125,True,1.05,1.05,0.5872314417143506
false_hotspot_js_0.05,false_hotspot,0.05,0.05,11,49,0.7625,0.9875,True,4.4,4.4,2.1145404565275308
false_hotspot_js_0.05,false_hotspot,0.05,0.05,11,50,0.8875,0.6625,True,6.5,6.5,2.4693062409671107
false_hotspot_js_0.05,false_hotspot,0.05,0.05,11,51,0.6875,0.7625,True,1.3,1.3,0.7893987018464603
false_hotspot_js_0.05,false_hotspot,0.05,0.05,11,52,0.3125,0.2375,True,0.15000000000000002,0.15000000000000002,0.006664714632531886
false_hotspot_js_0.05,false_hotspot,0.05,0.05,11,53,0.8125,0.1375,False,,15.0,2.4693062409671107
false_hotspot_js_0.05,false_hotspot,0.05,0.05,11,54,0.6625,0.8375,True,2.0500000000000003,2.0500000000000003,1.0383568027931833
false_hotspot_js_0.05,false_hotspot,0.05,0.05,11,55,0.8375,0.7125,True,1.55,1.55,0.917096682237053
false_hotspot_js_0.05,false_hotspot,0.05,0.05,11,56,0.7125,0.6125,True,1.05,1.05,0.5872314417143506
false_hotspot_js_0.05,false_hotspot,0.05,0.05,11,57,0.7625,0.6125,True,1.25,1.25,0.7543568553671622
false_hotspot_js_0.05,false_hotspot,0.05,0.05,11,58,0.6625,0.3625,False,,15.0,2.4693062409671107
false_hotspot_js_0.05,false_hotspot,0.05,0.05,11,59,0.8375,0.5125,False,,15.0,2.4693062409671107
false_hotspot_js_0.05,false_hotspot,0.05,0.05,11,60,0.1875,0.1125,True,0.0,0.0,0.0
false_hotspot_js_0.05,false_hotspot,0.05,0.05,11,61,0.5875,0.8375,True,4.05,4.05,1.8918543738851568
false_hotspot_js_0.05,false_hotspot,0.05,0.05,11,62,0.9625,0.6625,True,6.7,6.7,2.4693062409671107
false_hotspot_js_0.05,false_hotspot,0.05,0.05,11,63,0.6625,0.4625,True,2.45,2.45,1.1757106456477358
false_hotspot_js_0.1,false_hotspot,0.1,0.05,7,0,0.6875,0.7375,True,1.25,1.25,0.733110068997434
false_hotspot_js_0.1,false_hotspot,0.1,0.05,7,1,0.8125,0.8625,True,4.3,4.3,2.1588575449102025
false_hotspot_js_0.1,false_hotspot,0.1,0.05,7,2,0.8625,0.7875,True,4.3500000000000005,4.3500000000000005,2.1957795537901856
false_hotspot_js_0.1,false_hotspot,0.1,0.05,7,3,0.7625,0.5625,False,,15.0,2.485905139811238
false_hotspot_js_0.1,false_hotspot,0.1,0.05,7,4,0.6375,0.6125,True,1.05,1.05,0.5767497469250932
false_hotspot_js_0.1,false_hotspot,0.1,0.05,7,5,0.0375,0.8625,False,,15.0,2.485905139811238
false_hotspot_js_0.1,false_hotspot,0.1,0.05,7,6,0.8875,0.0125,False,,15.0,2.485905139811238
false_hotspot_js_0.1,false_hotspot,0.1,0.05,7,7,0.8375,0.8125,True,4.3,4.3,2.1588575449102025
false_hotspot_js_0.1,false_hotspot,0.1,0.05,7,8,0.6375,0.8125,True,1.4500000000000002,1.4500000000000002,0.8494491672853909
false_hotspot_js_0.1,false_hotspot,0.1,0.05,7,9,0.0625,0.6875,False,,15.0,2.485905139811238
false_hotspot_js_0.1,false_hotspot,0.1,0.05,7,10,0.6625,0.6125,True,1.05,1.05,0.5767497469250932
false_hotspot_js_0.1,false_hotspot,0.1,0.05,7,11,0.8625,0.5875,False,,15.0,2.485905139811238
false_hotspot_js_0.1,false_hotspot,0.1,0.05,7,12,0.6625,0.5875,True,1.05,1.05,0.5767497469250932
false_hotspot_js_0.1,false_hotspot,0.1,0.05,7,13,0.7875,0.6625,True,1.55,1.55,0.8864647922154267
false_hotspot_js_0.1,false_hotspot,0.1,0.05,7,14,0.7625,0.6875,True,1.2000000000000002,1.2000000000000002,0.6959545480225448
false_hotspot_js_0.1,false_hotspot,0.1,0.05,7,15,0.6625,0.7125,True,1.2000000000000002,1.2000000000000002,0.6959545480225448
false_hotspot_js_0.1,false_hotspot,0.1,0.05,7,16,0.7375,0.9875,True,4.25,4.25,2.116829077644295
false_hotspot_js_0.1,false_hotspot,0.1,0.05,7,17,0.6125,0.8125,True,1.8,1.8,0.9226595141010631
false_hotspot_js_0.1,false_hotspot,0.1,0.05,7,18,0.6625,0.7375,True,1.25,1.25,0.733110068997434
false_hotspot_js_0.1,false_hotspot,0.1,0.05,7,19,0.0375,0.9875,False,,15.0,2.485905139811238
false_hotspot_js_0.1,false_hotspot,0.1,0.05,7,20,0.6625,0.5625,True,1.05,1.05,0.5767497469250932
false_hotspot_js_0.1,false_hotspot,0.1,0.05,7,21,0.6625,0.5125,True,1.1,1.1,0.6168250679196303
false_hotspot_js_0.1,false_hotspot,0.1,0.05,7,22,0.5875,0.7375,True,1.25,1.25,0.733110068997434
false_hotspot_js_0.1,false_hotspot,0.1,0.05,7,23,0.5125,0.1875,False,,15.0,2.485905139811238
false_hotspot_js_0.1,false_hotspot,0.1,0.05,7,24,0.0875,0.1625,False,,15.0,2.485905139811238
false_hotspot_js_0.1,false_hotspot,0.1,0.05,7,25,0.8125,0.6875,True,6.300000000000001,6.300000000000001,2.485905139811238
false_hotspot_js_0.1,false_hotspot,0.1,0.05,7,26,0.9625,0.6625,True,6.7,6.7,2.485905139811238
false_hotspot_js_0.1,false_hotspot,0.1,0.05,7,27,0.6625,0.8875,True,4.1000000000000005,4.1000000000000005,1.9945316710201153
false_hotspot_js_0.1,false_hotspot,0.1,0.05,7,28,0.7125,0.7375,True,1.25,1.25,0.733110068997434
false_hotspot_js_0.1,false_hotspot,0.1,0.05,7,29,0.8125,0.6875,True,6.300000000000001,6.300000000000001,2.485905139811238
false_hotspot_js_0.1,false_hotspot,0.1,0.05,7,30,0.7125,0.6875,True,1.1500000000000001,1.1500000000000001,0.6565811635427147
false_hotspot_js_0.1,false_hotspot,0.1,0.05,7,31,0.5875,0.5875,True,1.05,1.05,0.5767497469250932
false_hotspot_js_0.1,false_hotspot,0.1,0.05,7,32,0.0125,0.0625,False,,15.0,2.485905139811238
false_hotspot_js_0.1,false_hotspot,0.1,0.05,7,33,0.7375,0.5375,False,,15.0,2.485905139811238
false_hotspot_js_0.1,false_hotspot,0.1,0.05,7,34,0.7125,0.7625,True,1.25,1.25,0.733110068997434
false_hotspot_js_0.1,false_hotspot,0.1,0.05,7,35,0.8375,0.5375,False,,15.0,2.485905139811238
false_hotspot_js_0.1,false_hotspot,0.1,0.05,7,36,0.7125,0.6375,True,1.1,1.1,0.6168250679196303
false_hotspot_js_0.1,false_hotspot,0.1,0.05,7,37,0.6375,0.0125,False,,15.0,2.485905139811238
false_hotspot_js_0.1,false_hotspot,0.1,0.05,7,38,0.9375,0.8125,True,4.45,4.45,2.2637723138075283
false_hotspot_js_0.1,false_hotspot,0.1,0.05,7,39,0.9125,0.4875,False,,15.0,2.485905139811238
false_hotspot_js_0.1,false_hotspot,0.1,0.05,7,40,0.7625,0.5875,False,,15.0,2.485905139811238
false_hotspot_js_0.1,false_hotspot,0.1,0.05,7,41,0.5875,0.8625,True,3.95,3.95,1.894420468212983
false_hotspot_js_0.1,false_hotspot,0.1,0.05,7,42,0.7875,0.6875,True,1.55,1.55,0.8864647922154267
false_hotspot_js_0.1,false_hotspot,0.1,0.05,7,43,0.6875,0.8375,True,1.5,1.5,0.8688818718982961
false_hotspot_js_0.1,false_hotspot,0.1,0.05,7,44,0.7625,0.7375,True,1.25,1.25,0.733110068997434
false_hotspot_js_0.1,false_hotspot,0.1,0.05,7,45,0.6375,0.7875,True,1.35,1.35,0.7983363158869033
false_hotspot_js_0.1,false_hotspot,0.1,0.05,7,46,0.8625,0.3625,False,,15.0,2.485905139811238
false_hotspot_js_0.1,false_hotspot,0.1,0.05,7,47,0.5375,0.7125,True,1.3,1.3,0.7670101190914032
false_hotspot_js_0.1,false_hotspot,0.1,0.05,7,48,0.7625,0.6875,True,1.2000000000000002,1.2000000000000002,0.6959545480225448
false_hotspot_js_0.1,false_hotspot,0.1,0.05,7,49,0.9375,0.8375,True,4.45,4.45,2.2637723138075283
false_hotspot_js_0.1,false_hotspot,0.1,0.05,7,50,0.6875,0.6375,True,1.1,1.1,0.6168250679196303
false_hotspot_js_0.1,false_hotspot,0.1,0.05,7,51,0.9375,0.7125,True,6.65,6.65,2.485905139811238
false_hotspot_js_0.1,false_hotspot,0.1,0.05,7,52,0.0875,0.2625,False,,15.0,2.485905139811238
false_hotspot_js_0.1,false_hotspot,0.1,0.05,7,53,0.8375,0.6375,False,,15.0,2.485905139811238
false_hotspot_js_0.1,false_hotspot,0.1,0.05,7,54,0.7875,0.6125,False,,15.0,2.485905139811238
false_hotspot_js_0.1,false_hotspot,0.1,0.05,7,55,0.8125,0.4875,False,,15.0,2.485905139811238
false_hotspot_js_0.1,false_hotspot,0.1,0.05,7,56,0.7875,0.8125,True,1.4000000000000001,1.4000000000000001,0.8249992623075344
false_hotspot_js_0.1,false_hotspot,0.1,0.05,7,57,0.7875,0.6375,True,1.55,1.55,0.8864647922154267
false_hotspot_js_0.1,false_hotspot,0.1,0.05,7,58,0.5625,0.9625,True,3.95,3.95,1.894420468212983
false_hotspot_js_0.1,false_hotspot,0.1,0.05,7,59,0.8625,0.7125,True,6.4,6.4,2.485905139811238
false_hotspot_js_0.1,false_hotspot,0.1,0.05,7,60,0.4125,0.7375,True,2.3000000000000003,2.3000000000000003,1.096851332712641
false_hotspot_js_0.1,false_hotspot,0.1,0.05,7,61,0.7625,0.7375,True,1.25,1.25,0.733110068997434
false_hotspot_js_0.1,false_hotspot,0.1,0.05,7,62,0.5875,0.7625,True,1.35,1.35,0.7983363158869033
false_hotspot_js_0.1,false_hotspot,0.1,0.05,7,63,0.8125,0.4875,False,,15.0,2.485905139811238
false_hotspot_js_0.1,false_hotspot,0.1,0.05,11,0,0.6875,0.4625,False,,15.0,2.485905139811238
false_hotspot_js_0.1,false_hotspot,0.1,0.05,11,1,0.7375,0.6875,True,1.1500000000000001,1.1500000000000001,0.6565811635427147
false_hotspot_js_0.1,false_hotspot,0.1,0.05,11,2,0.9875,0.7125,True,6.800000000000001,6.800000000000001,2.485905139811238
false_hotspot_js_0.1,false_hotspot,0.1,0.05,11,3,0.9125,0.1125,False,,15.0,2.485905139811238
false_hotspot_js_0.1,false_hotspot,0.1,0.05,11,4,0.7625,0.4875,False,,15.0,2.485905139811238
false_hotspot_js_0.1,false_hotspot,0.1,0.05,11,5,0.8125,0.8875,True,4.3,4.3,2.1588575449102025
false_hotspot_js_0.1,false_hotspot,0.1,0.05,11,6,0.8875,0.2875,False,,15.0,2.485905139811238
false_hotspot_js_0.1,false_hotspot,0.1,0.05,11,7,0.7125,0.4625,False,,15.0,2.485905139811238
false_hotspot_js_0.1,false_hotspot,0.1,0.05,11,8,0.7625,0.9125,True,4.2,4.2,2.0748606135798657
false_hotspot_js_0.1,false_hotspot,0.1,0.05,11,9,0.6625,0.7375,True,1.25,1.25,0.733110068997434
false_hotspot_js_0.1,false_hotspot,0.1,0.05,11,10,0.7125,0.6375,True,1.1,1.1,0.6168250679196303
false_hotspot_js_0.1,false_hotspot,0.1,0.05,11,11,0.7875,0.6875,True,1.55,1.55,0.8864647922154267
false_hotspot_js_0.1,false_hotspot,0.1,0.05,11,12,0.9125,0.7375,True,6.550000000000001,6.550000000000001,2.485905139811238
false_hotspot_js_0.1,false_hotspot,0.1,0.05,11,13,0.8125,0.5875,False,,15.0,2.485905139811238
false_hotspot_js_0.1,false_hotspot,0.1,0.05,11,14,0.9875,0.4625,False,,15.0,2.485905139811238
false_hotspot_js_0.1,false_hotspot,0.1,0.05,11,15,0.5125,0.8125,True,2.15,2.15,1.0223122005417182
false_hotspot_js_0.1,false_hotspot,0.1,0.05,11,16,0.4125,0.7625,True,2.3000000000000003,2.3000000000000003,1.096851332712641
false_hotspot_js_0.1,false_hotspot,0.1,0.05,11,17,0.7875,0.6875,True,1.55,1.55,0.8864647922154267
false_hotspot_js_0.1,false_hotspot,0.1,0.05,11,18,0.7875,0.8125,True,1.4000000000000001,1.4000000000000001,0.8249992623075344
false_hotspot_js_0.1,false_hotspot,0.1,0.05,11,19,0.6125,0.7125,True,1.2000000000000002,1.2000000000000002,0.6959545480225448
false_hotspot_js_0.1,false_hotspot,0.1,0.05,11,20,0.6625,0.9625,True,4.1000000000000005,4.1000000000000005,1.9945316710201153
false_hotspot_js_0.1,false_hotspot,0.1,0.05,11,21,0.8875,0.5375,False,,15.0,2.485905139811238
false_hotspot_js_0.1,false_hotspot,0.1,0.05,11,22,0.6625,0.7125,True,1.2000000000000002,1.2000000000000002,0.6959545480225448
false_hotspot_js_0.1,false_hotspot,0.1,0.05,11,23,0.6375,0.6875,True,1.1500000000000001,1.1500000000000001,0.6565811635427147
false_hotspot_js_0.1,false_hotspot,0.1,0.05,11,24,0.6125,0.6375,True,1.05,1.05,0.5767497469250932
false_hotspot_js_0.1,false_hotspot,0.1,0.05,11,25,0.8625,0.7125,True,6.4,6.4,2.485905139811238
false_hotspot_js_0.1,false_hotspot,0.1,0.05,11,26,0.8375,0.5625,False,,15.0,2.485905139811238
false_hotspot_js_0.1,false_hotspot,0.1,0.05,11,27,0.6875,0.8125,True,1.4000000000000001,1.4000000000000001,0.8249992623075344
false_hotspot_js_0.1,false_hotspot,0.1,0.05,11,28,0.8625,0.8375,True,4.3500000000000005,4.3500000000000005,2.1957795537901856
false_hotspot_js_0.1,false_hotspot,0.1,0.05,11,29,0.6875,0.4625,False,,15.0,2.485905139811238
false_hotspot_js_0.1,false_hotspot,0.1,0.05,11,30,0.9875,0.6625,False,,15.0,2.485905139811238
false_hotspot_js_0.1,false_hotspot,0.1,0.05,11,31,0.8375,0.5875,False,,15.0,2.485905139811238
false_hotspot_js_0.1,false_hotspot,0.1,0.05,11,32,0.7875,0.3375,False,,15.0,2.485905139811238
false_hotspot_js_0.1,false_hotspot,0.1,0.05,11,33,0.7875,0.8625,True,4.25,4.25,2.116829077644295
false_hotspot_js_0.1,false_hotspot,0.1,0.05,11,34,0.7125,0.6625,True,1.1500000000000001,1.1500000000000001,0.6565811635427147
false_hotspot_js_0.1,false_hotspot,0.1,0.05,11,35,0.7625,0.4875,False,,15.0,2.485905139811238
false_hotspot_js_0.1,false_hotspot,0.1,0.05,11,36,0.5375,0.7625,True,2.0500000000000003,2.0500000000000003,0.9835419094812186
false_hotspot_js_0.1,false_hotspot,0.1,0.05,11,37,0.8625,0.5375,False,,15.0,2.485905139811238
false_hotspot_js_0.1,false_hotspot,0.1,0.05,11,38,0.8625,0.8625,True,4.3500000000000005,4.3500000000000005,2.1957795537901856
false_hotspot_js_0.1,false_hotspot,0.1,0.05,11,39,0.6875,0.5625,True,1.0,1.0,0.5357038295354352
false_hotspot_js_0.1,false_hotspot,0.1,0.05,11,40,0.6375,0.1375,False,,15.0,2.485905139811238
false_hotspot_js_0.1,false_hotspot,0.1,0.05,11,41,0.8375,0.5375,False,,15.0,2.485905139811238
false_hotspot_js_0.1,false_hotspot,0.1,0.05,11,42,0.4875,0.6375,True,1.25,1.25,0.733110068997434
false_hotspot_js_0.1,false_hotspot,0.1,0.05,11,43,0.2375,0.6875,True,3.3000000000000003,3.3000000000000003,1.6202555114892134
false_hotspot_js_0.1,false_hotspot,0.1,0.05,11,44,0.9375,0.8625,True,4.45,4.45,2.2637723138075283
false_hotspot_js_0.1,false_hotspot,0.1,0.05,11,45,0.7375,0.7625,True,1.3,1.3,0.7670101190914032
false_hotspot_js_0.1,false_hotspot,0.1,0.05,11,46,0.9625,0.6125,False,,15.0,2.485905139811238
false_hotspot_js_0.1,false_hotspot,0.1,0.05,11,47,0.8875,0.0625,False,,15.0,2.485905139811238
false_hotspot_js_0.1,false_hotspot,0.1,0.05,11,48,0.6625,0.5125,True,1.1,1.1,0.6168250679196303
false_hotspot_js_0.1,false_hotspot,0.1,0.05,11,49,0.7625,0.9875,True,4.25,4.25,2.116829077644295
false_hotspot_js_0.1,false_hotspot,0.1,0.05,11,50,0.8875,0.6625,True,6.5,6.5,2.485905139811238
false_hotspot_js_0.1,false_hotspot,0.1,0.05,11,51,0.6875,0.7625,True,1.25,1.25,0.733110068997434
false_hotspot_js_0.1,false_hotspot,0.1,0.05,11,52,0.3125,0.2375,True,0.15000000000000002,0.15000000000000002,0.006887140936718778
false_hotspot_js_0.1,false_hotspot,0.1,0.05,11,53,0.8125,0.1375,False,,15.0,2.485905139811238
false_hotspot_js_0.1,false_hotspot,0.1,0.05,11,54,0.6625,0.8375,True,1.55,1.55,0.8864647922154267
false_hotspot_js_0.1,false_hotspot,0.1,0.05,11,55,0.8375,0.7125,True,6.300000000000001,6.300000000000001,2.485905139811238
false_hotspot_js_0.1,false_hotspot,0.1,0.05,11,56,0.7125,0.6125,True,1.05,1.05,0.5767497469250932
false_hotspot_js_0.1,false_hotspot,0.1,0.05,11,57,0.7625,0.6125,True,1.4500000000000002,1.4500000000000002,0.8494491672853909
false_hotspot_js_0.1,false_hotspot,0.1,0.05,11,58,0.6625,0.3625,False,,15.0,2.485905139811238
false_hotspot_js_0.1,false_hotspot,0.1,0.05,11,59,0.8375,0.5125,False,,15.0,2.485905139811238
false_hotspot_js_0.1,false_hotspot,0.1,0.05,11,60,0.1875,0.1125,True,0.0,0.0,0.0
false_hotspot_js_0.1,false_hotspot,0.1,0.05,11,61,0.5875,0.8375,True,2.0,2.0,0.9658252892847259
false_hotspot_js_0.1,false_hotspot,0.1,0.05,11,62,0.9625,0.6625,True,6.7,6.7,2.485905139811238
false_hotspot_js_0.1,false_hotspot,0.1,0.05,11,63,0.6625,0.4625,False,,15.0,2.485905139811238
false_hotspot_js_0.15,false_hotspot,0.15,0.05,7,0,0.6875,0.7375,True,1.3,1.3,0.7311745095333131
false_hotspot_js_0.15,false_hotspot,0.15,0.05,7,1,0.8125,0.8625,True,4.7,4.7,2.325891553026755
false_hotspot_js_0.15,false_hotspot,0.15,0.05,7,2,0.8625,0.7875,True,4.7,4.7,2.325891553026755
false_hotspot_js_0.15,false_hotspot,0.15,0.05,7,3,0.7625,0.5625,False,,15.0,2.639147482492108
false_hotspot_js_0.15,false_hotspot,0.15,0.05,7,4,0.6375,0.6125,True,1.1,1.1,0.5954144271761336
false_hotspot_js_0.15,false_hotspot,0.15,0.05,7,5,0.0375,0.8625,False,,15.0,2.639147482492108
false_hotspot_js_0.15,false_hotspot,0.15,0.05,7,6,0.8875,0.0125,False,,15.0,2.639147482492108
false_hotspot_js_0.15,false_hotspot,0.15,0.05,7,7,0.8375,0.8125,True,4.65,4.65,2.287387426143371
false_hotspot_js_0.15,false_hotspot,0.15,0.05,7,8,0.6375,0.8125,True,1.5,1.5,0.8279874551046953
false_hotspot_js_0.15,false_hotspot,0.15,0.05,7,9,0.0625,0.6875,True,2.8000000000000003,2.8000000000000003,1.520317827477473
false_hotspot_js_0.15,false_hotspot,0.15,0.05,7,10,0.6625,0.6125,True,1.05,1.05,0.5600694107876278
false_hotspot_js_0.15,false_hotspot,0.15,0.05,7,11,0.8625,0.5875,False,,15.0,2.639147482492108
false_hotspot_js_0.15,false_hotspot,0.15,0.05,7,12,0.6625,0.5875,True,1.05,1.05,0.5600694107876278
false_hotspot_js_0.15,false_hotspot,0.15,0.05,7,13,0.7875,0.6625,False,,15.0,2.639147482492108
false_hotspot_js_0.15,false_hotspot,0.15,0.05,7,14,0.7625,0.6875,False,,15.0,2.639147482492108
false_hotspot_js_0.15,false_hotspot,0.15,0.05,7,15,0.6625,0.7125,True,1.25,1.25,0.6972203788333226
false_hotspot_js_0.15,false_hotspot,0.15,0.05,7,16,0.7375,0.9875,True,4.800000000000001,4.800000000000001,2.3958879805985416
false_hotspot_js_0.15,false_hotspot,0.15,0.05,7,17,0.6125,0.8125,True,1.55,1.55,0.8441721989081129
false_hotspot_js_0.15,false_hotspot,0.15,0.05,7,18,0.6625,0.7375,True,1.3,1.3,0.7311745095333131
false_hotspot_js_0.15,false_hotspot,0.15,0.05,7,19,0.0375,0.9875,False,,15.0,2.639147482492108
false_hotspot_js_0.15,false_hotspot,0.15,0.05,7,20,0.6625,0.5625,True,1.05,1.05,0.5600694107876278
false_hotspot_js_0.15,false_hotspot,0.15,0.05,7,21,0.6625,0.5125,True,1.2000000000000002,1.2000000000000002,0.6632669373593911
false_hotspot_js_0.15,false_hotspot,0.15,0.05,7,22,0.5875,0.7375,True,1.3,1.3,0.7311745095333131
false_hotspot_js_0.15,false_hotspot,0.15,0.05,7,23,0.5125,0.1875,False,,15.0,2.639147482492108
false_hotspot_js_0.15,false_hotspot,0.15,0.05,7,24,0.0875,0.1625,False,,15.0,2.639147482492108
false_hotspot_js_0.15,false_hotspot,0.15,0.05,7,25,0.8125,0.6875,True,6.300000000000001,6.300000000000001,2.639147482492108
false_hotspot_js_0.15,false_hotspot,0.15,0.05,7,26,0.9625,0.6625,True,6.7,6.7,2.639147482492108
false_hotspot_js_0.15,false_hotspot,0.15,0.05,7,27,0.6625,0.8875,True,4.55,4.55,2.2096528758922367
false_hotspot_js_0.15,false_hotspot,0.15,0.05,7,28,0.7125,0.7375,True,1.3,1.3,0.7311745095333131
false_hotspot_js_0.15,false_hotspot,0.15,0.05,7,29,0.8125,0.6875,True,6.300000000000001,6.300000000000001,2.639147482492108
false_hotspot_js_0.15,false_hotspot,0.15,0.05,7,30,0.7125,0.6875,True,1.2000000000000002,1.2000000000000002,0.6632669373593911
false_hotspot_js_0.15,false_hotspot,0.15,0.05,7,31,0.5875,0.5875,True,1.1,1.1,0.5954144271761336
false_hotspot_js_0.15,false_hotspot,0.15,0.05,7,32,0.0125,0.0625,False,,15.0,2.639147482492108
false_hotspot_js_0.15,false_hotspot,0.15,0.05,7,33,0.7375,0.5375,False,,15.0,2.639147482492108
false_hotspot_js_0.15,false_hotspot,0.15,0.05,7,34,0.7125,0.7625,True,1.35,1.35,0.759527951026875
false_hotspot_js_0.15,false_hotspot,0.15,0.05,7,35,0.8375,0.5375,False,,15.0,2.639147482492108
false_hotspot_js_0.15,false_hotspot,0.15,0.05,7,36,0.7125,0.6375,True,1.1500000000000001,1.1500000000000001,0.6293406822677623
false_hotspot_js_0.15,false_hotspot,0.15,0.05,7,37,0.6375,0.0125,False,,15.0,2.639147482492108
false_hotspot_js_0.15,false_hotspot,0.15,0.05,7,38,0.9375,0.8125,True,6.800000000000001,6.800000000000001,2.639147482492108
false_hotspot_js_0.15,false_hotspot,0.15,0.05,7,39,0.9125,0.4875,False,,15.0,2.639147482492108
false_hotspot_js_0.15,false_hotspot,0.15,0.05,7,40,0.7625,0.5875,False,,15.0,2.639147482492108
false_hotspot_js_0.15,false_hotspot,0.15,0.05,7,41,0.5875,0.8625,True,1.8,1.8,0.914582500317181
false_hotspot_js_0.15,false_hotspot,0.15,0.05,7,42,0.7875,0.6875,True,6.2,6.2,2.639147482492108
false_hotspot_js_0.15,false_hotspot,0.15,0.05,7,43,0.6875,0.8375,True,1.5,1.5,0.8279874551046953
false_hotspot_js_0.15,false_hotspot,0.15,0.05,7,44,0.7625,0.7375,True,4.55,4.55,2.2096528758922367
false_hotspot_js_0.15,false_hotspot,0.15,0.05,7,45,0.6375,0.7875,True,1.4000000000000001,1.4000000000000001,0.7864034349751161
false_hotspot_js_0.15,false_hotspot,0.15,0.05,7,46,0.8625,0.3625,False,,15.0,2.639147482492108
false_hotspot_js_0.15,false_hotspot,0.15,0.05,7,47,0.5375,0.7125,True,1.3,1.3,0.7311745095333131
false_hotspot_js_0.15,false_hotspot,0.15,0.05,7,48,0.7625,0.6875,False,,15.0,2.639147482492108
false_hotspot_js_0.15,false_hotspot,0.15,0.05,7,49,0.9375,0.8375,True,6.8500000000000005,6.8500000000000005,2.639147482492108
false_hotspot_js_0.15,false_hotspot,0.15,0.05,7,50,0.6875,0.6375,True,1.1,1.1,0.5954144271761336
false_hotspot_js_0.15,false_hotspot,0.15,0.05,7,51,0.9375,0.7125,True,6.65,6.65,2.639147482492108
false_hotspot_js_0.15,false_hotspot,0.15,0.05,7,52,0.0875,0.2625,False,,15.0,2.639147482492108
false_hotspot_js_0.15,false_hotspot,0.15,0.05,7,53,0.8375,0.6375,False,,15.0,2.639147482492108
false_hotspot_js_0.15,false_hotspot,0.15,0.05,7,54,0.7875,0.6125,False,,15.0,2.639147482492108
false_hotspot_js_0.15,false_hotspot,0.15,0.05,7,55,0.8125,0.4875,False,,15.0,2.639147482492108
false_hotspot_js_0.15,false_hotspot,0.15,0.05,7,56,0.7875,0.8125,True,4.6000000000000005,4.6000000000000005,2.2485569194315187
false_hotspot_js_0.15,false_hotspot,0.15,0.05,7,57,0.7875,0.6375,False,,15.0,2.639147482492108
false_hotspot_js_0.15,false_hotspot,0.15,0.05,7,58,0.5625,0.9625,False,,15.0,2.639147482492108
false_hotspot_js_0.15,false_hotspot,0.15,0.05,7,59,0.8625,0.7125,True,6.4,6.4,2.639147482492108
false_hotspot_js_0.15,false_hotspot,0.15,0.05,7,60,0.4125,0.7375,True,2.15,2.15,1.0960642164822259
false_hotspot_js_0.15,false_hotspot,0.15,0.05,7,61,0.7625,0.7375,True,4.55,4.55,2.2096528758922367
false_hotspot_js_0.15,false_hotspot,0.15,0.05,7,62,0.5875,0.7625,True,1.4000000000000001,1.4000000000000001,0.7864034349751161
false_hotspot_js_0.15,false_hotspot,0.15,0.05,7,63,0.8125,0.4875,False,,15.0,2.639147482492108
false_hotspot_js_0.15,false_hotspot,0.15,0.05,11,0,0.6875,0.4625,False,,15.0,2.639147482492108
false_hotspot_js_0.15,false_hotspot,0.15,0.05,11,1,0.7375,0.6875,True,1.2000000000000002,1.2000000000000002,0.6632669373593911
false_hotspot_js_0.15,false_hotspot,0.15,0.05,11,2,0.9875,0.7125,True,6.800000000000001,6.800000000000001,2.639147482492108
false_hotspot_js_0.15,false_hotspot,0.15,0.05,11,3,0.9125,0.1125,False,,15.0,2.639147482492108
false_hotspot_js_0.15,false_hotspot,0.15,0.05,11,4,0.7625,0.4875,False,,15.0,2.639147482492108
false_hotspot_js_0.15,false_hotspot,0.15,0.05,11,5,0.8125,0.8875,True,4.7,4.7,2.325891553026755
false_hotspot_js_0.15,false_hotspot,0.15,0.05,11,6,0.8875,0.2875,False,,15.0,2.639147482492108
false_hotspot_js_0.15,false_hotspot,0.15,0.05,11,7,0.7125,0.4625,False,,15.0,2.639147482492108
false_hotspot_js_0.15,false_hotspot,0.15,0.05,11,8,0.7625,0.9125,True,4.7,4.7,2.325891553026755
false_hotspot_js_0.15,false_hotspot,0.15,0.05,11,9,0.6625,0.7375,True,1.3,1.3,0.7311745095333131
false_hotspot_js_0.15,false_hotspot,0.15,0.05,11,10,0.7125,0.6375,True,1.1500000000000001,1.1500000000000001,0.6293406822677623
false_hotspot_js_0.15,false_hotspot,0.15,0.05,11,11,0.7875,0.6875,True,6.2,6.2,2.639147482492108
false_hotspot_js_0.15,false_hotspot,0.15,0.05,11,12,0.9125,0.7375,True,6.550000000000001,6.550000000000001,2.639147482492108
false_hotspot_js_0.15,false_hotspot,0.15,0.05,11,13,0.8125,0.5875,False,,15.0,2.639147482492108
false_hotspot_js_0.15,false_hotspot,0.15,0.05,11,14,0.9875,0.4625,False,,15.0,2.639147482492108
false_hotspot_js_0.15,false_hotspot,0.15,0.05,11,15,0.5125,0.8125,True,1.9000000000000001,1.9000000000000001,0.9600246718069243
false_hotspot_js_0.15,false_hotspot,0.15,0.05,11,16,0.4125,0.7625,True,2.15,2.15,1.0960642164822259
false_hotspot_js_0.15,false_hotspot,0.15,0.05,11,17,0.7875,0.6875,True,6.2,6.2,2.639147482492108
false_hotspot_js_0.15,false_hotspot,0.15,0.05,11,18,0.7875,0.8125,True,4.6000000000000005,4.6000000000000005,2.2485569194315187
false_hotspot_js_0.15,false_hotspot,0.15,0.05,11,19,0.6125,0.7125,True,1.25,1.25,0.6972203788333226
false_hotspot_js_0.15,false_hotspot,0.15,0.05,11,20,0.6625,0.9625,True,4.7,4.7,2.325891553026755
false_hotspot_js_0.15,false_hotspot,0.15,0.05,11,21,0.8875,0.5375,False,,15.0,2.639147482492108
false_hotspot_js_0.15,false_hotspot,0.15,0.05,11,22,0.6625,0.7125,True,1.25,1.25,0.6972203788333226
false_hotspot_js_0.15,false_hotspot,0.15,0.05,11,23,0.6375,0.6875,True,1.1500000000000001,1.1500000000000001,0.6293406822677623
false_hotspot_js_0.15,false_hotspot,0.15,0.05,11,24,0.6125,0.6375,True,1.1,1.1,0.5954144271761336
false_hotspot_js_0.15,false_hotspot,0.15,0.05,11,25,0.8625,0.7125,True,6.4,6.4,2.639147482492108
false_hotspot_js_0.15,false_hotspot,0.15,0.05,11,26,0.8375,0.5625,False,,15.0,2.639147482492108
false_hotspot_js_0.15,false_hotspot,0.15,0.05,11,27,0.6875,0.8125,True,1.4500000000000002,1.4500000000000002,0.8086825152321726
false_hotspot_js_0.15,false_hotspot,0.15,0.05,11,28,0.8625,0.8375,True,4.7,4.7,2.325891553026755
false_hotspot_js_0.15,false_hotspot,0.15,0.05,11,29,0.6875,0.4625,False,,15.0,2.639147482492108
false_hotspot_js_0.15,false_hotspot,0.15,0.05,11,30,0.9875,0.6625,False,,15.0,2.639147482492108
false_hotspot_js_0.15,false_hotspot,0.15,0.05,11,31,0.8375,0.5875,False,,15.0,2.639147482492108
false_hotspot_js_0.15,false_hotspot,0.15,0.05,11,32,0.7875,0.3375,False,,15.0,2.639147482492108
false_hotspot_js_0.15,false_hotspot,0.15,0.05,11,33,0.7875,0.8625,True,4.65,4.65,2.287387426143371
false_hotspot_js_0.15,false_hotspot,0.15,0.05,11,34,0.7125,0.6625,True,1.1500000000000001,1.1500000000000001,0.6293406822677623
false_hotspot_js_0.15,false_hotspot,0.15,0.05,11,35,0.7625,0.4875,False,,15.0,2.639147482492108
false_hotspot_js_0.15,false_hotspot,0.15,0.05,11,36,0.5375,0.7625,True,1.7000000000000002,1.7000000000000002,0.8814690675270955
false_hotspot_js_0.15,false_hotspot,0.15,0.05,11,37,0.8625,0.5375,False,,15.0,2.639147482492108
false_hotspot_js_0.15,false_hotspot,0.15,0.05,11,38,0.8625,0.8625,True,4.75,4.75,2.360889766812648
false_hotspot_js_0.15,false_hotspot,0.15,0.05,11,39,0.6875,0.5625,True,1.05,1.05,0.5600694107876278
false_hotspot_js_0.15,false_hotspot,0.15,0.05,11,40,0.6375,0.1375,False,,15.0,2.639147482492108
false_hotspot_js_0.15,false_hotspot,0.15,0.05,11,41,0.8375,0.5375,False,,15.0,2.639147482492108
false_hotspot_js_0.15,false_hotspot,0.15,0.05,11,42,0.4875,0.6375,True,1.3,1.3,0.7311745095333131
false_hotspot_js_0.15,false_hotspot,0.15,0.05,11,43,0.2375,0.6875,True,2.5,2.5,1.3303811825133511
false_hotspot_js_0.15,false_hotspot,0.15,0.05,11,44,0.9375,0.8625,True,7.0,7.0,2.639147482492108
false_hotspot_js_0.15,false_hotspot,0.15,0.05,11,45,0.7375,0.7625,True,1.35,1.35,0.759527951026875
false_hotspot_js_0.15,false_hotspot,0.15,0.05,11,46,0.9625,0.6125,False,,15.0,2.639147482492108
false_hotspot_js_0.15,false_hotspot,0.15,0.05,11,47,0.8875,0.0625,False,,15.0,2.639147482492108
false_hotspot_js_0.15,false_hotspot,0.15,0.05,11,48,0.6625,0.5125,True,1.2000000000000002,1.2000000000000002,0.6632669373593911
false_hotspot_js_0.15,false_hotspot,0.15,0.05,11,49,0.7625,0.9875,True,4.8500000000000005,4.8500000000000005,2.4287035312924012
false_hotspot_js_0.15,false_hotspot,0.15,0.05,11,50,0.8875,0.6625,True,6.5,6.5,2.639147482492108
false_hotspot_js_0.15,false_hotspot,0.15,0.05,11,51,0.6875,0.7625,True,1.3,1.3,0.7311745095333131
false_hotspot_js_0.15,false_hotspot,0.15,0.05,11,52,0.3125,0.2375,True,0.15000000000000002,0.15000000000000002,0.006300511719399317
false_hotspot_js_0.15,false_hotspot,0.15,0.05,11,53,0.8125,0.1375,False,,15.0,2.639147482492108
false_hotspot_js_0.15,false_hotspot,0.15,0.05,11,54,0.6625,0.8375,True,1.55,1.55,0.8441721989081129
false_hotspot_js_0.15,false_hotspot,0.15,0.05,11,55,0.8375,0.7125,True,6.300000000000001,6.300000000000001,2.639147482492108
false_hotspot_js_0.15,false_hotspot,0.15,0.05,11,56,0.7125,0.6125,True,1.1,1.1,0.5954144271761336
false_hotspot_js_0.15,false_hotspot,0.15,0.05,11,57,0.7625,0.6125,False,,15.0,2.639147482492108
false_hotspot_js_0.15,false_hotspot,0.15,0.05,11,58,0.6625,0.3625,False,,15.0,2.639147482492108
false_hotspot_js_0.15,false_hotspot,0.15,0.05,11,59,0.8375,0.5125,False,,15.0,2.639147482492108
false_hotspot_js_0.15,false_hotspot,0.15,0.05,11,60,0.1875,0.1125,True,0.0,0.0,0.0
false_hotspot_js_0.15,false_hotspot,0.15,0.05,11,61,0.5875,0.8375,True,1.75,1.75,0.8949706011335418
false_hotspot_js_0.15,false_hotspot,0.15,0.05,11,62,0.9625,0.6625,True,6.7,6.7,2.639147482492108
false_hotspot_js_0.15,false_hotspot,0.15,0.05,11,63,0.6625,0.4625,False,,15.0,2.639147482492108
false_negative_suppression_js_0.05,false_negative_suppression,0.05,0.05,7,0,0.6875,0.7375,True,1.85,1.85,0.999672253705476
false_negative_suppression_js_0.05,false_negative_suppression,0.05,0.05,7,1,0.8125,0.8625,True,3.45,3.45,1.638611578628898
false_negative_suppression_js_0.05,false_negative_suppression,0.05,0.05,7,2,0.8625,0.7875,True,3.4000000000000004,3.4000000000000004,1.615530155086386
false_negative_suppression_js_0.05,false_negative_suppression,0.05,0.05,7,3,0.7625,0.5625,True,1.1500000000000001,1.1500000000000001,0.6542875337357164
false_negative_suppression_js_0.05,false_negative_suppression,0.05,0.05,7,4,0.6375,0.6125,True,1.0,1.0,0.5453640923458357
false_negative_suppression_js_0.05,false_negative_suppression,0.05,0.05,7,5,0.0375,0.8625,False,,15.0,1.892255402513345
false_negative_suppression_js_0.05,false_negative_suppression,0.05,0.05,7,6,0.8875,0.0125,False,,15.0,1.892255402513345
false_negative_suppression_js_0.05,false_negative_suppression,0.05,0.05,7,7,0.8375,0.8125,True,3.35,3.35,1.5938405701938958
false_negative_suppression_js_0.05,false_negative_suppression,0.05,0.05,7,8,0.6375,0.8125,True,3.2,3.2,1.5425541603476927
false_negative_suppression_js_0.05,false_negative_suppression,0.05,0.05,7,9,0.0625,0.6875,False,,15.0,1.892255402513345
false_negative_suppression_js_0.05,false_negative_suppression,0.05,0.05,7,10,0.6625,0.6125,True,1.05,1.05,0.5838052874046511
false_negative_suppression_js_0.05,false_negative_suppression,0.05,0.05,7,11,0.8625,0.5875,True,1.85,1.85,0.999672253705476
false_negative_suppression_js_0.05,false_negative_suppression,0.05,0.05,7,12,0.6625,0.5875,True,1.0,1.0,0.5453640923458357
false_negative_suppression_js_0.05,false_negative_suppression,0.05,0.05,7,13,0.7875,0.6625,True,1.4500000000000002,1.4500000000000002,0.8121015856004854
false_negative_suppression_js_0.05,false_negative_suppression,0.05,0.05,7,14,0.7625,0.6875,True,1.6,1.6,0.8781422083573023
false_negative_suppression_js_0.05,false_negative_suppression,0.05,0.05,7,15,0.6625,0.7125,True,1.85,1.85,0.999672253705476
false_negative_suppression_js_0.05,false_negative_suppression,0.05,0.05,7,16,0.7375,0.9875,True,5.2,5.2,1.892255402513345
false_negative_suppression_js_0.05,false_negative_suppression,0.05,0.05,7,17,0.6125,0.8125,True,3.1500000000000004,3.1500000000000004,1.52716824555265
false_negative_suppression_js_0.05,false_negative_suppression,0.05,0.05,7,18,0.6625,0.7375,True,1.9000000000000001,1.9000000000000001,1.0183624375016027
false_negative_suppression_js_0.05,false_negative_suppression,0.05,0.05,7,19,0.0375,0.9875,False,,15.0,1.892255402513345
false_negative_suppression_js_0.05,false_negative_suppression,0.05,0.05,7,20,0.6625,0.5625,True,1.0,1.0,0.5453640923458357
false_negative_suppression_js_0.05,false_negative_suppression,0.05,0.05,7,21,0.6625,0.5125,True,0.9500000000000001,0.9500000000000001,0.5028776137690196
false_negative_suppression_js_0.05,false_negative_suppression,0.05,0.05,7,22,0.5875,0.7375,True,2.15,2.15,1.1025177404798299
false_negative_suppression_js_0.05,false_negative_suppression,0.05,0.05,7,23,0.5125,0.1875,False,,15.0,1.892255402513345
false_negative_suppression_js_0.05,false_negative_suppression,0.05,0.05,7,24,0.0875,0.1625,False,,15.0,1.892255402513345
false_negative_suppression_js_0.05,false_negative_suppression,0.05,0.05,7,25,0.8125,0.6875,True,1.55,1.55,0.8558762220270396
false_negative_suppression_js_0.05,false_negative_suppression,0.05,0.05,7,26,0.9625,0.6625,True,3.75,3.75,1.7967183103222073
false_negative_suppression_js_0.05,false_negative_suppression,0.05,0.05,7,27,0.6625,0.8875,True,5.550000000000001,5.550000000000001,1.892255402513345
false_negative_suppression_js_0.05,false_negative_suppression,0.05,0.05,7,28,0.7125,0.7375,True,1.8,1.8,0.9775753336070334
false_negative_suppression_js_0.05,false_negative_suppression,0.05,0.05,7,29,0.8125,0.6875,True,1.55,1.55,0.8558762220270396
false_negative_suppression_js_0.05,false_negative_suppression,0.05,0.05,7,30,0.7125,0.6875,True,1.6500000000000001,1.6500000000000001,0.9020127294118317
false_negative_suppression_js_0.05,false_negative_suppression,0.05,0.05,7,31,0.5875,0.5875,True,1.05,1.05,0.5838052874046511
false_negative_suppression_js_0.05,false_negative_suppression,0.05,0.05,7,32,0.0125,0.0625,False,,15.0,1.892255402513345
false_negative_suppression_js_0.05,false_negative_suppression,0.05,0.05,7,33,0.7375,0.5375,True,1.1,1.1,0.6208063666075504
false_negative_suppression_js_0.05,false_negative_suppression,0.05,0.05,7,34,0.7125,0.7625,True,1.85,1.85,0.999672253705476
false_negative_suppression_js_0.05,false_negative_suppression,0.05,0.05,7,35,0.8375,0.5375,True,1.6,1.6,0.8781422083573023
false_negative_suppression_js_0.05,false_negative_suppression,0.05,0.05,7,36,0.7125,0.6375,True,1.3,1.3,0.7412816350159667
false_negative_suppression_js_0.05,false_negative_suppression,0.05,0.05,7,37,0.6375,0.0125,False,,15.0,1.892255402513345
false_negative_suppression_js_0.05,false_negative_suppression,0.05,0.05,7,38,0.9375,0.8125,True,3.5500000000000003,3.5500000000000003,1.6941513112166544
false_negative_suppression_js_0.05,false_negative_suppression,0.05,0.05,7,39,0.9125,0.4875,False,,15.0,1.892255402513345
false_negative_suppression_js_0.05,false_negative_suppression,0.05,0.05,7,40,0.7625,0.5875,True,1.1,1.1,0.6208063666075504
false_negative_suppression_js_0.05,false_negative_suppression,0.05,0.05,7,41,0.5875,0.8625,True,3.25,3.25,1.5583414275894496
false_negative_suppression_js_0.05,false_negative_suppression,0.05,0.05,7,42,0.7875,0.6875,True,1.55,1.55,0.8558762220270396
false_negative_suppression_js_0.05,false_negative_suppression,0.05,0.05,7,43,0.6875,0.8375,True,3.3000000000000003,3.3000000000000003,1.5755170804520904
false_negative_suppression_js_0.05,false_negative_suppression,0.05,0.05,7,44,0.7625,0.7375,True,1.7000000000000002,1.7000000000000002,0.9271972156234995
false_negative_suppression_js_0.05,false_negative_suppression,0.05,0.05,7,45,0.6375,0.7875,True,2.0500000000000003,2.0500000000000003,1.0686201682224916
false_negative_suppression_js_0.05,false_negative_suppression,0.05,0.05,7,46,0.8625,0.3625,False,,15.0,1.892255402513345
false_negative_suppression_js_0.05,false_negative_suppression,0.05,0.05,7,47,0.5375,0.7125,True,2.25,2.25,1.1426529809477701
false_negative_suppression_js_0.05,false_negative_suppression,0.05,0.05,7,48,0.7625,0.6875,True,1.6,1.6,0.8781422083573023
false_negative_suppression_js_0.05,false_negative_suppression,0.05,0.05,7,49,0.9375,0.8375,True,3.5500000000000003,3.5500000000000003,1.6941513112166544
false_negative_suppression_js_0.05,false_negative_suppression,0.05,0.05,7,50,0.6875,0.6375,True,1.5,1.5,0.8338746618727674
false_negative_suppression_js_0.05,false_negative_suppression,0.05,0.05,7,51,0.9375,0.7125,True,3.6,3.6,1.7246390623299892
false_negative_suppression_js_0.05,false_negative_suppression,0.05,0.05,7,52,0.0875,0.2625,False,,15.0,1.892255402513345
false_negative_suppression_js_0.05,false_negative_suppression,0.05,0.05,7,53,0.8375,0.6375,True,1.85,1.85,0.999672253705476
false_negative_suppression_js_0.05,false_negative_suppression,0.05,0.05,7,54,0.7875,0.6125,True,1.2000000000000002,1.2000000000000002,0.6856612828320909
false_negative_suppression_js_0.05,false_negative_suppression,0.05,0.05,7,55,0.8125,0.4875,True,1.4500000000000002,1.4500000000000002,0.8121015856004854
false_negative_suppression_js_0.05,false_negative_suppression,0.05,0.05,7,56,0.7875,0.8125,True,3.3000000000000003,3.3000000000000003,1.5755170804520904
false_negative_suppression_js_0.05,false_negative_suppression,0.05,0.05,7,57,0.7875,0.6375,True,1.35,1.35,0.7665837266550134
false_negative_suppression_js_0.05,false_negative_suppression,0.05,0.05,7,58,0.5625,0.9625,False,,15.0,1.892255402513345
false_negative_suppression_js_0.05,false_negative_suppression,0.05,0.05,7,59,0.8625,0.7125,True,3.5,3.5,1.6654447630315898
false_negative_suppression_js_0.05,false_negative_suppression,0.05,0.05,7,60,0.4125,0.7375,False,,15.0,1.892255402513345
false_negative_suppression_js_0.05,false_negative_suppression,0.05,0.05,7,61,0.7625,0.7375,True,1.7000000000000002,1.7000000000000002,0.9271972156234995
false_negative_suppression_js_0.05,false_negative_suppression,0.05,0.05,7,62,0.5875,0.7625,True,2.15,2.15,1.1025177404798299
false_negative_suppression_js_0.05,false_negative_suppression,0.05,0.05,7,63,0.8125,0.4875,True,1.4500000000000002,1.4500000000000002,0.8121015856004854
false_negative_suppression_js_0.05,false_negative_suppression,0.05,0.05,11,0,0.6875,0.4625,True,1.1500000000000001,1.1500000000000001,0.6542875337357164
false_negative_suppression_js_0.05,false_negative_suppression,0.05,0.05,11,1,0.7375,0.6875,True,1.6,1.6,0.8781422083573023
false_negative_suppression_js_0.05,false_negative_suppression,0.05,0.05,11,2,0.9875,0.7125,True,3.7,3.7,1.7757388607427498
false_negative_suppression_js_0.05,false_negative_suppression,0.05,0.05,11,3,0.9125,0.1125,False,,15.0,1.892255402513345
false_negative_suppression_js_0.05,false_negative_suppression,0.05,0.05,11,4,0.7625,0.4875,True,1.25,1.25,0.7149627484639421
false_negative_suppression_js_0.05,false_negative_suppression,0.05,0.05,11,5,0.8125,0.8875,True,5.6000000000000005,5.6000000000000005,1.892255402513345
false_negative_suppression_js_0.05,false_negative_suppression,0.05,0.05,11,6,0.8875,0.2875,False,,15.0,1.892255402513345
false_negative_suppression_js_0.05,false_negative_suppression,0.05,0.05,11,7,0.7125,0.4625,True,1.2000000000000002,1.2000000000000002,0.6856612828320909
false_negative_suppression_js_0.05,false_negative_suppression,0.05,0.05,11,8,0.7625,0.9125,True,5.45,5.45,1.892255402513345
false_negative_suppression_js_0.05,false_negative_suppression,0.05,0.05,11,9,0.6625,0.7375,True,1.9000000000000001,1.9000000000000001,1.0183624375016027
false_negative_suppression_js_0.05,false_negative_suppression,0.05,0.05,11,10,0.7125,0.6375,True,1.3,1.3,0.7412816350159667
false_negative_suppression_js_0.05,false_negative_suppression,0.05,0.05,11,11,0.7875,0.6875,True,1.55,1.55,0.8558762220270396
false_negative_suppression_js_0.05,false_negative_suppression,0.05,0.05,11,12,0.9125,0.7375,True,3.5500000000000003,3.5500000000000003,1.6941513112166544
false_negative_suppression_js_0.05,false_negative_suppression,0.05,0.05,11,13,0.8125,0.5875,True,1.35,1.35,0.7665837266550134
false_negative_suppression_js_0.05,false_negative_suppression,0.05,0.05,11,14,0.9875,0.4625,False,,15.0,1.892255402513345
false_negative_suppression_js_0.05,false_negative_suppression,0.05,0.05,11,15,0.5125,0.8125,False,,15.0,1.892255402513345
false_negative_suppression_js_0.05,false_negative_suppression,0.05,0.05,11,16,0.4125,0.7625,False,,15.0,1.892255402513345
false_negative_suppression_js_0.05,false_negative_suppression,0.05,0.05,11,17,0.7875,0.6875,True,1.55,1.55,0.8558762220270396
false_negative_suppression_js_0.05,false_negative_suppression,0.05,0.05,11,18,0.7875,0.8125,True,3.3000000000000003,3.3000000000000003,1.5755170804520904
false_negative_suppression_js_0.05,false_negative_suppression,0.05,0.05,11,19,0.6125,0.7125,True,2.0500000000000003,2.0500000000000003,1.0686201682224916
false_negative_suppression_js_0.05,false_negative_suppression,0.05,0.05,11,20,0.6625,0.9625,True,5.3500000000000005,5.3500000000000005,1.892255402513345
false_negative_suppression_js_0.05,false_negative_suppression,0.05,0.05,11,21,0.8875,0.5375,False,,15.0,1.892255402513345
false_negative_suppression_js_0.05,false_negative_suppression,0.05,0.05,11,22,0.6625,0.7125,True,1.85,1.85,0.999672253705476
false_negative_suppression_js_0.05,false_negative_suppression,0.05,0.05,11,23,0.6375,0.6875,True,1.9000000000000001,1.9000000000000001,1.0183624375016027
false_negative_suppression_js_0.05,false_negative_suppression,0.05,0.05,11,24,0.6125,0.6375,True,2.0,2.0,1.0524944191271548
false_negative_suppression_js_0.05,false_negative_suppression,0.05,0.05,11,25,0.8625,0.7125,True,3.5,3.5,1.6654447630315898
false_negative_suppression_js_0.05,false_negative_suppression,0.05,0.05,11,26,0.8375,0.5625,True,1.6,1.6,0.8781422083573023
false_negative_suppression_js_0.05,false_negative_suppression,0.05,0.05,11,27,0.6875,0.8125,True,3.25,3.25,1.5583414275894496
false_negative_suppression_js_0.05,false_negative_suppression,0.05,0.05,11,28,0.8625,0.8375,True,3.4000000000000004,3.4000000000000004,1.615530155086386
false_negative_suppression_js_0.05,false_negative_suppression,0.05,0.05,11,29,0.6875,0.4625,True,1.1500000000000001,1.1500000000000001,0.6542875337357164
false_negative_suppression_js_0.05,false_negative_suppression,0.05,0.05,11,30,0.9875,0.6625,True,3.8000000000000003,3.8000000000000003,1.8159643728117973
false_negative_suppression_js_0.05,false_negative_suppression,0.05,0.05,11,31,0.8375,0.5875,True,1.6500000000000001,1.6500000000000001,0.9020127294118317
false_negative_suppression_js_0.05,false_negative_suppression,0.05,0.05,11,32,0.7875,0.3375,False,,15.0,1.892255402513345
false_negative_suppression_js_0.05,false_negative_suppression,0.05,0.05,11,33,0.7875,0.8625,True,3.4000000000000004,3.4000000000000004,1.615530155086386
false_negative_suppression_js_0.05,false_negative_suppression,0.05,0.05,11,34,0.7125,0.6625,True,1.55,1.55,0.8558762220270396
false_negative_suppression_js_0.05,false_negative_suppression,0.05,0.05,11,35,0.7625,0.4875,True,1.25,1.25,0.7149627484639421
false_negative_suppression_js_0.05,false_negative_suppression,0.05,0.05,11,36,0.5375,0.7625,True,2.9000000000000004,2.9000000000000004,1.4335533603979014
false_negative_suppression_js_0.05,false_negative_suppression,0.05,0.05,11,37,0.8625,0.5375,True,1.75,1.75,0.9540912953255979
false_negative_suppression_js_0.05,false_negative_suppression,0.05,0.05,11,38,0.8625,0.8625,True,3.45,3.45,1.638611578628898
false_negative_suppression_js_0.05,false_negative_suppression,0.05,0.05,11,39,0.6875,0.5625,True,1.0,1.0,0.5453640923458357
false_negative_suppression_js_0.05,false_negative_suppression,0.05,0.05,11,40,0.6375,0.1375,False,,15.0,1.892255402513345
false_negative_suppression_js_0.05,false_negative_suppression,0.05,0.05,11,41,0.8375,0.5375,True,1.6,1.6,0.8781422083573023
false_negative_suppression_js_0.05,false_negative_suppression,0.05,0.05,11,42,0.4875,0.6375,True,2.35,2.35,1.1921876542436944
false_negative_suppression_js_0.05,false_negative_suppression,0.05,0.05,11,43,0.2375,0.6875,False,,15.0,1.892255402513345
false_negative_suppression_js_0.05,false_negative_suppression,0.05,0.05,11,44,0.9375,0.8625,True,3.5,3.5,1.6654447630315898
false_negative_suppression_js_0.05,false_negative_suppression,0.05,0.05,11,45,0.7375,0.7625,True,1.8,1.8,0.9775753336070334
false_negative_suppression_js_0.05,false_negative_suppression,0.05,0.05,11,46,0.9625,0.6125,False,,15.0,1.892255402513345
false_negative_suppression_js_0.05,false_negative_suppression,0.05,0.05,11,47,0.8875,0.0625,False,,15.0,1.892255402513345
false_negative_suppression_js_0.05,false_negative_suppression,0.05,0.05,11,48,0.6625,0.5125,True,0.9500000000000001,0.9500000000000001,0.5028776137690196
false_negative_suppression_js_0.05,false_negative_suppression,0.05,0.05,11,49,0.7625,0.9875,True,5.15,5.15,1.892255402513345
false_negative_suppression_js_0.05,false_negative_suppression,0.05,0.05,11,50,0.8875,0.6625,True,3.6,3.6,1.7246390623299892
false_negative_suppression_js_0.05,false_negative_suppression,0.05,0.05,11,51,0.6875,0.7625,True,1.9000000000000001,1.9000000000000001,1.0183624375016027
false_negative_suppression_js_0.05,false_negative_suppression,0.05,0.05,11,52,0.3125,0.2375,True,0.15000000000000002,0.15000000000000002,0.007842589808091511
false_negative_suppression_js_0.05,false_negative_suppression,0.05,0.05,11,53,0.8125,0.1375,False,,15.0,1.892255402513345
false_negative_suppression_js_0.05,false_negative_suppression,0.05,0.05,11,54,0.6625,0.8375,True,3.25,3.25,1.5583414275894496
false_negative_suppression_js_0.05,false_negative_suppression,0.05,0.05,11,55,0.8375,0.7125,True,3.45,3.45,1.638611578628898
false_negative_suppression_js_0.05,false_negative_suppression,0.05,0.05,11,56,0.7125,0.6125,True,1.1,1.1,0.6208063666075504
false_negative_suppression_js_0.05,false_negative_suppression,0.05,0.05,11,57,0.7625,0.6125,True,1.2000000000000002,1.2000000000000002,0.6856612828320909
false_negative_suppression_js_0.05,false_negative_suppression,0.05,0.05,11,58,0.6625,0.3625,False,,15.0,1.892255402513345
false_negative_suppression_js_0.05,false_negative_suppression,0.05,0.05,11,59,0.8375,0.5125,True,1.6,1.6,0.8781422083573023
false_negative_suppression_js_0.05,false_negative_suppression,0.05,0.05,11,60,0.1875,0.1125,True,0.0,0.0,0.0
false_negative_suppression_js_0.05,false_negative_suppression,0.05,0.05,11,61,0.5875,0.8375,True,3.1500000000000004,3.1500000000000004,1.52716824555265
false_negative_suppression_js_0.05,false_negative_suppression,0.05,0.05,11,62,0.9625,0.6625,True,3.75,3.75,1.7967183103222073
false_negative_suppression_js_0.05,false_negative_suppression,0.05,0.05,11,63,0.6625,0.4625,True,1.1,1.1,0.6208063666075504
false_negative_suppression_js_0.1,false_negative_suppression,0.1,0.05,7,0,0.6875,0.7375,True,1.9000000000000001,1.9000000000000001,0.9853964172663165
false_negative_suppression_js_0.1,false_negative_suppression,0.1,0.05,7,1,0.8125,0.8625,True,3.4000000000000004,3.4000000000000004,1.6321308153964258
false_negative_suppression_js_0.1,false_negative_suppression,0.1,0.05,7,2,0.8625,0.7875,True,3.5,3.5,1.6813785750193513
false_negative_suppression_js_0.1,false_negative_suppression,0.1,0.05,7,3,0.7625,0.5625,True,1.25,1.25,0.686882187737809
false_negative_suppression_js_0.1,false_negative_suppression,0.1,0.05,7,4,0.6375,0.6125,True,1.8,1.8,0.9333113564551724
false_negative_suppression_js_0.1,false_negative_suppression,0.1,0.05,7,5,0.0375,0.8625,False,,15.0,1.9623007727199948
false_negative_suppression_js_0.1,false_negative_suppression,0.1,0.05,7,6,0.8875,0.0125,False,,15.0,1.9623007727199948
false_negative_suppression_js_0.1,false_negative_suppression,0.1,0.05,7,7,0.8375,0.8125,True,3.45,3.45,1.65560143819432
false_negative_suppression_js_0.1,false_negative_suppression,0.1,0.05,7,8,0.6375,0.8125,True,3.2,3.2,1.5587707551804282
false_negative_suppression_js_0.1,false_negative_suppression,0.1,0.05,7,9,0.0625,0.6875,False,,15.0,1.9623007727199948
false_negative_suppression_js_0.1,false_negative_suppression,0.1,0.05,7,10,0.6625,0.6125,True,1.7000000000000002,1.7000000000000002,0.880591551072697
false_negative_suppression_js_0.1,false_negative_suppression,0.1,0.05,7,11,0.8625,0.5875,False,,15.0,1.9623007727199948
false_negative_suppression_js_0.1,false_negative_suppression,0.1,0.05,7,12,0.6625,0.5875,True,1.6500000000000001,1.6500000000000001,0.8575038716083321
false_negative_suppression_js_0.1,false_negative_suppression,0.1,0.05,7,13,0.7875,0.6625,True,3.6,3.6,1.741843511551282
false_negative_suppression_js_0.1,false_negative_suppression,0.1,0.05,7,14,0.7625,0.6875,True,3.5,3.5,1.6813785750193513
false_negative_suppression_js_0.1,false_negative_suppression,0.1,0.05,7,15,0.6625,0.7125,True,1.9000000000000001,1.9000000000000001,0.9853964172663165
false_negative_suppression_js_0.1,false_negative_suppression,0.1,0.05,7,16,0.7375,0.9875,True,5.2,5.2,1.9623007727199948
false_negative_suppression_js_0.1,false_negative_suppression,0.1,0.05,7,17,0.6125,0.8125,True,3.2,3.2,1.5587707551804282
false_negative_suppression_js_0.1,false_negative_suppression,0.1,0.05,7,18,0.6625,0.7375,True,1.9500000000000002,1.9500000000000002,1.008789604051803
false_negative_suppression_js_0.1,false_negative_suppression,0.1,0.05,7,19,0.0375,0.9875,False,,15.0,1.9623007727199948
false_negative_suppression_js_0.1,false_negative_suppression,0.1,0.05,7,20,0.6625,0.5625,True,1.05,1.05,0.5629613698147453
false_negative_suppression_js_0.1,false_negative_suppression,0.1,0.05,7,21,0.6625,0.5125,True,0.9500000000000001,0.9500000000000001,0.4864495332866374
false_negative_suppression_js_0.1,false_negative_suppression,0.1,0.05,7,22,0.5875,0.7375,True,2.1,2.1,1.0738984125099773
false_negative_suppression_js_0.1,false_negative_suppression,0.1,0.05,7,23,0.5125,0.1875,False,,15.0,1.9623007727199948
false_negative_suppression_js_0.1,false_negative_suppression,0.1,0.05,7,24,0.0875,0.1625,False,,15.0,1.9623007727199948
false_negative_suppression_js_0.1,false_negative_suppression,0.1,0.05,7,25,0.8125,0.6875,True,3.5500000000000003,3.5500000000000003,1.7110216609503424
false_negative_suppression_js_0.1,false_negative_suppression,0.1,0.05,7,26,0.9625,0.6625,True,3.85,3.85,1.8733445910633058
false_negative_suppression_js_0.1,false_negative_suppression,0.1,0.05,7,27,0.6625,0.8875,True,3.4000000000000004,3.4000000000000004,1.6321308153964258
false_negative_suppression_js_0.1,false_negative_suppression,0.1,0.05,7,28,0.7125,0.7375,True,3.1500000000000004,3.1500000000000004,1.5427378862817849
false_negative_suppression_js_0.1,false_negative_suppression,0.1,0.05,7,29,0.8125,0.6875,True,3.5500000000000003,3.5500000000000003,1.7110216609503424
false_negative_suppression_js_0.1,false_negative_suppression,0.1,0.05,7,30,0.7125,0.6875,True,1.8,1.8,0.9333113564551724
false_negative_suppression_js_0.1,false_negative_suppression,0.1,0.05,7,31,0.5875,0.5875,True,1.9500000000000002,1.9500000000000002,1.008789604051803
false_negative_suppression_js_0.1,false_negative_suppression,0.1,0.05,7,32,0.0125,0.0625,False,,15.0,1.9623007727199948
false_negative_suppression_js_0.1,false_negative_suppression,0.1,0.05,7,33,0.7375,0.5375,True,1.1,1.1,0.5979691641190431
false_negative_suppression_js_0.1,false_negative_suppression,0.1,0.05,7,34,0.7125,0.7625,True,3.2,3.2,1.5587707551804282
false_negative_suppression_js_0.1,false_negative_suppression,0.1,0.05,7,35,0.8375,0.5375,False,,15.0,1.9623007727199948
false_negative_suppression_js_0.1,false_negative_suppression,0.1,0.05,7,36,0.7125,0.6375,True,1.7000000000000002,1.7000000000000002,0.880591551072697
false_negative_suppression_js_0.1,false_negative_suppression,0.1,0.05,7,37,0.6375,0.0125,False,,15.0,1.9623007727199948
false_negative_suppression_js_0.1,false_negative_suppression,0.1,0.05,7,38,0.9375,0.8125,True,3.6500000000000004,3.6500000000000004,1.7731428186880684
false_negative_suppression_js_0.1,false_negative_suppression,0.1,0.05,7,39,0.9125,0.4875,False,,15.0,1.9623007727199948
false_negative_suppression_js_0.1,false_negative_suppression,0.1,0.05,7,40,0.7625,0.5875,True,1.4000000000000001,1.4000000000000001,0.7560363077914544
false_negative_suppression_js_0.1,false_negative_suppression,0.1,0.05,7,41,0.5875,0.8625,True,3.25,3.25,1.5746898195731214
false_negative_suppression_js_0.1,false_negative_suppression,0.1,0.05,7,42,0.7875,0.6875,True,3.5500000000000003,3.5500000000000003,1.7110216609503424
false_negative_suppression_js_0.1,false_negative_suppression,0.1,0.05,7,43,0.6875,0.8375,True,3.3000000000000003,3.3000000000000003,1.5923258066870096
false_negative_suppression_js_0.1,false_negative_suppression,0.1,0.05,7,44,0.7625,0.7375,True,3.4000000000000004,3.4000000000000004,1.6321308153964258
false_negative_suppression_js_0.1,false_negative_suppression,0.1,0.05,7,45,0.6375,0.7875,True,3.1500000000000004,3.1500000000000004,1.5427378862817849
false_negative_suppression_js_0.1,false_negative_suppression,0.1,0.05,7,46,0.8625,0.3625,False,,15.0,1.9623007727199948
false_negative_suppression_js_0.1,false_negative_suppression,0.1,0.05,7,47,0.5375,0.7125,True,2.15,2.15,1.0954372240187418
false_negative_suppression_js_0.1,false_negative_suppression,0.1,0.05,7,48,0.7625,0.6875,True,3.5,3.5,1.6813785750193513
false_negative_suppression_js_0.1,false_negative_suppression,0.1,0.05,7,49,0.9375,0.8375,True,3.6,3.6,1.741843511551282
false_negative_suppression_js_0.1,false_negative_suppression,0.1,0.05,7,50,0.6875,0.6375,True,1.75,1.75,0.9064703520344708
false_negative_suppression_js_0.1,false_negative_suppression,0.1,0.05,7,51,0.9375,0.7125,True,3.7,3.7,1.802656630458065
false_negative_suppression_js_0.1,false_negative_suppression,0.1,0.05,7,52,0.0875,0.2625,False,,15.0,1.9623007727199948
false_negative_suppression_js_0.1,false_negative_suppression,0.1,0.05,7,53,0.8375,0.6375,True,3.7,3.7,1.802656630458065
false_negative_suppression_js_0.1,false_negative_suppression,0.1,0.05,7,54,0.7875,0.6125,True,1.55,1.55,0.8153926671121572
false_negative_suppression_js_0.1,false_negative_suppression,0.1,0.05,7,55,0.8125,0.4875,True,1.6,1.6,0.8358502158248605
false_negative_suppression_js_0.1,false_negative_suppression,0.1,0.05,7,56,0.7875,0.8125,True,3.35,3.35,1.6108213147679817
false_negative_suppression_js_0.1,false_negative_suppression,0.1,0.05,7,57,0.7875,0.6375,True,1.6,1.6,0.8358502158248605
false_negative_suppression_js_0.1,false_negative_suppression,0.1,0.05,7,58,0.5625,0.9625,False,,15.0,1.9623007727199948
false_negative_suppression_js_0.1,false_negative_suppression,0.1,0.05,7,59,0.8625,0.7125,True,3.6,3.6,1.741843511551282
false_negative_suppression_js_0.1,false_negative_suppression,0.1,0.05,7,60,0.4125,0.7375,True,3.0,3.0,1.4901071703474011
false_negative_suppression_js_0.1,false_negative_suppression,0.1,0.05,7,61,0.7625,0.7375,True,3.4000000000000004,3.4000000000000004,1.6321308153964258
false_negative_suppression_js_0.1,false_negative_suppression,0.1,0.05,7,62,0.5875,0.7625,True,3.1,3.1,1.5265173939616825
false_negative_suppression_js_0.1,false_negative_suppression,0.1,0.05,7,63,0.8125,0.4875,True,1.6,1.6,0.8358502158248605
false_negative_suppression_js_0.1,false_negative_suppression,0.1,0.05,11,0,0.6875,0.4625,True,1.05,1.05,0.5629613698147453
false_negative_suppression_js_0.1,false_negative_suppression,0.1,0.05,11,1,0.7375,0.6875,True,1.75,1.75,0.9064703520344708
false_negative_suppression_js_0.1,false_negative_suppression,0.1,0.05,11,2,0.9875,0.7125,True,3.8000000000000003,3.8000000000000003,1.851928721650157
false_negative_suppression_js_0.1,false_negative_suppression,0.1,0.05,11,3,0.9125,0.1125,False,,15.0,1.9623007727199948
false_negative_suppression_js_0.1,false_negative_suppression,0.1,0.05,11,4,0.7625,0.4875,True,1.2000000000000002,1.2000000000000002,0.6605401083988274
false_negative_suppression_js_0.1,false_negative_suppression,0.1,0.05,11,5,0.8125,0.8875,True,3.5,3.5,1.6813785750193513
false_negative_suppression_js_0.1,false_negative_suppression,0.1,0.05,11,6,0.8875,0.2875,False,,15.0,1.9623007727199948
false_negative_suppression_js_0.1,false_negative_suppression,0.1,0.05,11,7,0.7125,0.4625,True,1.1,1.1,0.5979691641190431
false_negative_suppression_js_0.1,false_negative_suppression,0.1,0.05,11,8,0.7625,0.9125,True,5.45,5.45,1.9623007727199948
false_negative_suppression_js_0.1,false_negative_suppression,0.1,0.05,11,9,0.6625,0.7375,True,1.9500000000000002,1.9500000000000002,1.008789604051803
false_negative_suppression_js_0.1,false_negative_suppression,0.1,0.05,11,10,0.7125,0.6375,True,1.7000000000000002,1.7000000000000002,0.880591551072697
false_negative_suppression_js_0.1,false_negative_suppression,0.1,0.05,11,11,0.7875,0.6875,True,3.5500000000000003,3.5500000000000003,1.7110216609503424
false_negative_suppression_js_0.1,false_negative_suppression,0.1,0.05,11,12,0.9125,0.7375,True,3.6500000000000004,3.6500000000000004,1.7731428186880684
false_negative_suppression_js_0.1,false_negative_suppression,0.1,0.05,11,13,0.8125,0.5875,True,2.0,2.0,1.0310580872557464
false_negative_suppression_js_0.1,false_negative_suppression,0.1,0.05,11,14,0.9875,0.4625,False,,15.0,1.9623007727199948
false_negative_suppression_js_0.1,false_negative_suppression,0.1,0.05,11,15,0.5125,0.8125,True,3.0500000000000003,3.0500000000000003,1.5087120990765792
false_negative_suppression_js_0.1,false_negative_suppression,0.1,0.05,11,16,0.4125,0.7625,False,,15.0,1.9623007727199948
false_negative_suppression_js_0.1,false_negative_suppression,0.1,0.05,11,17,0.7875,0.6875,True,3.5500000000000003,3.5500000000000003,1.7110216609503424
false_negative_suppression_js_0.1,false_negative_suppression,0.1,0.05,11,18,0.7875,0.8125,True,3.35,3.35,1.6108213147679817
false_negative_suppression_js_0.1,false_negative_suppression,0.1,0.05,11,19,0.6125,0.7125,True,2.0,2.0,1.0310580872557464
false_negative_suppression_js_0.1,false_negative_suppression,0.1,0.05,11,20,0.6625,0.9625,True,5.3500000000000005,5.3500000000000005,1.9623007727199948
false_negative_suppression_js_0.1,false_negative_suppression,0.1,0.05,11,21,0.8875,0.5375,False,,15.0,1.9623007727199948
false_negative_suppression_js_0.1,false_negative_suppression,0.1,0.05,11,22,0.6625,0.7125,True,1.9000000000000001,1.9000000000000001,0.9853964172663165
false_negative_suppression_js_0.1,false_negative_suppression,0.1,0.05,11,23,0.6375,0.6875,True,1.9000000000000001,1.9000000000000001,0.9853964172663165
false_negative_suppression_js_0.1,false_negative_suppression,0.1,0.05,11,24,0.6125,0.6375,True,1.9000000000000001,1.9000000000000001,0.9853964172663165
false_negative_suppression_js_0.1,false_negative_suppression,0.1,0.05,11,25,0.8625,0.7125,True,3.6,3.6,1.741843511551282
false_negative_suppression_js_0.1,false_negative_suppression,0.1,0.05,11,26,0.8375,0.5625,False,,15.0,1.9623007727199948
false_negative_suppression_js_0.1,false_negative_suppression,0.1,0.05,11,27,0.6875,0.8125,True,3.25,3.25,1.5746898195731214
false_negative_suppression_js_0.1,false_negative_suppression,0.1,0.05,11,28,0.8625,0.8375,True,3.5,3.5,1.6813785750193513
false_negative_suppression_js_0.1,false_negative_suppression,0.1,0.05,11,29,0.6875,0.4625,True,1.05,1.05,0.5629613698147453
false_negative_suppression_js_0.1,false_negative_suppression,0.1,0.05,11,30,0.9875,0.6625,True,3.9000000000000004,3.9000000000000004,1.8912111709857486
false_negative_suppression_js_0.1,false_negative_suppression,0.1,0.05,11,31,0.8375,0.5875,False,,15.0,1.9623007727199948
false_negative_suppression_js_0.1,false_negative_suppression,0.1,0.05,11,32,0.7875,0.3375,False,,15.0,1.9623007727199948
false_negative_suppression_js_0.1,false_negative_suppression,0.1,0.05,11,33,0.7875,0.8625,True,3.4000000000000004,3.4000000000000004,1.6321308153964258
false_negative_suppression_js_0.1,false_negative_suppression,0.1,0.05,11,34,0.7125,0.6625,True,1.75,1.75,0.9064703520344708
false_negative_suppression_js_0.1,false_negative_suppression,0.1,0.05,11,35,0.7625,0.4875,True,1.2000000000000002,1.2000000000000002,0.6605401083988274
false_negative_suppression_js_0.1,false_negative_suppression,0.1,0.05,11,36,0.5375,0.7625,True,3.0,3.0,1.4901071703474011
false_negative_suppression_js_0.1,false_negative_suppression,0.1,0.05,11,37,0.8625,0.5375,False,,15.0,1.9623007727199948
false_negative_suppression_js_0.1,false_negative_suppression,0.1,0.05,11,38,0.8625,0.8625,True,3.5,3.5,1.6813785750193513
false_negative_suppression_js_0.1,false_negative_suppression,0.1,0.05,11,39,0.6875,0.5625,True,1.1,1.1,0.5979691641190431
false_negative_suppression_js_0.1,false_negative_suppression,0.1,0.05,11,40,0.6375,0.1375,False,,15.0,1.9623007727199948
false_negative_suppression_js_0.1,false_negative_suppression,0.1,0.05,11,41,0.8375,0.5375,False,,15.0,1.9623007727199948
false_negative_suppression_js_0.1,false_negative_suppression,0.1,0.05,11,42,0.4875,0.6375,True,2.25,2.25,1.1421798915589936
false_negative_suppression_js_0.1,false_negative_suppression,0.1,0.05,11,43,0.2375,0.6875,False,,15.0,1.9623007727199948
false_negative_suppression_js_0.1,false_negative_suppression,0.1,0.05,11,44,0.9375,0.8625,True,3.6,3.6,1.741843511551282
false_negative_suppression_js_0.1,false_negative_suppression,0.1,0.05,11,45,0.7375,0.7625,True,3.2,3.2,1.5587707551804282
false_negative_suppression_js_0.1,false_negative_suppression,0.1,0.05,11,46,0.9625,0.6125,False,,15.0,1.9623007727199948
false_negative_suppression_js_0.1,false_negative_suppression,0.1,0.05,11,47,0.8875,0.0625,False,,15.0,1.9623007727199948
false_negative_suppression_js_0.1,false_negative_suppression,0.1,0.05,11,48,0.6625,0.5125,True,0.9500000000000001,0.9500000000000001,0.4864495332866374
false_negative_suppression_js_0.1,false_negative_suppression,0.1,0.05,11,49,0.7625,0.9875,True,5.15,5.15,1.9623007727199948
false_negative_suppression_js_0.1,false_negative_suppression,0.1,0.05,11,50,0.8875,0.6625,True,3.7,3.7,1.802656630458065
false_negative_suppression_js_0.1,false_negative_suppression,0.1,0.05,11,51,0.6875,0.7625,True,3.2,3.2,1.5587707551804282
false_negative_suppression_js_0.1,false_negative_suppression,0.1,0.05,11,52,0.3125,0.2375,True,0.15000000000000002,0.15000000000000002,0.007794688004062663
false_negative_suppression_js_0.1,false_negative_suppression,0.1,0.05,11,53,0.8125,0.1375,False,,15.0,1.9623007727199948
false_negative_suppression_js_0.1,false_negative_suppression,0.1,0.05,11,54,0.6625,0.8375,True,3.3000000000000003,3.3000000000000003,1.5923258066870096
false_negative_suppression_js_0.1,false_negative_suppression,0.1,0.05,11,55,0.8375,0.7125,True,3.5500000000000003,3.5500000000000003,1.7110216609503424
false_negative_suppression_js_0.1,false_negative_suppression,0.1,0.05,11,56,0.7125,0.6125,True,1.6,1.6,0.8358502158248605
false_negative_suppression_js_0.1,false_negative_suppression,0.1,0.05,11,57,0.7625,0.6125,True,1.55,1.55,0.8153926671121572
false_negative_suppression_js_0.1,false_negative_suppression,0.1,0.05,11,58,0.6625,0.3625,True,1.1500000000000001,1.1500000000000001,0.6298661275210149
false_negative_suppression_js_0.1,false_negative_suppression,0.1,0.05,11,59,0.8375,0.5125,False,,15.0,1.9623007727199948
false_negative_suppression_js_0.1,false_negative_suppression,0.1,0.05,11,60,0.1875,0.1125,True,0.0,0.0,0.0
false_negative_suppression_js_0.1,false_negative_suppression,0.1,0.05,11,61,0.5875,0.8375,True,3.2,3.2,1.5587707551804282
false_negative_suppression_js_0.1,false_negative_suppression,0.1,0.05,11,62,0.9625,0.6625,True,3.85,3.85,1.8733445910633058
false_negative_suppression_js_0.1,false_negative_suppression,0.1,0.05,11,63,0.6625,0.4625,True,0.9500000000000001,0.9500000000000001,0.4864495332866374
false_negative_suppression_js_0.15,false_negative_suppression,0.15,0.05,7,0,0.6875,0.7375,True,3.3000000000000003,3.3000000000000003,1.6147364433503102
false_negative_suppression_js_0.15,false_negative_suppression,0.15,0.05,7,1,0.8125,0.8625,True,3.5,3.5,1.7013716804277157
false_negative_suppression_js_0.15,false_negative_suppression,0.15,0.05,7,2,0.8625,0.7875,True,3.6,3.6,1.760461428107825
false_negative_suppression_js_0.15,false_negative_suppression,0.15,0.05,7,3,0.7625,0.5625,True,1.55,1.55,0.7866160573097067
false_negative_suppression_js_0.15,false_negative_suppression,0.15,0.05,7,4,0.6375,0.6125,True,1.85,1.85,0.9299963280188391
false_negative_suppression_js_0.15,false_negative_suppression,0.15,0.05,7,5,0.0375,0.8625,False,,15.0,2.035883064686022
false_negative_suppression_js_0.15,false_negative_suppression,0.15,0.05,7,6,0.8875,0.0125,False,,15.0,2.035883064686022
false_negative_suppression_js_0.15,false_negative_suppression,0.15,0.05,7,7,0.8375,0.8125,True,3.5500000000000003,3.5500000000000003,1.729831358402103
false_negative_suppression_js_0.15,false_negative_suppression,0.15,0.05,7,8,0.6375,0.8125,True,3.25,3.25,1.5974644717207884
false_negative_suppression_js_0.15,false_negative_suppression,0.15,0.05,7,9,0.0625,0.6875,False,,15.0,2.035883064686022
false_negative_suppression_js_0.15,false_negative_suppression,0.15,0.05,7,10,0.6625,0.6125,True,1.8,1.8,0.9014788440644629
false_negative_suppression_js_0.15,false_negative_suppression,0.15,0.05,7,11,0.8625,0.5875,False,,15.0,2.035883064686022
false_negative_suppression_js_0.15,false_negative_suppression,0.15,0.05,7,12,0.6625,0.5875,True,1.75,1.75,0.8734651784210183
false_negative_suppression_js_0.15,false_negative_suppression,0.15,0.05,7,13,0.7875,0.6625,True,3.7,3.7,1.8267197330377802
false_negative_suppression_js_0.15,false_negative_suppression,0.15,0.05,7,14,0.7625,0.6875,True,3.6,3.6,1.760461428107825
false_negative_suppression_js_0.15,false_negative_suppression,0.15,0.05,7,15,0.6625,0.7125,True,3.3000000000000003,3.3000000000000003,1.6147364433503102
false_negative_suppression_js_0.15,false_negative_suppression,0.15,0.05,7,16,0.7375,0.9875,True,5.2,5.2,2.035883064686022
false_negative_suppression_js_0.15,false_negative_suppression,0.15,0.05,7,17,0.6125,0.8125,True,3.25,3.25,1.5974644717207884
false_negative_suppression_js_0.15,false_negative_suppression,0.15,0.05,7,18,0.6625,0.7375,True,3.1500000000000004,3.1500000000000004,1.563772977767621
false_negative_suppression_js_0.15,false_negative_suppression,0.15,0.05,7,19,0.0375,0.9875,False,,15.0,2.035883064686022
false_negative_suppression_js_0.15,false_negative_suppression,0.15,0.05,7,20,0.6625,0.5625,True,1.7000000000000002,1.7000000000000002,0.8494483521874898
false_negative_suppression_js_0.15,false_negative_suppression,0.15,0.05,7,21,0.6625,0.5125,True,1.05,1.05,0.5456819790772864
false_negative_suppression_js_0.15,false_negative_suppression,0.15,0.05,7,22,0.5875,0.7375,True,3.1,3.1,1.5456241805421407
false_negative_suppression_js_0.15,false_negative_suppression,0.15,0.05,7,23,0.5125,0.1875,False,,15.0,2.035883064686022
false_negative_suppression_js_0.15,false_negative_suppression,0.15,0.05,7,24,0.0875,0.1625,False,,15.0,2.035883064686022
false_negative_suppression_js_0.15,false_negative_suppression,0.15,0.05,7,25,0.8125,0.6875,True,3.6500000000000004,3.6500000000000004,1.7941201330767673
false_negative_suppression_js_0.15,false_negative_suppression,0.15,0.05,7,26,0.9625,0.6625,True,3.9000000000000004,3.9000000000000004,1.9336549343736829
false_negative_suppression_js_0.15,false_negative_suppression,0.15,0.05,7,27,0.6625,0.8875,True,3.4000000000000004,3.4000000000000004,1.6534906854541322
false_negative_suppression_js_0.15,false_negative_suppression,0.15,0.05,7,28,0.7125,0.7375,True,3.4000000000000004,3.4000000000000004,1.6534906854541322
false_negative_suppression_js_0.15,false_negative_suppression,0.15,0.05,7,29,0.8125,0.6875,True,3.6500000000000004,3.6500000000000004,1.7941201330767673
false_negative_suppression_js_0.15,false_negative_suppression,0.15,0.05,7,30,0.7125,0.6875,True,3.5500000000000003,3.5500000000000003,1.729831358402103
false_negative_suppression_js_0.15,false_negative_suppression,0.15,0.05,7,31,0.5875,0.5875,True,1.9000000000000001,1.9000000000000001,0.9595104676229511
false_negative_suppression_js_0.15,false_negative_suppression,0.15,0.05,7,32,0.0125,0.0625,False,,15.0,2.035883064686022
false_negative_suppression_js_0.15,false_negative_suppression,0.15,0.05,7,33,0.7375,0.5375,True,1.5,1.5,0.7682134689157153
false_negative_suppression_js_0.15,false_negative_suppression,0.15,0.05,7,34,0.7125,0.7625,True,3.35,3.35,1.6336750461180374
false_negative_suppression_js_0.15,false_negative_suppression,0.15,0.05,7,35,0.8375,0.5375,False,,15.0,2.035883064686022
false_negative_suppression_js_0.15,false_negative_suppression,0.15,0.05,7,36,0.7125,0.6375,True,1.8,1.8,0.9014788440644629
false_negative_suppression_js_0.15,false_negative_suppression,0.15,0.05,7,37,0.6375,0.0125,False,,15.0,2.035883064686022
false_negative_suppression_js_0.15,false_negative_suppression,0.15,0.05,7,38,0.9375,0.8125,True,3.7,3.7,1.8267197330377802
false_negative_suppression_js_0.15,false_negative_suppression,0.15,0.05,7,39,0.9125,0.4875,False,,15.0,2.035883064686022
false_negative_suppression_js_0.15,false_negative_suppression,0.15,0.05,7,40,0.7625,0.5875,True,1.6500000000000001,1.6500000000000001,0.8263705177198064
false_negative_suppression_js_0.15,false_negative_suppression,0.15,0.05,7,41,0.5875,0.8625,True,3.3000000000000003,3.3000000000000003,1.6147364433503102
false_negative_suppression_js_0.15,false_negative_suppression,0.15,0.05,7,42,0.7875,0.6875,True,3.6500000000000004,3.6500000000000004,1.7941201330767673
false_negative_suppression_js_0.15,false_negative_suppression,0.15,0.05,7,43,0.6875,0.8375,True,3.3000000000000003,3.3000000000000003,1.6147364433503102
false_negative_suppression_js_0.15,false_negative_suppression,0.15,0.05,7,44,0.7625,0.7375,True,3.5,3.5,1.7013716804277157
false_negative_suppression_js_0.15,false_negative_suppression,0.15,0.05,7,45,0.6375,0.7875,True,3.2,3.2,1.5805117942170672
false_negative_suppression_js_0.15,false_negative_suppression,0.15,0.05,7,46,0.8625,0.3625,False,,15.0,2.035883064686022
false_negative_suppression_js_0.15,false_negative_suppression,0.15,0.05,7,47,0.5375,0.7125,True,2.15,2.15,1.0899461351122404
false_negative_suppression_js_0.15,false_negative_suppression,0.15,0.05,7,48,0.7625,0.6875,True,3.6,3.6,1.760461428107825
false_negative_suppression_js_0.15,false_negative_suppression,0.15,0.05,7,49,0.9375,0.8375,True,3.7,3.7,1.8267197330377802
false_negative_suppression_js_0.15,false_negative_suppression,0.15,0.05,7,50,0.6875,0.6375,True,1.8,1.8,0.9014788440644629
false_negative_suppression_js_0.15,false_negative_suppression,0.15,0.05,7,51,0.9375,0.7125,True,3.8000000000000003,3.8000000000000003,1.8859417115148365
false_negative_suppression_js_0.15,false_negative_suppression,0.15,0.05,7,52,0.0875,0.2625,False,,15.0,2.035883064686022
false_negative_suppression_js_0.15,false_negative_suppression,0.15,0.05,7,53,0.8375,0.6375,False,,15.0,2.035883064686022
false_negative_suppression_js_0.15,false_negative_suppression,0.15,0.05,7,54,0.7875,0.6125,False,,15.0,2.035883064686022
false_negative_suppression_js_0.15,false_negative_suppression,0.15,0.05,7,55,0.8125,0.4875,False,,15.0,2.035883064686022
false_negative_suppression_js_0.15,false_negative_suppression,0.15,0.05,7,56,0.7875,0.8125,True,3.45,3.45,1.6768673614554965
false_negative_suppression_js_0.15,false_negative_suppression,0.15,0.05,7,57,0.7875,0.6375,False,,15.0,2.035883064686022
false_negative_suppression_js_0.15,false_negative_suppression,0.15,0.05,7,58,0.5625,0.9625,False,,15.0,2.035883064686022
false_negative_suppression_js_0.15,false_negative_suppression,0.15,0.05,7,59,0.8625,0.7125,True,3.7,3.7,1.8267197330377802
false_negative_suppression_js_0.15,false_negative_suppression,0.15,0.05,7,60,0.4125,0.7375,True,2.95,2.95,1.481810442136421
false_negative_suppression_js_0.15,false_negative_suppression,0.15,0.05,7,61,0.7625,0.7375,True,3.5,3.5,1.7013716804277157
false_negative_suppression_js_0.15,false_negative_suppression,0.15,0.05,7,62,0.5875,0.7625,True,3.1500000000000004,3.1500000000000004,1.563772977767621
false_negative_suppression_js_0.15,false_negative_suppression,0.15,0.05,7,63,0.8125,0.4875,False,,15.0,2.035883064686022
false_negative_suppression_js_0.15,false_negative_suppression,0.15,0.05,11,0,0.6875,0.4625,True,0.9500000000000001,0.9500000000000001,0.47035504182738064
false_negative_suppression_js_0.15,false_negative_suppression,0.15,0.05,11,1,0.7375,0.6875,True,3.5500000000000003,3.5500000000000003,1.729831358402103
false_negative_suppression_js_0.15,false_negative_suppression,0.15,0.05,11,2,0.9875,0.7125,True,3.85,3.85,1.9118055718112181
false_negative_suppression_js_0.15,false_negative_suppression,0.15,0.05,11,3,0.9125,0.1125,False,,15.0,2.035883064686022
false_negative_suppression_js_0.15,false_negative_suppression,0.15,0.05,11,4,0.7625,0.4875,True,1.1500000000000001,1.1500000000000001,0.6110822870438917
false_negative_suppression_js_0.15,false_negative_suppression,0.15,0.05,11,5,0.8125,0.8875,True,3.5,3.5,1.7013716804277157
false_negative_suppression_js_0.15,false_negative_suppression,0.15,0.05,11,6,0.8875,0.2875,False,,15.0,2.035883064686022
false_negative_suppression_js_0.15,false_negative_suppression,0.15,0.05,11,7,0.7125,0.4625,True,1.0,1.0,0.5085349452059669
false_negative_suppression_js_0.15,false_negative_suppression,0.15,0.05,11,8,0.7625,0.9125,True,3.5500000000000003,3.5500000000000003,1.729831358402103
false_negative_suppression_js_0.15,false_negative_suppression,0.15,0.05,11,9,0.6625,0.7375,True,3.1500000000000004,3.1500000000000004,1.563772977767621
false_negative_suppression_js_0.15,false_negative_suppression,0.15,0.05,11,10,0.7125,0.6375,True,1.8,1.8,0.9014788440644629
false_negative_suppression_js_0.15,false_negative_suppression,0.15,0.05,11,11,0.7875,0.6875,True,3.6500000000000004,3.6500000000000004,1.7941201330767673
false_negative_suppression_js_0.15,false_negative_suppression,0.15,0.05,11,12,0.9125,0.7375,True,3.7,3.7,1.8267197330377802
false_negative_suppression_js_0.15,false_negative_suppression,0.15,0.05,11,13,0.8125,0.5875,False,,15.0,2.035883064686022
false_negative_suppression_js_0.15,false_negative_suppression,0.15,0.05,11,14,0.9875,0.4625,False,,15.0,2.035883064686022
false_negative_suppression_js_0.15,false_negative_suppression,0.15,0.05,11,15,0.5125,0.8125,True,3.1500000000000004,3.1500000000000004,1.563772977767621
false_negative_suppression_js_0.15,false_negative_suppression,0.15,0.05,11,16,0.4125,0.7625,True,3.0,3.0,1.5051361869030466
false_negative_suppression_js_0.15,false_negative_suppression,0.15,0.05,11,17,0.7875,0.6875,True,3.6500000000000004,3.6500000000000004,1.7941201330767673
false_negative_suppression_js_0.15,false_negative_suppression,0.15,0.05,11,18,0.7875,0.8125,True,3.45,3.45,1.6768673614554965
false_negative_suppression_js_0.15,false_negative_suppression,0.15,0.05,11,19,0.6125,0.7125,True,3.1,3.1,1.5456241805421407
false_negative_suppression_js_0.15,false_negative_suppression,0.15,0.05,11,20,0.6625,0.9625,True,5.3500000000000005,5.3500000000000005,2.035883064686022
false_negative_suppression_js_0.15,false_negative_suppression,0.15,0.05,11,21,0.8875,0.5375,False,,15.0,2.035883064686022
false_negative_suppression_js_0.15,false_negative_suppression,0.15,0.05,11,22,0.6625,0.7125,True,3.3000000000000003,3.3000000000000003,1.6147364433503102
false_negative_suppression_js_0.15,false_negative_suppression,0.15,0.05,11,23,0.6375,0.6875,True,1.9500000000000002,1.9500000000000002,0.987391514304898
false_negative_suppression_js_0.15,false_negative_suppression,0.15,0.05,11,24,0.6125,0.6375,True,1.9000000000000001,1.9000000000000001,0.9595104676229511
false_negative_suppression_js_0.15,false_negative_suppression,0.15,0.05,11,25,0.8625,0.7125,True,3.7,3.7,1.8267197330377802
false_negative_suppression_js_0.15,false_negative_suppression,0.15,0.05,11,26,0.8375,0.5625,False,,15.0,2.035883064686022
false_negative_suppression_js_0.15,false_negative_suppression,0.15,0.05,11,27,0.6875,0.8125,True,3.3000000000000003,3.3000000000000003,1.6147364433503102
false_negative_suppression_js_0.15,false_negative_suppression,0.15,0.05,11,28,0.8625,0.8375,True,3.6,3.6,1.760461428107825
false_negative_suppression_js_0.15,false_negative_suppression,0.15,0.05,11,29,0.6875,0.4625,True,0.9500000000000001,0.9500000000000001,0.47035504182738064
false_negative_suppression_js_0.15,false_negative_suppression,0.15,0.05,11,30,0.9875,0.6625,False,,15.0,2.035883064686022
false_negative_suppression_js_0.15,false_negative_suppression,0.15,0.05,11,31,0.8375,0.5875,False,,15.0,2.035883064686022
false_negative_suppression_js_0.15,false_negative_suppression,0.15,0.05,11,32,0.7875,0.3375,True,1.5,1.5,0.7682134689157153
false_negative_suppression_js_0.15,false_negative_suppression,0.15,0.05,11,33,0.7875,0.8625,True,3.45,3.45,1.6768673614554965
false_negative_suppression_js_0.15,false_negative_suppression,0.15,0.05,11,34,0.7125,0.6625,True,3.6,3.6,1.760461428107825
false_negative_suppression_js_0.15,false_negative_suppression,0.15,0.05,11,35,0.7625,0.4875,True,1.1500000000000001,1.1500000000000001,0.6110822870438917
false_negative_suppression_js_0.15,false_negative_suppression,0.15,0.05,11,36,0.5375,0.7625,True,3.1,3.1,1.5456241805421407
false_negative_suppression_js_0.15,false_negative_suppression,0.15,0.05,11,37,0.8625,0.5375,False,,15.0,2.035883064686022
false_negative_suppression_js_0.15,false_negative_suppression,0.15,0.05,11,38,0.8625,0.8625,True,3.6,3.6,1.760461428107825
false_negative_suppression_js_0.15,false_negative_suppression,0.15,0.05,11,39,0.6875,0.5625,True,1.6500000000000001,1.6500000000000001,0.8263705177198064
false_negative_suppression_js_0.15,false_negative_suppression,0.15,0.05,11,40,0.6375,0.1375,False,,15.0,2.035883064686022
false_negative_suppression_js_0.15,false_negative_suppression,0.15,0.05,11,41,0.8375,0.5375,False,,15.0,2.035883064686022
false_negative_suppression_js_0.15,false_negative_suppression,0.15,0.05,11,42,0.4875,0.6375,True,2.2,2.2,1.1155901496690062
false_negative_suppression_js_0.15,false_negative_suppression,0.15,0.05,11,43,0.2375,0.6875,False,,15.0,2.035883064686022
false_negative_suppression_js_0.15,false_negative_suppression,0.15,0.05,11,44,0.9375,0.8625,True,3.7,3.7,1.8267197330377802
false_negative_suppression_js_0.15,false_negative_suppression,0.15,0.05,11,45,0.7375,0.7625,True,3.4000000000000004,3.4000000000000004,1.6534906854541322
false_negative_suppression_js_0.15,false_negative_suppression,0.15,0.05,11,46,0.9625,0.6125,False,,15.0,2.035883064686022
false_negative_suppression_js_0.15,false_negative_suppression,0.15,0.05,11,47,0.8875,0.0625,False,,15.0,2.035883064686022
false_negative_suppression_js_0.15,false_negative_suppression,0.15,0.05,11,48,0.6625,0.5125,True,1.05,1.05,0.5456819790772864
false_negative_suppression_js_0.15,false_negative_suppression,0.15,0.05,11,49,0.7625,0.9875,True,5.15,5.15,2.035883064686022
false_negative_suppression_js_0.15,false_negative_suppression,0.15,0.05,11,50,0.8875,0.6625,True,3.8000000000000003,3.8000000000000003,1.8859417115148365
false_negative_suppression_js_0.15,false_negative_suppression,0.15,0.05,11,51,0.6875,0.7625,True,3.2,3.2,1.5805117942170672
false_negative_suppression_js_0.15,false_negative_suppression,0.15,0.05,11,52,0.3125,0.2375,True,0.15000000000000002,0.15000000000000002,0.007741141736997111
false_negative_suppression_js_0.15,false_negative_suppression,0.15,0.05,11,53,0.8125,0.1375,False,,15.0,2.035883064686022
false_negative_suppression_js_0.15,false_negative_suppression,0.15,0.05,11,54,0.6625,0.8375,True,3.3000000000000003,3.3000000000000003,1.6147364433503102
false_negative_suppression_js_0.15,false_negative_suppression,0.15,0.05,11,55,0.8375,0.7125,True,3.6500000000000004,3.6500000000000004,1.7941201330767673
false_negative_suppression_js_0.15,false_negative_suppression,0.15,0.05,11,56,0.7125,0.6125,True,1.75,1.75,0.8734651784210183
false_negative_suppression_js_0.15,false_negative_suppression,0.15,0.05,11,57,0.7625,0.6125,False,,15.0,2.035883064686022
false_negative_suppression_js_0.15,false_negative_suppression,0.15,0.05,11,58,0.6625,0.3625,True,1.1,1.1,0.5791371560156993
false_negative_suppression_js_0.15,false_negative_suppression,0.15,0.05,11,59,0.8375,0.5125,False,,15.0,2.035883064686022
false_negative_suppression_js_0.15,false_negative_suppression,0.15,0.05,11,60,0.1875,0.1125,True,0.0,0.0,0.0
false_negative_suppression_js_0.15,false_negative_suppression,0.15,0.05,11,61,0.5875,0.8375,True,3.25,3.25,1.5974644717207884
false_negative_suppression_js_0.15,false_negative_suppression,0.15,0.05,11,62,0.9625,0.6625,True,3.9000000000000004,3.9000000000000004,1.9336549343736829
false_negative_suppression_js_0.15,false_negative_suppression,0.15,0.05,11,63,0.6625,0.4625,True,0.9500000000000001,0.9500000000000001,0.47035504182738064
