dataset,scene,gamma,family,js,direction,plan_id,delta_tf_s,delta_path_length,delta_visible_area,delta_entropy_node_nats,delta_entropy_dwell_tf_nats,delta_entropy_dwell_15s_nats,delta_ergodic_metric
formal,cx0.25_cy0.25_layoutA,0.05,uniform_prior_baseline,,,cx0.25_cy0.25_layoutA__gamma_0.05__uniform_prior_baseline,0.3824128591573963,0.3142924578293915,0.04624999999999996,0.05545177444479554,0.2558810434118586,0.20386805835953492,6.749809045025756e-13
formal,cx0.25_cy0.25_layoutA,0.05,diffuse_blur,0.05,,cx0.25_cy0.25_layoutA__gamma_0.05__diffuse_blur_js_0.05,0.22522113809655409,0.16464936726493873,-0.011249999999999982,0.05545177444479554,0.16008373036885626,0.1215914720498128,3.634387929496441e-11
formal,cx0.25_cy0.25_layoutA,0.05,diffuse_blur,0.1,,cx0.25_cy0.25_layoutA__gamma_0.05__diffuse_blur_js_0.1,0.26514062228862745,0.1952609888257142,0.02999999999999997,0.05545177444479554,0.18450671311071787,0.14237218467983448,-6.222751480766675e-12
formal,cx0.25_cy0.25_layoutA,0.05,diffuse_blur,0.15,,cx0.25_cy0.25_layoutA__gamma_0.05__diffuse_blur_js_0.15,0.32637867782557795,0.265322566605237,0.046874999999999944,0.05545177444479554,0.19334582505498954,0.16591307023565482,-8.890034541852998e-12
formal,cx0.25_cy0.25_layoutA,0.05,spatial_shift,0.05,x,cx0.25_cy0.25_layoutA__gamma_0.05__spatial_shift_x_js_0.05,0.08581914355878162,0.04001337910390612,-0.058750000000000024,0.05545177444479554,0.02414893994481382,0.03550829922776977,4.645464568575619e-12
formal,cx0.25_cy0.25_layoutA,0.05,spatial_shift,0.1,x,cx0.25_cy0.25_layoutA__gamma_0.05__spatial_shift_x_js_0.1,0.1593651628643773,0.05743927856314923,-0.06125000000000003,0.05545177444479554,0.031459537047179076,0.0621958554257358,1.3495107809013973e-12
formal,cx0.25_cy0.25_layoutA,0.05,spatial_shift,0.15,x,cx0.25_cy0.25_layoutA__gamma_0.05__spatial_shift_x_js_0.15,0.22406989245443487,0.08081937487842428,-0.016249999999999987,0.02772588722239755,0.04096221188555038,0.08653357034051767,-6.149303288793817e-12
formal,cx0.25_cy0.25_layoutA,0.05,false_hotspot,0.05,x,cx0.25_cy0.25_layoutA__gamma_0.05__false_hotspot_x_js_0.05,0.3901111610547989,0.09645600466646886,0.05437500000000001,0.02772588722239755,0.13315574481722248,0.16944651709391478,9.897315605966739e-11
formal,cx0.25_cy0.25_layoutA,0.05,false_hotspot,0.1,x,cx0.25_cy0.25_layoutA__gamma_0.05__false_hotspot_x_js_0.1,0.43288411381810654,0.08789453316224294,0.05562499999999998,0.12816447323669822,0.11617625867442438,0.17862457793252995,2.008247734774926e-12
formal,cx0.25_cy0.25_layoutA,0.05,false_hotspot,0.15,x,cx0.25_cy0.25_layoutA__gamma_0.05__false_hotspot_x_js_0.15,0.45201567741756854,0.29941978608069,0.029374999999999984,0.12816447323669822,0.19086770888379068,0.20788247866320475,-5.7850182977325915e-12
formal,cx0.25_cy0.25_layoutA,0.05,false_negative_suppression,0.05,x,cx0.25_cy0.25_layoutA__gamma_0.05__false_negative_suppression_x_js_0.05,-0.273426974400921,-0.1297051114408967,-0.030625000000000013,0.05545177444479554,-0.0180641499353964,-0.09718192239929646,-9.003936485285635e-12
formal,cx0.25_cy0.25_layoutA,0.05,false_negative_suppression,0.1,x,cx0.25_cy0.25_layoutA__gamma_0.05__false_negative_suppression_x_js_0.1,-0.10879316311392007,-0.008671840507235462,-0.015625,0.05545177444479554,0.08024791358309002,-0.015044826593012761,7.0442748856258675e-12
formal,cx0.25_cy0.25_layoutA,0.05,false_negative_suppression,0.15,x,cx0.25_cy0.25_layoutA__gamma_0.05__false_negative_suppression_x_js_0.15,-0.0016190585938131719,0.08684667739003182,0.04812500000000003,0.08317766166719354,0.18909859948953578,0.051640505875066633,-8.810445428775182e-12
formal,cx0.25_cy0.25_layoutA,0.05,spatial_shift,0.05,y,cx0.25_cy0.25_layoutA__gamma_0.05__spatial_shift_y_js_0.05,0.10048451676756542,-0.051309158227555995,-0.007500000000000007,0.0,-0.00016652491959323612,0.03354556194466807,-8.105176252382051e-12
formal,cx0.25_cy0.25_layoutA,0.05,spatial_shift,0.1,y,cx0.25_cy0.25_layoutA__gamma_0.05__spatial_shift_y_js_0.1,0.19800483962806847,-0.04287620192407671,0.0037499999999999756,0.0,0.0005385677515148402,0.06614437155699426,-1.0685896612017132e-15
formal,cx0.25_cy0.25_layoutA,0.05,spatial_shift,0.15,y,cx0.25_cy0.25_layoutA__gamma_0.05__spatial_shift_y_js_0.15,0.3044287215523944,-0.046513436030995114,-0.0012500000000000289,0.0,-0.026489098445416026,0.09326389142796176,-4.653027962930878e-12
formal,cx0.25_cy0.25_layoutA,0.05,false_hotspot,0.05,y,cx0.25_cy0.25_layoutA__gamma_0.05__false_hotspot_y_js_0.05,0.39010329111622344,0.09625115461382006,0.05437500000000001,0.02772588722239755,0.13486425576603178,0.16995996954238635,-8.301755116679743e-12
formal,cx0.25_cy0.25_layoutA,0.05,false_hotspot,0.1,y,cx0.25_cy0.25_layoutA__gamma_0.05__false_hotspot_y_js_0.1,0.43288401040251046,0.08787486519894538,0.04750000000000004,0.12816447323669822,0.11657532968602968,0.17874623064472628,8.451108562956833e-11
formal,cx0.25_cy0.25_layoutA,0.05,false_hotspot,0.15,y,cx0.25_cy0.25_layoutA__gamma_0.05__false_hotspot_y_js_0.15,0.47179233548299493,0.19132147071272443,0.027500000000000024,0.12816447323669822,0.12443168121748993,0.19414533155036806,-1.7809781427402527e-12
formal,cx0.25_cy0.25_layoutA,0.05,false_negative_suppression,0.05,y,cx0.25_cy0.25_layoutA__gamma_0.05__false_negative_suppression_y_js_0.05,-0.2734269875156419,-0.12970797366272646,0.023125000000000007,0.05545177444479554,-0.018067930294301426,-0.09718290158497367,7.252106623556465e-10
formal,cx0.25_cy0.25_layoutA,0.05,false_negative_suppression,0.1,y,cx0.25_cy0.25_layoutA__gamma_0.05__false_negative_suppression_y_js_0.1,-0.11175981309030991,-0.0043476278925405065,0.016874999999999973,0.0,0.08159801172527192,-0.015700153901066383,-9.058330474598364e-12
formal,cx0.25_cy0.25_layoutA,0.05,false_negative_suppression,0.15,y,cx0.25_cy0.25_layoutA__gamma_0.05__false_negative_suppression_y_js_0.15,0.007562851770252621,0.042928055434805934,0.018125000000000002,0.005411532090976667,0.07806709764663822,0.024127011978790636,-5.4286922179791475e-12
formal,cx0.25_cy0.25_layoutA,0.1,uniform_prior_baseline,,,cx0.25_cy0.25_layoutA__gamma_0.1__uniform_prior_baseline,0.5274953874065491,0.35223780708568686,0.03375,0.3259146851969583,0.44256202373351483,0.28187422561539255,-2.4274873777763162e-11
formal,cx0.25_cy0.25_layoutA,0.1,diffuse_blur,0.05,,cx0.25_cy0.25_layoutA__gamma_0.1__diffuse_blur_js_0.05,0.27193926862797557,0.15283831708621598,0.016249999999999987,0.2981887979745603,0.3035560690934118,0.16035330125257508,-3.40593248049359e-11
formal,cx0.25_cy0.25_layoutA,0.1,diffuse_blur,0.1,,cx0.25_cy0.25_layoutA__gamma_0.1__diffuse_blur_js_0.1,0.36405833633888385,0.2275665768527977,0.03375,0.2981887979745603,0.33063788232571545,0.1981177241870029,-1.1045261927300487e-11
formal,cx0.25_cy0.25_layoutA,0.1,diffuse_blur,0.15,,cx0.25_cy0.25_layoutA__gamma_0.1__diffuse_blur_js_0.15,0.4689760386806836,0.30995963646686,0.03999999999999998,0.3259146851969583,0.41621256959701247,0.2551500248055598,-3.452277352877786e-11
formal,cx0.25_cy0.25_layoutA,0.1,spatial_shift,0.05,x,cx0.25_cy0.25_layoutA__gamma_0.1__spatial_shift_x_js_0.05,0.04974216444474866,0.11231720916099586,-0.044375,0.1872852490849688,0.1743048289115765,0.05539738314991416,-2.726724401824754e-11
formal,cx0.25_cy0.25_layoutA,0.1,spatial_shift,0.1,x,cx0.25_cy0.25_layoutA__gamma_0.1__spatial_shift_x_js_0.1,0.05961777501242649,0.06223081513227724,-0.043125000000000024,0.17682028620967793,0.11830157549914988,0.046058129667903014,-2.6335184033499104e-11
formal,cx0.25_cy0.25_layoutA,0.1,spatial_shift,0.15,x,cx0.25_cy0.25_layoutA__gamma_0.1__spatial_shift_x_js_0.15,0.13101644152350067,0.11971830900696401,-0.04250000000000004,0.10410758741777526,0.13824471168571328,0.07426087289553562,-8.224129710576733e-12
formal,cx0.25_cy0.25_layoutA,0.1,false_hotspot,0.05,x,cx0.25_cy0.25_layoutA__gamma_0.1__false_hotspot_x_js_0.05,0.22445981306754303,0.18882962598966535,0.05562499999999998,0.2599979478768719,0.2898565615230937,0.14100179873242835,-3.822549221599303e-11
formal,cx0.25_cy0.25_layoutA,0.1,false_hotspot,0.1,x,cx0.25_cy0.25_layoutA__gamma_0.1__false_hotspot_x_js_0.1,0.18825164946218909,0.2475704786135271,0.044999999999999984,0.24273702352976478,0.32754579033910813,0.13755269995982156,-3.0977331810788655e-11
formal,cx0.25_cy0.25_layoutA,0.1,false_hotspot,0.15,x,cx0.25_cy0.25_layoutA__gamma_0.1__false_hotspot_x_js_0.15,0.1923699323774679,0.2978001908294037,0.03125,0.21501113630736635,0.3857683810058723,0.15262932236860638,-2.6217583659615684e-11
formal,cx0.25_cy0.25_layoutA,0.1,false_negative_suppression,0.05,x,cx0.25_cy0.25_layoutA__gamma_0.1__false_negative_suppression_x_js_0.05,-0.3051311436669768,-0.0449066711235131,0.03249999999999997,0.0608633065357731,0.055095407332487856,-0.08927377276943593,-3.2191804777426114e-11
formal,cx0.25_cy0.25_layoutA,0.1,false_negative_suppression,0.1,x,cx0.25_cy0.25_layoutA__gamma_0.1__false_negative_suppression_x_js_0.1,-0.45640044958751513,-0.03687517209325053,0.033125000000000016,0.22180709777918262,0.14748635445368974,-0.12281931291184911,-1.8008733393415355e-11
formal,cx0.25_cy0.25_layoutA,0.1,false_negative_suppression,0.15,x,cx0.25_cy0.25_layoutA__gamma_0.1__false_negative_suppression_x_js_0.15,-0.5824680762340351,-0.04182402316318523,0.020625000000000004,0.19408121055678462,0.16821874878796228,-0.1629898383796342,-3.8726646889308824e-11
formal,cx0.25_cy0.25_layoutA,0.1,spatial_shift,0.05,y,cx0.25_cy0.25_layoutA__gamma_0.1__spatial_shift_y_js_0.05,0.023642102596765913,0.0028522979830514217,0.03562499999999996,0.06591673732008685,0.0610012385293639,0.021311402456619888,-3.862214714711598e-11
formal,cx0.25_cy0.25_layoutA,0.1,spatial_shift,0.1,y,cx0.25_cy0.25_layoutA__gamma_0.1__spatial_shift_y_js_0.1,0.06051924040327217,0.060231672175366624,0.046875,0.06591673732008685,0.03580322455541429,0.027716253351875553,-3.6069564002261245e-11
formal,cx0.25_cy0.25_layoutA,0.1,spatial_shift,0.15,y,cx0.25_cy0.25_layoutA__gamma_0.1__spatial_shift_y_js_0.15,0.12545644422884816,0.12470300502837528,0.04999999999999999,0.17682028620967793,0.19231051546631095,0.08487029063326101,-3.8295491777695645e-11
formal,cx0.25_cy0.25_layoutA,0.1,false_hotspot,0.05,y,cx0.25_cy0.25_layoutA__gamma_0.1__false_hotspot_y_js_0.05,0.22445981294699413,0.1888295216909699,0.044999999999999984,0.2599979478768719,0.28985835672778615,0.14100222394204787,-2.7733232377258332e-11
formal,cx0.25_cy0.25_layoutA,0.1,false_hotspot,0.1,y,cx0.25_cy0.25_layoutA__gamma_0.1__false_hotspot_y_js_0.1,0.18825164942701678,0.24757051927619544,0.05499999999999999,0.24273702352976478,0.3275420896821841,0.13755183226418977,-2.8068991575480595e-11
formal,cx0.25_cy0.25_layoutA,0.1,false_hotspot,0.15,y,cx0.25_cy0.25_layoutA__gamma_0.1__false_hotspot_y_js_0.15,0.192366849442259,0.29753348941737734,0.06,0.21501113630736635,0.38494770665369993,0.15243560895869823,-1.9565848941027753e-11
formal,cx0.25_cy0.25_layoutA,0.1,false_negative_suppression,0.05,y,cx0.25_cy0.25_layoutA__gamma_0.1__false_negative_suppression_y_js_0.05,-0.31360669907959693,-0.054506217596344,0.010000000000000009,0.09905415663346107,0.09645644266431797,-0.0838140830098335,-2.977300350703871e-11
formal,cx0.25_cy0.25_layoutA,0.1,false_negative_suppression,0.1,y,cx0.25_cy0.25_layoutA__gamma_0.1__false_negative_suppression_y_js_0.1,-0.456400449608529,-0.03687544183587543,-0.043125000000000024,0.22180709777918262,0.14749130613319705,-0.12281836471884366,-1.6358303600583213e-11
formal,cx0.25_cy0.25_layoutA,0.1,false_negative_suppression,0.15,y,cx0.25_cy0.25_layoutA__gamma_0.1__false_negative_suppression_y_js_0.15,-0.5824680763892123,-0.041823791960629686,-0.044999999999999984,0.19408121055678462,0.16821677617880448,-0.16299019959163452,-2.9508756549390114e-11
formal,cx0.25_cy0.25_layoutB,0.05,uniform_prior_baseline,,,cx0.25_cy0.25_layoutB__gamma_0.05__uniform_prior_baseline,0.2489600011063473,0.46135451339671274,-0.033125000000000016,0.15589036045909577,0.30914455257411433,0.17661629213007113,-7.942202451260982e-12
formal,cx0.25_cy0.25_layoutB,0.05,diffuse_blur,0.05,,cx0.25_cy0.25_layoutB__gamma_0.05__diffuse_blur_js_0.05,1.6615248651586567,1.088381372347334,0.024375000000000036,0.15589036045909577,0.5451025685791953,0.7392038767731979,-8.550840591148301e-12
formal,cx0.25_cy0.25_layoutB,0.05,diffuse_blur,0.1,,cx0.25_cy0.25_layoutB__gamma_0.05__diffuse_blur_js_0.1,0.06481220080624261,0.29695283796632,0.028124999999999956,0.08317766166719309,0.22485403822087324,0.087850270796473,9.023629066184924e-12
formal,cx0.25_cy0.25_layoutB,0.05,diffuse_blur,0.15,,cx0.25_cy0.25_layoutB__gamma_0.05__diffuse_blur_js_0.15,0.3665465440774822,0.5402960713035756,-0.023125000000000007,0.15589036045909577,0.34478198493868106,0.22827082050071867,-8.378839289058249e-12
formal,cx0.25_cy0.25_layoutB,0.05,spatial_shift,0.05,x,cx0.25_cy0.25_layoutB__gamma_0.05__spatial_shift_x_js_0.05,-0.013341143916051124,0.013031617283335128,-0.02124999999999999,-0.010464962875291306,-0.01677434965092406,-0.009271445697040415,-1.9479487467499723e-12
formal,cx0.25_cy0.25_layoutB,0.05,spatial_shift,0.1,x,cx0.25_cy0.25_layoutB__gamma_0.05__spatial_shift_x_js_0.1,0.023561913996942963,0.012121910004867509,-0.04562499999999997,0.027725887222397994,-0.025875237498848236,0.00016197636860937337,-6.544126351926138e-12
formal,cx0.25_cy0.25_layoutB,0.05,spatial_shift,0.15,x,cx0.25_cy0.25_layoutB__gamma_0.05__spatial_shift_x_js_0.15,0.09243375539680976,0.020183298513945624,-0.057499999999999996,0.02772588722239755,0.03262980649323666,0.04005684559108902,-7.16537940093076e-12
formal,cx0.25_cy0.25_layoutB,0.05,false_hotspot,0.05,x,cx0.25_cy0.25_layoutB__gamma_0.05__false_hotspot_x_js_0.05,0.1706450611877992,0.1574293442321617,0.011874999999999969,0.0554517744447951,0.12634606835502282,0.09416138824404152,-1.8104684418318584e-12
formal,cx0.25_cy0.25_layoutB,0.05,false_hotspot,0.1,x,cx0.25_cy0.25_layoutB__gamma_0.05__false_hotspot_x_js_0.1,0.2100238104841976,0.1505012109765993,0.020000000000000018,0.15589036045909577,0.1495919080787571,0.11440693115019895,-5.8990728968311146e-12
formal,cx0.25_cy0.25_layoutB,0.05,false_hotspot,0.15,x,cx0.25_cy0.25_layoutB__gamma_0.05__false_hotspot_x_js_0.15,0.27311472150945626,0.2570930539396481,-0.010000000000000009,0.15589036045909577,0.18497512161272756,0.14645569434330175,-8.55122916920692e-12
formal,cx0.25_cy0.25_layoutB,0.05,false_negative_suppression,0.05,x,cx0.25_cy0.25_layoutB__gamma_0.05__false_negative_suppression_x_js_0.05,-0.4171718726470037,-0.008180492725261557,0.0,0.08317766166719309,0.03865113720634028,-0.12897969375648932,-3.693850780805974e-13
formal,cx0.25_cy0.25_layoutB,0.05,false_negative_suppression,0.1,x,cx0.25_cy0.25_layoutB__gamma_0.05__false_negative_suppression_x_js_0.1,-0.3243723886919252,0.08145799856241709,0.007499999999999951,0.12816447323669777,0.09003188383923977,-0.08357785748709734,-7.457326423043753e-12
formal,cx0.25_cy0.25_layoutB,0.05,false_negative_suppression,0.15,x,cx0.25_cy0.25_layoutB__gamma_0.05__false_negative_suppression_x_js_0.15,-0.1740123575354886,0.2412158589306168,0.073125,0.11090354888959109,0.17882668600904417,-0.007512068017582418,-4.359825001021278e-12
formal,cx0.25_cy0.25_layoutB,0.05,spatial_shift,0.05,y,cx0.25_cy0.25_layoutB__gamma_0.05__spatial_shift_y_js_0.05,2.047268062434668,1.104374489524147,0.14187499999999997,0.07271269879190179,0.44888352065590276,0.8254121553741665,-8.447575972070354e-12
formal,cx0.25_cy0.25_layoutB,0.05,spatial_shift,0.1,y,cx0.25_cy0.25_layoutB__gamma_0.05__spatial_shift_y_js_0.1,2.0612167009062246,1.1452956489622599,0.145625,0.10043858601429978,0.44178459990415053,0.8268344411126236,-8.545365803858118e-12
formal,cx0.25_cy0.25_layoutB,0.05,spatial_shift,0.15,y,cx0.25_cy0.25_layoutB__gamma_0.05__spatial_shift_y_js_0.15,2.00206781455314,1.088616508499165,0.14312500000000006,0.12816447323669777,0.47976778407176823,0.8240395573942183,8.86146295231427e-11
formal,cx0.25_cy0.25_layoutB,0.05,false_hotspot,0.05,y,cx0.25_cy0.25_layoutB__gamma_0.05__false_hotspot_y_js_0.05,2.1246729212642306,1.0036009797846575,0.23375,0.15589036045909577,0.5381370443804538,0.8888427262741905,-7.781005006979314e-12
formal,cx0.25_cy0.25_layoutB,0.05,false_hotspot,0.1,y,cx0.25_cy0.25_layoutB__gamma_0.05__false_hotspot_y_js_0.1,2.0001848818472547,1.1565070803377844,0.23562499999999997,0.15589036045909577,0.5751557507950089,0.863974124082147,1.7580242817061276e-12
formal,cx0.25_cy0.25_layoutB,0.05,false_hotspot,0.15,y,cx0.25_cy0.25_layoutB__gamma_0.05__false_hotspot_y_js_0.15,2.319484937874847,1.4506086303795431,0.260625,0.15589036045909577,0.6699726098383394,1.0106808683753568,-8.275560792192493e-12
formal,cx0.25_cy0.25_layoutB,0.05,false_negative_suppression,0.05,y,cx0.25_cy0.25_layoutB__gamma_0.05__false_negative_suppression_y_js_0.05,-0.4882703296370101,-0.049999332041121836,-0.021874999999999978,0.0831776616671922,0.0032332624143673883,-0.16244084651864332,9.537870493403489e-12
formal,cx0.25_cy0.25_layoutB,0.05,false_negative_suppression,0.1,y,cx0.25_cy0.25_layoutB__gamma_0.05__false_negative_suppression_y_js_0.1,-0.34939609539818584,0.053587763168669644,-0.013749999999999984,0.08317766166719309,0.08088708723729177,-0.09460029910501744,-8.329267831008735e-12
formal,cx0.25_cy0.25_layoutB,0.05,false_negative_suppression,0.15,y,cx0.25_cy0.25_layoutB__gamma_0.05__false_negative_suppression_y_js_0.15,0.03542416599203424,0.23954455784267825,-0.014374999999999971,0.08317766166719309,0.19590435497705627,0.06925387864929666,6.445788347519965e-11
formal,cx0.25_cy0.25_layoutB,0.1,uniform_prior_baseline,,,cx0.25_cy0.25_layoutB__gamma_0.1__uniform_prior_baseline,0.46527344182106845,0.34559439464838637,-0.012500000000000011,0.14909439898728039,0.3230406178315519,0.23937475812771059,1.9054924305095255e-11
formal,cx0.25_cy0.25_layoutB,0.1,diffuse_blur,0.05,,cx0.25_cy0.25_layoutB__gamma_0.1__diffuse_blur_js_0.05,0.15994774258484723,0.10250576667527045,0.026249999999999996,0.12136851176488239,0.12927527368496072,0.08507712888655972,-2.999309134388284e-12
formal,cx0.25_cy0.25_layoutB,0.1,diffuse_blur,0.1,,cx0.25_cy0.25_layoutB__gamma_0.1__diffuse_blur_js_0.1,0.20943119812743616,0.16373241290537965,0.044999999999999984,0.12136851176488239,0.19099556884693403,0.11725003693879987,1.80302994756687e-11
formal,cx0.25_cy0.25_layoutB,0.1,diffuse_blur,0.15,,cx0.25_cy0.25_layoutB__gamma_0.1__diffuse_blur_js_0.15,0.630508742017867,0.42068962647459296,-0.0018750000000000155,0.14909439898728039,0.3228342077184818,0.2961593674080012,-1.3150175393050745e-12
formal,cx0.25_cy0.25_layoutB,0.1,spatial_shift,0.05,x,cx0.25_cy0.25_layoutB__gamma_0.1__spatial_shift_x_js_0.05,-0.05121172548155162,-0.03384434579178075,-0.05249999999999999,-0.017260924347106688,-0.05289821040692155,-0.029454770193953816,-4.087813421094211e-12
formal,cx0.25_cy0.25_layoutB,0.1,spatial_shift,0.1,x,cx0.25_cy0.25_layoutB__gamma_0.1__spatial_shift_x_js_0.1,-0.07472808841429002,-0.007333077151060685,-0.07500000000000001,-0.017260924347106688,-0.06829260508186863,-0.04083157268801885,3.534768311386216e-11
formal,cx0.25_cy0.25_layoutB,0.1,spatial_shift,0.15,x,cx0.25_cy0.25_layoutB__gamma_0.1__spatial_shift_x_js_0.15,-0.05233673514709336,0.03898074849476596,-0.06937500000000002,0.03819085009768841,-0.002427925210069848,-0.018128999882244257,1.7639917304634878e-12
formal,cx0.25_cy0.25_layoutB,0.1,false_hotspot,0.05,x,cx0.25_cy0.25_layoutB__gamma_0.1__false_hotspot_x_js_0.05,0.04275558746679042,0.09914999776179312,0.02562500000000001,0.09364262454248484,0.09223108628940668,0.03626727127046925,-3.728378716871816e-12
formal,cx0.25_cy0.25_layoutB,0.1,false_hotspot,0.1,x,cx0.25_cy0.25_layoutB__gamma_0.1__false_hotspot_x_js_0.1,6.7023086129935905e-06,0.1503058538560036,0.00687500000000002,0.03819085009768841,0.09701761085808958,0.02283155971631934,2.110632502105858e-11
formal,cx0.25_cy0.25_layoutB,0.1,false_hotspot,0.15,x,cx0.25_cy0.25_layoutB__gamma_0.1__false_hotspot_x_js_0.15,0.005390330773449303,0.19296952203870488,-0.011875000000000024,0.03819085009768841,0.1538714515792039,0.03806831705493385,-3.88399035156084e-12
formal,cx0.25_cy0.25_layoutB,0.1,false_negative_suppression,0.05,x,cx0.25_cy0.25_layoutB__gamma_0.1__false_negative_suppression_x_js_0.05,-0.36063705523514056,-0.08209607805754993,-0.03687499999999999,-0.03277931800671219,-0.038384743877580174,-0.13052890395907446,4.3549330808190234e-12
formal,cx0.25_cy0.25_layoutB,0.1,false_negative_suppression,0.1,x,cx0.25_cy0.25_layoutB__gamma_0.1__false_negative_suppression_x_js_0.1,-0.4333034448113606,-0.0641707536198699,-0.03812500000000002,0.033137419313375105,0.023086242358358433,-0.14272144188257396,-2.931377363069032e-12
formal,cx0.25_cy0.25_layoutB,0.1,false_negative_suppression,0.15,x,cx0.25_cy0.25_layoutB__gamma_0.1__false_negative_suppression_x_js_0.15,-0.4518671473063387,-0.050779221491285886,-0.030625000000000013,0.033137419313375105,-0.0025719037000300204,-0.15444088831709735,-2.5307950179964678e-12
formal,cx0.25_cy0.25_layoutB,0.1,spatial_shift,0.05,y,cx0.25_cy0.25_layoutB__gamma_0.1__spatial_shift_y_js_0.05,2.4474904589724162,0.7191472303429094,0.174375,-0.010464962875290862,0.31586597910418135,0.8820895716947295,-3.010591775876037e-12
formal,cx0.25_cy0.25_layoutB,0.1,spatial_shift,0.1,y,cx0.25_cy0.25_layoutB__gamma_0.1__spatial_shift_y_js_0.1,1.7063407359574172,0.9432215599665079,-0.03999999999999998,0.22180709777918306,0.5431035625186675,0.7292925910695436,-4.089867333689767e-12
formal,cx0.25_cy0.25_layoutB,0.1,spatial_shift,0.15,y,cx0.25_cy0.25_layoutB__gamma_0.1__spatial_shift_y_js_0.15,1.73194501069923,0.9437264779411529,-0.04562500000000003,0.22180709777918306,0.5635259589379169,0.7450331094277765,-4.063277492249995e-12
formal,cx0.25_cy0.25_layoutB,0.1,false_hotspot,0.05,y,cx0.25_cy0.25_layoutB__gamma_0.1__false_hotspot_y_js_0.05,1.9304702781233325,0.9484979954933095,0.0,0.22180709777918306,0.5740283838175513,0.8152092395276895,-3.880520904608886e-12
formal,cx0.25_cy0.25_layoutB,0.1,false_hotspot,0.1,y,cx0.25_cy0.25_layoutB__gamma_0.1__false_hotspot_y_js_0.1,1.6683975036029977,1.125425507068232,0.028749999999999998,0.22180709777918306,0.6308383864499776,0.7469629215343243,2.8183594347197527e-11
formal,cx0.25_cy0.25_layoutB,0.1,false_hotspot,0.15,y,cx0.25_cy0.25_layoutB__gamma_0.1__false_hotspot_y_js_0.15,1.7622086119241334,1.1197540802301067,0.04312499999999997,0.22180709777918306,0.625835824361844,0.7771783445417224,3.673589210606565e-13
formal,cx0.25_cy0.25_layoutB,0.1,false_negative_suppression,0.05,y,cx0.25_cy0.25_layoutB__gamma_0.1__false_negative_suppression_y_js_0.05,-0.39989905475493837,-0.1202163432390917,-0.09000000000000002,-0.08823109245150729,-0.06211145410078078,-0.14890594887878628,1.1582601544546378e-10
formal,cx0.25_cy0.25_layoutB,0.1,false_negative_suppression,0.1,y,cx0.25_cy0.25_layoutB__gamma_0.1__false_negative_suppression_y_js_0.1,-0.573932269151257,-0.12615730958717952,-0.10499999999999998,-0.010464962875290862,-0.023614150960655333,-0.20105147991028294,-2.5300594952426536e-12
formal,cx0.25_cy0.25_layoutB,0.1,false_negative_suppression,0.15,y,cx0.25_cy0.25_layoutB__gamma_0.1__false_negative_suppression_y_js_0.15,-0.7173002756871809,-0.1348719213104943,-0.10562500000000002,0.017260924347106688,-0.062156870132528574,-0.2584742288317181,-3.497660494566901e-12
formal,cx0.25_cy0.25_layoutC,0.05,uniform_prior_baseline,,,cx0.25_cy0.25_layoutC__gamma_0.05__uniform_prior_baseline,-3.8770668539236874,-1.1067853290954823,-0.20375000000000004,0.04498681156950468,-0.23250507801341147,-1.3197418340340041,-7.0613237479477675e-12
formal,cx0.25_cy0.25_layoutC,0.05,diffuse_blur,0.05,,cx0.25_cy0.25_layoutC__gamma_0.05__diffuse_blur_js_0.05,-1.4445199718094006,-0.6269103983031252,0.011249999999999982,0.04498681156950468,-0.06282892547431995,-0.46371409866562097,-7.155630254995771e-12
formal,cx0.25_cy0.25_layoutC,0.05,diffuse_blur,0.1,,cx0.25_cy0.25_layoutC__gamma_0.05__diffuse_blur_js_0.1,-4.132955210677985,-1.3134263242971884,-0.13937500000000003,0.0,-0.2896847757933001,-1.4246810907022465,7.78064418449631e-12
formal,cx0.25_cy0.25_layoutC,0.05,diffuse_blur,0.15,,cx0.25_cy0.25_layoutC__gamma_0.05__diffuse_blur_js_0.15,-3.684570652285898,-0.9768268844569841,-0.18937500000000007,0.017260924347106688,-0.17755506869006066,-1.2365056551319675,-9.132902767383655e-12
formal,cx0.25_cy0.25_layoutC,0.05,spatial_shift,0.05,x,cx0.25_cy0.25_layoutC__gamma_0.05__spatial_shift_x_js_0.05,-2.7592569473289235,-0.8333855076664376,-0.18687500000000007,-0.11457255029306701,-0.28817049490843605,-0.9715331811175547,-7.442241267696659e-12
formal,cx0.25_cy0.25_layoutC,0.05,spatial_shift,0.1,x,cx0.25_cy0.25_layoutC__gamma_0.05__spatial_shift_x_js_0.1,-2.920223581517063,-0.9736532562027209,-0.20625000000000004,-0.0659167373200864,-0.25780483557474376,-1.0113183315950058,-8.412055774176252e-12
formal,cx0.25_cy0.25_layoutC,0.05,spatial_shift,0.15,x,cx0.25_cy0.25_layoutC__gamma_0.05__spatial_shift_x_js_0.15,-2.9249873043598713,-1.0777315820419608,-0.18187500000000006,-0.07638170019537771,-0.39092165041378646,-1.0628446640189377,-6.519687567596577e-12
formal,cx0.25_cy0.25_layoutC,0.05,false_hotspot,0.05,x,cx0.25_cy0.25_layoutC__gamma_0.05__false_hotspot_x_js_0.05,-2.3442393287299916,-0.9040799166902573,-0.0631250000000001,-0.010464962875290862,-0.19661887348277407,-0.8037555910618441,5.15558304381436e-10
formal,cx0.25_cy0.25_layoutC,0.05,false_hotspot,0.1,x,cx0.25_cy0.25_layoutC__gamma_0.05__false_hotspot_x_js_0.1,-3.976886847563418,-1.4455557482893446,-0.15000000000000002,0.04498681156950468,-0.39579444366211636,-1.4038131455140777,-8.945004459359751e-12
formal,cx0.25_cy0.25_layoutC,0.05,false_hotspot,0.15,x,cx0.25_cy0.25_layoutC__gamma_0.05__false_hotspot_x_js_0.15,-3.8636872016949564,-1.4627113481101899,-0.15812500000000007,0.07271269879190267,-0.33772483654337915,-1.3481059344402904,-8.73810745982695e-12
formal,cx0.25_cy0.25_layoutC,0.05,false_negative_suppression,0.05,x,cx0.25_cy0.25_layoutC__gamma_0.05__false_negative_suppression_x_js_0.05,-4.488987638579957,-1.5057253983954368,-0.16000000000000003,-0.027725887222397994,-0.3854271863319356,-1.5741085370968766,-8.883907498535848e-12
formal,cx0.25_cy0.25_layoutC,0.05,false_negative_suppression,0.1,x,cx0.25_cy0.25_layoutC__gamma_0.05__false_negative_suppression_x_js_0.1,-4.433404259598204,-1.367235158676945,-0.1050000000000001,0.05545177444479554,-0.3061150196637259,-1.5331998718932751,-8.470224521772707e-12
formal,cx0.25_cy0.25_layoutC,0.05,false_negative_suppression,0.15,x,cx0.25_cy0.25_layoutC__gamma_0.05__false_negative_suppression_x_js_0.15,-4.3667358858697805,-1.3638029512212033,-0.10625000000000007,0.027725887222397994,-0.31279114045852285,-1.5118953617324138,-8.074874102703689e-12
formal,cx0.25_cy0.25_layoutC,0.05,spatial_shift,0.05,y,cx0.25_cy0.25_layoutC__gamma_0.05__spatial_shift_y_js_0.05,-1.0753080405049023,-0.24500329076188132,0.059374999999999956,-0.020929925750581724,-0.06609429037871184,-0.35258774880237054,-4.896055783021325e-12
formal,cx0.25_cy0.25_layoutC,0.05,spatial_shift,0.1,y,cx0.25_cy0.25_layoutC__gamma_0.05__spatial_shift_y_js_0.1,-1.4738961263631003,-0.39881492499610793,0.04812499999999997,-0.07638170019537771,-0.09908426539710735,-0.48990932801576426,-7.846667759991988e-12
formal,cx0.25_cy0.25_layoutC,0.05,spatial_shift,0.15,y,cx0.25_cy0.25_layoutC__gamma_0.05__spatial_shift_y_js_0.15,-0.1784614091113479,-0.03964298407173006,0.03937499999999994,0.027725887222397994,0.061399488247277034,-0.017369030903075178,-7.022743497842043e-12
formal,cx0.25_cy0.25_layoutC,0.05,false_hotspot,0.05,y,cx0.25_cy0.25_layoutC__gamma_0.05__false_hotspot_y_js_0.05,-1.5806439471357443,-0.42969161782228804,0.083125,0.006795961471815826,-0.010132396018642353,-0.4813612531682918,9.005546308671342e-12
formal,cx0.25_cy0.25_layoutC,0.05,false_hotspot,0.1,y,cx0.25_cy0.25_layoutC__gamma_0.05__false_hotspot_y_js_0.1,-1.6377527494650002,-0.21802660861281842,0.08999999999999997,0.07271269879190267,0.12405771657113451,-0.4374318472112271,-2.076838701015049e-12
formal,cx0.25_cy0.25_layoutC,0.05,false_hotspot,0.15,y,cx0.25_cy0.25_layoutC__gamma_0.05__false_hotspot_y_js_0.15,-1.4291557972397433,0.13562439851698382,0.11187499999999995,0.07271269879190267,0.23604748086530858,-0.3169227556650558,2.39471081853182e-11
formal,cx0.25_cy0.25_layoutC,0.05,false_negative_suppression,0.05,y,cx0.25_cy0.25_layoutC__gamma_0.05__false_negative_suppression_y_js_0.05,-4.595288072271274,-1.5894521591323925,-0.18937500000000007,0.0,-0.46023318336249464,-1.6305847188817861,-7.520678524386426e-12
formal,cx0.25_cy0.25_layoutC,0.05,false_negative_suppression,0.1,y,cx0.25_cy0.25_layoutC__gamma_0.05__false_negative_suppression_y_js_0.1,-4.531077654254005,-1.5392178235922014,-0.19687500000000002,-0.027725887222397994,-0.4311372401552793,-1.6008876497792248,1.0743794742751334e-11
formal,cx0.25_cy0.25_layoutC,0.05,false_negative_suppression,0.15,y,cx0.25_cy0.25_layoutC__gamma_0.05__false_negative_suppression_y_js_0.15,-4.189708746071427,-1.3724613409875164,-0.19312500000000005,-0.027725887222397994,-0.3130331662377399,-1.4509805702600662,-6.267507346446877e-12
formal,cx0.25_cy0.25_layoutC,0.1,uniform_prior_baseline,,,cx0.25_cy0.25_layoutC__gamma_0.1__uniform_prior_baseline,0.11323363254915408,0.09661416554919988,-0.09749999999999998,0.08317766166719354,0.09963865504311542,0.06479819919037677,1.788819092851668e-11
formal,cx0.25_cy0.25_layoutC,0.1,diffuse_blur,0.05,,cx0.25_cy0.25_layoutC__gamma_0.1__diffuse_blur_js_0.05,-0.0606378417271638,-0.0368280929312641,-0.02999999999999997,0.027725887222397994,-0.007274980739584436,-0.02254863193269574,1.7490467407732524e-11
formal,cx0.25_cy0.25_layoutC,0.1,diffuse_blur,0.1,,cx0.25_cy0.25_layoutC__gamma_0.1__diffuse_blur_js_0.1,-0.1296667675996126,-0.06960013529972198,-0.036874999999999936,0.08317766166719354,-0.041817900940514185,-0.05476787524529514,1.868882826272511e-11
formal,cx0.25_cy0.25_layoutC,0.1,diffuse_blur,0.15,,cx0.25_cy0.25_layoutC__gamma_0.1__diffuse_blur_js_0.15,0.2588164486195046,0.1688615469136614,-0.08749999999999997,0.08317766166719354,0.15098936078023328,0.12885859910796627,-5.857814233678482e-14
formal,cx0.25_cy0.25_layoutC,0.1,spatial_shift,0.05,x,cx0.25_cy0.25_layoutC__gamma_0.1__spatial_shift_x_js_0.05,-0.17455857124896434,-0.11993460367802933,-0.05437499999999995,0.0,-0.11177358713105612,-0.08725733294524107,4.2989597992537654e-11
formal,cx0.25_cy0.25_layoutC,0.1,spatial_shift,0.1,x,cx0.25_cy0.25_layoutC__gamma_0.1__spatial_shift_x_js_0.1,-0.22688615389719624,-0.1357778402352705,-0.07437499999999997,-0.010464962875290862,-0.17183081546871648,-0.1194646575485554,4.086578297979315e-12
formal,cx0.25_cy0.25_layoutC,0.1,spatial_shift,0.15,x,cx0.25_cy0.25_layoutC__gamma_0.1__spatial_shift_x_js_0.15,-0.24284824320405107,-0.13482503545195046,-0.08437499999999998,0.05545177444479554,-0.1145325519781748,-0.1110169457100787,5.983311068824548e-12
formal,cx0.25_cy0.25_layoutC,0.1,false_hotspot,0.05,x,cx0.25_cy0.25_layoutC__gamma_0.1__false_hotspot_x_js_0.05,-0.2688639397886585,-0.12109407981169262,-0.050624999999999976,0.05545177444479554,-0.08986907935070398,-0.1139457645150126,5.065392549852277e-15
formal,cx0.25_cy0.25_layoutC,0.1,false_hotspot,0.1,x,cx0.25_cy0.25_layoutC__gamma_0.1__false_hotspot_x_js_0.1,-0.318382707298587,-0.07182974207787285,-0.05999999999999994,-0.027725887222398438,-0.08760294197856489,-0.1303309516156812,-5.5441762292218755e-14
formal,cx0.25_cy0.25_layoutC,0.1,false_hotspot,0.15,x,cx0.25_cy0.25_layoutC__gamma_0.1__false_hotspot_x_js_0.15,-0.31382104600802574,-0.031613178168403255,-0.07374999999999993,0.027725887222397994,-0.05624407733789383,-0.12136933285634321,1.65586017120134e-11
formal,cx0.25_cy0.25_layoutC,0.1,false_negative_suppression,0.05,x,cx0.25_cy0.25_layoutC__gamma_0.1__false_negative_suppression_x_js_0.05,-0.4433073115062802,-0.16418864514871134,-0.05874999999999997,-0.038190850097688855,-0.1447202572594195,-0.18628157330580075,1.0059314492494309e-12
formal,cx0.25_cy0.25_layoutC,0.1,false_negative_suppression,0.1,x,cx0.25_cy0.25_layoutC__gamma_0.1__false_negative_suppression_x_js_0.1,-0.5107715098482588,-0.16191525553499586,-0.05999999999999994,-0.027725887222398438,-0.11197550373718634,-0.2020901172917482,4.1861736299608765e-11
formal,cx0.25_cy0.25_layoutC,0.1,false_negative_suppression,0.15,x,cx0.25_cy0.25_layoutC__gamma_0.1__false_negative_suppression_x_js_0.15,-0.51965919425527,-0.1569047322426118,-0.059374999999999956,-0.038190850097688855,-0.13092603785024615,-0.2093736549203118,5.154307536336944e-11
formal,cx0.25_cy0.25_layoutC,0.1,spatial_shift,0.05,y,cx0.25_cy0.25_layoutC__gamma_0.1__spatial_shift_y_js_0.05,2.4135387046704455,1.0709129257772338,0.17875000000000008,-0.04865581297298016,0.36665170653614254,0.9164354916871649,3.012534666169131e-12
formal,cx0.25_cy0.25_layoutC,0.1,spatial_shift,0.1,y,cx0.25_cy0.25_layoutC__gamma_0.1__spatial_shift_y_js_0.1,2.0832760858649175,1.0979921618312831,0.040000000000000036,0.07271269879190267,0.4302617106448041,0.835605964858247,-5.82728310050129e-14
formal,cx0.25_cy0.25_layoutC,0.1,false_hotspot,0.05,y,cx0.25_cy0.25_layoutC__gamma_0.1__false_hotspot_y_js_0.05,2.0157155052940112,0.9493045984030197,0.09625000000000006,0.1558903604590962,0.45435407267331485,0.822820794930389,1.2517112346621673e-11
formal,cx0.25_cy0.25_layoutC,0.1,false_hotspot,0.1,y,cx0.25_cy0.25_layoutC__gamma_0.1__false_hotspot_y_js_0.1,1.7731414683564521,1.0408959006547165,0.015625,0.12816447323669822,0.4965421197380788,0.7578230656669558,-5.843936445870668e-14
formal,cx0.25_cy0.25_layoutC,0.1,false_hotspot,0.15,y,cx0.25_cy0.25_layoutC__gamma_0.1__false_hotspot_y_js_0.15,1.9023119586039616,0.9486840557811695,-0.024374999999999925,0.1558903604590962,0.4911281459302739,0.799280239447661,9.953149415764528e-14
formal,cx0.25_cy0.25_layoutC,0.1,false_negative_suppression,0.05,y,cx0.25_cy0.25_layoutC__gamma_0.1__false_negative_suppression_y_js_0.05,-0.5776463729962669,-0.2550357046057665,-0.10874999999999996,-0.027725887222398438,-0.17596735011300524,-0.23922700610353953,4.410791176745477e-12
formal,cx0.25_cy0.25_layoutC,0.1,false_negative_suppression,0.1,y,cx0.25_cy0.25_layoutC__gamma_0.1__false_negative_suppression_y_js_0.1,-0.7651687836829213,-0.2920891320056378,-0.14812499999999995,0.006795961471815826,-0.20319944594603312,-0.309592602258965,1.3097647966198167e-11
formal,cx0.25_cy0.25_layoutC,0.1,false_negative_suppression,0.15,y,cx0.25_cy0.25_layoutC__gamma_0.1__false_negative_suppression_y_js_0.15,-0.9155423318481342,-0.3201371306989489,-0.15687499999999993,-0.020929925750582168,-0.15295813003619108,-0.3520809118696062,2.5059121444570565e-13
formal,cx0.25_cy0.75_layoutA,0.05,uniform_prior_baseline,,,cx0.25_cy0.75_layoutA__gamma_0.05__uniform_prior_baseline,-0.828732784500823,-0.01367739502708698,-0.05125000000000002,-0.017260924347106688,0.08555036514085312,-0.248071307503829,-1.7252942130507876e-11
formal,cx0.25_cy0.75_layoutA,0.05,diffuse_blur,0.05,,cx0.25_cy0.75_layoutA__gamma_0.05__diffuse_blur_js_0.05,-0.8541880560446273,-0.12622751864745707,-0.06437499999999996,-0.017260924347106688,-0.020548768104000636,-0.28866009573457485,-9.509414089503565e-12
formal,cx0.25_cy0.75_layoutA,0.05,diffuse_blur,0.1,,cx0.25_cy0.75_layoutA__gamma_0.05__diffuse_blur_js_0.1,-1.1187470801995936,-0.19727061779422095,-0.051875000000000004,-0.017260924347106688,-0.006386547150269983,-0.3747723930256839,-2.3688460915050058e-11
formal,cx0.25_cy0.75_layoutA,0.05,diffuse_blur,0.15,,cx0.25_cy0.75_layoutA__gamma_0.05__diffuse_blur_js_0.15,-0.8878183122936427,-0.06169404774831211,-0.03874999999999995,-0.04498681156950468,0.06100831502026782,-0.27576044568535885,-2.667036036463344e-11
formal,cx0.25_cy0.75_layoutA,0.05,spatial_shift,0.05,x,cx0.25_cy0.75_layoutA__gamma_0.05__spatial_shift_x_js_0.05,-0.30725161113913035,-0.05020353099002195,0.02749999999999997,-0.027725887222397994,-0.070518713950114,-0.12369396042404501,-2.2907266361560374e-11
formal,cx0.25_cy0.75_layoutA,0.05,spatial_shift,0.1,x,cx0.25_cy0.75_layoutA__gamma_0.05__spatial_shift_x_js_0.1,-0.44814236246030337,-0.10879164050524892,0.03249999999999997,-0.03819085009768841,-0.0709943070071466,-0.16963817301894624,-1.737807814317094e-11
formal,cx0.25_cy0.75_layoutA,0.05,spatial_shift,0.15,x,cx0.25_cy0.75_layoutA__gamma_0.05__spatial_shift_x_js_0.15,-0.5469534268639871,-0.14896296782303864,0.02124999999999999,0.0,-0.11224896683088037,-0.21519571849809616,-2.594478104578357e-11
formal,cx0.25_cy0.75_layoutA,0.05,false_hotspot,0.05,x,cx0.25_cy0.75_layoutA__gamma_0.05__false_hotspot_x_js_0.05,-0.5704493092997831,0.03048114827589332,0.03875000000000006,0.027725887222397994,0.03484042165699375,-0.17596067948751637,7.664670217955027e-10
formal,cx0.25_cy0.75_layoutA,0.05,false_hotspot,0.1,x,cx0.25_cy0.75_layoutA__gamma_0.05__false_hotspot_x_js_0.1,-0.2407780767547365,0.33667400102643175,-0.03749999999999998,0.05545177444479599,0.1737554035156066,-0.01898540698841389,-2.7021808401972436e-11
formal,cx0.25_cy0.75_layoutA,0.05,false_hotspot,0.15,x,cx0.25_cy0.75_layoutA__gamma_0.05__false_hotspot_x_js_0.15,-0.20397040740541605,0.3536901958027663,-0.06625000000000003,0.027725887222397994,0.1629501319189135,-0.010242631043019923,-2.6072706493796005e-11
formal,cx0.25_cy0.75_layoutA,0.05,false_negative_suppression,0.05,x,cx0.25_cy0.75_layoutA__gamma_0.05__false_negative_suppression_x_js_0.05,-0.7104949687537117,-0.1225263767884277,-0.07687499999999997,0.05545177444479599,0.008416332789090042,-0.23136160544094309,-2.7077805275776967e-11
formal,cx0.25_cy0.75_layoutA,0.05,false_negative_suppression,0.1,x,cx0.25_cy0.75_layoutA__gamma_0.05__false_negative_suppression_x_js_0.1,-0.5020302925643954,-0.04106457654961648,-0.05249999999999999,-0.02772588722239755,0.012747198216692013,-0.1601751886758478,-2.1051459186960386e-11
formal,cx0.25_cy0.75_layoutA,0.05,false_negative_suppression,0.15,x,cx0.25_cy0.75_layoutA__gamma_0.05__false_negative_suppression_x_js_0.15,-0.3168069222662959,0.10614749556782144,-0.013124999999999942,0.027725887222397994,0.08605245996881106,-0.07422782697861985,-2.6798542551720317e-11
formal,cx0.25_cy0.75_layoutA,0.05,spatial_shift,0.05,y,cx0.25_cy0.75_layoutA__gamma_0.05__spatial_shift_y_js_0.05,-0.3976661136277828,-0.06745337234156601,0.009375000000000022,0.027725887222397994,-0.026020397113470928,-0.13833598272981096,-2.2070741068080935e-11
formal,cx0.25_cy0.75_layoutA,0.05,spatial_shift,0.1,y,cx0.25_cy0.75_layoutA__gamma_0.05__spatial_shift_y_js_0.1,-0.5929495071171456,-0.13758620765828056,0.010624999999999996,0.027725887222397994,-0.09722716304818402,-0.22542388908787636,-2.591936387741356e-11
formal,cx0.25_cy0.75_layoutA,0.05,spatial_shift,0.15,y,cx0.25_cy0.75_layoutA__gamma_0.05__spatial_shift_y_js_0.15,-0.7519754708635977,-0.18465713717769439,0.003750000000000031,-0.03819085009768841,-0.14172317588983407,-0.29139633625028316,-2.5414025051073708e-11
formal,cx0.25_cy0.75_layoutA,0.05,false_hotspot,0.05,y,cx0.25_cy0.75_layoutA__gamma_0.05__false_hotspot_y_js_0.05,-0.9544953988347542,-0.2197834933983518,-0.06999999999999995,-0.017260924347106688,-0.031105082272140372,-0.32574758082945054,-1.971015711754731e-11
formal,cx0.25_cy0.75_layoutA,0.05,false_hotspot,0.1,y,cx0.25_cy0.75_layoutA__gamma_0.05__false_hotspot_y_js_0.1,-0.7999227095890449,-0.21101434042605405,-0.06687500000000002,-0.017260924347106688,-0.08057016137274609,-0.28857227972230626,-2.7086020926159193e-11
formal,cx0.25_cy0.75_layoutA,0.05,false_hotspot,0.15,y,cx0.25_cy0.75_layoutA__gamma_0.05__false_hotspot_y_js_0.15,-0.6596419640092615,-0.1944929053129647,-0.03500000000000003,0.02772588722239755,-0.013443402841875063,-0.22109629019339994,-2.569272572472414e-11
formal,cx0.25_cy0.75_layoutA,0.05,false_negative_suppression,0.05,y,cx0.25_cy0.75_layoutA__gamma_0.05__false_negative_suppression_y_js_0.05,-0.685127174552294,-0.1287733417702519,-0.05062500000000003,0.027725887222397994,-0.013837910771516526,-0.22974702634720123,-2.7087908305301056e-11
formal,cx0.25_cy0.75_layoutA,0.05,false_negative_suppression,0.1,y,cx0.25_cy0.75_layoutA__gamma_0.05__false_negative_suppression_y_js_0.1,-0.5657357716831939,0.08473640083070721,-0.01937500000000003,0.05545177444479599,0.11163538868165279,-0.14987319571824065,-2.1720784892931277e-11
formal,cx0.25_cy0.75_layoutA,0.05,false_negative_suppression,0.15,y,cx0.25_cy0.75_layoutA__gamma_0.05__false_negative_suppression_y_js_0.15,-0.6210612560454338,0.13316361301733837,-0.016249999999999987,0.05545177444479599,0.13220905106416492,-0.16227130934015066,-2.6975845168752954e-11
formal,cx0.25_cy0.75_layoutA,0.1,uniform_prior_baseline,,,cx0.25_cy0.75_layoutA__gamma_0.1__uniform_prior_baseline,-0.3633546284029343,-0.30853764332754396,-0.09062499999999996,0.027725887222397994,-0.11406321784974072,-0.15489135411049992,4.422670563108966e-12
formal,cx0.25_cy0.75_layoutA,0.1,diffuse_blur,0.05,,cx0.25_cy0.75_layoutA__gamma_0.1__diffuse_blur_js_0.05,-0.6588975278714475,-0.31004188889334494,-0.05687500000000001,-0.027725887222397994,-0.14630094280708317,-0.26462859442837683,2.0873025530221412e-11
formal,cx0.25_cy0.75_layoutA,0.1,diffuse_blur,0.1,,cx0.25_cy0.75_layoutA__gamma_0.1__diffuse_blur_js_0.1,-1.0351495521710463,-0.47804695606107517,-0.05437499999999995,-0.11595697967390528,-0.25322670947309867,-0.41952430447166367,-9.878431406207255e-12
formal,cx0.25_cy0.75_layoutA,0.1,diffuse_blur,0.15,,cx0.25_cy0.75_layoutA__gamma_0.1__diffuse_blur_js_0.15,-0.4841121414726022,-0.3663955855934351,-0.05625000000000002,-0.02772588722239755,-0.170035179991622,-0.21029653494384326,6.365991067625032e-12
formal,cx0.25_cy0.75_layoutA,0.1,spatial_shift,0.05,x,cx0.25_cy0.75_layoutA__gamma_0.1__spatial_shift_x_js_0.05,-0.2942116944872355,-0.12143249169303805,0.028125000000000067,0.0,-0.08804196262766872,-0.12448827276455132,-9.817840984638337e-12
formal,cx0.25_cy0.75_layoutA,0.1,spatial_shift,0.1,x,cx0.25_cy0.75_layoutA__gamma_0.1__spatial_shift_x_js_0.1,-0.4274789057322055,-0.17720095939047886,0.021874999999999978,0.0,-0.12160241040009279,-0.178775065445409,-1.005492911154704e-11
formal,cx0.25_cy0.75_layoutA,0.1,spatial_shift,0.15,x,cx0.25_cy0.75_layoutA__gamma_0.1__spatial_shift_x_js_0.15,-0.539825362895539,-0.23213055216501344,0.005624999999999991,0.0,-0.16319531261657083,-0.2276550713950114,4.252570517948584e-12
formal,cx0.25_cy0.75_layoutA,0.1,false_hotspot,0.05,x,cx0.25_cy0.75_layoutA__gamma_0.1__false_hotspot_x_js_0.05,-0.6071547728839217,-0.32768723966255364,-0.04249999999999998,0.0,-0.1267454244709887,-0.24201001358998941,-7.43791139790062e-12
formal,cx0.25_cy0.75_layoutA,0.1,false_hotspot,0.1,x,cx0.25_cy0.75_layoutA__gamma_0.1__false_hotspot_x_js_0.1,-0.4641278863554983,-0.32500179970174825,-0.018749999999999933,-0.02772588722239755,-0.1553394385195075,-0.19980640556085572,1.005651117935713e-11
formal,cx0.25_cy0.75_layoutA,0.1,false_hotspot,0.15,x,cx0.25_cy0.75_layoutA__gamma_0.1__false_hotspot_x_js_0.15,0.27239645626406794,0.04807846975241148,-0.09499999999999997,0.0,0.029245904963741687,0.1010319249224696,1.7732829094008196e-11
formal,cx0.25_cy0.75_layoutA,0.1,false_negative_suppression,0.05,x,cx0.25_cy0.75_layoutA__gamma_0.1__false_negative_suppression_x_js_0.05,-0.65294397710705,-0.267120332300248,-0.062499999999999944,-0.027725887222397994,-0.12637345940974676,-0.25782641359825975,4.377193052462758e-12
formal,cx0.25_cy0.75_layoutA,0.1,false_negative_suppression,0.1,x,cx0.25_cy0.75_layoutA__gamma_0.1__false_negative_suppression_x_js_0.1,-0.7594607388505183,-0.28093942707895225,-0.06562499999999999,-0.08317766166719398,-0.1700979129140041,-0.3051082917465868,-8.81791861750969e-12
formal,cx0.25_cy0.75_layoutA,0.1,false_negative_suppression,0.15,x,cx0.25_cy0.75_layoutA__gamma_0.1__false_negative_suppression_x_js_0.15,-0.7564967953243524,-0.2775464549423734,-0.07374999999999998,-0.02772588722239755,-0.13779134350663735,-0.2966194514281235,-8.988518263031153e-12
formal,cx0.25_cy0.75_layoutA,0.1,spatial_shift,0.05,y,cx0.25_cy0.75_layoutA__gamma_0.1__spatial_shift_y_js_0.05,-0.3314849224929155,-0.13603061873396727,0.021874999999999978,0.027725887222397994,-0.11306412038819591,-0.14374417352673552,-1.595168441781425e-12
formal,cx0.25_cy0.75_layoutA,0.1,spatial_shift,0.1,y,cx0.25_cy0.75_layoutA__gamma_0.1__spatial_shift_y_js_0.1,-0.48784198981476345,-0.20457631822344235,0.024375000000000036,-0.027725887222397994,-0.12652870770731361,-0.20074498692023823,-6.5367850021758045e-12
formal,cx0.25_cy0.75_layoutA,0.1,spatial_shift,0.15,y,cx0.25_cy0.75_layoutA__gamma_0.1__spatial_shift_y_js_0.15,-0.622941959046738,-0.2896099398569103,0.0031250000000000444,-0.027725887222397994,-0.19794722716287882,-0.2645606693054654,-8.353609470823642e-12
formal,cx0.25_cy0.75_layoutA,0.1,false_hotspot,0.05,y,cx0.25_cy0.75_layoutA__gamma_0.1__false_hotspot_y_js_0.05,-0.8148310123454925,-0.359301173488521,-0.04874999999999996,-0.05545177444479599,-0.16525191397158157,-0.3232911989031082,3.9849734623231825e-11
formal,cx0.25_cy0.75_layoutA,0.1,false_hotspot,0.1,y,cx0.25_cy0.75_layoutA__gamma_0.1__false_hotspot_y_js_0.1,-0.7409204237956981,-0.40050994475027246,-0.06812499999999999,-0.05545177444479599,-0.23461860196022766,-0.313631488839909,-1.0033168740264387e-11
formal,cx0.25_cy0.75_layoutA,0.1,false_hotspot,0.15,y,cx0.25_cy0.75_layoutA__gamma_0.1__false_hotspot_y_js_0.15,-0.5974007555517087,-0.3966403281222419,-0.06874999999999998,-0.05545177444479554,-0.2200680625762752,-0.26116399946692903,-7.441020022369571e-12
formal,cx0.25_cy0.75_layoutA,0.1,false_negative_suppression,0.05,y,cx0.25_cy0.75_layoutA__gamma_0.1__false_negative_suppression_y_js_0.05,-0.6396795908192194,-0.2676730950915305,-0.05499999999999994,-0.027725887222397994,-0.13400879871357763,-0.255035843683977,-1.0063144761929266e-11
formal,cx0.25_cy0.75_layoutA,0.1,false_negative_suppression,0.1,y,cx0.25_cy0.75_layoutA__gamma_0.1__false_negative_suppression_y_js_0.1,-0.7367591494658012,-0.27881680064529224,-0.05437499999999995,-0.08317766166719398,-0.13715898864464382,-0.2895759672645217,-9.714298809804234e-12
formal,cx0.25_cy0.75_layoutA,0.1,false_negative_suppression,0.15,y,cx0.25_cy0.75_layoutA__gamma_0.1__false_negative_suppression_y_js_0.15,-0.7281473471654589,-0.2706621093534769,-0.05312499999999998,-0.08317766166719398,-0.12809445604177316,-0.2844595671353187,3.0784819138318653e-12
formal,cx0.25_cy0.75_layoutB,0.05,uniform_prior_baseline,,,cx0.25_cy0.75_layoutB__gamma_0.05__uniform_prior_baseline,-3.2759135060001032,-1.1257344958159239,-0.2375,0.027725887222397994,-0.24376145920790293,-1.1582627167914181,-6.853455303268419e-12
formal,cx0.25_cy0.75_layoutB,0.05,diffuse_blur,0.05,,cx0.25_cy0.75_layoutB__gamma_0.05__diffuse_blur_js_0.05,-1.6916037956488639,-0.5584527805321384,-0.13249999999999995,0.027725887222397994,-0.01241090284167079,-0.5405315233670525,1.2440881658193348e-12
formal,cx0.25_cy0.75_layoutB,0.05,diffuse_blur,0.1,,cx0.25_cy0.75_layoutB__gamma_0.05__diffuse_blur_js_0.1,-3.330076124177026,-1.1756590448317774,-0.22624999999999995,0.027725887222397994,-0.275745838730427,-1.186705307634683,-6.678810282600978e-12
formal,cx0.25_cy0.75_layoutB,0.05,diffuse_blur,0.15,,cx0.25_cy0.75_layoutB__gamma_0.05__diffuse_blur_js_0.15,-3.3400295827372872,-1.1784385208572274,-0.22499999999999998,-0.04498681156950468,-0.2796808312318788,-1.1913229364469733,-7.446161742752366e-12
formal,cx0.25_cy0.75_layoutB,0.05,spatial_shift,0.05,x,cx0.25_cy0.75_layoutB__gamma_0.05__spatial_shift_x_js_0.05,-0.6959025859443724,-0.13970030838763225,0.0012500000000000844,-0.038190850097688855,-0.009121177160372973,-0.2186762625435792,-1.786633341271937e-12
formal,cx0.25_cy0.75_layoutB,0.05,spatial_shift,0.1,x,cx0.25_cy0.75_layoutB__gamma_0.05__spatial_shift_x_js_0.1,-2.017010749827225,-0.982174617214775,-0.20375,-0.05545177444479599,-0.2579984931578627,-0.745296056592502,1.2581879982320743e-11
formal,cx0.25_cy0.75_layoutB,0.05,spatial_shift,0.15,x,cx0.25_cy0.75_layoutB__gamma_0.05__spatial_shift_x_js_0.15,-2.328786194922115,-1.0098523613831665,-0.19687500000000002,-0.027725887222397994,-0.2602449298131555,-0.8467164316259859,-1.124628168369668e-12
formal,cx0.25_cy0.75_layoutB,0.05,false_hotspot,0.05,x,cx0.25_cy0.75_layoutB__gamma_0.05__false_hotspot_x_js_0.05,-0.4769947570218278,-0.26770927040299064,-0.01937499999999992,-0.1318334746401737,-0.08982796995347364,-0.1904475313085192,3.9092340475832543e-13
formal,cx0.25_cy0.75_layoutB,0.05,false_hotspot,0.1,x,cx0.25_cy0.75_layoutB__gamma_0.05__false_hotspot_x_js_0.1,-2.522402434737071,-0.6770160981717996,-0.21124999999999994,0.027725887222397994,-0.135230869946648,-0.8652317868253956,3.793930447582028e-12
formal,cx0.25_cy0.75_layoutB,0.05,false_hotspot,0.15,x,cx0.25_cy0.75_layoutB__gamma_0.05__false_hotspot_x_js_0.15,-2.385244627497637,-0.6821908048394474,-0.25625,0.027725887222397994,-0.11021821111334518,-0.8099534576512712,-6.638342653353391e-12
formal,cx0.25_cy0.75_layoutB,0.05,false_negative_suppression,0.05,x,cx0.25_cy0.75_layoutB__gamma_0.05__false_negative_suppression_x_js_0.05,-1.5283631101186632,-0.37409041076084204,-0.006249999999999978,-0.10410758741777526,-0.019657661616900413,-0.4899184711850171,2.1537820138473052e-11
formal,cx0.25_cy0.75_layoutB,0.05,false_negative_suppression,0.1,x,cx0.25_cy0.75_layoutB__gamma_0.05__false_negative_suppression_x_js_0.1,-1.6817358492039887,-0.3191599966640122,-0.04999999999999993,0.027725887222397994,0.04021955430935087,-0.5154536509199863,-5.382562451305972e-12
formal,cx0.25_cy0.75_layoutB,0.05,false_negative_suppression,0.15,x,cx0.25_cy0.75_layoutB__gamma_0.05__false_negative_suppression_x_js_0.15,-1.73830068980984,-0.3587444884329023,-0.08624999999999994,0.027725887222397994,0.015652618246186023,-0.5444488096457252,-2.661829090477852e-13
formal,cx0.25_cy0.75_layoutB,0.05,spatial_shift,0.05,y,cx0.25_cy0.75_layoutB__gamma_0.05__spatial_shift_y_js_0.05,-0.8480482711364825,-0.08260016595379271,-0.008124999999999938,-0.05545177444479599,-0.0190927212274854,-0.27122688115998317,-1.2337353361147052e-12
formal,cx0.25_cy0.75_layoutB,0.05,spatial_shift,0.1,y,cx0.25_cy0.75_layoutB__gamma_0.05__spatial_shift_y_js_0.1,-1.11066886867928,-0.4735645316939898,-0.06499999999999995,0.0,-0.024185183615875516,-0.35690998461163614,-6.44394954063543e-12
formal,cx0.25_cy0.75_layoutB,0.05,spatial_shift,0.15,y,cx0.25_cy0.75_layoutB__gamma_0.05__spatial_shift_y_js_0.15,-1.3376663438536758,-0.42327167606897254,-0.004375000000000018,0.0,-0.042366040710740016,-0.43781627230784803,2.5782702361976106e-11
formal,cx0.25_cy0.75_layoutB,0.05,false_hotspot,0.05,y,cx0.25_cy0.75_layoutB__gamma_0.05__false_hotspot_y_js_0.05,-1.4749563008631421,-0.36468287093714213,-0.022499999999999964,0.027725887222397994,0.00714146771217905,-0.461000593614425,6.028573473759735e-12
formal,cx0.25_cy0.75_layoutB,0.05,false_hotspot,0.1,y,cx0.25_cy0.75_layoutB__gamma_0.05__false_hotspot_y_js_0.1,-1.4071728299925148,-0.3392150910238021,0.02750000000000008,0.027725887222397994,0.06888182447210944,-0.41209315383591205,-5.8540533531825645e-12
formal,cx0.25_cy0.75_layoutB,0.05,false_hotspot,0.15,y,cx0.25_cy0.75_layoutB__gamma_0.05__false_hotspot_y_js_0.15,-1.2725088230426795,-0.42110900544878804,0.02750000000000008,0.027725887222397994,0.03715049946932414,-0.3817291737852213,-4.112078733076174e-12
formal,cx0.25_cy0.75_layoutB,0.05,false_negative_suppression,0.05,y,cx0.25_cy0.75_layoutB__gamma_0.05__false_negative_suppression_y_js_0.05,-1.44168215937571,-0.30470678068433443,-0.04812499999999997,0.0,0.032607984025016634,-0.4391366097146432,1.772729879556678e-11
formal,cx0.25_cy0.75_layoutB,0.05,false_negative_suppression,0.1,y,cx0.25_cy0.75_layoutB__gamma_0.05__false_negative_suppression_y_js_0.1,-2.8220703634668807,-0.792874764332212,-0.16937499999999994,0.027725887222397994,-0.13325484118022324,-0.9664765368039632,-4.580759382921684e-12
formal,cx0.25_cy0.75_layoutB,0.05,false_negative_suppression,0.15,y,cx0.25_cy0.75_layoutB__gamma_0.05__false_negative_suppression_y_js_0.15,-3.0357679621548925,-0.8294636997715292,-0.18125000000000002,0.027725887222397994,-0.18045091325809004,-1.0555399106206447,-3.6042210882492043e-12
formal,cx0.25_cy0.75_layoutB,0.1,uniform_prior_baseline,,,cx0.25_cy0.75_layoutB__gamma_0.1__uniform_prior_baseline,-2.6182059883354287,-1.2544206131955318,-0.24624999999999997,-0.07271269879190267,-0.4476269907032959,-1.034524982684232,2.3143681415760398e-11
formal,cx0.25_cy0.75_layoutB,0.1,diffuse_blur,0.05,,cx0.25_cy0.75_layoutB__gamma_0.1__diffuse_blur_js_0.05,-1.8844439965018402,-0.6786491583258196,-0.14374999999999993,0.0,-0.21230860232693516,-0.7123386877632365,4.9835136017861714e-14
formal,cx0.25_cy0.75_layoutB,0.1,diffuse_blur,0.1,,cx0.25_cy0.75_layoutB__gamma_0.1__diffuse_blur_js_0.1,-2.372235790609688,-1.138284316688815,-0.21624999999999994,-0.07271269879190267,-0.3906122892274073,-0.9340053658208611,4.304999412507726e-11
formal,cx0.25_cy0.75_layoutB,0.1,diffuse_blur,0.15,,cx0.25_cy0.75_layoutB__gamma_0.1__diffuse_blur_js_0.15,-2.5612370133178324,-1.2450758593555715,-0.23187499999999994,-0.07271269879190267,-0.4463528914224808,-1.01451572219506,2.7770424848583275e-12
formal,cx0.25_cy0.75_layoutB,0.1,spatial_shift,0.05,x,cx0.25_cy0.75_layoutB__gamma_0.1__spatial_shift_x_js_0.05,-1.4708704437258069,-0.8133080330856655,-0.14687499999999998,-0.027725887222397994,-0.29630848539623056,-0.5996783846523153,3.043565399707404e-12
formal,cx0.25_cy0.75_layoutB,0.1,spatial_shift,0.1,x,cx0.25_cy0.75_layoutB__gamma_0.1__spatial_shift_x_js_0.1,-1.8304737708260763,-0.94422912964417,-0.17062499999999992,-0.0659167373200864,-0.39726046450073316,-0.7526591051693861,6.375566741212424e-12
formal,cx0.25_cy0.75_layoutB,0.1,spatial_shift,0.15,x,cx0.25_cy0.75_layoutB__gamma_0.1__spatial_shift_x_js_0.15,-2.123376806348114,-1.0356265756633407,-0.17374999999999996,-0.10043858601430067,-0.4008532942951586,-0.8520459704261452,1.009969885501505e-12
formal,cx0.25_cy0.75_layoutB,0.1,false_hotspot,0.05,x,cx0.25_cy0.75_layoutB__gamma_0.1__false_hotspot_x_js_0.05,-1.9801403221973635,-0.7777641710495042,-0.14625,-0.027725887222397994,-0.2872359256189352,-0.7686943141412694,4.455796842606219e-12
formal,cx0.25_cy0.75_layoutB,0.1,false_hotspot,0.1,x,cx0.25_cy0.75_layoutB__gamma_0.1__false_hotspot_x_js_0.1,-2.072154897340482,-0.8046256730585415,-0.12124999999999997,-0.10043858601430067,-0.3030102089381197,-0.8051199695070552,1.82936721326854e-11
formal,cx0.25_cy0.75_layoutB,0.1,false_hotspot,0.15,x,cx0.25_cy0.75_layoutB__gamma_0.1__false_hotspot_x_js_0.15,-2.004328375000533,-0.7914447382329795,-0.16312499999999996,0.0,-0.2979215417964456,-0.7802808131785013,3.560358952103826e-11
formal,cx0.25_cy0.75_layoutB,0.1,false_negative_suppression,0.05,x,cx0.25_cy0.75_layoutB__gamma_0.1__false_negative_suppression_x_js_0.05,-1.568631121373092,-0.41222919014644477,-0.125,0.0,-0.12545636073262223,-0.574810408729947,2.7860783124999955e-11
formal,cx0.25_cy0.75_layoutB,0.1,false_negative_suppression,0.1,x,cx0.25_cy0.75_layoutB__gamma_0.1__false_negative_suppression_x_js_0.1,-1.7390051357330574,-0.47820731930573057,-0.11624999999999996,0.0,-0.13868639438789998,-0.6382885580403181,6.660738627317642e-11
formal,cx0.25_cy0.75_layoutB,0.1,false_negative_suppression,0.15,x,cx0.25_cy0.75_layoutB__gamma_0.1__false_negative_suppression_x_js_0.15,-1.75280140897822,-0.44618680091214635,-0.10562499999999997,0.0,-0.13807458224995717,-0.6428951095726632,3.1226299324060847e-11
formal,cx0.25_cy0.75_layoutB,0.1,spatial_shift,0.05,y,cx0.25_cy0.75_layoutB__gamma_0.1__spatial_shift_y_js_0.05,-0.6122063732339855,-0.39939448269583355,-0.01937499999999992,-0.09364262454248484,-0.19579158423667664,-0.2809074730237522,-4.579669976578771e-16
formal,cx0.25_cy0.75_layoutB,0.1,spatial_shift,0.15,y,cx0.25_cy0.75_layoutB__gamma_0.1__spatial_shift_y_js_0.15,-1.1095455866585509,-0.6487323486882666,-0.23062499999999997,-0.0659167373200864,-0.20224026227106684,-0.4462865314180835,1.4793548330782613e-10
formal,cx0.25_cy0.75_layoutB,0.1,false_hotspot,0.05,y,cx0.25_cy0.75_layoutB__gamma_0.1__false_hotspot_y_js_0.05,-1.5964622160512798,-0.5507180397513967,-0.125625,0.0,-0.1691651825333027,-0.5990571162328235,1.0923206783530759e-13
formal,cx0.25_cy0.75_layoutB,0.1,false_hotspot,0.1,y,cx0.25_cy0.75_layoutB__gamma_0.1__false_hotspot_y_js_0.1,-1.479852859664767,-0.4214299414606941,-0.17312499999999997,0.0,-0.09363192368415696,-0.5333053481171595,1.2133932747460108e-11
formal,cx0.25_cy0.75_layoutB,0.1,false_hotspot,0.15,y,cx0.25_cy0.75_layoutB__gamma_0.1__false_hotspot_y_js_0.15,-1.169365532732284,-0.625488517778066,-0.20437499999999997,-0.027725887222397994,-0.2032206739036937,-0.46652939967465823,6.60665966378815e-13
formal,cx0.25_cy0.75_layoutB,0.1,false_negative_suppression,0.05,y,cx0.25_cy0.75_layoutB__gamma_0.1__false_negative_suppression_y_js_0.05,-1.8977099156104256,-0.670833552824019,-0.14312499999999995,0.0,-0.22310341678732204,-0.7203253569299835,3.799130454673616e-11
formal,cx0.25_cy0.75_layoutB,0.1,false_negative_suppression,0.1,y,cx0.25_cy0.75_layoutB__gamma_0.1__false_negative_suppression_y_js_0.1,-2.0702650516466363,-0.7770205173533449,-0.14874999999999994,-0.07271269879190267,-0.278551782782662,-0.7970627358268589,2.687988720495582e-12
formal,cx0.25_cy0.75_layoutB,0.1,false_negative_suppression,0.15,y,cx0.25_cy0.75_layoutB__gamma_0.1__false_negative_suppression_y_js_0.15,-2.1481147909783154,-0.8290403005327001,-0.16312499999999996,-0.10043858601430067,-0.28782526430344735,-0.8267783747073199,1.4938161818633944e-11
formal,cx0.25_cy0.75_layoutC,0.05,uniform_prior_baseline,,,cx0.25_cy0.75_layoutC__gamma_0.05__uniform_prior_baseline,-3.6941363305861428,-1.3498181872173052,-0.283125,0.0,-0.3927087468970525,-1.3562228400018208,8.085199176832703e-14
formal,cx0.25_cy0.75_layoutC,0.05,diffuse_blur,0.05,,cx0.25_cy0.75_layoutC__gamma_0.05__diffuse_blur_js_0.05,-1.6076188125582238,-0.547589819716555,-0.06812499999999999,0.0,-0.06702833315460754,-0.5376059961362278,-1.7676277108691352e-12
formal,cx0.25_cy0.75_layoutC,0.05,diffuse_blur,0.1,,cx0.25_cy0.75_layoutC__gamma_0.05__diffuse_blur_js_0.1,-3.593141605698511,-1.281602305208978,-0.25125,0.027725887222397994,-0.3358144144888975,-1.3036886114385555,-1.9539231344012364e-12
formal,cx0.25_cy0.75_layoutC,0.05,diffuse_blur,0.15,,cx0.25_cy0.75_layoutC__gamma_0.05__diffuse_blur_js_0.15,-3.760805742625098,-1.4068100354960098,-0.27,0.027725887222397994,-0.3901970347677661,-1.3782672434032528,3.833842271427912e-11
formal,cx0.25_cy0.75_layoutC,0.05,spatial_shift,0.05,x,cx0.25_cy0.75_layoutC__gamma_0.05__spatial_shift_x_js_0.05,-0.745413548000414,-0.23122927282764438,0.006249999999999978,-0.0659167373200864,-0.08369326315168202,-0.27232747721707184,1.770873725437383e-11
formal,cx0.25_cy0.75_layoutC,0.05,spatial_shift,0.1,x,cx0.25_cy0.75_layoutC__gamma_0.05__spatial_shift_x_js_0.1,-1.0514821369660332,-0.19058945554218276,-0.01375000000000004,0.027725887222397994,-0.008579828527490285,-0.33103220630479413,6.607598357355471e-10
formal,cx0.25_cy0.75_layoutC,0.05,spatial_shift,0.15,x,cx0.25_cy0.75_layoutC__gamma_0.05__spatial_shift_x_js_0.15,-0.4308368500432911,-0.6851574453449172,-0.06500000000000006,-0.08317766166719354,-0.3454194399002679,-0.31458559099538475,-1.990539677532155e-12
formal,cx0.25_cy0.75_layoutC,0.05,false_hotspot,0.05,x,cx0.25_cy0.75_layoutC__gamma_0.05__false_hotspot_x_js_0.05,-0.5206018953973057,-0.31078776681224607,0.0031249999999999334,-0.038190850097688855,-0.07320711140380709,-0.1977970579624877,2.204583737785981e-12
formal,cx0.25_cy0.75_layoutC,0.05,false_hotspot,0.1,x,cx0.25_cy0.75_layoutC__gamma_0.05__false_hotspot_x_js_0.1,-2.4810285004589065,-0.7341313253033497,-0.22187500000000004,0.0,-0.14844787214176858,-0.8600626631887458,-8.465173007010662e-13
formal,cx0.25_cy0.75_layoutC,0.05,false_hotspot,0.15,x,cx0.25_cy0.75_layoutC__gamma_0.05__false_hotspot_x_js_0.15,-2.26480190204527,-0.7294679554608203,-0.259375,-0.027725887222397994,-0.13954166210285113,-0.784444047752249,1.2011128203148758e-11
formal,cx0.25_cy0.75_layoutC,0.05,false_negative_suppression,0.05,x,cx0.25_cy0.75_layoutC__gamma_0.05__false_negative_suppression_x_js_0.05,-1.8368433844563148,-0.44702910993436573,-0.010624999999999996,0.0,-0.06996789508710499,-0.6138222166347576,2.9290070369114574e-11
formal,cx0.25_cy0.75_layoutC,0.05,false_negative_suppression,0.1,x,cx0.25_cy0.75_layoutC__gamma_0.05__false_negative_suppression_x_js_0.1,-2.0568619818775753,-0.5050362721940798,-0.03500000000000003,-0.027725887222397994,-0.08924189514978575,-0.6946856560383137,1.1620607254236859e-11
formal,cx0.25_cy0.75_layoutC,0.05,false_negative_suppression,0.15,x,cx0.25_cy0.75_layoutC__gamma_0.05__false_negative_suppression_x_js_0.15,-2.1855686004909467,-0.5441084965901699,-0.09812500000000002,0.027725887222397994,-0.0760901157120939,-0.7320416692987779,5.947603520795042e-13
formal,cx0.25_cy0.75_layoutC,0.05,spatial_shift,0.05,y,cx0.25_cy0.75_layoutC__gamma_0.05__spatial_shift_y_js_0.05,-0.8010491493140446,-0.18019056448617699,-0.03312500000000007,-0.027725887222397994,-0.015543671065894493,-0.2551329482103437,-1.4654388813539754e-12
formal,cx0.25_cy0.75_layoutC,0.05,spatial_shift,0.1,y,cx0.25_cy0.75_layoutC__gamma_0.05__spatial_shift_y_js_0.1,-1.2827779852585177,-0.3477849562788746,-0.04125000000000001,0.0,-0.0581133302171164,-0.4287543942393879,-9.52300738266132e-13
formal,cx0.25_cy0.75_layoutC,0.05,spatial_shift,0.15,y,cx0.25_cy0.75_layoutC__gamma_0.05__spatial_shift_y_js_0.15,-1.463961826976779,-0.49579870424422934,-0.015625,-0.038190850097688855,-0.11126268645812498,-0.5114896676871448,7.475138563695083e-12
formal,cx0.25_cy0.75_layoutC,0.05,false_hotspot,0.05,y,cx0.25_cy0.75_layoutC__gamma_0.05__false_hotspot_y_js_0.05,-1.6208611895373455,-0.33615790535054435,0.004375000000000018,0.027725887222397994,-0.013834333523355724,-0.5179562303717842,2.4501026207879306e-11
formal,cx0.25_cy0.75_layoutC,0.05,false_hotspot,0.1,y,cx0.25_cy0.75_layoutC__gamma_0.05__false_hotspot_y_js_0.1,-1.4609827420120478,-0.43801505097220916,0.010624999999999996,0.027725887222397994,-0.01898524974623328,-0.4680006687235094,-5.788494683578449e-13
formal,cx0.25_cy0.75_layoutC,0.05,false_hotspot,0.15,y,cx0.25_cy0.75_layoutC__gamma_0.05__false_hotspot_y_js_0.15,-1.1852933409637822,-0.4375538896223108,0.026249999999999996,-4.440892098500626e-16,-0.04100211924814001,-0.3894468675193252,-1.6601511831915161e-12
formal,cx0.25_cy0.75_layoutC,0.05,false_negative_suppression,0.05,y,cx0.25_cy0.75_layoutC__gamma_0.05__false_negative_suppression_y_js_0.05,-1.4165464839948498,-0.5401151202713255,-0.06000000000000005,0.027725887222397994,-0.07488582493702545,-0.4794839529128354,7.023125137006758e-12
formal,cx0.25_cy0.75_layoutC,0.05,false_negative_suppression,0.15,y,cx0.25_cy0.75_layoutC__gamma_0.05__false_negative_suppression_y_js_0.15,-3.3636444349251313,-1.0229530539067864,-0.23687500000000006,-8.881784197001252e-16,-0.28726212425789033,-1.2091879879694405,5.110634138105752e-13
formal,cx0.25_cy0.75_layoutC,0.1,uniform_prior_baseline,,,cx0.25_cy0.75_layoutC__gamma_0.1__uniform_prior_baseline,-3.0207293900754144,-1.6805922046405617,-0.31625,-0.017260924347106688,-0.5508161346701428,-1.208429402069797,1.670628912986416e-11
formal,cx0.25_cy0.75_layoutC,0.1,diffuse_blur,0.05,,cx0.25_cy0.75_layoutC__gamma_0.1__diffuse_blur_js_0.05,-1.8007876227036377,-0.8243559493223152,-0.20999999999999996,0.05545177444479599,-0.2121544928604262,-0.6861437276123725,-7.679828994966442e-13
formal,cx0.25_cy0.75_layoutC,0.1,diffuse_blur,0.1,,cx0.25_cy0.75_layoutC__gamma_0.1__diffuse_blur_js_0.1,-2.5141226440630264,-1.3946564696080688,-0.271875,-0.017260924347106688,-0.408750657156002,-0.9940968866218165,-3.290423489232808e-14
formal,cx0.25_cy0.75_layoutC,0.1,diffuse_blur,0.15,,cx0.25_cy0.75_layoutC__gamma_0.1__diffuse_blur_js_0.15,-2.8658102067815516,-1.617371305733572,-0.29874999999999996,-0.017260924347106688,-0.5194012361387603,-1.1466252355291422,-1.084909939663703e-12
formal,cx0.25_cy0.75_layoutC,0.1,spatial_shift,0.05,x,cx0.25_cy0.75_layoutC__gamma_0.1__spatial_shift_x_js_0.05,-1.33820504786215,-1.1153500344910623,-0.24562499999999993,-0.027725887222397994,-0.33162159849737094,-0.5746874197228493,-9.693634783758398e-13
formal,cx0.25_cy0.75_layoutC,0.1,spatial_shift,0.15,x,cx0.25_cy0.75_layoutC__gamma_0.1__spatial_shift_x_js_0.15,-1.9933243758129437,-1.2773148855869096,-0.266875,0.0,-0.41008548249979615,-0.8183522404501002,3.0818125829057408e-12
formal,cx0.25_cy0.75_layoutC,0.1,false_hotspot,0.05,x,cx0.25_cy0.75_layoutC__gamma_0.1__false_hotspot_x_js_0.05,-1.963318545161263,-0.9588290640314061,-0.20937499999999998,0.05545177444479599,-0.23333842180039177,-0.7491677903653668,2.351163708169679e-11
formal,cx0.25_cy0.75_layoutC,0.1,false_hotspot,0.1,x,cx0.25_cy0.75_layoutC__gamma_0.1__false_hotspot_x_js_0.1,-2.1570152297297662,-0.9983006464492221,-0.19999999999999996,0.05545177444479599,-0.2584705114750321,-0.824309327555139,1.8716972416399358e-12
formal,cx0.25_cy0.75_layoutC,0.1,false_hotspot,0.15,x,cx0.25_cy0.75_layoutC__gamma_0.1__false_hotspot_x_js_0.15,-2.129356467777362,-0.9931173169664529,-0.23812499999999992,0.05545177444479599,-0.28755001604251973,-0.8241544903886195,2.4572149870394355e-11
formal,cx0.25_cy0.75_layoutC,0.1,false_negative_suppression,0.05,x,cx0.25_cy0.75_layoutC__gamma_0.1__false_negative_suppression_x_js_0.05,-1.7379777145989816,-0.8164516847443846,-0.19062499999999993,0.05545177444479599,-0.19751484006732412,-0.6595420768235023,-2.3994695119711196e-13
formal,cx0.25_cy0.75_layoutC,0.1,false_negative_suppression,0.1,x,cx0.25_cy0.75_layoutC__gamma_0.1__false_negative_suppression_x_js_0.1,-1.9135372261703418,-0.8985975339304444,-0.18312499999999998,0.05545177444479599,-0.21053870037961708,-0.724341659486293,7.90824350449526e-12
formal,cx0.25_cy0.75_layoutC,0.1,false_negative_suppression,0.15,x,cx0.25_cy0.75_layoutC__gamma_0.1__false_negative_suppression_x_js_0.15,-1.949989188734694,-0.929634581159394,-0.1818749999999999,0.05545177444479599,-0.21753120061022813,-0.739272202399373,3.442468532455223e-12
formal,cx0.25_cy0.75_layoutC,0.1,spatial_shift,0.1,y,cx0.25_cy0.75_layoutC__gamma_0.1__spatial_shift_y_js_0.1,-0.9464563500449401,-0.690446177741884,-0.0981249999999999,0.05545177444479599,-0.16172566220228735,-0.3799679752538143,-1.191491350027718e-12
formal,cx0.25_cy0.75_layoutC,0.1,spatial_shift,0.15,y,cx0.25_cy0.75_layoutC__gamma_0.1__spatial_shift_y_js_0.15,-1.1423156923208788,-0.7825930704874033,-0.1875,0.05545177444479599,-0.185302824515869,-0.4541706307931044,1.5347029203027773e-12
formal,cx0.25_cy0.75_layoutC,0.1,false_hotspot,0.05,y,cx0.25_cy0.75_layoutC__gamma_0.1__false_hotspot_y_js_0.05,-1.1964241427857285,-0.7964314139762143,-0.21624999999999994,0.05545177444479599,-0.17119132549632443,-0.4667207997804268,-1.151773121321753e-12
formal,cx0.25_cy0.75_layoutC,0.1,false_hotspot,0.1,y,cx0.25_cy0.75_layoutC__gamma_0.1__false_hotspot_y_js_0.1,-1.4236949221076962,-0.8206985776793276,-0.2231249999999999,0.05545177444479599,-0.1781588434042165,-0.5456987800662305,1.4768186673563832e-12
formal,cx0.25_cy0.75_layoutC,0.1,false_hotspot,0.15,y,cx0.25_cy0.75_layoutC__gamma_0.1__false_hotspot_y_js_0.15,-1.1447989806205694,-0.7065322226471715,-0.13124999999999998,-0.03819085009768841,-0.2402013950923303,-0.4763788269182765,4.828359934094806e-12
formal,cx0.25_cy0.75_layoutC,0.1,false_negative_suppression,0.05,y,cx0.25_cy0.75_layoutC__gamma_0.1__false_negative_suppression_y_js_0.05,-1.99596301781839,-0.9067131198083986,-0.21687499999999993,0.05545177444479599,-0.24528612202633138,-0.7643921701825604,-2.5067448117255253e-13
formal,cx0.25_cy0.75_layoutC,0.1,false_negative_suppression,0.1,y,cx0.25_cy0.75_layoutC__gamma_0.1__false_negative_suppression_y_js_0.1,-0.877717381056546,-0.6192435717400238,-0.06999999999999995,0.027725887222397994,-0.10706729347690214,-0.33505004708441355,-7.063516438421402e-13
formal,cx0.75_cy0.25_layoutA,0.05,uniform_prior_baseline,,,cx0.75_cy0.25_layoutA__gamma_0.05__uniform_prior_baseline,-0.8287323783577651,-0.014043221141258666,0.013124999999999942,-0.017260924347106688,0.08584537141918602,-0.24796591521959188,3.966688089107606e-12
formal,cx0.75_cy0.25_layoutA,0.05,diffuse_blur,0.05,,cx0.75_cy0.25_layoutA__gamma_0.05__diffuse_blur_js_0.05,-0.8356413929713664,-0.13351056140892226,-0.009375000000000022,-0.017260924347106688,0.01611152962083917,-0.27134279023046526,1.595903964535239e-12
formal,cx0.75_cy0.25_layoutA,0.05,diffuse_blur,0.1,,cx0.75_cy0.25_layoutA__gamma_0.05__diffuse_blur_js_0.1,-1.1254226317379956,-0.19483841671621205,-0.06875000000000003,-0.017260924347106688,-0.028233347014033683,-0.38320539560891476,1.0124873162098424e-11
formal,cx0.75_cy0.25_layoutA,0.05,diffuse_blur,0.15,,cx0.75_cy0.25_layoutA__gamma_0.05__diffuse_blur_js_0.15,-0.9070608295859781,-0.07094795614280391,-0.02937500000000004,-0.017260924347106688,0.03969371633096319,-0.28868182347055793,-5.80487047319167e-12
formal,cx0.75_cy0.25_layoutA,0.05,spatial_shift,0.05,x,cx0.75_cy0.25_layoutA__gamma_0.05__spatial_shift_x_js_0.05,-0.39766570757916764,-0.06781836767037186,-0.017500000000000016,0.027725887222397994,-0.0257289670374945,-0.1382317716939463,1.8494927811474327e-12
formal,cx0.75_cy0.25_layoutA,0.05,spatial_shift,0.1,x,cx0.75_cy0.25_layoutA__gamma_0.05__spatial_shift_x_js_0.1,-0.5928470612703505,-0.14026334322793055,-0.018125000000000002,-0.027725887222397994,-0.09082815665818877,-0.22334836250039447,2.9542410184824064e-12
formal,cx0.75_cy0.25_layoutA,0.05,spatial_shift,0.15,x,cx0.75_cy0.25_layoutA__gamma_0.05__spatial_shift_x_js_0.15,-0.7516197931277704,-0.18274852624813698,-0.03125,-0.010464962875290418,-0.13578599937401137,-0.28944406210985196,1.5220512350477833e-11
formal,cx0.75_cy0.25_layoutA,0.05,false_hotspot,0.05,x,cx0.75_cy0.25_layoutA__gamma_0.05__false_hotspot_x_js_0.05,-1.0164813435621083,-0.06233777404282215,-0.020000000000000018,-0.017260924347106688,-0.004906950716842218,-0.3392222924800068,-4.277682374986824e-12
formal,cx0.75_cy0.25_layoutA,0.05,false_hotspot,0.1,x,cx0.75_cy0.25_layoutA__gamma_0.05__false_hotspot_x_js_0.1,-0.7999223034939309,-0.21138013352644203,0.012499999999999956,-0.017260924347106688,-0.08027506038864018,-0.28846685871249944,-4.386033203296336e-12
formal,cx0.75_cy0.25_layoutA,0.05,false_hotspot,0.15,x,cx0.75_cy0.25_layoutA__gamma_0.05__false_hotspot_x_js_0.15,-0.6596415579188291,-0.1948591430323725,0.024375000000000036,0.027725887222397994,-0.013151937573677941,-0.2209920056762109,-3.005568016689608e-12
formal,cx0.75_cy0.25_layoutA,0.05,false_negative_suppression,0.05,x,cx0.75_cy0.25_layoutA__gamma_0.05__false_negative_suppression_x_js_0.05,-0.6818921976577101,-0.11825683689791644,0.05249999999999999,0.0,-0.016826261126324127,-0.22958090284515387,-4.9917292521683976e-12
formal,cx0.75_cy0.25_layoutA,0.05,false_negative_suppression,0.1,x,cx0.75_cy0.25_layoutA__gamma_0.05__false_negative_suppression_x_js_0.1,-0.4765985286830876,-0.03254345998693342,0.0,0.027725887222397994,0.022858914626434412,-0.148417258639018,-9.612935447655957e-13
formal,cx0.75_cy0.25_layoutA,0.05,false_negative_suppression,0.15,x,cx0.75_cy0.25_layoutA__gamma_0.05__false_negative_suppression_x_js_0.15,-0.33587401352577473,0.07504643046112802,-0.0031250000000000444,0.05545177444479599,0.08504996882931248,-0.08093316853588606,1.2969278428975883e-12
formal,cx0.75_cy0.25_layoutA,0.05,spatial_shift,0.05,y,cx0.75_cy0.25_layoutA__gamma_0.05__spatial_shift_y_js_0.05,-0.3072512114031172,-0.05055684861283094,0.030000000000000027,-0.027725887222397994,-0.07046908902397497,-0.12367109858652725,2.3697155349111654e-12
formal,cx0.75_cy0.25_layoutA,0.05,spatial_shift,0.1,y,cx0.75_cy0.25_layoutA__gamma_0.05__spatial_shift_y_js_0.1,-0.4481419559814048,-0.1091566983083303,0.03687499999999999,-0.03819085009768841,-0.07070446818618858,-0.16953447004406996,-4.9443851790620386e-12
formal,cx0.75_cy0.25_layoutA,0.05,spatial_shift,0.15,y,cx0.75_cy0.25_layoutA__gamma_0.05__spatial_shift_y_js_0.15,-0.5469510925187562,-0.149519491104392,0.03312499999999996,0.0,-0.11444115061913074,-0.2158864624059611,5.856901075240728e-11
formal,cx0.75_cy0.25_layoutA,0.05,false_hotspot,0.05,y,cx0.75_cy0.25_layoutA__gamma_0.05__false_hotspot_y_js_0.05,-0.540917765849465,-0.1038290794035861,0.08812500000000001,0.0,0.02237024140056665,-0.17004162160467695,-5.608610798013558e-12
formal,cx0.75_cy0.25_layoutA,0.05,false_hotspot,0.1,y,cx0.75_cy0.25_layoutA__gamma_0.05__false_hotspot_y_js_0.1,-0.3454988244697468,-0.02892089597798453,0.10124999999999995,0.027725887222397994,0.047651035444672196,-0.09663678732499204,-5.846975681400579e-12
formal,cx0.75_cy0.25_layoutA,0.05,false_hotspot,0.15,y,cx0.75_cy0.25_layoutA__gamma_0.05__false_hotspot_y_js_0.15,-0.07354079661098556,-0.04465582375377064,-0.023125000000000007,0.027725887222397994,0.03328661648070508,-0.012051016406715576,-5.697067817500567e-12
formal,cx0.75_cy0.25_layoutA,0.05,false_negative_suppression,0.05,y,cx0.75_cy0.25_layoutA__gamma_0.05__false_negative_suppression_y_js_0.05,-0.7104945628996431,-0.12289007903689253,0.057499999999999996,0.05545177444479599,0.008712992346165294,-0.2312557016566883,1.219087331083557e-12
formal,cx0.75_cy0.25_layoutA,0.05,false_negative_suppression,0.1,y,cx0.75_cy0.25_layoutA__gamma_0.05__false_negative_suppression_y_js_0.1,-0.5767355997995676,0.03293118280768992,-0.01687500000000003,0.05545177444479599,0.09933010501468509,-0.1575296874037977,3.16519033205509e-12
formal,cx0.75_cy0.25_layoutA,0.05,false_negative_suppression,0.15,y,cx0.75_cy0.25_layoutA__gamma_0.05__false_negative_suppression_y_js_0.15,-0.6326576587789283,0.11560338567069683,-0.027500000000000024,0.027725887222397994,0.12177550057065822,-0.16952407927090918,-4.771037731554628e-12
formal,cx0.75_cy0.25_layoutA,0.1,uniform_prior_baseline,,,cx0.75_cy0.25_layoutA__gamma_0.1__uniform_prior_baseline,-0.3633541948501504,-0.30856797387446466,-0.03187499999999999,0.02772588722239755,-0.11345559583431797,-0.1547202774831189,-1.843973584936265e-11
formal,cx0.75_cy0.25_layoutA,0.1,diffuse_blur,0.05,,cx0.75_cy0.25_layoutA__gamma_0.1__diffuse_blur_js_0.05,-0.6595565667734578,-0.3107209642323703,-0.03749999999999998,-0.027725887222397994,-0.1685423942454376,-0.2701091115344305,8.062647771645004e-12
formal,cx0.75_cy0.25_layoutA,0.1,diffuse_blur,0.1,,cx0.75_cy0.25_layoutA__gamma_0.1__diffuse_blur_js_0.1,-1.0351491386901253,-0.47806430937831945,-0.06812499999999999,-0.11595697967390617,-0.25278936914433103,-0.41938938520280633,-2.969341439396089e-11
formal,cx0.75_cy0.25_layoutA,0.1,diffuse_blur,0.15,,cx0.75_cy0.25_layoutA__gamma_0.1__diffuse_blur_js_0.15,-0.5188843577464959,-0.38236549247094964,-0.06187500000000001,-4.440892098500626e-16,-0.14160495464101164,-0.21513409792247695,-2.6840307754127934e-11
formal,cx0.75_cy0.25_layoutA,0.1,spatial_shift,0.05,x,cx0.75_cy0.25_layoutA__gamma_0.1__spatial_shift_x_js_0.05,-0.33148448908833217,-0.1360597595223405,-0.029374999999999984,0.02772588722239755,-0.112455821531392,-0.14357292150700762,-1.0602033140294509e-11
formal,cx0.75_cy0.25_layoutA,0.1,spatial_shift,0.1,x,cx0.75_cy0.25_layoutA__gamma_0.1__spatial_shift_x_js_0.1,-0.48784149398494536,-0.20453912827244203,-0.04625000000000001,-0.027725887222397994,-0.12571100342181563,-0.20052162364563064,-3.1560504210048634e-11
formal,cx0.75_cy0.25_layoutA,0.1,spatial_shift,0.15,x,cx0.75_cy0.25_layoutA__gamma_0.1__spatial_shift_x_js_0.15,-0.6229415256599737,-0.2896401431078435,-0.0675,-0.027725887222397994,-0.19733604397859938,-0.2643887388454249,-1.6089643506411733e-11
formal,cx0.75_cy0.25_layoutA,0.1,false_hotspot,0.05,x,cx0.75_cy0.25_layoutA__gamma_0.1__false_hotspot_x_js_0.05,-0.8148532513513449,-0.35882694370110624,-0.04749999999999999,-0.05545177444479599,-0.1690146282030014,-0.32412003619439633,-2.6541338571384188e-11
formal,cx0.75_cy0.25_layoutA,0.1,false_hotspot,0.1,x,cx0.75_cy0.25_layoutA__gamma_0.1__false_hotspot_x_js_0.1,-0.7409199903242429,-0.4005402700435039,-0.03437499999999999,-0.05545177444479599,-0.23401073319178423,-0.31346035501526326,-2.6595781132954244e-11
formal,cx0.75_cy0.25_layoutA,0.1,false_hotspot,0.15,x,cx0.75_cy0.25_layoutA__gamma_0.1__false_hotspot_x_js_0.15,-0.597400401391047,-0.39666299040480735,0.00187499999999996,-0.05545177444479599,-0.21907346255018822,-0.2608995021713376,-3.1625008167779356e-11
formal,cx0.75_cy0.25_layoutA,0.1,false_negative_suppression,0.05,x,cx0.75_cy0.25_layoutA__gamma_0.1__false_negative_suppression_x_js_0.05,-0.6396791573093212,-0.2677033417842458,-0.033125000000000016,-0.027725887222397994,-0.13340125788678403,-0.2548647864481246,-2.9041227755932653e-11
formal,cx0.75_cy0.25_layoutA,0.1,false_negative_suppression,0.1,x,cx0.75_cy0.25_layoutA__gamma_0.1__false_negative_suppression_x_js_0.1,-0.7367580302059578,-0.27869385928357815,-0.03875000000000001,-0.08317766166719442,-0.13649134177875855,-0.2893907139988223,-2.6560670329800473e-11
formal,cx0.75_cy0.25_layoutA,0.1,false_negative_suppression,0.15,x,cx0.75_cy0.25_layoutA__gamma_0.1__false_negative_suppression_x_js_0.15,-0.7281469135054057,-0.2706925174116863,-0.03999999999999998,-0.08317766166719442,-0.127489577946311,-0.2842891291567282,-2.7245927736174735e-11
formal,cx0.75_cy0.25_layoutA,0.1,spatial_shift,0.05,y,cx0.75_cy0.25_layoutA__gamma_0.1__spatial_shift_y_js_0.05,-0.294211260932435,-0.12146271035555434,0.014375000000000027,-4.440892098500626e-16,-0.08743230689069303,-0.12431666392532148,-3.283531779807447e-11
formal,cx0.75_cy0.25_layoutA,0.1,spatial_shift,0.1,y,cx0.75_cy0.25_layoutA__gamma_0.1__spatial_shift_y_js_0.1,-0.4274784721805127,-0.17723139466610127,0.0031250000000000444,-8.881784197001252e-16,-0.12099508154196759,-0.17860406293113118,-3.2823424533923173e-11
formal,cx0.75_cy0.25_layoutA,0.1,spatial_shift,0.15,y,cx0.75_cy0.25_layoutA__gamma_0.1__spatial_shift_y_js_0.15,-0.5398249293291193,-0.23216088941159563,-0.016249999999999987,-4.440892098500626e-16,-0.1625871656035205,-0.2274838659710714,-1.9788254368435787e-11
formal,cx0.75_cy0.25_layoutA,0.1,false_hotspot,0.05,y,cx0.75_cy0.25_layoutA__gamma_0.1__false_hotspot_y_js_0.05,-0.6071543392909606,-0.3277174496244446,-0.036250000000000004,-4.440892098500626e-16,-0.12613820203978765,-0.24183903318068523,-3.292530137422034e-11
formal,cx0.75_cy0.25_layoutA,0.1,false_hotspot,0.1,y,cx0.75_cy0.25_layoutA__gamma_0.1__false_hotspot_y_js_0.1,-0.46412082924259,-0.3251591994755625,-0.060624999999999984,-0.027725887222398438,-0.15444268949537676,-0.19956067904979258,-3.0112801141513046e-11
formal,cx0.75_cy0.25_layoutA,0.1,false_hotspot,0.15,y,cx0.75_cy0.25_layoutA__gamma_0.1__false_hotspot_y_js_0.15,-0.28902610571755405,-0.2890583170406995,-0.06812499999999999,0.02772588722239755,-0.1287035583348617,-0.13335735145661842,-2.8083840808434957e-11
formal,cx0.75_cy0.25_layoutA,0.1,false_negative_suppression,0.05,y,cx0.75_cy0.25_layoutA__gamma_0.1__false_negative_suppression_y_js_0.05,-0.6530654703731917,-0.2661322831139521,-0.044375,-4.440892098500626e-16,-0.1261679530366493,-0.2577933687118481,-3.132827330887267e-11
formal,cx0.75_cy0.25_layoutA,0.1,false_negative_suppression,0.1,y,cx0.75_cy0.25_layoutA__gamma_0.1__false_negative_suppression_y_js_0.1,-0.7594603052826221,-0.2809697453381832,-0.03437499999999999,-0.08317766166719442,-0.16949075491312104,-0.304937322151261,-3.286021454940169e-11
formal,cx0.75_cy0.25_layoutA,0.1,false_negative_suppression,0.15,y,cx0.75_cy0.25_layoutA__gamma_0.1__false_negative_suppression_y_js_0.15,-0.7564963618009779,-0.27757677464034836,-0.03187499999999999,-0.027725887222397994,-0.13718383858966376,-0.2964484018460387,-2.9726304751065413e-11
formal,cx0.75_cy0.25_layoutB,0.05,uniform_prior_baseline,,,cx0.75_cy0.25_layoutB__gamma_0.05__uniform_prior_baseline,-0.7741739095286038,0.0758886567942989,0.0050000000000000044,0.05545177444479554,0.1051420848958955,-0.22309481650475527,-4.978073508965508e-12
formal,cx0.75_cy0.25_layoutB,0.05,diffuse_blur,0.05,,cx0.75_cy0.25_layoutB__gamma_0.05__diffuse_blur_js_0.05,-0.9991632184725434,-0.19465443123613801,0.033125000000000016,-0.01726092434710713,-0.054777771612170234,-0.3480605581210652,-2.403771626191542e-12
formal,cx0.75_cy0.25_layoutB,0.05,diffuse_blur,0.1,,cx0.75_cy0.25_layoutB__gamma_0.05__diffuse_blur_js_0.1,-1.1036649304870654,-0.23537117731729618,-0.026249999999999996,-0.01726092434710713,-0.03991666008299877,-0.3793065255717334,-4.176201051642181e-12
formal,cx0.75_cy0.25_layoutB,0.05,diffuse_blur,0.15,,cx0.75_cy0.25_layoutB__gamma_0.05__diffuse_blur_js_0.15,-0.7900682428742458,0.054303039383610585,-0.02124999999999999,0.05545177444479554,0.084951542691309,-0.2347786974025965,-5.487971188600227e-12
formal,cx0.75_cy0.25_layoutB,0.05,spatial_shift,0.05,x,cx0.75_cy0.25_layoutB__gamma_0.05__spatial_shift_x_js_0.05,-0.4251865214620931,-0.03046118380826668,-0.028124999999999956,-4.440892098500626e-16,-0.07872901904945362,-0.16499076579471916,-5.586253681855169e-12
formal,cx0.75_cy0.25_layoutB,0.05,spatial_shift,0.1,x,cx0.75_cy0.25_layoutB__gamma_0.05__spatial_shift_x_js_0.1,-0.6222200593162839,-0.13678580095194093,-0.025624999999999953,-0.027725887222398438,-0.07687034254024461,-0.2289102700257417,-4.309191892204467e-13
formal,cx0.75_cy0.25_layoutB,0.05,spatial_shift,0.15,x,cx0.75_cy0.25_layoutB__gamma_0.05__spatial_shift_x_js_0.15,-0.7274879900719,-0.30312739485037166,-0.004374999999999962,0.02772588722239755,-0.15595077094391208,-0.28833043176279927,-5.405918768186524e-12
formal,cx0.75_cy0.25_layoutB,0.05,false_hotspot,0.05,x,cx0.75_cy0.25_layoutB__gamma_0.05__false_hotspot_x_js_0.05,-0.9801800836041705,-0.2151286398318457,-0.007499999999999951,-0.01726092434710713,-0.0654746481941837,-0.34478699792683853,-5.587218188107812e-12
formal,cx0.75_cy0.25_layoutB,0.05,false_hotspot,0.1,x,cx0.75_cy0.25_layoutB__gamma_0.05__false_hotspot_x_js_0.1,-0.8264002821887324,-0.20019217995605199,0.043125000000000024,0.02772588722239755,-0.07043028571600551,-0.294638678271427,-5.580834405716217e-12
formal,cx0.75_cy0.25_layoutB,0.05,false_hotspot,0.15,x,cx0.75_cy0.25_layoutB__gamma_0.05__false_hotspot_x_js_0.15,-0.6979671052056071,-0.18854528835270856,0.06124999999999997,-4.440892098500626e-16,-0.05415951487304582,-0.24680785532804217,2.9994999539706413e-10
formal,cx0.75_cy0.25_layoutB,0.05,false_negative_suppression,0.05,x,cx0.75_cy0.25_layoutB__gamma_0.05__false_negative_suppression_x_js_0.05,-0.7622901597515384,-0.15068715857892645,0.05562499999999998,-4.440892098500626e-16,-0.03159743878537746,-0.2612638998743222,-5.587544316121296e-12
formal,cx0.75_cy0.25_layoutB,0.05,false_negative_suppression,0.1,x,cx0.75_cy0.25_layoutB__gamma_0.05__false_negative_suppression_x_js_0.1,-0.5514573913512342,-0.06753206502747666,0.034999999999999976,0.05545177444479554,-0.017560816111172883,-0.18647987333216487,-5.007091963271648e-12
formal,cx0.75_cy0.25_layoutB,0.05,false_negative_suppression,0.15,x,cx0.75_cy0.25_layoutB__gamma_0.05__false_negative_suppression_x_js_0.15,-0.30393191404392095,0.021849290238168617,0.020625000000000004,0.0,0.024278658650553453,-0.09068167124254378,-5.122187396455757e-12
formal,cx0.75_cy0.25_layoutB,0.05,spatial_shift,0.05,y,cx0.75_cy0.25_layoutB__gamma_0.05__spatial_shift_y_js_0.05,-0.3304356041230303,-0.016594302317755272,0.015625,0.02772588722239755,-0.025290589927524643,-0.11618278132452398,7.13904213522909e-11
formal,cx0.75_cy0.25_layoutB,0.05,spatial_shift,0.1,y,cx0.75_cy0.25_layoutB__gamma_0.05__spatial_shift_y_js_0.1,-0.46481613486665996,-0.09969178734795259,0.018750000000000044,-4.440892098500626e-16,-0.05248183404449591,-0.16927178513217234,-3.0188768151973022e-12
formal,cx0.75_cy0.25_layoutB,0.05,spatial_shift,0.15,y,cx0.75_cy0.25_layoutB__gamma_0.05__spatial_shift_y_js_0.15,-0.4959996896642007,-0.25942666937853875,-0.003124999999999989,-0.010464962875291306,-0.1561502114942428,-0.21339195157327806,-4.745773218850502e-12
formal,cx0.75_cy0.25_layoutB,0.05,false_hotspot,0.05,y,cx0.75_cy0.25_layoutB__gamma_0.05__false_hotspot_y_js_0.05,-0.5599003333298569,-0.10289112420389479,0.06687500000000007,0.02772588722239755,-0.019731011095027284,-0.18998396787033522,-3.930453185141403e-12
formal,cx0.75_cy0.25_layoutB,0.05,false_hotspot,0.1,y,cx0.75_cy0.25_layoutB__gamma_0.05__false_hotspot_y_js_0.1,-0.36114485392852025,-0.013398540917995305,0.08312500000000006,0.02772588722239755,0.03744545420734724,-0.10517199862909843,-1.5812420817162831e-12
formal,cx0.75_cy0.25_layoutB,0.05,false_hotspot,0.15,y,cx0.75_cy0.25_layoutB__gamma_0.05__false_hotspot_y_js_0.15,-0.10380066862399673,-0.044723580372805216,-0.028749999999999998,0.02772588722239755,0.04437659062240762,-0.01792577293860509,-5.276348802318864e-12
formal,cx0.75_cy0.25_layoutB,0.05,false_negative_suppression,0.05,y,cx0.75_cy0.25_layoutB__gamma_0.05__false_negative_suppression_y_js_0.05,-0.7854708588819141,-0.14813183321201118,0.05125000000000007,0.05545177444479554,-0.02153791017543938,-0.26594834028979975,-5.587370843773698e-12
formal,cx0.75_cy0.25_layoutB,0.05,false_negative_suppression,0.1,y,cx0.75_cy0.25_layoutB__gamma_0.05__false_negative_suppression_y_js_0.1,-0.5960550314858333,-0.06758801541869985,0.03625000000000006,0.02772588722239666,0.015100141025568448,-0.1908506235306926,-3.84655501894926e-12
formal,cx0.75_cy0.25_layoutB,0.05,false_negative_suppression,0.15,y,cx0.75_cy0.25_layoutB__gamma_0.05__false_negative_suppression_y_js_0.15,-0.29001534867967305,-0.002833826507976589,0.046875000000000056,0.02772588722239755,0.04996708964985963,-0.07734240223522582,-5.093495070163101e-12
formal,cx0.75_cy0.25_layoutB,0.1,uniform_prior_baseline,,,cx0.75_cy0.25_layoutB__gamma_0.1__uniform_prior_baseline,-0.26654322496157734,-0.21039167784037538,-0.043125000000000024,0.027725887222397994,-0.006715899889205623,-0.09330816341783499,1.0000417161037944e-11
formal,cx0.75_cy0.25_layoutB,0.1,diffuse_blur,0.05,,cx0.75_cy0.25_layoutB__gamma_0.1__diffuse_blur_js_0.05,-0.775779490379291,-0.31719369047242285,-0.04562500000000003,-0.02772588722239755,-0.12446401958048714,-0.29972820734533423,-6.94999613415348e-12
formal,cx0.75_cy0.25_layoutB,0.1,diffuse_blur,0.1,,cx0.75_cy0.25_layoutB__gamma_0.1__diffuse_blur_js_0.1,-1.1950394448666977,-0.49550588840968857,-0.08000000000000002,-0.08823109245150729,-0.29289798625301344,-0.48299661513108183,-4.2797709820519e-12
formal,cx0.75_cy0.25_layoutB,0.1,diffuse_blur,0.15,,cx0.75_cy0.25_layoutB__gamma_0.1__diffuse_blur_js_0.15,-0.5545990607834956,-0.34703309695901163,-0.08125000000000004,0.027725887222397994,-0.11168907951276097,-0.2197975942899093,-1.3083811811753776e-11
formal,cx0.75_cy0.25_layoutB,0.1,spatial_shift,0.05,x,cx0.75_cy0.25_layoutB__gamma_0.1__spatial_shift_x_js_0.05,-0.2908542458168806,-0.28780191836000113,0.0037499999999999756,-0.05545177444479554,-0.13297224090517812,-0.13514297296740163,-1.314359732162984e-11
formal,cx0.75_cy0.25_layoutB,0.1,spatial_shift,0.1,x,cx0.75_cy0.25_layoutB__gamma_0.1__spatial_shift_x_js_0.1,-0.4656295213984407,-0.35142865856748906,-0.030000000000000027,-0.0554517744447951,-0.20499727608497587,-0.21277557046100726,-1.3145082244925277e-11
formal,cx0.75_cy0.25_layoutB,0.1,spatial_shift,0.15,x,cx0.75_cy0.25_layoutB__gamma_0.1__spatial_shift_x_js_0.15,-0.6140373175457974,-0.3982695732260675,-0.0625,-0.08317766166719398,-0.24900429434434201,-0.2737558698042528,1.4921022750691293e-11
formal,cx0.75_cy0.25_layoutB,0.1,false_hotspot,0.05,x,cx0.75_cy0.25_layoutB__gamma_0.1__false_hotspot_x_js_0.05,-0.8458713780813456,-0.3509903445019431,-0.05812500000000004,-0.08317766166719398,-0.20464014126441743,-0.34255968200746745,2.5052515617574045e-11
formal,cx0.75_cy0.25_layoutB,0.1,false_hotspot,0.1,x,cx0.75_cy0.25_layoutB__gamma_0.1__false_hotspot_x_js_0.1,-0.7764942632429377,-0.3905643708769533,-0.04125000000000001,-0.08317766166719398,-0.1910088298467425,-0.31543870243379435,-1.6397716517957406e-12
formal,cx0.75_cy0.25_layoutB,0.1,false_hotspot,0.15,x,cx0.75_cy0.25_layoutB__gamma_0.1__false_hotspot_x_js_0.15,-0.6308227915285571,-0.38643963279406357,0.004374999999999962,-0.02772588722239755,-0.20411860700728468,-0.26856146675796366,-1.2842782393107655e-11
formal,cx0.75_cy0.25_layoutB,0.1,false_negative_suppression,0.05,x,cx0.75_cy0.25_layoutB__gamma_0.1__false_negative_suppression_x_js_0.05,-0.6797729641095529,-0.2667537235289077,-0.03187500000000004,-0.02772588722239755,-0.14761667066462625,-0.271789083888635,-4.472519576914635e-12
formal,cx0.75_cy0.25_layoutB,0.1,false_negative_suppression,0.1,x,cx0.75_cy0.25_layoutB__gamma_0.1__false_negative_suppression_x_js_0.1,-0.7948465661920889,-0.2802439096592957,-0.041874999999999996,-0.08317766166719398,-0.1723511782894711,-0.3174685430385771,-1.2988332631636013e-11
formal,cx0.75_cy0.25_layoutB,0.1,false_negative_suppression,0.15,x,cx0.75_cy0.25_layoutB__gamma_0.1__false_negative_suppression_x_js_0.15,-0.7997080057332009,-0.2714181781353222,-0.04250000000000004,-0.02772588722239755,-0.12635786792024106,-0.30854132946801105,-5.820011139689996e-12
formal,cx0.75_cy0.25_layoutB,0.1,spatial_shift,0.05,y,cx0.75_cy0.25_layoutB__gamma_0.1__spatial_shift_y_js_0.05,-0.30135712525264013,-0.12332231622338008,-0.00687500000000002,-0.02772588722239755,-0.08281527969630531,-0.12545170783038762,1.1659007093101081e-11
formal,cx0.75_cy0.25_layoutB,0.1,spatial_shift,0.1,y,cx0.75_cy0.25_layoutB__gamma_0.1__spatial_shift_y_js_0.1,-0.4353067814963243,-0.19386985984287408,-0.023125000000000007,-0.027725887222398438,-0.09473920242931833,-0.17444051891100343,-9.976977577430546e-12
formal,cx0.75_cy0.25_layoutB,0.1,spatial_shift,0.15,y,cx0.75_cy0.25_layoutB__gamma_0.1__spatial_shift_y_js_0.15,-0.5014711105806109,-0.37740467610923867,-0.09000000000000002,-0.0554517744447951,-0.229425780122142,-0.23099516501329043,-1.258958215455408e-11
formal,cx0.75_cy0.25_layoutB,0.1,false_hotspot,0.05,y,cx0.75_cy0.25_layoutB__gamma_0.1__false_hotspot_y_js_0.05,-0.6374704235968167,-0.32630329326220764,-0.046875,-0.02772588722239755,-0.1559022000015684,-0.2591795674351389,-1.2832790385886028e-11
formal,cx0.75_cy0.25_layoutB,0.1,false_hotspot,0.1,y,cx0.75_cy0.25_layoutB__gamma_0.1__false_hotspot_y_js_0.1,-0.49264330444053384,-0.3209505203073073,-0.07625000000000004,0.027725887222397994,-0.13522847637402347,-0.20435991803899323,-1.3029827217181378e-11
formal,cx0.75_cy0.25_layoutB,0.1,false_hotspot,0.15,y,cx0.75_cy0.25_layoutB__gamma_0.1__false_hotspot_y_js_0.15,-0.31896747059475006,-0.2851064749015275,-0.080625,0.0,-0.0750462399396028,-0.12942743258177303,-1.3018516820118009e-11
formal,cx0.75_cy0.25_layoutB,0.1,false_negative_suppression,0.05,y,cx0.75_cy0.25_layoutB__gamma_0.1__false_negative_suppression_y_js_0.05,-0.6935327075918849,-0.26728545486003985,-0.03937499999999999,0.0,-0.11139785331364127,-0.2679357579316235,-1.3139517252014343e-11
formal,cx0.75_cy0.25_layoutB,0.1,false_negative_suppression,0.1,y,cx0.75_cy0.25_layoutB__gamma_0.1__false_negative_suppression_y_js_0.1,-0.8177197015426847,-0.27815662008412145,-0.040000000000000036,-0.08317766166719398,-0.14853892894289356,-0.3199455736555208,-9.26710097548522e-12
formal,cx0.75_cy0.25_layoutB,0.1,false_negative_suppression,0.15,y,cx0.75_cy0.25_layoutB__gamma_0.1__false_negative_suppression_y_js_0.15,-0.8288733778398902,-0.2793067605098103,-0.03875000000000001,-0.02772588722239755,-0.12962188912977268,-0.3195126617067625,-7.985695438250673e-12
formal,cx0.75_cy0.25_layoutC,0.05,uniform_prior_baseline,,,cx0.75_cy0.25_layoutC__gamma_0.05__uniform_prior_baseline,-0.666195493042891,0.10209028001046994,-0.0012499999999999734,0.0,0.08151479975835141,-0.19413865919395112,-5.579758877161112e-12
formal,cx0.75_cy0.25_layoutC,0.05,diffuse_blur,0.05,,cx0.75_cy0.25_layoutC__gamma_0.05__diffuse_blur_js_0.05,-0.8656244243863451,-0.195952260893534,0.050624999999999976,-0.07271269879190267,-0.054426124269584264,-0.30327995180708767,-5.6437285400612325e-12
formal,cx0.75_cy0.25_layoutC,0.05,diffuse_blur,0.1,,cx0.75_cy0.25_layoutC__gamma_0.05__diffuse_blur_js_0.1,-1.087640637363112,-0.23691553513328012,-0.04312499999999997,-0.07271269879190267,-0.04478282318239746,-0.3757777678484957,6.959988141375106e-13
formal,cx0.75_cy0.25_layoutC,0.05,diffuse_blur,0.15,,cx0.75_cy0.25_layoutC__gamma_0.05__diffuse_blur_js_0.15,-0.7171854926549015,0.040681001874203204,-0.020625000000000004,0.0,0.06999310722419594,-0.21513824414987992,-7.033318372151598e-12
formal,cx0.75_cy0.25_layoutC,0.05,spatial_shift,0.05,x,cx0.75_cy0.25_layoutC__gamma_0.05__spatial_shift_x_js_0.05,-0.3926742280129343,-0.15843485996872975,0.03812500000000002,-0.08317766166719309,-0.09343015658368259,-0.15924544683597475,-3.2766844793030714e-12
formal,cx0.75_cy0.25_layoutC,0.05,spatial_shift,0.1,x,cx0.75_cy0.25_layoutC__gamma_0.05__spatial_shift_x_js_0.1,-0.5405817075896575,-0.1918723321858069,0.031250000000000056,-0.02772588722239755,-0.10658146556126713,-0.21166953064975447,-5.631946298212398e-12
formal,cx0.75_cy0.25_layoutC,0.05,spatial_shift,0.15,x,cx0.75_cy0.25_layoutC__gamma_0.05__spatial_shift_x_js_0.15,0.43178949814187817,0.10425723780893792,0.08375000000000005,-0.0936426245424844,-0.057696263021234095,0.11560008063379623,-2.6484509030311187e-12
formal,cx0.75_cy0.25_layoutC,0.05,false_hotspot,0.05,x,cx0.75_cy0.25_layoutC__gamma_0.05__false_hotspot_x_js_0.05,-0.9041569956130093,-0.2541880858298675,0.02625000000000005,-0.07271269879190267,-0.0644790344147026,-0.31924206711022496,-7.65107421862865e-12
formal,cx0.75_cy0.25_layoutC,0.05,false_hotspot,0.1,x,cx0.75_cy0.25_layoutC__gamma_0.05__false_hotspot_x_js_0.1,-0.7774898608888821,-0.250185431662034,0.04187500000000005,0.027725887222397994,-0.06479076531105044,-0.2768543378070867,-7.235267940330914e-12
formal,cx0.75_cy0.25_layoutC,0.05,false_hotspot,0.15,x,cx0.75_cy0.25_layoutC__gamma_0.05__false_hotspot_x_js_0.15,-0.6579203414229857,-0.18455537071314554,0.04812500000000003,0.0,0.0015601558421964867,-0.21631034059782794,4.640593465055076e-13
formal,cx0.75_cy0.25_layoutC,0.05,false_negative_suppression,0.05,x,cx0.75_cy0.25_layoutC__gamma_0.05__false_negative_suppression_x_js_0.05,-0.7059459534569568,-0.15833452452607322,0.05562499999999998,0.027725887222397994,-0.021350826921454846,-0.23956340737784898,-7.044892447183315e-12
formal,cx0.75_cy0.25_layoutC,0.05,false_negative_suppression,0.1,x,cx0.75_cy0.25_layoutC__gamma_0.05__false_negative_suppression_x_js_0.1,-0.49635388698249017,-0.07078519182497134,0.01937500000000003,0.027725887222397994,0.006482194333497837,-0.16068064118579017,-6.054143297795633e-12
formal,cx0.75_cy0.25_layoutC,0.05,false_negative_suppression,0.15,x,cx0.75_cy0.25_layoutC__gamma_0.05__false_negative_suppression_x_js_0.15,-0.3229527414253779,0.015737808280584353,0.009375000000000022,-0.02772588722239755,0.04482544729898663,-0.0903559639258984,-6.7960984062587215e-12
formal,cx0.75_cy0.25_layoutC,0.05,spatial_shift,0.05,y,cx0.75_cy0.25_layoutC__gamma_0.05__spatial_shift_y_js_0.05,-0.28520554016076716,-0.09785273164700081,0.021250000000000047,-0.05545177444479599,-0.05207099457278819,-0.11052619167914246,1.0248815685010015e-12
formal,cx0.75_cy0.25_layoutC,0.05,spatial_shift,0.1,y,cx0.75_cy0.25_layoutC__gamma_0.05__spatial_shift_y_js_0.1,-0.36634055449754754,-0.13472232761689362,-0.023749999999999993,0.027725887222397994,-0.01884838269428979,-0.12593957613812323,6.31272811801864e-13
formal,cx0.75_cy0.25_layoutC,0.05,spatial_shift,0.15,y,cx0.75_cy0.25_layoutC__gamma_0.05__spatial_shift_y_js_0.15,-0.41216084409798537,-0.177227030424163,-0.044375,-0.027725887222397994,-0.08768307350207127,-0.16368147662439014,-6.630695992271285e-12
formal,cx0.75_cy0.25_layoutC,0.05,false_hotspot,0.05,y,cx0.75_cy0.25_layoutC__gamma_0.05__false_hotspot_y_js_0.05,-0.4928978550981826,-0.11578331421850718,0.065,0.027725887222397994,-0.012830973420347114,-0.16577992118948592,-7.424637293862446e-12
formal,cx0.75_cy0.25_layoutC,0.05,false_hotspot,0.1,y,cx0.75_cy0.25_layoutC__gamma_0.05__false_hotspot_y_js_0.1,-0.27727370316821887,-0.10706382893084632,0.04187500000000005,0.0,0.032060531216660415,-0.07950923087805917,4.3152525303069567e-10
formal,cx0.75_cy0.25_layoutC,0.05,false_hotspot,0.15,y,cx0.75_cy0.25_layoutC__gamma_0.05__false_hotspot_y_js_0.15,-0.06710625456125197,-0.046201896534995957,-0.02999999999999997,0.027725887222397994,0.06709091571567338,0.0018862904981662432,-7.738462648454458e-13
formal,cx0.75_cy0.25_layoutC,0.05,false_negative_suppression,0.05,y,cx0.75_cy0.25_layoutC__gamma_0.05__false_negative_suppression_y_js_0.05,-0.7311537599717299,-0.15627281729532294,0.04750000000000004,0.027725887222397994,-0.008361627702952568,-0.24402979939635827,2.182545810747172e-12
formal,cx0.75_cy0.25_layoutC,0.05,false_negative_suppression,0.1,y,cx0.75_cy0.25_layoutC__gamma_0.05__false_negative_suppression_y_js_0.1,-0.48821461047521186,-0.0831083430363817,0.04562499999999997,0.0,-0.003308928353652263,-0.16114132289954264,-5.036901451482834e-12
formal,cx0.75_cy0.25_layoutC,0.05,false_negative_suppression,0.15,y,cx0.75_cy0.25_layoutC__gamma_0.05__false_negative_suppression_y_js_0.15,-0.18328458439636552,-0.021655431049276253,0.05937500000000001,0.0,0.0293154441124317,-0.04946416976391488,1.7965576248890613e-10
formal,cx0.75_cy0.25_layoutC,0.1,uniform_prior_baseline,,,cx0.75_cy0.25_layoutC__gamma_0.1__uniform_prior_baseline,-0.27074532026855413,-0.23058426497214324,-0.05687500000000001,0.027725887222397994,-0.05886872223898543,-0.10921590807998705,1.1823361734109028e-11
formal,cx0.75_cy0.25_layoutC,0.1,diffuse_blur,0.05,,cx0.75_cy0.25_layoutC__gamma_0.1__diffuse_blur_js_0.05,-0.7118452578079464,-0.3060277366286186,-0.04312499999999997,-0.05545177444479554,-0.17255135676414923,-0.2903043679450821,1.6064344299238087e-11
formal,cx0.75_cy0.25_layoutC,0.1,diffuse_blur,0.1,,cx0.75_cy0.25_layoutC__gamma_0.1__diffuse_blur_js_0.1,-1.1537643356278777,-0.4861552181018427,-0.07374999999999998,-0.11595697967390528,-0.2936223649466756,-0.4712076559114249,-4.3294257068282604e-12
formal,cx0.75_cy0.25_layoutC,0.1,diffuse_blur,0.15,,cx0.75_cy0.25_layoutC__gamma_0.1__diffuse_blur_js_0.15,-0.5544985557386184,-0.3634579760095473,-0.08625,0.0,-0.19641514045654063,-0.24177280941435408,9.010667212372425e-12
formal,cx0.75_cy0.25_layoutC,0.1,spatial_shift,0.05,x,cx0.75_cy0.25_layoutC__gamma_0.1__spatial_shift_x_js_0.05,-0.3240034048805702,-0.318829701578361,-0.015625,-0.0554517744447951,-0.1790129652690311,-0.15896290449080452,-6.013564646245584e-12
formal,cx0.75_cy0.25_layoutC,0.1,spatial_shift,0.1,x,cx0.75_cy0.25_layoutC__gamma_0.1__spatial_shift_x_js_0.1,-0.48380823995310873,-0.3530906966627114,-0.02562500000000001,-0.05545177444479554,-0.24070127530527508,-0.22872091489548896,9.957618063438645e-12
formal,cx0.75_cy0.25_layoutC,0.1,spatial_shift,0.15,x,cx0.75_cy0.25_layoutC__gamma_0.1__spatial_shift_x_js_0.15,-0.5731217273105216,-0.3842996213712231,-0.03375,-0.02772588722239755,-0.25154129127013736,-0.2616167666488558,9.51183853903359e-11
formal,cx0.75_cy0.25_layoutC,0.1,false_hotspot,0.05,x,cx0.75_cy0.25_layoutC__gamma_0.1__false_hotspot_x_js_0.05,-0.8321207574094696,-0.3500382249435412,-0.04749999999999999,-0.08317766166719398,-0.21308453711362052,-0.3414834555595949,3.979955254251877e-12
formal,cx0.75_cy0.25_layoutC,0.1,false_hotspot,0.1,x,cx0.75_cy0.25_layoutC__gamma_0.1__false_hotspot_x_js_0.1,-0.7535636611611456,-0.38844360272464407,-0.03437499999999999,-0.05545177444479554,-0.2324251057688258,-0.3187306556956959,-1.396729953917486e-12
formal,cx0.75_cy0.25_layoutC,0.1,false_hotspot,0.15,x,cx0.75_cy0.25_layoutC__gamma_0.1__false_hotspot_x_js_0.15,-0.6013235554751319,-0.38161860366407896,-0.003124999999999989,-0.02772588722239755,-0.21904900907964553,-0.26330987989053845,-4.801520292474493e-12
formal,cx0.75_cy0.25_layoutC,0.1,false_negative_suppression,0.05,x,cx0.75_cy0.25_layoutC__gamma_0.1__false_negative_suppression_x_js_0.05,-0.6698772951460366,-0.27113626146601333,-0.036250000000000004,-0.02772588722239755,-0.15800917799573977,-0.272280916218653,-1.743175048751766e-12
formal,cx0.75_cy0.25_layoutC,0.1,false_negative_suppression,0.1,x,cx0.75_cy0.25_layoutC__gamma_0.1__false_negative_suppression_x_js_0.1,-0.7753347517147109,-0.2804058801566953,-0.03749999999999998,-0.05545177444479554,-0.20066350678711053,-0.31890727643460504,1.0870387923134217e-11
formal,cx0.75_cy0.25_layoutC,0.1,false_negative_suppression,0.15,x,cx0.75_cy0.25_layoutC__gamma_0.1__false_negative_suppression_x_js_0.15,-0.7727454510898597,-0.27247090085539183,-0.03875000000000001,-0.05545177444479554,-0.16394631564639628,-0.30952746817944843,-5.427464033758156e-13
formal,cx0.75_cy0.25_layoutC,0.1,spatial_shift,0.05,y,cx0.75_cy0.25_layoutC__gamma_0.1__spatial_shift_y_js_0.05,-0.27425649266976126,-0.3163859473369348,-0.05624999999999997,-0.08317766166719398,-0.1918438737101944,-0.14556055703712922,1.023786611042965e-11
formal,cx0.75_cy0.25_layoutC,0.1,spatial_shift,0.1,y,cx0.75_cy0.25_layoutC__gamma_0.1__spatial_shift_y_js_0.1,-0.4018141371996151,-0.33969280387472445,-0.08249999999999996,-0.02772588722239755,-0.21757856570488876,-0.19520139789196644,5.658334911728957e-11
formal,cx0.75_cy0.25_layoutC,0.1,spatial_shift,0.15,y,cx0.75_cy0.25_layoutC__gamma_0.1__spatial_shift_y_js_0.15,-0.4610295675956366,-0.35730667402425187,-0.09875,-0.02772588722239755,-0.2351649829069462,-0.219642214752777,4.066830205928795e-12
formal,cx0.75_cy0.25_layoutC,0.1,false_hotspot,0.05,y,cx0.75_cy0.25_layoutC__gamma_0.1__false_hotspot_y_js_0.05,-0.620476304751985,-0.32517260287762717,-0.04812499999999997,-0.02772588722239755,-0.19359852524224408,-0.2637241022052703,-4.1019687646581815e-12
formal,cx0.75_cy0.25_layoutC,0.1,false_hotspot,0.1,y,cx0.75_cy0.25_layoutC__gamma_0.1__false_hotspot_y_js_0.1,-0.4733690144682541,-0.3156154758773242,-0.06312499999999999,0.027725887222397994,-0.15636987599963081,-0.2040357416053149,1.50004175747398e-11
formal,cx0.75_cy0.25_layoutC,0.1,false_hotspot,0.15,y,cx0.75_cy0.25_layoutC__gamma_0.1__false_hotspot_y_js_0.15,-0.2935179522653466,-0.27676504027256876,-0.06874999999999998,0.0,-0.10603322147539451,-0.12947749977194234,-5.846600981129768e-12
formal,cx0.75_cy0.25_layoutC,0.1,false_negative_suppression,0.05,y,cx0.75_cy0.25_layoutC__gamma_0.1__false_negative_suppression_y_js_0.05,-0.6847029348581986,-0.27092575133548813,-0.03999999999999998,0.0,-0.16448078033802638,-0.2789684234354153,6.165500054944317e-11
formal,cx0.75_cy0.25_layoutC,0.1,false_negative_suppression,0.1,y,cx0.75_cy0.25_layoutC__gamma_0.1__false_negative_suppression_y_js_0.1,-0.7989796996224907,-0.27996498505404555,-0.038124999999999964,-0.08317766166719398,-0.1767270234469489,-0.32163703228845053,1.34353084213501e-11
formal,cx0.75_cy0.25_layoutC,0.1,false_negative_suppression,0.15,y,cx0.75_cy0.25_layoutC__gamma_0.1__false_negative_suppression_y_js_0.15,-0.8019857951006406,-0.27974676121467046,-0.036250000000000004,-0.02772588722239755,-0.16586970759138708,-0.3202008039316995,2.8966926080009614e-11
formal,cx0.75_cy0.75_layoutA,0.05,uniform_prior_baseline,,,cx0.75_cy0.75_layoutA__gamma_0.05__uniform_prior_baseline,-0.12556722796434983,0.2475633276322946,0.10937499999999994,-0.07271269879190267,0.15156167832135736,0.0038894883211635367,-2.5007801385257267e-11
formal,cx0.75_cy0.75_layoutA,0.05,diffuse_blur,0.05,,cx0.75_cy0.75_layoutA__gamma_0.05__diffuse_blur_js_0.05,0.23561776842184656,0.2925851357829101,0.029374999999999984,-0.027725887222397994,0.14174666419226778,0.12376735374542447,-3.323473440897118e-11
formal,cx0.75_cy0.75_layoutA,0.05,diffuse_blur,0.1,,cx0.75_cy0.75_layoutA__gamma_0.05__diffuse_blur_js_0.1,-0.0708811049806144,0.26220257491648136,0.05937500000000001,0.0,0.13607522748868206,0.017966165395255862,-2.941888399554671e-11
formal,cx0.75_cy0.75_layoutA,0.05,diffuse_blur,0.15,,cx0.75_cy0.75_layoutA__gamma_0.05__diffuse_blur_js_0.15,-0.12834217987993668,0.24441931134399653,0.09374999999999994,-0.07271269879190267,0.14064106687744804,-0.00035749766681569817,-2.598238985074275e-11
formal,cx0.75_cy0.75_layoutA,0.05,spatial_shift,0.05,x,cx0.75_cy0.75_layoutA__gamma_0.05__spatial_shift_x_js_0.05,0.0008509336998887562,-0.046122442380172046,-0.008124999999999993,-0.05545177444479599,-0.09612810272769678,-0.02951641698025309,-3.471239962138384e-11
formal,cx0.75_cy0.75_layoutA,0.05,spatial_shift,0.1,x,cx0.75_cy0.75_layoutA__gamma_0.05__spatial_shift_x_js_0.1,0.046329120843080496,-0.032327142977520706,0.021874999999999978,-0.11090354888959109,-0.0691066308657371,-0.00628421994098316,2.371076945895112e-11
formal,cx0.75_cy0.75_layoutA,0.05,spatial_shift,0.15,x,cx0.75_cy0.75_layoutA__gamma_0.05__spatial_shift_x_js_0.15,0.09465750092893366,-0.04509130596349409,0.06187499999999996,0.0,-0.026149039674104202,0.02304219877133029,-3.48414422313148e-11
formal,cx0.75_cy0.75_layoutA,0.05,false_hotspot,0.05,x,cx0.75_cy0.75_layoutA__gamma_0.05__false_hotspot_x_js_0.05,0.4821462610245808,0.5567811378040228,0.07,-0.027725887222397994,0.20064751391906022,0.2262808721851446,-2.5530286218433673e-11
formal,cx0.75_cy0.75_layoutA,0.05,false_hotspot,0.1,x,cx0.75_cy0.75_layoutA__gamma_0.05__false_hotspot_x_js_0.1,0.3927973879449773,0.5459822367472844,0.10125,-0.05545177444479599,0.1779797748179579,0.18859558730968295,-2.7908897415329648e-11
formal,cx0.75_cy0.75_layoutA,0.05,false_hotspot,0.15,x,cx0.75_cy0.75_layoutA__gamma_0.05__false_hotspot_x_js_0.15,0.43904432435281837,0.34015858220345097,0.19375000000000003,-0.027725887222397994,0.1876592649372304,0.20739044102818216,-2.7767205201811862e-11
formal,cx0.75_cy0.75_layoutA,0.05,false_negative_suppression,0.05,x,cx0.75_cy0.75_layoutA__gamma_0.05__false_negative_suppression_x_js_0.05,-0.513778052237094,-0.0192955959414558,-0.014375000000000027,-0.10043858601430067,-0.02373746952839806,-0.17970861473193067,-3.442424123534238e-11
formal,cx0.75_cy0.75_layoutA,0.05,false_negative_suppression,0.1,x,cx0.75_cy0.75_layoutA__gamma_0.05__false_negative_suppression_x_js_0.1,-0.32629947074766275,0.036594881213959596,-0.003750000000000031,-0.10043858601430067,0.02913299993658036,-0.10094061333799864,-3.411099180894439e-11
formal,cx0.75_cy0.75_layoutA,0.05,false_negative_suppression,0.15,x,cx0.75_cy0.75_layoutA__gamma_0.05__false_negative_suppression_x_js_0.15,-0.2929642866008839,0.18546063719171402,0.21437500000000004,-0.12816447323669777,0.07504698599981374,-0.07627124403907248,-2.3437751739407986e-11
formal,cx0.75_cy0.75_layoutA,0.05,spatial_shift,0.05,y,cx0.75_cy0.75_layoutA__gamma_0.05__spatial_shift_y_js_0.05,0.020862209064372195,-0.014380747060870336,0.014999999999999958,-0.05545177444479599,-0.025894745280000464,-0.0011451904699686377,-3.043520990786419e-11
formal,cx0.75_cy0.75_layoutA,0.05,spatial_shift,0.1,y,cx0.75_cy0.75_layoutA__gamma_0.05__spatial_shift_y_js_0.1,0.06625136093068917,-0.024578862618387598,0.020625000000000004,-0.027725887222397994,-0.047186048614064724,0.007101178873306191,-2.6347882209343254e-11
formal,cx0.75_cy0.75_layoutA,0.05,spatial_shift,0.15,y,cx0.75_cy0.75_layoutA__gamma_0.05__spatial_shift_y_js_0.15,0.10219631157216913,-0.04013497743930228,0.10062500000000002,-0.08317766166719398,-0.07940068180135906,0.008647862161382136,-3.4839992002488884e-11
formal,cx0.75_cy0.75_layoutA,0.05,false_hotspot,0.05,y,cx0.75_cy0.75_layoutA__gamma_0.05__false_hotspot_y_js_0.05,0.40358007147498753,0.16106704508045588,0.022499999999999964,-0.027725887222397994,0.07026386830410658,0.15593304454279977,-3.413895555137714e-11
formal,cx0.75_cy0.75_layoutA,0.05,false_hotspot,0.1,y,cx0.75_cy0.75_layoutA__gamma_0.05__false_hotspot_y_js_0.1,0.42510362511749644,0.19263710314407012,0.15062499999999995,-0.027725887222398438,0.11139529751755006,0.1769119372569623,-3.2830051177601405e-11
formal,cx0.75_cy0.75_layoutA,0.05,false_hotspot,0.15,y,cx0.75_cy0.75_layoutA__gamma_0.05__false_hotspot_y_js_0.15,0.45078511934200716,0.27901477491814974,0.18624999999999997,0.0,0.14974492398713402,0.19843909742519283,7.810292690368925e-11
formal,cx0.75_cy0.75_layoutA,0.05,false_negative_suppression,0.05,y,cx0.75_cy0.75_layoutA__gamma_0.05__false_negative_suppression_y_js_0.05,-0.480347290834672,-0.004376021910200034,0.00187499999999996,-0.044986811569505125,0.025980017816475964,-0.15450766220998746,-3.4648180158303177e-11
formal,cx0.75_cy0.75_layoutA,0.05,false_negative_suppression,0.1,y,cx0.75_cy0.75_layoutA__gamma_0.05__false_negative_suppression_y_js_0.1,-0.3948922211928787,0.1069264251467299,0.03875000000000001,-0.10043858601430067,0.06429874252811629,-0.11436658094040597,-3.483266453052636e-11
formal,cx0.75_cy0.75_layoutA,0.05,false_negative_suppression,0.15,y,cx0.75_cy0.75_layoutA__gamma_0.05__false_negative_suppression_y_js_0.15,-0.2929642863264714,0.18546062878986636,0.05874999999999997,-0.12816447323669822,0.07505014991415848,-0.07627032513865051,-3.48389511684033e-11
formal,cx0.75_cy0.75_layoutA,0.1,uniform_prior_baseline,,,cx0.75_cy0.75_layoutA__gamma_0.1__uniform_prior_baseline,0.28161792487103954,0.22716059264535726,0.07437500000000002,0.23227206065447348,0.29701255666231763,0.16800957919591486,-1.7468290702815636e-11
formal,cx0.75_cy0.75_layoutA,0.1,diffuse_blur,0.05,,cx0.75_cy0.75_layoutA__gamma_0.1__diffuse_blur_js_0.05,0.23562440523972183,0.14168810766491036,0.008750000000000036,0.1768202862096775,0.23698400141922082,0.13700711822952671,-2.916429597821235e-11
formal,cx0.75_cy0.75_layoutA,0.1,diffuse_blur,0.1,,cx0.75_cy0.75_layoutA__gamma_0.1__diffuse_blur_js_0.1,0.2419026666729014,0.16719054716150428,0.040000000000000036,0.17682028620967793,0.2706054039153285,0.147689819305308,-3.1105146236498626e-11
formal,cx0.75_cy0.75_layoutA,0.1,diffuse_blur,0.15,,cx0.75_cy0.75_layoutA__gamma_0.1__diffuse_blur_js_0.15,0.2697448682268986,0.21166014113245257,0.06812499999999999,0.23227206065447348,0.3103509790472492,0.16736583729575583,-3.1212782358736035e-11
formal,cx0.75_cy0.75_layoutA,0.1,spatial_shift,0.05,x,cx0.75_cy0.75_layoutA__gamma_0.1__spatial_shift_x_js_0.05,-0.010102625477852012,0.06457510106351028,0.10874999999999996,0.1490943989872795,0.06946044033972454,0.013183833893279262,-3.1953800716522096e-11
formal,cx0.75_cy0.75_layoutA,0.1,spatial_shift,0.1,x,cx0.75_cy0.75_layoutA__gamma_0.1__spatial_shift_x_js_0.1,-0.0002446784425305104,0.0061648229738380245,0.07,0.11090354888959109,0.06445596922085972,0.0152789587429214,-2.8305538468664793e-11
formal,cx0.75_cy0.75_layoutA,0.1,spatial_shift,0.15,x,cx0.75_cy0.75_layoutA__gamma_0.1__spatial_shift_x_js_0.15,0.03536252954798069,0.05179870330791059,0.09875,0.17682028620967793,0.1338857321610769,0.043832347769731106,-2.6474350489635867e-11
formal,cx0.75_cy0.75_layoutA,0.1,false_hotspot,0.05,x,cx0.75_cy0.75_layoutA__gamma_0.1__false_hotspot_x_js_0.05,0.6975666364373647,0.4099483069519587,0.020000000000000018,0.20454617343207548,0.36614618369685115,0.32804218295362775,-2.8893443193567236e-11
formal,cx0.75_cy0.75_layoutA,0.1,false_hotspot,0.1,x,cx0.75_cy0.75_layoutA__gamma_0.1__false_hotspot_x_js_0.1,0.8290904549598808,0.5430853510534819,0.14437499999999998,0.23227206065447348,0.42783984025845534,0.3903621491347613,-2.775706053892435e-11
formal,cx0.75_cy0.75_layoutA,0.1,false_hotspot,0.15,x,cx0.75_cy0.75_layoutA__gamma_0.1__false_hotspot_x_js_0.15,0.23798609501849555,0.22851022208280547,0.138125,0.17682028620967793,0.2660707094005055,0.145200900893095,-3.1567165548196385e-11
formal,cx0.75_cy0.75_layoutA,0.1,false_negative_suppression,0.05,x,cx0.75_cy0.75_layoutA__gamma_0.1__false_negative_suppression_x_js_0.05,-0.3443736975112608,-0.09369009167470654,-0.011249999999999982,0.09364262454248395,0.019904859442363865,-0.11037329971559084,2.250449826490808e-12
formal,cx0.75_cy0.75_layoutA,0.1,false_negative_suppression,0.1,x,cx0.75_cy0.75_layoutA__gamma_0.1__false_negative_suppression_x_js_0.1,-0.4740310281938811,-0.09117753274966334,-0.0068749999999999645,0.1163150809805682,0.013039042230742481,-0.1559100897021357,-2.8632984871990175e-11
formal,cx0.75_cy0.75_layoutA,0.1,false_negative_suppression,0.15,x,cx0.75_cy0.75_layoutA__gamma_0.1__false_negative_suppression_x_js_0.15,-0.5790973945877331,-0.10471974813996554,-0.006249999999999978,0.0885891937581702,-0.007442003888151749,-0.1960275524370585,-3.0990932042840313e-11
formal,cx0.75_cy0.75_layoutA,0.1,spatial_shift,0.05,y,cx0.75_cy0.75_layoutA__gamma_0.1__spatial_shift_y_js_0.05,-0.006345791238996146,-0.011724882467619935,0.005624999999999991,0.14909439898727994,0.07388356255124684,0.01548922221332072,-7.838785176517149e-12
formal,cx0.75_cy0.75_layoutA,0.1,spatial_shift,0.1,y,cx0.75_cy0.75_layoutA__gamma_0.1__spatial_shift_y_js_0.1,-0.002153914775855803,0.022813225840186968,0.013749999999999984,0.09364262454248395,0.03240238071070234,0.0070089794334602384,-2.8610308566712206e-11
formal,cx0.75_cy0.75_layoutA,0.1,spatial_shift,0.15,y,cx0.75_cy0.75_layoutA__gamma_0.1__spatial_shift_y_js_0.15,0.030707780052049216,0.06554727834223684,0.01687500000000003,0.1768202862096775,0.12647379834138794,0.04048270707854562,-1.8051893313497658e-11
formal,cx0.75_cy0.75_layoutA,0.1,false_hotspot,0.05,y,cx0.75_cy0.75_layoutA__gamma_0.1__false_hotspot_y_js_0.05,0.22571769915282802,0.1922435741165458,0.03250000000000003,0.20454617343207548,0.2653747617123621,0.14084011019374265,-2.9577146287707023e-11
formal,cx0.75_cy0.75_layoutA,0.1,false_hotspot,0.1,y,cx0.75_cy0.75_layoutA__gamma_0.1__false_hotspot_y_js_0.1,0.21910095916128602,0.22273612280035748,0.044375,0.1768202862096775,0.27427206349842503,0.14083244016516017,-1.0898004720871768e-11
formal,cx0.75_cy0.75_layoutA,0.1,false_hotspot,0.15,y,cx0.75_cy0.75_layoutA__gamma_0.1__false_hotspot_y_js_0.15,0.23799009422385975,0.22865429595863507,0.06562499999999999,0.17682028620967793,0.2675011797629834,0.14556585442787306,2.4978241697226622e-11
formal,cx0.75_cy0.75_layoutA,0.1,false_negative_suppression,0.05,y,cx0.75_cy0.75_layoutA__gamma_0.1__false_negative_suppression_y_js_0.05,-0.32696353614722407,-0.12108752324751304,0.026875000000000038,0.1213685117648815,0.036900398322111005,-0.10080264119382432,-3.1665836619509946e-11
formal,cx0.75_cy0.75_layoutA,0.1,false_negative_suppression,0.1,y,cx0.75_cy0.75_layoutA__gamma_0.1__false_negative_suppression_y_js_0.1,-0.4740310284386813,-0.0911786694346195,0.083125,0.1163150809805682,0.013033576335425234,-0.15591121962511933,-8.769734938240958e-12
formal,cx0.75_cy0.75_layoutA,0.1,false_negative_suppression,0.15,y,cx0.75_cy0.75_layoutA__gamma_0.1__false_negative_suppression_y_js_0.15,-0.5790973947114897,-0.10471966695626778,0.07750000000000001,0.08858919375816976,-0.007442820148721552,-0.1960277154889225,-2.487594852329522e-11
formal,cx0.75_cy0.75_layoutB,0.05,uniform_prior_baseline,,,cx0.75_cy0.75_layoutB__gamma_0.05__uniform_prior_baseline,-0.29553516728664686,0.31948619250527055,0.12187499999999996,0.027725887222397994,0.1904066032326437,-0.03853485918500388,8.48626724447854e-14
formal,cx0.75_cy0.75_layoutB,0.05,diffuse_blur,0.05,,cx0.75_cy0.75_layoutB__gamma_0.05__diffuse_blur_js_0.05,0.08251349178762801,0.2778086646972848,0.044999999999999984,0.027725887222397994,0.16630181182599202,0.08230066094083832,4.0167869030938164e-13
formal,cx0.75_cy0.75_layoutB,0.05,diffuse_blur,0.1,,cx0.75_cy0.75_layoutB__gamma_0.05__diffuse_blur_js_0.1,-0.30925571381588224,0.2832180192639877,0.075625,0.027725887222397994,0.14262256694594377,-0.057953304987618415,2.3703289331322708e-11
formal,cx0.75_cy0.75_layoutB,0.05,diffuse_blur,0.15,,cx0.75_cy0.75_layoutB__gamma_0.05__diffuse_blur_js_0.15,-0.35147978876578545,0.27358132980215166,0.10624999999999996,0.027725887222397994,0.16367904752979534,-0.06598882323525346,1.7167364751990988e-11
formal,cx0.75_cy0.75_layoutB,0.05,spatial_shift,0.05,x,cx0.75_cy0.75_layoutB__gamma_0.05__spatial_shift_x_js_0.05,0.05467078811975945,-0.02835194163034771,0.006249999999999978,-0.05545177444479554,-0.025477014035176104,0.00934931122553384,3.240765988898886e-11
formal,cx0.75_cy0.75_layoutB,0.05,spatial_shift,0.1,x,cx0.75_cy0.75_layoutB__gamma_0.05__spatial_shift_x_js_0.1,0.12587639781802995,0.10648300115433007,0.08437499999999998,-0.027725887222397994,0.006815060195211942,0.04318511599870534,9.219465468834898e-12
formal,cx0.75_cy0.75_layoutB,0.05,spatial_shift,0.15,x,cx0.75_cy0.75_layoutB__gamma_0.05__spatial_shift_x_js_0.15,0.2455193680369021,0.19569447662681472,0.11812499999999998,-0.05545177444479599,0.027138801618105113,0.08882199140247038,5.3519459697337624e-11
formal,cx0.75_cy0.75_layoutB,0.05,false_hotspot,0.05,x,cx0.75_cy0.75_layoutB__gamma_0.05__false_hotspot_x_js_0.05,0.48749030643705016,0.651307375030673,0.06937499999999996,0.027725887222397994,0.28494360154059173,0.25939732375742985,2.1365686997398825e-12
formal,cx0.75_cy0.75_layoutB,0.05,false_hotspot,0.1,x,cx0.75_cy0.75_layoutB__gamma_0.05__false_hotspot_x_js_0.1,0.38298416690769344,0.7692832501808484,0.125,0.027725887222397994,0.3253684282010596,0.23849581414141352,2.007290167416187e-12
formal,cx0.75_cy0.75_layoutB,0.05,false_hotspot,0.15,x,cx0.75_cy0.75_layoutB__gamma_0.05__false_hotspot_x_js_0.15,0.7137560724993746,0.7866848367802064,0.16375,0.027725887222397994,0.3349697369853626,0.35368439944332075,2.7054573858986686e-11
formal,cx0.75_cy0.75_layoutB,0.05,false_negative_suppression,0.05,x,cx0.75_cy0.75_layoutB__gamma_0.05__false_negative_suppression_x_js_0.05,-0.7392473360454836,-0.027836463760837038,-0.004375000000000018,-0.04498681156950468,-0.03721369048591594,-0.25693744650797123,-5.234285227473379e-13
formal,cx0.75_cy0.75_layoutB,0.05,false_negative_suppression,0.1,x,cx0.75_cy0.75_layoutB__gamma_0.05__false_negative_suppression_x_js_0.1,-0.5922719401681951,0.019923947935899244,0.006249999999999978,-0.07271269879190267,0.010873882032170101,-0.1935081967794141,-5.165312622068541e-13
formal,cx0.75_cy0.75_layoutB,0.05,false_negative_suppression,0.15,x,cx0.75_cy0.75_layoutB__gamma_0.05__false_negative_suppression_x_js_0.15,-0.24249610590160575,0.1680248391772945,0.02062499999999995,-0.027725887222397994,0.08945077206655405,-0.05176311450883353,5.108691247812658e-13
formal,cx0.75_cy0.75_layoutB,0.05,spatial_shift,0.05,y,cx0.75_cy0.75_layoutB__gamma_0.05__spatial_shift_y_js_0.05,-0.11280550008948875,-0.04390156377173682,0.015625,-0.0936426245424844,-0.11501662808032442,-0.07376917728511834,1.7737408763984774e-11
formal,cx0.75_cy0.75_layoutB,0.05,spatial_shift,0.1,y,cx0.75_cy0.75_layoutB__gamma_0.05__spatial_shift_y_js_0.1,-0.12920181405185716,-0.039713732275320046,0.029374999999999984,-0.06591673732008685,-0.11659213049512118,-0.07953238874040935,1.0231107627767244e-11
formal,cx0.75_cy0.75_layoutB,0.05,spatial_shift,0.15,y,cx0.75_cy0.75_layoutB__gamma_0.05__spatial_shift_y_js_0.15,-0.11431031954635884,-0.053742410245522176,0.03937499999999999,-0.0936426245424844,-0.13275769646837166,-0.07993541878486687,5.006439707244681e-12
formal,cx0.75_cy0.75_layoutB,0.05,false_hotspot,0.05,y,cx0.75_cy0.75_layoutB__gamma_0.05__false_hotspot_y_js_0.05,0.14983223439596483,0.1474063997307471,0.04874999999999996,0.0,0.07970164139518587,0.07557777293947487,3.3073266347827257e-12
formal,cx0.75_cy0.75_layoutB,0.05,false_hotspot,0.1,y,cx0.75_cy0.75_layoutB__gamma_0.05__false_hotspot_y_js_0.1,0.18342272519539282,0.18531190478251536,0.15687499999999993,0.0,0.1027277551732455,0.09443510567939417,-5.246081347110021e-13
formal,cx0.75_cy0.75_layoutB,0.05,false_hotspot,0.15,y,cx0.75_cy0.75_layoutB__gamma_0.05__false_hotspot_y_js_0.15,0.22236698688691625,0.26718282436200114,0.184375,0.027725887222397994,0.14896966136221135,0.12310056071300202,8.111844529423706e-13
formal,cx0.75_cy0.75_layoutB,0.05,false_negative_suppression,0.05,y,cx0.75_cy0.75_layoutB__gamma_0.05__false_negative_suppression_y_js_0.05,-0.6850424322903184,0.029689774813346892,0.01874999999999999,-0.04498681156950468,0.0028085890074756037,-0.22730850598854113,1.1337597527472099e-12
formal,cx0.75_cy0.75_layoutB,0.05,false_negative_suppression,0.1,y,cx0.75_cy0.75_layoutB__gamma_0.05__false_negative_suppression_y_js_0.1,-0.6490622662020398,0.11081421138514025,0.04812499999999997,-0.04498681156950468,0.06198280737737605,-0.19823209185338908,3.491165689872844e-12
formal,cx0.75_cy0.75_layoutB,0.05,false_negative_suppression,0.15,y,cx0.75_cy0.75_layoutB__gamma_0.05__false_negative_suppression_y_js_0.15,-0.559225582144875,0.18064500796218952,0.070625,-0.10043858601430022,0.10833987979962423,-0.1539887065847878,2.956752898075621e-12
formal,cx0.75_cy0.75_layoutB,0.1,uniform_prior_baseline,,,cx0.75_cy0.75_layoutB__gamma_0.1__uniform_prior_baseline,0.213375761479635,0.20858185066773505,0.08999999999999997,0.0659167373200864,0.19892655293147854,0.12444907437965824,2.264742560154076e-11
formal,cx0.75_cy0.75_layoutB,0.1,diffuse_blur,0.05,,cx0.75_cy0.75_layoutB__gamma_0.1__diffuse_blur_js_0.05,0.11433186543107965,0.08325810426091129,0.024999999999999967,0.03819085009768841,0.09396525851803172,0.06282761872661191,2.4889951211193306e-12
formal,cx0.75_cy0.75_layoutB,0.1,diffuse_blur,0.1,,cx0.75_cy0.75_layoutB__gamma_0.1__diffuse_blur_js_0.1,0.07590391071500147,0.08890306243973267,0.05312499999999998,0.03819085009768841,0.060954038057118964,0.041216577546093314,2.347588790030386e-11
formal,cx0.75_cy0.75_layoutB,0.1,diffuse_blur,0.15,,cx0.75_cy0.75_layoutB__gamma_0.1__diffuse_blur_js_0.15,0.11543717877018178,0.14486720970796352,0.08124999999999999,0.03819085009768841,0.11119797595820291,0.067681603052135,-4.968109257319497e-13
formal,cx0.75_cy0.75_layoutB,0.1,spatial_shift,0.05,x,cx0.75_cy0.75_layoutB__gamma_0.1__spatial_shift_x_js_0.05,0.07525544425353159,0.058165188835190174,0.053749999999999964,0.03819085009768841,0.059023044969921834,0.04049979229573841,-3.0024593922206577e-13
formal,cx0.75_cy0.75_layoutB,0.1,spatial_shift,0.1,x,cx0.75_cy0.75_layoutB__gamma_0.1__spatial_shift_x_js_0.1,0.17738177695494395,0.12872119544132032,0.07937499999999997,0.0659167373200864,0.1128684786589913,0.08927410487337317,-4.448247326038768e-13
formal,cx0.75_cy0.75_layoutB,0.1,spatial_shift,0.15,x,cx0.75_cy0.75_layoutB__gamma_0.1__spatial_shift_x_js_0.15,0.3000389424000205,0.31941628220864926,0.15437499999999998,0.03819085009768841,0.1886973015786646,0.151552592893073,2.207474480986349e-11
formal,cx0.75_cy0.75_layoutB,0.1,false_hotspot,0.05,x,cx0.75_cy0.75_layoutB__gamma_0.1__false_hotspot_x_js_0.05,0.6096000478650647,0.3759479049260257,0.03999999999999998,0.0659167373200864,0.24917086796481858,0.27447717955464634,4.335512504560768e-11
formal,cx0.75_cy0.75_layoutB,0.1,false_hotspot,0.1,x,cx0.75_cy0.75_layoutB__gamma_0.1__false_hotspot_x_js_0.1,0.768191807808313,0.671714207763408,0.20875,0.0659167373200864,0.361955346898827,0.36245185349030407,3.13274406416042e-12
formal,cx0.75_cy0.75_layoutB,0.1,false_hotspot,0.15,x,cx0.75_cy0.75_layoutB__gamma_0.1__false_hotspot_x_js_0.15,0.827748773436777,0.6943713423104501,0.20999999999999996,0.13862943611198908,0.3774062817262829,0.387705033532328,3.361082245856295e-11
formal,cx0.75_cy0.75_layoutB,0.1,false_negative_suppression,0.05,x,cx0.75_cy0.75_layoutB__gamma_0.1__false_negative_suppression_x_js_0.05,-0.45881221062963107,-0.17773446745235266,-0.008125000000000049,0.010464962875290862,-0.06718688148677288,-0.17215516457452296,3.95440624689769e-12
formal,cx0.75_cy0.75_layoutB,0.1,false_negative_suppression,0.1,x,cx0.75_cy0.75_layoutB__gamma_0.1__false_negative_suppression_x_js_0.1,-0.6127755644753359,-0.19050782016025525,-0.0018750000000000155,-0.07776612957621687,-0.13858744923489486,-0.2404854975631272,2.3093083001413106e-11
formal,cx0.75_cy0.75_layoutB,0.1,false_negative_suppression,0.15,x,cx0.75_cy0.75_layoutB__gamma_0.1__false_negative_suppression_x_js_0.15,-0.7372285435690769,-0.20274138565548872,0.0,-0.10549201679861486,-0.19347815726926632,-0.2945239184405737,1.600095056453199e-12
formal,cx0.75_cy0.75_layoutB,0.1,spatial_shift,0.05,y,cx0.75_cy0.75_layoutB__gamma_0.1__spatial_shift_y_js_0.05,-0.09793462100238415,-0.06074074103302385,0.0037499999999999756,0.03819085009768841,-0.043902073090830385,-0.04393148216511089,3.710545759538775e-12
formal,cx0.75_cy0.75_layoutB,0.1,spatial_shift,0.1,y,cx0.75_cy0.75_layoutB__gamma_0.1__spatial_shift_y_js_0.1,-0.13988892022657273,-0.0476537945972868,0.019374999999999976,0.010464962875290862,-0.08084617870201072,-0.0670474701348327,2.3606991361724283e-11
formal,cx0.75_cy0.75_layoutB,0.1,spatial_shift,0.15,y,cx0.75_cy0.75_layoutB__gamma_0.1__spatial_shift_y_js_0.15,-0.1445375877911026,-0.021529513240018394,0.01749999999999996,-0.05545177444479599,-0.0706077122271922,-0.06612357231941868,1.0353121138173549e-11
formal,cx0.75_cy0.75_layoutB,0.1,false_hotspot,0.05,y,cx0.75_cy0.75_layoutB__gamma_0.1__false_hotspot_y_js_0.05,0.04080362663967119,0.09375331826641875,0.044375,0.0659167373200864,0.0742598838807238,0.03266979391931368,1.210591349387613e-11
formal,cx0.75_cy0.75_layoutB,0.1,false_hotspot,0.1,y,cx0.75_cy0.75_layoutB__gamma_0.1__false_hotspot_y_js_0.1,0.03154231757122439,0.10723945063052276,0.05812499999999998,0.010464962875290418,0.07093718672135996,0.028662528934631837,2.3781934754829592e-11
formal,cx0.75_cy0.75_layoutB,0.1,false_hotspot,0.15,y,cx0.75_cy0.75_layoutB__gamma_0.1__false_hotspot_y_js_0.15,0.052954023650340076,0.1119835802582072,0.08124999999999999,0.010464962875290862,0.05378048307472039,0.03158079757620902,6.481593040064126e-12
formal,cx0.75_cy0.75_layoutB,0.1,false_negative_suppression,0.05,y,cx0.75_cy0.75_layoutB__gamma_0.1__false_negative_suppression_y_js_0.05,-0.40320210725990036,-0.15341603527645553,0.015625,-0.10043858601430067,-0.0874376998356734,-0.15763130601973563,-2.2302992785938613e-13
formal,cx0.75_cy0.75_layoutB,0.1,false_negative_suppression,0.1,y,cx0.75_cy0.75_layoutB__gamma_0.1__false_negative_suppression_y_js_0.1,-0.46645704922663933,-0.15229069278122842,0.04124999999999995,-0.01726092434710713,-0.06275083102932921,-0.17380445021266455,1.5464435287881884e-12
formal,cx0.75_cy0.75_layoutB,0.1,false_negative_suppression,0.15,y,cx0.75_cy0.75_layoutB__gamma_0.1__false_negative_suppression_y_js_0.15,-0.49093903422530216,-0.1553855059543927,0.04249999999999998,-0.08317766166719398,-0.12832940266669945,-0.1966292091165307,4.1559367058852104e-11
formal,cx0.75_cy0.75_layoutC,0.05,uniform_prior_baseline,,,cx0.75_cy0.75_layoutC__gamma_0.05__uniform_prior_baseline,-0.6648537928960527,0.2194659025216419,0.09562500000000002,0.08317766166719354,0.18607873521375495,-0.1564364692088236,-7.715063310431702e-11
formal,cx0.75_cy0.75_layoutC,0.05,diffuse_blur,0.05,,cx0.75_cy0.75_layoutC__gamma_0.05__diffuse_blur_js_0.05,-0.18250288808096027,0.19913505556751154,0.04749999999999999,0.08317766166719354,0.2180935408647322,0.01704483926413003,-7.369292676084882e-11
formal,cx0.75_cy0.75_layoutC,0.05,diffuse_blur,0.1,,cx0.75_cy0.75_layoutC__gamma_0.05__diffuse_blur_js_0.1,-0.7540149859108212,0.14105306700812514,0.05437500000000001,0.11090354888959153,0.18995801190143613,-0.18578389650169602,-7.151541858707589e-11
formal,cx0.75_cy0.75_layoutC,0.05,diffuse_blur,0.15,,cx0.75_cy0.75_layoutC__gamma_0.05__diffuse_blur_js_0.15,-0.7566360674001888,0.14072096102105558,0.080625,0.11090354888959153,0.2062089154676574,-0.1817122658404693,-5.810991965393697e-11
formal,cx0.75_cy0.75_layoutC,0.05,spatial_shift,0.05,x,cx0.75_cy0.75_layoutC__gamma_0.05__spatial_shift_x_js_0.05,0.13384872326561492,0.09180852525868621,0.03437499999999999,-0.05545177444479554,0.009549656195123823,0.04565332164039182,-7.659460565800913e-11
formal,cx0.75_cy0.75_layoutC,0.05,spatial_shift,0.1,x,cx0.75_cy0.75_layoutC__gamma_0.05__spatial_shift_x_js_0.1,0.24361459619768855,0.1274332383210588,0.04375000000000001,-0.02772588722239755,0.04056832965391877,0.09161209061685183,-6.702437216343782e-11
formal,cx0.75_cy0.75_layoutC,0.05,spatial_shift,0.15,x,cx0.75_cy0.75_layoutC__gamma_0.05__spatial_shift_x_js_0.15,0.44598302959036573,0.2784494743410444,0.05062500000000003,0.05545177444479554,0.1784374746067101,0.20810857059238286,-6.694365201065366e-11
formal,cx0.75_cy0.75_layoutC,0.05,false_hotspot,0.05,x,cx0.75_cy0.75_layoutC__gamma_0.05__false_hotspot_x_js_0.05,0.51380509495349,0.6851943221616414,0.075625,0.11090354888959153,0.3903344952530965,0.312547869011528,-7.691768055817505e-11
formal,cx0.75_cy0.75_layoutC,0.05,false_hotspot,0.1,x,cx0.75_cy0.75_layoutC__gamma_0.05__false_hotspot_x_js_0.1,0.5561620223722592,0.822712715934554,0.13624999999999998,0.11090354888959153,0.47830480245535334,0.36124547601275525,-7.163004911436843e-11
formal,cx0.75_cy0.75_layoutC,0.05,false_hotspot,0.15,x,cx0.75_cy0.75_layoutC__gamma_0.05__false_hotspot_x_js_0.15,3.225671783786513,1.4435576672600967,0.32875,0.09364262454248395,0.5892306844545399,1.264698237951483,-7.782838262748726e-11
formal,cx0.75_cy0.75_layoutC,0.05,false_negative_suppression,0.05,x,cx0.75_cy0.75_layoutC__gamma_0.05__false_negative_suppression_x_js_0.05,-1.0608967371329712,-0.12203800239078455,0.0,0.038190850097688855,0.05928113762352094,-0.3295413714023461,-7.858372286229098e-11
formal,cx0.75_cy0.75_layoutC,0.05,false_negative_suppression,0.1,x,cx0.75_cy0.75_layoutC__gamma_0.05__false_negative_suppression_x_js_0.1,-1.019311166388401,-0.10544562908959132,0.003750000000000031,0.010464962875290862,0.031690556742765885,-0.32332606341590764,-7.827417880523768e-11
formal,cx0.75_cy0.75_layoutC,0.05,false_negative_suppression,0.15,x,cx0.75_cy0.75_layoutC__gamma_0.05__false_negative_suppression_x_js_0.15,-0.7224296264052974,0.008190178121795011,0.009375000000000022,0.08317766166719354,0.11777035694838389,-0.19719260035622166,-7.906018895109668e-11
formal,cx0.75_cy0.75_layoutC,0.05,spatial_shift,0.05,y,cx0.75_cy0.75_layoutC__gamma_0.05__spatial_shift_y_js_0.05,-0.2635286173250213,-0.020059512647455424,0.020625000000000004,0.08317766166719354,0.054694739916307356,-0.06546955099423135,-7.499652981968197e-11
formal,cx0.75_cy0.75_layoutC,0.05,spatial_shift,0.1,y,cx0.75_cy0.75_layoutC__gamma_0.05__spatial_shift_y_js_0.1,-0.34659005784886077,-0.08891758520502169,0.021875000000000033,0.04498681156950468,-0.013777209518802458,-0.1153472190884659,-7.85853535023584e-11
formal,cx0.75_cy0.75_layoutC,0.05,spatial_shift,0.15,y,cx0.75_cy0.75_layoutC__gamma_0.05__spatial_shift_y_js_0.15,-0.39567779540423587,-0.056196822036240546,0.036250000000000004,0.044986811569505125,0.0027059821219594937,-0.12573496405603324,-7.680972524681806e-11
formal,cx0.75_cy0.75_layoutC,0.05,false_hotspot,0.05,y,cx0.75_cy0.75_layoutC__gamma_0.05__false_hotspot_y_js_0.05,-0.275297395315504,0.02137355210239278,0.03125,0.08317766166719354,0.132670627339893,-0.04293388447331825,-7.825993325605296e-11
formal,cx0.75_cy0.75_layoutC,0.05,false_hotspot,0.1,y,cx0.75_cy0.75_layoutC__gamma_0.05__false_hotspot_y_js_0.1,-0.23471537722116942,0.03739190021044214,0.08374999999999999,0.11090354888959153,0.12901327512839522,-0.03078987245099274,-7.283593173035285e-11
formal,cx0.75_cy0.75_layoutC,0.05,false_hotspot,0.15,y,cx0.75_cy0.75_layoutC__gamma_0.05__false_hotspot_y_js_0.15,-0.10918541441749774,-0.0033481327996227606,0.13687499999999997,0.11090354888959153,0.13389223090419833,0.012102941017499536,-7.816149810713213e-11
formal,cx0.75_cy0.75_layoutC,0.05,false_negative_suppression,0.05,y,cx0.75_cy0.75_layoutC__gamma_0.05__false_negative_suppression_y_js_0.05,-0.9661749750230406,0.016623669821825615,0.021875000000000033,0.038190850097688855,0.12511487638718144,-0.27808503728441325,-6.490535886527482e-11
formal,cx0.75_cy0.75_layoutC,0.05,false_negative_suppression,0.1,y,cx0.75_cy0.75_layoutC__gamma_0.05__false_negative_suppression_y_js_0.1,-1.050816511271786,0.009665920403711503,0.04125000000000001,0.010464962875290862,0.095798093230691,-0.31564508638083977,-5.939390645970377e-11
formal,cx0.75_cy0.75_layoutC,0.05,false_negative_suppression,0.15,y,cx0.75_cy0.75_layoutC__gamma_0.05__false_negative_suppression_y_js_0.15,-0.9946297938871789,0.04906626717368123,0.05249999999999999,-0.017260924347106688,0.08172307988558813,-0.3004612563544964,-7.44893868809271e-11
formal,cx0.75_cy0.75_layoutC,0.1,uniform_prior_baseline,,,cx0.75_cy0.75_layoutC__gamma_0.1__uniform_prior_baseline,-0.1827195439749949,0.004773047072666348,0.04874999999999996,0.08317766166719398,0.0267862476281584,-0.05524879565918006,-2.41953818092e-11
formal,cx0.75_cy0.75_layoutC,0.1,diffuse_blur,0.05,,cx0.75_cy0.75_layoutC__gamma_0.1__diffuse_blur_js_0.05,-0.14234037370026087,-0.00249350944312976,0.01874999999999999,0.08317766166719398,0.01045737183387363,-0.045700789287236754,1.3421513900269133e-11
formal,cx0.75_cy0.75_layoutC,0.1,diffuse_blur,0.1,,cx0.75_cy0.75_layoutC__gamma_0.1__diffuse_blur_js_0.1,-0.30444869913923345,-0.09511160245523942,0.02749999999999997,0.05545177444479599,-0.06618983191711347,-0.12123554910997192,-3.9647118921237734e-11
formal,cx0.75_cy0.75_layoutC,0.1,diffuse_blur,0.15,,cx0.75_cy0.75_layoutC__gamma_0.1__diffuse_blur_js_0.15,-0.27146041015585176,-0.05396404198004312,0.04249999999999998,0.05545177444479599,-0.04141095750362478,-0.10357735696823434,-1.3176959523519827e-12
formal,cx0.75_cy0.75_layoutC,0.1,spatial_shift,0.05,x,cx0.75_cy0.75_layoutC__gamma_0.1__spatial_shift_x_js_0.05,0.16427654170924644,0.05538735299149011,0.022499999999999964,0.05545177444479599,-0.0132293675827313,0.05161983772040801,-3.868906583992526e-11
formal,cx0.75_cy0.75_layoutC,0.1,spatial_shift,0.1,x,cx0.75_cy0.75_layoutC__gamma_0.1__spatial_shift_x_js_0.1,0.2979893588856948,0.1123007450181106,0.03249999999999997,0.027725887222397994,0.07304553482178822,0.12177345687646679,-3.665956427312267e-11
formal,cx0.75_cy0.75_layoutC,0.1,spatial_shift,0.15,x,cx0.75_cy0.75_layoutC__gamma_0.1__spatial_shift_x_js_0.15,0.4645264218317573,0.18578768834773451,0.044999999999999984,0.12816447323669866,0.09409286245838899,0.18420429436799424,-4.0122530298170034e-11
formal,cx0.75_cy0.75_layoutC,0.1,false_hotspot,0.05,x,cx0.75_cy0.75_layoutC__gamma_0.1__false_hotspot_x_js_0.05,0.5188708911511437,0.5359868278111226,0.078125,0.15589036045909666,0.23672181507278278,0.24680671912202312,-4.203218328946434e-11
formal,cx0.75_cy0.75_layoutC,0.1,false_hotspot,0.1,x,cx0.75_cy0.75_layoutC__gamma_0.1__false_hotspot_x_js_0.1,0.6589110117910906,0.6817413906630629,0.15562499999999996,0.15589036045909666,0.29829939309301423,0.3145393035876547,-6.386835504912369e-13
formal,cx0.75_cy0.75_layoutC,0.1,false_hotspot,0.15,x,cx0.75_cy0.75_layoutC__gamma_0.1__false_hotspot_x_js_0.15,0.820729597552682,0.7892686339235913,0.17375000000000002,0.15589036045909666,0.3475524806994619,0.38649713590677615,-3.093743317084119e-11
formal,cx0.75_cy0.75_layoutC,0.1,false_negative_suppression,0.05,x,cx0.75_cy0.75_layoutC__gamma_0.1__false_negative_suppression_x_js_0.05,-0.6871421656239058,-0.2678207780935693,-0.010000000000000009,-0.027725887222397994,-0.1539916726522419,-0.27388018110015566,-4.2125067323262044e-11
formal,cx0.75_cy0.75_layoutC,0.1,false_negative_suppression,0.1,x,cx0.75_cy0.75_layoutC__gamma_0.1__false_negative_suppression_x_js_0.1,-0.85934292480386,-0.3134916778029124,-0.008750000000000036,-0.05545177444479554,-0.21109718131869126,-0.3461136826980393,-4.1622164048682464e-11
formal,cx0.75_cy0.75_layoutC,0.1,false_negative_suppression,0.15,x,cx0.75_cy0.75_layoutC__gamma_0.1__false_negative_suppression_x_js_0.15,-0.9881709374740977,-0.34242329021008255,-0.01375000000000004,-0.06050520522910929,-0.2739376624202472,-0.4040250786464812,-2.9630783937584226e-11
formal,cx0.75_cy0.75_layoutC,0.1,spatial_shift,0.05,y,cx0.75_cy0.75_layoutC__gamma_0.1__spatial_shift_y_js_0.05,-0.2400508367269505,-0.09820011303749432,-0.007500000000000007,0.05545177444479599,-0.09219587055295708,-0.10607030757137292,-4.212738491382595e-11
formal,cx0.75_cy0.75_layoutC,0.1,spatial_shift,0.1,y,cx0.75_cy0.75_layoutC__gamma_0.1__spatial_shift_y_js_0.1,-0.32447772804894637,-0.13369185752677804,-0.003124999999999989,0.0,-0.17606081542198293,-0.15609581039797926,-4.0907555121094674e-11
formal,cx0.75_cy0.75_layoutC,0.1,spatial_shift,0.15,y,cx0.75_cy0.75_layoutC__gamma_0.1__spatial_shift_y_js_0.15,-0.3739056900753073,-0.14142633015037753,-0.0018750000000000155,8.881784197001252e-16,-0.13861583216402895,-0.16323743452615092,-3.8522754430836414e-11
formal,cx0.75_cy0.75_layoutC,0.1,false_hotspot,0.05,y,cx0.75_cy0.75_layoutC__gamma_0.1__false_hotspot_y_js_0.05,-0.3158221954869105,-0.08291750425527211,0.023749999999999993,0.08317766166719398,-0.04432316034320749,-0.11953223209718944,-3.9232478377115854e-11
formal,cx0.75_cy0.75_layoutC,0.1,false_hotspot,0.1,y,cx0.75_cy0.75_layoutC__gamma_0.1__false_hotspot_y_js_0.1,-0.3325343970113548,-0.06574724322656111,0.04375000000000001,4.440892098500626e-16,-0.07362648865308596,-0.13272721511160035,-1.7710805044757194e-11
formal,cx0.75_cy0.75_layoutC,0.1,false_hotspot,0.15,y,cx0.75_cy0.75_layoutC__gamma_0.1__false_hotspot_y_js_0.15,-0.3074664446891555,-0.08024049433484404,0.050624999999999976,0.08317766166719398,-0.05397167272678072,-0.11913670854949321,-3.903272149941017e-11
formal,cx0.75_cy0.75_layoutC,0.1,false_negative_suppression,0.05,y,cx0.75_cy0.75_layoutC__gamma_0.1__false_negative_suppression_y_js_0.05,-0.5507239737998324,-0.18236124985580227,0.016249999999999987,4.440892098500626e-16,-0.12935017104923396,-0.2211820658688337,-3.846367668813855e-11
formal,cx0.75_cy0.75_layoutC,0.1,false_negative_suppression,0.1,y,cx0.75_cy0.75_layoutC__gamma_0.1__false_negative_suppression_y_js_0.1,-0.6241972965285432,-0.19732259894457393,0.023749999999999993,-0.05545177444479554,-0.1280143148513604,-0.24613179074421354,-3.2200742072774347e-11
formal,cx0.75_cy0.75_layoutC,0.1,false_negative_suppression,0.15,y,cx0.75_cy0.75_layoutC__gamma_0.1__false_negative_suppression_y_js_0.15,-0.6414912084768645,-0.21791666479095917,0.02749999999999997,-0.0659167373200864,-0.21927518003541913,-0.273440860274651,-1.795351367572806e-11
pilot,pilot_cx0.75_cy0.70_center_obstacle,0.1,spatial_shift,0.05,,spatial_shift_js_0.05_gamma_0.1,0.05102279784665509,0.03247329453686487,0.04624999999999996,0.0,0.07093833198967925,0.03482034043069926,2.2304380564719395e-13
pilot,pilot_cx0.75_cy0.70_center_obstacle,0.1,spatial_shift,0.1,,spatial_shift_js_0.1_gamma_0.1,0.11826213956836984,0.08817263445318102,0.078125,0.0554517744447951,0.1276511009853749,0.07191232583190255,2.8377855620931314e-12
pilot,pilot_cx0.75_cy0.70_center_obstacle,0.1,spatial_shift,0.15,,spatial_shift_js_0.15_gamma_0.1,0.20915508036665686,0.28387916656146905,0.15749999999999997,0.08317766166719309,0.23441940710172116,0.13061003553595496,3.0933339223437883e-11
pilot,pilot_cx0.75_cy0.70_center_obstacle,0.1,diffuse_blur,0.05,,diffuse_blur_js_0.05_gamma_0.1,0.09250300106639608,0.1053968035291728,0.03125,0.0554517744447951,0.15040671547531392,0.06899906140523848,-2.548794508783203e-13
pilot,pilot_cx0.75_cy0.70_center_obstacle,0.1,diffuse_blur,0.1,,diffuse_blur_js_0.1_gamma_0.1,0.070224295794314,0.11970948917402624,0.05562499999999998,0.08317766166719309,0.1709177354331386,0.06661466116918047,1.2000400673173317e-12
pilot,pilot_cx0.75_cy0.70_center_obstacle,0.1,diffuse_blur,0.15,,diffuse_blur_js_0.15_gamma_0.1,0.15086357160580155,0.18887943914903715,0.08625,0.08317766166719309,0.21770137633674302,0.10623912415825831,1.0182675536096752e-10
pilot,pilot_cx0.75_cy0.70_center_obstacle,0.1,false_hotspot,0.05,,false_hotspot_js_0.05_gamma_0.1,0.5718908694075049,0.3316237120067662,0.03937499999999999,0.027725887222397105,0.2519562689286836,0.2586839732029149,2.3165358520316204e-12
pilot,pilot_cx0.75_cy0.70_center_obstacle,0.1,false_hotspot,0.1,,false_hotspot_js_0.1_gamma_0.1,0.7833470546213688,0.5589147699916079,0.11374999999999996,0.08317766166719309,0.4001858118813004,0.37399627753056564,2.8205188185026486e-11
pilot,pilot_cx0.75_cy0.70_center_obstacle,0.1,false_hotspot,0.15,,false_hotspot_js_0.15_gamma_0.1,0.8085658212707934,0.5763765006969228,0.14249999999999996,0.08317766166719309,0.40923921428289756,0.3853545369932776,8.485850910844306e-13
pilot,pilot_cx0.75_cy0.70_center_obstacle,0.1,false_negative_suppression,0.05,,false_negative_suppression_js_0.05_gamma_0.1,-0.33109468971471534,-0.10401649077421937,0.022499999999999964,0.02772588722239755,-0.0007434913714545743,-0.11148675450517098,7.078337915800148e-12
pilot,pilot_cx0.75_cy0.70_center_obstacle,0.1,false_negative_suppression,0.1,,false_negative_suppression_js_0.1_gamma_0.1,-0.24237507648908974,-0.03362177590554327,0.03749999999999998,0.02772588722239755,0.03472922509953946,-0.0731495879514239,4.55668835996903e-12
pilot,pilot_cx0.75_cy0.70_center_obstacle,0.1,false_negative_suppression,0.15,,false_negative_suppression_js_0.15_gamma_0.1,-0.1178209969528532,0.04633026478355151,0.053749999999999964,0.08317766166719309,0.12697953682106533,-0.008710046308045838,3.3875208194089623e-11
pilot,pilot_cx0.75_cy0.70_center_obstacle,0.05,spatial_shift,0.05,,spatial_shift_js_0.05_gamma_0.05,0.023944652661995747,-0.018293196754245233,-0.0012499999999999734,0.0,-0.01514611502453267,0.002836948242391113,9.142953755203465e-11
pilot,pilot_cx0.75_cy0.70_center_obstacle,0.05,spatial_shift,0.1,,spatial_shift_js_0.1_gamma_0.05,0.06559609364764718,0.026438299386810193,0.010624999999999996,0.03819085009768841,-0.0005842083595615222,0.021063139073941528,-3.1890413920709904e-11
pilot,pilot_cx0.75_cy0.70_center_obstacle,0.05,spatial_shift,0.15,,spatial_shift_js_0.15_gamma_0.05,0.1347340579141374,0.20001173153498897,0.1275,-0.01726092434710713,0.05846570398864337,0.06303483256592424,1.921506703750353e-11
pilot,pilot_cx0.75_cy0.70_center_obstacle,0.05,diffuse_blur,0.05,,diffuse_blur_js_0.05_gamma_0.05,0.04302920755795636,0.2957401484240818,0.03562500000000002,0.0936426245424844,0.20575712631963405,0.08120861726682715,-3.569876338982425e-11
pilot,pilot_cx0.75_cy0.70_center_obstacle,0.05,diffuse_blur,0.1,,diffuse_blur_js_0.1_gamma_0.05,-0.2835677085922539,0.2965405639704999,0.073125,0.0936426245424844,0.1792955657031623,-0.03816416456469307,-2.8610537550211035e-11
pilot,pilot_cx0.75_cy0.70_center_obstacle,0.05,diffuse_blur,0.15,,diffuse_blur_js_0.15_gamma_0.05,-0.29781066968995606,0.3059061804565095,0.09812500000000002,0.020929925750581724,0.19661722936466486,-0.03777325609229787,-3.910924362138246e-11
pilot,pilot_cx0.75_cy0.70_center_obstacle,0.05,false_hotspot,0.05,,false_hotspot_js_0.05_gamma_0.05,0.4001807587000572,0.5911038916501665,0.07937500000000003,0.0659167373200864,0.2838570149172899,0.22791621297562648,-3.897890343829147e-11
pilot,pilot_cx0.75_cy0.70_center_obstacle,0.05,false_hotspot,0.1,,false_hotspot_js_0.1_gamma_0.05,0.2638505624470113,0.6077027904942942,0.11812500000000004,0.0659167373200864,0.28424199590041255,0.1820812481981191,-2.1623002000037417e-11
pilot,pilot_cx0.75_cy0.70_center_obstacle,0.05,false_hotspot,0.15,,false_hotspot_js_0.15_gamma_0.05,0.6001012858761179,0.7609451331751642,0.14437500000000003,0.0659167373200864,0.33896494567632196,0.31474841218130845,2.089559428264387e-10
pilot,pilot_cx0.75_cy0.70_center_obstacle,0.05,false_negative_suppression,0.05,,false_negative_suppression_js_0.05_gamma_0.05,-0.664385464449853,0.014053053196400711,0.020625000000000004,0.020929925750581724,0.04124235366579132,-0.2086359620969358,-3.9199789247934547e-11
pilot,pilot_cx0.75_cy0.70_center_obstacle,0.05,false_negative_suppression,0.1,,false_negative_suppression_js_0.1_gamma_0.05,-0.5777965204867872,0.0840984234030504,0.049375,0.020929925750581724,0.09013737484750273,-0.1652257324350923,-3.614031990339939e-11
pilot,pilot_cx0.75_cy0.70_center_obstacle,0.05,false_negative_suppression,0.15,,false_negative_suppression_js_0.15_gamma_0.05,-0.4952745453059171,0.15768071536907735,0.06562499999999999,0.020929925750581724,0.14122577133458858,-0.1221704153140244,-3.841038598295654e-11
