gamma,family,js,scene,direction,plan_id,error_visible_mass,oracle_visible_mass,gained_pp,lost_pp,net_pp
0.05,uniform_prior_baseline,,cx0.25_cy0.25_layoutA,,cx0.25_cy0.25_layoutA__gamma_0.05__uniform_prior_baseline,0.682256069909928,0.7993108888009939,6.398606703157156,18.104088592263746,-11.70548188910659
0.05,diffuse_blur,0.05,cx0.25_cy0.25_layoutA,,cx0.25_cy0.25_layoutA__gamma_0.05__diffuse_blur_js_0.05,0.8292189163546221,0.7993108888009939,6.883658854054109,3.892856098691283,2.990802755362826
0.05,diffuse_blur,0.1,cx0.25_cy0.25_layoutA,,cx0.25_cy0.25_layoutA__gamma_0.05__diffuse_blur_js_0.1,0.8089837851995304,0.7993108888009939,6.4387029827157365,5.471413342862089,0.9672896398536475
0.05,diffuse_blur,0.15,cx0.25_cy0.25_layoutA,,cx0.25_cy0.25_layoutA__gamma_0.05__diffuse_blur_js_0.15,0.7192750219949567,0.7993108888009939,5.970291034023121,13.973877714626845,-8.003586680603725
0.05,spatial_shift,0.05,cx0.25_cy0.25_layoutA,x,cx0.25_cy0.25_layoutA__gamma_0.05__spatial_shift_x_js_0.05,0.7348720934230054,0.7993108888009939,4.842556755318342,11.286436293117182,-6.44387953779884
0.05,spatial_shift,0.1,cx0.25_cy0.25_layoutA,x,cx0.25_cy0.25_layoutA__gamma_0.05__spatial_shift_x_js_0.1,0.6732195132019145,0.7993108888009939,3.893595118498257,16.502732678406176,-12.609137559907918
0.05,spatial_shift,0.15,cx0.25_cy0.25_layoutA,x,cx0.25_cy0.25_layoutA__gamma_0.05__spatial_shift_x_js_0.15,0.6800287324384858,0.7993108888009939,5.774780991764032,17.702996628014837,-11.928215636250805
0.05,false_hotspot,0.05,cx0.25_cy0.25_layoutA,x,cx0.25_cy0.25_layoutA__gamma_0.05__false_hotspot_x_js_0.05,0.7631753706033264,0.7993108888009939,7.838060693812296,11.45161251357905,-3.613551819766754
0.05,false_hotspot,0.1,cx0.25_cy0.25_layoutA,x,cx0.25_cy0.25_layoutA__gamma_0.05__false_hotspot_x_js_0.1,0.7588196112903871,0.7993108888009939,7.406594652798887,11.455722403859564,-4.049127751060677
0.05,false_hotspot,0.15,cx0.25_cy0.25_layoutA,x,cx0.25_cy0.25_layoutA__gamma_0.05__false_hotspot_x_js_0.15,0.6952915119539759,0.7993108888009939,5.57580347210871,15.97774115681051,-10.4019376847018
0.05,false_negative_suppression,0.05,cx0.25_cy0.25_layoutA,x,cx0.25_cy0.25_layoutA__gamma_0.05__false_negative_suppression_x_js_0.05,0.7621617491305661,0.7993108888009939,5.310075925735699,9.024989892778478,-3.7149139670427793
0.05,false_negative_suppression,0.1,cx0.25_cy0.25_layoutA,x,cx0.25_cy0.25_layoutA__gamma_0.05__false_negative_suppression_x_js_0.1,0.7477108152698159,0.7993108888009939,5.664249392910551,10.824256746028347,-5.160007353117796
0.05,false_negative_suppression,0.15,cx0.25_cy0.25_layoutA,x,cx0.25_cy0.25_layoutA__gamma_0.05__false_negative_suppression_x_js_0.15,0.6652811022981749,0.7993108888009939,8.918520765331762,22.321499415613655,-13.402978650281893
0.05,spatial_shift,0.05,cx0.25_cy0.25_layoutA,y,cx0.25_cy0.25_layoutA__gamma_0.05__spatial_shift_y_js_0.05,0.7841958131466281,0.7993108888009939,7.193690983246409,8.705198548682977,-1.5115075654365686
0.05,spatial_shift,0.1,cx0.25_cy0.25_layoutA,y,cx0.25_cy0.25_layoutA__gamma_0.05__spatial_shift_y_js_0.1,0.7542516098565188,0.7993108888009939,6.84274067313802,11.348668567585513,-4.505927894447493
0.05,spatial_shift,0.15,cx0.25_cy0.25_layoutA,y,cx0.25_cy0.25_layoutA__gamma_0.05__spatial_shift_y_js_0.15,0.7065422813053653,0.7993108888009939,5.057283917907945,14.334144667470792,-9.276860749562847
0.05,false_hotspot,0.05,cx0.25_cy0.25_layoutA,y,cx0.25_cy0.25_layoutA__gamma_0.05__false_hotspot_y_js_0.05,0.8146721760289314,0.7993108888009939,8.955002438887385,7.418873716093629,1.5361287227937561
0.05,false_hotspot,0.1,cx0.25_cy0.25_layoutA,y,cx0.25_cy0.25_layoutA__gamma_0.05__false_hotspot_y_js_0.1,0.7390053457444119,0.7993108888009939,6.535079382254211,12.565633687912403,-6.030554305658192
0.05,false_hotspot,0.15,cx0.25_cy0.25_layoutA,y,cx0.25_cy0.25_layoutA__gamma_0.05__false_hotspot_y_js_0.15,0.6781592576730646,0.7993108888009939,5.343899690205176,17.45906280299809,-12.115163112792914
0.05,false_negative_suppression,0.05,cx0.25_cy0.25_layoutA,y,cx0.25_cy0.25_layoutA__gamma_0.05__false_negative_suppression_y_js_0.05,0.8019163836298292,0.7993108888009939,4.591047062429796,4.330497579546245,0.26054948288355106
0.05,false_negative_suppression,0.1,cx0.25_cy0.25_layoutA,y,cx0.25_cy0.25_layoutA__gamma_0.05__false_negative_suppression_y_js_0.1,0.8524390512941983,0.7993108888009939,8.484733446712708,3.1719171973922524,5.312816249320456
0.05,false_negative_suppression,0.15,cx0.25_cy0.25_layoutA,y,cx0.25_cy0.25_layoutA__gamma_0.05__false_negative_suppression_y_js_0.15,0.8424391102045301,0.7993108888009939,8.339032611858494,4.026210471504877,4.312822140353617
0.1,uniform_prior_baseline,,cx0.25_cy0.25_layoutA,,cx0.25_cy0.25_layoutA__gamma_0.1__uniform_prior_baseline,0.6468014051901195,0.7567266795935348,4.9064852411341375,15.89901268147566,-10.992527440341522
0.1,diffuse_blur,0.05,cx0.25_cy0.25_layoutA,,cx0.25_cy0.25_layoutA__gamma_0.1__diffuse_blur_js_0.05,0.7539596864427898,0.7567266795935348,5.528786992103505,5.805486307178018,-0.27669931507451295
0.1,diffuse_blur,0.1,cx0.25_cy0.25_layoutA,,cx0.25_cy0.25_layoutA__gamma_0.1__diffuse_blur_js_0.1,0.71636255919873,0.7567266795935348,4.830552433347511,8.866964472827979,-4.036412039480468
0.1,diffuse_blur,0.15,cx0.25_cy0.25_layoutA,,cx0.25_cy0.25_layoutA__gamma_0.1__diffuse_blur_js_0.15,0.6628460689197896,0.7567266795935348,5.106683146452998,14.494744213827518,-9.38806106737452
0.1,spatial_shift,0.05,cx0.25_cy0.25_layoutA,x,cx0.25_cy0.25_layoutA__gamma_0.1__spatial_shift_x_js_0.05,0.6856041886729736,0.7567266795935348,1.893836424714952,9.006085516771067,-7.112249092056116
0.1,spatial_shift,0.1,cx0.25_cy0.25_layoutA,x,cx0.25_cy0.25_layoutA__gamma_0.1__spatial_shift_x_js_0.1,0.6440840759069937,0.7567266795935348,3.634588281191072,14.898848649845181,-11.26426036865411
0.1,spatial_shift,0.15,cx0.25_cy0.25_layoutA,x,cx0.25_cy0.25_layoutA__gamma_0.1__spatial_shift_x_js_0.15,0.6265750655630146,0.7567266795935348,4.169785196122044,17.184946599174065,-13.015161403052021
0.1,false_hotspot,0.05,cx0.25_cy0.25_layoutA,x,cx0.25_cy0.25_layoutA__gamma_0.1__false_hotspot_x_js_0.05,0.7846148127235011,0.7567266795935348,8.028659599948362,5.239846286951725,2.7888133129966377
0.1,false_hotspot,0.1,cx0.25_cy0.25_layoutA,x,cx0.25_cy0.25_layoutA__gamma_0.1__false_hotspot_x_js_0.1,0.690417621919339,0.7567266795935348,7.452661441063353,14.083567208482933,-6.63090576741958
0.1,false_hotspot,0.15,cx0.25_cy0.25_layoutA,x,cx0.25_cy0.25_layoutA__gamma_0.1__false_hotspot_x_js_0.15,0.6565795233295911,0.7567266795935348,6.547818407048019,16.56253403344238,-10.01471562639436
0.1,false_negative_suppression,0.05,cx0.25_cy0.25_layoutA,x,cx0.25_cy0.25_layoutA__gamma_0.1__false_negative_suppression_x_js_0.05,0.7060887610345781,0.7567266795935348,5.001122936998127,10.064914792893802,-5.063791855895675
0.1,false_negative_suppression,0.1,cx0.25_cy0.25_layoutA,x,cx0.25_cy0.25_layoutA__gamma_0.1__false_negative_suppression_x_js_0.1,0.6806404852340177,0.7567266795935348,4.5730878419600955,12.181707277911805,-7.608619435951709
0.1,false_negative_suppression,0.15,cx0.25_cy0.25_layoutA,x,cx0.25_cy0.25_layoutA__gamma_0.1__false_negative_suppression_x_js_0.15,0.6495519709092877,0.7567266795935348,3.9256102639591846,14.64308113238389,-10.717470868424705
0.1,spatial_shift,0.05,cx0.25_cy0.25_layoutA,y,cx0.25_cy0.25_layoutA__gamma_0.1__spatial_shift_y_js_0.05,0.7450011504624489,0.7567266795935348,3.963772610865906,5.13632552397449,-1.172552913108584
0.1,spatial_shift,0.1,cx0.25_cy0.25_layoutA,y,cx0.25_cy0.25_layoutA__gamma_0.1__spatial_shift_y_js_0.1,0.7315954672407863,0.7567266795935348,3.8730914615184,6.38621269679326,-2.51312123527486
0.1,spatial_shift,0.15,cx0.25_cy0.25_layoutA,y,cx0.25_cy0.25_layoutA__gamma_0.1__spatial_shift_y_js_0.15,0.7061675971157643,0.7567266795935348,3.885142583225247,8.9410508310023,-5.055908247777054
0.1,false_hotspot,0.05,cx0.25_cy0.25_layoutA,y,cx0.25_cy0.25_layoutA__gamma_0.1__false_hotspot_y_js_0.05,0.7008169926001393,0.7567266795935348,4.669502365460129,10.260471064799665,-5.590968699339536
0.1,false_hotspot,0.1,cx0.25_cy0.25_layoutA,y,cx0.25_cy0.25_layoutA__gamma_0.1__false_hotspot_y_js_0.1,0.6601516039482669,0.7567266795935348,4.870925821802866,14.52843338632965,-9.657507564526785
0.1,false_hotspot,0.15,cx0.25_cy0.25_layoutA,y,cx0.25_cy0.25_layoutA__gamma_0.1__false_hotspot_y_js_0.15,0.642559782323269,0.7567266795935348,5.0177548074111495,16.434444534437727,-11.416689727026577
0.1,false_negative_suppression,0.05,cx0.25_cy0.25_layoutA,y,cx0.25_cy0.25_layoutA__gamma_0.1__false_negative_suppression_y_js_0.05,0.7254594815556851,0.7567266795935348,5.296736420427282,8.42345622421226,-3.126719803784977
0.1,false_negative_suppression,0.1,cx0.25_cy0.25_layoutA,y,cx0.25_cy0.25_layoutA__gamma_0.1__false_negative_suppression_y_js_0.1,0.6582320532043433,0.7567266795935348,3.706659551648332,13.556122190567471,-9.849462638919139
0.1,false_negative_suppression,0.15,cx0.25_cy0.25_layoutA,y,cx0.25_cy0.25_layoutA__gamma_0.1__false_negative_suppression_y_js_0.15,0.6355458831038531,0.7567266795935348,4.966609376578717,17.084689025546886,-12.11807964896817
0.05,uniform_prior_baseline,,cx0.25_cy0.25_layoutB,,cx0.25_cy0.25_layoutB__gamma_0.05__uniform_prior_baseline,0.675088945508727,0.8047703073141987,12.113449578719173,25.081585759266357,-12.968136180547184
0.05,diffuse_blur,0.05,cx0.25_cy0.25_layoutB,,cx0.25_cy0.25_layoutB__gamma_0.05__diffuse_blur_js_0.05,0.832587150020677,0.8047703073141987,12.169737890519277,9.388053619871464,2.7816842706478138
0.05,diffuse_blur,0.1,cx0.25_cy0.25_layoutB,,cx0.25_cy0.25_layoutB__gamma_0.05__diffuse_blur_js_0.1,0.7274786227119567,0.8047703073141987,6.448549293744707,14.177717753968903,-7.729168460224196
0.05,diffuse_blur,0.15,cx0.25_cy0.25_layoutB,,cx0.25_cy0.25_layoutB__gamma_0.05__diffuse_blur_js_0.15,0.7071210509246855,0.8047703073141987,11.744345267125894,21.509270906077216,-9.764925638951322
0.05,spatial_shift,0.05,cx0.25_cy0.25_layoutB,x,cx0.25_cy0.25_layoutB__gamma_0.05__spatial_shift_x_js_0.05,0.7689989831846114,0.8047703073141987,8.670910437516225,12.248042850474969,-3.5771324129587434
0.05,spatial_shift,0.1,cx0.25_cy0.25_layoutB,x,cx0.25_cy0.25_layoutB__gamma_0.05__spatial_shift_x_js_0.1,0.6918384781682176,0.8047703073141987,9.779734449248572,21.07291736384668,-11.293182914598109
0.05,spatial_shift,0.15,cx0.25_cy0.25_layoutB,x,cx0.25_cy0.25_layoutB__gamma_0.05__spatial_shift_x_js_0.15,0.6574473414548048,0.8047703073141987,10.148124004635383,24.880420590574783,-14.7322965859394
0.05,false_hotspot,0.05,cx0.25_cy0.25_layoutB,x,cx0.25_cy0.25_layoutB__gamma_0.05__false_hotspot_x_js_0.05,0.7792355171498462,0.8047703073141987,5.459114222347116,8.012593238782378,-2.5534790164352614
0.05,false_hotspot,0.1,cx0.25_cy0.25_layoutB,x,cx0.25_cy0.25_layoutB__gamma_0.05__false_hotspot_x_js_0.1,0.7890955861117744,0.8047703073141987,8.826263801833797,10.393735922076234,-1.5674721202424369
0.05,false_hotspot,0.15,cx0.25_cy0.25_layoutB,x,cx0.25_cy0.25_layoutB__gamma_0.05__false_hotspot_x_js_0.15,0.7303735382462663,0.8047703073141987,10.362884672762839,17.802561579556087,-7.439676906793249
0.05,false_negative_suppression,0.05,cx0.25_cy0.25_layoutB,x,cx0.25_cy0.25_layoutB__gamma_0.05__false_negative_suppression_x_js_0.05,0.7722912402185377,0.8047703073141987,3.983082453447284,7.230989163013392,-3.247906709566108
0.05,false_negative_suppression,0.1,cx0.25_cy0.25_layoutB,x,cx0.25_cy0.25_layoutB__gamma_0.05__false_negative_suppression_x_js_0.1,0.7168760677990325,0.8047703073141987,2.286459103766492,11.075883055283127,-8.789423951516635
0.05,false_negative_suppression,0.15,cx0.25_cy0.25_layoutB,x,cx0.25_cy0.25_layoutB__gamma_0.05__false_negative_suppression_x_js_0.15,0.7979981959349799,0.8047703073141987,4.721941536663549,5.399152674585438,-0.6772111379218888
0.05,spatial_shift,0.05,cx0.25_cy0.25_layoutB,y,cx0.25_cy0.25_layoutB__gamma_0.05__spatial_shift_y_js_0.05,0.9188266517465359,0.8047703073141987,13.02355120082009,1.6179167575863782,11.405634443233712
0.05,spatial_shift,0.1,cx0.25_cy0.25_layoutB,y,cx0.25_cy0.25_layoutB__gamma_0.05__spatial_shift_y_js_0.1,0.8575027571277005,0.8047703073141987,10.162964974878731,4.889719993528552,5.273244981350179
0.05,spatial_shift,0.15,cx0.25_cy0.25_layoutB,y,cx0.25_cy0.25_layoutB__gamma_0.05__spatial_shift_y_js_0.15,0.8812422916020244,0.8047703073141987,13.654103507051522,6.006905078268961,7.647198428782561
0.05,false_hotspot,0.05,cx0.25_cy0.25_layoutB,y,cx0.25_cy0.25_layoutB__gamma_0.05__false_hotspot_y_js_0.05,0.8442144969392917,0.8047703073141987,7.137441541563505,3.1930225790542157,3.9444189625092894
0.05,false_hotspot,0.1,cx0.25_cy0.25_layoutB,y,cx0.25_cy0.25_layoutB__gamma_0.05__false_hotspot_y_js_0.1,0.8926105172719481,0.8047703073141987,9.92472589535563,1.1407048995806996,8.784020995774931
0.05,false_hotspot,0.15,cx0.25_cy0.25_layoutB,y,cx0.25_cy0.25_layoutB__gamma_0.05__false_hotspot_y_js_0.15,0.8844160372216597,0.8047703073141987,11.604314110930199,3.639741120184106,7.964572990746093
0.05,false_negative_suppression,0.05,cx0.25_cy0.25_layoutB,y,cx0.25_cy0.25_layoutB__gamma_0.05__false_negative_suppression_y_js_0.05,0.7993538128055786,0.8047703073141987,5.37721783364456,5.91886728450657,-0.5416494508620096
0.05,false_negative_suppression,0.1,cx0.25_cy0.25_layoutB,y,cx0.25_cy0.25_layoutB__gamma_0.05__false_negative_suppression_y_js_0.1,0.7370665138878715,0.8047703073141987,1.8739963620296725,8.644375704662401,-6.7703793426327294
0.05,false_negative_suppression,0.15,cx0.25_cy0.25_layoutB,y,cx0.25_cy0.25_layoutB__gamma_0.05__false_negative_suppression_y_js_0.15,0.6984539326019827,0.8047703073141987,3.4230188864916764,14.054656357713263,-10.631637471221588
0.1,uniform_prior_baseline,,cx0.25_cy0.25_layoutB,,cx0.25_cy0.25_layoutB__gamma_0.1__uniform_prior_baseline,0.6341570180038096,0.8197812677402532,3.39088150744781,21.953306481092156,-18.562424973644347
0.1,diffuse_blur,0.05,cx0.25_cy0.25_layoutB,,cx0.25_cy0.25_layoutB__gamma_0.1__diffuse_blur_js_0.05,0.80837131199717,0.8197812677402532,3.001260081435794,4.142255655744112,-1.140995574308318
0.1,diffuse_blur,0.1,cx0.25_cy0.25_layoutB,,cx0.25_cy0.25_layoutB__gamma_0.1__diffuse_blur_js_0.1,0.7568771318845858,0.8197812677402532,3.3993608422149713,9.689774427781709,-6.290413585566737
0.1,diffuse_blur,0.15,cx0.25_cy0.25_layoutB,,cx0.25_cy0.25_layoutB__gamma_0.1__diffuse_blur_js_0.15,0.6492784147781092,0.8197812677402532,3.449439962098339,20.49972525831274,-17.0502852962144
0.1,spatial_shift,0.05,cx0.25_cy0.25_layoutB,x,cx0.25_cy0.25_layoutB__gamma_0.1__spatial_shift_x_js_0.05,0.736111373083222,0.8197812677402532,1.1257433925065552,9.49273285820967,-8.366989465703115
0.1,spatial_shift,0.1,cx0.25_cy0.25_layoutB,x,cx0.25_cy0.25_layoutB__gamma_0.1__spatial_shift_x_js_0.1,0.6626248094909015,0.8197812677402532,1.54894222847564,17.264588053410808,-15.715645824935168
0.1,spatial_shift,0.15,cx0.25_cy0.25_layoutB,x,cx0.25_cy0.25_layoutB__gamma_0.1__spatial_shift_x_js_0.15,0.6488008036719971,0.8197812677402532,2.2602447650247717,19.358291171850375,-17.098046406825603
0.1,false_hotspot,0.05,cx0.25_cy0.25_layoutB,x,cx0.25_cy0.25_layoutB__gamma_0.1__false_hotspot_x_js_0.05,0.7986307018262322,0.8197812677402532,3.5497093816834453,5.6647659730855375,-2.1150565914020922
0.1,false_hotspot,0.1,cx0.25_cy0.25_layoutB,x,cx0.25_cy0.25_layoutB__gamma_0.1__false_hotspot_x_js_0.1,0.6942266092195845,0.8197812677402532,3.1360994474589807,15.691565299525855,-12.555465852066874
0.1,false_hotspot,0.15,cx0.25_cy0.25_layoutB,x,cx0.25_cy0.25_layoutB__gamma_0.1__false_hotspot_x_js_0.15,0.6508690748148505,0.8197812677402532,2.6508274471932816,19.542046739733554,-16.89121929254027
0.1,false_negative_suppression,0.05,cx0.25_cy0.25_layoutB,x,cx0.25_cy0.25_layoutB__gamma_0.1__false_negative_suppression_x_js_0.05,0.7405923297370689,0.8197812677402532,2.038052451861278,9.956946252179703,-7.9188938003184255
0.1,false_negative_suppression,0.1,cx0.25_cy0.25_layoutB,x,cx0.25_cy0.25_layoutB__gamma_0.1__false_negative_suppression_x_js_0.1,0.7226027859647358,0.8197812677402532,2.400179165298031,12.118027342849764,-9.717848177551733
0.1,false_negative_suppression,0.15,cx0.25_cy0.25_layoutB,x,cx0.25_cy0.25_layoutB__gamma_0.1__false_negative_suppression_x_js_0.15,0.7182474701150959,0.8197812677402532,2.4830985249617457,12.636478287477482,-10.153379762515737
0.1,spatial_shift,0.05,cx0.25_cy0.25_layoutB,y,cx0.25_cy0.25_layoutB__gamma_0.1__spatial_shift_y_js_0.05,0.8451658128347181,0.8197812677402532,9.47794824526552,6.93949373581903,2.538454509446489
0.1,spatial_shift,0.1,cx0.25_cy0.25_layoutB,y,cx0.25_cy0.25_layoutB__gamma_0.1__spatial_shift_y_js_0.1,0.7689044803243181,0.8197812677402532,3.7827823366834936,8.870461078277003,-5.08767874159351
0.1,spatial_shift,0.15,cx0.25_cy0.25_layoutB,y,cx0.25_cy0.25_layoutB__gamma_0.1__spatial_shift_y_js_0.15,0.7312278697099093,0.8197812677402532,3.712791684725056,12.568131487759443,-8.855339803034386
0.1,false_hotspot,0.05,cx0.25_cy0.25_layoutB,y,cx0.25_cy0.25_layoutB__gamma_0.1__false_hotspot_y_js_0.05,0.7669828165317455,0.8197812677402532,4.358407680796288,9.63825280164706,-5.279845120850771
0.1,false_hotspot,0.1,cx0.25_cy0.25_layoutB,y,cx0.25_cy0.25_layoutB__gamma_0.1__false_hotspot_y_js_0.1,0.7235080222855989,0.8197812677402532,4.51306301922989,14.140387564695326,-9.627324545465434
0.1,false_hotspot,0.15,cx0.25_cy0.25_layoutB,y,cx0.25_cy0.25_layoutB__gamma_0.1__false_hotspot_y_js_0.15,0.7054404950967103,0.8197812677402532,5.63164491008084,17.065722174435127,-11.434077264354286
0.1,false_negative_suppression,0.05,cx0.25_cy0.25_layoutB,y,cx0.25_cy0.25_layoutB__gamma_0.1__false_negative_suppression_y_js_0.05,0.6967344865473054,0.8197812677402532,1.3014369134204484,13.606115032715216,-12.304678119294767
0.1,false_negative_suppression,0.1,cx0.25_cy0.25_layoutB,y,cx0.25_cy0.25_layoutB__gamma_0.1__false_negative_suppression_y_js_0.1,0.6512278469600887,0.8197812677402532,1.5636375700464265,18.418979648062876,-16.85534207801645
0.1,false_negative_suppression,0.15,cx0.25_cy0.25_layoutB,y,cx0.25_cy0.25_layoutB__gamma_0.1__false_negative_suppression_y_js_0.15,0.6224895806493471,0.8197812677402532,1.784064794041651,21.513233503132255,-19.729168709090604
0.05,uniform_prior_baseline,,cx0.25_cy0.25_layoutC,,cx0.25_cy0.25_layoutC__gamma_0.05__uniform_prior_baseline,0.666905343357336,0.8751529489161124,4.691566719219358,25.516327275097005,-20.824760555877646
0.05,diffuse_blur,0.05,cx0.25_cy0.25_layoutC,,cx0.25_cy0.25_layoutC__gamma_0.05__diffuse_blur_js_0.05,0.7620315319790206,0.8751529489161124,4.549069009304206,15.861210703013384,-11.31214169370918
0.05,diffuse_blur,0.1,cx0.25_cy0.25_layoutC,,cx0.25_cy0.25_layoutC__gamma_0.05__diffuse_blur_js_0.1,0.7172895796120557,0.8751529489161124,4.138825667011547,19.925162597417216,-15.78633693040567
0.05,diffuse_blur,0.15,cx0.25_cy0.25_layoutC,,cx0.25_cy0.25_layoutC__gamma_0.05__diffuse_blur_js_0.15,0.7005103241085452,0.8751529489161124,4.676985445272108,22.141247926028825,-17.464262480756716
0.05,spatial_shift,0.05,cx0.25_cy0.25_layoutC,x,cx0.25_cy0.25_layoutC__gamma_0.05__spatial_shift_x_js_0.05,0.7356230070061187,0.8751529489161124,5.066822859084588,19.019817050083955,-13.952994190999366
0.05,spatial_shift,0.1,cx0.25_cy0.25_layoutC,x,cx0.25_cy0.25_layoutC__gamma_0.05__spatial_shift_x_js_0.1,0.6711774162303857,0.8751529489161124,4.978864604692473,25.376417873265144,-20.397553268572672
0.05,spatial_shift,0.15,cx0.25_cy0.25_layoutC,x,cx0.25_cy0.25_layoutC__gamma_0.05__spatial_shift_x_js_0.15,0.679206630367397,0.8751529489161124,5.258004199828162,24.852636054699698,-19.594631854871537
0.05,false_hotspot,0.05,cx0.25_cy0.25_layoutC,x,cx0.25_cy0.25_layoutC__gamma_0.05__false_hotspot_x_js_0.05,0.7835503448939884,0.8751529489161124,6.275385551447846,15.435645953660234,-9.160260402212389
0.05,false_hotspot,0.1,cx0.25_cy0.25_layoutC,x,cx0.25_cy0.25_layoutC__gamma_0.05__false_hotspot_x_js_0.1,0.7720547041207657,0.8751529489161124,5.357479249376701,15.667303728911358,-10.309824479534658
0.05,false_hotspot,0.15,cx0.25_cy0.25_layoutC,x,cx0.25_cy0.25_layoutC__gamma_0.05__false_hotspot_x_js_0.15,0.7371445807186305,0.8751529489161124,6.539104125098319,20.339940944846504,-13.800836819748184
0.05,false_negative_suppression,0.05,cx0.25_cy0.25_layoutC,x,cx0.25_cy0.25_layoutC__gamma_0.05__false_negative_suppression_x_js_0.05,0.7143792636437916,0.8751529489161124,3.2829822748703235,19.360350802102417,-16.077368527232093
0.05,false_negative_suppression,0.1,cx0.25_cy0.25_layoutC,x,cx0.25_cy0.25_layoutC__gamma_0.05__false_negative_suppression_x_js_0.1,0.8213640446965842,0.8751529489161124,6.633960852652855,12.012851274605671,-5.378890421952816
0.05,false_negative_suppression,0.15,cx0.25_cy0.25_layoutC,x,cx0.25_cy0.25_layoutC__gamma_0.05__false_negative_suppression_x_js_0.15,0.7872289219987818,0.8751529489161124,3.581079836999359,12.373482528732412,-8.792402691733052
0.05,spatial_shift,0.05,cx0.25_cy0.25_layoutC,y,cx0.25_cy0.25_layoutC__gamma_0.05__spatial_shift_y_js_0.05,0.8579689239067185,0.8751529489161124,6.031107876702985,7.749510377642369,-1.7184025009393835
0.05,spatial_shift,0.1,cx0.25_cy0.25_layoutC,y,cx0.25_cy0.25_layoutC__gamma_0.05__spatial_shift_y_js_0.1,0.8576899658498329,0.8751529489161124,5.416970298792009,7.163268605419961,-1.7462983066279518
0.05,spatial_shift,0.15,cx0.25_cy0.25_layoutC,y,cx0.25_cy0.25_layoutC__gamma_0.05__spatial_shift_y_js_0.15,0.8879272147888984,0.8751529489161124,5.766337081569639,4.488910494291056,1.2774265872785833
0.05,false_hotspot,0.05,cx0.25_cy0.25_layoutC,y,cx0.25_cy0.25_layoutC__gamma_0.05__false_hotspot_y_js_0.05,0.8086817899316651,0.8751529489161124,6.456908013464455,13.104023911909179,-6.647115898444724
0.05,false_hotspot,0.1,cx0.25_cy0.25_layoutC,y,cx0.25_cy0.25_layoutC__gamma_0.05__false_hotspot_y_js_0.1,0.826152883117289,0.8751529489161124,6.624198763289008,11.524205343171351,-4.900006579882343
0.05,false_hotspot,0.15,cx0.25_cy0.25_layoutC,y,cx0.25_cy0.25_layoutC__gamma_0.05__false_hotspot_y_js_0.15,0.8857051032438223,0.8751529489161124,9.431160293856372,8.375944861085378,1.0552154327709946
0.05,false_negative_suppression,0.05,cx0.25_cy0.25_layoutC,y,cx0.25_cy0.25_layoutC__gamma_0.05__false_negative_suppression_y_js_0.05,0.7421480938731002,0.8751529489161124,1.5044373837642702,14.804922888065489,-13.30048550430122
0.05,false_negative_suppression,0.1,cx0.25_cy0.25_layoutC,y,cx0.25_cy0.25_layoutC__gamma_0.05__false_negative_suppression_y_js_0.1,0.7124815524429636,0.8751529489161124,1.5013362440972169,17.768475891412095,-16.267139647314877
0.05,false_negative_suppression,0.15,cx0.25_cy0.25_layoutC,y,cx0.25_cy0.25_layoutC__gamma_0.05__false_negative_suppression_y_js_0.15,0.6885971750970188,0.8751529489161124,2.5004342986181296,21.156011680527488,-18.65557738190936
0.1,uniform_prior_baseline,,cx0.25_cy0.25_layoutC,,cx0.25_cy0.25_layoutC__gamma_0.1__uniform_prior_baseline,0.632210844219388,0.8166945815190139,10.705868551524697,29.15424228148728,-18.448373729962583
0.1,diffuse_blur,0.05,cx0.25_cy0.25_layoutC,,cx0.25_cy0.25_layoutC__gamma_0.1__diffuse_blur_js_0.05,0.7707469616259011,0.8166945815190139,1.7796511411685982,6.374413130479869,-4.594761989311271
0.1,diffuse_blur,0.1,cx0.25_cy0.25_layoutC,,cx0.25_cy0.25_layoutC__gamma_0.1__diffuse_blur_js_0.1,0.7437888594994906,0.8166945815190139,6.685529686268116,13.976101888220438,-7.290572201952322
0.1,diffuse_blur,0.15,cx0.25_cy0.25_layoutC,,cx0.25_cy0.25_layoutC__gamma_0.1__diffuse_blur_js_0.15,0.6443345154656345,0.8166945815190139,10.63027159439629,27.866278199734218,-17.236006605337927
0.1,spatial_shift,0.05,cx0.25_cy0.25_layoutC,x,cx0.25_cy0.25_layoutC__gamma_0.1__spatial_shift_x_js_0.05,0.7635221422700824,0.8166945815190139,8.191336967060929,13.508580891954072,-5.317243924893143
0.1,spatial_shift,0.1,cx0.25_cy0.25_layoutC,x,cx0.25_cy0.25_layoutC__gamma_0.1__spatial_shift_x_js_0.1,0.7026661798321487,0.8166945815190139,8.781315642523737,20.184155811210243,-11.402840168686506
0.1,spatial_shift,0.15,cx0.25_cy0.25_layoutC,x,cx0.25_cy0.25_layoutC__gamma_0.1__spatial_shift_x_js_0.15,0.6741141537492246,0.8166945815190139,8.799547966781999,23.05759074376093,-14.25804277697893
0.1,false_hotspot,0.05,cx0.25_cy0.25_layoutC,x,cx0.25_cy0.25_layoutC__gamma_0.1__false_hotspot_x_js_0.05,0.7880204309486801,0.8166945815190139,6.871161547142608,9.738576604175982,-2.867415057033374
0.1,false_hotspot,0.1,cx0.25_cy0.25_layoutC,x,cx0.25_cy0.25_layoutC__gamma_0.1__false_hotspot_x_js_0.1,0.7019719566803884,0.8166945815190139,8.736630174013944,20.208892657876486,-11.472262483862542
0.1,false_hotspot,0.15,cx0.25_cy0.25_layoutC,x,cx0.25_cy0.25_layoutC__gamma_0.1__false_hotspot_x_js_0.15,0.6583027533839766,0.8166945815190139,9.071830472404105,24.911013285907842,-15.839182813503736
0.1,false_negative_suppression,0.05,cx0.25_cy0.25_layoutC,x,cx0.25_cy0.25_layoutC__gamma_0.1__false_negative_suppression_x_js_0.05,0.802494225707049,0.8166945815190139,8.196789938997012,9.616825520193492,-1.4200355811964798
0.1,false_negative_suppression,0.1,cx0.25_cy0.25_layoutC,x,cx0.25_cy0.25_layoutC__gamma_0.1__false_negative_suppression_x_js_0.1,0.7965608250100338,0.8166945815190139,8.96171075597797,10.975086406875981,-2.013375650898011
0.1,false_negative_suppression,0.15,cx0.25_cy0.25_layoutC,x,cx0.25_cy0.25_layoutC__gamma_0.1__false_negative_suppression_x_js_0.15,0.7919880430481568,0.8166945815190139,9.326179393366353,11.79683324045206,-2.470653847085707
0.1,spatial_shift,0.05,cx0.25_cy0.25_layoutC,y,cx0.25_cy0.25_layoutC__gamma_0.1__spatial_shift_y_js_0.05,0.873577384209639,0.8166945815190139,9.94363086583695,4.255350596774423,5.688280269062527
0.1,spatial_shift,0.1,cx0.25_cy0.25_layoutC,y,cx0.25_cy0.25_layoutC__gamma_0.1__spatial_shift_y_js_0.1,0.8147669294143425,0.8166945815190139,12.228476008437587,12.421241218904727,-0.19276521046714024
0.1,false_hotspot,0.05,cx0.25_cy0.25_layoutC,y,cx0.25_cy0.25_layoutC__gamma_0.1__false_hotspot_y_js_0.05,0.8708280836999793,0.8166945815190139,9.478345553963795,4.064995335867254,5.413350218096541
0.1,false_hotspot,0.1,cx0.25_cy0.25_layoutC,y,cx0.25_cy0.25_layoutC__gamma_0.1__false_hotspot_y_js_0.1,0.8082391504415689,0.8166945815190139,12.15745603526009,13.002999143004581,-0.8455431077444917
0.1,false_hotspot,0.15,cx0.25_cy0.25_layoutC,y,cx0.25_cy0.25_layoutC__gamma_0.1__false_hotspot_y_js_0.15,0.7454222591967076,0.8166945815190139,12.250428471961214,19.37766070419185,-7.127232232230636
0.1,false_negative_suppression,0.05,cx0.25_cy0.25_layoutC,y,cx0.25_cy0.25_layoutC__gamma_0.1__false_negative_suppression_y_js_0.05,0.7667844463777388,0.8166945815190139,8.469415922304837,13.460429436432339,-4.991013514127502
0.1,false_negative_suppression,0.1,cx0.25_cy0.25_layoutC,y,cx0.25_cy0.25_layoutC__gamma_0.1__false_negative_suppression_y_js_0.1,0.6842161848011976,0.8166945815190139,7.993946924062014,21.241786595843624,-13.24783967178161
0.1,false_negative_suppression,0.15,cx0.25_cy0.25_layoutC,y,cx0.25_cy0.25_layoutC__gamma_0.1__false_negative_suppression_y_js_0.15,0.6371816548133098,0.8166945815190139,7.5650253158211225,25.516317986391524,-17.951292670570403
0.05,uniform_prior_baseline,,cx0.25_cy0.75_layoutA,,cx0.25_cy0.75_layoutA__gamma_0.05__uniform_prior_baseline,0.4806752429624427,0.8865725505688045,2.584579484411858,43.17431024504802,-40.58973076063616
0.05,diffuse_blur,0.05,cx0.25_cy0.75_layoutA,,cx0.25_cy0.75_layoutA__gamma_0.05__diffuse_blur_js_0.05,0.7374195471263735,0.8865725505688045,1.3496058878083785,16.26490623205147,-14.915300344243091
0.05,diffuse_blur,0.1,cx0.25_cy0.75_layoutA,,cx0.25_cy0.75_layoutA__gamma_0.05__diffuse_blur_js_0.1,0.7356951241040044,0.8865725505688045,1.2707385363048564,16.358481182784846,-15.08774264647999
0.05,diffuse_blur,0.15,cx0.25_cy0.75_layoutA,,cx0.25_cy0.75_layoutA__gamma_0.05__diffuse_blur_js_0.15,0.6352321298122993,0.8865725505688045,2.098375936720313,27.232418012370825,-25.134042075650513
0.05,spatial_shift,0.05,cx0.25_cy0.75_layoutA,x,cx0.25_cy0.75_layoutA__gamma_0.05__spatial_shift_x_js_0.05,0.8905510283898892,0.8865725505688045,2.3502636576388913,1.9524158755304195,0.3978477821084718
0.05,spatial_shift,0.1,cx0.25_cy0.75_layoutA,x,cx0.25_cy0.75_layoutA__gamma_0.05__spatial_shift_x_js_0.1,0.8926573078032107,0.8865725505688045,2.829122643914795,2.2206469204741546,0.6084757234406406
0.05,spatial_shift,0.15,cx0.25_cy0.75_layoutA,x,cx0.25_cy0.75_layoutA__gamma_0.05__spatial_shift_x_js_0.15,0.861932974277668,0.8865725505688045,3.0374707980844478,5.501428427198088,-2.4639576291136405
0.05,false_hotspot,0.05,cx0.25_cy0.75_layoutA,x,cx0.25_cy0.75_layoutA__gamma_0.05__false_hotspot_x_js_0.05,0.8246847651386151,0.8865725505688045,2.9824002228975006,9.171178765916427,-6.188778543018926
0.05,false_hotspot,0.1,cx0.25_cy0.75_layoutA,x,cx0.25_cy0.75_layoutA__gamma_0.05__false_hotspot_x_js_0.1,0.7571717141224577,0.8865725505688045,1.8133439759717473,14.753427620606413,-12.940083644634665
0.05,false_hotspot,0.15,cx0.25_cy0.75_layoutA,x,cx0.25_cy0.75_layoutA__gamma_0.05__false_hotspot_x_js_0.15,0.6501594960416082,0.8865725505688045,1.933686434774676,25.574991887494303,-23.641305452719628
0.05,false_negative_suppression,0.05,cx0.25_cy0.75_layoutA,x,cx0.25_cy0.75_layoutA__gamma_0.05__false_negative_suppression_x_js_0.05,0.7116978698484905,0.8865725505688045,1.4883275576875599,18.97579562971895,-17.48746807203139
0.05,false_negative_suppression,0.1,cx0.25_cy0.75_layoutA,x,cx0.25_cy0.75_layoutA__gamma_0.05__false_negative_suppression_x_js_0.1,0.7594764105626735,0.8865725505688045,0.7906558861095816,13.500269886722666,-12.709614000613085
0.05,false_negative_suppression,0.15,cx0.25_cy0.75_layoutA,x,cx0.25_cy0.75_layoutA__gamma_0.05__false_negative_suppression_x_js_0.15,0.8263547775376356,0.8865725505688045,1.4032447120395037,7.425022015156375,-6.021777303116871
0.05,spatial_shift,0.05,cx0.25_cy0.75_layoutA,y,cx0.25_cy0.75_layoutA__gamma_0.05__spatial_shift_y_js_0.05,0.8168384399115884,0.8865725505688045,2.2535968941850366,9.227007959906631,-6.973411065721594
0.05,spatial_shift,0.1,cx0.25_cy0.75_layoutA,y,cx0.25_cy0.75_layoutA__gamma_0.05__spatial_shift_y_js_0.1,0.7870663382947263,0.8865725505688045,2.9812842722795905,12.931905499687382,-9.95062122740779
0.05,spatial_shift,0.15,cx0.25_cy0.75_layoutA,y,cx0.25_cy0.75_layoutA__gamma_0.05__spatial_shift_y_js_0.15,0.7435117880345505,0.8865725505688045,3.3600521715723044,17.666128424997684,-14.30607625342538
0.05,false_hotspot,0.05,cx0.25_cy0.75_layoutA,y,cx0.25_cy0.75_layoutA__gamma_0.05__false_hotspot_y_js_0.05,0.6379239649006222,0.8865725505688045,2.0197283835825908,26.884586950400806,-24.864858566818214
0.05,false_hotspot,0.1,cx0.25_cy0.75_layoutA,y,cx0.25_cy0.75_layoutA__gamma_0.05__false_hotspot_y_js_0.1,0.5393643581329483,0.8865725505688045,2.3715191428385753,37.092338386424196,-34.72081924358562
0.05,false_hotspot,0.15,cx0.25_cy0.75_layoutA,y,cx0.25_cy0.75_layoutA__gamma_0.05__false_hotspot_y_js_0.15,0.573381675828389,0.8865725505688045,2.7031843335685646,34.0222718076101,-31.319087474041538
0.05,false_negative_suppression,0.05,cx0.25_cy0.75_layoutA,y,cx0.25_cy0.75_layoutA__gamma_0.05__false_negative_suppression_y_js_0.05,0.7733493161950165,0.8865725505688045,1.1408074500693166,12.46313088744811,-11.322323437378792
0.05,false_negative_suppression,0.1,cx0.25_cy0.75_layoutA,y,cx0.25_cy0.75_layoutA__gamma_0.05__false_negative_suppression_y_js_0.1,0.8106994396395566,0.8865725505688045,1.5665167045507757,9.153827797475552,-7.587311092924776
0.05,false_negative_suppression,0.15,cx0.25_cy0.75_layoutA,y,cx0.25_cy0.75_layoutA__gamma_0.05__false_negative_suppression_y_js_0.15,0.8146499889040384,0.8865725505688045,1.9090938415573921,9.101350008033995,-7.192256166476603
0.1,uniform_prior_baseline,,cx0.25_cy0.75_layoutA,,cx0.25_cy0.75_layoutA__gamma_0.1__uniform_prior_baseline,0.44296372649936916,0.8397191814297007,3.0486180863731933,42.724163579406344,-39.67554549303315
0.1,diffuse_blur,0.05,cx0.25_cy0.75_layoutA,,cx0.25_cy0.75_layoutA__gamma_0.1__diffuse_blur_js_0.05,0.7378240918831342,0.8397191814297007,1.2787290565254432,11.468238011182084,-10.189508954656642
0.1,diffuse_blur,0.1,cx0.25_cy0.75_layoutA,,cx0.25_cy0.75_layoutA__gamma_0.1__diffuse_blur_js_0.1,0.7453604570078418,0.8397191814297007,1.562758228080285,10.998630670266172,-9.435872442185886
0.1,diffuse_blur,0.15,cx0.25_cy0.75_layoutA,,cx0.25_cy0.75_layoutA__gamma_0.1__diffuse_blur_js_0.15,0.6784597715882951,0.8397191814297007,2.014094965273544,18.140035949414113,-16.12594098414057
0.1,spatial_shift,0.05,cx0.25_cy0.75_layoutA,x,cx0.25_cy0.75_layoutA__gamma_0.1__spatial_shift_x_js_0.05,0.8853840307892002,0.8397191814297007,5.679949983326902,1.1134650473769334,4.566484935949969
0.1,spatial_shift,0.1,cx0.25_cy0.75_layoutA,x,cx0.25_cy0.75_layoutA__gamma_0.1__spatial_shift_x_js_0.1,0.8624310798763808,0.8397191814297007,6.5211834531108055,4.249993608442788,2.271189844668018
0.1,spatial_shift,0.15,cx0.25_cy0.75_layoutA,x,cx0.25_cy0.75_layoutA__gamma_0.1__spatial_shift_x_js_0.15,0.8021822116140789,0.8397191814297007,6.960262463159625,10.71395944472181,-3.753696981562186
0.1,false_hotspot,0.05,cx0.25_cy0.75_layoutA,x,cx0.25_cy0.75_layoutA__gamma_0.1__false_hotspot_x_js_0.05,0.7705412666673879,0.8397191814297007,1.6485121415107218,8.566303617742005,-6.917791476231283
0.1,false_hotspot,0.1,cx0.25_cy0.75_layoutA,x,cx0.25_cy0.75_layoutA__gamma_0.1__false_hotspot_x_js_0.1,0.7725994849841175,0.8397191814297007,2.6721254817297218,9.384095126288038,-6.711969644558316
0.1,false_hotspot,0.15,cx0.25_cy0.75_layoutA,x,cx0.25_cy0.75_layoutA__gamma_0.1__false_hotspot_x_js_0.15,0.5656226567964697,0.8397191814297007,5.562001312851188,32.97165377617428,-27.40965246332309
0.1,false_negative_suppression,0.05,cx0.25_cy0.75_layoutA,x,cx0.25_cy0.75_layoutA__gamma_0.1__false_negative_suppression_x_js_0.05,0.7054929505051697,0.8397191814297007,0.594824488561904,14.017447581015006,-13.422623092453101
0.1,false_negative_suppression,0.1,cx0.25_cy0.75_layoutA,x,cx0.25_cy0.75_layoutA__gamma_0.1__false_negative_suppression_x_js_0.1,0.6876651219332806,0.8397191814297007,0.6621912347700964,15.867597184412114,-15.205405949642017
0.1,false_negative_suppression,0.15,cx0.25_cy0.75_layoutA,x,cx0.25_cy0.75_layoutA__gamma_0.1__false_negative_suppression_x_js_0.15,0.6536863600032992,0.8397191814297007,0.7002835187485781,19.30356566138873,-18.603282142640154
0.1,spatial_shift,0.05,cx0.25_cy0.75_layoutA,y,cx0.25_cy0.75_layoutA__gamma_0.1__spatial_shift_y_js_0.05,0.8291229566444571,0.8397191814297007,2.1412484753365297,3.2008709538608855,-1.0596224785243558
0.1,spatial_shift,0.1,cx0.25_cy0.75_layoutA,y,cx0.25_cy0.75_layoutA__gamma_0.1__spatial_shift_y_js_0.1,0.8050365141525854,0.8397191814297007,2.7312290831546746,6.199495810866196,-3.4682667277115216
0.1,spatial_shift,0.15,cx0.25_cy0.75_layoutA,y,cx0.25_cy0.75_layoutA__gamma_0.1__spatial_shift_y_js_0.15,0.7402244568635026,0.8397191814297007,2.3702565832634424,12.319729039883244,-9.949472456619802
0.1,false_hotspot,0.05,cx0.25_cy0.75_layoutA,y,cx0.25_cy0.75_layoutA__gamma_0.1__false_hotspot_y_js_0.05,0.7407806019906501,0.8397191814297007,0.594824488561904,10.488682432466948,-9.893857943905044
0.1,false_hotspot,0.1,cx0.25_cy0.75_layoutA,y,cx0.25_cy0.75_layoutA__gamma_0.1__false_hotspot_y_js_0.1,0.6189744255152514,0.8397191814297007,0.3983695922085982,22.472845183653536,-22.074475591444937
0.1,false_hotspot,0.15,cx0.25_cy0.75_layoutA,y,cx0.25_cy0.75_layoutA__gamma_0.1__false_hotspot_y_js_0.15,0.5262969932644441,0.8397191814297007,1.2653406762933788,32.60755949281903,-31.34221881652565
0.1,false_negative_suppression,0.05,cx0.25_cy0.75_layoutA,y,cx0.25_cy0.75_layoutA__gamma_0.1__false_negative_suppression_y_js_0.05,0.7541609292251457,0.8397191814297007,1.618443217036361,10.174268437491861,-8.5558252204555
0.1,false_negative_suppression,0.1,cx0.25_cy0.75_layoutA,y,cx0.25_cy0.75_layoutA__gamma_0.1__false_negative_suppression_y_js_0.1,0.7494141387597733,0.8397191814297007,1.9149810658811783,10.945485332873908,-9.030504266992729
0.1,false_negative_suppression,0.15,cx0.25_cy0.75_layoutA,y,cx0.25_cy0.75_layoutA__gamma_0.1__false_negative_suppression_y_js_0.15,0.753721715301712,0.8397191814297007,2.4389486017166178,11.038695214515483,-8.599746612798866
0.05,uniform_prior_baseline,,cx0.25_cy0.75_layoutB,,cx0.25_cy0.75_layoutB__gamma_0.05__uniform_prior_baseline,0.4624237737375839,0.8917490484808746,3.670088000460058,46.60261547478913,-42.93252747432908
0.05,diffuse_blur,0.05,cx0.25_cy0.75_layoutB,,cx0.25_cy0.75_layoutB__gamma_0.05__diffuse_blur_js_0.05,0.8743793261009418,0.8917490484808746,5.557540035637884,7.2945122736311765,-1.7369722379932924
0.05,diffuse_blur,0.1,cx0.25_cy0.75_layoutB,,cx0.25_cy0.75_layoutB__gamma_0.05__diffuse_blur_js_0.1,0.7334540744508484,0.8917490484808746,5.256553033394986,21.08605043639762,-15.829497403002634
0.05,diffuse_blur,0.15,cx0.25_cy0.75_layoutB,,cx0.25_cy0.75_layoutB__gamma_0.05__diffuse_blur_js_0.15,0.6158323556248497,0.8917490484808746,4.547430037005781,32.139099322608274,-27.591669285602492
0.05,spatial_shift,0.05,cx0.25_cy0.75_layoutB,x,cx0.25_cy0.75_layoutB__gamma_0.05__spatial_shift_x_js_0.05,0.9372129720860233,0.8917490484808746,5.409345691463923,0.862953330949061,4.5463923605148615
0.05,spatial_shift,0.1,cx0.25_cy0.75_layoutB,x,cx0.25_cy0.75_layoutB__gamma_0.05__spatial_shift_x_js_0.1,0.8434237763996344,0.8917490484808746,5.409388271900238,10.241915480024275,-4.832527208124037
0.05,spatial_shift,0.15,cx0.25_cy0.75_layoutB,x,cx0.25_cy0.75_layoutB__gamma_0.05__spatial_shift_x_js_0.15,0.8472467641813859,0.8917490484808746,5.409388271900238,9.859616701849118,-4.45022842994888
0.05,false_hotspot,0.05,cx0.25_cy0.75_layoutB,x,cx0.25_cy0.75_layoutB__gamma_0.05__false_hotspot_x_js_0.05,0.9276150797733038,0.8917490484808746,5.515071461352923,1.9284683321100158,3.5866031292429073
0.05,false_hotspot,0.1,cx0.25_cy0.75_layoutB,x,cx0.25_cy0.75_layoutB__gamma_0.05__false_hotspot_x_js_0.1,0.782256848739274,0.8917490484808746,5.4405122363505365,16.38973221051061,-10.949219974160073
0.05,false_hotspot,0.15,cx0.25_cy0.75_layoutB,x,cx0.25_cy0.75_layoutB__gamma_0.05__false_hotspot_x_js_0.15,0.6261398163005576,0.8917490484808746,4.532201655214897,31.093124873246612,-26.560923218031714
0.05,false_negative_suppression,0.05,cx0.25_cy0.75_layoutB,x,cx0.25_cy0.75_layoutB__gamma_0.05__false_negative_suppression_x_js_0.05,0.9337783238466378,0.8917490484808746,5.816080137668746,1.6131526010924178,4.202927536576328
0.05,false_negative_suppression,0.1,cx0.25_cy0.75_layoutB,x,cx0.25_cy0.75_layoutB__gamma_0.05__false_negative_suppression_x_js_0.1,0.8783813013819276,0.8917490484808746,5.6614405434094355,6.998215253304137,-1.3367747098947014
0.05,false_negative_suppression,0.15,cx0.25_cy0.75_layoutB,x,cx0.25_cy0.75_layoutB__gamma_0.05__false_negative_suppression_x_js_0.15,0.8664580882749745,0.8917490484808746,2.87325150388351,5.402347524473531,-2.5290960205900213
0.05,spatial_shift,0.05,cx0.25_cy0.75_layoutB,y,cx0.25_cy0.75_layoutB__gamma_0.05__spatial_shift_y_js_0.05,0.9260197660998668,0.8917490484808746,5.791635729882839,2.3645639679836252,3.4270717618992137
0.05,spatial_shift,0.1,cx0.25_cy0.75_layoutB,y,cx0.25_cy0.75_layoutB__gamma_0.05__spatial_shift_y_js_0.1,0.9186929486042805,0.8917490484808746,5.579605332487528,2.885215320146945,2.694390012340583
0.05,spatial_shift,0.15,cx0.25_cy0.75_layoutB,y,cx0.25_cy0.75_layoutB__gamma_0.05__spatial_shift_y_js_0.15,0.9331561309004539,0.8917490484808746,5.89534143429359,1.7546331923356597,4.14070824195793
0.05,false_hotspot,0.05,cx0.25_cy0.75_layoutB,y,cx0.25_cy0.75_layoutB__gamma_0.05__false_hotspot_y_js_0.05,0.8352035012071284,0.8917490484808746,5.803519526764914,11.458074254139536,-5.654554727374622
0.05,false_hotspot,0.1,cx0.25_cy0.75_layoutB,y,cx0.25_cy0.75_layoutB__gamma_0.05__false_hotspot_y_js_0.1,0.8607665377188742,0.8917490484808746,7.852585793393637,10.950836869593674,-3.098251076200037
0.05,false_hotspot,0.15,cx0.25_cy0.75_layoutB,y,cx0.25_cy0.75_layoutB__gamma_0.05__false_hotspot_y_js_0.15,0.881610261292966,0.8917490484808746,8.099311205786714,9.113189924577577,-1.0138787187908633
0.05,false_negative_suppression,0.05,cx0.25_cy0.75_layoutB,y,cx0.25_cy0.75_layoutB__gamma_0.05__false_negative_suppression_y_js_0.05,0.7490618951448391,0.8917490484808746,3.603820804460655,17.872536138064202,-14.268715333603547
0.05,false_negative_suppression,0.1,cx0.25_cy0.75_layoutB,y,cx0.25_cy0.75_layoutB__gamma_0.05__false_negative_suppression_y_js_0.1,0.875134130569964,0.8917490484808746,5.5009765669694035,7.162468358060458,-1.6614917910910547
0.05,false_negative_suppression,0.15,cx0.25_cy0.75_layoutB,y,cx0.25_cy0.75_layoutB__gamma_0.05__false_negative_suppression_y_js_0.15,0.8537011375473478,0.8917490484808746,5.485683516802859,9.290474610155558,-3.8047910933526987
0.1,uniform_prior_baseline,,cx0.25_cy0.75_layoutB,,cx0.25_cy0.75_layoutB__gamma_0.1__uniform_prior_baseline,0.3685225108876255,0.8034025548804454,12.42814410221437,55.91614850149635,-43.488004399281984
0.1,diffuse_blur,0.05,cx0.25_cy0.75_layoutB,,cx0.25_cy0.75_layoutB__gamma_0.1__diffuse_blur_js_0.05,0.8817741830209158,0.8034025548804454,14.058089498469878,6.220926684422837,7.837162814047041
0.1,diffuse_blur,0.1,cx0.25_cy0.75_layoutB,,cx0.25_cy0.75_layoutB__gamma_0.1__diffuse_blur_js_0.1,0.669576864528997,0.8034025548804454,14.206165403843446,27.588734438988283,-13.382569035144837
0.1,diffuse_blur,0.15,cx0.25_cy0.75_layoutB,,cx0.25_cy0.75_layoutB__gamma_0.1__diffuse_blur_js_0.15,0.5395458575096954,0.8034025548804454,14.250248585968148,40.63591832304315,-26.385669737075002
0.1,spatial_shift,0.05,cx0.25_cy0.75_layoutB,x,cx0.25_cy0.75_layoutB__gamma_0.1__spatial_shift_x_js_0.05,0.8819334917913869,0.8034025548804454,14.092548102725297,6.239454411631154,7.853093691094143
0.1,spatial_shift,0.1,cx0.25_cy0.75_layoutB,x,cx0.25_cy0.75_layoutB__gamma_0.1__spatial_shift_x_js_0.1,0.8488628370282782,0.8034025548804454,14.028686545503557,9.482658330720255,4.546028214783302
0.1,spatial_shift,0.15,cx0.25_cy0.75_layoutB,x,cx0.25_cy0.75_layoutB__gamma_0.1__spatial_shift_x_js_0.15,0.8006108269204015,0.8034025548804454,14.190339417356162,14.46951221336055,-0.2791727960043886
0.1,false_hotspot,0.05,cx0.25_cy0.75_layoutB,x,cx0.25_cy0.75_layoutB__gamma_0.1__false_hotspot_x_js_0.05,0.8820912053087671,0.8034025548804454,14.058088250445364,6.189223207613187,7.8688650428321765
0.1,false_hotspot,0.1,cx0.25_cy0.75_layoutB,x,cx0.25_cy0.75_layoutB__gamma_0.1__false_hotspot_x_js_0.1,0.8895450705366621,0.8034025548804454,14.205032817167956,5.590781251546285,8.614251565621672
0.1,false_hotspot,0.15,cx0.25_cy0.75_layoutB,x,cx0.25_cy0.75_layoutB__gamma_0.1__false_hotspot_x_js_0.15,0.7653273546400349,0.8034025548804454,14.26829361540756,18.075813639448622,-3.8075200240410627
0.1,false_negative_suppression,0.05,cx0.25_cy0.75_layoutB,x,cx0.25_cy0.75_layoutB__gamma_0.1__false_negative_suppression_x_js_0.05,0.8849701424039398,0.8034025548804454,14.116431274750962,5.959672522401533,8.156758752349429
0.1,false_negative_suppression,0.1,cx0.25_cy0.75_layoutB,x,cx0.25_cy0.75_layoutB__gamma_0.1__false_negative_suppression_x_js_0.1,0.8799796730823539,0.8034025548804454,14.228863237884367,6.571151417693505,7.657711820190862
0.1,false_negative_suppression,0.15,cx0.25_cy0.75_layoutB,x,cx0.25_cy0.75_layoutB__gamma_0.1__false_negative_suppression_x_js_0.15,0.873113719373086,0.8034025548804454,14.272942897828166,7.301826448564102,6.9711164492640645
0.1,spatial_shift,0.05,cx0.25_cy0.75_layoutB,y,cx0.25_cy0.75_layoutB__gamma_0.1__spatial_shift_y_js_0.05,0.8793544930966004,0.8034025548804454,14.315764440955608,6.720570619340109,7.595193821615498
0.1,spatial_shift,0.15,cx0.25_cy0.75_layoutB,y,cx0.25_cy0.75_layoutB__gamma_0.1__spatial_shift_y_js_0.15,0.5046247687694787,0.8034025548804454,12.690721732322682,42.56850034341936,-29.877778611096677
0.1,false_hotspot,0.05,cx0.25_cy0.75_layoutB,y,cx0.25_cy0.75_layoutB__gamma_0.1__false_hotspot_y_js_0.05,0.8642234663854269,0.8034025548804454,14.131128422450864,8.049037271952718,6.082091150498146
0.1,false_hotspot,0.1,cx0.25_cy0.75_layoutB,y,cx0.25_cy0.75_layoutB__gamma_0.1__false_hotspot_y_js_0.1,0.7298259138800635,0.8034025548804454,14.155902650252383,21.51356675029058,-7.357664100038196
0.1,false_hotspot,0.15,cx0.25_cy0.75_layoutB,y,cx0.25_cy0.75_layoutB__gamma_0.1__false_hotspot_y_js_0.15,0.6772562362174784,0.8034025548804454,11.931684514278867,24.54631638057557,-12.614631866296701
0.1,false_negative_suppression,0.05,cx0.25_cy0.75_layoutB,y,cx0.25_cy0.75_layoutB__gamma_0.1__false_negative_suppression_y_js_0.05,0.8793227716865819,0.8034025548804454,14.07278232554435,6.4807606449307,7.592021680613651
0.1,false_negative_suppression,0.1,cx0.25_cy0.75_layoutB,y,cx0.25_cy0.75_layoutB__gamma_0.1__false_negative_suppression_y_js_0.1,0.8465573741207751,0.8034025548804454,14.220860849313594,9.905378925280617,4.3154819240329765
0.1,false_negative_suppression,0.15,cx0.25_cy0.75_layoutB,y,cx0.25_cy0.75_layoutB__gamma_0.1__false_negative_suppression_y_js_0.15,0.8000960270771207,0.8034025548804454,13.914631956090268,14.245284736422741,-0.33065278033247303
0.05,uniform_prior_baseline,,cx0.25_cy0.75_layoutC,,cx0.25_cy0.75_layoutC__gamma_0.05__uniform_prior_baseline,0.4582508883072793,0.9438541284418073,1.7578136081930404,50.31813762164584,-48.5603240134528
0.05,diffuse_blur,0.05,cx0.25_cy0.75_layoutC,,cx0.25_cy0.75_layoutC__gamma_0.05__diffuse_blur_js_0.05,0.8482620990961245,0.9438541284418073,1.5228316507616977,11.082034585329978,-9.559202934568281
0.05,diffuse_blur,0.1,cx0.25_cy0.75_layoutC,,cx0.25_cy0.75_layoutC__gamma_0.05__diffuse_blur_js_0.1,0.7105441711090097,0.9438541284418073,1.812799023298839,25.143794756578604,-23.330995733279764
0.05,diffuse_blur,0.15,cx0.25_cy0.75_layoutC,,cx0.25_cy0.75_layoutC__gamma_0.05__diffuse_blur_js_0.15,0.5904234901913846,0.9438541284418073,1.7776836705188246,37.12074749556109,-35.343063825042265
0.05,spatial_shift,0.05,cx0.25_cy0.75_layoutC,x,cx0.25_cy0.75_layoutC__gamma_0.05__spatial_shift_x_js_0.05,0.9469266818181585,0.9438541284418073,0.7657720214865193,0.4585166838513942,0.30725533763512514
0.05,spatial_shift,0.1,cx0.25_cy0.75_layoutC,x,cx0.25_cy0.75_layoutC__gamma_0.05__spatial_shift_x_js_0.1,0.9270025024847498,0.9438541284418073,1.141460370761589,2.8266229664673346,-1.6851625957057457
0.05,spatial_shift,0.15,cx0.25_cy0.75_layoutC,x,cx0.25_cy0.75_layoutC__gamma_0.05__spatial_shift_x_js_0.15,0.834110430625713,0.9438541284418073,1.8422102801203293,12.816580061729749,-10.974369781609418
0.05,false_hotspot,0.05,cx0.25_cy0.75_layoutC,x,cx0.25_cy0.75_layoutC__gamma_0.05__false_hotspot_x_js_0.05,0.9281378014049798,0.9438541284418073,1.3376921067744363,2.909324810457184,-1.5716327036827475
0.05,false_hotspot,0.1,cx0.25_cy0.75_layoutC,x,cx0.25_cy0.75_layoutC__gamma_0.05__false_hotspot_x_js_0.1,0.7721350649079732,0.9438541284418073,1.2541096312178905,18.42601598460129,-17.1719063533834
0.05,false_hotspot,0.15,cx0.25_cy0.75_layoutC,x,cx0.25_cy0.75_layoutC__gamma_0.05__false_hotspot_x_js_0.15,0.6406851659829951,0.9438541284418073,1.3199707921862436,31.63686703806747,-30.316896245881228
0.05,false_negative_suppression,0.05,cx0.25_cy0.75_layoutC,x,cx0.25_cy0.75_layoutC__gamma_0.05__false_negative_suppression_x_js_0.05,0.8978012324867135,0.9438541284418073,0.8669346845303868,5.4722242800397725,-4.605289595509386
0.05,false_negative_suppression,0.1,cx0.25_cy0.75_layoutC,x,cx0.25_cy0.75_layoutC__gamma_0.05__false_negative_suppression_x_js_0.1,0.9278512076415135,0.9438541284418073,1.6426801431229425,3.2429722231523357,-1.6002920800293932
0.05,false_negative_suppression,0.15,cx0.25_cy0.75_layoutC,x,cx0.25_cy0.75_layoutC__gamma_0.05__false_negative_suppression_x_js_0.15,0.876639776116614,0.9438541284418073,1.8210658093660963,8.542501041885428,-6.721435232519331
0.05,spatial_shift,0.05,cx0.25_cy0.75_layoutC,y,cx0.25_cy0.75_layoutC__gamma_0.05__spatial_shift_y_js_0.05,0.9099690649988986,0.9438541284418073,0.7702273325844092,4.158733676875279,-3.38850634429087
0.05,spatial_shift,0.1,cx0.25_cy0.75_layoutC,y,cx0.25_cy0.75_layoutC__gamma_0.05__spatial_shift_y_js_0.1,0.8902299055259876,0.9438541284418073,0.9193245624615369,6.281746854043502,-5.362422291581964
0.05,spatial_shift,0.15,cx0.25_cy0.75_layoutC,y,cx0.25_cy0.75_layoutC__gamma_0.05__spatial_shift_y_js_0.15,0.924740351923054,0.9438541284418073,0.9747478798181944,2.886125531693526,-1.9113776518753314
0.05,false_hotspot,0.05,cx0.25_cy0.75_layoutC,y,cx0.25_cy0.75_layoutC__gamma_0.05__false_hotspot_y_js_0.05,0.9426698795750039,0.9438541284418073,0.7972250764199381,0.9156499631002843,-0.11842488668034623
0.05,false_hotspot,0.1,cx0.25_cy0.75_layoutC,y,cx0.25_cy0.75_layoutC__gamma_0.05__false_hotspot_y_js_0.1,0.9296007622608692,0.9438541284418073,2.439418072863986,3.864754690957803,-1.4253366180938172
0.05,false_hotspot,0.15,cx0.25_cy0.75_layoutC,y,cx0.25_cy0.75_layoutC__gamma_0.05__false_hotspot_y_js_0.15,0.8998762846457773,0.9438541284418073,3.3939301908373873,7.791714570440387,-4.397784379602999
0.05,false_negative_suppression,0.05,cx0.25_cy0.75_layoutC,y,cx0.25_cy0.75_layoutC__gamma_0.05__false_negative_suppression_y_js_0.05,0.8838225057560787,0.9438541284418073,1.4629203188494113,7.466082587422269,-6.003162268572858
0.05,false_negative_suppression,0.15,cx0.25_cy0.75_layoutC,y,cx0.25_cy0.75_layoutC__gamma_0.05__false_negative_suppression_y_js_0.15,0.7838198798097644,0.9438541284418073,1.8797035581231212,17.883128421327417,-16.003424863204295
0.1,uniform_prior_baseline,,cx0.25_cy0.75_layoutC,,cx0.25_cy0.75_layoutC__gamma_0.1__uniform_prior_baseline,0.28140858658143564,0.9224177045644054,3.8376808134790115,67.93859261177597,-64.10091179829696
0.1,diffuse_blur,0.05,cx0.25_cy0.75_layoutC,,cx0.25_cy0.75_layoutC__gamma_0.1__diffuse_blur_js_0.05,0.8050846137207699,0.9224177045644054,3.75025556005123,15.483564644414788,-11.733309084363558
0.1,diffuse_blur,0.1,cx0.25_cy0.75_layoutC,,cx0.25_cy0.75_layoutC__gamma_0.1__diffuse_blur_js_0.1,0.6039003089570222,0.9224177045644054,3.761940427857993,35.613679988596324,-31.85173956073833
0.1,diffuse_blur,0.15,cx0.25_cy0.75_layoutC,,cx0.25_cy0.75_layoutC__gamma_0.1__diffuse_blur_js_0.15,0.4452466690573963,0.9224177045644054,3.8225236262332665,51.539627176934175,-47.71710355070091
0.1,spatial_shift,0.05,cx0.25_cy0.75_layoutC,x,cx0.25_cy0.75_layoutC__gamma_0.1__spatial_shift_x_js_0.05,0.7536957897564587,0.9224177045644054,3.750315149216791,20.62250663001147,-16.872191480794676
0.1,spatial_shift,0.15,cx0.25_cy0.75_layoutC,x,cx0.25_cy0.75_layoutC__gamma_0.1__spatial_shift_x_js_0.15,0.7123866734948524,0.9224177045644054,3.7467625102157744,24.749865617171064,-21.00310310695529
0.1,false_hotspot,0.05,cx0.25_cy0.75_layoutC,x,cx0.25_cy0.75_layoutC__gamma_0.1__false_hotspot_x_js_0.05,0.785686912065843,0.9224177045644054,3.795858872138292,17.46893812199453,-13.673079249856237
0.1,false_hotspot,0.1,cx0.25_cy0.75_layoutC,x,cx0.25_cy0.75_layoutC__gamma_0.1__false_hotspot_x_js_0.1,0.8328080821117281,0.9224177045644054,3.7119257124601144,12.672887957727852,-8.960962245267737
0.1,false_hotspot,0.15,cx0.25_cy0.75_layoutC,x,cx0.25_cy0.75_layoutC__gamma_0.1__false_hotspot_x_js_0.15,0.6663853002975255,0.9224177045644054,3.4797117127831636,29.082952139471157,-25.603240426687993
0.1,false_negative_suppression,0.05,cx0.25_cy0.75_layoutC,x,cx0.25_cy0.75_layoutC__gamma_0.1__false_negative_suppression_x_js_0.05,0.8672873102584282,0.9224177045644054,3.7736353975554997,9.286674828153227,-5.513039430597727
0.1,false_negative_suppression,0.1,cx0.25_cy0.75_layoutC,x,cx0.25_cy0.75_layoutC__gamma_0.1__false_negative_suppression_x_js_0.1,0.8397653775179725,0.9224177045644054,3.8495538608026263,12.114786565445911,-8.265232704643285
0.1,false_negative_suppression,0.15,cx0.25_cy0.75_layoutC,x,cx0.25_cy0.75_layoutC__gamma_0.1__false_negative_suppression_x_js_0.15,0.8307944141947156,0.9224177045644054,3.8495538608026263,13.011882897771605,-9.162329036968979
0.1,spatial_shift,0.1,cx0.25_cy0.75_layoutC,y,cx0.25_cy0.75_layoutC__gamma_0.1__spatial_shift_y_js_0.1,0.8239256203209936,0.9224177045644054,3.521480325207116,13.370688749548293,-9.849208424341178
0.1,spatial_shift,0.15,cx0.25_cy0.75_layoutC,y,cx0.25_cy0.75_layoutC__gamma_0.1__spatial_shift_y_js_0.15,0.6839887807645462,0.9224177045644054,3.737769258710201,27.58066163869613,-23.84289237998593
0.1,false_hotspot,0.05,cx0.25_cy0.75_layoutC,y,cx0.25_cy0.75_layoutC__gamma_0.1__false_hotspot_y_js_0.05,0.7648273253381963,0.9224177045644054,3.852263195998895,19.611301118619796,-15.759037922620902
0.1,false_hotspot,0.1,cx0.25_cy0.75_layoutC,y,cx0.25_cy0.75_layoutC__gamma_0.1__false_hotspot_y_js_0.1,0.7409963940465667,0.9224177045644054,3.431086527859153,21.573217579643018,-18.142131051783863
0.1,false_hotspot,0.15,cx0.25_cy0.75_layoutC,y,cx0.25_cy0.75_layoutC__gamma_0.1__false_hotspot_y_js_0.15,0.7015916619948974,0.9224177045644054,4.798482568423442,26.88108682537424,-22.0826042569508
0.1,false_negative_suppression,0.05,cx0.25_cy0.75_layoutC,y,cx0.25_cy0.75_layoutC__gamma_0.1__false_negative_suppression_y_js_0.05,0.8174482617537764,0.9224177045644054,3.7806248556647777,14.277569136727669,-10.496944281062891
0.1,false_negative_suppression,0.1,cx0.25_cy0.75_layoutC,y,cx0.25_cy0.75_layoutC__gamma_0.1__false_negative_suppression_y_js_0.1,0.650133438192828,0.9224177045644054,0.6326020953673228,27.86102873252506,-27.22842663715774
0.05,uniform_prior_baseline,,cx0.75_cy0.25_layoutA,,cx0.75_cy0.25_layoutA__gamma_0.05__uniform_prior_baseline,0.3545614369691842,0.7759022890083237,7.851764006257373,49.98584921017132,-42.13408520391394
0.05,diffuse_blur,0.05,cx0.75_cy0.25_layoutA,,cx0.75_cy0.25_layoutA__gamma_0.05__diffuse_blur_js_0.05,0.7911447560236207,0.7759022890083237,8.438312363329048,6.914065661799364,1.5242467015296848
0.05,diffuse_blur,0.1,cx0.75_cy0.25_layoutA,,cx0.75_cy0.25_layoutA__gamma_0.05__diffuse_blur_js_0.1,0.6060547533906588,0.7759022890083237,6.096368067098556,23.081121628865052,-16.984753561766496
0.05,diffuse_blur,0.15,cx0.75_cy0.25_layoutA,,cx0.75_cy0.25_layoutA__gamma_0.05__diffuse_blur_js_0.15,0.4499843398957189,0.7759022890083237,6.7099274630496835,39.30172237431017,-32.591794911260486
0.05,spatial_shift,0.05,cx0.75_cy0.25_layoutA,x,cx0.75_cy0.25_layoutA__gamma_0.05__spatial_shift_x_js_0.05,0.6938642734433809,0.7759022890083237,6.974552151134211,15.178353707628498,-8.203801556494287
0.05,spatial_shift,0.1,cx0.75_cy0.25_layoutA,x,cx0.75_cy0.25_layoutA__gamma_0.05__spatial_shift_x_js_0.1,0.5867130080671142,0.7759022890083237,8.804906977331614,27.723835071452573,-18.918928094120957
0.05,spatial_shift,0.15,cx0.75_cy0.25_layoutA,x,cx0.75_cy0.25_layoutA__gamma_0.05__spatial_shift_x_js_0.15,0.4847162195421378,0.7759022890083237,9.363994514767603,38.482601461386196,-29.11860694661859
0.05,false_hotspot,0.05,cx0.75_cy0.25_layoutA,x,cx0.75_cy0.25_layoutA__gamma_0.05__false_hotspot_x_js_0.05,0.7254539221598277,0.7759022890083237,6.464917735138159,11.509754419987765,-5.044836684849606
0.05,false_hotspot,0.1,cx0.75_cy0.25_layoutA,x,cx0.75_cy0.25_layoutA__gamma_0.05__false_hotspot_x_js_0.1,0.7218303994607969,0.7759022890083237,7.344588226276983,12.751777181029675,-5.407188954752693
0.05,false_hotspot,0.15,cx0.75_cy0.25_layoutA,x,cx0.75_cy0.25_layoutA__gamma_0.05__false_hotspot_x_js_0.15,0.6039801486664688,0.7759022890083237,10.0166349410401,27.208848975225592,-17.19221403418549
0.05,false_negative_suppression,0.05,cx0.75_cy0.25_layoutA,x,cx0.75_cy0.25_layoutA__gamma_0.05__false_negative_suppression_x_js_0.05,0.8811952715221374,0.7759022890083237,10.787070404090212,0.2577721527088508,10.52929825138136
0.05,false_negative_suppression,0.1,cx0.75_cy0.25_layoutA,x,cx0.75_cy0.25_layoutA__gamma_0.05__false_negative_suppression_x_js_0.1,0.8193216710484891,0.7759022890083237,6.885133909000873,2.543195704984338,4.341938204016536
0.05,false_negative_suppression,0.15,cx0.75_cy0.25_layoutA,x,cx0.75_cy0.25_layoutA__gamma_0.05__false_negative_suppression_x_js_0.15,0.8023399654115054,0.7759022890083237,6.339496660236488,3.6957290199183173,2.643767640318171
0.05,spatial_shift,0.05,cx0.75_cy0.25_layoutA,y,cx0.75_cy0.25_layoutA__gamma_0.05__spatial_shift_y_js_0.05,0.7552498142428614,0.7759022890083237,3.1610069724991967,5.226254449045433,-2.065247476546236
0.05,spatial_shift,0.1,cx0.75_cy0.25_layoutA,y,cx0.75_cy0.25_layoutA__gamma_0.05__spatial_shift_y_js_0.1,0.7487861224756465,0.7759022890083237,4.199529500801527,6.911146154069249,-2.711616653267722
0.05,spatial_shift,0.15,cx0.75_cy0.25_layoutA,y,cx0.75_cy0.25_layoutA__gamma_0.05__spatial_shift_y_js_0.15,0.733539643928085,0.7759022890083237,4.743103554546426,8.979368062570298,-4.236264508023872
0.05,false_hotspot,0.05,cx0.75_cy0.25_layoutA,y,cx0.75_cy0.25_layoutA__gamma_0.05__false_hotspot_y_js_0.05,0.8280386423063193,0.7759022890083237,12.822657000256632,7.609021670457078,5.213635329799554
0.05,false_hotspot,0.1,cx0.75_cy0.25_layoutA,y,cx0.75_cy0.25_layoutA__gamma_0.05__false_hotspot_y_js_0.1,0.8967301552364122,0.7759022890083237,12.15696105987185,0.07417443706301032,12.08278662280884
0.05,false_hotspot,0.15,cx0.75_cy0.25_layoutA,y,cx0.75_cy0.25_layoutA__gamma_0.05__false_hotspot_y_js_0.15,0.6689747746418304,0.7759022890083237,4.793470962535882,15.48622239918522,-10.692751436649338
0.05,false_negative_suppression,0.05,cx0.75_cy0.25_layoutA,y,cx0.75_cy0.25_layoutA__gamma_0.05__false_negative_suppression_y_js_0.05,0.8148496523911741,0.7759022890083237,11.61980425654202,7.725067918256983,3.8947363382850373
0.05,false_negative_suppression,0.1,cx0.75_cy0.25_layoutA,y,cx0.75_cy0.25_layoutA__gamma_0.05__false_negative_suppression_y_js_0.1,0.6772494370339739,0.7759022890083237,9.347984753153362,19.213269950588348,-9.865285197434986
0.05,false_negative_suppression,0.15,cx0.75_cy0.25_layoutA,y,cx0.75_cy0.25_layoutA__gamma_0.05__false_negative_suppression_y_js_0.15,0.5944884072300267,0.7759022890083237,9.850948814585106,27.992336992414817,-18.14138817782971
0.1,uniform_prior_baseline,,cx0.75_cy0.25_layoutA,,cx0.75_cy0.25_layoutA__gamma_0.1__uniform_prior_baseline,0.2284305032069632,0.7774559323410147,7.090872955086172,61.99341586849133,-54.90254291340516
0.1,diffuse_blur,0.05,cx0.75_cy0.25_layoutA,,cx0.75_cy0.25_layoutA__gamma_0.1__diffuse_blur_js_0.05,0.6693379646258385,0.7774559323410147,5.766091521543159,16.5778882930608,-10.811796771517638
0.1,diffuse_blur,0.1,cx0.75_cy0.25_layoutA,,cx0.75_cy0.25_layoutA__gamma_0.1__diffuse_blur_js_0.1,0.48783754598391665,0.7774559323410147,5.67965116867872,34.641489804388534,-28.961838635709814
0.1,diffuse_blur,0.15,cx0.75_cy0.25_layoutA,,cx0.75_cy0.25_layoutA__gamma_0.1__diffuse_blur_js_0.15,0.33272566004355136,0.7774559323410147,6.412420447876939,50.88544767762328,-44.47302722974634
0.1,spatial_shift,0.05,cx0.75_cy0.25_layoutA,x,cx0.75_cy0.25_layoutA__gamma_0.1__spatial_shift_x_js_0.05,0.570314772336584,0.7774559323410147,6.6651584425878205,27.379274443030894,-20.714116000443074
0.1,spatial_shift,0.1,cx0.75_cy0.25_layoutA,x,cx0.75_cy0.25_layoutA__gamma_0.1__spatial_shift_x_js_0.1,0.45235153137124373,0.7774559323410147,7.019098160029856,39.529538257006955,-32.5104400969771
0.1,spatial_shift,0.15,cx0.75_cy0.25_layoutA,x,cx0.75_cy0.25_layoutA__gamma_0.1__spatial_shift_x_js_0.15,0.3499626483497208,0.7774559323410147,7.159555362436894,49.908883761566294,-42.749328399129396
0.1,false_hotspot,0.05,cx0.75_cy0.25_layoutA,x,cx0.75_cy0.25_layoutA__gamma_0.1__false_hotspot_x_js_0.05,0.5664601661154757,0.7774559323410147,6.231208316017548,27.330784938571455,-21.099576622553908
0.1,false_hotspot,0.1,cx0.75_cy0.25_layoutA,x,cx0.75_cy0.25_layoutA__gamma_0.1__false_hotspot_x_js_0.1,0.5531777122950883,0.7774559323410147,6.793614818773146,29.2214368233658,-22.427822004592652
0.1,false_hotspot,0.15,cx0.75_cy0.25_layoutA,x,cx0.75_cy0.25_layoutA__gamma_0.1__false_hotspot_x_js_0.15,0.5626743863688884,0.7774559323410147,7.711173189757227,29.189327786969866,-21.478154597212637
0.1,false_negative_suppression,0.05,cx0.75_cy0.25_layoutA,x,cx0.75_cy0.25_layoutA__gamma_0.1__false_negative_suppression_x_js_0.05,0.723037289391383,0.7774559323410147,4.041722258274573,9.483586553237743,-5.441864294963169
0.1,false_negative_suppression,0.1,cx0.75_cy0.25_layoutA,x,cx0.75_cy0.25_layoutA__gamma_0.1__false_negative_suppression_x_js_0.1,0.6985329939047886,0.7774559323410147,3.766194146224567,11.65848798984718,-7.892293843622612
0.1,false_negative_suppression,0.15,cx0.75_cy0.25_layoutA,x,cx0.75_cy0.25_layoutA__gamma_0.1__false_negative_suppression_x_js_0.15,0.6964873538905221,0.7774559323410147,3.8385482747845243,11.93540611983379,-8.096857845049264
0.1,spatial_shift,0.05,cx0.75_cy0.25_layoutA,y,cx0.75_cy0.25_layoutA__gamma_0.1__spatial_shift_y_js_0.05,0.7335400178171286,0.7774559323410147,6.4748243862932,10.866415838681814,-4.391591452388614
0.1,spatial_shift,0.1,cx0.75_cy0.25_layoutA,y,cx0.75_cy0.25_layoutA__gamma_0.1__spatial_shift_y_js_0.1,0.6521345659180573,0.7774559323410147,6.503114864034789,19.035251506330543,-12.532136642295754
0.1,spatial_shift,0.15,cx0.75_cy0.25_layoutA,y,cx0.75_cy0.25_layoutA__gamma_0.1__spatial_shift_y_js_0.15,0.5465423662714498,0.7774559323410147,5.7814158184786075,28.8727724254351,-23.091356606956495
0.1,false_hotspot,0.05,cx0.75_cy0.25_layoutA,y,cx0.75_cy0.25_layoutA__gamma_0.1__false_hotspot_y_js_0.05,0.6793130398670155,0.7774559323410147,4.923270527264583,14.737559774664511,-9.814289247399929
0.1,false_hotspot,0.1,cx0.75_cy0.25_layoutA,y,cx0.75_cy0.25_layoutA__gamma_0.1__false_hotspot_y_js_0.1,0.554127240266398,0.7774559323410147,3.868722464986666,26.201591672448338,-22.33286920746167
0.1,false_hotspot,0.15,cx0.75_cy0.25_layoutA,y,cx0.75_cy0.25_layoutA__gamma_0.1__false_hotspot_y_js_0.15,0.44195137477435453,0.7774559323410147,3.174424676945807,36.72488043361183,-33.550455756666025
0.1,false_negative_suppression,0.05,cx0.75_cy0.25_layoutA,y,cx0.75_cy0.25_layoutA__gamma_0.1__false_negative_suppression_y_js_0.05,0.6490145647422567,0.7774559323410147,5.9942837978442896,18.838420557720095,-12.844136759875806
0.1,false_negative_suppression,0.1,cx0.75_cy0.25_layoutA,y,cx0.75_cy0.25_layoutA__gamma_0.1__false_negative_suppression_y_js_0.1,0.6385835396478057,0.7774559323410147,6.4189765623948665,20.306215831715775,-13.887239269320908
0.1,false_negative_suppression,0.15,cx0.75_cy0.25_layoutA,y,cx0.75_cy0.25_layoutA__gamma_0.1__false_negative_suppression_y_js_0.15,0.6246892300116369,0.7774559323410147,6.558516740655808,21.835186973593597,-15.27667023293779
0.05,uniform_prior_baseline,,cx0.75_cy0.25_layoutB,,cx0.75_cy0.25_layoutB__gamma_0.05__uniform_prior_baseline,0.40497551394916403,0.7804488929680997,8.997592822117978,46.54493072401155,-37.54733790189357
0.05,diffuse_blur,0.05,cx0.75_cy0.25_layoutB,,cx0.75_cy0.25_layoutB__gamma_0.05__diffuse_blur_js_0.05,0.8452929799448787,0.7804488929680997,9.68716684154095,3.2027581438630564,6.484408697677894
0.05,diffuse_blur,0.1,cx0.75_cy0.25_layoutB,,cx0.75_cy0.25_layoutB__gamma_0.05__diffuse_blur_js_0.1,0.7000213047427939,0.7804488929680997,8.737818335414973,16.780577157945565,-8.042758822530592
0.05,diffuse_blur,0.15,cx0.75_cy0.25_layoutB,,cx0.75_cy0.25_layoutB__gamma_0.05__diffuse_blur_js_0.15,0.5315777493655105,0.7804488929680997,8.234206009804376,33.12132037006329,-24.887114360258913
0.05,spatial_shift,0.05,cx0.75_cy0.25_layoutB,x,cx0.75_cy0.25_layoutB__gamma_0.05__spatial_shift_x_js_0.05,0.7026014311683737,0.7804488929680997,7.124434376282919,14.90918055625553,-7.78474617997261
0.05,spatial_shift,0.1,cx0.75_cy0.25_layoutB,x,cx0.75_cy0.25_layoutB__gamma_0.05__spatial_shift_x_js_0.1,0.6334824861116917,0.7804488929680997,8.971627994392882,23.668268680033684,-14.696640685640801
0.05,spatial_shift,0.15,cx0.75_cy0.25_layoutB,x,cx0.75_cy0.25_layoutB__gamma_0.05__spatial_shift_x_js_0.15,0.6990794879941903,0.7804488929680997,6.565872175674412,14.70281267306536,-8.136940497390949
0.05,false_hotspot,0.05,cx0.75_cy0.25_layoutB,x,cx0.75_cy0.25_layoutB__gamma_0.05__false_hotspot_x_js_0.05,0.7501898692616579,0.7804488929680997,9.115970930185398,12.141873300829578,-3.0259023706441806
0.05,false_hotspot,0.1,cx0.75_cy0.25_layoutB,x,cx0.75_cy0.25_layoutB__gamma_0.05__false_hotspot_x_js_0.1,0.740480319014882,0.7804488929680997,7.718602614538595,11.715460009860372,-3.9968573953217774
0.05,false_hotspot,0.15,cx0.75_cy0.25_layoutB,x,cx0.75_cy0.25_layoutB__gamma_0.05__false_hotspot_x_js_0.15,0.6194641958285072,0.7804488929680997,9.338762204616199,25.437231918575442,-16.098469713959243
0.05,false_negative_suppression,0.05,cx0.75_cy0.25_layoutB,x,cx0.75_cy0.25_layoutB__gamma_0.05__false_negative_suppression_x_js_0.05,0.8691023573463716,0.7804488929680997,10.960040003727793,2.094693565900595,8.865346437827197
0.05,false_negative_suppression,0.1,cx0.75_cy0.25_layoutB,x,cx0.75_cy0.25_layoutB__gamma_0.05__false_negative_suppression_x_js_0.1,0.8661532998650375,0.7804488929680997,9.01480641537719,0.44436572568341676,8.570440689693774
0.05,false_negative_suppression,0.15,cx0.75_cy0.25_layoutB,x,cx0.75_cy0.25_layoutB__gamma_0.05__false_negative_suppression_x_js_0.15,0.8340202974718118,0.7804488929680997,6.975419257635989,1.6182788072647905,5.357140450371198
0.05,spatial_shift,0.05,cx0.75_cy0.25_layoutB,y,cx0.75_cy0.25_layoutB__gamma_0.05__spatial_shift_y_js_0.05,0.751716110819212,0.7804488929680997,3.602646777268487,6.475924992157273,-2.873278214888786
0.05,spatial_shift,0.1,cx0.75_cy0.25_layoutB,y,cx0.75_cy0.25_layoutB__gamma_0.05__spatial_shift_y_js_0.1,0.752617291979595,0.7804488929680997,4.773618423485294,7.556778522335761,-2.783160098850467
0.05,spatial_shift,0.15,cx0.75_cy0.25_layoutB,y,cx0.75_cy0.25_layoutB__gamma_0.05__spatial_shift_y_js_0.15,0.732449615566808,0.7804488929680997,5.496288187556143,10.296215927685314,-4.799927740129171
0.05,false_hotspot,0.05,cx0.75_cy0.25_layoutB,y,cx0.75_cy0.25_layoutB__gamma_0.05__false_hotspot_y_js_0.05,0.7980848057875134,0.7804488929680997,12.103717339857361,10.340126057915999,1.7635912819413626
0.05,false_hotspot,0.1,cx0.75_cy0.25_layoutB,y,cx0.75_cy0.25_layoutB__gamma_0.05__false_hotspot_y_js_0.1,0.8877191798653752,0.7804488929680997,11.348777458936846,0.6217487692093036,10.727028689727543
0.05,false_hotspot,0.15,cx0.75_cy0.25_layoutB,y,cx0.75_cy0.25_layoutB__gamma_0.05__false_hotspot_y_js_0.15,0.6655904833596356,0.7804488929680997,5.0883108901521386,16.574151850998557,-11.485840960846419
0.05,false_negative_suppression,0.05,cx0.75_cy0.25_layoutB,y,cx0.75_cy0.25_layoutB__gamma_0.05__false_negative_suppression_y_js_0.05,0.8064106930384722,0.7804488929680997,11.420080322707141,8.823900315669887,2.5961800070372547
0.05,false_negative_suppression,0.1,cx0.75_cy0.25_layoutB,y,cx0.75_cy0.25_layoutB__gamma_0.05__false_negative_suppression_y_js_0.1,0.8220445855916857,0.7804488929680997,10.710805152431444,6.551235890072843,4.159569262358601
0.05,false_negative_suppression,0.15,cx0.75_cy0.25_layoutB,y,cx0.75_cy0.25_layoutB__gamma_0.05__false_negative_suppression_y_js_0.15,0.7805058944742961,0.7804488929680997,10.943451250680326,10.937751100060677,0.005700150619649236
0.1,uniform_prior_baseline,,cx0.75_cy0.25_layoutB,,cx0.75_cy0.25_layoutB__gamma_0.1__uniform_prior_baseline,0.2958633603155106,0.7936406855176067,7.251196059769723,57.02892857997932,-49.7777325202096
0.1,diffuse_blur,0.05,cx0.75_cy0.25_layoutB,,cx0.75_cy0.25_layoutB__gamma_0.1__diffuse_blur_js_0.05,0.6622345861813801,0.7936406855176067,5.330741236978269,18.47135117060091,-13.140609933622642
0.1,diffuse_blur,0.1,cx0.75_cy0.25_layoutB,,cx0.75_cy0.25_layoutB__gamma_0.1__diffuse_blur_js_0.1,0.47667653977554064,0.7936406855176067,5.081520614563642,36.77793518877024,-31.6964145742066
0.1,diffuse_blur,0.15,cx0.75_cy0.25_layoutB,,cx0.75_cy0.25_layoutB__gamma_0.1__diffuse_blur_js_0.15,0.3764350005446767,0.7936406855176067,6.257263196594858,47.97783169388784,-41.72056849729299
0.1,spatial_shift,0.05,cx0.75_cy0.25_layoutB,x,cx0.75_cy0.25_layoutB__gamma_0.1__spatial_shift_x_js_0.05,0.7573832228795363,0.7936406855176067,6.068839338748493,9.694585602555527,-3.6257462638070344
0.1,spatial_shift,0.1,cx0.75_cy0.25_layoutB,x,cx0.75_cy0.25_layoutB__gamma_0.1__spatial_shift_x_js_0.1,0.5706910462000694,0.7936406855176067,6.50114164689467,28.79610557864839,-22.29496393175372
0.1,spatial_shift,0.15,cx0.75_cy0.25_layoutB,x,cx0.75_cy0.25_layoutB__gamma_0.1__spatial_shift_x_js_0.15,0.39450403100229825,0.7936406855176067,6.72777582909103,46.64144128062187,-39.91366545153084
0.1,false_hotspot,0.05,cx0.75_cy0.25_layoutB,x,cx0.75_cy0.25_layoutB__gamma_0.1__false_hotspot_x_js_0.05,0.5744141845183335,0.7936406855176067,5.717462487231862,27.640112587159166,-21.922650099927303
0.1,false_hotspot,0.1,cx0.75_cy0.25_layoutB,x,cx0.75_cy0.25_layoutB__gamma_0.1__false_hotspot_x_js_0.1,0.5545523558743841,0.7936406855176067,6.416420969902764,30.325253934225003,-23.90883296432224
0.1,false_hotspot,0.15,cx0.75_cy0.25_layoutB,x,cx0.75_cy0.25_layoutB__gamma_0.1__false_hotspot_x_js_0.15,0.5787235909409411,0.7936406855176067,7.356197133693438,28.84790659135999,-21.491709457666552
0.1,false_negative_suppression,0.05,cx0.75_cy0.25_layoutB,x,cx0.75_cy0.25_layoutB__gamma_0.1__false_negative_suppression_x_js_0.05,0.7339775598803734,0.7936406855176067,3.698515127902048,9.664827691625362,-5.966312563723314
0.1,false_negative_suppression,0.1,cx0.75_cy0.25_layoutB,x,cx0.75_cy0.25_layoutB__gamma_0.1__false_negative_suppression_x_js_0.1,0.7037906442716415,0.7936406855176067,3.4728819295787194,12.457886054175239,-8.98500412459652
0.1,false_negative_suppression,0.15,cx0.75_cy0.25_layoutB,x,cx0.75_cy0.25_layoutB__gamma_0.1__false_negative_suppression_x_js_0.15,0.7008786116451391,0.7936406855176067,3.2431099473586724,12.519317334605423,-9.276207387246751
0.1,spatial_shift,0.05,cx0.75_cy0.25_layoutB,y,cx0.75_cy0.25_layoutB__gamma_0.1__spatial_shift_y_js_0.05,0.7435117911637026,0.7936406855176067,5.335524685008421,10.348414120398813,-5.012889435390392
0.1,spatial_shift,0.1,cx0.75_cy0.25_layoutB,y,cx0.75_cy0.25_layoutB__gamma_0.1__spatial_shift_y_js_0.1,0.6699731886824619,0.7936406855176067,5.302818422831331,17.6695681063458,-12.366749683514469
0.1,spatial_shift,0.15,cx0.75_cy0.25_layoutB,y,cx0.75_cy0.25_layoutB__gamma_0.1__spatial_shift_y_js_0.15,0.4213408565101261,0.7936406855176067,1.6642789918945073,38.89426189264255,-37.22998290074804
0.1,false_hotspot,0.05,cx0.75_cy0.25_layoutB,y,cx0.75_cy0.25_layoutB__gamma_0.1__false_hotspot_y_js_0.05,0.6763419064406877,0.7936406855176067,4.346630150610798,16.07650805830269,-11.729877907691892
0.1,false_hotspot,0.1,cx0.75_cy0.25_layoutB,y,cx0.75_cy0.25_layoutB__gamma_0.1__false_hotspot_y_js_0.1,0.5522815231536367,0.7936406855176067,3.1123651509145223,27.248281387311522,-24.135916236397
0.1,false_hotspot,0.15,cx0.75_cy0.25_layoutB,y,cx0.75_cy0.25_layoutB__gamma_0.1__false_hotspot_y_js_0.15,0.46266553281983536,0.7936406855176067,2.6472672691750456,35.744782538952165,-33.09751526977712
0.1,false_negative_suppression,0.05,cx0.75_cy0.25_layoutB,y,cx0.75_cy0.25_layoutB__gamma_0.1__false_negative_suppression_y_js_0.05,0.6607743217065097,0.7936406855176067,5.6905128586012275,18.97714923971092,-13.286636381109691
0.1,false_negative_suppression,0.1,cx0.75_cy0.25_layoutB,y,cx0.75_cy0.25_layoutB__gamma_0.1__false_negative_suppression_y_js_0.1,0.6345893595891201,0.7936406855176067,5.994314822319811,21.899447415168456,-15.905132592848645
0.1,false_negative_suppression,0.15,cx0.75_cy0.25_layoutB,y,cx0.75_cy0.25_layoutB__gamma_0.1__false_negative_suppression_y_js_0.15,0.6264092780453456,0.7936406855176067,6.080205346551471,22.80334609377757,-16.723140747226097
0.05,uniform_prior_baseline,,cx0.75_cy0.25_layoutC,,cx0.75_cy0.25_layoutC__gamma_0.05__uniform_prior_baseline,0.40546044849572926,0.7833591294617754,7.687220135845623,45.47708823245025,-37.78986809660463
0.05,diffuse_blur,0.05,cx0.75_cy0.25_layoutC,,cx0.75_cy0.25_layoutC__gamma_0.05__diffuse_blur_js_0.05,0.8648638153713936,0.7833591294617754,9.87887161826699,1.728403027305183,8.150468590961808
0.05,diffuse_blur,0.1,cx0.75_cy0.25_layoutC,,cx0.75_cy0.25_layoutC__gamma_0.05__diffuse_blur_js_0.1,0.6501333737028342,0.7833591294617754,7.710311670113815,21.032887246007938,-13.322575575894124
0.05,diffuse_blur,0.15,cx0.75_cy0.25_layoutC,,cx0.75_cy0.25_layoutC__gamma_0.05__diffuse_blur_js_0.15,0.5275496034980391,0.7833591294617754,7.63428602041621,33.215238616789854,-25.580952596373642
0.05,spatial_shift,0.05,cx0.75_cy0.25_layoutC,x,cx0.75_cy0.25_layoutC__gamma_0.05__spatial_shift_x_js_0.05,0.6951322986058215,0.7833591294617754,9.072978329624696,17.89566141522011,-8.822683085595415
0.05,spatial_shift,0.1,cx0.75_cy0.25_layoutC,x,cx0.75_cy0.25_layoutC__gamma_0.05__spatial_shift_x_js_0.1,0.6958267905444512,0.7833591294617754,7.50938006250421,16.262613954236652,-8.753233891732442
0.05,spatial_shift,0.15,cx0.75_cy0.25_layoutC,x,cx0.75_cy0.25_layoutC__gamma_0.05__spatial_shift_x_js_0.15,0.675583831287536,0.7833591294617754,8.485771354086232,19.263301171510193,-10.77752981742396
0.05,false_hotspot,0.05,cx0.75_cy0.25_layoutC,x,cx0.75_cy0.25_layoutC__gamma_0.05__false_hotspot_x_js_0.05,0.8118210304710154,0.7833591294617754,8.766519772919153,5.920329671995167,2.8461901009239865
0.05,false_hotspot,0.1,cx0.75_cy0.25_layoutC,x,cx0.75_cy0.25_layoutC__gamma_0.05__false_hotspot_x_js_0.1,0.7257430518719395,0.7833591294617754,8.65815853628915,14.41976629527274,-5.76160775898359
0.05,false_hotspot,0.15,cx0.75_cy0.25_layoutC,x,cx0.75_cy0.25_layoutC__gamma_0.05__false_hotspot_x_js_0.15,0.621131247614803,0.7833591294617754,9.185773369115907,25.40856155381317,-16.22278818469726
0.05,false_negative_suppression,0.05,cx0.75_cy0.25_layoutC,x,cx0.75_cy0.25_layoutC__gamma_0.05__false_negative_suppression_x_js_0.05,0.879625927493501,0.7833591294617754,9.774105919372682,0.14742611620015086,9.62667980317253
0.05,false_negative_suppression,0.1,cx0.75_cy0.25_layoutC,x,cx0.75_cy0.25_layoutC__gamma_0.05__false_negative_suppression_x_js_0.1,0.839614025757859,0.7833591294617754,7.133472540352237,1.5079829107438854,5.625489629608351
0.05,false_negative_suppression,0.15,cx0.75_cy0.25_layoutC,x,cx0.75_cy0.25_layoutC__gamma_0.05__false_negative_suppression_x_js_0.15,0.8125270310467898,0.7833591294617754,5.871138668782083,2.9543485102806617,2.9167901585014215
0.05,spatial_shift,0.05,cx0.75_cy0.25_layoutC,y,cx0.75_cy0.25_layoutC__gamma_0.05__spatial_shift_y_js_0.05,0.8285943036244771,0.7833591294617754,7.553760003906014,3.030242587635866,4.523517416270147
0.05,spatial_shift,0.1,cx0.75_cy0.25_layoutC,y,cx0.75_cy0.25_layoutC__gamma_0.05__spatial_shift_y_js_0.1,0.7084598244252511,0.7833591294617754,3.5116151999293015,11.001545703581742,-7.489930503652441
0.05,spatial_shift,0.15,cx0.75_cy0.25_layoutC,y,cx0.75_cy0.25_layoutC__gamma_0.05__spatial_shift_y_js_0.15,0.6080765620353029,0.7833591294617754,1.2930478973591066,18.821304640006375,-17.52825674264727
0.05,false_hotspot,0.05,cx0.75_cy0.25_layoutC,y,cx0.75_cy0.25_layoutC__gamma_0.05__false_hotspot_y_js_0.05,0.8561938271283093,0.7833591294617754,10.357444849580789,3.0739750829274146,7.283469766653374
0.05,false_hotspot,0.1,cx0.75_cy0.25_layoutC,y,cx0.75_cy0.25_layoutC__gamma_0.05__false_hotspot_y_js_0.1,0.8301925569810927,0.7833591294617754,8.070912032156185,3.3875692802244695,4.683342751931716
0.05,false_hotspot,0.15,cx0.75_cy0.25_layoutC,y,cx0.75_cy0.25_layoutC__gamma_0.05__false_hotspot_y_js_0.15,0.6397309034746708,0.7833591294617754,3.699833997869315,18.062656596579792,-14.362822598710476
0.05,false_negative_suppression,0.05,cx0.75_cy0.25_layoutC,y,cx0.75_cy0.25_layoutC__gamma_0.05__false_negative_suppression_y_js_0.05,0.7652677629610349,0.7833591294617754,10.721860913368127,12.530997563442197,-1.8091366500740698
0.05,false_negative_suppression,0.1,cx0.75_cy0.25_layoutC,y,cx0.75_cy0.25_layoutC__gamma_0.05__false_negative_suppression_y_js_0.1,0.7376702168098441,0.7833591294617754,10.974134008056847,15.543025273249992,-4.568891265193145
0.05,false_negative_suppression,0.15,cx0.75_cy0.25_layoutC,y,cx0.75_cy0.25_layoutC__gamma_0.05__false_negative_suppression_y_js_0.15,0.7784315896409271,0.7833591294617754,11.084795331002923,11.577549313087772,-0.49275398208484944
0.1,uniform_prior_baseline,,cx0.75_cy0.25_layoutC,,cx0.75_cy0.25_layoutC__gamma_0.1__uniform_prior_baseline,0.2883299468207706,0.7919273475090425,7.6056441409265885,57.96538420975379,-50.35974006882721
0.1,diffuse_blur,0.05,cx0.75_cy0.25_layoutC,,cx0.75_cy0.25_layoutC__gamma_0.1__diffuse_blur_js_0.05,0.6683396764120262,0.7919273475090425,6.174767495411612,18.533534605113246,-12.358767109701635
0.1,diffuse_blur,0.1,cx0.75_cy0.25_layoutC,,cx0.75_cy0.25_layoutC__gamma_0.1__diffuse_blur_js_0.1,0.4738463640863448,0.7919273475090425,6.124641435900835,37.932739778170614,-31.80809834226978
0.1,diffuse_blur,0.15,cx0.75_cy0.25_layoutC,,cx0.75_cy0.25_layoutC__gamma_0.1__diffuse_blur_js_0.15,0.3516220993017064,0.7919273475090425,6.826341919755248,50.85686674048887,-44.03052482073362
0.1,spatial_shift,0.05,cx0.75_cy0.25_layoutC,x,cx0.75_cy0.25_layoutC__gamma_0.1__spatial_shift_x_js_0.05,0.6752848085761943,0.7919273475090425,6.745315686795475,18.409569580080305,-11.66425389328483
0.1,spatial_shift,0.1,cx0.75_cy0.25_layoutC,x,cx0.75_cy0.25_layoutC__gamma_0.1__spatial_shift_x_js_0.1,0.5748765006555445,0.7919273475090425,7.414986781360222,29.12007146671003,-21.70508468534981
0.1,spatial_shift,0.15,cx0.75_cy0.25_layoutC,x,cx0.75_cy0.25_layoutC__gamma_0.1__spatial_shift_x_js_0.15,0.5045168286372476,0.7919273475090425,7.687451666931704,36.4285035541112,-28.7410518871795
0.1,false_hotspot,0.05,cx0.75_cy0.25_layoutC,x,cx0.75_cy0.25_layoutC__gamma_0.1__false_hotspot_x_js_0.05,0.574902137999881,0.7919273475090425,6.844999945503588,28.547520896419748,-21.70252095091616
0.1,false_hotspot,0.1,cx0.75_cy0.25_layoutC,x,cx0.75_cy0.25_layoutC__gamma_0.1__false_hotspot_x_js_0.1,0.5473396744100223,0.7919273475090425,7.560144153508983,32.018911463411015,-24.458767309902033
0.1,false_hotspot,0.15,cx0.75_cy0.25_layoutC,x,cx0.75_cy0.25_layoutC__gamma_0.1__false_hotspot_x_js_0.15,0.5679538573157158,0.7919273475090425,8.291364576427176,30.688713595759854,-22.39734901933268
0.1,false_negative_suppression,0.05,cx0.75_cy0.25_layoutC,x,cx0.75_cy0.25_layoutC__gamma_0.1__false_negative_suppression_x_js_0.05,0.7111265364067366,0.7919273475090425,4.481391635722145,12.561472745952726,-8.08008111023058
0.1,false_negative_suppression,0.1,cx0.75_cy0.25_layoutC,x,cx0.75_cy0.25_layoutC__gamma_0.1__false_negative_suppression_x_js_0.1,0.6987478666081961,0.7919273475090425,4.112908683302923,13.430856773387584,-9.317948090084661
0.1,false_negative_suppression,0.15,cx0.75_cy0.25_layoutC,x,cx0.75_cy0.25_layoutC__gamma_0.1__false_negative_suppression_x_js_0.15,0.6931867864370377,0.7919273475090425,3.8594874370221994,13.733543544222682,-9.874056107200483
0.1,spatial_shift,0.05,cx0.75_cy0.25_layoutC,y,cx0.75_cy0.25_layoutC__gamma_0.1__spatial_shift_y_js_0.05,0.6415813214782886,0.7919273475090425,3.633850069960921,18.668452673036327,-15.034602603075406
0.1,spatial_shift,0.1,cx0.75_cy0.25_layoutC,y,cx0.75_cy0.25_layoutC__gamma_0.1__spatial_shift_y_js_0.1,0.5029582063740116,0.7919273475090425,3.186403269811364,32.083317383314466,-28.8969141135031
0.1,spatial_shift,0.15,cx0.75_cy0.25_layoutC,y,cx0.75_cy0.25_layoutC__gamma_0.1__spatial_shift_y_js_0.15,0.3888274975976372,0.7919273475090425,2.1944561566827607,42.50444114782329,-40.30998499114053
0.1,false_hotspot,0.05,cx0.75_cy0.25_layoutC,y,cx0.75_cy0.25_layoutC__gamma_0.1__false_hotspot_y_js_0.05,0.6596618272469834,0.7919273475090425,5.064410314104926,18.290962340310834,-13.226552026205908
0.1,false_hotspot,0.1,cx0.75_cy0.25_layoutC,y,cx0.75_cy0.25_layoutC__gamma_0.1__false_hotspot_y_js_0.1,0.5523599995617947,0.7919273475090425,4.686573256087341,28.643308050812127,-23.956734794724788
0.1,false_hotspot,0.15,cx0.75_cy0.25_layoutC,y,cx0.75_cy0.25_layoutC__gamma_0.1__false_hotspot_y_js_0.15,0.45737141780352714,0.7919273475090425,3.6196411153712758,37.07523408592282,-33.45559297055155
0.1,false_negative_suppression,0.05,cx0.75_cy0.25_layoutC,y,cx0.75_cy0.25_layoutC__gamma_0.1__false_negative_suppression_y_js_0.05,0.6466943022370719,0.7919273475090425,6.650890116858925,21.174194644055987,-14.523304527197062
0.1,false_negative_suppression,0.1,cx0.75_cy0.25_layoutC,y,cx0.75_cy0.25_layoutC__gamma_0.1__false_negative_suppression_y_js_0.1,0.621041120529623,0.7919273475090425,7.070894476911774,24.159517174853733,-17.088622697941958
0.1,false_negative_suppression,0.15,cx0.75_cy0.25_layoutC,y,cx0.75_cy0.25_layoutC__gamma_0.1__false_negative_suppression_y_js_0.15,0.6169798288370029,0.7919273475090425,7.269706149303539,24.76445801650752,-17.49475186720398
0.05,uniform_prior_baseline,,cx0.75_cy0.75_layoutA,,cx0.75_cy0.75_layoutA__gamma_0.05__uniform_prior_baseline,0.7869670396186361,0.7827316178627678,5.394547159066012,4.971004983479185,0.42354217558682716
0.05,diffuse_blur,0.05,cx0.75_cy0.75_layoutA,,cx0.75_cy0.75_layoutA__gamma_0.05__diffuse_blur_js_0.05,0.8282313105559755,0.7827316178627678,4.854412696607382,0.3044434272866143,4.549969269320768
0.05,diffuse_blur,0.1,cx0.75_cy0.75_layoutA,,cx0.75_cy0.75_layoutA__gamma_0.05__diffuse_blur_js_0.1,0.8042539144656562,0.7827316178627678,4.555444200766417,2.4032145404775678,2.1522296602888495
0.05,diffuse_blur,0.15,cx0.75_cy0.75_layoutA,,cx0.75_cy0.75_layoutA__gamma_0.05__diffuse_blur_js_0.15,0.7810626581535991,0.7827316178627678,4.607450461701071,4.774346432617945,-0.16689597091687336
0.05,spatial_shift,0.05,cx0.75_cy0.75_layoutA,x,cx0.75_cy0.75_layoutA__gamma_0.05__spatial_shift_x_js_0.05,0.7197059609169645,0.7827316178627678,2.7464387224210327,9.049004417001361,-6.302565694580329
0.05,spatial_shift,0.1,cx0.75_cy0.75_layoutA,x,cx0.75_cy0.75_layoutA__gamma_0.05__spatial_shift_x_js_0.1,0.7376011151949821,0.7827316178627678,4.080005576466187,8.593055843244764,-4.513050266778578
0.05,spatial_shift,0.15,cx0.75_cy0.75_layoutA,x,cx0.75_cy0.75_layoutA__gamma_0.05__spatial_shift_x_js_0.15,0.7838156889627611,0.7827316178627678,4.87746017905291,4.7690530690535855,0.1084071099993249
0.05,false_hotspot,0.05,cx0.75_cy0.75_layoutA,x,cx0.75_cy0.75_layoutA__gamma_0.05__false_hotspot_x_js_0.05,0.7868297811462243,0.7827316178627678,6.24889639009671,5.83908006175105,0.4098163283456602
0.05,false_hotspot,0.1,cx0.75_cy0.75_layoutA,x,cx0.75_cy0.75_layoutA__gamma_0.05__false_hotspot_x_js_0.1,0.7488113222117941,0.7827316178627678,7.302696553115681,10.69472611821305,-3.392029565097368
0.05,false_hotspot,0.15,cx0.75_cy0.75_layoutA,x,cx0.75_cy0.75_layoutA__gamma_0.05__false_hotspot_x_js_0.15,0.8254833122021398,0.7827316178627678,9.34961649446875,5.074447060531555,4.275169433937195
0.05,false_negative_suppression,0.05,cx0.75_cy0.75_layoutA,x,cx0.75_cy0.75_layoutA__gamma_0.05__false_negative_suppression_x_js_0.05,0.7621653038365703,0.7827316178627678,1.7337087578630332,3.7903401604827796,-2.0566314026197463
0.05,false_negative_suppression,0.1,cx0.75_cy0.75_layoutA,x,cx0.75_cy0.75_layoutA__gamma_0.05__false_negative_suppression_x_js_0.1,0.7679161041042379,0.7827316178627678,3.323274803482913,4.80482617933589,-1.4815513758529772
0.05,false_negative_suppression,0.15,cx0.75_cy0.75_layoutA,x,cx0.75_cy0.75_layoutA__gamma_0.05__false_negative_suppression_x_js_0.15,0.8556010438947241,0.7827316178627678,10.691171071167176,3.404228467971541,7.2869426031956355
0.05,spatial_shift,0.05,cx0.75_cy0.75_layoutA,y,cx0.75_cy0.75_layoutA__gamma_0.05__spatial_shift_y_js_0.05,0.7529906519575048,0.7827316178627678,3.0837137841284834,6.057810374654778,-2.974096590526295
0.05,spatial_shift,0.1,cx0.75_cy0.75_layoutA,y,cx0.75_cy0.75_layoutA__gamma_0.05__spatial_shift_y_js_0.1,0.7180085102212788,0.7827316178627678,3.992213429058517,10.464524193207417,-6.4723107641489
0.05,spatial_shift,0.15,cx0.75_cy0.75_layoutA,y,cx0.75_cy0.75_layoutA__gamma_0.05__spatial_shift_y_js_0.15,0.7679370237553571,0.7827316178627678,6.234824955620388,7.7142843663614595,-1.4794594107410717
0.05,false_hotspot,0.05,cx0.75_cy0.75_layoutA,y,cx0.75_cy0.75_layoutA__gamma_0.05__false_hotspot_y_js_0.05,0.7397082155965445,0.7827316178627678,4.75950188333211,9.061842109954428,-4.302340226622318
0.05,false_hotspot,0.1,cx0.75_cy0.75_layoutA,y,cx0.75_cy0.75_layoutA__gamma_0.05__false_hotspot_y_js_0.1,0.7562851814088317,0.7827316178627678,8.8866557591547,11.531299404548303,-2.6446436453936037
0.05,false_hotspot,0.15,cx0.75_cy0.75_layoutA,y,cx0.75_cy0.75_layoutA__gamma_0.05__false_hotspot_y_js_0.15,0.7365867516821767,0.7827316178627678,9.430390550372957,14.044877168432063,-4.6144866180591055
0.05,false_negative_suppression,0.05,cx0.75_cy0.75_layoutA,y,cx0.75_cy0.75_layoutA__gamma_0.05__false_negative_suppression_y_js_0.05,0.7782091049534615,0.7827316178627678,2.8032259099681296,3.2554772008987563,-0.45225129093062666
0.05,false_negative_suppression,0.1,cx0.75_cy0.75_layoutA,y,cx0.75_cy0.75_layoutA__gamma_0.05__false_negative_suppression_y_js_0.1,0.8038435795200911,0.7827316178627678,4.516796873427339,2.4056007076950006,2.111196165732338
0.05,false_negative_suppression,0.15,cx0.75_cy0.75_layoutA,y,cx0.75_cy0.75_layoutA__gamma_0.05__false_negative_suppression_y_js_0.15,0.8159554959610016,0.7827316178627678,5.303146585481804,1.980758775658413,3.3223878098233914
0.1,uniform_prior_baseline,,cx0.75_cy0.75_layoutA,,cx0.75_cy0.75_layoutA__gamma_0.1__uniform_prior_baseline,0.7611534475951551,0.7471515223123313,5.771000135906687,4.370807607624305,1.400192528282382
0.1,diffuse_blur,0.05,cx0.75_cy0.75_layoutA,,cx0.75_cy0.75_layoutA__gamma_0.1__diffuse_blur_js_0.05,0.7765538428252632,0.7471515223123313,3.820452418045632,0.8802203667524454,2.9402320512931865
0.1,diffuse_blur,0.1,cx0.75_cy0.75_layoutA,,cx0.75_cy0.75_layoutA__gamma_0.1__diffuse_blur_js_0.1,0.7865082196982949,0.7471515223123313,4.10886121686063,0.17319147826426926,3.935669738596361
0.1,diffuse_blur,0.15,cx0.75_cy0.75_layoutA,,cx0.75_cy0.75_layoutA__gamma_0.1__diffuse_blur_js_0.15,0.7774213763134068,0.7471515223123313,5.449311848711873,2.4223264486043337,3.0269854001075394
0.1,spatial_shift,0.05,cx0.75_cy0.75_layoutA,x,cx0.75_cy0.75_layoutA__gamma_0.1__spatial_shift_x_js_0.05,0.8525350097241244,0.7471515223123313,12.294899465671163,1.7565507244918417,10.538348741179322
0.1,spatial_shift,0.1,cx0.75_cy0.75_layoutA,x,cx0.75_cy0.75_layoutA__gamma_0.1__spatial_shift_x_js_0.1,0.8007491835933418,0.7471515223123313,6.263870302742642,0.904104174641591,5.359766128101051
0.1,spatial_shift,0.15,cx0.75_cy0.75_layoutA,x,cx0.75_cy0.75_layoutA__gamma_0.1__spatial_shift_x_js_0.15,0.8126916545457004,0.7471515223123313,7.483625085629635,0.92961186229272,6.554013223336915
0.1,false_hotspot,0.05,cx0.75_cy0.75_layoutA,x,cx0.75_cy0.75_layoutA__gamma_0.1__false_hotspot_x_js_0.05,0.7467061516087034,0.7471515223123313,2.6097914769162602,2.6543285472790568,-0.04453707036279653
0.1,false_hotspot,0.1,cx0.75_cy0.75_layoutA,x,cx0.75_cy0.75_layoutA__gamma_0.1__false_hotspot_x_js_0.1,0.8070806136595186,0.7471515223123313,7.460787790901796,1.467878656183076,5.992909134718721
0.1,false_hotspot,0.15,cx0.75_cy0.75_layoutA,x,cx0.75_cy0.75_layoutA__gamma_0.1__false_hotspot_x_js_0.15,0.7444434900004421,0.7471515223123313,10.221840655229785,10.492643886418708,-0.270803231188923
0.1,false_negative_suppression,0.05,cx0.75_cy0.75_layoutA,x,cx0.75_cy0.75_layoutA__gamma_0.1__false_negative_suppression_x_js_0.05,0.7530314317415098,0.7471515223123313,2.664714967877065,2.0767240249592254,0.5879909429178398
0.1,false_negative_suppression,0.1,cx0.75_cy0.75_layoutA,x,cx0.75_cy0.75_layoutA__gamma_0.1__false_negative_suppression_x_js_0.1,0.7623276297804836,0.7471515223123313,4.908066452626478,3.39045570581125,1.5176107468152282
0.1,false_negative_suppression,0.15,cx0.75_cy0.75_layoutA,x,cx0.75_cy0.75_layoutA__gamma_0.1__false_negative_suppression_x_js_0.15,0.75899970031061,0.7471515223123313,5.938465071438273,4.753647271610403,1.1848177998278704
0.1,spatial_shift,0.05,cx0.75_cy0.75_layoutA,y,cx0.75_cy0.75_layoutA__gamma_0.1__spatial_shift_y_js_0.05,0.7561053315761274,0.7471515223123313,6.084964842767787,5.189583916388172,0.8953809263796151
0.1,spatial_shift,0.1,cx0.75_cy0.75_layoutA,y,cx0.75_cy0.75_layoutA__gamma_0.1__spatial_shift_y_js_0.1,0.7370834257149429,0.7471515223123313,7.894997104520936,8.901806764259783,-1.0068096597388472
0.1,spatial_shift,0.15,cx0.75_cy0.75_layoutA,y,cx0.75_cy0.75_layoutA__gamma_0.1__spatial_shift_y_js_0.15,0.6986723995997954,0.7471515223123313,8.501147049451658,13.349059320705248,-4.847912271253589
0.1,false_hotspot,0.05,cx0.75_cy0.75_layoutA,y,cx0.75_cy0.75_layoutA__gamma_0.1__false_hotspot_y_js_0.05,0.7739222212699387,0.7471515223123313,7.550875421561007,4.873805525800261,2.677069895760746
0.1,false_hotspot,0.1,cx0.75_cy0.75_layoutA,y,cx0.75_cy0.75_layoutA__gamma_0.1__false_hotspot_y_js_0.1,0.7319240366167924,0.7471515223123313,7.865233548628911,9.387982118182805,-1.5227485695538938
0.1,false_hotspot,0.15,cx0.75_cy0.75_layoutA,y,cx0.75_cy0.75_layoutA__gamma_0.1__false_hotspot_y_js_0.15,0.6774191124016115,0.7471515223123313,9.951339716206478,16.92458070727845,-6.9732409910719735
0.1,false_negative_suppression,0.05,cx0.75_cy0.75_layoutA,y,cx0.75_cy0.75_layoutA__gamma_0.1__false_negative_suppression_y_js_0.05,0.7518659940020158,0.7471515223123313,3.652108919954521,3.180661750986062,0.4714471689684592
0.1,false_negative_suppression,0.1,cx0.75_cy0.75_layoutA,y,cx0.75_cy0.75_layoutA__gamma_0.1__false_negative_suppression_y_js_0.1,0.8133034565846315,0.7471515223123313,8.367018374761717,1.7518249475316987,6.615193427230018
0.1,false_negative_suppression,0.15,cx0.75_cy0.75_layoutA,y,cx0.75_cy0.75_layoutA__gamma_0.1__false_negative_suppression_y_js_0.15,0.7849611987373862,0.7471515223123313,6.899492569037119,3.118524926531622,3.780967642505497
0.05,uniform_prior_baseline,,cx0.75_cy0.75_layoutB,,cx0.75_cy0.75_layoutB__gamma_0.05__uniform_prior_baseline,0.7513489170442422,0.7732562541133707,6.764163049987798,8.954896756900665,-2.1907337069128667
0.05,diffuse_blur,0.05,cx0.75_cy0.75_layoutB,,cx0.75_cy0.75_layoutB__gamma_0.05__diffuse_blur_js_0.05,0.8334546522650894,0.7732562541133707,6.034645663420626,0.014805848248763373,6.019839815171863
0.05,diffuse_blur,0.1,cx0.75_cy0.75_layoutB,,cx0.75_cy0.75_layoutB__gamma_0.05__diffuse_blur_js_0.1,0.8034140769687895,0.7732562541133707,6.06403021323846,3.0482479276965817,3.015782285541878
0.05,diffuse_blur,0.15,cx0.75_cy0.75_layoutB,,cx0.75_cy0.75_layoutB__gamma_0.05__diffuse_blur_js_0.15,0.7516156633577639,0.7732562541133707,6.521222588860207,8.685281664420902,-2.1640590755606954
0.05,spatial_shift,0.05,cx0.75_cy0.75_layoutB,x,cx0.75_cy0.75_layoutB__gamma_0.05__spatial_shift_x_js_0.05,0.7300608988305262,0.7732562541133707,4.333883924892204,8.653419453176673,-4.319535528284469
0.05,spatial_shift,0.1,cx0.75_cy0.75_layoutB,x,cx0.75_cy0.75_layoutB__gamma_0.05__spatial_shift_x_js_0.1,0.7982035940330982,0.7732562541133707,7.321206597847303,4.826472605874564,2.4947339919727396
0.05,spatial_shift,0.15,cx0.75_cy0.75_layoutB,x,cx0.75_cy0.75_layoutB__gamma_0.05__spatial_shift_x_js_0.15,0.7928998915190699,0.7732562541133707,8.3613067909071,6.396943050337188,1.9643637405699126
0.05,false_hotspot,0.05,cx0.75_cy0.75_layoutB,x,cx0.75_cy0.75_layoutB__gamma_0.05__false_hotspot_x_js_0.05,0.78956611753217,0.7732562541133707,6.700122200066892,5.069135858186968,1.6309863418799244
0.05,false_hotspot,0.1,cx0.75_cy0.75_layoutB,x,cx0.75_cy0.75_layoutB__gamma_0.05__false_hotspot_x_js_0.1,0.7891216571138109,0.7732562541133707,8.516361730605855,6.929821430561849,1.586540300044006
0.05,false_hotspot,0.15,cx0.75_cy0.75_layoutB,x,cx0.75_cy0.75_layoutB__gamma_0.05__false_hotspot_x_js_0.15,0.7721840940555464,0.7732562541133707,9.818291158636336,9.925507164418779,-0.10721600578244228
0.05,false_negative_suppression,0.05,cx0.75_cy0.75_layoutB,x,cx0.75_cy0.75_layoutB__gamma_0.05__false_negative_suppression_x_js_0.05,0.7588355275551444,0.7732562541133707,1.398874131196825,2.840946787019482,-1.4420726558226569
0.05,false_negative_suppression,0.1,cx0.75_cy0.75_layoutB,x,cx0.75_cy0.75_layoutB__gamma_0.05__false_negative_suppression_x_js_0.1,0.7592722839727115,0.7732562541133707,2.640767907393994,4.039164921459926,-1.3983970140659316
0.05,false_negative_suppression,0.15,cx0.75_cy0.75_layoutB,x,cx0.75_cy0.75_layoutB__gamma_0.05__false_negative_suppression_x_js_0.15,0.7649268042766568,0.7732562541133707,3.4699974596343717,4.302942443305774,-0.8329449836714025
0.05,spatial_shift,0.05,cx0.75_cy0.75_layoutB,y,cx0.75_cy0.75_layoutB__gamma_0.05__spatial_shift_y_js_0.05,0.7492115209862251,0.7732562541133707,2.712980889405224,5.117454202119805,-2.4044733127145808
0.05,spatial_shift,0.1,cx0.75_cy0.75_layoutB,y,cx0.75_cy0.75_layoutB__gamma_0.05__spatial_shift_y_js_0.1,0.7123208141626477,0.7732562541133707,3.5647599093303577,9.658303904402663,-6.093543995072306
0.05,spatial_shift,0.15,cx0.75_cy0.75_layoutB,y,cx0.75_cy0.75_layoutB__gamma_0.05__spatial_shift_y_js_0.15,0.6795497223793072,0.7732562541133707,4.239234686052733,13.609887859459095,-9.370653173406362
0.05,false_hotspot,0.05,cx0.75_cy0.75_layoutB,y,cx0.75_cy0.75_layoutB__gamma_0.05__false_hotspot_y_js_0.05,0.7456675505389797,0.7732562541133707,4.238817490112633,6.997687847551745,-2.758870357439112
0.05,false_hotspot,0.1,cx0.75_cy0.75_layoutB,y,cx0.75_cy0.75_layoutB__gamma_0.05__false_hotspot_y_js_0.1,0.7399334386154994,0.7732562541133707,8.078392626049192,11.41067417583633,-3.3322815497871385
0.05,false_hotspot,0.15,cx0.75_cy0.75_layoutB,y,cx0.75_cy0.75_layoutB__gamma_0.05__false_hotspot_y_js_0.15,0.703540805975226,0.7732562541133707,8.709894746985624,15.681439560800122,-6.971544813814498
0.05,false_negative_suppression,0.05,cx0.75_cy0.75_layoutB,y,cx0.75_cy0.75_layoutB__gamma_0.05__false_negative_suppression_y_js_0.05,0.7837183295699945,0.7732562541133707,4.0783022225839485,3.0320946769215906,1.0462075456623579
0.05,false_negative_suppression,0.1,cx0.75_cy0.75_layoutB,y,cx0.75_cy0.75_layoutB__gamma_0.05__false_negative_suppression_y_js_0.1,0.806181110373933,0.7732562541133707,5.744904083096456,2.4524184570402183,3.2924856260562376
0.05,false_negative_suppression,0.15,cx0.75_cy0.75_layoutB,y,cx0.75_cy0.75_layoutB__gamma_0.05__false_negative_suppression_y_js_0.15,0.8180469353555105,0.7732562541133707,6.536503425982662,2.0574353017687006,4.479068124213962
0.1,uniform_prior_baseline,,cx0.75_cy0.75_layoutB,,cx0.75_cy0.75_layoutB__gamma_0.1__uniform_prior_baseline,0.7731836101576505,0.7439954190029322,6.017668833978383,3.0988497185065498,2.918819115471833
0.1,diffuse_blur,0.05,cx0.75_cy0.75_layoutB,,cx0.75_cy0.75_layoutB__gamma_0.1__diffuse_blur_js_0.05,0.7856206151521845,0.7439954190029322,4.162519614925225,0.0,4.162519614925225
0.1,diffuse_blur,0.1,cx0.75_cy0.75_layoutB,,cx0.75_cy0.75_layoutB__gamma_0.1__diffuse_blur_js_0.1,0.79244134524951,0.7439954190029322,4.8922169166387155,0.0476242919809385,4.844592624657777
0.1,diffuse_blur,0.15,cx0.75_cy0.75_layoutB,,cx0.75_cy0.75_layoutB__gamma_0.1__diffuse_blur_js_0.15,0.7756401227056589,0.7439954190029322,5.585318301654684,2.4208479313820193,3.164470370272665
0.1,spatial_shift,0.05,cx0.75_cy0.75_layoutB,x,cx0.75_cy0.75_layoutB__gamma_0.1__spatial_shift_x_js_0.05,0.7862631460013496,0.7439954190029322,5.559135894818859,1.3323631949771233,4.226772699841736
0.1,spatial_shift,0.1,cx0.75_cy0.75_layoutB,x,cx0.75_cy0.75_layoutB__gamma_0.1__spatial_shift_x_js_0.1,0.7922810001678421,0.7439954190029322,6.362100140715775,1.533542024224776,4.828558116490999
0.1,spatial_shift,0.15,cx0.75_cy0.75_layoutB,x,cx0.75_cy0.75_layoutB__gamma_0.1__spatial_shift_x_js_0.15,0.8508497961268637,0.7439954190029322,10.833814504792915,0.14837679239975218,10.685437712393163
0.1,false_hotspot,0.05,cx0.75_cy0.75_layoutB,x,cx0.75_cy0.75_layoutB__gamma_0.1__false_hotspot_x_js_0.05,0.7495006640365067,0.7439954190029322,3.3556312940992647,2.805106790741801,0.550524503357464
0.1,false_hotspot,0.1,cx0.75_cy0.75_layoutB,x,cx0.75_cy0.75_layoutB__gamma_0.1__false_hotspot_x_js_0.1,0.8660764537974546,0.7439954190029322,12.39075697156289,0.18265349211065404,12.208103479452236
0.1,false_hotspot,0.15,cx0.75_cy0.75_layoutB,x,cx0.75_cy0.75_layoutB__gamma_0.1__false_hotspot_x_js_0.15,0.8114291486685778,0.7439954190029322,9.042476968872792,2.299104002308218,6.743372966564575
0.1,false_negative_suppression,0.05,cx0.75_cy0.75_layoutB,x,cx0.75_cy0.75_layoutB__gamma_0.1__false_negative_suppression_x_js_0.05,0.7459245852978383,0.7439954190029322,3.138522402193137,2.945605772702517,0.19291662949061994
0.1,false_negative_suppression,0.1,cx0.75_cy0.75_layoutB,x,cx0.75_cy0.75_layoutB__gamma_0.1__false_negative_suppression_x_js_0.1,0.7552170516326149,0.7439954190029322,5.119289770193395,3.997126507225119,1.1221632629682756
0.1,false_negative_suppression,0.15,cx0.75_cy0.75_layoutB,x,cx0.75_cy0.75_layoutB__gamma_0.1__false_negative_suppression_x_js_0.15,0.7450029212480082,0.7439954190029322,6.004824539797228,5.904074315289627,0.10075022450760152
0.1,spatial_shift,0.05,cx0.75_cy0.75_layoutB,y,cx0.75_cy0.75_layoutB__gamma_0.1__spatial_shift_y_js_0.05,0.7398973495799747,0.7439954190029322,5.467462479625898,5.877269421921657,-0.4098069422957584
0.1,spatial_shift,0.1,cx0.75_cy0.75_layoutB,y,cx0.75_cy0.75_layoutB__gamma_0.1__spatial_shift_y_js_0.1,0.736492532816951,0.7439954190029322,7.305549058953496,8.055837677551612,-0.7502886185981152
0.1,spatial_shift,0.15,cx0.75_cy0.75_layoutB,y,cx0.75_cy0.75_layoutB__gamma_0.1__spatial_shift_y_js_0.15,0.6769070581530555,0.7439954190029322,7.9125908429560186,14.62142692794368,-6.708836084987662
0.1,false_hotspot,0.05,cx0.75_cy0.75_layoutB,y,cx0.75_cy0.75_layoutB__gamma_0.1__false_hotspot_y_js_0.05,0.7730139669932141,0.7439954190029322,6.921949316885153,4.02009451785696,2.901854799028193
0.1,false_hotspot,0.1,cx0.75_cy0.75_layoutB,y,cx0.75_cy0.75_layoutB__gamma_0.1__false_hotspot_y_js_0.1,0.7275113174748862,0.7439954190029322,7.035585848968939,8.683996001773549,-1.64841015280461
0.1,false_hotspot,0.15,cx0.75_cy0.75_layoutB,y,cx0.75_cy0.75_layoutB__gamma_0.1__false_hotspot_y_js_0.15,0.6747493972343634,0.7439954190029322,9.154058562420758,16.07866073927764,-6.924602176856883
0.1,false_negative_suppression,0.05,cx0.75_cy0.75_layoutB,y,cx0.75_cy0.75_layoutB__gamma_0.1__false_negative_suppression_y_js_0.05,0.7471667046269885,0.7439954190029322,3.247152732892558,2.9300241704869174,0.3171285624056406
0.1,false_negative_suppression,0.1,cx0.75_cy0.75_layoutB,y,cx0.75_cy0.75_layoutB__gamma_0.1__false_negative_suppression_y_js_0.1,0.7638611602659683,0.7439954190029322,4.679120213734338,2.692546087430732,1.9865741263036059
0.1,false_negative_suppression,0.15,cx0.75_cy0.75_layoutB,y,cx0.75_cy0.75_layoutB__gamma_0.1__false_negative_suppression_y_js_0.15,0.7422973710459144,0.7439954190029322,4.489128999609731,4.6589337953114995,-0.16980479570176854
0.05,uniform_prior_baseline,,cx0.75_cy0.75_layoutC,,cx0.75_cy0.75_layoutC__gamma_0.05__uniform_prior_baseline,0.7411906613538393,0.7876921339717422,6.8565414926805195,11.506688754470815,-4.650147261790296
0.05,diffuse_blur,0.05,cx0.75_cy0.75_layoutC,,cx0.75_cy0.75_layoutC__gamma_0.05__diffuse_blur_js_0.05,0.8465314296263253,0.7876921339717422,6.126358473246019,0.24242890778770002,5.883929565458319
0.05,diffuse_blur,0.1,cx0.75_cy0.75_layoutC,,cx0.75_cy0.75_layoutC__gamma_0.05__diffuse_blur_js_0.1,0.8089953959174048,0.7876921339717422,5.743321272945292,3.6129950783790306,2.1303261945662615
0.05,diffuse_blur,0.15,cx0.75_cy0.75_layoutC,,cx0.75_cy0.75_layoutC__gamma_0.05__diffuse_blur_js_0.15,0.7651145989978435,0.7876921339717422,6.082468777787454,8.340222275177318,-2.2577534973898636
0.05,spatial_shift,0.05,cx0.75_cy0.75_layoutC,x,cx0.75_cy0.75_layoutC__gamma_0.05__spatial_shift_x_js_0.05,0.8152712959639266,0.7876921339717422,5.874467239597685,3.116551040379267,2.757916199218418
0.05,spatial_shift,0.1,cx0.75_cy0.75_layoutC,x,cx0.75_cy0.75_layoutC__gamma_0.05__spatial_shift_x_js_0.1,0.7942487176868436,0.7876921339717422,6.7589961759342465,6.103337804424116,0.6556583715101301
0.05,spatial_shift,0.15,cx0.75_cy0.75_layoutC,x,cx0.75_cy0.75_layoutC__gamma_0.05__spatial_shift_x_js_0.15,0.7713009754180322,0.7876921339717422,7.110289481844803,8.749405337215808,-1.6391158553710055
0.05,false_hotspot,0.05,cx0.75_cy0.75_layoutC,x,cx0.75_cy0.75_layoutC__gamma_0.05__false_hotspot_x_js_0.05,0.8366325248623834,0.7876921339717422,7.188678609106186,2.2946395200420615,4.894039089064124
0.05,false_hotspot,0.1,cx0.75_cy0.75_layoutC,x,cx0.75_cy0.75_layoutC__gamma_0.05__false_hotspot_x_js_0.1,0.841063469515159,0.7876921339717422,8.953195820732859,3.616062266391187,5.337133554341671
0.05,false_hotspot,0.15,cx0.75_cy0.75_layoutC,x,cx0.75_cy0.75_layoutC__gamma_0.05__false_hotspot_x_js_0.15,0.8712163821098818,0.7876921339717422,14.46613691376369,6.1137120999497165,8.352424813813972
0.05,false_negative_suppression,0.05,cx0.75_cy0.75_layoutC,x,cx0.75_cy0.75_layoutC__gamma_0.05__false_negative_suppression_x_js_0.05,0.7729289405001993,0.7876921339717422,1.1726117577511581,2.648931104905441,-1.4763193471542828
0.05,false_negative_suppression,0.1,cx0.75_cy0.75_layoutC,x,cx0.75_cy0.75_layoutC__gamma_0.05__false_negative_suppression_x_js_0.1,0.7674242095061234,0.7876921339717422,1.471762778509957,3.4985552250718297,-2.0267924465618727
0.05,false_negative_suppression,0.15,cx0.75_cy0.75_layoutC,x,cx0.75_cy0.75_layoutC__gamma_0.05__false_negative_suppression_x_js_0.15,0.7664955922635782,0.7876921339717422,1.9713110633956488,4.090965234212058,-2.1196541708164096
0.05,spatial_shift,0.05,cx0.75_cy0.75_layoutC,y,cx0.75_cy0.75_layoutC__gamma_0.05__spatial_shift_y_js_0.05,0.7663952230929465,0.7876921339717422,2.0358386816177085,4.165529769497285,-2.1296910878795763
0.05,spatial_shift,0.1,cx0.75_cy0.75_layoutC,y,cx0.75_cy0.75_layoutC__gamma_0.05__spatial_shift_y_js_0.1,0.731352253275489,0.7876921339717422,1.9511067266455049,7.585094796270828,-5.633988069625323
0.05,spatial_shift,0.15,cx0.75_cy0.75_layoutC,y,cx0.75_cy0.75_layoutC__gamma_0.05__spatial_shift_y_js_0.15,0.7037675509351977,0.7876921339717422,2.773977768091091,11.16643607174555,-8.39245830365446
0.05,false_hotspot,0.05,cx0.75_cy0.75_layoutC,y,cx0.75_cy0.75_layoutC__gamma_0.05__false_hotspot_y_js_0.05,0.7429464219606835,0.7876921339717422,2.4837867319865428,6.958357933092403,-4.47457120110586
0.05,false_hotspot,0.1,cx0.75_cy0.75_layoutC,y,cx0.75_cy0.75_layoutC__gamma_0.05__false_hotspot_y_js_0.1,0.7195293731663998,0.7876921339717422,5.334164912442751,12.150440992976998,-6.816276080534247
0.05,false_hotspot,0.15,cx0.75_cy0.75_layoutC,y,cx0.75_cy0.75_layoutC__gamma_0.05__false_hotspot_y_js_0.15,0.6609635969963852,0.7876921339717422,7.072990394799267,19.745844092334977,-12.672853697535711
0.05,false_negative_suppression,0.05,cx0.75_cy0.75_layoutC,y,cx0.75_cy0.75_layoutC__gamma_0.05__false_negative_suppression_y_js_0.05,0.8132831308666796,0.7876921339717422,4.387843665523847,1.828743976030112,2.559099689493735
0.05,false_negative_suppression,0.1,cx0.75_cy0.75_layoutC,y,cx0.75_cy0.75_layoutC__gamma_0.05__false_negative_suppression_y_js_0.1,0.8201696649171781,0.7876921339717422,5.975062713340885,2.7273096187972916,3.2477530945435937
0.05,false_negative_suppression,0.15,cx0.75_cy0.75_layoutC,y,cx0.75_cy0.75_layoutC__gamma_0.05__false_negative_suppression_y_js_0.15,0.8219172545887947,0.7876921339717422,6.442248057305516,3.019735995600271,3.422512061705245
0.1,uniform_prior_baseline,,cx0.75_cy0.75_layoutC,,cx0.75_cy0.75_layoutC__gamma_0.1__uniform_prior_baseline,0.7757491390130553,0.7815081287798751,3.6221623958247315,4.1980613725067,-0.5758989766819687
0.1,diffuse_blur,0.05,cx0.75_cy0.75_layoutC,,cx0.75_cy0.75_layoutC__gamma_0.1__diffuse_blur_js_0.05,0.7993833631477195,0.7815081287798751,2.052673283113051,0.26514984632860616,1.787523436784445
0.1,diffuse_blur,0.1,cx0.75_cy0.75_layoutC,,cx0.75_cy0.75_layoutC__gamma_0.1__diffuse_blur_js_0.1,0.7921101575980145,0.7815081287798751,3.018628771649854,1.9584258898359181,1.0602028818139357
0.1,diffuse_blur,0.15,cx0.75_cy0.75_layoutC,,cx0.75_cy0.75_layoutC__gamma_0.1__diffuse_blur_js_0.15,0.7761991183681112,0.7815081287798751,3.6390197475777026,4.169920788754086,-0.5309010411763837
0.1,spatial_shift,0.05,cx0.75_cy0.75_layoutC,x,cx0.75_cy0.75_layoutC__gamma_0.1__spatial_shift_x_js_0.05,0.7885039265011059,0.7815081287798751,3.5961241189392563,2.8965443468161727,0.6995797721230836
0.1,spatial_shift,0.1,cx0.75_cy0.75_layoutC,x,cx0.75_cy0.75_layoutC__gamma_0.1__spatial_shift_x_js_0.1,0.7694081215948039,0.7815081287798751,3.824852848401525,5.0348535669086445,-1.2100007185071195
0.1,spatial_shift,0.15,cx0.75_cy0.75_layoutC,x,cx0.75_cy0.75_layoutC__gamma_0.1__spatial_shift_x_js_0.15,0.7654461202703056,0.7815081287798751,4.73292696583408,6.339127816791038,-1.6062008509569576
0.1,false_hotspot,0.05,cx0.75_cy0.75_layoutC,x,cx0.75_cy0.75_layoutC__gamma_0.1__false_hotspot_x_js_0.05,0.8396506130704641,0.7815081287798751,6.204438056777843,0.39018962771895466,5.814248429058889
0.1,false_hotspot,0.1,cx0.75_cy0.75_layoutC,x,cx0.75_cy0.75_layoutC__gamma_0.1__false_hotspot_x_js_0.1,0.8437104504039904,0.7815081287798751,8.318976168694729,2.0987440062832015,6.220232162411527
0.1,false_hotspot,0.15,cx0.75_cy0.75_layoutC,x,cx0.75_cy0.75_layoutC__gamma_0.1__false_hotspot_x_js_0.15,0.8080321985485202,0.7815081287798751,7.791865661003375,5.139458684138871,2.652406976864504
0.1,false_negative_suppression,0.05,cx0.75_cy0.75_layoutC,x,cx0.75_cy0.75_layoutC__gamma_0.1__false_negative_suppression_x_js_0.05,0.7632474785085178,0.7815081287798751,0.38781102556490976,2.2138760527006376,-1.8260650271357277
0.1,false_negative_suppression,0.1,cx0.75_cy0.75_layoutC,x,cx0.75_cy0.75_layoutC__gamma_0.1__false_negative_suppression_x_js_0.1,0.7562762847424134,0.7815081287798751,1.9185332303496203,4.441717634095788,-2.5231844037461677
0.1,false_negative_suppression,0.15,cx0.75_cy0.75_layoutC,x,cx0.75_cy0.75_layoutC__gamma_0.1__false_negative_suppression_x_js_0.15,0.7443928906246049,0.7815081287798751,2.167068904065243,5.87859271959226,-3.7115238155270167
0.1,spatial_shift,0.05,cx0.75_cy0.75_layoutC,y,cx0.75_cy0.75_layoutC__gamma_0.1__spatial_shift_y_js_0.05,0.7454144227545199,0.7815081287798751,2.212245131096734,5.821615733632255,-3.6093706025355208
0.1,spatial_shift,0.1,cx0.75_cy0.75_layoutC,y,cx0.75_cy0.75_layoutC__gamma_0.1__spatial_shift_y_js_0.1,0.7261261840504885,0.7815081287798751,3.3445009320599337,8.882695404998595,-5.538194472938661
0.1,spatial_shift,0.15,cx0.75_cy0.75_layoutC,y,cx0.75_cy0.75_layoutC__gamma_0.1__spatial_shift_y_js_0.15,0.7002396338860349,0.7815081287798751,3.879496310395282,12.006345799779291,-8.126849489384009
0.1,false_hotspot,0.05,cx0.75_cy0.75_layoutC,y,cx0.75_cy0.75_layoutC__gamma_0.1__false_hotspot_y_js_0.05,0.7758345851636644,0.7815081287798751,2.813061128999162,3.3804154906202326,-0.5673543616210708
0.1,false_hotspot,0.1,cx0.75_cy0.75_layoutC,y,cx0.75_cy0.75_layoutC__gamma_0.1__false_hotspot_y_js_0.1,0.7359897914023877,0.7815081287798751,3.3382675548729845,7.890101292621714,-4.55183373774873
0.1,false_hotspot,0.15,cx0.75_cy0.75_layoutC,y,cx0.75_cy0.75_layoutC__gamma_0.1__false_hotspot_y_js_0.15,0.6811497221172168,0.7815081287798751,4.582700127259091,14.61854079352492,-10.035840666265829
0.1,false_negative_suppression,0.05,cx0.75_cy0.75_layoutC,y,cx0.75_cy0.75_layoutC__gamma_0.1__false_negative_suppression_y_js_0.05,0.7835726011688482,0.7815081287798751,3.6370100899582543,3.4305628510609303,0.20644723889732397
0.1,false_negative_suppression,0.1,cx0.75_cy0.75_layoutC,y,cx0.75_cy0.75_layoutC__gamma_0.1__false_negative_suppression_y_js_0.1,0.7792134141130694,0.7815081287798751,4.415484707124426,4.644956173804984,-0.2294714666805584
0.1,false_negative_suppression,0.15,cx0.75_cy0.75_layoutC,y,cx0.75_cy0.75_layoutC__gamma_0.1__false_negative_suppression_y_js_0.15,0.7571365492777729,0.7815081287798751,4.47522196041533,6.91237991062556,-2.4371579502102305
