dataset,scene,gamma,family,js,direction,prior_id,plan_id,tf_s,path_length,camera_path_length_15s,visible_cells,supported_cells,visible_area,visible_free_fraction,entropy_node_nats,entropy_dwell_tf_nats,entropy_dwell_15s_nats,ergodic_metric,ergodic_metric_saved,ergodic_metric_abs_difference,ergodic_constraint_residual,nodes,terminal_arrival_s
formal,cx0.25_cy0.25_layoutA,0.05,oracle,0.0,,oracle,cx0.25_cy0.25_layoutA__gamma_0.05__oracle,4.1410109241834405,1.8332277917268132,1.8332277917268132,754,1600,0.47125,0.47125,3.717941794871362,4.156841508432399,1.7043041986117689,0.05000000000915885,0.050000000009158836,1.3877787807814457e-17,9.158847291690364e-12,50,4.058190705699771
formal,cx0.25_cy0.25_layoutA,0.05,uniform_prior_baseline,,,uniform_prior_baseline,cx0.25_cy0.25_layoutA__gamma_0.05__uniform_prior_baseline,4.523423783340837,2.1475202495562047,2.1475202495562047,828,1600,0.5175,0.5175,3.7733935693161573,4.412722551844258,1.9081722569713038,0.05000000000983383,0.05000000000983384,6.938893903907228e-18,9.83382819619294e-12,50,4.43295530767402
formal,cx0.25_cy0.25_layoutA,0.05,diffuse_blur,0.05,,diffuse_blur_js_0.05,cx0.25_cy0.25_layoutA__gamma_0.05__diffuse_blur_js_0.05,4.366232062279995,1.997877158991752,1.9978771589917523,736,1600,0.46,0.46,3.7733935693161573,4.316925238801256,1.8258956706615816,0.05000000004550273,0.050000000045502715,1.3877787807814457e-17,4.5502726586654774e-11,50,4.278907421034395
formal,cx0.25_cy0.25_layoutA,0.05,diffuse_blur,0.1,,diffuse_blur_js_0.1,cx0.25_cy0.25_layoutA__gamma_0.05__diffuse_blur_js_0.1,4.406151546472068,2.0284887805525273,2.028488780552528,802,1600,0.50125,0.50125,3.7733935693161573,4.341348221543117,1.8466763832916033,0.0500000000029361,0.05000000000293614,4.163336342344337e-17,2.936095810923689e-12,50,4.318028515542626
formal,cx0.25_cy0.25_layoutA,0.05,diffuse_blur,0.15,,diffuse_blur_js_0.15,cx0.25_cy0.25_layoutA__gamma_0.05__diffuse_blur_js_0.15,4.4673896020090185,2.09855035833205,2.0985503583320497,829,1600,0.518125,0.518125,3.7733935693161573,4.350187333487389,1.8702172688474237,0.050000000000268816,0.05000000000026883,1.3877787807814457e-17,2.6881274983736603e-13,50,4.378041809968838
formal,cx0.25_cy0.25_layoutA,0.05,spatial_shift,0.05,x,spatial_shift_x_js_0.05,cx0.25_cy0.25_layoutA__gamma_0.05__spatial_shift_x_js_0.05,4.226830067742222,1.8732411708307193,1.8732411708307188,660,1600,0.4125,0.4125,3.7733935693161573,4.180990448377213,1.7398124978395386,0.050000000013804315,0.05000000001380435,3.469446951953614e-17,1.3804311860265983e-11,50,4.142293466387377
formal,cx0.25_cy0.25_layoutA,0.05,spatial_shift,0.1,x,spatial_shift_x_js_0.1,cx0.25_cy0.25_layoutA__gamma_0.05__spatial_shift_x_js_0.1,4.300376087047818,1.8906670702899624,1.890667070289963,656,1600,0.41,0.41,3.7733935693161573,4.188301045479578,1.7665000540375047,0.05000000001050836,0.05000000001050875,3.885780586188048e-16,1.0508358072591761e-11,50,4.214368565306861
formal,cx0.25_cy0.25_layoutA,0.05,spatial_shift,0.15,x,spatial_shift_x_js_0.15,cx0.25_cy0.25_layoutA__gamma_0.05__spatial_shift_x_js_0.15,4.365080816637875,1.9140471666052374,1.9140471666052374,728,1600,0.455,0.455,3.7456676820937593,4.19780372031795,1.7908377689522865,0.05000000000300955,0.05000000000300938,1.6653345369377348e-16,3.009544002896547e-12,50,4.277779200305118
formal,cx0.25_cy0.25_layoutA,0.05,false_hotspot,0.05,x,false_hotspot_x_js_0.05,cx0.25_cy0.25_layoutA__gamma_0.05__false_hotspot_x_js_0.05,4.5311220852382394,1.929683796393282,1.9296837963932822,841,1600,0.525625,0.525625,3.7456676820937593,4.289997253249622,1.8737507157056836,0.050000000108132006,0.05000000010813194,6.938893903907228e-17,1.0813200335135775e-10,50,4.4404996435334745
formal,cx0.25_cy0.25_layoutA,0.05,false_hotspot,0.1,x,false_hotspot_x_js_0.1,cx0.25_cy0.25_layoutA__gamma_0.05__false_hotspot_x_js_0.1,4.573895038001547,1.921122324889056,1.921122324889056,843,1600,0.526875,0.526875,3.84610626810806,4.273017767106824,1.8829287765442988,0.0500000000111671,0.05000000001116707,2.7755575615628914e-17,1.116709502646529e-11,50,4.482417137241516
formal,cx0.25_cy0.25_layoutA,0.05,false_hotspot,0.15,x,false_hotspot_x_js_0.15,cx0.25_cy0.25_layoutA__gamma_0.05__false_hotspot_x_js_0.15,4.593026601601009,2.132647577807503,2.1326475778075027,801,1600,0.500625,0.500625,3.84610626810806,4.34770921731619,1.9121866772749736,0.05000000000337383,0.05000000000337394,1.1102230246251565e-16,3.3738289939577726e-12,50,4.501166069568988
formal,cx0.25_cy0.25_layoutA,0.05,false_negative_suppression,0.05,x,false_negative_suppression_x_js_0.05,cx0.25_cy0.25_layoutA__gamma_0.05__false_negative_suppression_x_js_0.05,3.8675839497825195,1.7035226802859165,1.7035226802859162,705,1600,0.440625,0.440625,3.7733935693161573,4.138777358497003,1.6071222762124724,0.050000000000154914,0.05000000000015484,7.632783294297951e-17,1.5491080640472887e-13,50,3.790232270786869
formal,cx0.25_cy0.25_layoutA,0.05,false_negative_suppression,0.1,x,false_negative_suppression_x_js_0.1,cx0.25_cy0.25_layoutA__gamma_0.05__false_negative_suppression_x_js_0.1,4.0322177610695205,1.8245559512195777,1.8245559512195777,729,1600,0.455625,0.455625,3.7733935693161573,4.237089422015489,1.689259372018756,0.050000000016203125,0.05000000001620299,1.3183898417423734e-16,1.620312217731623e-11,50,3.9515734058481304
formal,cx0.25_cy0.25_layoutA,0.05,false_negative_suppression,0.15,x,false_negative_suppression_x_js_0.15,cx0.25_cy0.25_layoutA__gamma_0.05__false_negative_suppression_x_js_0.15,4.139391865589627,1.920074469116845,1.9200744691168448,831,1600,0.519375,0.519375,3.8011194565385553,4.345940107921935,1.7559447044868355,0.050000000000348405,0.05000000000034843,2.7755575615628914e-17,3.4840186291518194e-13,50,4.056604028277834
formal,cx0.25_cy0.25_layoutA,0.05,spatial_shift,0.05,y,spatial_shift_y_js_0.05,cx0.25_cy0.25_layoutA__gamma_0.05__spatial_shift_y_js_0.05,4.241495440951006,1.7819186334992572,1.7819186334992572,742,1600,0.46375,0.46375,3.717941794871362,4.156674983512806,1.737849760556437,0.050000000001053674,0.050000000001053375,2.983724378680108e-16,1.0536710393083126e-12,50,4.156665532131986
formal,cx0.25_cy0.25_layoutA,0.05,spatial_shift,0.1,y,spatial_shift_y_js_0.1,cx0.25_cy0.25_layoutA__gamma_0.05__spatial_shift_y_js_0.1,4.339015763811509,1.7903515898027365,1.790351589802737,760,1600,0.475,0.475,3.717941794871362,4.157380076183914,1.7704485701687631,0.05000000000915778,0.0500000000091577,8.326672684688674e-17,9.157778702029162e-12,50,4.252235448535279
formal,cx0.25_cy0.25_layoutA,0.05,spatial_shift,0.15,y,spatial_shift_y_js_0.15,cx0.25_cy0.25_layoutA__gamma_0.05__spatial_shift_y_js_0.15,4.445439645735835,1.786714355695818,1.7867143556958183,752,1600,0.47,0.47,3.717941794871362,4.130352409986983,1.7975680900397306,0.05000000000450582,0.05000000000450562,2.0122792321330962e-16,4.505819328759486e-12,50,4.356530852821118
formal,cx0.25_cy0.25_layoutA,0.05,false_hotspot,0.05,y,false_hotspot_y_js_0.05,cx0.25_cy0.25_layoutA__gamma_0.05__false_hotspot_y_js_0.05,4.531114215299664,1.9294789463406332,1.9294789463406334,841,1600,0.525625,0.525625,3.7456676820937593,4.291705764198431,1.8742641681541552,0.050000000000857095,0.05000000000085666,4.371503159461554e-16,8.570921750106208e-13,50,4.44049193099367
formal,cx0.25_cy0.25_layoutA,0.05,false_hotspot,0.1,y,false_hotspot_y_js_0.1,cx0.25_cy0.25_layoutA__gamma_0.05__false_hotspot_y_js_0.1,4.573894934585951,1.9211026569257585,1.9211026569257588,830,1600,0.51875,0.51875,3.84610626810806,4.273416838118429,1.8830504292564951,0.050000000093669936,0.05000000009366992,1.3877787807814457e-17,9.366993292125869e-11,50,4.482417035894232
formal,cx0.25_cy0.25_layoutA,0.05,false_hotspot,0.15,y,false_hotspot_y_js_0.15,cx0.25_cy0.25_layoutA__gamma_0.05__false_hotspot_y_js_0.15,4.6128032596664355,2.0245492624395376,2.0245492624395376,798,1600,0.49875,0.49875,3.84610626810806,4.281273189649889,1.898449530162137,0.05000000000737787,0.05000000000737794,6.938893903907228e-17,7.377869148950111e-12,50,4.520547194473107
formal,cx0.25_cy0.25_layoutA,0.05,false_negative_suppression,0.05,y,false_negative_suppression_y_js_0.05,cx0.25_cy0.25_layoutA__gamma_0.05__false_negative_suppression_y_js_0.05,3.8675839366677986,1.7035198180640867,1.7035198180640865,791,1600,0.494375,0.494375,3.7733935693161573,4.138773578138098,1.6071212970267952,0.05000000073436951,0.050000000734369346,1.6653345369377348e-16,7.343695096473368e-10,50,3.7902322579344427
formal,cx0.25_cy0.25_layoutA,0.05,false_negative_suppression,0.1,y,false_negative_suppression_y_js_0.1,cx0.25_cy0.25_layoutA__gamma_0.05__false_negative_suppression_y_js_0.1,4.029251111093131,1.8288801638342727,1.8288801638342727,781,1600,0.488125,0.488125,3.717941794871362,4.238439520157671,1.6886040447107025,0.05000000000010052,0.0500000000001006,8.326672684688674e-17,1.0051681709200011e-13,50,3.948666088871268
formal,cx0.25_cy0.25_layoutA,0.05,false_negative_suppression,0.15,y,false_negative_suppression_y_js_0.15,cx0.25_cy0.25_layoutA__gamma_0.05__false_negative_suppression_y_js_0.15,4.148573775953693,1.876155847161619,1.8761558471616193,783,1600,0.489375,0.489375,3.7233533269623384,4.2349086060790375,1.7284312105905595,0.05000000000373016,0.050000000003730255,9.71445146547012e-17,3.7301550737112166e-12,50,4.06560230043462
formal,cx0.25_cy0.25_layoutA,0.1,oracle,0.0,,oracle,cx0.25_cy0.25_layoutA__gamma_0.1__oracle,3.3287601056735165,1.3733813648154154,1.3733813648154158,695,1600,0.434375,0.434375,3.447478884119199,3.719077727996974,1.3272698977635216,0.10000000003876075,0.10000000003876089,1.3877787807814457e-16,3.8760744613952625e-11,50,3.2621849035600463
formal,cx0.25_cy0.25_layoutA,0.1,uniform_prior_baseline,,,uniform_prior_baseline,cx0.25_cy0.25_layoutA__gamma_0.1__uniform_prior_baseline,3.8562554930800657,1.7256191719011023,1.725619171901102,749,1600,0.468125,0.468125,3.7733935693161573,4.161639751730489,1.609144123378914,0.10000000001448588,0.10000000001448592,4.163336342344337e-17,1.4485870836189463e-11,50,3.7791303832184644
formal,cx0.25_cy0.25_layoutA,0.1,diffuse_blur,0.05,,diffuse_blur_js_0.05,cx0.25_cy0.25_layoutA__gamma_0.1__diffuse_blur_js_0.05,3.600699374301492,1.5262196819016314,1.5262196819016312,721,1600,0.450625,0.450625,3.7456676820937593,4.022633797090386,1.4876231990160966,0.10000000000470143,0.10000000000470141,1.3877787807814457e-17,4.701419809016727e-12,50,3.528685386815462
formal,cx0.25_cy0.25_layoutA,0.1,diffuse_blur,0.1,,diffuse_blur_js_0.1,cx0.25_cy0.25_layoutA__gamma_0.1__diffuse_blur_js_0.1,3.6928184420124004,1.600947941668213,1.6009479416682129,749,1600,0.468125,0.468125,3.7456676820937593,4.049715610322689,1.5253876219505245,0.10000000002771549,0.1000000000277155,1.3877787807814457e-17,2.7715482686652138e-11,50,3.618962073172152
formal,cx0.25_cy0.25_layoutA,0.1,diffuse_blur,0.15,,diffuse_blur_js_0.15,cx0.25_cy0.25_layoutA__gamma_0.1__diffuse_blur_js_0.15,3.7977361443542,1.6833410012822754,1.6833410012822756,759,1600,0.474375,0.474375,3.7733935693161573,4.135290297593986,1.5824199225690814,0.10000000000423798,0.10000000000423796,1.3877787807814457e-17,4.237971085174763e-12,50,3.721781421467116
formal,cx0.25_cy0.25_layoutA,0.1,spatial_shift,0.05,x,spatial_shift_x_js_0.05,cx0.25_cy0.25_layoutA__gamma_0.1__spatial_shift_x_js_0.05,3.378502270118265,1.4856985739764113,1.4856985739764113,624,1600,0.39,0.39,3.634764133204168,3.8933825569085503,1.3826672809134357,0.1000000000114935,0.10000000001149355,4.163336342344337e-17,1.1493500595705086e-11,50,3.3109322247159
formal,cx0.25_cy0.25_layoutA,0.1,spatial_shift,0.1,x,spatial_shift_x_js_0.1,cx0.25_cy0.25_layoutA__gamma_0.1__spatial_shift_x_js_0.1,3.388377880685943,1.4356121799476926,1.435612179947693,626,1600,0.39125,0.39125,3.624299170328877,3.8373793034961237,1.3733280274314246,0.10000000001242557,0.10000000001242605,4.85722573273506e-16,1.242556058045352e-11,50,3.3206103230722244
formal,cx0.25_cy0.25_layoutA,0.1,spatial_shift,0.15,x,spatial_shift_x_js_0.15,cx0.25_cy0.25_layoutA__gamma_0.1__spatial_shift_x_js_0.15,3.459776547197017,1.4930996738223794,1.4930996738223796,627,1600,0.391875,0.391875,3.5515864715369743,3.857322439682687,1.4015307706590572,0.10000000003053662,0.10000000003053632,3.0531133177191805e-16,3.053661490337589e-11,50,3.390581016253077
formal,cx0.25_cy0.25_layoutA,0.1,false_hotspot,0.05,x,false_hotspot_x_js_0.05,cx0.25_cy0.25_layoutA__gamma_0.1__false_hotspot_x_js_0.05,3.5532199187410596,1.5622109908050807,1.5622109908050803,784,1600,0.49,0.49,3.707476831996071,4.0089342895200675,1.46827169649595,0.10000000000053526,0.10000000000053517,8.326672684688674e-17,5.352523979595958e-13,50,3.482155520366238
formal,cx0.25_cy0.25_layoutA,0.1,false_hotspot,0.1,x,false_hotspot_x_js_0.1,cx0.25_cy0.25_layoutA__gamma_0.1__false_hotspot_x_js_0.1,3.5170117551357056,1.6209518434289425,1.620951843428942,767,1600,0.479375,0.479375,3.690215907648964,4.046623518336082,1.4648225977233431,0.10000000000778342,0.10000000000778345,2.7755575615628914e-17,7.78341280316397e-12,50,3.4466715200329916
formal,cx0.25_cy0.25_layoutA,0.1,false_hotspot,0.15,x,false_hotspot_x_js_0.15,cx0.25_cy0.25_layoutA__gamma_0.1__false_hotspot_x_js_0.15,3.5211300380509845,1.671181555644819,1.6711815556448197,745,1600,0.465625,0.465625,3.6624900204265654,4.104846109002846,1.479899220132128,0.10000000001254317,0.10000000001254337,2.0816681711721685e-16,1.254316095433694e-11,50,3.450707437289965
formal,cx0.25_cy0.25_layoutA,0.1,false_negative_suppression,0.05,x,false_negative_suppression_x_js_0.05,cx0.25_cy0.25_layoutA__gamma_0.1__false_negative_suppression_x_js_0.05,3.0236289620065397,1.3284746936919023,1.328474693691902,747,1600,0.466875,0.466875,3.508342190654972,3.7741731353294616,1.2379961249940856,0.10000000000656895,0.10000000000656883,1.1102230246251565e-16,6.5689398365265106e-12,50,2.9631563827664085
formal,cx0.25_cy0.25_layoutA,0.1,false_negative_suppression,0.1,x,false_negative_suppression_x_js_0.1,cx0.25_cy0.25_layoutA__gamma_0.1__false_negative_suppression_x_js_0.1,2.8723596560860014,1.3365061927221649,1.3365061927221653,748,1600,0.4675,0.4675,3.6692859818983816,3.8665640824506635,1.2044505848516724,0.10000000002075202,0.10000000002075182,1.942890293094024e-16,2.075201122053727e-11,50,2.814912462964281
formal,cx0.25_cy0.25_layoutA,0.1,false_negative_suppression,0.15,x,false_negative_suppression_x_js_0.15,cx0.25_cy0.25_layoutA__gamma_0.1__false_negative_suppression_x_js_0.15,2.7462920294394815,1.3315573416522302,1.33155734165223,728,1600,0.455,0.455,3.6415600946759836,3.887296476784936,1.1642800593838873,0.1000000000000341,0.10000000000003394,1.6653345369377348e-16,3.409772464380012e-14,50,2.691366188850692
formal,cx0.25_cy0.25_layoutA,0.1,spatial_shift,0.05,y,spatial_shift_y_js_0.05,cx0.25_cy0.25_layoutA__gamma_0.1__spatial_shift_y_js_0.05,3.3524022082702825,1.3762336627984668,1.3762336627984668,752,1600,0.47,0.47,3.513395621439286,3.7800789665263377,1.3485813002201414,0.1000000000001386,0.10000000000013817,4.3021142204224816e-16,1.3859746683664298e-13,50,3.285354164104877
formal,cx0.25_cy0.25_layoutA,0.1,spatial_shift,0.1,y,spatial_shift_y_js_0.1,cx0.25_cy0.25_layoutA__gamma_0.1__spatial_shift_y_js_0.1,3.3892793460767887,1.433613036990782,1.433613036990782,770,1600,0.48125,0.48125,3.513395621439286,3.754880952552388,1.354986151115397,0.10000000000269119,0.1000000000026911,8.326672684688674e-17,2.6911806116913795e-12,50,3.321493759155253
formal,cx0.25_cy0.25_layoutA,0.1,spatial_shift,0.15,y,spatial_shift_y_js_0.15,cx0.25_cy0.25_layoutA__gamma_0.1__spatial_shift_y_js_0.15,3.4542165499023647,1.4980843698437907,1.498084369843791,775,1600,0.484375,0.484375,3.624299170328877,3.9113882434632847,1.4121401883967826,0.10000000000046526,0.10000000000046497,2.914335439641036e-16,4.652528362569797e-13,50,3.3851322189043174
formal,cx0.25_cy0.25_layoutA,0.1,false_hotspot,0.05,y,false_hotspot_y_js_0.05,cx0.25_cy0.25_layoutA__gamma_0.1__false_hotspot_y_js_0.05,3.5532199186205107,1.5622108865063853,1.5622108865063853,767,1600,0.479375,0.479375,3.707476831996071,4.00893608472476,1.4682721217055694,0.10000000001102752,0.10000000001102688,6.38378239159465e-16,1.1027512236694292e-11,50,3.4821555202481007
formal,cx0.25_cy0.25_layoutA,0.1,false_hotspot,0.1,y,false_hotspot_y_js_0.1,cx0.25_cy0.25_layoutA__gamma_0.1__false_hotspot_y_js_0.1,3.5170117551005333,1.6209518840916108,1.6209518840916104,783,1600,0.489375,0.489375,3.690215907648964,4.046619817679158,1.4648217300277113,0.10000000001069176,0.1000000000106917,5.551115123125783e-17,1.069175303847203e-11,50,3.4466715199985227
formal,cx0.25_cy0.25_layoutA,0.1,false_hotspot,0.15,y,false_hotspot_y_js_0.15,cx0.25_cy0.25_layoutA__gamma_0.1__false_hotspot_y_js_0.15,3.5211269551157756,1.6709148542327927,1.6709148542327927,791,1600,0.494375,0.494375,3.6624900204265654,4.104025434650674,1.4797055067222198,0.1000000000191949,0.10000000001919505,1.5265566588595902e-16,1.9194895672924872e-11,50,3.45070441601346
formal,cx0.25_cy0.25_layoutA,0.1,false_negative_suppression,0.05,y,false_negative_suppression_y_js_0.05,cx0.25_cy0.25_layoutA__gamma_0.1__false_negative_suppression_y_js_0.05,3.0151534065939196,1.3188751472190714,1.3188751472190716,711,1600,0.444375,0.444375,3.54653304075266,3.8155341706612917,1.243455814753688,0.10000000000898775,0.10000000000898787,1.249000902703301e-16,8.987741106913916e-12,50,2.9548503384620415
formal,cx0.25_cy0.25_layoutA,0.1,false_negative_suppression,0.1,y,false_negative_suppression_y_js_0.1,cx0.25_cy0.25_layoutA__gamma_0.1__false_negative_suppression_y_js_0.1,2.8723596560649876,1.33650592297954,1.3365059229795397,626,1600,0.39125,0.39125,3.6692859818983816,3.866569034130171,1.204451533044678,0.10000000002240245,0.10000000002240225,1.942890293094024e-16,2.2402441013369412e-11,50,2.814912462943688
formal,cx0.25_cy0.25_layoutA,0.1,false_negative_suppression,0.15,y,false_negative_suppression_y_js_0.15,cx0.25_cy0.25_layoutA__gamma_0.1__false_negative_suppression_y_js_0.15,2.7462920292843043,1.3315575728547857,1.331557572854786,623,1600,0.389375,0.389375,3.6415600946759836,3.8872945041757783,1.164279698171887,0.100000000009252,0.1000000000092522,2.0816681711721685e-16,9.25198806456251e-12,50,2.691366188698618
formal,cx0.25_cy0.25_layoutB,0.05,oracle,0.0,,oracle,cx0.25_cy0.25_layoutB__gamma_0.05__oracle,4.375367568309029,1.7725289317458461,1.772528931745846,817,1532,0.510625,0.533289817232376,3.6902159076489642,4.138388684133028,1.776934923369303,0.05000000000855161,0.050000000008551024,5.828670879282072e-16,8.55160386947773e-12,50,4.287860216942849
formal,cx0.25_cy0.25_layoutB,0.05,uniform_prior_baseline,,,uniform_prior_baseline,cx0.25_cy0.25_layoutB__gamma_0.05__uniform_prior_baseline,4.624327569415376,2.233883445142559,2.233883445142559,764,1532,0.4775,0.49869451697127937,3.84610626810806,4.447533236707143,1.9535512154993742,0.050000000000609404,0.050000000000609376,2.7755575615628914e-17,6.094014182167484e-13,50,4.531841018027069
formal,cx0.25_cy0.25_layoutB,0.05,diffuse_blur,0.05,,diffuse_blur_js_0.05,cx0.25_cy0.25_layoutB__gamma_0.05__diffuse_blur_js_0.05,6.036892433467686,2.86091030409318,2.8609103040931796,856,1532,0.535,0.5587467362924282,3.84610626810806,4.683491252712224,2.516138800142501,0.050000000000000766,0.050000000000000204,5.620504062164855e-16,7.632783294297951e-16,50,5.916154584798332
formal,cx0.25_cy0.25_layoutB,0.05,diffuse_blur,0.1,,diffuse_blur_js_0.1,cx0.25_cy0.25_layoutB__gamma_0.05__diffuse_blur_js_0.1,4.440179769115272,2.069481769712166,2.069481769712166,862,1532,0.53875,0.5626631853785901,3.7733935693161573,4.363242722353902,1.864785194165776,0.050000000017575236,0.050000000017575215,2.0816681711721685e-17,1.7575232935662655e-11,50,4.351376173732966
formal,cx0.25_cy0.25_layoutB,0.05,diffuse_blur,0.15,,diffuse_blur_js_0.15,cx0.25_cy0.25_layoutB__gamma_0.05__diffuse_blur_js_0.15,4.741914112386511,2.3128250030494217,2.3128250030494217,780,1532,0.4875,0.5091383812010444,3.84610626810806,4.4831706690717095,2.0052057438700217,0.05000000000017277,0.05000000000017274,2.7755575615628914e-17,1.7276458041948217e-13,50,4.647075830138781
formal,cx0.25_cy0.25_layoutB,0.05,spatial_shift,0.05,x,spatial_shift_x_js_0.05,cx0.25_cy0.25_layoutB__gamma_0.05__spatial_shift_x_js_0.05,4.362026424392978,1.7855605490291813,1.7855605490291817,783,1532,0.489375,0.5110966057441253,3.679750944773673,4.121614334482104,1.7676634776722626,0.05000000000660366,0.05000000000660354,1.1796119636642288e-16,6.6036551227277585e-12,50,4.274785895905119
formal,cx0.25_cy0.25_layoutB,0.05,spatial_shift,0.1,x,spatial_shift_x_js_0.1,cx0.25_cy0.25_layoutB__gamma_0.05__spatial_shift_x_js_0.1,4.398929482305972,1.7846508417507136,1.7846508417507134,744,1532,0.465,0.4856396866840731,3.7179417948713622,4.11251344663418,1.7770968997379124,0.05000000000200748,0.05000000000200724,2.42861286636753e-16,2.0074775175515924e-12,50,4.310950892659852
formal,cx0.25_cy0.25_layoutB,0.05,spatial_shift,0.15,x,spatial_shift_x_js_0.15,cx0.25_cy0.25_layoutB__gamma_0.05__spatial_shift_x_js_0.15,4.467801323705839,1.7927122302597918,1.7927122302597922,725,1532,0.453125,0.47323759791122716,3.717941794871362,4.171018490626265,1.816991768960392,0.05000000000138623,0.05000000000138631,8.326672684688674e-17,1.3862244685469705e-12,50,4.378445297231722
formal,cx0.25_cy0.25_layoutB,0.05,false_hotspot,0.05,x,false_hotspot_x_js_0.05,cx0.25_cy0.25_layoutB__gamma_0.05__false_hotspot_x_js_0.05,4.546012629496828,1.9299582759780078,1.9299582759780076,836,1532,0.5225,0.5456919060052219,3.7456676820937593,4.264734752488051,1.8710963116133446,0.05000000000674114,0.0500000000067413,1.5959455978986625e-16,6.741135427645872e-12,50,4.455092376906891
formal,cx0.25_cy0.25_layoutB,0.05,false_hotspot,0.1,x,false_hotspot_x_js_0.1,cx0.25_cy0.25_layoutB__gamma_0.05__false_hotspot_x_js_0.1,4.585391378793227,1.9230301427224454,1.923030142722446,849,1532,0.530625,0.554177545691906,3.84610626810806,4.2879805922117855,1.891341854519502,0.050000000002652534,0.05000000000265255,1.3877787807814457e-17,2.652530972646616e-12,50,4.493683551217362
formal,cx0.25_cy0.25_layoutB,0.05,false_hotspot,0.15,x,false_hotspot_x_js_0.15,cx0.25_cy0.25_layoutB__gamma_0.05__false_hotspot_x_js_0.15,4.648482289818485,2.0296219856854942,2.029621985685495,801,1532,0.500625,0.5228459530026109,3.84610626810806,4.323363805745756,1.9233906177126048,0.05000000000000038,0.05000000000000011,2.706168622523819e-16,3.7470027081099033e-16,50,4.555512644022115
formal,cx0.25_cy0.25_layoutB,0.05,false_negative_suppression,0.05,x,false_negative_suppression_x_js_0.05,cx0.25_cy0.25_layoutB__gamma_0.05__false_negative_suppression_x_js_0.05,3.9581956956620252,1.7643484390205846,1.7643484390205846,817,1532,0.510625,0.533289817232376,3.7733935693161573,4.177039821339369,1.6479552296128137,0.05000000000818222,0.05000000000818199,2.2898349882893854e-16,8.182218791397133e-12,50,3.8790317817487847
formal,cx0.25_cy0.25_layoutB,0.05,false_negative_suppression,0.1,x,false_negative_suppression_x_js_0.1,cx0.25_cy0.25_layoutB__gamma_0.05__false_negative_suppression_x_js_0.1,4.050995179617104,1.8539869303082632,1.853986930308263,829,1532,0.518125,0.5411227154046997,3.818380380885662,4.228420567972268,1.6933570658822057,0.05000000000109428,0.05000000000109441,1.3183898417423734e-16,1.0942774464339777e-12,50,3.9699752760247615
formal,cx0.25_cy0.25_layoutB,0.05,false_negative_suppression,0.15,x,false_negative_suppression_x_js_0.15,cx0.25_cy0.25_layoutB__gamma_0.05__false_negative_suppression_x_js_0.15,4.20135521077354,2.013744790676463,2.013744790676463,934,1532,0.58375,0.6096605744125326,3.8011194565385553,4.317215370142073,1.7694228553517206,0.05000000000419178,0.05000000000419179,6.938893903907228e-18,4.191778868456453e-12,50,4.11732810655807
formal,cx0.25_cy0.25_layoutB,0.05,spatial_shift,0.05,y,spatial_shift_y_js_0.05,cx0.25_cy0.25_layoutB__gamma_0.05__spatial_shift_y_js_0.05,6.422635630743697,2.876903421269993,2.8769034212699935,1044,1532,0.6525,0.6814621409921671,3.762928606440866,4.587272204788931,2.6023470787434695,0.05000000000010403,0.05000000000010395,8.326672684688674e-17,1.0402789740737717e-13,50,6.294182918128823
formal,cx0.25_cy0.25_layoutB,0.05,spatial_shift,0.1,y,spatial_shift_y_js_0.1,cx0.25_cy0.25_layoutB__gamma_0.05__spatial_shift_y_js_0.1,6.4365842692152535,2.917824580708106,2.9178245807081056,1050,1532,0.65625,0.685378590078329,3.790654493663264,4.580173284037179,2.6037693644819266,0.05000000000000624,0.050000000000006484,2.42861286636753e-16,6.238065619612598e-15,50,6.3078525838309485
formal,cx0.25_cy0.25_layoutB,0.05,spatial_shift,0.15,y,spatial_shift_y_js_0.15,cx0.25_cy0.25_layoutB__gamma_0.05__spatial_shift_y_js_0.15,6.377435382862169,2.861145440245011,2.86114544024501,1046,1532,0.65375,0.6827676240208878,3.818380380885662,4.618156468204797,2.6009744807635213,0.050000000097166236,0.05000000009716626,2.0816681711721685e-17,9.716623339262043e-11,50,6.249886675204925
formal,cx0.25_cy0.25_layoutB,0.05,false_hotspot,0.05,y,false_hotspot_y_js_0.05,cx0.25_cy0.25_layoutB__gamma_0.05__false_hotspot_y_js_0.05,6.5000404895732595,2.7761299115305036,2.776129911530504,1191,1532,0.744375,0.7774151436031331,3.84610626810806,4.676525728513482,2.6657776496434935,0.0500000000007706,0.05000000000077039,2.1510571102112408e-16,7.705988624984172e-13,50,6.370039679781794
formal,cx0.25_cy0.25_layoutB,0.05,false_hotspot,0.1,y,false_hotspot_y_js_0.1,cx0.25_cy0.25_layoutB__gamma_0.05__false_hotspot_y_js_0.1,6.375552450156284,2.9290360120836305,2.9290360120836305,1194,1532,0.74625,0.779373368146214,3.84610626810806,4.713544434928037,2.64090904745145,0.05000000001030963,0.05000000001030953,1.0408340855860843e-16,1.0309628151183858e-11,50,6.248041401153158
formal,cx0.25_cy0.25_layoutB,0.05,false_hotspot,0.15,y,false_hotspot_y_js_0.15,cx0.25_cy0.25_layoutB__gamma_0.05__false_hotspot_y_js_0.15,6.694852506183876,3.2231375621253893,3.2231375621253897,1234,1532,0.77125,0.8054830287206266,3.84610626810806,4.808361293971368,2.78761579174466,0.050000000000276046,0.05000000000027596,8.326672684688674e-17,2.7604307728523736e-13,50,6.560955456060198
formal,cx0.25_cy0.25_layoutB,0.05,false_negative_suppression,0.05,y,false_negative_suppression_y_js_0.05,cx0.25_cy0.25_layoutB__gamma_0.05__false_negative_suppression_y_js_0.05,3.887097238672019,1.7225295997047243,1.7225295997047245,782,1532,0.48875,0.5104438642297651,3.7733935693161564,4.141621946547396,1.6144940768506597,0.05000000001808948,0.050000000018089484,6.938893903907228e-18,1.808947436288122e-11,50,3.8093552938985784
formal,cx0.25_cy0.25_layoutB,0.05,false_negative_suppression,0.1,y,false_negative_suppression_y_js_0.1,cx0.25_cy0.25_layoutB__gamma_0.05__false_negative_suppression_y_js_0.1,4.025971472910843,1.8261166949145158,1.8261166949145156,795,1532,0.496875,0.5189295039164491,3.7733935693161573,4.21927577137032,1.6823346242642856,0.05000000000022234,0.05000000000022263,2.914335439641036e-16,2.223360384689954e-13,50,3.9454520434526263
formal,cx0.25_cy0.25_layoutB,0.05,false_negative_suppression,0.15,y,false_negative_suppression_y_js_0.15,cx0.25_cy0.25_layoutB__gamma_0.05__false_negative_suppression_y_js_0.15,4.410791734301063,2.0120734895885244,2.0120734895885244,794,1532,0.49625,0.5182767624020888,3.7733935693161573,4.334293039110085,1.8461888020185997,0.05000000007300949,0.05000000007300947,2.0816681711721685e-17,7.300948734467738e-11,50,4.3225758996150425
formal,cx0.25_cy0.25_layoutB,0.1,oracle,0.0,,oracle,cx0.25_cy0.25_layoutB__gamma_0.1__oracle,3.5296588200233967,1.4768598836421891,1.476859883642189,712,1532,0.445,0.46475195822454307,3.624299170328877,3.942317087064086,1.4446048959121205,0.10000000000408937,0.1000000000040885,8.743006318923108e-16,4.089367733328686e-12,50,3.459065643622929
formal,cx0.25_cy0.25_layoutB,0.1,uniform_prior_baseline,,,uniform_prior_baseline,cx0.25_cy0.25_layoutB__gamma_0.1__uniform_prior_baseline,3.994932261844465,1.8224542782905755,1.822454278290576,692,1532,0.4325,0.4516971279373368,3.7733935693161573,4.265357704895638,1.683979654039831,0.1000000000231443,0.10000000002314423,6.938893903907228e-17,2.314429203842394e-11,50,3.915033616607576
formal,cx0.25_cy0.25_layoutB,0.1,diffuse_blur,0.05,,diffuse_blur_js_0.05,cx0.25_cy0.25_layoutB__gamma_0.1__diffuse_blur_js_0.05,3.689606562608244,1.5793656503174596,1.5793656503174598,754,1532,0.47125,0.49216710182767626,3.7456676820937593,4.0715923607490465,1.5296820247986802,0.10000000000109006,0.10000000000108958,4.85722573273506e-16,1.0900585989404021e-12,50,3.615814431356079
formal,cx0.25_cy0.25_layoutB,0.1,diffuse_blur,0.1,,diffuse_blur_js_0.1,cx0.25_cy0.25_layoutB__gamma_0.1__diffuse_blur_js_0.1,3.739090018150833,1.6405922965475688,1.640592296547569,784,1532,0.49,0.5117493472584856,3.7456676820937593,4.13331265591102,1.5618549328509204,0.10000000002211967,0.1000000000221196,6.938893903907228e-17,2.2119667208997384e-11,50,3.664308217787816
formal,cx0.25_cy0.25_layoutB,0.1,diffuse_blur,0.15,,diffuse_blur_js_0.15,cx0.25_cy0.25_layoutB__gamma_0.1__diffuse_blur_js_0.15,4.160167562041264,1.897549510116782,1.897549510116782,709,1532,0.443125,0.46279373368146215,3.7733935693161573,4.265151294782568,1.7407642633201217,0.10000000000277436,0.10000000000277434,1.3877787807814457e-17,2.7743501940236115e-12,50,4.076964210800438
formal,cx0.25_cy0.25_layoutB,0.1,spatial_shift,0.05,x,spatial_shift_x_js_0.05,cx0.25_cy0.25_layoutB__gamma_0.1__spatial_shift_x_js_0.05,3.478447094541845,1.4430155378504084,1.4430155378504081,628,1532,0.3925,0.40992167101827676,3.6070382459817703,3.8894188766571642,1.4151501257181667,0.10000000000000156,0.10000000000000135,2.0816681711721685e-16,1.5543122344752192e-15,50,3.408878152651008
formal,cx0.25_cy0.25_layoutB,0.1,spatial_shift,0.1,x,spatial_shift_x_js_0.1,cx0.25_cy0.25_layoutB__gamma_0.1__spatial_shift_x_js_0.1,3.4549307316091067,1.4695268064911284,1.4695268064911282,592,1532,0.37,0.38642297650130547,3.6070382459817703,3.874024481982217,1.4037733232241016,0.10000000003943706,0.10000000003943661,4.440892098500626e-16,3.9437050847190847e-11,50,3.3858321169769243
formal,cx0.25_cy0.25_layoutB,0.1,spatial_shift,0.15,x,spatial_shift_x_js_0.15,cx0.25_cy0.25_layoutB__gamma_0.1__spatial_shift_x_js_0.15,3.4773220848763033,1.515840632136955,1.515840632136955,601,1532,0.375625,0.3922976501305483,3.6624900204265654,3.939889161854016,1.4264758960298762,0.10000000000585337,0.1000000000058535,1.3877787807814457e-16,5.853359463792174e-12,50,3.407775643178777
formal,cx0.25_cy0.25_layoutB,0.1,false_hotspot,0.05,x,false_hotspot_x_js_0.05,cx0.25_cy0.25_layoutB__gamma_0.1__false_hotspot_x_js_0.05,3.572414407490187,1.5760098814039822,1.5760098814039822,753,1532,0.470625,0.4915143603133159,3.717941794871362,4.0345481733534925,1.4808721671825897,0.100000000000361,0.10000000000036122,2.220446049250313e-16,3.6098901645686965e-13,50,3.5009661193403834
formal,cx0.25_cy0.25_layoutB,0.1,false_hotspot,0.1,x,false_hotspot_x_js_0.1,cx0.25_cy0.25_layoutB__gamma_0.1__false_hotspot_x_js_0.1,3.5296655223320097,1.6271657374981927,1.6271657374981925,723,1532,0.451875,0.4719321148825065,3.6624900204265654,4.039334697922175,1.4674364556284398,0.1000000000251957,0.10000000002519581,1.1102230246251565e-16,2.5195692754387267e-11,50,3.459072211885369
formal,cx0.25_cy0.25_layoutB,0.1,false_hotspot,0.15,x,false_hotspot_x_js_0.15,cx0.25_cy0.25_layoutB__gamma_0.1__false_hotspot_x_js_0.15,3.535049150796846,1.669829405680894,1.6698294056808938,693,1532,0.433125,0.45234986945169714,3.6624900204265654,4.09618853864329,1.4826732129670543,0.10000000000020538,0.10000000000020484,5.412337245047638e-16,2.0537738176784615e-13,50,3.4643481677809094
formal,cx0.25_cy0.25_layoutB,0.1,false_negative_suppression,0.05,x,false_negative_suppression_x_js_0.05,cx0.25_cy0.25_layoutB__gamma_0.1__false_negative_suppression_x_js_0.05,3.169021764788256,1.3947638055846392,1.3947638055846396,653,1532,0.408125,0.4262402088772846,3.5915198523221648,3.9039323431865056,1.314075991953046,0.1000000000084443,0.100000000008444,3.0531133177191805e-16,8.44430081414771e-12,50,3.105641329492491
formal,cx0.25_cy0.25_layoutB,0.1,false_negative_suppression,0.1,x,false_negative_suppression_x_js_0.1,cx0.25_cy0.25_layoutB__gamma_0.1__false_negative_suppression_x_js_0.1,3.096355375212036,1.4126891300223192,1.4126891300223194,651,1532,0.406875,0.42493472584856395,3.657436589642252,3.9654033294224442,1.3018834540295465,0.100000000001158,0.10000000000115816,1.6653345369377348e-16,1.157990370259654e-12,50,3.0344282677077956
formal,cx0.25_cy0.25_layoutB,0.1,false_negative_suppression,0.15,x,false_negative_suppression_x_js_0.15,cx0.25_cy0.25_layoutB__gamma_0.1__false_negative_suppression_x_js_0.15,3.077791672717058,1.4260806621509032,1.4260806621509037,663,1532,0.414375,0.43276762402088775,3.657436589642252,3.9397451833640558,1.2901640075950231,0.10000000000155858,0.10000000000155841,1.6653345369377348e-16,1.5585727153322182e-12,50,3.016235839262717
formal,cx0.25_cy0.25_layoutB,0.1,spatial_shift,0.05,y,spatial_shift_y_js_0.05,cx0.25_cy0.25_layoutB__gamma_0.1__spatial_shift_y_js_0.05,5.977149278995813,2.1960071139850985,2.196007113985099,991,1532,0.619375,0.6468668407310705,3.613834207453586,4.258183066168267,2.32669446760685,0.10000000000107878,0.10000000000107855,2.3592239273284576e-16,1.078775957452649e-12,50,5.8576062934158974
formal,cx0.25_cy0.25_layoutB,0.1,spatial_shift,0.1,y,spatial_shift_y_js_0.1,cx0.25_cy0.25_layoutB__gamma_0.1__spatial_shift_y_js_0.1,5.235999555980814,2.420081443608697,2.4200814436086957,648,1532,0.405,0.42297650130548303,3.84610626810806,4.485420649582753,2.173897486981664,0.0999999999999995,0.0999999999999999,3.885780586188048e-16,-4.996003610813204e-16,50,5.131279564861197
formal,cx0.25_cy0.25_layoutB,0.1,spatial_shift,0.15,y,spatial_shift_y_js_0.15,cx0.25_cy0.25_layoutB__gamma_0.1__spatial_shift_y_js_0.15,5.261603830722627,2.420586361583342,2.4205863615833425,639,1532,0.399375,0.4171018276762402,3.84610626810806,4.505843046002003,2.189638005339897,0.1000000000000261,0.10000000000002615,5.551115123125783e-17,2.609024107869118e-14,50,5.156371754108175
formal,cx0.25_cy0.25_layoutB,0.1,false_hotspot,0.05,y,false_hotspot_y_js_0.05,cx0.25_cy0.25_layoutB__gamma_0.1__false_hotspot_y_js_0.05,5.460129098146729,2.4253578791354986,2.425357879135499,712,1532,0.445,0.46475195822454307,3.84610626810806,4.516345470881637,2.25981413543981,0.10000000000020885,0.10000000000020856,2.914335439641036e-16,2.0884682871979976e-13,50,5.350926516183795
formal,cx0.25_cy0.25_layoutB,0.1,false_hotspot,0.1,y,false_hotspot_y_js_0.1,cx0.25_cy0.25_layoutB__gamma_0.1__false_hotspot_y_js_0.1,5.198056323626394,2.602285390710421,2.602285390710421,758,1532,0.47375,0.49477806788511747,3.84610626810806,4.573155473514063,2.191567817446445,0.10000000003227297,0.10000000003227269,2.7755575615628914e-16,3.227296208052621e-11,50,5.094095197153866
formal,cx0.25_cy0.25_layoutB,0.1,false_hotspot,0.15,y,false_hotspot_y_js_0.15,cx0.25_cy0.25_layoutB__gamma_0.1__false_hotspot_y_js_0.15,5.29186743194753,2.596613963872296,2.5966139638722963,781,1532,0.488125,0.5097911227154047,3.84610626810806,4.56815291142593,2.221783240453843,0.10000000000445673,0.10000000000445664,9.71445146547012e-17,4.4567266543893425e-12,50,5.186030083308579
formal,cx0.25_cy0.25_layoutB,0.1,false_negative_suppression,0.05,y,false_negative_suppression_y_js_0.05,cx0.25_cy0.25_layoutB__gamma_0.1__false_negative_suppression_y_js_0.05,3.1297597652684583,1.3566435404030974,1.3566435404030974,568,1532,0.355,0.370757180156658,3.5360680778773697,3.880205632963305,1.2956989470333342,0.10000000011991539,0.10000000011991547,8.326672684688674e-17,1.1991538317879247e-10,50,3.067164569963089
formal,cx0.25_cy0.25_layoutB,0.1,false_negative_suppression,0.1,y,false_negative_suppression_y_js_0.1,cx0.25_cy0.25_layoutB__gamma_0.1__false_negative_suppression_y_js_0.1,2.9557265508721398,1.3507025740550096,1.3507025740550094,544,1532,0.34,0.35509138381201044,3.613834207453586,3.9187029361034305,1.2435534160018376,0.10000000000155931,0.10000000000155947,1.5265566588595902e-16,1.5593082380860324e-12,50,2.8966120198546967
formal,cx0.25_cy0.25_layoutB,0.1,false_negative_suppression,0.15,y,false_negative_suppression_y_js_0.15,cx0.25_cy0.25_layoutB__gamma_0.1__false_negative_suppression_y_js_0.15,2.812358544336216,1.3419879623316948,1.341987962331695,543,1532,0.339375,0.35443864229765015,3.6415600946759836,3.880160216931557,1.1861306670804024,0.10000000000059171,0.10000000000059175,4.163336342344337e-17,5.91707238761785e-13,50,2.7561113734494915
formal,cx0.25_cy0.25_layoutC,0.05,oracle,0.0,,oracle,cx0.25_cy0.25_layoutC__gamma_0.05__oracle,8.558490071919177,3.370021322569037,3.370021322569037,1088,1536,0.68,0.7083333333333334,3.7733935693161573,4.650919996127885,3.2838512640639035,0.05000000000913289,0.05000000000913311,2.1510571102112408e-16,9.132888889595847e-12,50,8.387320270480792
formal,cx0.25_cy0.25_layoutC,0.05,uniform_prior_baseline,,,uniform_prior_baseline,cx0.25_cy0.25_layoutC__gamma_0.05__uniform_prior_baseline,4.68142321799549,2.263235993473555,2.2632359934735544,762,1536,0.47625,0.49609375,3.818380380885662,4.418414918114474,1.9641094300298994,0.05000000000207157,0.05000000000207161,4.163336342344337e-17,2.0715651416480796e-12,50,4.58779475363558
formal,cx0.25_cy0.25_layoutC,0.05,diffuse_blur,0.05,,diffuse_blur_js_0.05,cx0.25_cy0.25_layoutC__gamma_0.05__diffuse_blur_js_0.05,7.113970100109777,2.743110924265912,2.7431109242659115,1106,1536,0.69125,0.7200520833333334,3.818380380885662,4.588091070653565,2.8201371653982825,0.05000000000197726,0.05000000000197723,3.469446951953614e-17,1.9772586346000764e-12,50,6.97169069810758
formal,cx0.25_cy0.25_layoutC,0.05,diffuse_blur,0.1,,diffuse_blur_js_0.1,cx0.25_cy0.25_layoutC__gamma_0.05__diffuse_blur_js_0.1,4.425534861241192,2.0565949982718488,2.0565949982718488,865,1536,0.540625,0.5631510416666666,3.7733935693161573,4.361235220334585,1.859170173361657,0.050000000016913536,0.05000000001691346,7.632783294297951e-17,1.6913533074092157e-11,50,4.337024164016368
formal,cx0.25_cy0.25_layoutC,0.05,diffuse_blur,0.15,,diffuse_blur_js_0.15,cx0.25_cy0.25_layoutC__gamma_0.05__diffuse_blur_js_0.15,4.873919419633279,2.393194438112053,2.393194438112054,785,1536,0.490625,0.5110677083333334,3.790654493663264,4.473364927437824,2.047345608931936,0.04999999999999999,0.050000000000000044,5.551115123125783e-17,-1.3877787807814457e-17,50,4.776441031240614
formal,cx0.25_cy0.25_layoutC,0.05,spatial_shift,0.05,x,spatial_shift_x_js_0.05,cx0.25_cy0.25_layoutC__gamma_0.05__spatial_shift_x_js_0.05,5.799233124590254,2.5366358149025996,2.5366358149025996,789,1536,0.493125,0.513671875,3.6588210190230903,4.362749501219449,2.3123180829463488,0.05000000000169065,0.05000000000169003,6.175615574477433e-16,1.6906476218991884e-12,50,5.683248462098448
formal,cx0.25_cy0.25_layoutC,0.05,spatial_shift,0.1,x,spatial_shift_x_js_0.1,cx0.25_cy0.25_layoutC__gamma_0.05__spatial_shift_x_js_0.1,5.638266490402114,2.3963680663663163,2.3963680663663167,758,1536,0.47375,0.4934895833333333,3.707476831996071,4.393115160553141,2.2725329324688976,0.050000000000720836,0.05000000000072136,5.273559366969494e-16,7.208331154195946e-13,50,5.525501160594072
formal,cx0.25_cy0.25_layoutC,0.05,spatial_shift,0.15,x,spatial_shift_x_js_0.15,cx0.25_cy0.25_layoutC__gamma_0.05__spatial_shift_x_js_0.15,5.633502767559306,2.2922897405270763,2.292289740527077,797,1536,0.498125,0.5188802083333334,3.6970118691207796,4.259998345714099,2.2210066000449658,0.050000000002613204,0.05000000000261348,2.7755575615628914e-16,2.61320132199927e-12,50,5.5208327122081196
formal,cx0.25_cy0.25_layoutC,0.05,false_hotspot,0.05,x,false_hotspot_x_js_0.05,cx0.25_cy0.25_layoutC__gamma_0.05__false_hotspot_x_js_0.05,6.214250743189186,2.46594140587878,2.46594140587878,987,1536,0.616875,0.642578125,3.7629286064408665,4.454301122645111,2.4800956730020594,0.050000000524691196,0.05000000052469122,2.0816681711721685e-17,5.246911932710319e-10,50,6.089965728325402
formal,cx0.25_cy0.25_layoutC,0.05,false_hotspot,0.1,x,false_hotspot_x_js_0.1,cx0.25_cy0.25_layoutC__gamma_0.05__false_hotspot_x_js_0.1,4.581603224355759,1.9244655742796926,1.9244655742796928,848,1536,0.53,0.5520833333333334,3.818380380885662,4.255125552465769,1.8800381185498258,0.05000000000018789,0.050000000000187804,8.326672684688674e-17,1.8788443023609602e-13,50,4.489971159868644
formal,cx0.25_cy0.25_layoutC,0.05,false_hotspot,0.15,x,false_hotspot_x_js_0.15,cx0.25_cy0.25_layoutC__gamma_0.05__false_hotspot_x_js_0.15,4.694802870224221,1.9073099744588473,1.9073099744588473,835,1536,0.521875,0.5436197916666666,3.84610626810806,4.313195159584506,1.9357453296236131,0.050000000000394784,0.050000000000394756,2.7755575615628914e-17,3.9478142976889785e-13,50,4.600906812819736
formal,cx0.25_cy0.25_layoutC,0.05,false_negative_suppression,0.05,x,false_negative_suppression_x_js_0.05,cx0.25_cy0.25_layoutC__gamma_0.05__false_negative_suppression_x_js_0.05,4.0695024333392205,1.8642959241736003,1.8642959241736001,832,1536,0.52,0.5416666666666666,3.7456676820937593,4.2654928097959495,1.709742726967027,0.050000000000248984,0.05000000000024894,4.163336342344337e-17,2.4898139105999917e-13,50,3.988112384672436
formal,cx0.25_cy0.25_layoutC,0.05,false_negative_suppression,0.1,x,false_negative_suppression_x_js_0.1,cx0.25_cy0.25_layoutC__gamma_0.05__false_negative_suppression_x_js_0.1,4.1250858123209735,2.0027861638920923,2.0027861638920927,920,1536,0.575,0.5989583333333334,3.828845343760953,4.344804976464159,1.7506513921706284,0.05000000000066267,0.05000000000066269,2.0816681711721685e-17,6.626643678231403e-13,50,4.042584096074554
formal,cx0.25_cy0.25_layoutC,0.05,false_negative_suppression,0.15,x,false_negative_suppression_x_js_0.15,cx0.25_cy0.25_layoutC__gamma_0.05__false_negative_suppression_x_js_0.15,4.191754186049397,2.006218371347834,2.006218371347834,918,1536,0.57375,0.59765625,3.8011194565385553,4.338128855669362,1.7719559023314897,0.05000000000105802,0.05000000000105793,9.020562075079397e-17,1.0580147868921586e-12,50,4.107919102328409
formal,cx0.25_cy0.25_layoutC,0.05,spatial_shift,0.05,y,spatial_shift_y_js_0.05,cx0.25_cy0.25_layoutC__gamma_0.05__spatial_shift_y_js_0.05,7.483182031414275,3.125018031807156,3.125018031807155,1183,1536,0.739375,0.7701822916666666,3.7524636435655756,4.584825705749173,2.931263515261533,0.050000000004236836,0.05000000000423688,4.163336342344337e-17,4.236833106574522e-12,50,7.333518390785989
formal,cx0.25_cy0.25_layoutC,0.05,spatial_shift,0.1,y,spatial_shift_y_js_0.1,cx0.25_cy0.25_layoutC__gamma_0.05__spatial_shift_y_js_0.1,7.084593945556077,2.9712063975729293,2.971206397572929,1165,1536,0.728125,0.7584635416666666,3.6970118691207796,4.551835730730778,2.7939419360481392,0.050000000001286224,0.050000000001286134,9.020562075079397e-17,1.2862211296038595e-12,50,6.942902066644955
formal,cx0.25_cy0.25_layoutC,0.05,spatial_shift,0.15,y,spatial_shift_y_js_0.15,cx0.25_cy0.25_layoutC__gamma_0.05__spatial_shift_y_js_0.15,8.38002866280783,3.330378338497307,3.330378338497307,1151,1536,0.719375,0.7493489583333334,3.8011194565385553,4.712319484375162,3.2664822331608283,0.05000000000211015,0.050000000002110113,3.469446951953614e-17,2.1101453917538038e-12,50,8.212428089551672
formal,cx0.25_cy0.25_layoutC,0.05,false_hotspot,0.05,y,false_hotspot_y_js_0.05,cx0.25_cy0.25_layoutC__gamma_0.05__false_hotspot_y_js_0.05,6.977846124783433,2.940329704746749,2.9403297047467487,1221,1536,0.763125,0.794921875,3.780189530787973,4.640787600109243,2.8024900108956117,0.05000000001813844,0.05000000001813789,5.48172618408671e-16,1.813843519826719e-11,50,6.838289202287764
formal,cx0.25_cy0.25_layoutC,0.05,false_hotspot,0.1,y,false_hotspot_y_js_0.1,cx0.25_cy0.25_layoutC__gamma_0.05__false_hotspot_y_js_0.1,6.920737322454177,3.1519947139562188,3.1519947139562183,1232,1536,0.77,0.8020833333333334,3.84610626810806,4.77497771269902,2.8464194168526764,0.05000000000705605,0.050000000007055914,1.3877787807814457e-16,7.056050188580798e-12,50,6.782322576005093
formal,cx0.25_cy0.25_layoutC,0.05,false_hotspot,0.15,y,false_hotspot_y_js_0.15,cx0.25_cy0.25_layoutC__gamma_0.05__false_hotspot_y_js_0.15,7.129334274679434,3.505645721086021,3.5056457210860223,1267,1536,0.791875,0.8248697916666666,3.84610626810806,4.886967476993194,2.9669285083988477,0.05000000003308,0.050000000033080555,5.551115123125783e-16,3.307999707491405e-11,50,6.986747589185845
formal,cx0.25_cy0.25_layoutC,0.05,false_negative_suppression,0.05,y,false_negative_suppression_y_js_0.05,cx0.25_cy0.25_layoutC__gamma_0.05__false_negative_suppression_y_js_0.05,3.963201999647903,1.7805691634366447,1.780569163436645,785,1536,0.490625,0.5110677083333334,3.7733935693161573,4.1906868127653905,1.6532665451821174,0.05000000000161221,0.05000000000161211,1.0408340855860843e-16,1.612210365209421e-12,50,3.883937959654945
formal,cx0.25_cy0.25_layoutC,0.05,false_negative_suppression,0.1,y,false_negative_suppression_y_js_0.1,cx0.25_cy0.25_layoutC__gamma_0.05__false_negative_suppression_y_js_0.1,4.027412417665172,1.8308034989768358,1.830803498976836,773,1536,0.483125,0.5032552083333334,3.7456676820937593,4.219782755972606,1.6829636142846787,0.050000000019876686,0.05000000001987678,9.020562075079397e-17,1.987668363234718e-11,50,3.9468641693118682
formal,cx0.25_cy0.25_layoutC,0.05,false_negative_suppression,0.15,y,false_negative_suppression_y_js_0.15,cx0.25_cy0.25_layoutC__gamma_0.05__false_negative_suppression_y_js_0.15,4.36878132584775,1.9975599815815208,1.9975599815815213,779,1536,0.486875,0.5071614583333334,3.7456676820937593,4.337886829890145,1.8328706938038373,0.050000000002865384,0.050000000002865315,6.938893903907228e-17,2.8653815431489704e-12,50,4.281405699330795
formal,cx0.25_cy0.25_layoutC,0.1,oracle,0.0,,oracle,cx0.25_cy0.25_layoutC__gamma_0.1__oracle,3.8534305188635116,1.7046317708581706,1.7046317708581709,837,1536,0.523125,0.544921875,3.690215907648964,4.143045986536947,1.603401217721937,0.10000000000005861,0.10000000000005918,5.689893001203927e-16,5.860589791240045e-14,50,3.7763619084862414
formal,cx0.25_cy0.25_layoutC,0.1,uniform_prior_baseline,,,uniform_prior_baseline,cx0.25_cy0.25_layoutC__gamma_0.1__uniform_prior_baseline,3.9666641514126657,1.8012459364073705,1.8012459364073705,681,1536,0.425625,0.443359375,3.7733935693161573,4.2426846415800625,1.6681994169123138,0.1000000000179468,0.10000000001794689,8.326672684688674e-17,1.794679682642908e-11,50,3.8873308683844123
formal,cx0.25_cy0.25_layoutC,0.1,diffuse_blur,0.05,,diffuse_blur_js_0.05,cx0.25_cy0.25_layoutC__gamma_0.1__diffuse_blur_js_0.05,3.792792677136348,1.6678036779269065,1.6678036779269065,789,1536,0.493125,0.513671875,3.717941794871362,4.135771005797363,1.5808525857892413,0.10000000001754908,0.10000000001754887,2.0816681711721685e-16,1.7549073305644924e-11,50,3.716936823593621
formal,cx0.25_cy0.25_layoutC,0.1,diffuse_blur,0.1,,diffuse_blur_js_0.1,cx0.25_cy0.25_layoutC__gamma_0.1__diffuse_blur_js_0.1,3.723763751263899,1.6350316355584487,1.6350316355584482,778,1536,0.48625,0.5065104166666666,3.7733935693161573,4.101228085596433,1.5486333424766419,0.10000000001874744,0.10000000001874737,6.938893903907228e-17,1.874743416063751e-11,50,3.6492884762386213
formal,cx0.25_cy0.25_layoutC,0.1,diffuse_blur,0.15,,diffuse_blur_js_0.15,cx0.25_cy0.25_layoutC__gamma_0.1__diffuse_blur_js_0.15,4.112246967483016,1.873493317771832,1.873493317771832,697,1536,0.435625,0.4537760416666667,3.7733935693161573,4.29403534731718,1.7322598168299033,0.10000000000000003,0.10000000000000003,0.0,2.7755575615628914e-17,50,4.030002028133356
formal,cx0.25_cy0.25_layoutC,0.1,spatial_shift,0.05,x,spatial_shift_x_js_0.05,cx0.25_cy0.25_layoutC__gamma_0.1__spatial_shift_x_js_0.05,3.6788719476145473,1.5846971671801413,1.5846971671801418,750,1536,0.46875,0.48828125,3.690215907648964,4.031272399405891,1.516143884776696,0.10000000004304821,0.10000000004304738,8.326672684688674e-16,4.3048203890450054e-11,50,3.6052945086622565
formal,cx0.25_cy0.25_layoutC,0.1,spatial_shift,0.1,x,spatial_shift_x_js_0.1,cx0.25_cy0.25_layoutC__gamma_0.1__spatial_shift_x_js_0.1,3.6265443649663154,1.5688539306229001,1.5688539306229001,718,1536,0.44875,0.4674479166666667,3.679750944773673,3.9712151710682306,1.4839365601733816,0.10000000000414519,0.10000000000414594,7.494005416219807e-16,4.145184195891716e-12,50,3.554013477666989
formal,cx0.25_cy0.25_layoutC,0.1,spatial_shift,0.15,x,spatial_shift_x_js_0.15,cx0.25_cy0.25_layoutC__gamma_0.1__spatial_shift_x_js_0.15,3.6105822756594605,1.5698067354062202,1.5698067354062204,702,1536,0.43875,0.45703125,3.7456676820937593,4.028513434558772,1.4923842720118583,0.10000000000604192,0.10000000000604235,4.3021142204224816e-16,6.041916966736949e-12,50,3.538370630146271
formal,cx0.25_cy0.25_layoutC,0.1,false_hotspot,0.05,x,false_hotspot_x_js_0.05,cx0.25_cy0.25_layoutC__gamma_0.1__false_hotspot_x_js_0.05,3.584566579074853,1.583537691046478,1.5835376910464782,756,1536,0.4725,0.4921875,3.7456676820937593,4.053176907186243,1.4894554532069244,0.10000000000006368,0.1000000000000637,2.7755575615628914e-17,6.367129046225273e-14,50,3.5128752474933562
formal,cx0.25_cy0.25_layoutC,0.1,false_hotspot,0.1,x,false_hotspot_x_js_0.1,cx0.25_cy0.25_layoutC__gamma_0.1__false_hotspot_x_js_0.1,3.5350478115649246,1.6328020287802978,1.6328020287802976,741,1536,0.463125,0.482421875,3.6624900204265654,4.055443044558382,1.4730702661062558,0.10000000000000317,0.10000000000000316,1.3877787807814457e-17,3.164135620181696e-15,50,3.464346855333626
formal,cx0.25_cy0.25_layoutC,0.1,false_hotspot,0.15,x,false_hotspot_x_js_0.15,cx0.25_cy0.25_layoutC__gamma_0.1__false_hotspot_x_js_0.15,3.539609472855486,1.6730185926897674,1.6730185926897672,719,1536,0.449375,0.4680989583333333,3.717941794871362,4.086801909199053,1.4820318848655938,0.10000000001661721,0.10000000001661713,8.326672684688674e-17,1.66172076099258e-11,50,3.468817283398376
formal,cx0.25_cy0.25_layoutC,0.1,false_negative_suppression,0.05,x,false_negative_suppression_x_js_0.05,cx0.25_cy0.25_layoutC__gamma_0.1__false_negative_suppression_x_js_0.05,3.4101232073572314,1.5404431257094593,1.54044312570946,743,1536,0.464375,0.4837239583333333,3.652025057551275,3.9983257292775276,1.4171196444161362,0.10000000000106454,0.10000000000106433,2.0816681711721685e-16,1.0645373471618313e-12,50,3.3419207432100873
formal,cx0.25_cy0.25_layoutC,0.1,false_negative_suppression,0.1,x,false_negative_suppression_x_js_0.1,cx0.25_cy0.25_layoutC__gamma_0.1__false_negative_suppression_x_js_0.1,3.342659009015253,1.5427165153231748,1.542716515323175,741,1536,0.463125,0.482421875,3.6624900204265654,4.031070482799761,1.4013111004301888,0.10000000004192035,0.10000000004192011,2.3592239273284576e-16,4.1920342197521165e-11,50,3.275805828834948
formal,cx0.25_cy0.25_layoutC,0.1,false_negative_suppression,0.15,x,false_negative_suppression_x_js_0.15,cx0.25_cy0.25_layoutC__gamma_0.1__false_negative_suppression_x_js_0.15,3.3337713246082417,1.5477270386155588,1.547727038615559,742,1536,0.46375,0.4830729166666667,3.652025057551275,4.012119948686701,1.3940275628016252,0.10000000005160169,0.10000000005160137,3.191891195797325e-16,5.160168126128184e-11,50,3.2670958981160765
formal,cx0.25_cy0.25_layoutC,0.1,spatial_shift,0.05,y,spatial_shift_y_js_0.05,cx0.25_cy0.25_layoutC__gamma_0.1__spatial_shift_y_js_0.05,6.266969223533957,2.7755446966354045,2.7755446966354054,1123,1536,0.701875,0.7311197916666666,3.6415600946759836,4.50969769307309,2.519836709409102,0.10000000000307115,0.1000000000030712,5.551115123125783e-17,3.0711405640815315e-12,50,6.1416298390632775
formal,cx0.25_cy0.25_layoutC,0.1,spatial_shift,0.1,y,spatial_shift_y_js_0.1,cx0.25_cy0.25_layoutC__gamma_0.1__spatial_shift_y_js_0.1,5.936706604728429,2.8026239326894538,2.8026239326894538,901,1536,0.563125,0.5865885416666666,3.7629286064408665,4.573307697181751,2.439007182580184,0.10000000000000034,0.10000000000000003,3.0531133177191805e-16,3.3306690738754696e-16,50,5.817972472633861
formal,cx0.25_cy0.25_layoutC,0.1,false_hotspot,0.05,y,false_hotspot_y_js_0.05,cx0.25_cy0.25_layoutC__gamma_0.1__false_hotspot_y_js_0.05,5.869146024157523,2.6539363692611904,2.6539363692611904,991,1536,0.619375,0.6451822916666666,3.84610626810806,4.597400059210262,2.426222012652326,0.10000000001257572,0.100000000012575,7.216449660063518e-16,1.2575718244534073e-11,50,5.751763103674373
formal,cx0.25_cy0.25_layoutC,0.1,false_hotspot,0.1,y,false_hotspot_y_js_0.1,cx0.25_cy0.25_layoutC__gamma_0.1__false_hotspot_y_js_0.1,5.626571987219964,2.745527671512887,2.7455276715128876,862,1536,0.53875,0.5611979166666666,3.818380380885662,4.639588106275026,2.361224283388893,0.10000000000000017,0.10000000000000002,1.5265566588595902e-16,1.6653345369377348e-16,50,5.514040547475564
formal,cx0.25_cy0.25_layoutC,0.1,false_hotspot,0.15,y,false_hotspot_y_js_0.15,cx0.25_cy0.25_layoutC__gamma_0.1__false_hotspot_y_js_0.15,5.755742477467473,2.65331582663934,2.6533158266393393,798,1536,0.49875,0.51953125,3.84610626810806,4.634174132467221,2.402681457169598,0.10000000000015814,0.100000000000159,8.604228440844963e-16,1.5813739207004573e-13,50,5.640627627918124
formal,cx0.25_cy0.25_layoutC,0.1,false_negative_suppression,0.05,y,false_negative_suppression_y_js_0.05,cx0.25_cy0.25_layoutC__gamma_0.1__false_negative_suppression_y_js_0.05,3.2757841458672448,1.4495960662524041,1.4495960662524041,663,1536,0.414375,0.431640625,3.6624900204265654,3.967078636423942,1.3641742116183975,0.1000000000044694,0.1000000000044694,0.0,4.469397074657877e-12,50,3.2102684629499
formal,cx0.25_cy0.25_layoutC,0.1,false_negative_suppression,0.1,y,false_negative_suppression_y_js_0.1,cx0.25_cy0.25_layoutC__gamma_0.1__false_negative_suppression_y_js_0.1,3.0882617351805903,1.4125426388525328,1.4125426388525326,600,1536,0.375,0.390625,3.6970118691207796,3.939846540590914,1.293808615462972,0.10000000001315626,0.10000000001315605,2.0816681711721685e-16,1.3156253864110568e-11,50,3.0264965004769784
formal,cx0.25_cy0.25_layoutC,0.1,false_negative_suppression,0.15,y,false_negative_suppression_y_js_0.15,cx0.25_cy0.25_layoutC__gamma_0.1__false_negative_suppression_y_js_0.15,2.9378881870153775,1.3844946401592217,1.3844946401592217,586,1536,0.36625,0.3815104166666667,3.6692859818983816,3.990087856500756,1.2513203058523308,0.1000000000003092,0.10000000000030915,5.551115123125783e-17,3.091971123581061e-13,50,2.87913042327507
formal,cx0.25_cy0.75_layoutA,0.05,oracle,0.0,,oracle,cx0.25_cy0.75_layoutA__gamma_0.05__oracle,5.35215656784166,2.1611976445832917,2.161197644583291,910,1600,0.56875,0.56875,3.790654493663264,4.327172186703405,2.1562435644751328,0.05000000002708677,0.05000000002708693,1.5959455978986625e-16,2.7086770326700815e-11,50,5.245113436484827
formal,cx0.25_cy0.75_layoutA,0.05,uniform_prior_baseline,,,uniform_prior_baseline,cx0.25_cy0.75_layoutA__gamma_0.05__uniform_prior_baseline,4.523423783340837,2.1475202495562047,2.1475202495562047,828,1600,0.5175,0.5175,3.7733935693161573,4.412722551844258,1.9081722569713038,0.05000000000983383,0.05000000000983384,6.938893903907228e-18,9.83382819619294e-12,50,4.43295530767402
formal,cx0.25_cy0.75_layoutA,0.05,diffuse_blur,0.05,,diffuse_blur_js_0.05,cx0.25_cy0.75_layoutA__gamma_0.05__diffuse_blur_js_0.05,4.4979685117970325,2.0349701259358346,2.0349701259358346,807,1600,0.504375,0.504375,3.7733935693161573,4.306623418599404,1.867583468740558,0.05000000001757736,0.05000000001757727,9.020562075079397e-17,1.757735623719725e-11,50,4.408009141561092
formal,cx0.25_cy0.75_layoutA,0.05,diffuse_blur,0.1,,diffuse_blur_js_0.1,cx0.25_cy0.75_layoutA__gamma_0.05__diffuse_blur_js_0.1,4.233409487642066,1.9639270267890707,1.9639270267890712,827,1600,0.516875,0.516875,3.7733935693161573,4.320785639553135,1.7814711714494489,0.05000000000339831,0.050000000003398326,1.3877787807814457e-17,3.3983094116507573e-12,50,4.1487412978892255
formal,cx0.25_cy0.75_layoutA,0.05,diffuse_blur,0.15,,diffuse_blur_js_0.15,cx0.25_cy0.75_layoutA__gamma_0.05__diffuse_blur_js_0.15,4.464338255548017,2.0995035968349796,2.0995035968349796,848,1600,0.53,0.53,3.7456676820937593,4.388180501723673,1.880483118789774,0.05000000000041641,0.05000000000041644,2.7755575615628914e-17,4.164099620673767e-13,50,4.375051490437056
formal,cx0.25_cy0.75_layoutA,0.05,spatial_shift,0.05,x,spatial_shift_x_js_0.05,cx0.25_cy0.75_layoutA__gamma_0.05__spatial_shift_x_js_0.05,5.0449049567025295,2.1109941135932697,2.1109941135932697,954,1600,0.59625,0.59625,3.762928606440866,4.256653472753291,2.0325496040510878,0.05000000000417951,0.05000000000417942,9.020562075079397e-17,4.179503965140441e-12,50,4.944006857568479
formal,cx0.25_cy0.75_layoutA,0.05,spatial_shift,0.1,x,spatial_shift_x_js_0.1,cx0.25_cy0.75_layoutA__gamma_0.05__spatial_shift_x_js_0.1,4.9040142053813565,2.0524060040780427,2.0524060040780427,962,1600,0.60125,0.60125,3.7524636435655756,4.256177879696258,1.9866053914561865,0.050000000009708695,0.05000000000970862,7.632783294297951e-17,9.708692183529877e-12,50,4.805933921273729
formal,cx0.25_cy0.75_layoutA,0.05,spatial_shift,0.15,x,spatial_shift_x_js_0.15,cx0.25_cy0.75_layoutA__gamma_0.05__spatial_shift_x_js_0.15,4.805203140977673,2.012234676760253,2.012234676760253,944,1600,0.59,0.59,3.790654493663264,4.214923219872524,1.9410478459770366,0.05000000000114199,0.050000000001142,6.938893903907228e-18,1.1419892809172438e-12,50,4.709099078158119
formal,cx0.25_cy0.75_layoutA,0.05,false_hotspot,0.05,x,false_hotspot_x_js_0.05,cx0.25_cy0.75_layoutA__gamma_0.05__false_hotspot_x_js_0.05,4.781707258541877,2.191678792859185,2.191678792859185,972,1600,0.6075,0.6075,3.818380380885662,4.3620126083603985,1.9802828849876164,0.050000000793553795,0.050000000793553795,0.0,7.935537921222036e-10,50,4.686073113371039
formal,cx0.25_cy0.75_layoutA,0.05,false_hotspot,0.1,x,false_hotspot_x_js_0.1,cx0.25_cy0.75_layoutA__gamma_0.05__false_hotspot_x_js_0.1,5.111378491086923,2.4978716456097234,2.497871645609724,850,1600,0.53125,0.53125,3.84610626810806,4.500927590219011,2.137258157486719,0.050000000000064965,0.05000000000006488,8.326672684688674e-17,6.496192472837947e-14,50,5.009150921265185
formal,cx0.25_cy0.75_layoutA,0.05,false_hotspot,0.15,x,false_hotspot_x_js_0.15,cx0.25_cy0.75_layoutA__gamma_0.05__false_hotspot_x_js_0.15,5.148186160436244,2.514887840386058,2.5148878403860575,804,1600,0.5025,0.5025,3.818380380885662,4.490122318622318,2.146000933432113,0.05000000000101407,0.050000000001014164,9.71445146547012e-17,1.0140638329048102e-12,50,5.045222437227519
formal,cx0.25_cy0.75_layoutA,0.05,false_negative_suppression,0.05,x,false_negative_suppression_x_js_0.05,cx0.25_cy0.75_layoutA__gamma_0.05__false_negative_suppression_x_js_0.05,4.641661599087948,2.038671267794864,2.038671267794864,787,1600,0.491875,0.491875,3.84610626810806,4.335588519492495,1.9248819590341897,0.05000000000000897,0.05000000000000911,1.3877787807814457e-16,8.965050923848139e-15,50,4.548828367106189
formal,cx0.25_cy0.75_layoutA,0.05,false_negative_suppression,0.1,x,false_negative_suppression_x_js_0.1,cx0.25_cy0.75_layoutA__gamma_0.05__false_negative_suppression_x_js_0.1,4.8501262752772645,2.120133068033675,2.120133068033675,826,1600,0.51625,0.51625,3.7629286064408665,4.339919384920097,1.996068375799285,0.050000000006035314,0.05000000000603534,2.7755575615628914e-17,6.035311139740429e-12,50,4.75312374977172
formal,cx0.25_cy0.75_layoutA,0.05,false_negative_suppression,0.15,x,false_negative_suppression_x_js_0.15,cx0.25_cy0.75_layoutA__gamma_0.05__false_negative_suppression_x_js_0.15,5.035349645575364,2.267345140151113,2.267345140151114,889,1600,0.555625,0.555625,3.818380380885662,4.413224646672216,2.082015737496513,0.05000000000028823,0.05000000000028827,4.163336342344337e-17,2.8822777498049845e-13,50,4.9346426526638565
formal,cx0.25_cy0.75_layoutA,0.05,spatial_shift,0.05,y,spatial_shift_y_js_0.05,cx0.25_cy0.75_layoutA__gamma_0.05__spatial_shift_y_js_0.05,4.954490454213877,2.0937442722417257,2.0937442722417257,925,1600,0.578125,0.578125,3.818380380885662,4.301151789589934,2.017907581745322,0.05000000000501603,0.05000000000501597,6.245004513516506e-17,5.016029258619881e-12,50,4.855400645129599
formal,cx0.25_cy0.75_layoutA,0.05,spatial_shift,0.1,y,spatial_shift_y_js_0.1,cx0.25_cy0.75_layoutA__gamma_0.05__spatial_shift_y_js_0.1,4.759207060724514,2.023611436925011,2.0236114369250107,927,1600,0.579375,0.579375,3.818380380885662,4.229945023655221,1.9308196753872564,0.05000000000116741,0.0500000000011674,6.938893903907228e-18,1.167406449287256e-12,50,4.664022919510024
formal,cx0.25_cy0.75_layoutA,0.05,spatial_shift,0.15,y,spatial_shift_y_js_0.15,cx0.25_cy0.75_layoutA__gamma_0.05__spatial_shift_y_js_0.15,4.600181096978062,1.9765405074055973,1.9765405074055975,916,1600,0.5725,0.5725,3.7524636435655756,4.185449010813571,1.8648472282248496,0.05000000000167275,0.050000000001672505,2.42861286636753e-16,1.6727452756271077e-12,50,4.508177475038501
formal,cx0.25_cy0.75_layoutA,0.05,false_hotspot,0.05,y,false_hotspot_y_js_0.05,cx0.25_cy0.75_layoutA__gamma_0.05__false_hotspot_y_js_0.05,4.397661169006906,1.9414141511849399,1.9414141511849403,798,1600,0.49875,0.49875,3.7733935693161573,4.296067104431264,1.8304959836456822,0.050000000007376616,0.050000000007376595,2.0816681711721685e-17,7.376613209153504e-12,50,4.3097079456267675
formal,cx0.25_cy0.75_layoutA,0.05,false_hotspot,0.1,y,false_hotspot_y_js_0.1,cx0.25_cy0.75_layoutA__gamma_0.05__false_hotspot_y_js_0.1,4.552233858252615,1.9501833041572376,1.9501833041572378,803,1600,0.501875,0.501875,3.7733935693161573,4.246602025330659,1.8676712847528265,0.05000000000000075,0.0500000000000007,5.551115123125783e-17,7.494005416219807e-16,50,4.461189181087563
formal,cx0.25_cy0.75_layoutA,0.05,false_hotspot,0.15,y,false_hotspot_y_js_0.15,cx0.25_cy0.75_layoutA__gamma_0.05__false_hotspot_y_js_0.15,4.692514603832398,1.966704739270327,1.9667047392703272,854,1600,0.53375,0.53375,3.8183803808856616,4.31372878386153,1.9351472742817328,0.05000000000139405,0.05000000000139437,3.191891195797325e-16,1.394044601976674e-12,50,4.59866431175575
formal,cx0.25_cy0.75_layoutA,0.05,false_negative_suppression,0.05,y,false_negative_suppression_y_js_0.05,cx0.25_cy0.75_layoutA__gamma_0.05__false_negative_suppression_y_js_0.05,4.667029393289366,2.0324243028130398,2.0324243028130398,829,1600,0.518125,0.518125,3.818380380885662,4.313334275931888,1.9264965381279315,0.049999999999998865,0.04999999999999888,1.3877787807814457e-17,-1.1379786002407855e-15,50,4.573688805423578
formal,cx0.25_cy0.75_layoutA,0.05,false_negative_suppression,0.1,y,false_negative_suppression_y_js_0.1,cx0.25_cy0.75_layoutA__gamma_0.05__false_negative_suppression_y_js_0.1,4.786420796158466,2.245934045413999,2.2459340454139984,879,1600,0.549375,0.549375,3.84610626810806,4.4388075753850575,2.006370368756892,0.05000000000536599,0.050000000005365995,6.938893903907228e-18,5.365985433769538e-12,50,4.690692380235296
formal,cx0.25_cy0.75_layoutA,0.05,false_negative_suppression,0.15,y,false_negative_suppression_y_js_0.15,cx0.25_cy0.75_layoutA__gamma_0.05__false_negative_suppression_y_js_0.15,4.731095311796226,2.29436125760063,2.2943612576006296,884,1600,0.5525,0.5525,3.84610626810806,4.45938123776757,1.993972255134982,0.05000000000011093,0.0500000000001109,2.7755575615628914e-17,1.1092515794786095e-13,50,4.636473405560301
formal,cx0.25_cy0.75_layoutA,0.1,oracle,0.0,,oracle,cx0.25_cy0.75_layoutA__gamma_0.1__oracle,4.219610121483,2.034156815228646,2.034156815228646,894,1600,0.55875,0.55875,3.7456676820937593,4.275702969580229,1.764035477489414,0.1000000000100632,0.10000000001006333,1.249000902703301e-16,1.0063200273080497e-11,50,4.13521791905334
formal,cx0.25_cy0.75_layoutA,0.1,uniform_prior_baseline,,,uniform_prior_baseline,cx0.25_cy0.75_layoutA__gamma_0.1__uniform_prior_baseline,3.8562554930800657,1.7256191719011023,1.725619171901102,749,1600,0.468125,0.468125,3.7733935693161573,4.161639751730489,1.609144123378914,0.10000000001448588,0.10000000001448592,4.163336342344337e-17,1.4485870836189463e-11,50,3.7791303832184644
formal,cx0.25_cy0.75_layoutA,0.1,diffuse_blur,0.05,,diffuse_blur_js_0.05,cx0.25_cy0.75_layoutA__gamma_0.1__diffuse_blur_js_0.05,3.5607125936115525,1.7241149263353013,1.724114926335301,803,1600,0.501875,0.501875,3.7179417948713613,4.129402026773146,1.4994068830610372,0.10000000003093623,0.10000000003093608,1.5265566588595902e-16,3.093622580330191e-11,50,3.489498341739321
formal,cx0.25_cy0.75_layoutA,0.1,diffuse_blur,0.1,,diffuse_blur_js_0.1,cx0.25_cy0.75_layoutA__gamma_0.1__diffuse_blur_js_0.1,3.1844605693119536,1.556109859167571,1.556109859167571,807,1600,0.504375,0.504375,3.629710702419854,4.022476260107131,1.3445111730177504,0.10000000000018477,0.10000000000018482,4.163336342344337e-17,1.8476886687324168e-13,50,3.120771357925715
formal,cx0.25_cy0.75_layoutA,0.1,diffuse_blur,0.15,,diffuse_blur_js_0.15,cx0.25_cy0.75_layoutA__gamma_0.1__diffuse_blur_js_0.15,3.735497980010398,1.6677612296352111,1.6677612296352116,804,1600,0.5025,0.5025,3.717941794871362,4.105667789588607,1.5537389425455708,0.1000000000164292,0.10000000001642914,5.551115123125783e-17,1.642919134070553e-11,50,3.66078802041019
formal,cx0.25_cy0.75_layoutA,0.1,spatial_shift,0.05,x,spatial_shift_x_js_0.05,cx0.25_cy0.75_layoutA__gamma_0.1__spatial_shift_x_js_0.05,3.9253984269957645,1.9127243235356082,1.9127243235356084,939,1600,0.586875,0.586875,3.7456676820937593,4.187661006952561,1.6395472047248627,0.10000000000024536,0.1000000000002452,1.6653345369377348e-16,2.453592884421596e-13,50,3.8468904584558494
formal,cx0.25_cy0.75_layoutA,0.1,spatial_shift,0.1,x,spatial_shift_x_js_0.1,cx0.25_cy0.75_layoutA__gamma_0.1__spatial_shift_x_js_0.1,3.7921312157507945,1.8569558558381674,1.8569558558381671,929,1600,0.580625,0.580625,3.7456676820937593,4.1541005591801365,1.585260412044005,0.10000000000000828,0.10000000000000812,1.5265566588595902e-16,8.271161533457416e-15,50,3.7162885914357786
formal,cx0.25_cy0.75_layoutA,0.1,spatial_shift,0.15,x,spatial_shift_x_js_0.15,cx0.25_cy0.75_layoutA__gamma_0.1__spatial_shift_x_js_0.15,3.679784758587461,1.8020262630636328,1.8020262630636328,903,1600,0.564375,0.564375,3.7456676820937593,4.1125076569636585,1.5363804060944026,0.10000000001431578,0.10000000001431578,0.0,1.4315770791029081e-11,50,3.606189063415712
formal,cx0.25_cy0.75_layoutA,0.1,false_hotspot,0.05,x,false_hotspot_x_js_0.05,cx0.25_cy0.75_layoutA__gamma_0.1__false_hotspot_x_js_0.05,3.6124553485990782,1.7064695755660926,1.7064695755660935,826,1600,0.51625,0.51625,3.7456676820937593,4.148957545109241,1.5220254638994246,0.1000000000026253,0.10000000000262524,5.551115123125783e-17,2.6252888751798764e-12,50,3.540206241627097
formal,cx0.25_cy0.75_layoutA,0.1,false_hotspot,0.1,x,false_hotspot_x_js_0.1,cx0.25_cy0.75_layoutA__gamma_0.1__false_hotspot_x_js_0.1,3.7554822351275017,1.709155015526898,1.7091550155268982,864,1600,0.54,0.54,3.717941794871362,4.120363531060722,1.5642290719285583,0.10000000002011972,0.10000000002011956,1.5265566588595902e-16,2.0119711452437627e-11,50,3.680372590424952
formal,cx0.25_cy0.75_layoutA,0.1,false_hotspot,0.15,x,false_hotspot_x_js_0.15,cx0.25_cy0.75_layoutA__gamma_0.1__false_hotspot_x_js_0.15,4.492006577747068,2.0822352849810577,2.082235284981058,742,1600,0.46375,0.46375,3.7456676820937593,4.304948874543971,1.8650674024118836,0.10000000002779603,0.10000000002779613,9.71445146547012e-17,2.7796029367088693e-11,50,4.402166446192127
formal,cx0.25_cy0.75_layoutA,0.1,false_negative_suppression,0.05,x,false_negative_suppression_x_js_0.05,cx0.25_cy0.75_layoutA__gamma_0.1__false_negative_suppression_x_js_0.05,3.56666614437595,1.7670364829283982,1.7670364829283984,794,1600,0.49625,0.49625,3.7179417948713613,4.149329510170483,1.5062090638911543,0.1000000000144404,0.10000000001444047,6.938893903907228e-17,1.4440393325543255e-11,50,3.495332821488431
formal,cx0.25_cy0.75_layoutA,0.1,false_negative_suppression,0.1,x,false_negative_suppression_x_js_0.1,cx0.25_cy0.75_layoutA__gamma_0.1__false_negative_suppression_x_js_0.1,3.4601493826324816,1.753217388149694,1.753217388149694,789,1600,0.493125,0.493125,3.6624900204265654,4.105605056666225,1.4589271857428272,0.10000000000124529,0.10000000000124518,1.1102230246251565e-16,1.2452816555708068e-12,50,3.3909463949798324
formal,cx0.25_cy0.75_layoutA,0.1,false_negative_suppression,0.15,x,false_negative_suppression_x_js_0.15,cx0.25_cy0.75_layoutA__gamma_0.1__false_negative_suppression_x_js_0.15,3.4631133261586475,1.7566103602862728,1.7566103602862728,776,1600,0.485,0.485,3.717941794871362,4.137911626073592,1.4674160260612905,0.10000000000107469,0.10000000000107473,4.163336342344337e-17,1.0746820100493437e-12,50,3.3938510596354745
formal,cx0.25_cy0.75_layoutA,0.1,spatial_shift,0.05,y,spatial_shift_y_js_0.05,cx0.25_cy0.75_layoutA__gamma_0.1__spatial_shift_y_js_0.05,3.8881251989900845,1.898126196494679,1.8981261964946787,929,1600,0.580625,0.580625,3.7733935693161573,4.162638849192033,1.6202913039626785,0.10000000000846804,0.10000000000846788,1.5265566588595902e-16,8.468031831299072e-12,50,3.810362695010283
formal,cx0.25_cy0.75_layoutA,0.1,spatial_shift,0.1,y,spatial_shift_y_js_0.1,cx0.25_cy0.75_layoutA__gamma_0.1__spatial_shift_y_js_0.1,3.7317681316682365,1.8295804970052039,1.8295804970052043,933,1600,0.583125,0.583125,3.7179417948713613,4.149174261872916,1.5632904905691758,0.10000000000352642,0.10000000000352652,9.71445146547012e-17,3.5264152709046925e-12,50,3.6571327690348716
formal,cx0.25_cy0.75_layoutA,0.1,spatial_shift,0.15,y,spatial_shift_y_js_0.15,cx0.25_cy0.75_layoutA__gamma_0.1__spatial_shift_y_js_0.15,3.596668162436262,1.744546875371736,1.7445468753717357,899,1600,0.561875,0.561875,3.7179417948713613,4.0777557424173505,1.4994748081839486,0.1000000000017096,0.10000000000170921,3.885780586188048e-16,1.7095908022568551e-12,50,3.524734799187537
formal,cx0.25_cy0.75_layoutA,0.1,false_hotspot,0.05,y,false_hotspot_y_js_0.05,cx0.25_cy0.75_layoutA__gamma_0.1__false_hotspot_y_js_0.05,3.4047791091375075,1.6748556417401252,1.6748556417401255,816,1600,0.51,0.51,3.6902159076489633,4.110451055608648,1.4407442785863058,0.10000000004991294,0.10000000004991288,5.551115123125783e-17,4.991293489631232e-11,50,3.3366835269547575
formal,cx0.25_cy0.75_layoutA,0.1,false_hotspot,0.1,y,false_hotspot_y_js_0.1,cx0.25_cy0.75_layoutA__gamma_0.1__false_hotspot_y_js_0.1,3.478689697687302,1.6336468704783738,1.6336468704783735,785,1600,0.490625,0.490625,3.6902159076489633,4.041084367620002,1.450403988649505,0.10000000000003004,0.1000000000000299,1.3877787807814457e-16,3.0031532816110484e-14,50,3.409115903733556
formal,cx0.25_cy0.75_layoutA,0.1,false_hotspot,0.15,y,false_hotspot_y_js_0.15,cx0.25_cy0.75_layoutA__gamma_0.1__false_hotspot_y_js_0.15,3.6222093659312913,1.6375164871064043,1.6375164871064039,784,1600,0.49,0.49,3.690215907648964,4.055634907003954,1.502871478022485,0.10000000000262219,0.10000000000262259,4.0245584642661925e-16,2.622180250710926e-12,50,3.5497651786126654
formal,cx0.25_cy0.75_layoutA,0.1,false_negative_suppression,0.05,y,false_negative_suppression_y_js_0.05,cx0.25_cy0.75_layoutA__gamma_0.1__false_negative_suppression_y_js_0.05,3.5799305306637805,1.7664837201371157,1.7664837201371153,806,1600,0.50375,0.50375,3.7179417948713613,4.141694170866652,1.508999633805437,0.10000000000000006,0.10000000000000016,9.71445146547012e-17,5.551115123125783e-17,50,3.5083319200505048
formal,cx0.25_cy0.75_layoutA,0.1,false_negative_suppression,0.1,y,false_negative_suppression_y_js_0.1,cx0.25_cy0.75_layoutA__gamma_0.1__false_negative_suppression_y_js_0.1,3.4828509720171987,1.755340014583354,1.7553400145833538,807,1600,0.504375,0.504375,3.6624900204265654,4.1385439809355855,1.4744595102248923,0.10000000000034891,0.10000000000034887,4.163336342344337e-17,3.4890146327626326e-13,50,3.413193952576855
formal,cx0.25_cy0.75_layoutA,0.1,false_negative_suppression,0.15,y,false_negative_suppression_y_js_0.15,cx0.25_cy0.75_layoutA__gamma_0.1__false_negative_suppression_y_js_0.15,3.491462774317541,1.7634947058751693,1.763494705875169,809,1600,0.505625,0.505625,3.6624900204265654,4.147608513538456,1.4795759103540953,0.10000000001314169,0.1000000000131417,1.3877787807814457e-17,1.3141682186912362e-11,50,3.4216335188311904
formal,cx0.25_cy0.75_layoutB,0.05,oracle,0.0,,oracle,cx0.25_cy0.75_layoutB__gamma_0.05__oracle,7.9002410754154795,3.3596179409584828,3.359617940958483,1144,1532,0.715,0.7467362924281984,3.818380380885662,4.691294695915046,3.1118139322907923,0.05000000000746286,0.05000000000746262,2.42861286636753e-16,7.462856721485167e-12,50,7.742236253907169
formal,cx0.25_cy0.75_layoutB,0.05,uniform_prior_baseline,,,uniform_prior_baseline,cx0.25_cy0.75_layoutB__gamma_0.05__uniform_prior_baseline,4.624327569415376,2.233883445142559,2.233883445142559,764,1532,0.4775,0.49869451697127937,3.84610626810806,4.447533236707143,1.9535512154993742,0.050000000000609404,0.050000000000609376,2.7755575615628914e-17,6.094014182167484e-13,50,4.531841018027069
formal,cx0.25_cy0.75_layoutB,0.05,diffuse_blur,0.05,,diffuse_blur_js_0.05,cx0.25_cy0.75_layoutB__gamma_0.05__diffuse_blur_js_0.05,6.208637279766616,2.8011651604263443,2.8011651604263443,932,1532,0.5825,0.608355091383812,3.84610626810806,4.678883793073375,2.57128240892374,0.05000000000870695,0.05000000000870657,3.7470027081099033e-16,8.706944887304502e-12,50,6.084464534171283
formal,cx0.25_cy0.75_layoutB,0.05,diffuse_blur,0.1,,diffuse_blur_js_0.1,cx0.25_cy0.75_layoutB__gamma_0.05__diffuse_blur_js_0.1,4.5701649512384535,2.1839588961267054,2.1839588961267062,782,1532,0.48875,0.5104438642297651,3.84610626810806,4.415548857184619,1.9251086246561093,0.05000000000078405,0.05000000000078404,6.938893903907228e-18,7.840464388841895e-13,50,4.478761652213684
formal,cx0.25_cy0.75_layoutB,0.05,diffuse_blur,0.15,,diffuse_blur_js_0.15,cx0.25_cy0.75_layoutB__gamma_0.05__diffuse_blur_js_0.15,4.560211492678192,2.1811794201012553,2.1811794201012553,784,1532,0.49,0.5117493472584856,3.7733935693161573,4.411613864683167,1.920490995843819,0.0500000000000167,0.05000000000001667,2.7755575615628914e-17,1.669497873280079e-14,50,4.469007262824629
formal,cx0.25_cy0.75_layoutB,0.05,spatial_shift,0.05,x,spatial_shift_x_js_0.05,cx0.25_cy0.75_layoutB__gamma_0.05__spatial_shift_x_js_0.05,7.204338489471107,3.2199176325708505,3.2199176325708496,1146,1532,0.71625,0.7480417754569191,3.780189530787973,4.682173518754673,2.893137669747213,0.050000000005676226,0.050000000005676254,2.7755575615628914e-17,5.67622338021323e-12,50,7.060251719681685
formal,cx0.25_cy0.75_layoutB,0.05,spatial_shift,0.1,x,spatial_shift_x_js_0.1,cx0.25_cy0.75_layoutB__gamma_0.05__spatial_shift_x_js_0.1,5.883230325588254,2.377443323743708,2.3774433237437083,818,1532,0.51125,0.5339425587467362,3.762928606440866,4.433296202757183,2.3665178756982903,0.05000000002004474,0.05000000002004458,1.5959455978986625e-16,2.004473670380591e-11,50,5.7655657190764895
formal,cx0.25_cy0.75_layoutB,0.05,spatial_shift,0.15,x,spatial_shift_x_js_0.15,cx0.25_cy0.75_layoutB__gamma_0.05__spatial_shift_x_js_0.15,5.571454880493365,2.3497655795753163,2.3497655795753167,829,1532,0.518125,0.5411227154046997,3.790654493663264,4.43104976610189,2.2650975006648064,0.05000000000633823,0.05000000000633818,4.85722573273506e-17,6.338228553115499e-12,50,5.460025782883497
formal,cx0.25_cy0.75_layoutB,0.05,false_hotspot,0.05,x,false_hotspot_x_js_0.05,cx0.25_cy0.75_layoutB__gamma_0.05__false_hotspot_x_js_0.05,7.423246318393652,3.091908670555492,3.0919086705554912,1113,1532,0.695625,0.7265013054830287,3.6865469062454883,4.601466725961572,2.921366400982273,0.05000000000785378,0.05000000000785364,1.457167719820518e-16,7.853780126243493e-12,50,7.274781392025778
formal,cx0.25_cy0.75_layoutB,0.05,false_hotspot,0.1,x,false_hotspot_x_js_0.1,cx0.25_cy0.75_layoutB__gamma_0.05__false_hotspot_x_js_0.1,5.377838640678409,2.682601842786683,2.6826018427866827,806,1532,0.50375,0.5261096605744126,3.84610626810806,4.556063825968398,2.2465821454653967,0.05000000001125679,0.05000000001125706,2.706168622523819e-16,1.1256787169067195e-11,50,5.270281867864841
formal,cx0.25_cy0.75_layoutB,0.05,false_hotspot,0.15,x,false_hotspot_x_js_0.15,cx0.25_cy0.75_layoutB__gamma_0.05__false_hotspot_x_js_0.15,5.514996447917842,2.6774271361190354,2.677427136119035,734,1532,0.45875,0.47911227154047,3.84610626810806,4.5810764848017005,2.301860474639521,0.05000000000082452,0.050000000000824496,2.0816681711721685e-17,8.245140681317764e-13,50,5.4046965189594856
formal,cx0.25_cy0.75_layoutB,0.05,false_negative_suppression,0.05,x,false_negative_suppression_x_js_0.05,cx0.25_cy0.75_layoutB__gamma_0.05__false_negative_suppression_x_js_0.05,6.371877965296816,2.9855275301976407,2.9855275301976407,1134,1532,0.70875,0.7402088772845953,3.7142727934678867,4.671637034298145,2.621895461105775,0.05000000002900068,0.05000000002900077,9.020562075079397e-17,2.900067685995822e-11,50,6.24444040599088
formal,cx0.25_cy0.75_layoutB,0.05,false_negative_suppression,0.1,x,false_negative_suppression_x_js_0.1,cx0.25_cy0.75_layoutB__gamma_0.05__false_negative_suppression_x_js_0.1,6.218505226211491,3.0404579442944706,3.04045794429447,1064,1532,0.665,0.6945169712793734,3.84610626810806,4.7315142502243965,2.596360281370806,0.0500000000020803,0.050000000002080214,8.326672684688674e-17,2.080294270179195e-12,50,6.094135121687262
formal,cx0.25_cy0.75_layoutB,0.05,false_negative_suppression,0.15,x,false_negative_suppression_x_js_0.15,cx0.25_cy0.75_layoutB__gamma_0.05__false_negative_suppression_x_js_0.15,6.161940385605639,3.0008734525255805,3.0008734525255787,1006,1532,0.62875,0.6566579634464752,3.84610626810806,4.706947314161232,2.567365122645067,0.05000000000719668,0.050000000007196566,1.1102230246251565e-16,7.196673812437382e-12,50,6.0387015778935265
formal,cx0.25_cy0.75_layoutB,0.05,spatial_shift,0.05,y,spatial_shift_y_js_0.05,cx0.25_cy0.75_layoutB__gamma_0.05__spatial_shift_y_js_0.05,7.052192804278997,3.27701777500469,3.277017775004691,1131,1532,0.706875,0.7382506527415144,3.762928606440866,4.67220197468756,2.840587051130809,0.050000000006229124,0.05000000000622904,8.326672684688674e-17,6.229121385370462e-12,50,6.911148948193417
formal,cx0.25_cy0.75_layoutB,0.05,spatial_shift,0.1,y,spatial_shift_y_js_0.1,cx0.25_cy0.75_layoutB__gamma_0.05__spatial_shift_y_js_0.1,6.789572206736199,2.886053409264493,2.886053409264493,1040,1532,0.65,0.6788511749347258,3.818380380885662,4.66710951229917,2.754903947679156,0.05000000000101891,0.050000000001018646,2.636779683484747e-16,1.0189071808497374e-12,50,6.653780762601475
formal,cx0.25_cy0.75_layoutB,0.05,spatial_shift,0.15,y,spatial_shift_y_js_0.15,cx0.25_cy0.75_layoutB__gamma_0.05__spatial_shift_y_js_0.15,6.562574731561804,2.9363462648895102,2.9363462648895093,1137,1532,0.710625,0.7421671018276762,3.818380380885662,4.648928655204306,2.6739976599829443,0.05000000003324556,0.05000000003324578,2.1510571102112408e-16,3.3245559083461274e-11,50,6.4313232369305675
formal,cx0.25_cy0.75_layoutB,0.05,false_hotspot,0.05,y,false_hotspot_y_js_0.05,cx0.25_cy0.75_layoutB__gamma_0.05__false_hotspot_y_js_0.05,6.425284774552337,2.9949350700213406,2.99493507002134,1108,1532,0.6925,0.7232375979112271,3.84610626810806,4.698436163627225,2.6508133386763673,0.05000000001349143,0.050000000013491704,2.706168622523819e-16,1.3491430195244902e-11,50,6.29677907906129
formal,cx0.25_cy0.75_layoutB,0.05,false_hotspot,0.1,y,false_hotspot_y_js_0.1,cx0.25_cy0.75_layoutB__gamma_0.05__false_hotspot_y_js_0.1,6.493068245422965,3.0204028499346807,3.0204028499346802,1188,1532,0.7425,0.7754569190600522,3.84610626810806,4.760176520387155,2.6997207784548802,0.050000000001608806,0.05000000000160921,4.0245584642661925e-16,1.6088033683026026e-12,50,6.363206880514506
formal,cx0.25_cy0.75_layoutB,0.05,false_hotspot,0.15,y,false_hotspot_y_js_0.15,cx0.25_cy0.75_layoutB__gamma_0.05__false_hotspot_y_js_0.15,6.6277322523728,2.9385089355096947,2.9385089355096956,1188,1532,0.7425,0.7754569190600522,3.84610626810806,4.72844519538437,2.730084758505571,0.05000000000335078,0.050000000003349844,9.367506770274758e-16,3.3507779884089928e-12,50,6.495177607325344
formal,cx0.25_cy0.75_layoutB,0.05,false_negative_suppression,0.05,y,false_negative_suppression_y_js_0.05,cx0.25_cy0.75_layoutB__gamma_0.05__false_negative_suppression_y_js_0.05,6.458558916039769,3.0549111602741483,3.0549111602741488,1067,1532,0.666875,0.6964751958224543,3.818380380885662,4.723902679940062,2.672677322576149,0.05000000002519016,0.0500000000251902,4.163336342344337e-17,2.519015551705195e-11,50,6.3293877377189744
formal,cx0.25_cy0.75_layoutB,0.05,false_negative_suppression,0.1,y,false_negative_suppression_y_js_0.1,cx0.25_cy0.75_layoutB__gamma_0.05__false_negative_suppression_y_js_0.1,5.078170711948599,2.5667431766262707,2.5667431766262707,873,1532,0.545625,0.5698433420365535,3.84610626810806,4.558039854734822,2.145337395486829,0.0500000000028821,0.05000000000288195,1.5265566588595902e-16,2.882097338563483e-12,50,4.976607297709627
formal,cx0.25_cy0.75_layoutB,0.05,false_negative_suppression,0.15,y,false_negative_suppression_y_js_0.15,cx0.25_cy0.75_layoutB__gamma_0.05__false_negative_suppression_y_js_0.15,4.864473113260587,2.5301542411869535,2.5301542411869544,854,1532,0.53375,0.5574412532637075,3.84610626810806,4.510843782656956,2.0562740216701476,0.05000000000385864,0.05000000000385853,1.1102230246251565e-16,3.858635633235963e-12,50,4.767183650995375
formal,cx0.25_cy0.75_layoutB,0.1,oracle,0.0,,oracle,cx0.25_cy0.75_layoutB__gamma_0.1__oracle,6.613138250179894,3.0768748914861073,3.0768748914861073,1086,1532,0.67875,0.7088772845953003,3.84610626810806,4.712984695598934,2.718504636724063,0.10000000000000062,0.10000000000000012,4.996003610813204e-16,6.106226635438361e-16,50,6.480875485176296
formal,cx0.25_cy0.75_layoutB,0.1,uniform_prior_baseline,,,uniform_prior_baseline,cx0.25_cy0.75_layoutB__gamma_0.1__uniform_prior_baseline,3.994932261844465,1.8224542782905755,1.822454278290576,692,1532,0.4325,0.4516971279373368,3.7733935693161573,4.265357704895638,1.683979654039831,0.1000000000231443,0.10000000002314423,6.938893903907228e-17,2.314429203842394e-11,50,3.915033616607576
formal,cx0.25_cy0.75_layoutB,0.1,diffuse_blur,0.05,,diffuse_blur_js_0.05,cx0.25_cy0.75_layoutB__gamma_0.1__diffuse_blur_js_0.05,4.728694253678054,2.3982257331602876,2.3982257331602868,856,1532,0.535,0.5587467362924282,3.84610626810806,4.5006760932719985,2.0061659489608266,0.10000000000005045,0.10000000000004983,6.245004513516506e-16,5.044575868140555e-14,50,4.634120368604492
formal,cx0.25_cy0.75_layoutB,0.1,diffuse_blur,0.1,,diffuse_blur_js_0.1,cx0.25_cy0.75_layoutB__gamma_0.1__diffuse_blur_js_0.1,4.240902459570206,1.9385905747972922,1.938590574797292,740,1532,0.4625,0.4830287206266319,3.7733935693161573,4.322372406371526,1.784499270903202,0.10000000004305061,0.10000000004305058,2.7755575615628914e-17,4.3050604747740806e-11,50,4.156084410378802
formal,cx0.25_cy0.75_layoutB,0.1,diffuse_blur,0.15,,diffuse_blur_js_0.15,cx0.25_cy0.75_layoutB__gamma_0.1__diffuse_blur_js_0.15,4.0519012368620615,1.8317990321305357,1.8317990321305357,715,1532,0.446875,0.466710182767624,3.7733935693161573,4.266631804176453,1.703988914529003,0.10000000000277766,0.10000000000277766,0.0,2.7776531075218713e-12,50,3.97086321212482
formal,cx0.25_cy0.75_layoutB,0.1,spatial_shift,0.05,x,spatial_shift_x_js_0.05,cx0.25_cy0.75_layoutB__gamma_0.1__spatial_shift_x_js_0.05,5.142267806454087,2.263566858400442,2.2635668584004422,851,1532,0.531875,0.5554830287206266,3.818380380885662,4.416676210202703,2.118826252071748,0.10000000000304418,0.10000000000304415,2.7755575615628914e-17,3.044176022370948e-12,50,5.039422450325005
formal,cx0.25_cy0.75_layoutB,0.1,spatial_shift,0.1,x,spatial_shift_x_js_0.1,cx0.25_cy0.75_layoutB__gamma_0.1__spatial_shift_x_js_0.1,4.7826644793538176,2.132645761841937,2.1326457618419368,813,1532,0.508125,0.5306788511749347,3.7801895307879736,4.3157242310982005,1.965845531554677,0.10000000000637618,0.10000000000637596,2.220446049250313e-16,6.376177363875968e-12,50,4.687011189766741
formal,cx0.25_cy0.75_layoutB,0.1,spatial_shift,0.15,x,spatial_shift_x_js_0.15,cx0.25_cy0.75_layoutB__gamma_0.1__spatial_shift_x_js_0.15,4.48976144383178,2.0412483158227666,2.041248315822766,808,1532,0.505,0.5274151436031331,3.7456676820937593,4.312131401303775,1.866458666297918,0.10000000000101059,0.1000000000010105,8.326672684688674e-17,1.0105805081650487e-12,50,4.399966214955144
formal,cx0.25_cy0.75_layoutB,0.1,false_hotspot,0.05,x,false_hotspot_x_js_0.05,cx0.25_cy0.75_layoutB__gamma_0.1__false_hotspot_x_js_0.05,4.63299792798253,2.299110720436603,2.2991107204366035,852,1532,0.5325,0.556135770234987,3.818380380885662,4.425748769979998,1.9498103225827936,0.10000000000445641,0.10000000000445636,5.551115123125783e-17,4.456407465269763e-12,50,4.54033796942288
formal,cx0.25_cy0.75_layoutB,0.1,false_hotspot,0.1,x,false_hotspot_x_js_0.1,cx0.25_cy0.75_layoutB__gamma_0.1__false_hotspot_x_js_0.1,4.540983352839412,2.2722492184275658,2.272249218427566,892,1532,0.5575,0.5822454308093995,3.7456676820937593,4.409974486660814,1.9133846672170078,0.10000000001829429,0.1000000000182946,3.0531133177191805e-16,1.8294282755348945e-11,50,4.4501636857826234
formal,cx0.25_cy0.75_layoutB,0.1,false_hotspot,0.15,x,false_hotspot_x_js_0.15,cx0.25_cy0.75_layoutB__gamma_0.1__false_hotspot_x_js_0.15,4.608809875179361,2.285430153253128,2.2854301532531283,825,1532,0.515625,0.5385117493472585,3.84610626810806,4.415063153802488,1.9382238235455618,0.1000000000356042,0.10000000003560419,1.3877787807814457e-17,3.56042001437018e-11,50,4.516633677675774
formal,cx0.25_cy0.75_layoutB,0.1,false_negative_suppression,0.05,x,false_negative_suppression_x_js_0.05,cx0.25_cy0.75_layoutB__gamma_0.1__false_negative_suppression_x_js_0.05,5.044507128806802,2.6646457013396625,2.6646457013396625,886,1532,0.55375,0.5783289817232375,3.84610626810806,4.587528334866311,2.143694227994116,0.1000000000278614,0.10000000002786164,2.3592239273284576e-16,2.78613937476635e-11,50,4.9436169862306665
formal,cx0.25_cy0.75_layoutB,0.1,false_negative_suppression,0.1,x,false_negative_suppression_x_js_0.1,cx0.25_cy0.75_layoutB__gamma_0.1__false_negative_suppression_x_js_0.1,4.8741331144468365,2.5986675721803767,2.598667572180377,900,1532,0.5625,0.587467362924282,3.84610626810806,4.574298301211034,2.080216078683745,0.100000000066608,0.10000000006660788,1.249000902703301e-16,6.660799689583996e-11,50,4.7766504521579
formal,cx0.25_cy0.75_layoutB,0.1,false_negative_suppression,0.15,x,false_negative_suppression_x_js_0.15,cx0.25_cy0.75_layoutB__gamma_0.1__false_negative_suppression_x_js_0.15,4.860336841201674,2.630688090573961,2.6306880905739596,917,1532,0.573125,0.5985639686684073,3.84610626810806,4.5749101133489765,2.0756095271514,0.10000000003122692,0.10000000003122657,3.469446951953614e-16,3.122690994672439e-11,50,4.76313010437764
formal,cx0.25_cy0.75_layoutB,0.1,spatial_shift,0.05,y,spatial_shift_y_js_0.05,cx0.25_cy0.75_layoutB__gamma_0.1__spatial_shift_y_js_0.05,6.000931876945908,2.6774804087902737,2.677480408790274,1055,1532,0.659375,0.6886422976501305,3.752463643565575,4.517193111362257,2.437597163700311,0.10000000000000016,0.09999999999999994,2.220446049250313e-16,1.5265566588595902e-16,50,5.88091323940699
formal,cx0.25_cy0.75_layoutB,0.1,spatial_shift,0.15,y,spatial_shift_y_js_0.15,cx0.25_cy0.75_layoutB__gamma_0.1__spatial_shift_y_js_0.15,5.503592663521343,2.4281425427978407,2.4281425427978407,717,1532,0.448125,0.4680156657963446,3.7801895307879736,4.510744433327867,2.2722181053059796,0.1000000001479361,0.10000000014793653,4.3021142204224816e-16,1.4793609393048968e-10,50,5.393520810250916
formal,cx0.25_cy0.75_layoutB,0.1,false_hotspot,0.05,y,false_hotspot_y_js_0.05,cx0.25_cy0.75_layoutB__gamma_0.1__false_hotspot_y_js_0.05,5.016676034128614,2.5261568517347106,2.5261568517347106,885,1532,0.553125,0.5776762402088773,3.84610626810806,4.543819513065631,2.1194475204912395,0.10000000000010985,0.10000000000011047,6.245004513516506e-16,1.0984269049885143e-13,50,4.916342513446042
formal,cx0.25_cy0.75_layoutB,0.1,false_hotspot,0.1,y,false_hotspot_y_js_0.1,cx0.25_cy0.75_layoutB__gamma_0.1__false_hotspot_y_js_0.1,5.133285390515127,2.655444950025413,2.655444950025414,809,1532,0.505625,0.5280678851174935,3.84610626810806,4.619352771914777,2.1851992886069036,0.10000000001213455,0.10000000001213519,6.38378239159465e-16,1.2134543370123652e-11,50,5.030619682704825
formal,cx0.25_cy0.75_layoutB,0.1,false_hotspot,0.15,y,false_hotspot_y_js_0.15,cx0.25_cy0.75_layoutB__gamma_0.1__false_hotspot_y_js_0.15,5.44377271744761,2.4513863737080412,2.4513863737080417,759,1532,0.474375,0.4954308093994778,3.818380380885662,4.50976402169524,2.251975237049405,0.10000000000066128,0.10000000000065984,1.4432899320127035e-15,6.612765890423589e-13,50,5.334897263098657
formal,cx0.25_cy0.75_layoutB,0.1,false_negative_suppression,0.05,y,false_negative_suppression_y_js_0.05,cx0.25_cy0.75_layoutB__gamma_0.1__false_negative_suppression_y_js_0.05,4.715428334569468,2.4060413386620882,2.4060413386620887,857,1532,0.535625,0.5593994778067886,3.84610626810806,4.489881278811612,1.9981792797940796,0.10000000003799192,0.10000000003799213,2.0816681711721685e-16,3.7991915169399704e-11,50,4.6211197678780795
formal,cx0.25_cy0.75_layoutB,0.1,false_negative_suppression,0.1,y,false_negative_suppression_y_js_0.1,cx0.25_cy0.75_layoutB__gamma_0.1__false_negative_suppression_y_js_0.1,4.5428731985332576,2.2998543741327624,2.299854374132763,848,1532,0.53,0.5535248041775457,3.7733935693161573,4.434432912816272,1.9214419008972041,0.1000000000026886,0.10000000000268823,3.7470027081099033e-16,2.688599343159126e-12,50,4.452015734562592
formal,cx0.25_cy0.75_layoutB,0.1,false_negative_suppression,0.15,y,false_negative_suppression_y_js_0.15,cx0.25_cy0.75_layoutB__gamma_0.1__false_negative_suppression_y_js_0.15,4.4650234592015785,2.247834590953407,2.2478345909534077,825,1532,0.515625,0.5385117493472585,3.7456676820937593,4.425159431295486,1.8917262620167432,0.10000000001493878,0.10000000001493865,1.249000902703301e-16,1.4938772441297488e-11,50,4.375722990017547
formal,cx0.25_cy0.75_layoutC,0.05,oracle,0.0,,oracle,cx0.25_cy0.75_layoutC__gamma_0.05__oracle,8.375559548581633,3.61305418069086,3.6130541806908605,1215,1536,0.759375,0.791015625,3.818380380885662,4.811123665011526,3.32033227003172,0.050000000001990716,0.05000000000199076,4.163336342344337e-17,1.9907131498797526e-12,50,8.20804835761
formal,cx0.25_cy0.75_layoutC,0.05,uniform_prior_baseline,,,uniform_prior_baseline,cx0.25_cy0.75_layoutC__gamma_0.05__uniform_prior_baseline,4.68142321799549,2.263235993473555,2.2632359934735544,762,1536,0.47625,0.49609375,3.818380380885662,4.418414918114474,1.9641094300298994,0.05000000000207157,0.05000000000207161,4.163336342344337e-17,2.0715651416480796e-12,50,4.58779475363558
formal,cx0.25_cy0.75_layoutC,0.05,diffuse_blur,0.05,,diffuse_blur_js_0.05,cx0.25_cy0.75_layoutC__gamma_0.05__diffuse_blur_js_0.05,6.767940736023409,3.065464360974305,3.065464360974305,1106,1536,0.69125,0.7200520833333334,3.818380380885662,4.744095331856919,2.7827262738954923,0.05000000000022309,0.05000000000022304,4.85722573273506e-17,2.230854390106174e-13,50,6.632581921302941
formal,cx0.25_cy0.75_layoutC,0.05,diffuse_blur,0.1,,diffuse_blur_js_0.1,cx0.25_cy0.75_layoutC__gamma_0.05__diffuse_blur_js_0.1,4.7824179428831215,2.331451875481882,2.3314518754818816,813,1536,0.508125,0.529296875,3.84610626810806,4.475309250522629,2.0166436585931646,0.05000000000003679,0.05000000000003677,2.0816681711721685e-17,3.6790015478516125e-14,50,4.686769584025459
formal,cx0.25_cy0.75_layoutC,0.05,diffuse_blur,0.15,,diffuse_blur_js_0.15,cx0.25_cy0.75_layoutC__gamma_0.05__diffuse_blur_js_0.15,4.614753805956535,2.2062441451948502,2.2062441451948502,783,1536,0.489375,0.509765625,3.84610626810806,4.42092663024376,1.9420650266284674,0.05000000004032914,0.05000000004032915,1.3877787807814457e-17,4.032913586415887e-11,50,4.522458729837404
formal,cx0.25_cy0.75_layoutC,0.05,spatial_shift,0.05,x,spatial_shift_x_js_0.05,cx0.25_cy0.75_layoutC__gamma_0.05__spatial_shift_x_js_0.05,7.6301460005812185,3.3818249078632157,3.381824907863216,1225,1536,0.765625,0.7975260416666666,3.7524636435655756,4.727430401859844,3.0480047928146483,0.05000000001969945,0.050000000019699786,3.3306690738754696e-16,1.9699450404253582e-11,50,7.477543080569594
formal,cx0.25_cy0.75_layoutC,0.05,spatial_shift,0.1,x,spatial_shift_x_js_0.1,cx0.25_cy0.75_layoutC__gamma_0.05__spatial_shift_x_js_0.1,7.324077411615599,3.4224647251486773,3.422464725148677,1193,1536,0.745625,0.7766927083333334,3.84610626810806,4.802543836484036,2.989300063726926,0.05000000066275055,0.05000000066275081,2.5673907444456745e-16,6.627505488854268e-10,50,7.177595863383288
formal,cx0.25_cy0.75_layoutC,0.05,spatial_shift,0.15,x,spatial_shift_x_js_0.15,cx0.25_cy0.75_layoutC__gamma_0.05__spatial_shift_x_js_0.15,7.9447226985383415,2.927896735345943,2.927896735345943,1111,1536,0.694375,0.7233072916666666,3.7352027192184685,4.465704225111258,3.0057466790363354,0.050000000000000176,0.05000000000000016,1.3877787807814457e-17,1.734723475976807e-16,50,7.785828244567574
formal,cx0.25_cy0.75_layoutC,0.05,false_hotspot,0.05,x,false_hotspot_x_js_0.05,cx0.25_cy0.75_layoutC__gamma_0.05__false_hotspot_x_js_0.05,7.854957653184327,3.302266413878614,3.3022664138786144,1220,1536,0.7625,0.7942708333333334,3.780189530787973,4.737916553607719,3.1225352120692325,0.0500000000041953,0.05000000000419506,2.42861286636753e-16,4.195296887665734e-12,50,7.69785850012064
formal,cx0.25_cy0.75_layoutC,0.05,false_hotspot,0.1,x,false_hotspot_x_js_0.1,cx0.25_cy0.75_layoutC__gamma_0.05__false_hotspot_x_js_0.1,5.894531048122726,2.8789228553875104,2.878922855387511,860,1536,0.5375,0.5598958333333334,3.818380380885662,4.6626757928697575,2.4602696068429744,0.0500000000011442,0.05000000000114416,4.163336342344337e-17,1.1441958491786863e-12,50,5.776640427160271
formal,cx0.25_cy0.75_layoutC,0.05,false_hotspot,0.15,x,false_hotspot_x_js_0.15,cx0.25_cy0.75_layoutC__gamma_0.05__false_hotspot_x_js_0.15,6.110757646536363,2.8835862252300397,2.8835862252300406,800,1536,0.5,0.5208333333333334,3.790654493663264,4.671582002908675,2.535888222279471,0.050000000014001844,0.05000000001400182,2.0816681711721685e-17,1.400184135302851e-11,50,5.988542493605636
formal,cx0.25_cy0.75_layoutC,0.05,false_negative_suppression,0.05,x,false_negative_suppression_x_js_0.05,cx0.25_cy0.75_layoutC__gamma_0.05__false_negative_suppression_x_js_0.05,6.538716164125318,3.1660250707564943,3.1660250707564948,1198,1536,0.74875,0.7799479166666666,3.818380380885662,4.741155769924421,2.7065100533969626,0.050000000031280786,0.05000000003128089,1.0408340855860843e-16,3.1280783518994326e-11,50,6.4079418408428115
formal,cx0.25_cy0.75_layoutC,0.05,false_negative_suppression,0.1,x,false_negative_suppression_x_js_0.1,cx0.25_cy0.75_layoutC__gamma_0.05__false_negative_suppression_x_js_0.1,6.318697566704057,3.1080179084967803,3.10801790849678,1159,1536,0.724375,0.7545572916666666,3.790654493663264,4.72188176986174,2.6256466139934065,0.05000000001361132,0.05000000001361156,2.3592239273284576e-16,1.3611320404116611e-11,50,6.192323615369975
formal,cx0.25_cy0.75_layoutC,0.05,false_negative_suppression,0.15,x,false_negative_suppression_x_js_0.15,cx0.25_cy0.75_layoutC__gamma_0.05__false_negative_suppression_x_js_0.15,6.189990948090686,3.06894568410069,3.06894568410069,1058,1536,0.66125,0.6888020833333334,3.84610626810806,4.735033549299432,2.5882906007329423,0.050000000002585476,0.0500000000025856,1.249000902703301e-16,2.5854735019592567e-12,50,6.066191129128872
formal,cx0.25_cy0.75_layoutC,0.05,spatial_shift,0.05,y,spatial_shift_y_js_0.05,cx0.25_cy0.75_layoutC__gamma_0.05__spatial_shift_y_js_0.05,7.574510399267588,3.432863616204683,3.432863616204683,1162,1536,0.72625,0.7565104166666666,3.790654493663264,4.795579993945632,3.0651993218213764,0.05000000000052528,0.050000000000525686,4.0939474033052647e-16,5.252742685257772e-13,50,7.4230201912822364
formal,cx0.25_cy0.75_layoutC,0.05,spatial_shift,0.1,y,spatial_shift_y_js_0.1,cx0.25_cy0.75_layoutC__gamma_0.05__spatial_shift_y_js_0.1,7.092781563323115,3.2652692244119854,3.265269224411986,1149,1536,0.718125,0.748046875,3.818380380885662,4.75301033479441,2.8915778757923323,0.050000000001038415,0.050000000001037846,5.689893001203927e-16,1.0384124116136206e-12,50,6.950925932056652
formal,cx0.25_cy0.75_layoutC,0.05,spatial_shift,0.15,y,spatial_shift_y_js_0.15,cx0.25_cy0.75_layoutC__gamma_0.05__spatial_shift_y_js_0.15,6.911597721604854,3.1172554764466307,3.117255476446631,1190,1536,0.74375,0.7747395833333334,3.780189530787973,4.699860978553401,2.8088426023445754,0.050000000009465854,0.05000000000946581,4.163336342344337e-17,9.465851713574835e-12,50,6.7733657671727565
formal,cx0.25_cy0.75_layoutC,0.05,false_hotspot,0.05,y,false_hotspot_y_js_0.05,cx0.25_cy0.75_layoutC__gamma_0.05__false_hotspot_y_js_0.05,6.754698359044287,3.2768962753403157,3.276896275340316,1222,1536,0.76375,0.7955729166666666,3.84610626810806,4.79728933148817,2.802376039659936,0.05000000002649174,0.05000000002649143,3.122502256758253e-16,2.649173935775906e-11,50,6.619604391863402
formal,cx0.25_cy0.75_layoutC,0.05,false_hotspot,0.1,y,false_hotspot_y_js_0.1,cx0.25_cy0.75_layoutC__gamma_0.05__false_hotspot_y_js_0.1,6.914576806569585,3.175039129718651,3.17503912971865,1232,1536,0.77,0.8020833333333334,3.84610626810806,4.792138415265293,2.8523316013082107,0.050000000001411866,0.050000000001412116,2.498001805406602e-16,1.4118636815219077e-12,50,6.776285270438193
formal,cx0.25_cy0.75_layoutC,0.05,false_hotspot,0.15,y,false_hotspot_y_js_0.15,cx0.25_cy0.75_layoutC__gamma_0.05__false_hotspot_y_js_0.15,7.19026620761785,3.1755002910685493,3.1755002910685497,1257,1536,0.785625,0.818359375,3.8183803808856616,4.770121545763386,2.930885402512395,0.050000000000330565,0.05000000000032982,7.424616477180734e-16,3.3056196668823645e-13,50,7.0464608834654925
formal,cx0.25_cy0.75_layoutC,0.05,false_negative_suppression,0.05,y,false_negative_suppression_y_js_0.05,cx0.25_cy0.75_layoutC__gamma_0.05__false_negative_suppression_y_js_0.05,6.959013064586783,3.0729390604195346,3.072939060419534,1119,1536,0.699375,0.728515625,3.84610626810806,4.736237840074501,2.8408483171188847,0.05000000000901384,0.050000000009013945,1.0408340855860843e-16,9.01383828688651e-12,50,6.819832803295047
formal,cx0.25_cy0.75_layoutC,0.05,false_negative_suppression,0.15,y,false_negative_suppression_y_js_0.15,cx0.25_cy0.75_layoutC__gamma_0.05__false_negative_suppression_y_js_0.15,5.011915113656501,2.5901011267840737,2.5901011267840732,836,1536,0.5225,0.5442708333333334,3.818380380885661,4.523861540753636,2.1111442820622797,0.05000000000250178,0.05000000000250182,4.163336342344337e-17,2.5017765636903277e-12,50,4.911676811383371
formal,cx0.25_cy0.75_layoutC,0.1,oracle,0.0,,oracle,cx0.25_cy0.75_layoutC__gamma_0.1__oracle,6.98739354148808,3.481838141047932,3.4818381410479318,1187,1536,0.741875,0.7727864583333334,3.790654493663264,4.793500776250205,2.8766288189821108,0.10000000000124051,0.1000000000012405,1.3877787807814457e-17,1.2405076965649187e-12,50,6.847645670658319
formal,cx0.25_cy0.75_layoutC,0.1,uniform_prior_baseline,,,uniform_prior_baseline,cx0.25_cy0.75_layoutC__gamma_0.1__uniform_prior_baseline,3.9666641514126657,1.8012459364073705,1.8012459364073705,681,1536,0.425625,0.443359375,3.7733935693161573,4.2426846415800625,1.6681994169123138,0.1000000000179468,0.10000000001794689,8.326672684688674e-17,1.794679682642908e-11,50,3.8873308683844123
formal,cx0.25_cy0.75_layoutC,0.1,diffuse_blur,0.05,,diffuse_blur_js_0.05,cx0.25_cy0.75_layoutC__gamma_0.1__diffuse_blur_js_0.05,5.186605918784442,2.657482191725617,2.6574821917256175,851,1536,0.531875,0.5540364583333334,3.84610626810806,4.581346283389779,2.1904850913697382,0.10000000000047253,0.10000000000047238,1.5265566588595902e-16,4.725247970682744e-13,50,5.082873800408754
formal,cx0.25_cy0.75_layoutC,0.1,diffuse_blur,0.1,,diffuse_blur_js_0.1,cx0.25_cy0.75_layoutC__gamma_0.1__diffuse_blur_js_0.1,4.473270897425054,2.0871816714398634,2.087181671439863,752,1536,0.47,0.4895833333333333,3.7733935693161573,4.384750119094203,1.8825319323602943,0.10000000000120761,0.10000000000120758,2.7755575615628914e-17,1.2076034616725906e-12,50,4.383805479476552
formal,cx0.25_cy0.75_layoutC,0.1,diffuse_blur,0.15,,diffuse_blur_js_0.15,cx0.25_cy0.75_layoutC__gamma_0.1__diffuse_blur_js_0.15,4.1215833347065285,1.8644668353143603,1.8644668353143596,709,1536,0.443125,0.4615885416666667,3.7733935693161573,4.274099540111445,1.7300035834529686,0.1000000000001556,0.10000000000015566,5.551115123125783e-17,1.555977569012157e-13,50,4.039151668012398
formal,cx0.25_cy0.75_layoutC,0.1,spatial_shift,0.05,x,spatial_shift_x_js_0.05,cx0.25_cy0.75_layoutC__gamma_0.1__spatial_shift_x_js_0.05,5.64918849362593,2.36648810655687,2.366488106556869,794,1536,0.49625,0.5169270833333334,3.762928606440866,4.461879177752834,2.3019413992592614,0.10000000000027115,0.10000000000027164,4.85722573273506e-16,2.7114421818907886e-13,50,5.5362047237534115
formal,cx0.25_cy0.75_layoutC,0.1,spatial_shift,0.15,x,spatial_shift_x_js_0.15,cx0.25_cy0.75_layoutC__gamma_0.1__spatial_shift_x_js_0.15,4.994069165675136,2.2045232554610226,2.2045232554610226,760,1536,0.475,0.4947916666666667,3.790654493663264,4.383415293750409,2.0582765785320105,0.10000000000432233,0.10000000000432228,4.163336342344337e-17,4.3223202794706594e-12,50,4.894187782361634
formal,cx0.25_cy0.75_layoutC,0.1,false_hotspot,0.05,x,false_hotspot_x_js_0.05,cx0.25_cy0.75_layoutC__gamma_0.1__false_hotspot_x_js_0.05,5.024074996326817,2.523009077016526,2.5230090770165257,852,1536,0.5325,0.5546875,3.84610626810806,4.5601623544498135,2.127461028616744,0.10000000002475215,0.10000000002475183,3.191891195797325e-16,2.475214477826171e-11,50,4.923593496400281
formal,cx0.25_cy0.75_layoutC,0.1,false_hotspot,0.1,x,false_hotspot_x_js_0.1,cx0.25_cy0.75_layoutC__gamma_0.1__false_hotspot_x_js_0.1,4.830378311758314,2.48353749459871,2.4835374945987096,867,1536,0.541875,0.564453125,3.84610626810806,4.535030264775173,2.052319491426972,0.10000000000311221,0.10000000000311214,6.938893903907228e-17,3.1122049382048544e-12,50,4.733770745523148
formal,cx0.25_cy0.75_layoutC,0.1,false_hotspot,0.15,x,false_hotspot_x_js_0.15,cx0.25_cy0.75_layoutC__gamma_0.1__false_hotspot_x_js_0.15,4.858037073710718,2.4887208240814793,2.488720824081479,806,1536,0.50375,0.5247395833333334,3.84610626810806,4.505950760207686,2.052474328593491,0.10000000002581266,0.10000000002581257,9.71445146547012e-17,2.5812657566959274e-11,50,4.760876332236504
formal,cx0.25_cy0.75_layoutC,0.1,false_negative_suppression,0.05,x,false_negative_suppression_x_js_0.05,cx0.25_cy0.75_layoutC__gamma_0.1__false_negative_suppression_x_js_0.05,5.2494158268890985,2.6653864563035476,2.6653864563035485,882,1536,0.55125,0.57421875,3.84610626810806,4.595985936182881,2.2170867421586085,0.10000000000100057,0.10000000000100082,2.498001805406602e-16,1.0005607453678067e-12,50,5.144427510351317
formal,cx0.25_cy0.75_layoutC,0.1,false_negative_suppression,0.1,x,false_negative_suppression_x_js_0.1,cx0.25_cy0.75_layoutC__gamma_0.1__false_negative_suppression_x_js_0.1,5.073856315317738,2.583240607117488,2.583240607117488,894,1536,0.55875,0.58203125,3.84610626810806,4.582962075870588,2.1522871594958177,0.10000000000914876,0.1000000000091493,5.412337245047638e-16,9.148751201060179e-12,50,4.9723791890113835
formal,cx0.25_cy0.75_layoutC,0.1,false_negative_suppression,0.15,x,false_negative_suppression_x_js_0.15,cx0.25_cy0.75_layoutC__gamma_0.1__false_negative_suppression_x_js_0.15,5.037404352753386,2.552203559888538,2.552203559888538,896,1536,0.56,0.5833333333333334,3.84610626810806,4.575969575639977,2.137356616582738,0.10000000000468298,0.1000000000046831,1.249000902703301e-16,4.6829762290201415e-12,50,4.936656265698319
formal,cx0.25_cy0.75_layoutC,0.1,spatial_shift,0.1,y,spatial_shift_y_js_0.1,cx0.25_cy0.75_layoutC__gamma_0.1__spatial_shift_y_js_0.1,6.04093719144314,2.791391963306048,2.7913919633060478,1030,1536,0.64375,0.6705729166666666,3.84610626810806,4.631775114047918,2.4966608437282964,0.10000000000004902,0.1000000000000481,9.159339953157541e-16,4.901634653720066e-14,50,5.920118447614277
formal,cx0.25_cy0.75_layoutC,0.1,spatial_shift,0.15,y,spatial_shift_y_js_0.15,cx0.25_cy0.75_layoutC__gamma_0.1__spatial_shift_y_js_0.15,5.845077849167201,2.699245070560529,2.6992450705605284,887,1536,0.554375,0.5774739583333334,3.84610626810806,4.608197951734336,2.4224581881890064,0.10000000000277522,0.1000000000027751,1.1102230246251565e-16,2.775210616867696e-12,50,5.728176292183857
formal,cx0.25_cy0.75_layoutC,0.1,false_hotspot,0.05,y,false_hotspot_y_js_0.05,cx0.25_cy0.75_layoutC__gamma_0.1__false_hotspot_y_js_0.05,5.790969398702352,2.685406727071718,2.6854067270717175,841,1536,0.525625,0.5475260416666666,3.84610626810806,4.622309450753881,2.409908019201684,0.10000000000008874,0.10000000000008831,4.3021142204224816e-16,8.873457524316564e-14,50,5.675150010728305
formal,cx0.25_cy0.75_layoutC,0.1,false_hotspot,0.1,y,false_hotspot_y_js_0.1,cx0.25_cy0.75_layoutC__gamma_0.1__false_hotspot_y_js_0.1,5.563698619380384,2.6611395633686046,2.6611395633686055,830,1536,0.51875,0.5403645833333334,3.84610626810806,4.615341932845989,2.3309300389158802,0.10000000000271733,0.10000000000271761,2.7755575615628914e-16,2.717326363921302e-12,50,5.452424646992776
formal,cx0.25_cy0.75_layoutC,0.1,false_hotspot,0.15,y,false_hotspot_y_js_0.15,cx0.25_cy0.75_layoutC__gamma_0.1__false_hotspot_y_js_0.15,5.842594560867511,2.7753059184007607,2.7753059184007602,977,1536,0.610625,0.6360677083333334,3.7524636435655756,4.553299381157875,2.4002499920638343,0.10000000000606887,0.10000000000606785,1.0269562977782698e-15,6.0688676306597245e-12,50,5.7257426696501605
formal,cx0.25_cy0.75_layoutC,0.1,false_negative_suppression,0.05,y,false_negative_suppression_y_js_0.05,cx0.25_cy0.75_layoutC__gamma_0.1__false_negative_suppression_y_js_0.05,4.99143052366969,2.5751250212395336,2.5751250212395336,840,1536,0.525,0.546875,3.84610626810806,4.548214654223874,2.1122366487995503,0.10000000000098984,0.10000000000098996,1.249000902703301e-16,9.898332153923661e-13,50,4.891601913196296
formal,cx0.25_cy0.75_layoutC,0.1,false_negative_suppression,0.1,y,false_negative_suppression_y_js_0.1,cx0.25_cy0.75_layoutC__gamma_0.1__false_negative_suppression_y_js_0.1,6.109676160431534,2.8625945693079085,2.8625945693079076,1075,1536,0.671875,0.6998697916666666,3.818380380885662,4.686433482773303,2.541578771897697,0.10000000000053416,0.10000000000053419,2.7755575615628914e-17,5.341560527227784e-13,50,5.987482637222904
formal,cx0.75_cy0.25_layoutA,0.05,oracle,0.0,,oracle,cx0.75_cy0.25_layoutA__gamma_0.05__oracle,5.352156161698602,2.1615634706974634,2.1615634706974634,807,1600,0.504375,0.504375,3.790654493663264,4.326877180425072,2.1561381721908957,0.05000000000586714,0.05000000000586727,1.249000902703301e-16,5.8671401070853335e-12,50,5.24511303846463
formal,cx0.75_cy0.25_layoutA,0.05,uniform_prior_baseline,,,uniform_prior_baseline,cx0.75_cy0.25_layoutA__gamma_0.05__uniform_prior_baseline,4.523423783340837,2.1475202495562047,2.1475202495562047,828,1600,0.5175,0.5175,3.7733935693161573,4.412722551844258,1.9081722569713038,0.05000000000983383,0.05000000000983384,6.938893903907228e-18,9.83382819619294e-12,50,4.43295530767402
formal,cx0.75_cy0.25_layoutA,0.05,diffuse_blur,0.05,,diffuse_blur_js_0.05,cx0.75_cy0.25_layoutA__gamma_0.05__diffuse_blur_js_0.05,4.516514768727236,2.028052909288541,2.028052909288541,792,1600,0.495,0.495,3.7733935693161573,4.342988710045911,1.8847953819604304,0.05000000000746305,0.05000000000746294,1.0408340855860843e-16,7.463044071620573e-12,50,4.4261844733526905
formal,cx0.75_cy0.25_layoutA,0.05,diffuse_blur,0.1,,diffuse_blur_js_0.1,cx0.75_cy0.25_layoutA__gamma_0.05__diffuse_blur_js_0.1,4.226733529960606,1.9667250539812513,1.9667250539812513,697,1600,0.435625,0.435625,3.7733935693161573,4.298643833411038,1.772932776581981,0.050000000015992016,0.050000000015991926,9.020562075079397e-17,1.5992013269183758e-11,50,4.142198859361394
formal,cx0.75_cy0.25_layoutA,0.05,diffuse_blur,0.15,,diffuse_blur_js_0.15,cx0.75_cy0.25_layoutA__gamma_0.05__diffuse_blur_js_0.15,4.445095332112624,2.0906155145546594,2.090615514554659,760,1600,0.475,0.475,3.7733935693161573,4.366570896756035,1.8674563487203377,0.05000000000006227,0.050000000000062265,6.938893903907228e-18,6.226963389366347e-14,50,4.356193425470371
formal,cx0.75_cy0.25_layoutA,0.05,spatial_shift,0.05,x,spatial_shift_x_js_0.05,cx0.75_cy0.25_layoutA__gamma_0.05__spatial_shift_x_js_0.05,4.954490454119434,2.0937451030270915,2.093745103027092,779,1600,0.486875,0.486875,3.818380380885662,4.301148213387577,2.0179064004969494,0.050000000007716636,0.05000000000771674,1.0408340855860843e-16,7.716632888232766e-12,50,4.8554006450370455
formal,cx0.75_cy0.25_layoutA,0.05,spatial_shift,0.1,x,spatial_shift_x_js_0.1,cx0.75_cy0.25_layoutA__gamma_0.05__spatial_shift_x_js_0.1,4.7593091004282515,2.021300127469533,2.021300127469533,778,1600,0.48625,0.48625,3.762928606440866,4.236049023766883,1.9327898096905012,0.050000000008821384,0.05000000000882135,3.469446951953614e-17,8.82138112556774e-12,50,4.664122918419686
formal,cx0.75_cy0.25_layoutA,0.05,spatial_shift,0.15,x,spatial_shift_x_js_0.15,cx0.75_cy0.25_layoutA__gamma_0.05__spatial_shift_x_js_0.15,4.600536368570832,1.9788149444493264,1.9788149444493264,757,1600,0.473125,0.473125,3.7801895307879736,4.1910911810510605,1.8666941100810437,0.050000000021087655,0.05000000002108749,1.6653345369377348e-16,2.1087652457563166e-11,50,4.508525641199415
formal,cx0.75_cy0.25_layoutA,0.05,false_hotspot,0.05,x,false_hotspot_x_js_0.05,cx0.75_cy0.25_layoutA__gamma_0.05__false_hotspot_x_js_0.05,4.335674818136494,2.099225696654641,2.099225696654642,775,1600,0.484375,0.484375,3.7733935693161573,4.32197022970823,1.8169158797108889,0.05000000000158946,0.050000000001589356,1.0408340855860843e-16,1.5894577320985093e-12,50,4.248961321773764
formal,cx0.75_cy0.25_layoutA,0.05,false_hotspot,0.1,x,false_hotspot_x_js_0.1,cx0.75_cy0.25_layoutA__gamma_0.05__false_hotspot_x_js_0.1,4.552233858204671,1.9501833371710213,1.9501833371710209,827,1600,0.516875,0.516875,3.7733935693161573,4.246602120036432,1.8676713134783962,0.05000000000148111,0.05000000000148113,2.0816681711721685e-17,1.4811069037889979e-12,50,4.461189181040577
formal,cx0.75_cy0.25_layoutA,0.05,false_hotspot,0.15,x,false_hotspot_x_js_0.15,cx0.75_cy0.25_layoutA__gamma_0.05__false_hotspot_x_js_0.15,4.692514603779773,1.9667043276650908,1.9667043276650906,846,1600,0.52875,0.52875,3.818380380885662,4.313725242851394,1.9351461665146847,0.050000000002861575,0.050000000002861616,4.163336342344337e-17,2.8615720903957254e-12,50,4.598664311704177
formal,cx0.75_cy0.25_layoutA,0.05,false_negative_suppression,0.05,x,false_negative_suppression_x_js_0.05,cx0.75_cy0.25_layoutA__gamma_0.05__false_negative_suppression_x_js_0.05,4.670263964040892,2.043306633799547,2.043306633799547,891,1600,0.556875,0.556875,3.790654493663264,4.310050919298748,1.9265572693457418,0.050000000000875414,0.05000000000087542,6.938893903907228e-18,8.754108549169359e-13,50,4.576858684760074
formal,cx0.75_cy0.25_layoutA,0.05,false_negative_suppression,0.1,x,false_negative_suppression_x_js_0.1,cx0.75_cy0.25_layoutA__gamma_0.05__false_negative_suppression_x_js_0.1,4.875557633015514,2.12902001071053,2.1290200107105304,807,1600,0.504375,0.504375,3.818380380885662,4.349736095051506,2.0077209135518777,0.05000000000490585,0.05000000000490601,1.5959455978986625e-16,4.905846562319738e-12,50,4.778046480355204
formal,cx0.75_cy0.25_layoutA,0.05,false_negative_suppression,0.15,x,false_negative_suppression_x_js_0.15,cx0.75_cy0.25_layoutA__gamma_0.05__false_negative_suppression_x_js_0.15,5.016282148172827,2.2366099011585914,2.236609901158591,802,1600,0.50125,0.50125,3.84610626810806,4.411927149254384,2.0752050036550096,0.05000000000716407,0.05000000000716399,8.326672684688674e-17,7.164067949982922e-12,50,4.915956505209371
formal,cx0.75_cy0.25_layoutA,0.05,spatial_shift,0.05,y,spatial_shift_y_js_0.05,cx0.75_cy0.25_layoutA__gamma_0.05__spatial_shift_y_js_0.05,5.044904950295485,2.1110066220846324,2.111006622084632,855,1600,0.534375,0.534375,3.762928606440866,4.256408091401097,2.0324670736043684,0.05000000000823686,0.05000000000823678,7.632783294297951e-17,8.236855641996499e-12,50,4.944006851289575
formal,cx0.75_cy0.25_layoutA,0.05,spatial_shift,0.1,y,spatial_shift_y_js_0.1,cx0.75_cy0.25_layoutA__gamma_0.05__spatial_shift_y_js_0.1,4.904014205717197,2.052406772389133,2.052406772389133,866,1600,0.54125,0.54125,3.7524636435655756,4.256172712238883,1.9866037021468257,0.05000000000092276,0.05000000000092258,1.8041124150158794e-16,9.22754928023295e-13,50,4.805933921602853
formal,cx0.75_cy0.25_layoutA,0.05,spatial_shift,0.15,y,spatial_shift_y_js_0.15,cx0.75_cy0.25_layoutA__gamma_0.05__spatial_shift_y_js_0.15,4.805205069179846,2.0120439795930714,2.0120439795930714,860,1600,0.5375,0.5375,3.790654493663264,4.212436029805941,1.9402517097849346,0.050000000064436154,0.050000000064435876,2.7755575615628914e-16,6.443615085949261e-11,50,4.709100967796249
formal,cx0.75_cy0.25_layoutA,0.05,false_hotspot,0.05,y,false_hotspot_y_js_0.05,cx0.75_cy0.25_layoutA__gamma_0.05__false_hotspot_y_js_0.05,4.811238395849137,2.0577343912938773,2.0577343912938773,948,1600,0.5925,0.5925,3.790654493663264,4.3492474218256385,1.9860965505862187,0.05000000000025853,0.05000000000025865,1.1796119636642288e-16,2.585293090717755e-13,50,4.715013627932154
formal,cx0.75_cy0.25_layoutA,0.05,false_hotspot,0.1,y,false_hotspot_y_js_0.1,cx0.75_cy0.25_layoutA__gamma_0.05__false_hotspot_y_js_0.1,5.006657337228855,2.132642574719479,2.132642574719479,969,1600,0.605625,0.605625,3.818380380885662,4.374528215869744,2.0595013848659036,0.05000000000002017,0.05000000000001978,3.885780586188048e-16,2.0164425684754406e-14,50,4.906524190484278
formal,cx0.75_cy0.25_layoutA,0.05,false_hotspot,0.15,y,false_hotspot_y_js_0.15,cx0.75_cy0.25_layoutA__gamma_0.05__false_hotspot_y_js_0.15,5.278615365087616,2.1169076469436927,2.1169076469436927,770,1600,0.48125,0.48125,3.818380380885662,4.360163796905777,2.14408715578418,0.050000000000170075,0.05000000000017028,2.0816681711721685e-16,1.7007228958476617e-13,50,5.173043057785864
formal,cx0.75_cy0.25_layoutA,0.05,false_negative_suppression,0.05,y,false_negative_suppression_y_js_0.05,cx0.75_cy0.25_layoutA__gamma_0.05__false_negative_suppression_y_js_0.05,4.641661598798959,2.038673391660571,2.0386733916605704,899,1600,0.561875,0.561875,3.84610626810806,4.335590172771237,1.9248824705342074,0.05000000000708623,0.050000000007086154,7.632783294297951e-17,7.0862274381688906e-12,50,4.548828366822979
formal,cx0.75_cy0.25_layoutA,0.05,false_negative_suppression,0.1,y,false_negative_suppression_y_js_0.1,cx0.75_cy0.25_layoutA__gamma_0.05__false_negative_suppression_y_js_0.1,4.775420561899034,2.1944946535051533,2.1944946535051533,780,1600,0.4875,0.4875,3.84610626810806,4.426207285439757,1.998608484787098,0.05000000000903233,0.05000000000903225,8.326672684688674e-17,9.032330439140424e-12,50,4.679912150661054
formal,cx0.75_cy0.25_layoutA,0.05,false_negative_suppression,0.15,y,false_negative_suppression_y_js_0.15,cx0.75_cy0.25_layoutA__gamma_0.05__false_negative_suppression_y_js_0.15,4.719498502919674,2.27716685636816,2.2771668563681597,763,1600,0.476875,0.476875,3.818380380885662,4.44865268099573,1.9866140929199865,0.050000000001096105,0.05000000000109601,9.71445146547012e-17,1.0961023755307053e-12,50,4.6251085328612795
formal,cx0.75_cy0.25_layoutA,0.1,oracle,0.0,,oracle,cx0.75_cy0.25_layoutA__gamma_0.1__oracle,4.219609687930216,2.034187145775567,2.034187145775567,800,1600,0.5,0.5,3.7456676820937598,4.275095347564807,1.763864400862033,0.10000000003292561,0.10000000003292574,1.249000902703301e-16,3.292560668555211e-11,50,4.135217494171612
formal,cx0.75_cy0.25_layoutA,0.1,uniform_prior_baseline,,,uniform_prior_baseline,cx0.75_cy0.25_layoutA__gamma_0.1__uniform_prior_baseline,3.8562554930800657,1.7256191719011023,1.725619171901102,749,1600,0.468125,0.468125,3.7733935693161573,4.161639751730489,1.609144123378914,0.10000000001448588,0.10000000001448592,4.163336342344337e-17,1.4485870836189463e-11,50,3.7791303832184644
formal,cx0.75_cy0.25_layoutA,0.1,diffuse_blur,0.05,,diffuse_blur_js_0.05,cx0.75_cy0.25_layoutA__gamma_0.1__diffuse_blur_js_0.05,3.5600531211567583,1.7234661815431966,1.723466181543196,740,1600,0.4625,0.4625,3.717941794871362,4.106552953319369,1.4937552893276025,0.10000000004098826,0.10000000004098805,2.0816681711721685e-16,4.0988254457197115e-11,50,3.4888520587336234
formal,cx0.75_cy0.25_layoutA,0.1,diffuse_blur,0.1,,diffuse_blur_js_0.1,cx0.75_cy0.25_layoutA__gamma_0.1__diffuse_blur_js_0.1,3.184460549240091,1.5561228363972475,1.5561228363972475,691,1600,0.431875,0.431875,3.6297107024198536,4.0223059784204755,1.3444750156592267,0.1000000000032322,0.10000000000323214,5.551115123125783e-17,3.2321922915912182e-12,50,3.120771338255289
formal,cx0.75_cy0.25_layoutA,0.1,diffuse_blur,0.15,,diffuse_blur_js_0.15,cx0.75_cy0.25_layoutA__gamma_0.1__diffuse_blur_js_0.15,3.70072533018372,1.6518216533046173,1.651821653304617,701,1600,0.438125,0.438125,3.7456676820937593,4.133490392923795,1.548730302939556,0.1000000000060853,0.10000000000608528,2.7755575615628914e-17,6.085298931424177e-12,50,3.626710823580046
formal,cx0.75_cy0.25_layoutA,0.1,spatial_shift,0.05,x,spatial_shift_x_js_0.05,cx0.75_cy0.25_layoutA__gamma_0.1__spatial_shift_x_js_0.05,3.888125198841884,1.8981273862532264,1.8981273862532264,753,1600,0.470625,0.470625,3.7733935693161573,4.162639526033415,1.6202914793550254,0.10000000002232358,0.10000000002232372,1.3877787807814457e-16,2.2323573545257602e-11,50,3.8103626948650464
formal,cx0.75_cy0.25_layoutA,0.1,spatial_shift,0.1,x,spatial_shift_x_js_0.1,cx0.75_cy0.25_layoutA__gamma_0.1__spatial_shift_x_js_0.1,3.7317681939452707,1.829648017503125,1.8296480175031244,726,1600,0.45375,0.45375,3.717941794871362,4.149384344142991,1.5633427772164024,0.10000000000136511,0.10000000000136526,1.5265566588595902e-16,1.3651024755034769e-12,50,3.6571328300663652
formal,cx0.75_cy0.25_layoutA,0.1,spatial_shift,0.15,x,spatial_shift_x_js_0.15,cx0.75_cy0.25_layoutA__gamma_0.1__spatial_shift_x_js_0.15,3.5966681622702423,1.7445470026677234,1.7445470026677234,692,1600,0.4325,0.4325,3.717941794871362,4.077759303586207,1.499475662016608,0.10000000001683597,0.10000000001683564,3.3306690738754696e-16,1.683596317914038e-11,50,3.5247347990248374
formal,cx0.75_cy0.25_layoutA,0.1,false_hotspot,0.05,x,false_hotspot_x_js_0.05,cx0.75_cy0.25_layoutA__gamma_0.1__false_hotspot_x_js_0.05,3.404756436578871,1.6753602020744607,1.6753602020744605,724,1600,0.4525,0.4525,3.690215907648964,4.106080719361805,1.4397443646676367,0.10000000000638427,0.10000000000638419,8.326672684688674e-17,6.384268114167924e-12,50,3.3366613078472938
formal,cx0.75_cy0.25_layoutA,0.1,false_hotspot,0.1,x,false_hotspot_x_js_0.1,cx0.75_cy0.25_layoutA__gamma_0.1__false_hotspot_x_js_0.1,3.478689697605973,1.633646875732063,1.6336468757320628,745,1600,0.465625,0.465625,3.690215907648964,4.041084614373022,1.4504040458467697,0.10000000000632983,0.10000000000632994,1.1102230246251565e-16,6.3298255525978675e-12,50,3.409115903653854
formal,cx0.75_cy0.25_layoutA,0.1,false_hotspot,0.15,x,false_hotspot_x_js_0.15,cx0.75_cy0.25_layoutA__gamma_0.1__false_hotspot_x_js_0.15,3.622209286539169,1.6375241553707596,1.6375241553707596,803,1600,0.501875,0.501875,3.690215907648964,4.056021885014618,1.5029648986906954,0.1000000000013006,0.10000000000130074,1.3877787807814457e-16,1.3005985177727553e-12,50,3.549765100808386
formal,cx0.75_cy0.25_layoutA,0.1,false_negative_suppression,0.05,x,false_negative_suppression_x_js_0.05,cx0.75_cy0.25_layoutA__gamma_0.1__false_negative_suppression_x_js_0.05,3.579930530620895,1.766483803991321,1.766483803991321,747,1600,0.466875,0.466875,3.717941794871362,4.1416940896780226,1.5089996144139084,0.10000000000388438,0.10000000000388465,2.636779683484747e-16,3.884378929619459e-12,50,3.508331920008477
formal,cx0.75_cy0.25_layoutA,0.1,false_negative_suppression,0.1,x,false_negative_suppression_x_js_0.1,cx0.75_cy0.25_layoutA__gamma_0.1__false_negative_suppression_x_js_0.1,3.4828516577242583,1.7554932864919888,1.7554932864919885,738,1600,0.46125,0.46125,3.6624900204265654,4.138604005786048,1.4744736868632107,0.10000000000636494,0.10000000000636503,8.326672684688674e-17,6.364936355751638e-12,50,3.413194624569773
formal,cx0.75_cy0.25_layoutA,0.1,false_negative_suppression,0.15,x,false_negative_suppression_x_js_0.15,cx0.75_cy0.25_layoutA__gamma_0.1__false_negative_suppression_x_js_0.15,3.4914627744248103,1.7634946283638806,1.7634946283638808,736,1600,0.46,0.46,3.6624900204265654,4.147605769618496,1.4795752717053048,0.10000000000567968,0.10000000000567966,2.7755575615628914e-17,5.679678949377376e-12,50,3.421633518936314
formal,cx0.75_cy0.25_layoutA,0.1,spatial_shift,0.05,y,spatial_shift_y_js_0.05,cx0.75_cy0.25_layoutA__gamma_0.1__spatial_shift_y_js_0.05,3.925398426997781,1.9127244354200126,1.9127244354200124,823,1600,0.514375,0.514375,3.7456676820937593,4.1876630406741135,1.6395477369367115,0.1000000000000903,0.10000000000009002,2.7755575615628914e-16,9.028888747764086e-14,50,3.8468904584578256
formal,cx0.75_cy0.25_layoutA,0.1,spatial_shift,0.1,y,spatial_shift_y_js_0.1,cx0.75_cy0.25_layoutA__gamma_0.1__spatial_shift_y_js_0.1,3.7921312157497034,1.8569557511094656,1.8569557511094654,805,1600,0.503125,0.503125,3.745667682093759,4.154100266022839,1.5852603379309018,0.10000000000010219,0.10000000000010194,2.498001805406602e-16,1.0218215162893785e-13,50,3.7162885914347097
formal,cx0.75_cy0.25_layoutA,0.1,spatial_shift,0.15,y,spatial_shift_y_js_0.15,cx0.75_cy0.25_layoutA__gamma_0.1__spatial_shift_y_js_0.15,3.6797847586010968,1.8020262563639713,1.8020262563639708,774,1600,0.48375,0.48375,3.7456676820937593,4.112508181961286,1.5363805348909616,0.10000000001313736,0.10000000001313679,5.689893001203927e-16,1.3137352317116324e-11,50,3.606189063429075
formal,cx0.75_cy0.25_layoutA,0.1,false_hotspot,0.05,y,false_hotspot_y_js_0.05,cx0.75_cy0.25_layoutA__gamma_0.1__false_hotspot_y_js_0.05,3.6124553486392554,1.7064696961511223,1.7064696961511223,742,1600,0.46375,0.46375,3.7456676820937593,4.148957145525019,1.5220253676813478,0.10000000000000031,0.10000000000000034,2.7755575615628914e-17,3.0531133177191805e-16,50,3.5402062416664704
formal,cx0.75_cy0.25_layoutA,0.1,false_hotspot,0.1,y,false_hotspot_y_js_0.1,cx0.75_cy0.25_layoutA__gamma_0.1__false_hotspot_y_js_0.1,3.755488858687626,1.7090279463000044,1.709027946300004,703,1600,0.439375,0.439375,3.7179417948713613,4.12065265806943,1.5643037218122404,0.10000000000281281,0.10000000000281216,6.522560269672795e-16,2.8128055440390654e-12,50,3.6803790815138733
formal,cx0.75_cy0.25_layoutA,0.1,false_hotspot,0.15,y,false_hotspot_y_js_0.15,cx0.75_cy0.25_layoutA__gamma_0.1__false_hotspot_y_js_0.15,3.930583582212662,1.7451288287348674,1.7451288287348672,691,1600,0.431875,0.431875,3.7733935693161573,4.146391789229945,1.6305070494054146,0.10000000000484177,0.10000000000484204,2.636779683484747e-16,4.8417658771171546e-12,50,3.851971910568409
formal,cx0.75_cy0.25_layoutA,0.1,false_negative_suppression,0.05,y,false_negative_suppression_y_js_0.05,cx0.75_cy0.25_layoutA__gamma_0.1__false_negative_suppression_y_js_0.05,3.5665442175570243,1.7680548626616148,1.7680548626616153,729,1600,0.455625,0.455625,3.7456676820937593,4.148927394528157,1.506071032150185,0.10000000000159734,0.10000000000159766,3.191891195797325e-16,1.597333376679444e-12,50,3.495213333205884
formal,cx0.75_cy0.25_layoutA,0.1,false_negative_suppression,0.1,y,false_negative_suppression_y_js_0.1,cx0.75_cy0.25_layoutA__gamma_0.1__false_negative_suppression_y_js_0.1,3.460149382647594,1.7532174004373837,1.7532174004373835,745,1600,0.465625,0.465625,3.6624900204265654,4.1056045926516855,1.458927078710772,0.1000000000000654,0.10000000000006529,1.1102230246251565e-16,6.539213615042172e-14,50,3.3909463949946423
formal,cx0.75_cy0.25_layoutA,0.1,false_negative_suppression,0.15,y,false_negative_suppression_y_js_0.15,cx0.75_cy0.25_layoutA__gamma_0.1__false_negative_suppression_y_js_0.15,3.463113326129238,1.7566103711352186,1.7566103711352186,749,1600,0.468125,0.468125,3.717941794871362,4.137911508975143,1.4674159990159943,0.10000000000319931,0.10000000000319911,1.942890293094024e-16,3.199301934486698e-12,50,3.393851059606653
formal,cx0.75_cy0.25_layoutB,0.05,oracle,0.0,,oracle,cx0.75_cy0.25_layoutB__gamma_0.05__oracle,5.39850147894398,2.15799478834826,2.1579947883482604,756,1532,0.4725,0.4934725848563969,3.7906544936632645,4.342391151811247,2.1766460320041294,0.05000000000558748,0.05000000000558741,6.938893903907228e-17,5.5874749271822566e-12,50,5.290531449365101
formal,cx0.75_cy0.25_layoutB,0.05,uniform_prior_baseline,,,uniform_prior_baseline,cx0.75_cy0.25_layoutB__gamma_0.05__uniform_prior_baseline,4.624327569415376,2.233883445142559,2.233883445142559,764,1532,0.4775,0.49869451697127937,3.84610626810806,4.447533236707143,1.9535512154993742,0.050000000000609404,0.050000000000609376,2.7755575615628914e-17,6.094014182167484e-13,50,4.531841018027069
formal,cx0.75_cy0.25_layoutB,0.05,diffuse_blur,0.05,,diffuse_blur_js_0.05,cx0.75_cy0.25_layoutB__gamma_0.05__diffuse_blur_js_0.05,4.399338260471437,1.963340357112122,1.9633403571121226,809,1532,0.505625,0.5280678851174935,3.7733935693161573,4.287613380199077,1.8285854738830642,0.050000000003183706,0.05000000000318344,2.636779683484747e-16,3.1837033009907145e-12,50,4.311351495262008
formal,cx0.75_cy0.25_layoutB,0.05,diffuse_blur,0.1,,diffuse_blur_js_0.1,cx0.75_cy0.25_layoutB__gamma_0.05__diffuse_blur_js_0.1,4.294836548456915,1.9226236110309638,1.9226236110309638,714,1532,0.44625,0.4660574412532637,3.7733935693161573,4.3024744917282485,1.797339506432396,0.05000000000141128,0.05000000000141119,8.326672684688674e-17,1.4112738755400756e-12,50,4.208939817487777
formal,cx0.75_cy0.25_layoutB,0.05,diffuse_blur,0.15,,diffuse_blur_js_0.15,cx0.75_cy0.25_layoutB__gamma_0.05__diffuse_blur_js_0.15,4.608433236069734,2.2122978277318706,2.2122978277318706,722,1532,0.45125,0.47127937336814624,3.84610626810806,4.427342694502556,1.941867334601533,0.050000000000099507,0.0500000000000995,6.938893903907228e-18,9.950373858202965e-14,50,4.51626457134834
formal,cx0.75_cy0.25_layoutB,0.05,spatial_shift,0.05,x,spatial_shift_x_js_0.05,cx0.75_cy0.25_layoutB__gamma_0.05__spatial_shift_x_js_0.05,4.973314957481887,2.1275336045399933,2.1275336045399937,711,1532,0.444375,0.4640992167101828,3.790654493663264,4.263662132761794,2.0116552662094103,0.050000000000001224,0.050000000000001064,1.5959455978986625e-16,1.2212453270876722e-15,50,4.873848658332249
formal,cx0.75_cy0.25_layoutB,0.05,spatial_shift,0.1,x,spatial_shift_x_js_0.1,cx0.75_cy0.25_layoutB__gamma_0.05__spatial_shift_x_js_0.1,4.776281419627696,2.021208987396319,2.0212089873963195,715,1532,0.446875,0.466710182767624,3.762928606440866,4.265520809271003,1.9477357619783877,0.05000000000515656,0.05000000000515637,1.8735013540549517e-16,5.15655573796181e-12,50,4.680755791235142
formal,cx0.75_cy0.25_layoutB,0.05,spatial_shift,0.15,x,spatial_shift_x_js_0.15,cx0.75_cy0.25_layoutB__gamma_0.05__spatial_shift_x_js_0.15,4.67101348887208,1.8548673934978883,1.8548673934978885,749,1532,0.468125,0.48890339425587465,3.818380380885662,4.186440380867335,1.8883156002413302,0.05000000000018156,0.05000000000018167,1.1102230246251565e-16,1.8155615899573263e-13,50,4.577593219094639
formal,cx0.75_cy0.25_layoutB,0.05,false_hotspot,0.05,x,false_hotspot_x_js_0.05,cx0.75_cy0.25_layoutB__gamma_0.05__false_hotspot_x_js_0.05,4.4183213953398095,1.9428661485164143,1.9428661485164145,744,1532,0.465,0.4856396866840731,3.7733935693161573,4.2769165036170635,1.831859034077291,0.05000000000000026,0.05000000000000021,4.85722573273506e-17,2.5673907444456745e-16,50,4.329954967433014
formal,cx0.75_cy0.25_layoutB,0.05,false_hotspot,0.1,x,false_hotspot_x_js_0.1,cx0.75_cy0.25_layoutB__gamma_0.05__false_hotspot_x_js_0.1,4.572101196755248,1.957802608392208,1.9578026083922082,825,1532,0.515625,0.5385117493472585,3.818380380885662,4.271960866095242,1.8820073537327024,0.05000000000000664,0.05000000000000669,4.85722573273506e-17,6.6405214660392176e-15,50,4.480659172820142
formal,cx0.75_cy0.25_layoutB,0.05,false_hotspot,0.15,x,false_hotspot_x_js_0.15,cx0.75_cy0.25_layoutB__gamma_0.05__false_hotspot_x_js_0.15,4.700534373738373,1.9694494999955514,1.9694494999955514,854,1532,0.53375,0.5574412532637075,3.790654493663264,4.288231636938201,1.9298381766760873,0.05000000030553747,0.050000000305537154,3.191891195797325e-16,3.055374703242464e-10,50,4.606523686263605
formal,cx0.75_cy0.25_layoutB,0.05,false_negative_suppression,0.05,x,false_negative_suppression_x_js_0.05,cx0.75_cy0.25_layoutB__gamma_0.05__false_negative_suppression_x_js_0.05,4.636211319192442,2.0073076297693335,2.007307629769333,845,1532,0.528125,0.5515665796344648,3.790654493663264,4.31079371302587,1.9153821321298072,0.04999999999999993,0.05000000000000003,9.71445146547012e-17,-6.938893903907228e-17,50,4.543487092808593
formal,cx0.75_cy0.25_layoutB,0.05,false_negative_suppression,0.1,x,false_negative_suppression_x_js_0.1,cx0.75_cy0.25_layoutB__gamma_0.05__false_negative_suppression_x_js_0.1,4.847044087592746,2.0904627233207833,2.090462723320784,812,1532,0.5075,0.5300261096605744,3.84610626810806,4.324830335700074,1.9901661586719646,0.050000000000580386,0.05000000000058036,2.7755575615628914e-17,5.803829639106084e-13,50,4.75010320584089
formal,cx0.75_cy0.25_layoutB,0.05,false_negative_suppression,0.15,x,false_negative_suppression_x_js_0.15,cx0.75_cy0.25_layoutB__gamma_0.05__false_negative_suppression_x_js_0.15,5.094569564900059,2.1798440785864286,2.1798440785864295,789,1532,0.493125,0.5150130548302873,3.7906544936632645,4.366669810461801,2.0859643607615856,0.05000000000046529,0.05000000000046531,2.0816681711721685e-17,4.652875307264992e-13,50,4.992678173602058
formal,cx0.75_cy0.25_layoutB,0.05,spatial_shift,0.05,y,spatial_shift_y_js_0.05,cx0.75_cy0.25_layoutB__gamma_0.05__spatial_shift_y_js_0.05,5.06806587482095,2.1414004860305047,2.1414004860305047,781,1532,0.488125,0.5097911227154047,3.818380380885662,4.317100561883723,2.0604632506796055,0.0500000000769779,0.0500000000769779,0.0,7.697789627947316e-11,50,4.9667045573245305
formal,cx0.75_cy0.25_layoutB,0.05,spatial_shift,0.1,y,spatial_shift_y_js_0.1,cx0.75_cy0.25_layoutB__gamma_0.05__spatial_shift_y_js_0.1,4.93368534407732,2.0583030010003074,2.0583030010003074,786,1532,0.49125,0.5130548302872062,3.790654493663264,4.289909317766751,2.007374246871957,0.0500000000025686,0.050000000002568684,8.326672684688674e-17,2.5685981119849544e-12,50,4.835011637195774
formal,cx0.75_cy0.25_layoutB,0.05,spatial_shift,0.15,y,spatial_shift_y_js_0.15,cx0.75_cy0.25_layoutB__gamma_0.05__spatial_shift_y_js_0.15,4.902501789279779,1.8985681189697212,1.8985681189697214,751,1532,0.469375,0.4902088772845953,3.780189530787973,4.1862409403170044,1.9632540804308514,0.050000000000841704,0.050000000000841566,1.3877787807814457e-16,8.417017083317546e-13,50,4.804451753494184
formal,cx0.75_cy0.25_layoutB,0.05,false_hotspot,0.05,y,false_hotspot_y_js_0.05,cx0.75_cy0.25_layoutB__gamma_0.05__false_hotspot_y_js_0.05,4.838601145614123,2.055103664144365,2.0551036641443656,863,1532,0.539375,0.5633159268929504,3.818380380885662,4.32266014071622,1.9866620641337942,0.050000000001657025,0.05000000000165691,1.1796119636642288e-16,1.657021742040854e-12,50,4.741829122701841
formal,cx0.75_cy0.25_layoutB,0.05,false_hotspot,0.1,y,false_hotspot_y_js_0.1,cx0.75_cy0.25_layoutB__gamma_0.05__false_hotspot_y_js_0.1,5.03735662501546,2.1445962474302647,2.1445962474302647,889,1532,0.555625,0.5802872062663186,3.818380380885662,4.3798366060185945,2.071474033375031,0.050000000004006236,0.050000000004006104,1.3183898417423734e-16,4.0062328454659735e-12,50,4.93660949251515
formal,cx0.75_cy0.25_layoutB,0.05,false_hotspot,0.15,y,false_hotspot_y_js_0.15,cx0.75_cy0.25_layoutB__gamma_0.05__false_hotspot_y_js_0.15,5.294700810319983,2.1132712079754548,2.1132712079754548,710,1532,0.44375,0.46344647519582244,3.818380380885662,4.386767742433655,2.1587202590655243,0.05000000000031113,0.050000000000310824,3.0531133177191805e-16,3.111261248633923e-13,50,5.188806794113584
formal,cx0.75_cy0.25_layoutB,0.05,false_negative_suppression,0.05,y,false_negative_suppression_y_js_0.05,cx0.75_cy0.25_layoutB__gamma_0.05__false_negative_suppression_y_js_0.05,4.613030620062066,2.009862955136249,2.009862955136248,838,1532,0.52375,0.5469973890339426,3.84610626810806,4.320853241635808,1.9106976917143297,0.05000000000000011,0.05000000000000003,7.632783294297951e-17,1.0408340855860843e-16,50,4.520770007660825
formal,cx0.75_cy0.25_layoutB,0.05,false_negative_suppression,0.1,y,false_negative_suppression_y_js_0.1,cx0.75_cy0.25_layoutB__gamma_0.05__false_negative_suppression_y_js_0.1,4.802446447458147,2.09040677292956,2.0904067729295606,814,1532,0.50875,0.5313315926892951,3.818380380885661,4.357491292836816,1.9857954084734368,0.05000000000174092,0.05000000000174099,6.938893903907228e-17,1.7409199082329962e-12,50,4.706397518508984
formal,cx0.75_cy0.25_layoutB,0.05,false_negative_suppression,0.15,y,false_negative_suppression_y_js_0.15,cx0.75_cy0.25_layoutB__gamma_0.05__false_negative_suppression_y_js_0.15,5.108486130264307,2.1551609618402834,2.1551609618402834,831,1532,0.519375,0.5424281984334204,3.818380380885662,4.392358241461107,2.0993036297689036,0.05000000000049398,0.05000000000049398,0.0,4.939798570191556e-13,50,5.006316407659021
formal,cx0.75_cy0.25_layoutB,0.1,oracle,0.0,,oracle,cx0.75_cy0.25_layoutB__gamma_0.1__oracle,4.2614754868060425,2.032845956130951,2.032845956130951,761,1532,0.475625,0.49673629242819844,3.7456676820937593,4.272073604784843,1.777287817457666,0.10000000001314388,0.10000000001314366,2.220446049250313e-16,1.3143874877385997e-11,50,4.176245977069922
formal,cx0.75_cy0.25_layoutB,0.1,uniform_prior_baseline,,,uniform_prior_baseline,cx0.75_cy0.25_layoutB__gamma_0.1__uniform_prior_baseline,3.994932261844465,1.8224542782905755,1.822454278290576,692,1532,0.4325,0.4516971279373368,3.7733935693161573,4.265357704895638,1.683979654039831,0.1000000000231443,0.10000000002314423,6.938893903907228e-17,2.314429203842394e-11,50,3.915033616607576
formal,cx0.75_cy0.25_layoutB,0.1,diffuse_blur,0.05,,diffuse_blur_js_0.05,cx0.75_cy0.25_layoutB__gamma_0.1__diffuse_blur_js_0.05,3.4856959964267515,1.715652265658528,1.7156522656585276,688,1532,0.43,0.4490861618798956,3.717941794871362,4.147609585204356,1.4775596101123318,0.10000000000619388,0.1000000000061933,5.828670879282072e-16,6.193878743232517e-12,50,3.4159820764982163
formal,cx0.75_cy0.25_layoutB,0.1,diffuse_blur,0.1,,diffuse_blur_js_0.1,cx0.75_cy0.25_layoutB__gamma_0.1__diffuse_blur_js_0.1,3.066436041939345,1.5373400677212623,1.5373400677212623,633,1532,0.395625,0.4131853785900783,3.657436589642252,3.97917561853183,1.2942912023265842,0.10000000000886411,0.10000000000886404,6.938893903907228e-17,8.864103895334097e-12,50,3.0051073211005583
formal,cx0.75_cy0.25_layoutB,0.1,diffuse_blur,0.15,,diffuse_blur_js_0.15,cx0.75_cy0.25_layoutB__gamma_0.1__diffuse_blur_js_0.15,3.706876426022547,1.6858128591719392,1.685812859171939,631,1532,0.394375,0.4118798955613577,3.7733935693161573,4.160384525272082,1.5574902231677568,0.10000000000006007,0.10000000000006008,1.3877787807814457e-17,6.006306563222097e-14,50,3.632738897502096
formal,cx0.75_cy0.25_layoutB,0.1,spatial_shift,0.05,x,spatial_shift_x_js_0.05,cx0.75_cy0.25_layoutB__gamma_0.1__spatial_shift_x_js_0.05,3.970621240989162,1.7450440377709497,1.7450440377709495,767,1532,0.479375,0.5006527415143603,3.690215907648964,4.139101363879665,1.6421448444902644,0.10000000000000028,0.09999999999999999,2.914335439641036e-16,2.7755575615628914e-16,50,3.891208816169379
formal,cx0.75_cy0.25_layoutB,0.1,spatial_shift,0.1,x,spatial_shift_x_js_0.1,cx0.75_cy0.25_layoutB__gamma_0.1__spatial_shift_x_js_0.1,3.7958459654076018,1.6814172975634618,1.6814172975634616,713,1532,0.445625,0.4654046997389034,3.6902159076489642,4.0670763286998675,1.5645122469966588,0.0999999999999988,0.09999999999999841,3.885780586188048e-16,-1.2073675392798577e-15,50,3.7199290460994496
formal,cx0.75_cy0.25_layoutB,0.1,spatial_shift,0.15,x,spatial_shift_x_js_0.15,cx0.75_cy0.25_layoutB__gamma_0.1__spatial_shift_x_js_0.15,3.647438169260245,1.6345763829048834,1.6345763829048832,661,1532,0.413125,0.4314621409921671,3.6624900204265654,4.023069310440501,1.5035319476534132,0.1000000000280649,0.10000000002806513,2.220446049250313e-16,2.806489762807729e-11,50,3.57448940587504
formal,cx0.75_cy0.25_layoutB,0.1,false_hotspot,0.05,x,false_hotspot_x_js_0.05,cx0.75_cy0.25_layoutB__gamma_0.1__false_hotspot_x_js_0.05,3.415604108724697,1.6818556116290078,1.681855611629008,668,1532,0.4175,0.4360313315926893,3.6624900204265654,4.067433463520426,1.4347281354501986,0.1000000000381964,0.1000000000381964,0.0,3.819639049496004e-11,50,3.347292026550203
formal,cx0.75_cy0.25_layoutB,0.1,false_hotspot,0.1,x,false_hotspot_x_js_0.1,cx0.75_cy0.25_layoutB__gamma_0.1__false_hotspot_x_js_0.1,3.484981223563105,1.6422815852539976,1.6422815852539978,695,1532,0.434375,0.4536553524804178,3.6624900204265654,4.081064774938101,1.4618491150238717,0.10000000001150411,0.10000000001150423,1.249000902703301e-16,1.1504103225590256e-11,50,3.415281599091843
formal,cx0.75_cy0.25_layoutB,0.1,false_hotspot,0.15,x,false_hotspot_x_js_0.15,cx0.75_cy0.25_layoutB__gamma_0.1__false_hotspot_x_js_0.15,3.6306526952774854,1.6464063233368873,1.6464063233368873,768,1532,0.48,0.5013054830287206,3.717941794871362,4.067954997777559,1.5087263506997024,0.1000000000003011,0.10000000000030068,4.163336342344337e-16,3.0109248427834245e-13,50,3.558039641371936
formal,cx0.75_cy0.25_layoutB,0.1,false_negative_suppression,0.05,x,false_negative_suppression_x_js_0.05,cx0.75_cy0.25_layoutB__gamma_0.1__false_negative_suppression_x_js_0.05,3.5817025226964896,1.7660922326020432,1.7660922326020432,710,1532,0.44375,0.46344647519582244,3.717941794871362,4.124456934120217,1.505498733569031,0.10000000000867136,0.1000000000086713,5.551115123125783e-17,8.671355300471362e-12,50,3.5100684722425597
formal,cx0.75_cy0.25_layoutB,0.1,false_negative_suppression,0.1,x,false_negative_suppression_x_js_0.1,cx0.75_cy0.25_layoutB__gamma_0.1__false_negative_suppression_x_js_0.1,3.4666289206139536,1.7526020464716552,1.7526020464716554,694,1532,0.43375,0.45300261096605743,3.6624900204265654,4.099722426495372,1.459819274419089,0.10000000000015555,0.10000000000015542,1.249000902703301e-16,1.5554224574998443e-13,50,3.3972963422016744
formal,cx0.75_cy0.25_layoutB,0.1,false_negative_suppression,0.15,x,false_negative_suppression_x_js_0.15,cx0.75_cy0.25_layoutB__gamma_0.1__false_negative_suppression_x_js_0.15,3.4617674810728416,1.7614277779956287,1.7614277779956287,693,1532,0.433125,0.45234986945169714,3.717941794871362,4.145715736864602,1.468746487989655,0.10000000000732387,0.1000000000073239,2.7755575615628914e-17,7.323863737696001e-12,50,3.392532131451385
formal,cx0.75_cy0.25_layoutB,0.1,spatial_shift,0.05,y,spatial_shift_y_js_0.05,cx0.75_cy0.25_layoutB__gamma_0.1__spatial_shift_y_js_0.05,3.9601183615534024,1.9095236399075708,1.9095236399075708,750,1532,0.46875,0.489556135770235,3.717941794871362,4.189258325088538,1.6518361096272784,0.10000000002480289,0.1000000000248028,8.326672684688674e-17,2.480288197048708e-11,50,3.880915994322334
formal,cx0.75_cy0.25_layoutB,0.1,spatial_shift,0.1,y,spatial_shift_y_js_0.1,cx0.75_cy0.25_layoutB__gamma_0.1__spatial_shift_y_js_0.1,3.826168705309718,1.8389760962880768,1.838976096288077,724,1532,0.4525,0.4725848563968668,3.717941794871361,4.177334402355525,1.6028472985466626,0.1000000000031669,0.10000000000316708,1.8041124150158794e-16,3.1668972999554512e-12,50,3.749645331203524
formal,cx0.75_cy0.25_layoutB,0.1,spatial_shift,0.15,y,spatial_shift_y_js_0.15,cx0.75_cy0.25_layoutB__gamma_0.1__spatial_shift_y_js_0.15,3.7600043762254316,1.6554412800217122,1.6554412800217122,617,1532,0.385625,0.4027415143603133,3.6902159076489642,4.042647824662701,1.5462926524443756,0.1000000000005543,0.1000000000005542,9.71445146547012e-17,5.542927228319172e-13,50,3.684804288700923
formal,cx0.75_cy0.25_layoutB,0.1,false_hotspot,0.05,y,false_hotspot_y_js_0.05,cx0.75_cy0.25_layoutB__gamma_0.1__false_hotspot_y_js_0.05,3.6240050632092258,1.7065426628687432,1.7065426628687432,686,1532,0.42875,0.44778067885117495,3.717941794871362,4.116171404783275,1.5181082500225271,0.10000000000031109,0.10000000000031091,1.8041124150158794e-16,3.1108449149996886e-13,50,3.551524961945041
formal,cx0.75_cy0.25_layoutB,0.1,false_hotspot,0.1,y,false_hotspot_y_js_0.1,cx0.75_cy0.25_layoutB__gamma_0.1__false_hotspot_y_js_0.1,3.7688321823655087,1.7118954358236436,1.7118954358236436,639,1532,0.399375,0.4171018276762402,3.7733935693161573,4.13684512841082,1.5729278994186728,0.10000000000011405,0.10000000000011396,9.71445146547012e-17,1.140476602046192e-13,50,3.6934555387181986
formal,cx0.75_cy0.25_layoutB,0.1,false_hotspot,0.15,y,false_hotspot_y_js_0.15,cx0.75_cy0.25_layoutB__gamma_0.1__false_hotspot_y_js_0.15,3.9425080162112924,1.7477394812294234,1.7477394812294231,632,1532,0.395,0.412532637075718,3.7456676820937593,4.1970273648452405,1.647860384875893,0.10000000000012536,0.100000000000125,3.608224830031759e-16,1.25358057267988e-13,50,3.863657855887067
formal,cx0.75_cy0.25_layoutB,0.1,false_negative_suppression,0.05,y,false_negative_suppression_y_js_0.05,cx0.75_cy0.25_layoutB__gamma_0.1__false_negative_suppression_y_js_0.05,3.5679427792141576,1.765560501270911,1.7655605012709106,698,1532,0.43625,0.4556135770234987,3.7456676820937593,4.160675751471202,1.5093520595260426,0.10000000000000436,0.10000000000000431,5.551115123125783e-17,4.3576253716537394e-15,50,3.4965839236298746
formal,cx0.75_cy0.25_layoutB,0.1,false_negative_suppression,0.1,y,false_negative_suppression_y_js_0.1,cx0.75_cy0.25_layoutB__gamma_0.1__false_negative_suppression_y_js_0.1,3.443755785263358,1.7546893360468294,1.7546893360468296,697,1532,0.435625,0.4549608355091384,3.6624900204265654,4.12353467584195,1.4573422438021453,0.10000000000387678,0.10000000000387661,1.6653345369377348e-16,3.876773901900776e-12,50,3.374880669558091
formal,cx0.75_cy0.25_layoutB,0.1,false_negative_suppression,0.15,y,false_negative_suppression_y_js_0.15,cx0.75_cy0.25_layoutB__gamma_0.1__false_negative_suppression_y_js_0.15,3.4326021089661523,1.7535391956211406,1.753539195621141,699,1532,0.436875,0.456266318537859,3.717941794871362,4.142451715655071,1.4577751557509036,0.10000000000515818,0.10000000000515809,9.71445146547012e-17,5.158179439135324e-12,50,3.3639500667868294
formal,cx0.75_cy0.25_layoutC,0.05,oracle,0.0,,oracle,cx0.75_cy0.25_layoutC__gamma_0.05__oracle,5.347618711038381,2.161145713463085,2.161145713463086,764,1536,0.4775,0.4973958333333333,3.818380380885662,4.336900118356122,2.1582480892238505,0.05000000000765133,0.050000000007651244,8.326672684688674e-17,7.651324018809191e-12,50,5.240666336817614
formal,cx0.75_cy0.25_layoutC,0.05,uniform_prior_baseline,,,uniform_prior_baseline,cx0.75_cy0.25_layoutC__gamma_0.05__uniform_prior_baseline,4.68142321799549,2.263235993473555,2.2632359934735544,762,1536,0.47625,0.49609375,3.818380380885662,4.418414918114474,1.9641094300298994,0.05000000000207157,0.05000000000207161,4.163336342344337e-17,2.0715651416480796e-12,50,4.58779475363558
formal,cx0.75_cy0.25_layoutC,0.05,diffuse_blur,0.05,,diffuse_blur_js_0.05,cx0.75_cy0.25_layoutC__gamma_0.05__diffuse_blur_js_0.05,4.481994286652036,1.965193452569551,1.965193452569551,845,1536,0.528125,0.5501302083333334,3.7456676820937593,4.282473994086538,1.8549681374167628,0.0500000000020076,0.05000000000200767,6.938893903907228e-17,2.007595478747959e-12,50,4.392354400918995
formal,cx0.75_cy0.25_layoutC,0.05,diffuse_blur,0.1,,diffuse_blur_js_0.1,cx0.75_cy0.25_layoutC__gamma_0.05__diffuse_blur_js_0.1,4.259978073675269,1.9242301783298048,1.9242301783298046,695,1536,0.434375,0.4524739583333333,3.7456676820937593,4.292117295173725,1.7824703213753548,0.050000000008347326,0.050000000008347395,6.938893903907228e-17,8.347322832946702e-12,50,4.1747785122017635
formal,cx0.75_cy0.25_layoutC,0.05,diffuse_blur,0.15,,diffuse_blur_js_0.15,cx0.75_cy0.25_layoutC__gamma_0.05__diffuse_blur_js_0.15,4.630433218383479,2.201826715337288,2.201826715337289,731,1536,0.456875,0.4759114583333333,3.818380380885662,4.406893225580318,1.9431098450739706,0.05000000000061801,0.050000000000617995,1.3877787807814457e-17,6.180056466575934e-13,50,4.53782455401581
formal,cx0.75_cy0.25_layoutC,0.05,spatial_shift,0.05,x,spatial_shift_x_js_0.05,cx0.75_cy0.25_layoutC__gamma_0.05__spatial_shift_x_js_0.05,4.9549444830254465,2.002710853494355,2.002710853494356,825,1536,0.515625,0.537109375,3.735202719218469,4.24346996177244,1.9990026423878757,0.05000000000437464,0.0500000000043747,5.551115123125783e-17,4.37463953950612e-12,50,4.855845593364938
formal,cx0.75_cy0.25_layoutC,0.05,spatial_shift,0.1,x,spatial_shift_x_js_0.1,cx0.75_cy0.25_layoutC__gamma_0.05__spatial_shift_x_js_0.1,4.807037003448723,1.969273381277278,1.969273381277278,814,1536,0.50875,0.5299479166666666,3.7906544936632645,4.230318652794855,1.946578558574096,0.05000000000201938,0.05000000000201943,4.85722573273506e-17,2.0193777205967933e-12,50,4.710896263379749
formal,cx0.75_cy0.25_layoutC,0.05,spatial_shift,0.15,x,spatial_shift_x_js_0.15,cx0.75_cy0.25_layoutC__gamma_0.05__spatial_shift_x_js_0.15,5.779408209180259,2.265402951272023,2.2654029512720233,898,1536,0.56125,0.5846354166666666,3.7247377563431776,4.279203855334888,2.2738481698576467,0.050000000005002876,0.0500000000050028,7.632783294297951e-17,5.0028731157780726e-12,50,5.663820044996654
formal,cx0.75_cy0.25_layoutC,0.05,false_hotspot,0.05,x,false_hotspot_x_js_0.05,cx0.75_cy0.25_layoutC__gamma_0.05__false_hotspot_x_js_0.05,4.4434617154253715,1.9069576276332174,1.9069576276332185,806,1536,0.50375,0.5247395833333334,3.7456676820937593,4.27242108394142,1.8390060221136255,0.05000000000000025,0.05000000000000011,1.457167719820518e-16,2.498001805406602e-16,50,4.354592481116864
formal,cx0.75_cy0.25_layoutC,0.05,false_hotspot,0.1,x,false_hotspot_x_js_0.1,cx0.75_cy0.25_layoutC__gamma_0.05__false_hotspot_x_js_0.1,4.570128850149499,1.910960281801051,1.9109602818010514,831,1536,0.519375,0.541015625,3.84610626810806,4.272109353045072,1.8813937514167638,0.05000000000041606,0.050000000000415885,1.734723475976807e-16,4.160560784782774e-13,50,4.478726273146509
formal,cx0.75_cy0.25_layoutC,0.05,false_hotspot,0.15,x,false_hotspot_x_js_0.15,cx0.75_cy0.25_layoutC__gamma_0.05__false_hotspot_x_js_0.15,4.689698369615395,1.9765903427499394,1.9765903427499396,841,1536,0.525625,0.5475260416666666,3.818380380885662,4.338460274198319,1.9419377486260225,0.050000000008115386,0.050000000008114956,4.3021142204224816e-16,8.115383365314699e-12,50,4.595904402223087
formal,cx0.75_cy0.25_layoutC,0.05,false_negative_suppression,0.05,x,false_negative_suppression_x_js_0.05,cx0.75_cy0.25_layoutC__gamma_0.05__false_negative_suppression_x_js_0.05,4.641672757581424,2.0028111889370117,2.0028111889370117,853,1536,0.533125,0.5553385416666666,3.84610626810806,4.315549291434667,1.9186846818460015,0.050000000000606434,0.05000000000060656,1.249000902703301e-16,6.064315716258761e-13,50,4.548839302429795
formal,cx0.75_cy0.25_layoutC,0.05,false_negative_suppression,0.1,x,false_negative_suppression_x_js_0.1,cx0.75_cy0.25_layoutC__gamma_0.05__false_negative_suppression_x_js_0.1,4.851264824055891,2.0903605216381136,2.0903605216381136,795,1536,0.496875,0.517578125,3.84610626810806,4.34338231268962,1.9975674480380603,0.050000000001597183,0.05000000000159675,4.3021142204224816e-16,1.597180721013558e-12,50,4.754239527574773
formal,cx0.75_cy0.25_layoutC,0.05,false_negative_suppression,0.15,x,false_negative_suppression_x_js_0.15,cx0.75_cy0.25_layoutC__gamma_0.05__false_negative_suppression_x_js_0.15,5.024665969613003,2.1768835217436693,2.1768835217436693,779,1536,0.486875,0.5071614583333334,3.7906544936632645,4.381725565655109,2.067892125297952,0.05000000000085523,0.05000000000085561,3.8163916471489756e-16,8.552256125504698e-13,50,4.924172650220743
formal,cx0.75_cy0.25_layoutC,0.05,spatial_shift,0.05,y,spatial_shift_y_js_0.05,cx0.75_cy0.25_layoutC__gamma_0.05__spatial_shift_y_js_0.05,5.062413170877614,2.063292981816084,2.0632929818160846,798,1536,0.49875,0.51953125,3.762928606440866,4.284829123783334,2.047721897544708,0.05000000000867621,0.05000000000867619,2.0816681711721685e-17,8.676205587310193e-12,50,4.961164907460062
formal,cx0.75_cy0.25_layoutC,0.05,spatial_shift,0.1,y,spatial_shift_y_js_0.1,cx0.75_cy0.25_layoutC__gamma_0.05__spatial_shift_y_js_0.1,4.981278156540833,2.0264233858461913,2.026423385846191,726,1536,0.45375,0.47265625,3.84610626810806,4.318051735661832,2.0323085130857272,0.0500000000082826,0.050000000008282884,2.8449465006019636e-16,8.282596830611055e-12,50,4.881652593410017
formal,cx0.75_cy0.25_layoutC,0.05,spatial_shift,0.15,y,spatial_shift_y_js_0.15,cx0.75_cy0.25_layoutC__gamma_0.05__spatial_shift_y_js_0.15,4.9354578669403955,1.983918683038922,1.983918683038922,693,1536,0.433125,0.451171875,3.790654493663264,4.249217044854051,1.9945666125994603,0.05000000000102063,0.05000000000102077,1.3877787807814457e-16,1.0206280265379064e-12,50,4.836748709601587
formal,cx0.75_cy0.25_layoutC,0.05,false_hotspot,0.05,y,false_hotspot_y_js_0.05,cx0.75_cy0.25_layoutC__gamma_0.05__false_hotspot_y_js_0.05,4.854720855940198,2.0453623992445777,2.045362399244578,868,1536,0.5425,0.5651041666666666,3.84610626810806,4.324069144935775,1.9924681680343646,0.05000000000022669,0.05000000000022675,6.245004513516506e-17,2.2668672494674524e-13,50,4.757626438821394
formal,cx0.75_cy0.25_layoutC,0.05,false_hotspot,0.1,y,false_hotspot_y_js_0.1,cx0.75_cy0.25_layoutC__gamma_0.05__false_hotspot_y_js_0.1,5.070345007870162,2.0540818845322386,2.0540818845322386,831,1536,0.519375,0.541015625,3.818380380885662,4.368960649572783,2.0787388583457913,0.05000000043917658,0.05000000043917668,9.71445146547012e-17,4.3917657704950486e-10,50,4.968938107712758
formal,cx0.75_cy0.25_layoutC,0.05,false_hotspot,0.15,y,false_hotspot_y_js_0.15,cx0.75_cy0.25_layoutC__gamma_0.05__false_hotspot_y_js_0.15,5.280512456477129,2.114943816928089,2.1149438169280885,716,1536,0.4475,0.4661458333333333,3.84610626810806,4.403991034071796,2.1601343797220167,0.05000000000687748,0.05000000000687713,3.5388358909926865e-16,6.8774777539637455e-12,50,5.1749022073475865
formal,cx0.75_cy0.25_layoutC,0.05,false_negative_suppression,0.05,y,false_negative_suppression_y_js_0.05,cx0.75_cy0.25_layoutC__gamma_0.05__false_negative_suppression_y_js_0.05,4.616464951066651,2.004872896167762,2.004872896167762,840,1536,0.525,0.546875,3.84610626810806,4.32853849065317,1.9142182898274922,0.05000000000983387,0.05000000000983394,6.938893903907228e-17,9.833869829556363e-12,50,4.5241356520453175
formal,cx0.75_cy0.25_layoutC,0.05,false_negative_suppression,0.1,y,false_negative_suppression_y_js_0.1,cx0.75_cy0.25_layoutC__gamma_0.05__false_negative_suppression_y_js_0.1,4.859404100563169,2.0780373704267032,2.0780373704267037,837,1536,0.523125,0.544921875,3.818380380885662,4.33359119000247,1.9971067663243078,0.050000000002614425,0.05000000000261376,6.661338147750939e-16,2.6144225673263577e-12,50,4.762216018551905
formal,cx0.75_cy0.25_layoutC,0.05,false_negative_suppression,0.15,y,false_negative_suppression_y_js_0.15,cx0.75_cy0.25_layoutC__gamma_0.05__false_negative_suppression_y_js_0.15,5.164334126642015,2.1394902824138087,2.1394902824138087,859,1536,0.536875,0.5592447916666666,3.818380380885662,4.366215562468554,2.1087839194599356,0.05000000018730709,0.05000000018730719,1.0408340855860843e-16,1.8730708650771533e-10,50,5.061047444109175
formal,cx0.75_cy0.25_layoutC,0.1,oracle,0.0,,oracle,cx0.75_cy0.25_layoutC__gamma_0.1__oracle,4.23740947168122,2.0318302013795138,2.0318302013795138,772,1536,0.4825,0.5026041666666666,3.7456676820937593,4.301553363819048,1.7774153249923008,0.10000000000612344,0.10000000000612334,9.71445146547012e-17,6.123435092320051e-12,50,4.152661282247595
formal,cx0.75_cy0.25_layoutC,0.1,uniform_prior_baseline,,,uniform_prior_baseline,cx0.75_cy0.25_layoutC__gamma_0.1__uniform_prior_baseline,3.9666641514126657,1.8012459364073705,1.8012459364073705,681,1536,0.425625,0.443359375,3.7733935693161573,4.2426846415800625,1.6681994169123138,0.1000000000179468,0.10000000001794689,8.326672684688674e-17,1.794679682642908e-11,50,3.8873308683844123
formal,cx0.75_cy0.25_layoutC,0.1,diffuse_blur,0.05,,diffuse_blur_js_0.05,cx0.75_cy0.25_layoutC__gamma_0.1__diffuse_blur_js_0.05,3.5255642138732735,1.7258024647508952,1.7258024647508952,703,1536,0.439375,0.4576822916666667,3.690215907648964,4.129002007054899,1.4871109570472187,0.10000000002218778,0.10000000002218778,0.0,2.2187779391558138e-11,50,3.455052929595808
formal,cx0.75_cy0.25_layoutC,0.1,diffuse_blur,0.1,,diffuse_blur_js_0.1,cx0.75_cy0.25_layoutC__gamma_0.1__diffuse_blur_js_0.1,3.083645136053342,1.545674983277671,1.5456749832776708,654,1536,0.40875,0.42578125,3.629710702419854,4.007930998872372,1.306207669080876,0.10000000000179401,0.10000000000179403,1.3877787807814457e-17,1.7940093854917905e-12,50,3.0219722333322756
formal,cx0.75_cy0.25_layoutC,0.1,diffuse_blur,0.15,,diffuse_blur_js_0.15,cx0.75_cy0.25_layoutC__gamma_0.1__diffuse_blur_js_0.15,3.6829109159426014,1.6683722253699664,1.6683722253699664,634,1536,0.39625,0.4127604166666667,3.7456676820937593,4.105138223362507,1.5356425155779467,0.10000000001513411,0.10000000001513419,8.326672684688674e-17,1.5134102304692476e-11,50,3.6092526976237496
formal,cx0.75_cy0.25_layoutC,0.1,spatial_shift,0.05,x,spatial_shift_x_js_0.05,cx0.75_cy0.25_layoutC__gamma_0.1__spatial_shift_x_js_0.05,3.9134060668006496,1.7130004998011528,1.7130004998011528,747,1536,0.466875,0.486328125,3.6902159076489642,4.122540398550017,1.6184524205014963,0.10000000000010988,0.1000000000001098,6.938893903907228e-17,1.0987044607446705e-13,50,3.8351379454646364
formal,cx0.75_cy0.25_layoutC,0.1,spatial_shift,0.1,x,spatial_shift_x_js_0.1,cx0.75_cy0.25_layoutC__gamma_0.1__spatial_shift_x_js_0.1,3.753601231728111,1.6787395047168023,1.6787395047168023,731,1536,0.456875,0.4759114583333333,3.690215907648964,4.060852088513773,1.5486944100968119,0.10000000001608106,0.10000000001608117,1.1102230246251565e-16,1.6081053155758696e-11,50,3.6785292070935487
formal,cx0.75_cy0.25_layoutC,0.1,spatial_shift,0.15,x,spatial_shift_x_js_0.15,cx0.75_cy0.25_layoutC__gamma_0.1__spatial_shift_x_js_0.15,3.6642877443706983,1.6475305800082907,1.6475305800082907,718,1536,0.44875,0.4674479166666667,3.717941794871362,4.050012072548911,1.515798558343445,0.10000000010124183,0.10000000010124163,1.942890293094024e-16,1.0124182048265595e-10,50,3.5910019894832845
formal,cx0.75_cy0.25_layoutC,0.1,false_hotspot,0.05,x,false_hotspot_x_js_0.05,cx0.75_cy0.25_layoutC__gamma_0.1__false_hotspot_x_js_0.05,3.4052887142717503,1.6817919764359726,1.6817919764359723,696,1536,0.435,0.453125,3.6624900204265654,4.088468826705427,1.435931869432706,0.1000000000101034,0.10000000001010319,2.0816681711721685e-16,1.0103390346571928e-11,50,3.337182939986315
formal,cx0.75_cy0.25_layoutC,0.1,false_hotspot,0.1,x,false_hotspot_x_js_0.1,cx0.75_cy0.25_layoutC__gamma_0.1__false_hotspot_x_js_0.1,3.4838458105200742,1.6433865986548697,1.6433865986548697,717,1536,0.448125,0.466796875,3.690215907648964,4.069128258050222,1.458684669296605,0.10000000000472671,0.10000000000472642,2.914335439641036e-16,4.726705138402565e-12,50,3.4141688943096726
formal,cx0.75_cy0.25_layoutC,0.1,false_hotspot,0.15,x,false_hotspot_x_js_0.15,cx0.75_cy0.25_layoutC__gamma_0.1__false_hotspot_x_js_0.15,3.636085916206088,1.6502115977154348,1.6502115977154355,767,1536,0.479375,0.4993489583333333,3.717941794871362,4.082504354739402,1.5141054451017624,0.10000000000132192,0.10000000000132127,6.522560269672795e-16,1.3219147998455583e-12,50,3.5633641978819663
formal,cx0.75_cy0.25_layoutC,0.1,false_negative_suppression,0.05,x,false_negative_suppression_x_js_0.05,cx0.75_cy0.25_layoutC__gamma_0.1__false_negative_suppression_x_js_0.05,3.5675321765351833,1.7606939399135004,1.7606939399135009,714,1536,0.44625,0.46484375,3.717941794871362,4.143544185823308,1.5051344087736478,0.10000000000438027,0.10000000000438011,1.5265566588595902e-16,4.380260043568285e-12,50,3.4961815330044796
formal,cx0.75_cy0.25_layoutC,0.1,false_negative_suppression,0.1,x,false_negative_suppression_x_js_0.1,cx0.75_cy0.25_layoutC__gamma_0.1__false_negative_suppression_x_js_0.1,3.462074719966509,1.7514243212228184,1.7514243212228182,712,1536,0.445,0.4635416666666667,3.690215907648964,4.100889857031937,1.4585080485576958,0.10000000001699383,0.10000000001699358,2.498001805406602e-16,1.6993823015454268e-11,50,3.3928332255671787
formal,cx0.75_cy0.25_layoutC,0.1,false_negative_suppression,0.15,x,false_negative_suppression_x_js_0.15,cx0.75_cy0.25_layoutC__gamma_0.1__false_negative_suppression_x_js_0.15,3.46466402059136,1.759359300524122,1.759359300524122,710,1536,0.44375,0.4622395833333333,3.690215907648964,4.137607048172652,1.4678878568128524,0.1000000000055807,0.10000000000558114,4.440892098500626e-16,5.580688688944235e-12,50,3.3953707401795326
formal,cx0.75_cy0.25_layoutC,0.1,spatial_shift,0.05,y,spatial_shift_y_js_0.05,cx0.75_cy0.25_layoutC__gamma_0.1__spatial_shift_y_js_0.05,3.9631529790114586,1.715444254042579,1.715444254042579,682,1536,0.42625,0.4440104166666667,3.6624900204265654,4.109709490108854,1.6318547679551716,0.1000000000163613,0.1000000000163613,0.0,1.63613012027497e-11,50,3.8838899194312297
formal,cx0.75_cy0.25_layoutC,0.1,spatial_shift,0.1,y,spatial_shift_y_js_0.1,cx0.75_cy0.25_layoutC__gamma_0.1__spatial_shift_y_js_0.1,3.8355953344816047,1.6921373975047893,1.692137397504789,640,1536,0.4,0.4166666666666667,3.717941794871362,4.083974798114159,1.5822139271003344,0.10000000006270679,0.10000000006270746,6.661338147750939e-16,6.270678420960962e-11,50,3.758883427791973
formal,cx0.75_cy0.25_layoutC,0.1,spatial_shift,0.15,y,spatial_shift_y_js_0.15,cx0.75_cy0.25_layoutC__gamma_0.1__spatial_shift_y_js_0.15,3.776379904085583,1.6745235273552619,1.674523527355262,614,1536,0.38375,0.3997395833333333,3.717941794871362,4.066388380912102,1.5577731102395238,0.10000000001019027,0.10000000001019052,2.498001805406602e-16,1.0190265298248846e-11,50,3.7008523060038714
formal,cx0.75_cy0.25_layoutC,0.1,false_hotspot,0.05,y,false_hotspot_y_js_0.05,cx0.75_cy0.25_layoutC__gamma_0.1__false_hotspot_y_js_0.05,3.616933166929235,1.7066575985018866,1.7066575985018864,695,1536,0.434375,0.4524739583333333,3.717941794871362,4.107954838576804,1.5136912227870305,0.10000000000202147,0.10000000000202158,1.1102230246251565e-16,2.0214663276618694e-12,50,3.54459450359065
formal,cx0.75_cy0.25_layoutC,0.1,false_hotspot,0.1,y,false_hotspot_y_js_0.1,cx0.75_cy0.25_layoutC__gamma_0.1__false_hotspot_y_js_0.1,3.7640404572129658,1.7162147255021896,1.7162147255021896,671,1536,0.419375,0.4368489583333333,3.7733935693161573,4.145183487819417,1.573379583386986,0.10000000002112386,0.100000000021124,1.3877787807814457e-16,2.112385266705985e-11,50,3.6887596480687064
formal,cx0.75_cy0.25_layoutC,0.1,false_hotspot,0.15,y,false_hotspot_y_js_0.15,cx0.75_cy0.25_layoutC__gamma_0.1__false_hotspot_y_js_0.15,3.9438915194158732,1.755065161106945,1.7550651611069454,662,1536,0.41375,0.4309895833333333,3.7456676820937593,4.1955201423436534,1.6479378252203585,0.10000000000027684,0.10000000000027627,5.689893001203927e-16,2.768341111902828e-13,50,3.8650136890275557
formal,cx0.75_cy0.25_layoutC,0.1,false_negative_suppression,0.05,y,false_negative_suppression_y_js_0.05,cx0.75_cy0.25_layoutC__gamma_0.1__false_negative_suppression_y_js_0.05,3.5527065368230213,1.7609044500440256,1.7609044500440256,708,1536,0.4425,0.4609375,3.7456676820937593,4.137072583481022,1.4984469015568855,0.10000000006777844,0.10000000006777823,2.0816681711721685e-16,6.777843564176322e-11,50,3.481652406086561
formal,cx0.75_cy0.25_layoutC,0.1,false_negative_suppression,0.1,y,false_negative_suppression_y_js_0.1,cx0.75_cy0.25_layoutC__gamma_0.1__false_negative_suppression_y_js_0.1,3.438429772058729,1.7518652163254682,1.7518652163254687,711,1536,0.444375,0.462890625,3.6624900204265654,4.124826340372099,1.4557782927038503,0.10000000001955875,0.10000000001955862,1.249000902703301e-16,1.955874351367015e-11,50,3.3696611766175546
formal,cx0.75_cy0.25_layoutC,0.1,false_negative_suppression,0.15,y,false_negative_suppression_y_js_0.15,cx0.75_cy0.25_layoutC__gamma_0.1__false_negative_suppression_y_js_0.15,3.4354236765805792,1.7520834401648433,1.7520834401648433,714,1536,0.44625,0.46484375,3.717941794871362,4.135683656227661,1.4572145210606013,0.10000000003509037,0.10000000003509053,1.6653345369377348e-16,3.5090361172329665e-11,50,3.3667152030489675
formal,cx0.75_cy0.75_layoutA,0.05,oracle,0.0,,oracle,cx0.75_cy0.75_layoutA__gamma_0.05__oracle,4.648991011305187,1.89995692192391,1.8999569219239099,653,1600,0.408125,0.408125,3.84610626810806,4.2611608735229005,1.9042827686501402,0.05000000003484163,0.0500000000348418,1.6653345369377348e-16,3.4841629581450206e-11,50,4.556011191079083
formal,cx0.75_cy0.75_layoutA,0.05,uniform_prior_baseline,,,uniform_prior_baseline,cx0.75_cy0.75_layoutA__gamma_0.05__uniform_prior_baseline,4.523423783340837,2.1475202495562047,2.1475202495562047,828,1600,0.5175,0.5175,3.7733935693161573,4.412722551844258,1.9081722569713038,0.05000000000983383,0.05000000000983384,6.938893903907228e-18,9.83382819619294e-12,50,4.43295530767402
formal,cx0.75_cy0.75_layoutA,0.05,diffuse_blur,0.05,,diffuse_blur_js_0.05,cx0.75_cy0.75_layoutA__gamma_0.05__diffuse_blur_js_0.05,4.884608779727033,2.19254205770682,2.1925420577068206,700,1600,0.4375,0.4375,3.818380380885662,4.402907537715168,2.0280501223955647,0.0500000000016069,0.05000000000160676,1.3877787807814457e-16,1.6068951724790281e-12,50,4.786916604132493
formal,cx0.75_cy0.75_layoutA,0.05,diffuse_blur,0.1,,diffuse_blur_js_0.1,cx0.75_cy0.75_layoutA__gamma_0.05__diffuse_blur_js_0.1,4.578109906324572,2.1621594968403914,2.162159496840391,748,1600,0.4675,0.4675,3.84610626810806,4.397236101011583,1.922248934045396,0.05000000000542275,0.05000000000542263,1.1796119636642288e-16,5.422745585903499e-12,50,4.486547708198081
formal,cx0.75_cy0.75_layoutA,0.05,diffuse_blur,0.15,,diffuse_blur_js_0.15,cx0.75_cy0.75_layoutA__gamma_0.05__diffuse_blur_js_0.15,4.52064883142525,2.1443762332679066,2.1443762332679066,803,1600,0.501875,0.501875,3.7733935693161573,4.401801940400349,1.9039252709833245,0.05000000000885924,0.05000000000885926,2.0816681711721685e-17,8.859239730707458e-12,50,4.430235854796745
formal,cx0.75_cy0.75_layoutA,0.05,spatial_shift,0.05,x,spatial_shift_x_js_0.05,cx0.75_cy0.75_layoutA__gamma_0.05__spatial_shift_x_js_0.05,4.649841945005075,1.853834479543738,1.853834479543739,640,1600,0.4,0.4,3.790654493663264,4.165032770795204,1.8747663516698871,0.05000000000012923,0.050000000000129025,2.0816681711721685e-16,1.2922996006636822e-13,50,4.556845106104974
formal,cx0.75_cy0.75_layoutA,0.05,spatial_shift,0.1,x,spatial_shift_x_js_0.1,cx0.75_cy0.75_layoutA__gamma_0.05__spatial_shift_x_js_0.1,4.695320132148267,1.8676297789463894,1.8676297789463894,688,1600,0.43,0.43,3.735202719218469,4.192054242657163,1.897998548709157,0.0500000000585524,0.05000000005855236,4.163336342344337e-17,5.855239904040133e-11,50,4.6014137295053015
formal,cx0.75_cy0.75_layoutA,0.05,spatial_shift,0.15,x,spatial_shift_x_js_0.15,cx0.75_cy0.75_layoutA__gamma_0.05__spatial_shift_x_js_0.15,4.74364851223412,1.854865615960416,1.8548656159604158,752,1600,0.47,0.47,3.84610626810806,4.235011833848796,1.9273249674214705,0.05000000000000019,0.05000000000000015,4.163336342344337e-17,1.8735013540549517e-16,50,4.648775541989438
formal,cx0.75_cy0.75_layoutA,0.05,false_hotspot,0.05,x,false_hotspot_x_js_0.05,cx0.75_cy0.75_layoutA__gamma_0.05__false_hotspot_x_js_0.05,5.1311372723297675,2.456738059727933,2.4567380597279316,765,1600,0.478125,0.478125,3.818380380885662,4.461808387441961,2.130563640835285,0.050000000009311346,0.050000000009311325,2.0816681711721685e-17,9.311343363016533e-12,50,5.028514526883172
formal,cx0.75_cy0.75_layoutA,0.05,false_hotspot,0.1,x,false_hotspot_x_js_0.1,cx0.75_cy0.75_layoutA__gamma_0.05__false_hotspot_x_js_0.1,5.041788399250164,2.4459391586711945,2.4459391586711936,815,1600,0.509375,0.509375,3.790654493663264,4.439140648340858,2.092878355959823,0.050000000006932735,0.050000000006932645,9.020562075079397e-17,6.932732166120559e-12,50,4.94095263126516
formal,cx0.75_cy0.75_layoutA,0.05,false_hotspot,0.15,x,false_hotspot_x_js_0.15,cx0.75_cy0.75_layoutA__gamma_0.05__false_hotspot_x_js_0.15,5.088035335658005,2.240115504127361,2.2401155041273615,963,1600,0.601875,0.601875,3.818380380885662,4.448820138460131,2.1116732096783224,0.05000000000707443,0.05000000000707458,1.5265566588595902e-16,7.074424379638344e-12,50,4.9862746289448445
formal,cx0.75_cy0.75_layoutA,0.05,false_negative_suppression,0.05,x,false_negative_suppression_x_js_0.05,cx0.75_cy0.75_layoutA__gamma_0.05__false_negative_suppression_x_js_0.05,4.135212959068093,1.8806613259824543,1.880661325982454,630,1600,0.39375,0.39375,3.7456676820937593,4.2374234039945025,1.7245741539182096,0.05000000000041739,0.05000000000041726,1.3183898417423734e-16,4.173883461078276e-13,50,4.05250869988673
formal,cx0.75_cy0.75_layoutA,0.05,false_negative_suppression,0.1,x,false_negative_suppression_x_js_0.1,cx0.75_cy0.75_layoutA__gamma_0.05__false_negative_suppression_x_js_0.1,4.322691540557524,1.9365518031378697,1.9365518031378697,647,1600,0.404375,0.404375,3.7456676820937593,4.290293873459481,1.8033421553121416,0.05000000000073064,0.050000000000730696,5.551115123125783e-17,7.306377725058155e-13,50,4.236237709746374
formal,cx0.75_cy0.75_layoutA,0.05,false_negative_suppression,0.15,x,false_negative_suppression_x_js_0.15,cx0.75_cy0.75_layoutA__gamma_0.05__false_negative_suppression_x_js_0.15,4.356026724704303,2.085417559115624,2.085417559115624,996,1600,0.6225,0.6225,3.7179417948713622,4.336207859522714,1.8280115246110678,0.05000000001140388,0.050000000011403874,6.938893903907228e-18,1.140387784204222e-11,50,4.268906190210217
formal,cx0.75_cy0.75_layoutA,0.05,spatial_shift,0.05,y,spatial_shift_y_js_0.05,cx0.75_cy0.75_layoutA__gamma_0.05__spatial_shift_y_js_0.05,4.669853220369559,1.8855761748630397,1.8855761748630404,677,1600,0.423125,0.423125,3.790654493663264,4.2352661282429,1.9031375781801716,0.05000000000440642,0.050000000004406235,1.8735013540549517e-16,4.406419673586015e-12,50,4.576456155962168
formal,cx0.75_cy0.75_layoutA,0.05,spatial_shift,0.1,y,spatial_shift_y_js_0.1,cx0.75_cy0.75_layoutA__gamma_0.05__spatial_shift_y_js_0.1,4.715242372235876,1.8753780593055225,1.8753780593055225,686,1600,0.42875,0.42875,3.818380380885662,4.213974824908836,1.9113839475234464,0.05000000000849375,0.05000000000849389,1.3877787807814457e-16,8.493747372106952e-12,50,4.620937524791159
formal,cx0.75_cy0.75_layoutA,0.05,spatial_shift,0.15,y,spatial_shift_y_js_0.15,cx0.75_cy0.75_layoutA__gamma_0.05__spatial_shift_y_js_0.15,4.751187322877356,1.8598219444846078,1.8598219444846074,814,1600,0.50875,0.50875,3.762928606440866,4.1817601917215415,1.9129306308115224,0.05000000000000164,0.05000000000000152,1.1796119636642288e-16,1.6375789613221059e-15,50,4.656163576419809
formal,cx0.75_cy0.75_layoutA,0.05,false_hotspot,0.05,y,false_hotspot_y_js_0.05,cx0.75_cy0.75_layoutA__gamma_0.05__false_hotspot_y_js_0.05,5.052571082780174,2.061023967004366,2.0610239670043664,689,1600,0.430625,0.430625,3.818380380885662,4.331424741827007,2.06021581319294,0.05000000000070268,0.05000000000070267,6.938893903907228e-18,7.026740300730694e-13,50,4.95151966112457
formal,cx0.75_cy0.75_layoutA,0.05,false_hotspot,0.1,y,false_hotspot_y_js_0.1,cx0.75_cy0.75_layoutA__gamma_0.05__false_hotspot_y_js_0.1,5.074094636422683,2.09259402506798,2.0925940250679798,894,1600,0.55875,0.55875,3.8183803808856616,4.372556171040451,2.0811947059071025,0.05000000000201158,0.05000000000201164,5.551115123125783e-17,2.0115784038488016e-12,50,4.97261274369423
formal,cx0.75_cy0.75_layoutA,0.05,false_hotspot,0.15,y,false_hotspot_y_js_0.15,cx0.75_cy0.75_layoutA__gamma_0.05__false_hotspot_y_js_0.15,5.099776130647194,2.17897169684206,2.17897169684206,951,1600,0.594375,0.594375,3.84610626810806,4.4109057975100345,2.102721866075333,0.05000000011294456,0.05000000011294478,2.220446049250313e-16,1.1294455648513946e-10,50,4.99778060803425
formal,cx0.75_cy0.75_layoutA,0.05,false_negative_suppression,0.05,y,false_negative_suppression_y_js_0.05,cx0.75_cy0.75_layoutA__gamma_0.05__false_negative_suppression_y_js_0.05,4.168643720470515,1.89558090001371,1.89558090001371,656,1600,0.41,0.41,3.801119456538555,4.2871408913393765,1.7497751064401528,0.05000000000019345,0.05000000000019341,4.163336342344337e-17,1.9344942314702962e-13,50,4.085270846061104
formal,cx0.75_cy0.75_layoutA,0.05,false_negative_suppression,0.1,y,false_negative_suppression_y_js_0.1,cx0.75_cy0.75_layoutA__gamma_0.05__false_negative_suppression_y_js_0.1,4.254098790112308,2.00688334707064,2.00688334707064,715,1600,0.446875,0.446875,3.7456676820937593,4.325459616051017,1.7899161877097343,0.05000000000000897,0.05000000000000893,3.469446951953614e-17,8.965050923848139e-15,50,4.169016814310062
formal,cx0.75_cy0.75_layoutA,0.05,false_negative_suppression,0.15,y,false_negative_suppression_y_js_0.15,cx0.75_cy0.75_layoutA__gamma_0.05__false_negative_suppression_y_js_0.15,4.356026724978715,2.0854175507137764,2.0854175507137764,747,1600,0.466875,0.466875,3.717941794871362,4.336211023437059,1.8280124435114897,0.05000000000000268,0.050000000000002626,5.551115123125783e-17,2.67841304690819e-15,50,4.26890619047914
formal,cx0.75_cy0.75_layoutA,0.1,oracle,0.0,,oracle,cx0.75_cy0.75_layoutA__gamma_0.1__oracle,3.574637568209026,1.498458579255745,1.4984585792557448,630,1600,0.39375,0.39375,3.541121508661684,3.864627195068171,1.4411345441829992,0.10000000003195417,0.10000000003195433,1.6653345369377348e-16,3.19541615390051e-11,50,3.503144816844846
formal,cx0.75_cy0.75_layoutA,0.1,uniform_prior_baseline,,,uniform_prior_baseline,cx0.75_cy0.75_layoutA__gamma_0.1__uniform_prior_baseline,3.8562554930800657,1.7256191719011023,1.725619171901102,749,1600,0.468125,0.468125,3.7733935693161573,4.161639751730489,1.609144123378914,0.10000000001448588,0.10000000001448592,4.163336342344337e-17,1.4485870836189463e-11,50,3.7791303832184644
formal,cx0.75_cy0.75_layoutA,0.1,diffuse_blur,0.05,,diffuse_blur_js_0.05,cx0.75_cy0.75_layoutA__gamma_0.1__diffuse_blur_js_0.05,3.810261973448748,1.6401466869206554,1.6401466869206558,644,1600,0.4025,0.4025,3.7179417948713613,4.101611196487392,1.578141662412526,0.10000000000278987,0.10000000000278973,1.3877787807814457e-16,2.789865560792748e-12,50,3.734056733979773
formal,cx0.75_cy0.75_layoutA,0.1,diffuse_blur,0.1,,diffuse_blur_js_0.1,cx0.75_cy0.75_layoutA__gamma_0.1__diffuse_blur_js_0.1,3.8165402348819275,1.6656491264172493,1.6656491264172488,694,1600,0.43375,0.43375,3.717941794871362,4.1352325989834995,1.5888243634883072,0.10000000000084902,0.10000000000084891,1.1102230246251565e-16,8.490153025064728e-13,50,3.740209430184289
formal,cx0.75_cy0.75_layoutA,0.1,diffuse_blur,0.15,,diffuse_blur_js_0.15,cx0.75_cy0.75_layoutA__gamma_0.1__diffuse_blur_js_0.15,3.8443824364359247,1.7101187203881976,1.7101187203881973,739,1600,0.461875,0.461875,3.7733935693161573,4.17497817411542,1.608500381478755,0.10000000000074138,0.10000000000074138,0.0,7.413791802690639e-13,50,3.767494787707206
formal,cx0.75_cy0.75_layoutA,0.1,spatial_shift,0.05,x,spatial_shift_x_js_0.05,cx0.75_cy0.75_layoutA__gamma_0.1__spatial_shift_x_js_0.05,3.564534942731174,1.5630336803192553,1.5630336803192553,804,1600,0.5025,0.5025,3.6902159076489633,3.9340876354078955,1.4543183780762785,0.10000000000000037,0.1000000000000001,2.636779683484747e-16,3.608224830031759e-16,50,3.4932442438765507
formal,cx0.75_cy0.75_layoutA,0.1,spatial_shift,0.1,x,spatial_shift_x_js_0.1,cx0.75_cy0.75_layoutA__gamma_0.1__spatial_shift_x_js_0.1,3.5743928897664956,1.504623402229583,1.5046234022295832,742,1600,0.46375,0.46375,3.652025057551275,3.9290831642890307,1.4564135029259206,0.10000000000364863,0.10000000000364849,1.3877787807814457e-16,3.648623070340307e-12,50,3.5029050319711654
formal,cx0.75_cy0.75_layoutA,0.1,spatial_shift,0.15,x,spatial_shift_x_js_0.15,cx0.75_cy0.75_layoutA__gamma_0.1__spatial_shift_x_js_0.15,3.610000097757007,1.5502572825636556,1.550257282563656,788,1600,0.4925,0.4925,3.717941794871362,3.998512927229248,1.4849668919527304,0.10000000000547982,0.10000000000547976,5.551115123125783e-17,5.479811049369232e-12,50,3.5378000958018667
formal,cx0.75_cy0.75_layoutA,0.1,false_hotspot,0.05,x,false_hotspot_x_js_0.05,cx0.75_cy0.75_layoutA__gamma_0.1__false_hotspot_x_js_0.05,4.272204204646391,1.9084068862077037,1.9084068862077033,662,1600,0.41375,0.41375,3.7456676820937593,4.230773378765022,1.769176727136627,0.10000000000306072,0.1000000000030607,2.7755575615628914e-17,3.060718345437863e-12,50,4.186760120553463
formal,cx0.75_cy0.75_layoutA,0.1,false_hotspot,0.1,x,false_hotspot_x_js_0.1,cx0.75_cy0.75_layoutA__gamma_0.1__false_hotspot_x_js_0.1,4.403728023168907,2.041543930309227,2.041543930309227,861,1600,0.538125,0.538125,3.7733935693161573,4.292467035326626,1.8314966933177605,0.1000000000041971,0.10000000000419698,1.249000902703301e-16,4.19710100008075e-12,50,4.315653462705529
formal,cx0.75_cy0.75_layoutA,0.1,false_hotspot,0.15,x,false_hotspot_x_js_0.15,cx0.75_cy0.75_layoutA__gamma_0.1__false_hotspot_x_js_0.15,3.8126236632275217,1.7269688013385505,1.7269688013385507,851,1600,0.531875,0.531875,3.717941794871362,4.1306979044686765,1.5863354450760943,0.100000000000387,0.10000000000038724,2.3592239273284576e-16,3.8699599080871394e-13,50,3.7363711899629717
formal,cx0.75_cy0.75_layoutA,0.1,false_negative_suppression,0.05,x,false_negative_suppression_x_js_0.05,cx0.75_cy0.75_layoutA__gamma_0.1__false_negative_suppression_x_js_0.05,3.2302638706977653,1.4047684875810384,1.4047684875810384,612,1600,0.3825,0.3825,3.634764133204168,3.884532054510535,1.3307612444674084,0.10000000003420462,0.10000000003420438,2.3592239273284576e-16,3.420461136549591e-11,50,3.16565859328381
formal,cx0.75_cy0.75_layoutA,0.1,false_negative_suppression,0.1,x,false_negative_suppression_x_js_0.1,cx0.75_cy0.75_layoutA__gamma_0.1__false_negative_suppression_x_js_0.1,3.100606540015145,1.4072810465060817,1.407281046506082,619,1600,0.386875,0.386875,3.657436589642252,3.8776662372989135,1.2852244544808635,0.10000000000332118,0.10000000000332125,6.938893903907228e-17,3.3211766670149245e-12,50,3.0385944092148423
formal,cx0.75_cy0.75_layoutA,0.1,false_negative_suppression,0.15,x,false_negative_suppression_x_js_0.15,cx0.75_cy0.75_layoutA__gamma_0.1__false_negative_suppression_x_js_0.15,2.995540173621293,1.3937388311157795,1.3937388311157801,620,1600,0.3875,0.3875,3.629710702419854,3.8571851911800192,1.2451069917459407,0.10000000000096324,0.10000000000096318,5.551115123125783e-17,9.632294961647858e-13,50,2.935629370148867
formal,cx0.75_cy0.75_layoutA,0.1,spatial_shift,0.05,y,spatial_shift_y_js_0.05,cx0.75_cy0.75_layoutA__gamma_0.1__spatial_shift_y_js_0.05,3.56829177697003,1.486733696788125,1.486733696788125,639,1600,0.399375,0.399375,3.690215907648964,3.938510757619418,1.45662376639632,0.10000000002411538,0.10000000002411508,3.0531133177191805e-16,2.411537636248795e-11,50,3.4969259414306295
formal,cx0.75_cy0.75_layoutA,0.1,spatial_shift,0.1,y,spatial_shift_y_js_0.1,cx0.75_cy0.75_layoutA__gamma_0.1__spatial_shift_y_js_0.1,3.5724836534331703,1.521271805095932,1.521271805095932,652,1600,0.4075,0.4075,3.634764133204168,3.8970295757788733,1.4481435236164595,0.10000000000334386,0.10000000000334412,2.636779683484747e-16,3.3438529722928934e-12,50,3.501033980364507
formal,cx0.75_cy0.75_layoutA,0.1,spatial_shift,0.15,y,spatial_shift_y_js_0.15,cx0.75_cy0.75_layoutA__gamma_0.1__spatial_shift_y_js_0.15,3.6053453482610753,1.5640058575979818,1.564005857597982,657,1600,0.410625,0.410625,3.7179417948713613,3.991100993409559,1.4816172512615449,0.10000000001390227,0.100000000013902,2.7755575615628914e-16,1.3902268225507441e-11,50,3.533238441295854
formal,cx0.75_cy0.75_layoutA,0.1,false_hotspot,0.05,y,false_hotspot_y_js_0.05,cx0.75_cy0.75_layoutA__gamma_0.1__false_hotspot_y_js_0.05,3.800355267361854,1.6907021533722908,1.6907021533722906,682,1600,0.42625,0.42625,3.7456676820937593,4.130001956780533,1.581974654376742,0.10000000000237702,0.10000000000237703,1.3877787807814457e-17,2.3770152512980758e-12,50,3.7243481620146173
formal,cx0.75_cy0.75_layoutA,0.1,false_hotspot,0.1,y,false_hotspot_y_js_0.1,cx0.75_cy0.75_layoutA__gamma_0.1__false_hotspot_y_js_0.1,3.793738527370312,1.7211947020561025,1.7211947020561027,701,1600,0.438125,0.438125,3.7179417948713613,4.138899258566596,1.5819669843481594,0.10000000002105616,0.10000000002105638,2.220446049250313e-16,2.105615681813333e-11,50,3.717863756822906
formal,cx0.75_cy0.75_layoutA,0.1,false_hotspot,0.15,y,false_hotspot_y_js_0.15,cx0.75_cy0.75_layoutA__gamma_0.1__false_hotspot_y_js_0.15,3.812627662432886,1.72711287521438,1.7271128752143805,735,1600,0.459375,0.459375,3.717941794871362,4.132128374831154,1.5867003986108723,0.10000000005693241,0.10000000005693281,4.0245584642661925e-16,5.693240323623172e-11,50,3.7363751091842285
formal,cx0.75_cy0.75_layoutA,0.1,false_negative_suppression,0.05,y,false_negative_suppression_y_js_0.05,cx0.75_cy0.75_layoutA__gamma_0.1__false_negative_suppression_y_js_0.05,3.247674032061802,1.377371056008232,1.3773710560082324,673,1600,0.420625,0.420625,3.6624900204265654,3.901527593390282,1.340331902989175,0.10000000000028833,0.10000000000028832,1.3877787807814457e-17,2.8832491949515315e-13,50,3.1827205514205663
formal,cx0.75_cy0.75_layoutA,0.1,false_negative_suppression,0.1,y,false_negative_suppression_y_js_0.1,cx0.75_cy0.75_layoutA__gamma_0.1__false_negative_suppression_y_js_0.1,3.100606539770345,1.4072799098211255,1.4072799098211257,763,1600,0.476875,0.476875,3.657436589642252,3.877660771403596,1.28522332455788,0.10000000002318443,0.10000000002318436,6.938893903907228e-17,2.318442660076414e-11,50,3.038594408974938
formal,cx0.75_cy0.75_layoutA,0.1,false_negative_suppression,0.15,y,false_negative_suppression_y_js_0.15,cx0.75_cy0.75_layoutA__gamma_0.1__false_negative_suppression_y_js_0.15,2.9955401734975364,1.3937389122994772,1.393738912299477,754,1600,0.47125,0.47125,3.6297107024198536,3.8571843749194494,1.2451068286940767,0.10000000000707822,0.10000000000707805,1.6653345369377348e-16,7.078213015709878e-12,50,2.935629370027586
formal,cx0.75_cy0.75_layoutB,0.05,oracle,0.0,,oracle,cx0.75_cy0.75_layoutB__gamma_0.05__oracle,4.919862736702023,1.9143972526372883,1.9143972526372885,569,1532,0.355625,0.3714099216710183,3.818380380885662,4.257126633474499,1.992086074684378,0.05000000000052454,0.05000000000052416,3.8163916471489756e-16,5.24538745771963e-13,50,4.821465481967983
formal,cx0.75_cy0.75_layoutB,0.05,uniform_prior_baseline,,,uniform_prior_baseline,cx0.75_cy0.75_layoutB__gamma_0.05__uniform_prior_baseline,4.624327569415376,2.233883445142559,2.233883445142559,764,1532,0.4775,0.49869451697127937,3.84610626810806,4.447533236707143,1.9535512154993742,0.050000000000609404,0.050000000000609376,2.7755575615628914e-17,6.094014182167484e-13,50,4.531841018027069
formal,cx0.75_cy0.75_layoutB,0.05,diffuse_blur,0.05,,diffuse_blur_js_0.05,cx0.75_cy0.75_layoutB__gamma_0.05__diffuse_blur_js_0.05,5.002376228489651,2.192205917334573,2.192205917334573,641,1532,0.400625,0.41840731070496084,3.84610626810806,4.423428445300491,2.0743867356252164,0.05000000000092622,0.05000000000092598,2.42861286636753e-16,9.262174360813447e-13,50,4.902328703919858
formal,cx0.75_cy0.75_layoutB,0.05,diffuse_blur,0.1,,diffuse_blur_js_0.1,cx0.75_cy0.75_layoutB__gamma_0.05__diffuse_blur_js_0.1,4.610607022886141,2.197615271901276,2.197615271901277,690,1532,0.43125,0.45039164490861616,3.84610626810806,4.399749200420443,1.9341327696967596,0.05000000002422783,0.0500000000242278,2.7755575615628914e-17,2.422782807709467e-11,50,4.518394882428418
formal,cx0.75_cy0.75_layoutB,0.05,diffuse_blur,0.15,,diffuse_blur_js_0.15,cx0.75_cy0.75_layoutB__gamma_0.05__diffuse_blur_js_0.15,4.568382947936238,2.18797858243944,2.1879785824394404,739,1532,0.461875,0.48237597911227154,3.84610626810806,4.420805681004294,1.9260972514491246,0.050000000017691906,0.05000000001769191,6.938893903907228e-18,1.769190349776295e-11,50,4.477015288977513
formal,cx0.75_cy0.75_layoutB,0.05,spatial_shift,0.05,x,spatial_shift_x_js_0.05,cx0.75_cy0.75_layoutB__gamma_0.05__spatial_shift_x_js_0.05,4.974533524821783,1.8860453110069406,1.8860453110069406,579,1532,0.361875,0.3779373368146214,3.7629286064408665,4.231649619439323,2.001435385909912,0.0500000000329322,0.050000000032932285,8.326672684688674e-17,3.293219863476082e-11,50,4.875042854325347
formal,cx0.75_cy0.75_layoutB,0.05,spatial_shift,0.1,x,spatial_shift_x_js_0.1,cx0.75_cy0.75_layoutB__gamma_0.05__spatial_shift_x_js_0.1,5.045739134520053,2.0208802537916184,2.0208802537916184,704,1532,0.44,0.4595300261096606,3.790654493663264,4.263941693669711,2.0352711906830834,0.05000000000974401,0.05000000000974399,1.3877787807814457e-17,9.74400421460686e-12,50,4.944824351829652
formal,cx0.75_cy0.75_layoutB,0.05,spatial_shift,0.15,x,spatial_shift_x_js_0.15,cx0.75_cy0.75_layoutB__gamma_0.05__spatial_shift_x_js_0.15,5.165382104738925,2.110091729264103,2.110091729264103,758,1532,0.47375,0.49477806788511747,3.762928606440866,4.284265435092604,2.0809080660868484,0.050000000054044,0.050000000054044105,1.0408340855860843e-16,5.4043998443109587e-11,50,5.062074462644147
formal,cx0.75_cy0.75_layoutB,0.05,false_hotspot,0.05,x,false_hotspot_x_js_0.05,cx0.75_cy0.75_layoutB__gamma_0.05__false_hotspot_x_js_0.05,5.407353043139073,2.5657046276679614,2.565704627667961,680,1532,0.425,0.44386422976501305,3.84610626810806,4.542070235015091,2.251483398441808,0.05000000000266111,0.05000000000266128,1.6653345369377348e-16,2.6611074455118455e-12,50,5.299205982276292
formal,cx0.75_cy0.75_layoutB,0.05,false_hotspot,0.1,x,false_hotspot_x_js_0.1,cx0.75_cy0.75_layoutB__gamma_0.05__false_hotspot_x_js_0.1,5.3028469036097166,2.6836805028181367,2.6836805028181363,769,1532,0.480625,0.5019582245430809,3.84610626810806,4.582495061675559,2.2305818888257916,0.05000000000253183,0.05000000000253196,1.249000902703301e-16,2.53182891318815e-12,50,5.196789965537522
formal,cx0.75_cy0.75_layoutB,0.05,false_hotspot,0.15,x,false_hotspot_x_js_0.15,cx0.75_cy0.75_layoutB__gamma_0.05__false_hotspot_x_js_0.15,5.633618809201398,2.7010820894174947,2.7010820894174956,831,1532,0.519375,0.5424281984334204,3.84610626810806,4.592096370459862,2.345770474127699,0.050000000027579115,0.05000000002757891,2.0816681711721685e-16,2.757911260475865e-11,50,5.520946433017369
formal,cx0.75_cy0.75_layoutB,0.05,false_negative_suppression,0.05,x,false_negative_suppression_x_js_0.05,cx0.75_cy0.75_layoutB__gamma_0.05__false_negative_suppression_x_js_0.05,4.1806154006565395,1.8865607888764513,1.8865607888764515,562,1532,0.35125,0.3668407310704961,3.7733935693161573,4.219912942988583,1.7351486281764068,0.05000000000000111,0.050000000000000995,1.1796119636642288e-16,1.1102230246251565e-15,50,4.0970030926434085
formal,cx0.75_cy0.75_layoutB,0.05,false_negative_suppression,0.1,x,false_negative_suppression_x_js_0.1,cx0.75_cy0.75_layoutB__gamma_0.05__false_negative_suppression_x_js_0.1,4.327590796533828,1.9343212005731876,1.9343212005731878,579,1532,0.361875,0.3779373368146214,3.7456676820937593,4.268000515506669,1.798577877904964,0.05000000000000801,0.05000000000000794,6.938893903907228e-17,8.007483565108942e-15,50,4.241038980603151
formal,cx0.75_cy0.75_layoutB,0.05,false_negative_suppression,0.15,x,false_negative_suppression_x_js_0.15,cx0.75_cy0.75_layoutB__gamma_0.05__false_negative_suppression_x_js_0.15,4.677366630800417,2.082422091814583,2.0824220918145833,602,1532,0.37625,0.39295039164490864,3.790654493663264,4.346577405541053,1.9403229601755445,0.05000000000103541,0.05000000000103544,2.7755575615628914e-17,1.0354078705532288e-12,50,4.583819298184409
formal,cx0.75_cy0.75_layoutB,0.05,spatial_shift,0.05,y,spatial_shift_y_js_0.05,cx0.75_cy0.75_layoutB__gamma_0.05__spatial_shift_y_js_0.05,4.807057236612534,1.8704956888655515,1.870495688865551,594,1532,0.37125,0.3877284595300261,3.7247377563431776,4.142110005394175,1.9183168973992597,0.05000000001826195,0.05000000001826187,8.326672684688674e-17,1.8261947509756737e-11,50,4.710916091880284
formal,cx0.75_cy0.75_layoutB,0.05,spatial_shift,0.1,y,spatial_shift_y_js_0.1,cx0.75_cy0.75_layoutB__gamma_0.05__spatial_shift_y_js_0.1,4.790660922650166,1.8746835203619683,1.874683520361968,616,1532,0.385,0.402088772845953,3.752463643565575,4.140534502979378,1.9125536859439687,0.05000000001075565,0.05000000001075547,1.8041124150158794e-16,1.0755646373539207e-11,50,4.694847704197162
formal,cx0.75_cy0.75_layoutB,0.05,spatial_shift,0.15,y,spatial_shift_y_js_0.15,cx0.75_cy0.75_layoutB__gamma_0.05__spatial_shift_y_js_0.15,4.805552417155664,1.8606548423917662,1.8606548423917657,632,1532,0.395,0.412532637075718,3.7247377563431776,4.124368937006127,1.9121506558995112,0.05000000000553098,0.05000000000553115,1.6653345369377348e-16,5.530978453016644e-12,50,4.709441368812551
formal,cx0.75_cy0.75_layoutB,0.05,false_hotspot,0.05,y,false_hotspot_y_js_0.05,cx0.75_cy0.75_layoutB__gamma_0.05__false_hotspot_y_js_0.05,5.069694971097988,2.0618036523680354,2.061803652368036,647,1532,0.404375,0.4223237597911227,3.818380380885662,4.336828274869685,2.067663847623853,0.05000000000383187,0.050000000003832194,3.2612801348363973e-16,3.831865380554689e-12,50,4.968301071676028
formal,cx0.75_cy0.75_layoutB,0.05,false_hotspot,0.1,y,false_hotspot_y_js_0.1,cx0.75_cy0.75_layoutB__gamma_0.05__false_hotspot_y_js_0.1,5.103285461897416,2.0997091574198037,2.0997091574198032,820,1532,0.5125,0.5352480417754569,3.818380380885662,4.3598543886477445,2.086521180363772,0.04999999999999993,0.050000000000000176,2.42861286636753e-16,-6.938893903907228e-17,50,5.001219752659468
formal,cx0.75_cy0.75_layoutB,0.05,false_hotspot,0.15,y,false_hotspot_y_js_0.15,cx0.75_cy0.75_layoutB__gamma_0.05__false_hotspot_y_js_0.15,5.142229723588939,2.1815800769992895,2.181580076999289,864,1532,0.54,0.5639686684073107,3.84610626810806,4.40609629483671,2.11518663539738,0.050000000001335726,0.050000000001335164,5.620504062164855e-16,1.3357231987143336e-12,50,5.039385129117161
formal,cx0.75_cy0.75_layoutB,0.05,false_negative_suppression,0.05,y,false_negative_suppression_y_js_0.05,cx0.75_cy0.75_layoutB__gamma_0.05__false_negative_suppression_y_js_0.05,4.234820304411705,1.9440870274506352,1.9440870274506348,599,1532,0.374375,0.39099216710182766,3.7733935693161573,4.259935222481975,1.764777568695837,0.0500000000016583,0.05000000000165827,3.469446951953614e-17,1.6582984985191729e-12,50,4.1501238983234705
formal,cx0.75_cy0.75_layoutB,0.05,false_negative_suppression,0.1,y,false_negative_suppression_y_js_0.1,cx0.75_cy0.75_layoutB__gamma_0.05__false_negative_suppression_y_js_0.1,4.270800470499983,2.0252114640224286,2.0252114640224286,646,1532,0.40375,0.4216710182767624,3.7733935693161573,4.319109440851875,1.793853982830989,0.05000000000401571,0.050000000004015686,2.0816681711721685e-17,4.015704435644807e-12,50,4.185384461089984
formal,cx0.75_cy0.75_layoutB,0.05,false_negative_suppression,0.15,y,false_negative_suppression_y_js_0.15,cx0.75_cy0.75_layoutB__gamma_0.05__false_negative_suppression_y_js_0.15,4.360637154557148,2.095042260599478,2.095042260599478,682,1532,0.42625,0.4451697127937337,3.717941794871362,4.365466513274123,1.8380973680995902,0.050000000003481294,0.05000000000348135,5.551115123125783e-17,3.481291643847584e-12,50,4.273424411466005
formal,cx0.75_cy0.75_layoutB,0.1,oracle,0.0,,oracle,cx0.75_cy0.75_layoutB__gamma_0.1__oracle,3.78155650036483,1.6138724276228404,1.6138724276228407,548,1532,0.3425,0.3577023498694517,3.707476831996071,4.066431151964159,1.5595305796601728,0.10000000000049687,0.10000000000049634,5.273559366969494e-16,4.96866436883181e-13,50,3.7059253703575337
formal,cx0.75_cy0.75_layoutB,0.1,uniform_prior_baseline,,,uniform_prior_baseline,cx0.75_cy0.75_layoutB__gamma_0.1__uniform_prior_baseline,3.994932261844465,1.8224542782905755,1.822454278290576,692,1532,0.4325,0.4516971279373368,3.7733935693161573,4.265357704895638,1.683979654039831,0.1000000000231443,0.10000000002314423,6.938893903907228e-17,2.314429203842394e-11,50,3.915033616607576
formal,cx0.75_cy0.75_layoutB,0.1,diffuse_blur,0.05,,diffuse_blur_js_0.05,cx0.75_cy0.75_layoutB__gamma_0.1__diffuse_blur_js_0.05,3.89588836579591,1.6971305318837517,1.6971305318837522,588,1532,0.3675,0.3838120104438642,3.7456676820937593,4.160396410482191,1.6223581983867847,0.10000000000298587,0.10000000000298544,4.3021142204224816e-16,2.9858615580025116e-12,50,3.8179705984799917
formal,cx0.75_cy0.75_layoutB,0.1,diffuse_blur,0.1,,diffuse_blur_js_0.1,cx0.75_cy0.75_layoutB__gamma_0.1__diffuse_blur_js_0.1,3.8574604110798316,1.7027754900625731,1.7027754900625731,633,1532,0.395625,0.4131853785900783,3.7456676820937593,4.127385190021278,1.6007471572062661,0.10000000002397276,0.10000000002397273,2.7755575615628914e-17,2.397275433718704e-11,50,3.780311202858235
formal,cx0.75_cy0.75_layoutB,0.1,diffuse_blur,0.15,,diffuse_blur_js_0.15,cx0.75_cy0.75_layoutB__gamma_0.1__diffuse_blur_js_0.15,3.896993679135012,1.758739637330804,1.7587396373308042,678,1532,0.42375,0.4425587467362924,3.7456676820937593,4.177629127922362,1.6272121827123078,0.10000000000000006,0.10000000000000012,5.551115123125783e-17,5.551115123125783e-17,50,3.8190538055523113
formal,cx0.75_cy0.75_layoutB,0.1,spatial_shift,0.05,x,spatial_shift_x_js_0.05,cx0.75_cy0.75_layoutB__gamma_0.1__spatial_shift_x_js_0.05,3.8568119446183617,1.6720376164580306,1.6720376164580308,634,1532,0.39625,0.41383812010443866,3.7456676820937593,4.125454196934081,1.6000303719559112,0.10000000000019663,0.10000000000019667,4.163336342344337e-17,1.9662049766111522e-13,50,3.7796757057259946
formal,cx0.75_cy0.75_layoutB,0.1,spatial_shift,0.1,x,spatial_shift_x_js_0.1,cx0.75_cy0.75_layoutB__gamma_0.1__spatial_shift_x_js_0.1,3.958938277319774,1.7425936230641608,1.7425936230641597,675,1532,0.421875,0.4406005221932115,3.7733935693161573,4.1792996306231505,1.648804684533546,0.10000000000005205,0.10000000000005195,9.71445146547012e-17,5.204170427930421e-14,50,3.8797595117733783
formal,cx0.75_cy0.75_layoutB,0.1,spatial_shift,0.15,x,spatial_shift_x_js_0.15,cx0.75_cy0.75_layoutB__gamma_0.1__spatial_shift_x_js_0.15,4.081595442764851,1.9332887098314897,1.9332887098314897,795,1532,0.496875,0.5189295039164491,3.7456676820937593,4.255128453542824,1.7110831725532458,0.10000000002257162,0.10000000002257174,1.249000902703301e-16,2.257161124674667e-11,50,3.999963533909554
formal,cx0.75_cy0.75_layoutB,0.1,false_hotspot,0.05,x,false_hotspot_x_js_0.05,cx0.75_cy0.75_layoutB__gamma_0.1__false_hotspot_x_js_0.05,4.391156548229895,1.9898203325488661,1.9898203325488657,612,1532,0.3825,0.39947780678851175,3.7733935693161573,4.315602019928978,1.8340077592148192,0.100000000043852,0.10000000004385204,4.163336342344337e-17,4.385199148249086e-11,50,4.303333417265296
formal,cx0.75_cy0.75_layoutB,0.1,false_hotspot,0.1,x,false_hotspot_x_js_0.1,cx0.75_cy0.75_layoutB__gamma_0.1__false_hotspot_x_js_0.1,4.549748308173143,2.2855866353862484,2.285586635386249,882,1532,0.55125,0.5757180156657964,3.7733935693161573,4.428386498862986,1.921982433150477,0.10000000000362962,0.10000000000362981,1.942890293094024e-16,3.629610501043601e-12,50,4.458753342009681
formal,cx0.75_cy0.75_layoutB,0.1,false_hotspot,0.15,x,false_hotspot_x_js_0.15,cx0.75_cy0.75_layoutB__gamma_0.1__false_hotspot_x_js_0.15,4.609305273801607,2.3082437699332905,2.3082437699332905,884,1532,0.5525,0.577023498694517,3.84610626810806,4.443837433690442,1.9472356131925008,0.1000000000341077,0.10000000003410744,2.498001805406602e-16,3.410768889544613e-11,50,4.517119168325575
formal,cx0.75_cy0.75_layoutB,0.1,false_negative_suppression,0.05,x,false_negative_suppression_x_js_0.05,cx0.75_cy0.75_layoutB__gamma_0.1__false_negative_suppression_x_js_0.05,3.322744289735199,1.4361379601704878,1.4361379601704876,535,1532,0.334375,0.3492167101827676,3.717941794871362,3.9992442704773863,1.3873754150856499,0.10000000000445128,0.10000000000445115,1.249000902703301e-16,4.451272683780871e-12,50,3.256289403940495
formal,cx0.75_cy0.75_layoutB,0.1,false_negative_suppression,0.1,x,false_negative_suppression_x_js_0.1,cx0.75_cy0.75_layoutB__gamma_0.1__false_negative_suppression_x_js_0.1,3.1687809358894943,1.4233646074625852,1.4233646074625852,545,1532,0.340625,0.35574412532637073,3.629710702419854,3.9278437027292643,1.3190450820970456,0.10000000002358995,0.10000000002358991,4.163336342344337e-17,2.3589949438296287e-11,50,3.105405317171704
formal,cx0.75_cy0.75_layoutB,0.1,false_negative_suppression,0.15,x,false_negative_suppression_x_js_0.15,cx0.75_cy0.75_layoutB__gamma_0.1__false_negative_suppression_x_js_0.15,3.0443279567957533,1.4111310419673517,1.4111310419673515,548,1532,0.3425,0.3577023498694517,3.601984815197456,3.872952994694893,1.2650066612195991,0.10000000000209697,0.10000000000209695,1.3877787807814457e-17,2.09696149333638e-12,50,2.983441397659838
formal,cx0.75_cy0.75_layoutB,0.1,spatial_shift,0.05,y,spatial_shift_y_js_0.05,cx0.75_cy0.75_layoutB__gamma_0.1__spatial_shift_y_js_0.05,3.683621879362446,1.5531316865898166,1.5531316865898166,554,1532,0.34625,0.36161879895561355,3.7456676820937593,4.022529078873329,1.515599097495062,0.10000000000420742,0.10000000000420732,9.71445146547012e-17,4.207412196421956e-12,50,3.609949441775197
formal,cx0.75_cy0.75_layoutB,0.1,spatial_shift,0.1,y,spatial_shift_y_js_0.1,cx0.75_cy0.75_layoutB__gamma_0.1__spatial_shift_y_js_0.1,3.6416675801382574,1.5662186330255536,1.5662186330255534,579,1532,0.361875,0.3779373368146214,3.717941794871362,3.9855849732621484,1.4924831095253401,0.10000000002410386,0.10000000002410347,3.885780586188048e-16,2.4103857798607464e-11,50,3.568834228535492
formal,cx0.75_cy0.75_layoutB,0.1,spatial_shift,0.15,y,spatial_shift_y_js_0.15,cx0.75_cy0.75_layoutB__gamma_0.1__spatial_shift_y_js_0.15,3.6370189125737276,1.592342914382822,1.592342914382822,576,1532,0.36,0.37597911227154046,3.652025057551275,3.995823439736967,1.4934070073407542,0.10000000001085,0.10000000001085031,3.191891195797325e-16,1.084998757505673e-11,50,3.564278534322253
formal,cx0.75_cy0.75_layoutB,0.1,false_hotspot,0.05,y,false_hotspot_y_js_0.05,cx0.75_cy0.75_layoutB__gamma_0.1__false_hotspot_y_js_0.05,3.8223601270045013,1.7076257458892592,1.707625745889259,619,1532,0.386875,0.40404699738903394,3.7733935693161573,4.140691035844883,1.5922003735794865,0.10000000001260279,0.10000000001260329,4.996003610813204e-16,1.2602779930759311e-11,50,3.7459129244644114
formal,cx0.75_cy0.75_layoutB,0.1,false_hotspot,0.1,y,false_hotspot_y_js_0.1,cx0.75_cy0.75_layoutB__gamma_0.1__false_hotspot_y_js_0.1,3.8130988179360545,1.7211118782533632,1.7211118782533628,641,1532,0.400625,0.41840731070496084,3.7179417948713613,4.137368338685519,1.5881931085948047,0.1000000000242788,0.10000000002427924,4.3021142204224816e-16,2.4278801191712773e-11,50,3.7368368415773334
formal,cx0.75_cy0.75_layoutB,0.1,false_hotspot,0.15,y,false_hotspot_y_js_0.15,cx0.75_cy0.75_layoutB__gamma_0.1__false_hotspot_y_js_0.15,3.8345105240151702,1.7258560078810476,1.7258560078810476,678,1532,0.42375,0.4425587467362924,3.717941794871362,4.1202116350388795,1.5911113772363819,0.10000000000697847,0.10000000000697773,7.355227538141662e-16,6.978459476947307e-12,50,3.7578203135348667
formal,cx0.75_cy0.75_layoutB,0.1,false_negative_suppression,0.05,y,false_negative_suppression_y_js_0.05,cx0.75_cy0.75_layoutB__gamma_0.1__false_negative_suppression_y_js_0.05,3.37835439310493,1.460456392346385,1.460456392346385,573,1532,0.358125,0.37402088772845954,3.6070382459817703,3.9789934521284858,1.4018992736404372,0.10000000000027384,0.10000000000027373,1.1102230246251565e-16,2.7383650902379486e-13,50,3.3107873052428314
formal,cx0.75_cy0.75_layoutB,0.1,false_negative_suppression,0.1,y,false_negative_suppression_y_js_0.1,cx0.75_cy0.75_layoutB__gamma_0.1__false_negative_suppression_y_js_0.1,3.315099451138191,1.461581734841612,1.4615817348416116,614,1532,0.38375,0.4007832898172324,3.690215907648964,4.00368032093483,1.3857261294475083,0.10000000000204332,0.10000000000204316,1.5265566588595902e-16,2.0433099656713694e-12,50,3.248797462115427
formal,cx0.75_cy0.75_layoutB,0.1,false_negative_suppression,0.15,y,false_negative_suppression_y_js_0.15,cx0.75_cy0.75_layoutB__gamma_0.1__false_negative_suppression_y_js_0.15,3.290617466139528,1.4584869216684477,1.4584869216684475,616,1532,0.385,0.402088772845953,3.624299170328877,3.9381017492974597,1.3629013705436421,0.10000000004205624,0.10000000004205635,1.1102230246251565e-16,4.2056233495735285e-11,50,3.2248051168167375
formal,cx0.75_cy0.75_layoutC,0.05,oracle,0.0,,oracle,cx0.75_cy0.75_layoutC__gamma_0.05__oracle,5.3462770108915425,2.043770090951913,2.0437700909519134,609,1536,0.380625,0.396484375,3.7352027192184685,4.232336182900719,2.120545899238723,0.0500000000792222,0.05000000007922199,2.0816681711721685e-16,7.92221982459651e-11,50,5.239351470673712
formal,cx0.75_cy0.75_layoutC,0.05,uniform_prior_baseline,,,uniform_prior_baseline,cx0.75_cy0.75_layoutC__gamma_0.05__uniform_prior_baseline,4.68142321799549,2.263235993473555,2.2632359934735544,762,1536,0.47625,0.49609375,3.818380380885662,4.418414918114474,1.9641094300298994,0.05000000000207157,0.05000000000207161,4.163336342344337e-17,2.0715651416480796e-12,50,4.58779475363558
formal,cx0.75_cy0.75_layoutC,0.05,diffuse_blur,0.05,,diffuse_blur_js_0.05,cx0.75_cy0.75_layoutC__gamma_0.05__diffuse_blur_js_0.05,5.163774122810582,2.2429051465194245,2.2429051465194245,685,1536,0.428125,0.4459635416666667,3.818380380885662,4.450429723765451,2.137590738502853,0.050000000005529274,0.05000000000552921,6.245004513516506e-17,5.529271485116283e-12,50,5.06049864035437
formal,cx0.75_cy0.75_layoutC,0.05,diffuse_blur,0.1,,diffuse_blur_js_0.1,cx0.75_cy0.75_layoutC__gamma_0.05__diffuse_blur_js_0.1,4.592262024980721,2.184823157960038,2.1848231579600386,696,1536,0.435,0.453125,3.84610626810806,4.422294194802155,1.934762002737027,0.05000000000770678,0.05000000000770679,6.938893903907228e-18,7.706779658889218e-12,50,4.500416784481107
formal,cx0.75_cy0.75_layoutC,0.05,diffuse_blur,0.15,,diffuse_blur_js_0.15,cx0.75_cy0.75_layoutC__gamma_0.05__diffuse_blur_js_0.15,4.589640943491354,2.1844910519729686,2.1844910519729694,738,1536,0.46125,0.48046875,3.84610626810806,4.438545098368376,1.9388336333982537,0.05000000002111228,0.050000000021112274,6.938893903907228e-18,2.1112278592028133e-11,50,4.497848124621527
formal,cx0.75_cy0.75_layoutC,0.05,spatial_shift,0.05,x,spatial_shift_x_js_0.05,cx0.75_cy0.75_layoutC__gamma_0.05__spatial_shift_x_js_0.05,5.480125734157157,2.135578616210599,2.1355786162105983,664,1536,0.415,0.4322916666666667,3.679750944773673,4.2418858390958425,2.1661992208791148,0.050000000002627595,0.05000000000262757,2.7755575615628914e-17,2.6275925879559736e-12,50,5.3705232194740145
formal,cx0.75_cy0.75_layoutC,0.05,spatial_shift,0.1,x,spatial_shift_x_js_0.1,cx0.75_cy0.75_layoutC__gamma_0.05__spatial_shift_x_js_0.1,5.589891607089231,2.1712033292729718,2.1712033292729718,679,1536,0.424375,0.4420572916666667,3.707476831996071,4.272904512554637,2.2121579898555748,0.05000000001219783,0.05000000001219785,2.0816681711721685e-17,1.2197826082527286e-11,50,5.478093774947447
formal,cx0.75_cy0.75_layoutC,0.05,spatial_shift,0.15,x,spatial_shift_x_js_0.15,cx0.75_cy0.75_layoutC__gamma_0.05__spatial_shift_x_js_0.15,5.792260040481908,2.3222195652929574,2.322219565292958,690,1536,0.43125,0.44921875,3.790654493663264,4.410773657507429,2.328654469831106,0.05000000001227855,0.05000000001227867,1.1796119636642288e-16,1.2278546235311438e-11,50,5.676414839672271
formal,cx0.75_cy0.75_layoutC,0.05,false_hotspot,0.05,x,false_hotspot_x_js_0.05,cx0.75_cy0.75_layoutC__gamma_0.05__false_hotspot_x_js_0.05,5.8600821058450325,2.7289644131135544,2.728964413113554,730,1536,0.45625,0.4752604166666667,3.84610626810806,4.622670678153815,2.433093768250251,0.05000000000230452,0.050000000002304375,1.457167719820518e-16,2.304517687790053e-12,50,5.742880463728131
formal,cx0.75_cy0.75_layoutC,0.05,false_hotspot,0.1,x,false_hotspot_x_js_0.1,cx0.75_cy0.75_layoutC__gamma_0.05__false_hotspot_x_js_0.1,5.902439033263802,2.866482806886467,2.866482806886467,827,1536,0.516875,0.5384114583333334,3.84610626810806,4.710640985356072,2.481791375251478,0.05000000000759215,0.05000000000759225,9.71445146547012e-17,7.59214913159667e-12,50,5.784390252598525
formal,cx0.75_cy0.75_layoutC,0.05,false_hotspot,0.15,x,false_hotspot_x_js_0.15,cx0.75_cy0.75_layoutC__gamma_0.05__false_hotspot_x_js_0.15,8.571948794678056,3.4873277582120097,3.4873277582120092,1135,1536,0.709375,0.7389322916666666,3.8288453437609524,4.8215668673552585,3.385244137190206,0.05000000000139382,0.05000000000139369,1.3183898417423734e-16,1.393815618477845e-12,50,8.400509818784494
formal,cx0.75_cy0.75_layoutC,0.05,false_negative_suppression,0.05,x,false_negative_suppression_x_js_0.05,cx0.75_cy0.75_layoutC__gamma_0.05__false_negative_suppression_x_js_0.05,4.285380273758571,1.9217320885611284,1.9217320885611289,609,1536,0.380625,0.396484375,3.7733935693161573,4.29161732052424,1.7910045278363769,0.05000000000063848,0.050000000000638395,8.326672684688674e-17,6.384753836741197e-13,50,4.1996726682834
formal,cx0.75_cy0.75_layoutC,0.05,false_negative_suppression,0.1,x,false_negative_suppression_x_js_0.1,cx0.75_cy0.75_layoutC__gamma_0.05__false_negative_suppression_x_js_0.1,4.326965844503142,1.9383244618623217,1.938324461862322,615,1536,0.384375,0.400390625,3.7456676820937593,4.2640267396434846,1.7972198358228153,0.05000000000094802,0.05000000000094804,2.0816681711721685e-17,9.480194407274212e-13,50,4.240426527613079
formal,cx0.75_cy0.75_layoutC,0.05,false_negative_suppression,0.15,x,false_negative_suppression_x_js_0.15,cx0.75_cy0.75_layoutC__gamma_0.05__false_negative_suppression_x_js_0.15,4.623847384486245,2.051960269073708,2.0519602690737075,624,1536,0.39,0.40625,3.818380380885662,4.350106539849103,1.9233532988825013,0.05000000000016201,0.05000000000016195,6.245004513516506e-17,1.6200929486842597e-13,50,4.531370436796521
formal,cx0.75_cy0.75_layoutC,0.05,spatial_shift,0.05,y,spatial_shift_y_js_0.05,cx0.75_cy0.75_layoutC__gamma_0.05__spatial_shift_y_js_0.05,5.082748393566521,2.0237105783044576,2.023710578304457,642,1536,0.40125,0.41796875,3.818380380885662,4.287030922817026,2.0550763482444916,0.05000000000422567,0.0500000000042256,6.938893903907228e-17,4.225668426283136e-12,50,4.981093425695191
formal,cx0.75_cy0.75_layoutC,0.05,spatial_shift,0.1,y,spatial_shift_y_js_0.1,cx0.75_cy0.75_layoutC__gamma_0.05__spatial_shift_y_js_0.1,4.999686953042682,1.9548525057468913,1.9548525057468913,644,1536,0.4025,0.4192708333333333,3.780189530787973,4.218558973381916,2.005198680150257,0.05000000000063685,0.05000000000063691,6.245004513516506e-17,6.368447436067015e-13,50,4.899693213981828
formal,cx0.75_cy0.75_layoutC,0.05,spatial_shift,0.15,y,spatial_shift_y_js_0.15,cx0.75_cy0.75_layoutC__gamma_0.05__spatial_shift_y_js_0.15,4.950599215487307,1.9875732689156724,1.9875732689156727,667,1536,0.416875,0.4342447916666667,3.7801895307879736,4.235042165022678,1.9948109351826897,0.050000000002412476,0.05000000000241252,4.163336342344337e-17,2.4124729991470417e-12,50,4.85158723117756
formal,cx0.75_cy0.75_layoutC,0.05,false_hotspot,0.05,y,false_hotspot_y_js_0.05,cx0.75_cy0.75_layoutC__gamma_0.05__false_hotspot_y_js_0.05,5.0709796155760385,2.0651436430543058,2.065143643054306,659,1536,0.411875,0.4290364583333333,3.818380380885662,4.365006810240612,2.0776120147654047,0.05000000000096227,0.05000000000096234,6.938893903907228e-17,9.622649899121427e-13,50,4.969560023264518
formal,cx0.75_cy0.75_layoutC,0.05,false_hotspot,0.1,y,false_hotspot_y_js_0.1,cx0.75_cy0.75_layoutC__gamma_0.05__false_hotspot_y_js_0.1,5.111561633670373,2.081161991162355,2.0811619911623556,743,1536,0.464375,0.4837239583333333,3.84610626810806,4.361349458029114,2.08975602678773,0.05000000000638627,0.05000000000638632,4.85722573273506e-17,6.386266515612249e-12,50,5.009330400996966
formal,cx0.75_cy0.75_layoutC,0.05,false_hotspot,0.15,y,false_hotspot_y_js_0.15,cx0.75_cy0.75_layoutC__gamma_0.05__false_hotspot_y_js_0.15,5.237091596474045,2.04042195815229,2.040421958152291,828,1536,0.5175,0.5390625,3.84610626810806,4.366228413804917,2.1326488402562225,0.0500000000010607,0.05000000000106078,7.632783294297951e-17,1.0607001388329707e-12,50,5.132349764544564
formal,cx0.75_cy0.75_layoutC,0.05,false_negative_suppression,0.05,y,false_negative_suppression_y_js_0.05,cx0.75_cy0.75_layoutC__gamma_0.05__false_negative_suppression_y_js_0.05,4.380102035868502,2.0603937607737386,2.060393760773739,644,1536,0.4025,0.4192708333333333,3.7733935693161573,4.3574510592879,1.8424608619543097,0.05000000001431684,0.05000000001431689,4.85722573273506e-17,1.4316839380690283e-11,50,4.292499995151132
formal,cx0.75_cy0.75_layoutC,0.05,false_negative_suppression,0.1,y,false_negative_suppression_y_js_0.1,cx0.75_cy0.75_layoutC__gamma_0.05__false_negative_suppression_y_js_0.1,4.2954604996197565,2.0534360113556245,2.053436011355624,675,1536,0.421875,0.439453125,3.7456676820937593,4.32813427613141,1.8049008128578832,0.050000000019828295,0.05000000001982825,4.163336342344337e-17,1.9828291786261332e-11,50,4.2095512896273615
formal,cx0.75_cy0.75_layoutC,0.05,false_negative_suppression,0.15,y,false_negative_suppression_y_js_0.15,cx0.75_cy0.75_layoutC__gamma_0.05__false_negative_suppression_y_js_0.15,4.351647217004364,2.092836358125594,2.0928363581255947,693,1536,0.433125,0.451171875,3.717941794871362,4.314059262786307,1.8200846428842266,0.050000000004732814,0.05000000000473276,5.551115123125783e-17,4.732811365038003e-12,50,4.264614272664276
formal,cx0.75_cy0.75_layoutC,0.1,oracle,0.0,,oracle,cx0.75_cy0.75_layoutC__gamma_0.1__oracle,4.149383695387661,1.7964728893347042,1.7964728893347042,603,1536,0.376875,0.392578125,3.6902159076489633,4.215898393951904,1.7234482125714938,0.10000000004214218,0.10000000004214185,3.3306690738754696e-16,4.214217863562908e-11,50,4.066396021479907
formal,cx0.75_cy0.75_layoutC,0.1,uniform_prior_baseline,,,uniform_prior_baseline,cx0.75_cy0.75_layoutC__gamma_0.1__uniform_prior_baseline,3.9666641514126657,1.8012459364073705,1.8012459364073705,681,1536,0.425625,0.443359375,3.7733935693161573,4.2426846415800625,1.6681994169123138,0.1000000000179468,0.10000000001794689,8.326672684688674e-17,1.794679682642908e-11,50,3.8873308683844123
formal,cx0.75_cy0.75_layoutC,0.1,diffuse_blur,0.05,,diffuse_blur_js_0.05,cx0.75_cy0.75_layoutC__gamma_0.1__diffuse_blur_js_0.05,4.0070433216874,1.7939793798915744,1.7939793798915744,633,1536,0.395625,0.412109375,3.7733935693161573,4.226355765785778,1.677747423284257,0.1000000000555637,0.10000000005556361,8.326672684688674e-17,5.556369253589821e-11,50,3.926902455253652
formal,cx0.75_cy0.75_layoutC,0.1,diffuse_blur,0.1,,diffuse_blur_js_0.1,cx0.75_cy0.75_layoutC__gamma_0.1__diffuse_blur_js_0.1,3.844934996248427,1.7013612868794648,1.7013612868794645,647,1536,0.404375,0.4212239583333333,3.7456676820937593,4.149708562034791,1.602212663461522,0.10000000000249507,0.1000000000024951,4.163336342344337e-17,2.4950597143913456e-12,50,3.7680362963234586
formal,cx0.75_cy0.75_layoutC,0.1,diffuse_blur,0.15,,diffuse_blur_js_0.15,cx0.75_cy0.75_layoutC__gamma_0.1__diffuse_blur_js_0.15,3.877923285231809,1.742508847354661,1.7425088473546608,671,1536,0.419375,0.4368489583333333,3.7456676820937593,4.174487436448279,1.6198708556032595,0.10000000004082449,0.10000000004082447,1.3877787807814457e-17,4.08244826832771e-11,50,3.800364819527173
formal,cx0.75_cy0.75_layoutC,0.1,spatial_shift,0.05,x,spatial_shift_x_js_0.05,cx0.75_cy0.75_layoutC__gamma_0.1__spatial_shift_x_js_0.05,4.313660237096907,1.8518602423261943,1.8518602423261943,639,1536,0.399375,0.416015625,3.7456676820937593,4.202669026369173,1.7750680502919018,0.10000000000345312,0.10000000000345319,6.938893903907228e-17,3.4531127957038166e-12,50,4.227387032354969
formal,cx0.75_cy0.75_layoutC,0.1,spatial_shift,0.1,x,spatial_shift_x_js_0.1,cx0.75_cy0.75_layoutC__gamma_0.1__spatial_shift_x_js_0.1,4.447373054273355,1.9087736343528148,1.9087736343528146,655,1536,0.409375,0.4264322916666667,3.7179417948713613,4.288943928773692,1.8452216694479606,0.10000000000548262,0.10000000000548265,2.7755575615628914e-17,5.4826143625064105e-12,50,4.358425593187888
formal,cx0.75_cy0.75_layoutC,0.1,spatial_shift,0.15,x,spatial_shift_x_js_0.15,cx0.75_cy0.75_layoutC__gamma_0.1__spatial_shift_x_js_0.15,4.613910117219418,1.9822605776824387,1.9822605776824391,675,1536,0.421875,0.439453125,3.818380380885662,4.309991256410293,1.907652506939488,0.10000000000201965,0.10000000000201978,1.249000902703301e-16,2.0196483374590457e-12,50,4.521631914875029
formal,cx0.75_cy0.75_layoutC,0.1,false_hotspot,0.05,x,false_hotspot_x_js_0.05,cx0.75_cy0.75_layoutC__gamma_0.1__false_hotspot_x_js_0.05,4.668254586538804,2.332459717145827,2.3324597171458263,728,1536,0.455,0.4739583333333333,3.84610626810806,4.452620209024687,1.970254931693517,0.10000000000011,0.10000000000010983,1.6653345369377348e-16,1.0999534616473738e-13,50,4.574889494808028
formal,cx0.75_cy0.75_layoutC,0.1,false_hotspot,0.1,x,false_hotspot_x_js_0.1,cx0.75_cy0.75_layoutC__gamma_0.1__false_hotspot_x_js_0.1,4.808294707178751,2.478214279997767,2.4782142799977676,852,1536,0.5325,0.5546875,3.84610626810806,4.514197787044918,2.0379875161591485,0.1000000000415035,0.10000000004150365,1.5265566588595902e-16,4.150349508513784e-11,50,4.712128813035176
formal,cx0.75_cy0.75_layoutC,0.1,false_hotspot,0.15,x,false_hotspot_x_js_0.15,cx0.75_cy0.75_layoutC__gamma_0.1__false_hotspot_x_js_0.15,4.970113292940343,2.5857415232582954,2.5857415232582954,881,1536,0.550625,0.5735677083333334,3.84610626810806,4.563450874651366,2.10994534847827,0.10000000001120475,0.10000000001120452,2.3592239273284576e-16,1.120474546478789e-11,50,4.870711027081536
formal,cx0.75_cy0.75_layoutC,0.1,false_negative_suppression,0.05,x,false_negative_suppression_x_js_0.05,cx0.75_cy0.75_layoutC__gamma_0.1__false_negative_suppression_x_js_0.05,3.4622415297637548,1.5286521112411349,1.5286521112411346,587,1536,0.366875,0.3821614583333333,3.6624900204265654,4.061906721299662,1.4495680314713382,0.10000000000001712,0.10000000000001705,6.938893903907228e-17,1.7111312367035225e-14,50,3.3929966991684797
formal,cx0.75_cy0.75_layoutC,0.1,false_negative_suppression,0.1,x,false_negative_suppression_x_js_0.1,cx0.75_cy0.75_layoutC__gamma_0.1__false_negative_suppression_x_js_0.1,3.2900407705838006,1.4829812115317917,1.482981211531792,589,1536,0.368125,0.3834635416666667,3.634764133204168,4.004801212633213,1.3773345298734545,0.10000000000052002,0.10000000000052015,1.249000902703301e-16,5.200145869466155e-13,50,3.224239955172125
formal,cx0.75_cy0.75_layoutC,0.1,false_negative_suppression,0.15,x,false_negative_suppression_x_js_0.15,cx0.75_cy0.75_layoutC__gamma_0.1__false_negative_suppression_x_js_0.15,3.161212757913563,1.4540495991246216,1.4540495991246218,581,1536,0.363125,0.3782552083333333,3.629710702419854,3.941960731531657,1.3194231339250126,0.1000000000125114,0.10000000001251119,2.0816681711721685e-16,1.2511394698044853e-11,50,3.0979885027552916
formal,cx0.75_cy0.75_layoutC,0.1,spatial_shift,0.05,y,spatial_shift_y_js_0.05,cx0.75_cy0.75_layoutC__gamma_0.1__spatial_shift_y_js_0.05,3.90933285866071,1.6982727762972099,1.6982727762972099,591,1536,0.369375,0.384765625,3.7456676820937593,4.123702523398947,1.617377905000121,0.1000000000000148,0.1000000000000147,9.71445146547012e-17,1.479372180313021e-14,50,3.8311462014874955
formal,cx0.75_cy0.75_layoutC,0.1,spatial_shift,0.1,y,spatial_shift_y_js_0.1,cx0.75_cy0.75_layoutC__gamma_0.1__spatial_shift_y_js_0.1,3.8249059673387142,1.6627810318079261,1.662781031807926,598,1536,0.37375,0.3893229166666667,3.6902159076489633,4.039837578529921,1.5673524021735146,0.10000000000123463,0.10000000000123481,1.8041124150158794e-16,1.2346235145344053e-12,50,3.74840784799194
formal,cx0.75_cy0.75_layoutC,0.1,spatial_shift,0.15,y,spatial_shift_y_js_0.15,cx0.75_cy0.75_layoutC__gamma_0.1__spatial_shift_y_js_0.15,3.7754780053123533,1.6550465591843266,1.6550465591843266,600,1536,0.375,0.390625,3.6902159076489642,4.077282561787875,1.560210778045343,0.10000000000361943,0.10000000000361962,1.942890293094024e-16,3.619424204792665e-12,50,3.6999684452061063
formal,cx0.75_cy0.75_layoutC,0.1,false_hotspot,0.05,y,false_hotspot_y_js_0.05,cx0.75_cy0.75_layoutC__gamma_0.1__false_hotspot_y_js_0.05,3.83356149990075,1.713555385079432,1.713555385079432,641,1536,0.400625,0.4173177083333333,3.7733935693161573,4.171575233608697,1.6039159804743044,0.1000000000029097,0.10000000000290986,1.5265566588595902e-16,2.909700258513226e-12,50,3.756890269902735
formal,cx0.75_cy0.75_layoutC,0.1,false_hotspot,0.1,y,false_hotspot_y_js_0.1,cx0.75_cy0.75_layoutC__gamma_0.1__false_hotspot_y_js_0.1,3.816849298376306,1.730725646108143,1.7307256461081437,673,1536,0.420625,0.4381510416666667,3.690215907648964,4.142271905298818,1.5907209974598935,0.10000000002443138,0.10000000002443145,6.938893903907228e-17,2.4431373590871885e-11,50,3.74051231240878
formal,cx0.75_cy0.75_layoutC,0.1,false_hotspot,0.15,y,false_hotspot_y_js_0.15,cx0.75_cy0.75_layoutC__gamma_0.1__false_hotspot_y_js_0.15,3.841917250698505,1.7162323949998601,1.7162323949998601,684,1536,0.4275,0.4453125,3.7733935693161573,4.161926721225123,1.6043115040220006,0.10000000000310946,0.10000000000310953,6.938893903907228e-17,3.109457136218907e-12,50,3.765078905684535
formal,cx0.75_cy0.75_layoutC,0.1,false_negative_suppression,0.05,y,false_negative_suppression_y_js_0.05,cx0.75_cy0.75_layoutC__gamma_0.1__false_negative_suppression_y_js_0.05,3.598659721587828,1.614111639478902,1.6141116394789021,629,1536,0.393125,0.4095052083333333,3.690215907648964,4.08654822290267,1.5022661467026601,0.10000000000367851,0.10000000000367851,0.0,3.678501947490531e-12,50,3.5266865271560714
formal,cx0.75_cy0.75_layoutC,0.1,false_negative_suppression,0.1,y,false_negative_suppression_y_js_0.1,cx0.75_cy0.75_layoutC__gamma_0.1__false_negative_suppression_y_js_0.1,3.5251863988591174,1.5991502903901302,1.5991502903901305,641,1536,0.400625,0.4173177083333333,3.634764133204168,4.087884079100544,1.4773164218272803,0.10000000000994144,0.10000000000994132,1.249000902703301e-16,9.941436562854733e-12,50,3.454682670881935
formal,cx0.75_cy0.75_layoutC,0.1,false_negative_suppression,0.15,y,false_negative_suppression_y_js_0.15,cx0.75_cy0.75_layoutC__gamma_0.1__false_negative_suppression_y_js_0.15,3.507892486910796,1.578556224543745,1.5785562245437452,647,1536,0.404375,0.4212239583333333,3.624299170328877,3.996623213916485,1.4500073522968429,0.10000000002418867,0.10000000002418857,9.71445146547012e-17,2.418866495990102e-11,50,3.4377346371725803
pilot,pilot_cx0.75_cy0.70_center_obstacle,0.1,oracle,0.0,,oracle,oracle_gamma_0.1,3.7330079012206765,1.5627683088641557,1.5627683088641557,536,1532,0.335,0.34986945169712796,3.6902159076489642,3.9736922706444906,1.5200452764597285,0.10000000000036716,0.10000000000036784,6.800116025829084e-16,3.6715075424353927e-13,50,3.658347743196263
pilot,pilot_cx0.75_cy0.70_center_obstacle,0.1,spatial_shift,0.05,,spatial_shift_js_0.05,spatial_shift_js_0.05_gamma_0.1,3.7840306990673316,1.5952416034010206,1.5952416034010206,610,1532,0.38125,0.3981723237597911,3.6902159076489642,4.04463060263417,1.5548656168904278,0.1000000000005902,0.10000000000059055,3.469446951953614e-16,5.901945598907332e-13,50,3.7083500850859847
pilot,pilot_cx0.75_cy0.70_center_obstacle,0.1,spatial_shift,0.1,,spatial_shift_js_0.1,spatial_shift_js_0.1_gamma_0.1,3.8512700407890463,1.6509409433173368,1.6509409433173365,661,1532,0.413125,0.4314621409921671,3.7456676820937593,4.1013433716298655,1.591957602291631,0.10000000000320494,0.10000000000320498,4.163336342344337e-17,3.2049363163366706e-12,50,3.7742446399732654
pilot,pilot_cx0.75_cy0.70_center_obstacle,0.1,spatial_shift,0.15,,spatial_shift_js_0.15,spatial_shift_js_0.15_gamma_0.1,3.9421629815873334,1.8466474754256248,1.846647475425625,788,1532,0.4925,0.5143603133159269,3.7733935693161573,4.208111677746212,1.6506553119956835,0.1000000000313005,0.1000000000313006,1.1102230246251565e-16,3.130048997768142e-11,50,3.8633197219555866
pilot,pilot_cx0.75_cy0.70_center_obstacle,0.1,diffuse_blur,0.05,,diffuse_blur_js_0.05,diffuse_blur_js_0.05_gamma_0.1,3.8255109022870726,1.6681651123933285,1.6681651123933285,586,1532,0.36625,0.3825065274151436,3.7456676820937593,4.1240989861198045,1.589044337864967,0.10000000000011228,0.10000000000011242,1.3877787807814457e-16,1.1227130336521896e-13,50,3.7490006842413313
pilot,pilot_cx0.75_cy0.70_center_obstacle,0.1,diffuse_blur,0.1,,diffuse_blur_js_0.1,diffuse_blur_js_0.1_gamma_0.1,3.8032321970149905,1.682477798038182,1.6824777980381822,625,1532,0.390625,0.40796344647519583,3.7733935693161573,4.144610006077629,1.586659937628909,0.1000000000015672,0.10000000000156727,6.938893903907228e-17,1.567190821560871e-12,50,3.7271675530746906
pilot,pilot_cx0.75_cy0.70_center_obstacle,0.1,diffuse_blur,0.15,,diffuse_blur_js_0.15,diffuse_blur_js_0.15_gamma_0.1,3.883871472826478,1.751647748013193,1.7516477480131922,674,1532,0.42125,0.43994778067885115,3.7733935693161573,4.191393646981234,1.6262844006179868,0.10000000010219391,0.10000000010219384,6.938893903907228e-17,1.0219390611521106e-10,50,3.8061940433699486
pilot,pilot_cx0.75_cy0.70_center_obstacle,0.1,false_hotspot,0.05,,false_hotspot_js_0.05,false_hotspot_js_0.05_gamma_0.1,4.304898770628181,1.894392020870922,1.8943920208709222,599,1532,0.374375,0.39099216710182766,3.7179417948713613,4.225648539573174,1.7787292496626435,0.10000000000268369,0.10000000000268382,1.249000902703301e-16,2.6836866062751596e-12,50,4.218800795215618
pilot,pilot_cx0.75_cy0.70_center_obstacle,0.1,false_hotspot,0.1,,false_hotspot_js_0.1,false_hotspot_js_0.1_gamma_0.1,4.516354955842045,2.1216830788557637,2.1216830788557632,718,1532,0.44875,0.46866840731070497,3.7733935693161573,4.373878082525791,1.8940415539902942,0.10000000002857234,0.10000000002857215,1.942890293094024e-16,2.8572338939270026e-11,50,4.426027856725204
pilot,pilot_cx0.75_cy0.70_center_obstacle,0.1,false_hotspot,0.15,,false_hotspot_js_0.15,false_hotspot_js_0.15_gamma_0.1,4.54157372249147,2.1391448095610786,2.1391448095610786,764,1532,0.4775,0.49869451697127937,3.7733935693161573,4.382931484927388,1.9053998134530061,0.10000000000121574,0.10000000000121556,1.8041124150158794e-16,1.2157358453279699e-12,50,4.4507422480416405
pilot,pilot_cx0.75_cy0.70_center_obstacle,0.1,false_negative_suppression,0.05,,false_negative_suppression_js_0.05,false_negative_suppression_js_0.05_gamma_0.1,3.401913211505961,1.4587518180899364,1.4587518180899366,572,1532,0.3575,0.3733681462140992,3.717941794871362,3.972948779273036,1.4085585219545576,0.1000000000074455,0.10000000000744547,2.7755575615628914e-17,7.445488670043687e-12,50,3.3338749472758415
pilot,pilot_cx0.75_cy0.70_center_obstacle,0.1,false_negative_suppression,0.1,,false_negative_suppression_js_0.1,false_negative_suppression_js_0.1_gamma_0.1,3.4906328247315868,1.5291465329586125,1.529146532958612,596,1532,0.3725,0.38903394255874674,3.717941794871362,4.00842149574403,1.4468956885083046,0.10000000000492384,0.1000000000049238,4.163336342344337e-17,4.923839114212569e-12,50,3.420820168236955
pilot,pilot_cx0.75_cy0.70_center_obstacle,0.1,false_negative_suppression,0.15,,false_negative_suppression_js_0.15,false_negative_suppression_js_0.15_gamma_0.1,3.6151869042678233,1.6090985736477073,1.609098573647707,622,1532,0.38875,0.40600522193211486,3.7733935693161573,4.100671807465556,1.5113352301516827,0.10000000003424236,0.10000000003424243,6.938893903907228e-17,3.424235894833316e-11,50,3.542883166182467
pilot,pilot_cx0.75_cy0.70_center_obstacle,0.05,oracle,0.0,,oracle,oracle_gamma_0.05,4.860063500239121,1.8782023493169442,1.8782023493169437,576,1532,0.36,0.37597911227154046,3.7524636435655756,4.2182586991460305,1.9599577143646476,0.05000000003954188,0.05000000003954228,4.0245584642661925e-16,3.954187671739717e-11,50,4.762862230234338
pilot,pilot_cx0.75_cy0.70_center_obstacle,0.05,spatial_shift,0.05,,spatial_shift_js_0.05,spatial_shift_js_0.05_gamma_0.05,4.884008152901116,1.859909152562699,1.859909152562699,574,1532,0.35875,0.37467362924281983,3.7524636435655756,4.203112584121498,1.9627946626070387,0.05000000013097142,0.05000000013097162,2.0122792321330962e-16,1.3097141426943182e-10,50,4.786327989843094
pilot,pilot_cx0.75_cy0.70_center_obstacle,0.05,spatial_shift,0.1,,spatial_shift_js_0.1,spatial_shift_js_0.1_gamma_0.05,4.925659593886768,1.9046406487037544,1.9046406487037546,593,1532,0.370625,0.3870757180156658,3.790654493663264,4.217674490786469,1.9810208534385891,0.050000000007651466,0.05000000000765151,4.163336342344337e-17,7.65146279668727e-12,50,4.827146402009032
pilot,pilot_cx0.75_cy0.70_center_obstacle,0.05,spatial_shift,0.15,,spatial_shift_js_0.15,spatial_shift_js_0.15_gamma_0.05,4.994797558153258,2.078214080851933,2.0782140808519336,780,1532,0.4875,0.5091383812010444,3.7352027192184685,4.276724403134674,2.022992546930572,0.050000000058756947,0.050000000058757,5.551115123125783e-17,5.87569437549007e-11,50,4.894901606990192
pilot,pilot_cx0.75_cy0.70_center_obstacle,0.05,diffuse_blur,0.05,,diffuse_blur_js_0.05,diffuse_blur_js_0.05_gamma_0.05,4.903092707797077,2.173942497741026,2.173942497741026,633,1532,0.395625,0.4131853785900783,3.84610626810806,4.4240158254656645,2.0411663316314748,0.050000000003843116,0.05000000000384322,1.0408340855860843e-16,3.843113327572922e-12,50,4.805030853641135
pilot,pilot_cx0.75_cy0.70_center_obstacle,0.05,diffuse_blur,0.1,,diffuse_blur_js_0.1,diffuse_blur_js_0.1_gamma_0.05,4.576495791646867,2.174742913287444,2.1747429132874445,693,1532,0.433125,0.45234986945169714,3.84610626810806,4.397554264849193,1.9217935497999545,0.05000000001093134,0.0500000000109313,4.163336342344337e-17,1.0931339167186138e-11,50,4.48496587581393
pilot,pilot_cx0.75_cy0.70_center_obstacle,0.05,diffuse_blur,0.15,,diffuse_blur_js_0.15,diffuse_blur_js_0.15_gamma_0.05,4.5622528305491645,2.1841085297734537,2.1841085297734537,733,1532,0.458125,0.47845953002610964,3.7733935693161573,4.414875928510695,1.9221844582723497,0.050000000000432636,0.05000000000043264,6.938893903907228e-18,4.326330960147118e-13,50,4.471007773938181
pilot,pilot_cx0.75_cy0.70_center_obstacle,0.05,false_hotspot,0.05,,false_hotspot_js_0.05,false_hotspot_js_0.05_gamma_0.05,5.260244258939178,2.4693062409671107,2.4693062409671107,703,1532,0.439375,0.45887728459530025,3.818380380885662,4.50211571406332,2.187873927340274,0.050000000000562976,0.050000000000563156,1.8041124150158794e-16,5.629732791057052e-13,50,5.155039373760394
pilot,pilot_cx0.75_cy0.70_center_obstacle,0.05,false_hotspot,0.1,,false_hotspot_js_0.1,false_hotspot_js_0.1_gamma_0.05,5.123914062686132,2.4859051398112384,2.485905139811238,765,1532,0.478125,0.4993472584856397,3.818380380885662,4.502500695046443,2.1420389625627667,0.05000000001791888,0.05000000001791871,1.6653345369377348e-16,1.7918874717359756e-11,50,5.021435781432409
pilot,pilot_cx0.75_cy0.70_center_obstacle,0.05,false_hotspot,0.15,,false_hotspot_js_0.15,false_hotspot_js_0.15_gamma_0.05,5.4601647861152385,2.6391474824921084,2.639147482492108,807,1532,0.504375,0.5267624020887729,3.818380380885662,4.557223644822352,2.274706126545956,0.05000000024849782,0.05000000024849767,1.5265566588595902e-16,2.4849781954383587e-10,50,5.350961490392933
pilot,pilot_cx0.75_cy0.70_center_obstacle,0.05,false_negative_suppression,0.05,,false_negative_suppression_js_0.05,false_negative_suppression_js_0.05_gamma_0.05,4.195678035789268,1.892255402513345,1.892255402513345,609,1532,0.380625,0.3975195822454308,3.7733935693161573,4.259501052811822,1.7513217522677118,0.05000000000034209,0.05000000000034207,2.0816681711721685e-17,3.4208746946262636e-13,50,4.111764475073482
pilot,pilot_cx0.75_cy0.70_center_obstacle,0.05,false_negative_suppression,0.1,,false_negative_suppression_js_0.1,false_negative_suppression_js_0.1_gamma_0.05,4.282266979752333,1.9623007727199946,1.9623007727199948,655,1532,0.409375,0.4275456919060052,3.7733935693161573,4.308396073993533,1.7947319819295553,0.05000000000340156,0.050000000003401525,3.469446951953614e-17,3.401556813997786e-12,50,4.196621640157287
pilot,pilot_cx0.75_cy0.70_center_obstacle,0.05,false_negative_suppression,0.15,,false_negative_suppression_js_0.15,false_negative_suppression_js_0.15_gamma_0.05,4.3647889549332035,2.0358830646860215,2.035883064686022,681,1532,0.425625,0.44451697127937334,3.7733935693161573,4.359484470480619,1.8377872990506232,0.050000000001131494,0.050000000001131535,4.163336342344337e-17,1.1314907344406322e-12,50,4.27749317583454
