plan_id,scene_id,gamma,family,direction,target_js_nats,tf,mass_tf_ideal,mass_tf_dwell_0.1,mass_tf_dwell_0.25,mass_tf_dwell_0.5,mass_tf_range_1.0,mass_tf_range_0.75,mass_tf_range_0.5
cx0.25_cy0.25_layoutA__gamma_0.05__diffuse_blur_js_0.05,cx0.25_cy0.25_layoutA,0.05,diffuse_blur,,0.05,4.366232062279995,0.8174389935879193,0.7961157676935775,0.7235623458807023,0.4456651461638193,0.8174389935879193,0.7702481729762278,0.6662967659701365
cx0.25_cy0.25_layoutA__gamma_0.05__diffuse_blur_js_0.1,cx0.25_cy0.25_layoutA,0.05,diffuse_blur,,0.1,4.406151546472068,0.7976348378457657,0.7822775002731268,0.722483409222214,0.4509728913360572,0.7976348378457657,0.7109756904185145,0.5625596028016895
cx0.25_cy0.25_layoutA__gamma_0.05__diffuse_blur_js_0.15,cx0.25_cy0.25_layoutA,0.05,diffuse_blur,,0.15,4.4673896020090185,0.7096499814925916,0.6970610596186699,0.6085108501884566,0.30445108084374306,0.7096499814925916,0.6259788742529462,0.4430624746845919
cx0.25_cy0.25_layoutA__gamma_0.05__false_hotspot_x_js_0.05,cx0.25_cy0.25_layoutA,0.05,false_hotspot,x,0.05,4.5311220852382394,0.7519700692137122,0.7370495650197723,0.642452776127392,0.28902983279389016,0.7519700692137122,0.5888463657213384,0.47932983957122305
cx0.25_cy0.25_layoutA__gamma_0.05__false_hotspot_x_js_0.1,cx0.25_cy0.25_layoutA,0.05,false_hotspot,x,0.1,4.573895038001547,0.7477579673030035,0.723736585792135,0.607478682621599,0.2688515768211689,0.7477579673030035,0.6186923291845368,0.523130714089239
cx0.25_cy0.25_layoutA__gamma_0.05__false_hotspot_x_js_0.15,cx0.25_cy0.25_layoutA,0.05,false_hotspot,x,0.15,4.593026601601009,0.6846608480377198,0.6564436882393765,0.5657643405232493,0.24487687202727992,0.6846608480377198,0.59161004713003,0.4388927741290252
cx0.25_cy0.25_layoutA__gamma_0.05__false_hotspot_y_js_0.05,cx0.25_cy0.25_layoutA,0.05,false_hotspot,y,0.05,4.531114215299664,0.8043288396347796,0.7897228774924693,0.7062774061358484,0.4442442042288699,0.8043288396347796,0.7309964326924742,0.5715640688287058
cx0.25_cy0.25_layoutA__gamma_0.05__false_hotspot_y_js_0.1,cx0.25_cy0.25_layoutA,0.05,false_hotspot,y,0.1,4.573894934585951,0.7285183503429782,0.7065109539807545,0.615383397386296,0.3539300255736685,0.7285183503429782,0.6606337487958072,0.50328308891781
cx0.25_cy0.25_layoutA__gamma_0.05__false_hotspot_y_js_0.15,cx0.25_cy0.25_layoutA,0.05,false_hotspot,y,0.15,4.6128032596664355,0.667959569163308,0.6462211614604038,0.5586162839983564,0.2696606610346052,0.667959569163308,0.5983341771139754,0.4467884775960327
cx0.25_cy0.25_layoutA__gamma_0.05__false_negative_suppression_x_js_0.05,cx0.25_cy0.25_layoutA,0.05,false_negative_suppression,x,0.05,3.8675839497825195,0.7488015969209859,0.7214114988959281,0.6189030167847284,0.3592080840472273,0.7488015969209859,0.6744399293225946,0.5518851220167089
cx0.25_cy0.25_layoutA__gamma_0.05__false_negative_suppression_x_js_0.1,cx0.25_cy0.25_layoutA,0.05,false_negative_suppression,x,0.1,4.0322177610695205,0.7350689491700694,0.7136584779887567,0.6217715184772958,0.36053103235073086,0.7350689491700694,0.6632501591814324,0.5263918968560558
cx0.25_cy0.25_layoutA__gamma_0.05__false_negative_suppression_x_js_0.15,cx0.25_cy0.25_layoutA,0.05,false_negative_suppression,x,0.15,4.139391865589627,0.652495571423761,0.6402160149882611,0.5441095120337135,0.09033399163844184,0.652495571423761,0.5521937908832885,0.48684871013037967
cx0.25_cy0.25_layoutA__gamma_0.05__false_negative_suppression_y_js_0.05,cx0.25_cy0.25_layoutA,0.05,false_negative_suppression,y,0.05,3.8675839366677986,0.7885562314202491,0.768791877787614,0.6712695402725046,0.353146628127625,0.7885562314202491,0.664408229559518,0.5720277370946308
cx0.25_cy0.25_layoutA__gamma_0.05__false_negative_suppression_y_js_0.1,cx0.25_cy0.25_layoutA,0.05,false_negative_suppression,y,0.1,4.029251111093131,0.8397971851944518,0.8279926272985829,0.776174741035199,0.49301830484407266,0.8397971851944518,0.7814192365918753,0.5934173546719699
cx0.25_cy0.25_layoutA__gamma_0.05__false_negative_suppression_y_js_0.15,cx0.25_cy0.25_layoutA,0.05,false_negative_suppression,y,0.15,4.148573775953693,0.8297972441047834,0.8173227188544829,0.7623624603870433,0.46712944052857236,0.8297972441047834,0.7477910230862808,0.5694064318099757
cx0.25_cy0.25_layoutA__gamma_0.05__oracle,cx0.25_cy0.25_layoutA,0.05,oracle,,0.0,4.1410109241834405,0.7866690227012473,0.7608269426984016,0.6171840862155749,0.299773121542609,0.7866690227012473,0.6663970511264827,0.5835445757592811
cx0.25_cy0.25_layoutA__gamma_0.05__spatial_shift_x_js_0.05,cx0.25_cy0.25_layoutA,0.05,spatial_shift,x,0.05,4.226830067742222,0.7226611989893151,0.714076074606891,0.6573638822481549,0.3913619944293512,0.7226611989893151,0.6441875602802221,0.528748876121832
cx0.25_cy0.25_layoutA__gamma_0.05__spatial_shift_x_js_0.1,cx0.25_cy0.25_layoutA,0.05,spatial_shift,x,0.1,4.300376087047818,0.6612959332121557,0.6520257538007396,0.5895105598945509,0.3316344433144531,0.6612959332121557,0.609004129637847,0.50554509577857
cx0.25_cy0.25_layoutA__gamma_0.05__spatial_shift_x_js_0.15,cx0.25_cy0.25_layoutA,0.05,spatial_shift,x,0.15,4.365080816637875,0.6682488096717831,0.6582347425787943,0.5793569913760219,0.23815558492537636,0.6682488096717831,0.6354499104842477,0.4934418659592324
cx0.25_cy0.25_layoutA__gamma_0.05__spatial_shift_y_js_0.05,cx0.25_cy0.25_layoutA,0.05,spatial_shift,y,0.05,4.241495440951006,0.771984918712938,0.7466537019820456,0.6540527149092473,0.30562424387409787,0.771984918712938,0.6593792719073106,0.5256098943145895
cx0.25_cy0.25_layoutA__gamma_0.05__spatial_shift_y_js_0.1,cx0.25_cy0.25_layoutA,0.05,spatial_shift,y,0.1,4.339015763811509,0.7424716870898163,0.7149991063333705,0.5945015522372915,0.225275408290202,0.7424716870898163,0.6304703880122033,0.48237713076995514
cx0.25_cy0.25_layoutA__gamma_0.05__spatial_shift_y_js_0.15,cx0.25_cy0.25_layoutA,0.05,spatial_shift,y,0.15,4.445439645735835,0.6950496729890504,0.6737179807328266,0.5582982659995687,0.1899083103888873,0.6950496729890504,0.5910255238834726,0.44616137198690187
cx0.25_cy0.25_layoutA__gamma_0.05__uniform_prior_baseline,cx0.25_cy0.25_layoutA,0.05,uniform_prior_baseline,,,4.523423783340837,0.6749295500342779,0.657562909480448,0.5662712206704619,0.24604799800106597,0.6749295500342779,0.5939639173309873,0.40580099115864887
cx0.25_cy0.25_layoutA__gamma_0.1__diffuse_blur_js_0.05,cx0.25_cy0.25_layoutA,0.1,diffuse_blur,,0.05,3.600699374301492,0.7401685663079022,0.7202741290373131,0.6236326821250653,0.39638251744226616,0.7401685663079022,0.6588045523530308,0.5394597520822125
cx0.25_cy0.25_layoutA__gamma_0.1__diffuse_blur_js_0.1,cx0.25_cy0.25_layoutA,0.1,diffuse_blur,,0.1,3.6928184420124004,0.7025714353232564,0.6886115404660718,0.6000775351859652,0.34989087875488856,0.7025714353232564,0.6241603904108528,0.46618733722491196
cx0.25_cy0.25_layoutA__gamma_0.1__diffuse_blur_js_0.15,cx0.25_cy0.25_layoutA,0.1,diffuse_blur,,0.15,3.7977361443542,0.6499169059115921,0.6339607394351541,0.5542112876484193,0.22756225927237125,0.6499169059115921,0.5707203196010512,0.39776451971245774
cx0.25_cy0.25_layoutA__gamma_0.1__false_hotspot_x_js_0.05,cx0.25_cy0.25_layoutA,0.1,false_hotspot,x,0.05,3.5532199187410596,0.7705363744041013,0.7351173650447338,0.6163624731540205,0.32774225043470956,0.7705363744041013,0.6440206287829043,0.49357621456376555
cx0.25_cy0.25_layoutA__gamma_0.1__false_hotspot_x_js_0.1,cx0.25_cy0.25_layoutA,0.1,false_hotspot,x,0.1,3.5170117551357056,0.676339183599939,0.6577205949796536,0.5636829212318674,0.24456112788356357,0.676339183599939,0.5892381751537779,0.4411390172936464
cx0.25_cy0.25_layoutA__gamma_0.1__false_hotspot_x_js_0.15,cx0.25_cy0.25_layoutA,0.1,false_hotspot,x,0.15,3.5211300380509845,0.6425010850101913,0.6179569772215321,0.5176207049304312,0.22241094453664795,0.6425010850101913,0.545434221416125,0.4016940819011214
cx0.25_cy0.25_layoutA__gamma_0.1__false_hotspot_y_js_0.05,cx0.25_cy0.25_layoutA,0.1,false_hotspot,y,0.05,3.5532199186205107,0.6870258733173548,0.6729406000686798,0.5758597241961136,0.31080594778829945,0.6870258733173548,0.613322206140407,0.4602366830674139
cx0.25_cy0.25_layoutA__gamma_0.1__false_hotspot_y_js_0.1,cx0.25_cy0.25_layoutA,0.1,false_hotspot,y,0.1,3.5170117551005333,0.6465041494401496,0.6282952974325855,0.5227015627443997,0.23239231541305413,0.6465041494401496,0.5589896454444192,0.4228782592946418
cx0.25_cy0.25_layoutA__gamma_0.1__false_hotspot_y_js_0.15,cx0.25_cy0.25_layoutA,0.1,false_hotspot,y,0.15,3.5211269551157756,0.6289123278151516,0.6054222703989247,0.48517248319776,0.1538531951601885,0.6289123278151516,0.538341621719137,0.39297279267096735
cx0.25_cy0.25_layoutA__gamma_0.1__false_negative_suppression_x_js_0.05,cx0.25_cy0.25_layoutA,0.1,false_negative_suppression,x,0.05,3.0236289620065397,0.6937342338676541,0.6599722826772769,0.5375785661533571,0.2884831882417828,0.6937342338676541,0.5923381396106887,0.4224265361723797
cx0.25_cy0.25_layoutA__gamma_0.1__false_negative_suppression_x_js_0.1,cx0.25_cy0.25_layoutA,0.1,false_negative_suppression,x,0.1,2.8723596560860014,0.668716934240277,0.6359090233470117,0.5291077471380733,0.22410296189284973,0.668716934240277,0.5299676124805371,0.3616920357948793
cx0.25_cy0.25_layoutA__gamma_0.1__false_negative_suppression_x_js_0.15,cx0.25_cy0.25_layoutA,0.1,false_negative_suppression,x,0.15,2.7462920294394815,0.6370537919797865,0.6141537533811147,0.5115291871272378,0.1671735806539451,0.6370537919797865,0.48331562235060244,0.30755897790260966
cx0.25_cy0.25_layoutA__gamma_0.1__false_negative_suppression_y_js_0.05,cx0.25_cy0.25_layoutA,0.1,false_negative_suppression,y,0.05,3.0151534065939196,0.7132486123456551,0.6878302755863613,0.5969631537204294,0.3937153343253825,0.7132486123456551,0.6119880380222606,0.4613615143110641
cx0.25_cy0.25_layoutA__gamma_0.1__false_negative_suppression_y_js_0.1,cx0.25_cy0.25_layoutA,0.1,false_negative_suppression,y,0.1,2.8723596560649876,0.6463085022106027,0.6330473388687043,0.5709513201974484,0.3532547678195977,0.6463085022106027,0.5420210463944375,0.3758934845676894
cx0.25_cy0.25_layoutA__gamma_0.1__false_negative_suppression_y_js_0.15,cx0.25_cy0.25_layoutA,0.1,false_negative_suppression,y,0.15,2.7462920292843043,0.6230477041743518,0.6087370915522158,0.5494147923763483,0.34842478590884657,0.6230477041743518,0.5054143543641806,0.33453864659416904
cx0.25_cy0.25_layoutA__gamma_0.1__oracle,cx0.25_cy0.25_layoutA,0.1,oracle,,0.0,3.3287601056735165,0.7432228825295177,0.717251993474043,0.5851535815994547,0.3251530332705077,0.7432228825295177,0.589992393651838,0.45035657924078115
cx0.25_cy0.25_layoutA__gamma_0.1__spatial_shift_x_js_0.05,cx0.25_cy0.25_layoutA,0.1,spatial_shift,x,0.05,3.378502270118265,0.6721003916089565,0.6549479142893897,0.5787882164790512,0.358422543124596,0.6721003916089565,0.5459508150444139,0.46024615315217837
cx0.25_cy0.25_layoutA__gamma_0.1__spatial_shift_x_js_0.1,cx0.25_cy0.25_layoutA,0.1,spatial_shift,x,0.1,3.388377880685943,0.6302929568398857,0.6049935214078197,0.5338630409995397,0.32287632369305247,0.6302929568398857,0.5705821598642972,0.4439031609770263
cx0.25_cy0.25_layoutA__gamma_0.1__spatial_shift_x_js_0.15,cx0.25_cy0.25_layoutA,0.1,spatial_shift,x,0.15,3.459776547197017,0.6129276036824606,0.5960418930621041,0.5151308936014746,0.2950299008476809,0.6129276036824606,0.5474944636681444,0.40839068707387455
cx0.25_cy0.25_layoutA__gamma_0.1__spatial_shift_y_js_0.05,cx0.25_cy0.25_layoutA,0.1,spatial_shift,y,0.05,3.3524022082702825,0.7314973533984318,0.6996093953456824,0.5377215247450932,0.22392086229114355,0.7314973533984318,0.6061566391476741,0.44910084635184866
cx0.25_cy0.25_layoutA__gamma_0.1__spatial_shift_y_js_0.1,cx0.25_cy0.25_layoutA,0.1,spatial_shift,y,0.1,3.3892793460767887,0.7178043481736782,0.6781055400311591,0.5151516598434112,0.1584659899480129,0.7178043481736782,0.5944275942191256,0.4198621187427014
cx0.25_cy0.25_layoutA__gamma_0.1__spatial_shift_y_js_0.15,cx0.25_cy0.25_layoutA,0.1,spatial_shift,y,0.15,3.4542165499023647,0.6925201352352103,0.6596461635109836,0.49483521720600065,0.13063503154973286,0.6925201352352103,0.5664794746094448,0.40409584734284343
cx0.25_cy0.25_layoutA__gamma_0.1__uniform_prior_baseline,cx0.25_cy0.25_layoutA,0.1,uniform_prior_baseline,,,3.8562554930800657,0.6344468712854555,0.6177021625654994,0.5237648980737406,0.17585840099727446,0.6344468712854555,0.5465429049911779,0.3815867656239082
cx0.25_cy0.25_layoutB__gamma_0.05__diffuse_blur_js_0.05,cx0.25_cy0.25_layoutB,0.05,diffuse_blur,,0.05,6.036892433467686,0.8183358306768453,0.8044385021254103,0.7188540732030575,0.42751472367189497,0.8183358306768453,0.7276767439025675,0.6131604440262918
cx0.25_cy0.25_layoutB__gamma_0.05__diffuse_blur_js_0.1,cx0.25_cy0.25_layoutB,0.05,diffuse_blur,,0.1,4.440179769115272,0.7154310970975717,0.6960004046072952,0.5821313842246999,0.11677081612666305,0.7154310970975717,0.644628600525049,0.5661652130017393
cx0.25_cy0.25_layoutB__gamma_0.05__diffuse_blur_js_0.15,cx0.25_cy0.25_layoutB,0.05,diffuse_blur,,0.15,4.741914112386511,0.703888798642481,0.6821345513756525,0.5951468313129593,0.3299868594781578,0.703888798642481,0.5653851009452621,0.37127234273625104
cx0.25_cy0.25_layoutB__gamma_0.05__false_hotspot_x_js_0.05,cx0.25_cy0.25_layoutB,0.05,false_hotspot,x,0.05,4.546012629496828,0.7676287532111649,0.7490210229705211,0.6514379443687173,0.3129151654080087,0.7676287532111649,0.5970051533581372,0.4914477859847364
cx0.25_cy0.25_layoutB__gamma_0.05__false_hotspot_x_js_0.1,cx0.25_cy0.25_layoutB,0.05,false_hotspot,x,0.1,4.585391378793227,0.7777826652762758,0.7503331214219061,0.6315024207405665,0.2650412208283651,0.7777826652762758,0.6314238993709635,0.5179366013699804
cx0.25_cy0.25_layoutB__gamma_0.05__false_hotspot_x_js_0.15,cx0.25_cy0.25_layoutB,0.05,false_hotspot,x,0.15,4.648482289818485,0.7199421492885194,0.6968204423918665,0.6151674709675572,0.25506208197082975,0.7199421492885194,0.6488556797134939,0.5037267851150333
cx0.25_cy0.25_layoutB__gamma_0.05__false_hotspot_y_js_0.05,cx0.25_cy0.25_layoutB,0.05,false_hotspot,y,0.05,6.5000404895732595,0.8323139324334746,0.8245096166651527,0.7430519510870404,0.37451144412784354,0.8323139324334746,0.6559926051755445,0.48025067620595385
cx0.25_cy0.25_layoutB__gamma_0.05__false_hotspot_y_js_0.1,cx0.25_cy0.25_layoutB,0.05,false_hotspot,y,0.1,6.375552450156284,0.8802691898065512,0.8675053220334838,0.753146474409234,0.2457135374206377,0.8802691898065512,0.6969126260516871,0.4944219019734651
cx0.25_cy0.25_layoutB__gamma_0.05__false_hotspot_y_js_0.15,cx0.25_cy0.25_layoutB,0.05,false_hotspot,y,0.15,6.694852506183876,0.8728093139336165,0.8554356439889026,0.7292777215827406,0.14377440130262284,0.8728093139336165,0.725702996204709,0.5044088600671378
cx0.25_cy0.25_layoutB__gamma_0.05__false_negative_suppression_x_js_0.05,cx0.25_cy0.25_layoutB,0.05,false_negative_suppression,x,0.05,3.9581956956620252,0.7587745186816456,0.7440125425237989,0.6550553503093471,0.20916951846938642,0.7587745186816456,0.6188788528187177,0.5203774471899996
cx0.25_cy0.25_layoutB__gamma_0.05__false_negative_suppression_x_js_0.1,cx0.25_cy0.25_layoutB,0.05,false_negative_suppression,x,0.1,4.050995179617104,0.7039470284480529,0.6924197338856319,0.5992530375202973,0.12931648862795897,0.7039470284480529,0.5578835544133133,0.48219155031890754
cx0.25_cy0.25_layoutB__gamma_0.05__false_negative_suppression_x_js_0.15,cx0.25_cy0.25_layoutB,0.05,false_negative_suppression,x,0.15,4.20135521077354,0.7853629899528454,0.7630633984285192,0.6010292015325172,0.11238337462786603,0.7853629899528454,0.6623634728109127,0.4943260873922206
cx0.25_cy0.25_layoutB__gamma_0.05__false_negative_suppression_y_js_0.05,cx0.25_cy0.25_layoutB,0.05,false_negative_suppression,y,0.05,3.887097238672019,0.7856901707222157,0.7556122036054159,0.6770292291166157,0.3327603013313857,0.7856901707222157,0.6597318080678893,0.5745852836590346
cx0.25_cy0.25_layoutB__gamma_0.05__false_negative_suppression_y_js_0.1,cx0.25_cy0.25_layoutB,0.05,false_negative_suppression,y,0.1,4.025971472910843,0.724137474536892,0.7030883793100047,0.6302167349713972,0.3027231446536153,0.724137474536892,0.6259360927441361,0.5648181613668491
cx0.25_cy0.25_layoutB__gamma_0.05__false_negative_suppression_y_js_0.15,cx0.25_cy0.25_layoutB,0.05,false_negative_suppression,y,0.15,4.410791734301063,0.6865533293599451,0.675134142128891,0.6026889457987463,0.22614003984150519,0.6865533293599451,0.6210721672328149,0.5652080171098406
cx0.25_cy0.25_layoutB__gamma_0.05__oracle,cx0.25_cy0.25_layoutB,0.05,oracle,,0.0,4.375367568309029,0.7925758629726064,0.7820500714143626,0.6715625460810963,0.30309251542933247,0.7925758629726064,0.6314036290363927,0.4696683124400617
cx0.25_cy0.25_layoutB__gamma_0.05__spatial_shift_x_js_0.05,cx0.25_cy0.25_layoutB,0.05,spatial_shift,x,0.05,4.362026424392978,0.7569514671137637,0.7355455955507584,0.6163248546719093,0.36771258335809254,0.7569514671137637,0.5885006200262546,0.5217047703978321
cx0.25_cy0.25_layoutB__gamma_0.05__spatial_shift_x_js_0.1,cx0.25_cy0.25_layoutB,0.05,spatial_shift,x,0.1,4.398929482305972,0.6799378826504504,0.6591435081400571,0.5677966438587044,0.33708588203454687,0.6799378826504504,0.5977556102507794,0.5286515191291361
cx0.25_cy0.25_layoutB__gamma_0.05__spatial_shift_x_js_0.15,cx0.25_cy0.25_layoutB,0.05,spatial_shift,x,0.15,4.467801323705839,0.6459875076126773,0.6223712307872098,0.5428289157327564,0.2987763223824149,0.6459875076126773,0.6036110790404943,0.5192160124168117
cx0.25_cy0.25_layoutB__gamma_0.05__spatial_shift_y_js_0.05,cx0.25_cy0.25_layoutB,0.05,spatial_shift,y,0.05,6.422635630743697,0.9066322452818038,0.898597834579913,0.7873787267396497,0.2634608042876345,0.9066322452818038,0.819528484042717,0.6562706145694248
cx0.25_cy0.25_layoutB__gamma_0.05__spatial_shift_y_js_0.1,cx0.25_cy0.25_layoutB,0.05,spatial_shift,y,0.1,6.4365842692152535,0.8450145095679253,0.8309408697452114,0.743733945416224,0.26241250540062205,0.8450145095679253,0.7000618172329384,0.49937781956888744
cx0.25_cy0.25_layoutB__gamma_0.05__spatial_shift_y_js_0.15,cx0.25_cy0.25_layoutB,0.05,spatial_shift,y,0.15,6.377435382862169,0.8689009641366277,0.845955407994405,0.7398438428821386,0.1808318557342151,0.8689009641366277,0.758150322463064,0.578565423975931
cx0.25_cy0.25_layoutB__gamma_0.05__uniform_prior_baseline,cx0.25_cy0.25_layoutB,0.05,uniform_prior_baseline,,,4.624327569415376,0.6711220905272905,0.6473806887077422,0.5623708216014806,0.24776776123353872,0.6711220905272905,0.554444897264192,0.3785489103366292
cx0.25_cy0.25_layoutB__gamma_0.1__diffuse_blur_js_0.05,cx0.25_cy0.25_layoutB,0.1,diffuse_blur,,0.05,3.689606562608244,0.7942669082743836,0.7643910926208767,0.6456992019403733,0.3107979828938835,0.7942669082743836,0.6780007304974089,0.5721877093315174
cx0.25_cy0.25_layoutB__gamma_0.1__diffuse_blur_js_0.1,cx0.25_cy0.25_layoutB,0.1,diffuse_blur,,0.1,3.739090018150833,0.7427727281617995,0.71992055874387,0.6296583389334275,0.20629698042368091,0.7427727281617995,0.6678792007731318,0.5293357873879052
cx0.25_cy0.25_layoutB__gamma_0.1__diffuse_blur_js_0.15,cx0.25_cy0.25_layoutB,0.1,diffuse_blur,,0.15,4.160167562041264,0.6381124463750755,0.6205279766891063,0.5308357535449165,0.24872941052949477,0.6381124463750755,0.5225633387551731,0.3637056917883856
cx0.25_cy0.25_layoutB__gamma_0.1__false_hotspot_x_js_0.05,cx0.25_cy0.25_layoutB,0.1,false_hotspot,x,0.05,3.572414407490187,0.7842324570104999,0.7454097774717149,0.6267795765547355,0.33367123939271626,0.7842324570104999,0.6507595926185381,0.5159384693458855
cx0.25_cy0.25_layoutB__gamma_0.1__false_hotspot_x_js_0.1,cx0.25_cy0.25_layoutB,0.1,false_hotspot,x,0.1,3.5296655223320097,0.679828364403852,0.6563680470951788,0.570655786289767,0.2516022943187755,0.679828364403852,0.5948446914109436,0.44855223340602823
cx0.25_cy0.25_layoutB__gamma_0.1__false_hotspot_x_js_0.15,cx0.25_cy0.25_layoutB,0.1,false_hotspot,x,0.15,3.535049150796846,0.6364708299991181,0.6195305606012249,0.5177156627267604,0.21640154481078588,0.6364708299991181,0.5462896375562799,0.4085898150086007
cx0.25_cy0.25_layoutB__gamma_0.1__false_hotspot_y_js_0.05,cx0.25_cy0.25_layoutB,0.1,false_hotspot,y,0.05,5.460129098146729,0.753466078823076,0.7330428862021934,0.6526925137518851,0.40184369583453305,0.753466078823076,0.6684369494014265,0.48956308715462754
cx0.25_cy0.25_layoutB__gamma_0.1__false_hotspot_y_js_0.1,cx0.25_cy0.25_layoutB,0.1,false_hotspot,y,0.1,5.198056323626394,0.7204226903111906,0.6982489527184382,0.6313551110817591,0.4041221933268389,0.7204226903111906,0.6433451561724572,0.45490241232115736
cx0.25_cy0.25_layoutB__gamma_0.1__false_hotspot_y_js_0.15,cx0.25_cy0.25_layoutB,0.1,false_hotspot,y,0.15,5.29186743194753,0.7004451917907127,0.676389356239928,0.6052286770405751,0.33551479387868627,0.7004451917907127,0.6011143382712306,0.43003502843713426
cx0.25_cy0.25_layoutB__gamma_0.1__false_negative_suppression_x_js_0.05,cx0.25_cy0.25_layoutB,0.1,false_negative_suppression,x,0.05,3.169021764788256,0.7273694687777423,0.7027386339808795,0.5817530442260276,0.24700819435910407,0.7273694687777423,0.601666525962016,0.45747404385784773
cx0.25_cy0.25_layoutB__gamma_0.1__false_negative_suppression_x_js_0.1,cx0.25_cy0.25_layoutB,0.1,false_negative_suppression,x,0.1,3.096355375212036,0.7096737679871764,0.6779414991373797,0.569642337972385,0.13133654546539883,0.7096737679871764,0.5766130812978851,0.41091145356780834
cx0.25_cy0.25_layoutB__gamma_0.1__false_negative_suppression_x_js_0.15,cx0.25_cy0.25_layoutB,0.1,false_negative_suppression,x,0.15,3.077791672717058,0.7054653759835241,0.6759573167812346,0.5529311873315265,0.11993898090499058,0.7054653759835241,0.563919173139018,0.38432820935500955
cx0.25_cy0.25_layoutB__gamma_0.1__false_negative_suppression_y_js_0.05,cx0.25_cy0.25_layoutB,0.1,false_negative_suppression,y,0.05,3.1297597652684583,0.6833647050414896,0.6605233885488346,0.5980472245879995,0.3679005611066711,0.6833647050414896,0.5945915834185136,0.4433197203723422
cx0.25_cy0.25_layoutB__gamma_0.1__false_negative_suppression_y_js_0.1,cx0.25_cy0.25_layoutB,0.1,false_negative_suppression,y,0.1,2.9557265508721398,0.6387395966211656,0.6250954659127208,0.5575565720244181,0.35598822399702423,0.6387395966211656,0.5365182414659578,0.3628241332146952
cx0.25_cy0.25_layoutB__gamma_0.1__false_negative_suppression_y_js_0.15,cx0.25_cy0.25_layoutB,0.1,false_negative_suppression,y,0.15,2.812358544336216,0.6101482531838619,0.5964489695852376,0.5235078325192962,0.3385573210860414,0.6101482531838619,0.47950660721579874,0.31497421362213507
cx0.25_cy0.25_layoutB__gamma_0.1__oracle,cx0.25_cy0.25_layoutB,0.1,oracle,,0.0,3.5296588200233967,0.8056768687144837,0.7782759809792525,0.6456025429455675,0.32570682240085536,0.8056768687144837,0.678609225905523,0.5293681896232073
cx0.25_cy0.25_layoutB__gamma_0.1__spatial_shift_x_js_0.05,cx0.25_cy0.25_layoutB,0.1,spatial_shift,x,0.05,3.478447094541845,0.7221538947882881,0.691584757713294,0.5912742796499169,0.35182946276446386,0.7221538947882881,0.5892270275131323,0.48985339458426813
cx0.25_cy0.25_layoutB__gamma_0.1__spatial_shift_x_js_0.1,cx0.25_cy0.25_layoutB,0.1,spatial_shift,x,0.1,3.4549307316091067,0.6486673311959675,0.6238615323703612,0.548588578800186,0.31570232223090255,0.6486673311959675,0.5819709236495527,0.47682625807592915
cx0.25_cy0.25_layoutB__gamma_0.1__spatial_shift_x_js_0.15,cx0.25_cy0.25_layoutB,0.1,spatial_shift,x,0.15,3.4773220848763033,0.6348433253770632,0.622817303693768,0.5591933859178243,0.28611993176595496,0.6348433253770632,0.5865946308923119,0.46492246417363703
cx0.25_cy0.25_layoutB__gamma_0.1__spatial_shift_y_js_0.05,cx0.25_cy0.25_layoutB,0.1,spatial_shift,y,0.05,5.977149278995813,0.8306206660084677,0.8205629849806179,0.7265378887918539,0.2946272195004946,0.8306206660084677,0.6727337545712723,0.4607180270114254
cx0.25_cy0.25_layoutB__gamma_0.1__spatial_shift_y_js_0.1,cx0.25_cy0.25_layoutB,0.1,spatial_shift,y,0.1,5.235999555980814,0.7656722273046297,0.7407407130811523,0.633949428974183,0.37664633336657155,0.7656722273046297,0.6549150451369765,0.47238748672928366
cx0.25_cy0.25_layoutB__gamma_0.1__spatial_shift_y_js_0.15,cx0.25_cy0.25_layoutB,0.1,spatial_shift,y,0.15,5.261603830722627,0.7272610125321463,0.7003051807641895,0.5829724467754891,0.2913732533584126,0.7272610125321463,0.5882778740621367,0.4244064150136774
cx0.25_cy0.25_layoutB__gamma_0.1__uniform_prior_baseline,cx0.25_cy0.25_layoutB,0.1,uniform_prior_baseline,,,3.994932261844465,0.6222564468683925,0.6046755819672367,0.5137808353995621,0.1880809869840688,0.6222564468683925,0.5202744570638684,0.36941916646697176
cx0.25_cy0.25_layoutC__gamma_0.05__diffuse_blur_js_0.05,cx0.25_cy0.25_layoutC,0.05,diffuse_blur,,0.05,7.113970100109777,0.7494925824891985,0.7143176673491902,0.6261714437949636,0.3771555140393438,0.7494925824891985,0.6142326986753316,0.5569170176687209
cx0.25_cy0.25_layoutC__gamma_0.05__diffuse_blur_js_0.1,cx0.25_cy0.25_layoutC,0.05,diffuse_blur,,0.1,4.425534861241192,0.7054796049237216,0.6840698850927701,0.571864945969503,0.11633403852972067,0.7054796049237216,0.6481465914079549,0.5660680779516335
cx0.25_cy0.25_layoutC__gamma_0.05__diffuse_blur_js_0.15,cx0.25_cy0.25_layoutC,0.05,diffuse_blur,,0.15,4.873919419633279,0.698323298066497,0.6747418804503039,0.5809332918142274,0.2861296646724943,0.698323298066497,0.5575303998796302,0.3598397756533106
cx0.25_cy0.25_layoutC__gamma_0.05__false_hotspot_x_js_0.05,cx0.25_cy0.25_layoutC,0.05,false_hotspot,x,0.05,6.214250743189186,0.7708655938427754,0.7508980381106434,0.6629226185065682,0.35951940485557454,0.7708655938427754,0.5942655933914285,0.45026958495018865
cx0.25_cy0.25_layoutC__gamma_0.05__false_hotspot_x_js_0.1,cx0.25_cy0.25_layoutC,0.05,false_hotspot,x,0.1,4.581603224355759,0.7603905256769858,0.7351619932952544,0.6194727720938906,0.26294267982003006,0.7603905256769858,0.629818046634139,0.5377053892560588
cx0.25_cy0.25_layoutC__gamma_0.05__false_hotspot_x_js_0.15,cx0.25_cy0.25_layoutC,0.05,false_hotspot,x,0.15,4.694802870224221,0.7267926230436381,0.7005560371803854,0.6284467532077226,0.32585325069698917,0.7267926230436381,0.6513041118187497,0.5101527285470777
cx0.25_cy0.25_layoutC__gamma_0.05__false_hotspot_y_js_0.05,cx0.25_cy0.25_layoutC,0.05,false_hotspot,y,0.05,6.977846124783433,0.7962886433487021,0.7811091443267859,0.6910668282231279,0.36850318185685654,0.7962886433487021,0.6140166330555851,0.4557203725271929
cx0.25_cy0.25_layoutC__gamma_0.05__false_hotspot_y_js_0.1,cx0.25_cy0.25_layoutC,0.05,false_hotspot,y,0.1,6.920737322454177,0.8144887476736014,0.7989524675490872,0.7094606029203845,0.2659942758387063,0.8144887476736014,0.6431445972672384,0.47011501116570403
cx0.25_cy0.25_layoutC__gamma_0.05__false_hotspot_y_js_0.15,cx0.25_cy0.25_layoutC,0.05,false_hotspot,y,0.15,7.129334274679434,0.8733119565956668,0.8351994654136037,0.6348542132859398,0.14150463436142086,0.8733119565956668,0.77838718639837,0.5949526583526037
cx0.25_cy0.25_layoutC__gamma_0.05__false_negative_suppression_x_js_0.05,cx0.25_cy0.25_layoutC,0.05,false_negative_suppression,x,0.05,4.0695024333392205,0.701111269946826,0.6933038647519468,0.623422632793627,0.1740638488803019,0.701111269946826,0.5503312754957833,0.4682057592963351
cx0.25_cy0.25_layoutC__gamma_0.05__false_negative_suppression_x_js_0.1,cx0.25_cy0.25_layoutC,0.05,false_negative_suppression,x,0.1,4.1250858123209735,0.8080960509996189,0.7800135337548721,0.6147103072298211,0.12878644066344086,0.8080960509996189,0.7214887455547753,0.5584294963675828
cx0.25_cy0.25_layoutC__gamma_0.05__false_negative_suppression_x_js_0.15,cx0.25_cy0.25_layoutC,0.05,false_negative_suppression,x,0.15,4.191754186049397,0.7742525320578004,0.7532617889475671,0.5954157081432492,0.11043765359001535,0.7742525320578004,0.6557464398277386,0.48880070987788643
cx0.25_cy0.25_layoutC__gamma_0.05__false_negative_suppression_y_js_0.05,cx0.25_cy0.25_layoutC,0.05,false_negative_suppression,y,0.05,3.963201999647903,0.7282968934596974,0.7107522803411979,0.6420126208261191,0.3024383626058361,0.7282968934596974,0.6029152375751375,0.5441794066022874
cx0.25_cy0.25_layoutC__gamma_0.05__false_negative_suppression_y_js_0.1,cx0.25_cy0.25_layoutC,0.05,false_negative_suppression,y,0.1,4.027412417665172,0.6995051643139536,0.6765597512730581,0.6189999390116154,0.2784281712621175,0.6995051643139536,0.6048921597293331,0.55318471322746
cx0.25_cy0.25_layoutC__gamma_0.05__false_negative_suppression_y_js_0.15,cx0.25_cy0.25_layoutC,0.05,false_negative_suppression,y,0.15,4.36878132584775,0.6764955970439183,0.6687653601706448,0.5975081913640812,0.22533566866694005,0.6764955970439183,0.6043474951332197,0.5591622788048363
cx0.25_cy0.25_layoutC__gamma_0.05__oracle,cx0.25_cy0.25_layoutC,0.05,oracle,,0.0,8.558490071919177,0.865092621370929,0.8525874050435264,0.766699955587003,0.5527983522074876,0.865092621370929,0.7048795165160332,0.6019281838473811
cx0.25_cy0.25_layoutC__gamma_0.05__spatial_shift_x_js_0.05,cx0.25_cy0.25_layoutC,0.05,spatial_shift,x,0.05,5.799233124590254,0.7216260272984503,0.7135153871303437,0.6617560807874143,0.4084489735619008,0.7216260272984503,0.62754856114136,0.5314779117050669
cx0.25_cy0.25_layoutC__gamma_0.05__spatial_shift_x_js_0.1,cx0.25_cy0.25_layoutC,0.05,spatial_shift,x,0.1,5.638266490402114,0.6600964796338742,0.6505019082251533,0.6001022100574089,0.38552134220229345,0.6600964796338742,0.6100020824849604,0.49469881335318333
cx0.25_cy0.25_layoutC__gamma_0.05__spatial_shift_x_js_0.15,cx0.25_cy0.25_layoutC,0.05,spatial_shift,x,0.15,5.633502767559306,0.6681256937708855,0.6554794332222367,0.5923237631393501,0.36506518699169593,0.6681256937708855,0.6031772379940668,0.4805546430500842
cx0.25_cy0.25_layoutC__gamma_0.05__spatial_shift_y_js_0.05,cx0.25_cy0.25_layoutC,0.05,spatial_shift,y,0.05,7.483182031414275,0.8464505898403569,0.8302628098969322,0.7074944379973717,0.38292570570931683,0.8464505898403569,0.6966723601262562,0.5262595563881031
cx0.25_cy0.25_layoutC__gamma_0.05__spatial_shift_y_js_0.1,cx0.25_cy0.25_layoutC,0.05,spatial_shift,y,0.1,7.084593945556077,0.8460258301296857,0.8205045681909897,0.7002310692099109,0.33474826162120414,0.8460258301296857,0.6873502992134697,0.5058940801666276
cx0.25_cy0.25_layoutC__gamma_0.05__spatial_shift_y_js_0.15,cx0.25_cy0.25_layoutC,0.05,spatial_shift,y,0.15,8.38002866280783,0.8771378779271182,0.8531444810575001,0.7477333130256832,0.26715220448472143,0.8771378779271182,0.7670079818943839,0.5931301140246421
cx0.25_cy0.25_layoutC__gamma_0.05__uniform_prior_baseline,cx0.25_cy0.25_layoutC,0.05,uniform_prior_baseline,,,4.68142321799549,0.6636977063078299,0.6376788481933444,0.5418778567405454,0.18820853142651828,0.6636977063078299,0.5479204836630153,0.370877951868073
cx0.25_cy0.25_layoutC__gamma_0.1__diffuse_blur_js_0.05,cx0.25_cy0.25_layoutC,0.1,diffuse_blur,,0.05,3.792792677136348,0.7567499617431459,0.7384126117091863,0.623226754276361,0.22110945375000918,0.7567499617431459,0.6458794240315975,0.5584460797517382
cx0.25_cy0.25_layoutC__gamma_0.1__diffuse_blur_js_0.1,cx0.25_cy0.25_layoutC,0.1,diffuse_blur,,0.1,3.723763751263899,0.7297918672821763,0.7030195576836088,0.6107648916643856,0.18255874794636978,0.7297918672821763,0.6513551532348978,0.5116870604439065
cx0.25_cy0.25_layoutC__gamma_0.1__diffuse_blur_js_0.15,cx0.25_cy0.25_layoutC,0.1,diffuse_blur,,0.15,4.112246967483016,0.6325245664510631,0.6086961371347659,0.5183715237943537,0.19203220285285827,0.6325245664510631,0.5349341860081586,0.3611540422987881
cx0.25_cy0.25_layoutC__gamma_0.1__false_hotspot_x_js_0.05,cx0.25_cy0.25_layoutC,0.1,false_hotspot,x,0.05,3.584566579074853,0.7737318353731573,0.7437343560298495,0.61064698653181,0.32197711926588757,0.7737318353731573,0.6447890727119311,0.5018337684262885
cx0.25_cy0.25_layoutC__gamma_0.1__false_hotspot_x_js_0.1,cx0.25_cy0.25_layoutC,0.1,false_hotspot,x,0.1,3.5350478115649246,0.6876833611048656,0.6597771490658191,0.5692176210071321,0.24834546006209027,0.6876833611048656,0.5895158982623603,0.4429615067409416
cx0.25_cy0.25_layoutC__gamma_0.1__false_hotspot_x_js_0.15,cx0.25_cy0.25_layoutC,0.1,false_hotspot,x,0.15,3.539609472855486,0.6440141578084537,0.6252217083954797,0.5234267829492849,0.22894811341525945,0.6440141578084537,0.5446577962599798,0.40358578199642653
cx0.25_cy0.25_layoutC__gamma_0.1__false_hotspot_y_js_0.05,cx0.25_cy0.25_layoutC,0.1,false_hotspot,y,0.05,5.869146024157523,0.8555188628369131,0.8238725970092392,0.6930838595827431,0.27441676891147193,0.8555188628369131,0.6981964349886678,0.47703139502849445
cx0.25_cy0.25_layoutC__gamma_0.1__false_hotspot_y_js_0.1,cx0.25_cy0.25_layoutC,0.1,false_hotspot,y,0.1,5.626571987219964,0.7946795556399031,0.7668188690540493,0.6853070063905771,0.29025216221420647,0.7946795556399031,0.6833341892566628,0.5070929796399445
cx0.25_cy0.25_layoutC__gamma_0.1__false_hotspot_y_js_0.15,cx0.25_cy0.25_layoutC,0.1,false_hotspot,y,0.15,5.755742477467473,0.7296756274246606,0.7071092216803326,0.640033526554223,0.3390585334457863,0.7296756274246606,0.6417744335047718,0.44471134394727996
cx0.25_cy0.25_layoutC__gamma_0.1__false_negative_suppression_x_js_0.05,cx0.25_cy0.25_layoutC,0.1,false_negative_suppression,x,0.05,3.4101232073572314,0.7886430400489886,0.7542823723583699,0.6234263274632772,0.18187577443856145,0.7886430400489886,0.68145755632621,0.52889798159659
cx0.25_cy0.25_layoutC__gamma_0.1__false_negative_suppression_x_js_0.1,cx0.25_cy0.25_layoutC,0.1,false_negative_suppression,x,0.1,3.342659009015253,0.7828554487030757,0.7546086070517403,0.6214207701667307,0.13166450728151557,0.7828554487030757,0.6779021458454768,0.49827128663415654
cx0.25_cy0.25_layoutC__gamma_0.1__false_negative_suppression_x_js_0.15,cx0.25_cy0.25_layoutC,0.1,false_negative_suppression,x,0.15,3.3337713246082417,0.7782826667411988,0.7500457548863263,0.6349218107593143,0.12195236666687542,0.7782826667411988,0.6717047627496286,0.47578784456907197
cx0.25_cy0.25_layoutC__gamma_0.1__false_negative_suppression_y_js_0.05,cx0.25_cy0.25_layoutC,0.1,false_negative_suppression,y,0.05,3.2757841458672448,0.7532248735629412,0.7210797895215312,0.6451266374427177,0.3434622932531558,0.7532248735629412,0.6474362388669631,0.49614336875066434
cx0.25_cy0.25_layoutC__gamma_0.1__false_negative_suppression_y_js_0.1,cx0.25_cy0.25_layoutC,0.1,false_negative_suppression,y,0.1,3.0882617351805903,0.6715314321808832,0.6550117941095982,0.5991699868929958,0.36236200279477443,0.6715314321808832,0.5565308822403037,0.40425696563383423
cx0.25_cy0.25_layoutC__gamma_0.1__false_negative_suppression_y_js_0.15,cx0.25_cy0.25_layoutC,0.1,false_negative_suppression,y,0.15,2.9378881870153775,0.624642706551148,0.6069035735769219,0.5424412752659968,0.34394935759401896,0.624642706551148,0.4961161500793244,0.33693688359915674
cx0.25_cy0.25_layoutC__gamma_0.1__oracle,cx0.25_cy0.25_layoutC,0.1,oracle,,0.0,3.8534305188635116,0.8028433815033907,0.7831031660952623,0.6777376119767633,0.2926873991972707,0.8028433815033907,0.6418167432008527,0.48319257062991294
cx0.25_cy0.25_layoutC__gamma_0.1__spatial_shift_x_js_0.05,cx0.25_cy0.25_layoutC,0.1,spatial_shift,x,0.05,3.6788719476145473,0.749525150052768,0.7353256250144993,0.619330229923388,0.29890502153806653,0.749525150052768,0.626693132345163,0.5191646420762076
cx0.25_cy0.25_layoutC__gamma_0.1__spatial_shift_x_js_0.1,cx0.25_cy0.25_layoutC,0.1,spatial_shift,x,0.1,3.6265443649663154,0.688523385935729,0.6747918191716916,0.5793915721092819,0.29492215334997096,0.688523385935729,0.6228842827512315,0.5064003405749095
cx0.25_cy0.25_layoutC__gamma_0.1__spatial_shift_x_js_0.15,cx0.25_cy0.25_layoutC,0.1,spatial_shift,x,0.15,3.6105822756594605,0.6599713598528048,0.6482916202010007,0.5705552437210846,0.29704505812365484,0.6599713598528048,0.6192903319427249,0.4903305775092446
cx0.25_cy0.25_layoutC__gamma_0.1__spatial_shift_y_js_0.05,cx0.25_cy0.25_layoutC,0.1,spatial_shift,y,0.05,6.266969223533957,0.8608926328231805,0.8382020609049463,0.7180495524180108,0.2898047495668753,0.8608926328231805,0.7347425012803221,0.5287294068978884
cx0.25_cy0.25_layoutC__gamma_0.1__spatial_shift_y_js_0.1,cx0.25_cy0.25_layoutC,0.1,spatial_shift,y,0.1,5.936706604728429,0.7994577089490484,0.7578272760947504,0.6318607329336472,0.2592202802598493,0.7994577089490484,0.6745675456429289,0.5207961934760074
cx0.25_cy0.25_layoutC__gamma_0.1__uniform_prior_baseline,cx0.25_cy0.25_layoutC,0.1,uniform_prior_baseline,,,3.9666641514126657,0.6205467031533682,0.6024645610050037,0.5106394771768571,0.17943448784757887,0.6205467031533682,0.5250248396520797,0.3571790876438091
cx0.25_cy0.75_layoutA__gamma_0.05__diffuse_blur_js_0.05,cx0.25_cy0.75_layoutA,0.05,diffuse_blur,,0.05,4.4979685117970325,0.7269558679045853,0.7087089303005534,0.5940920034687169,0.19406033347934626,0.7269558679045853,0.6642340629875227,0.6064189466954792
cx0.25_cy0.75_layoutA__gamma_0.05__diffuse_blur_js_0.1,cx0.25_cy0.75_layoutA,0.05,diffuse_blur,,0.1,4.233409487642066,0.724828480852075,0.7009477315926873,0.5637257743138101,0.23902237446924543,0.724828480852075,0.6918295938625287,0.603646289405893
cx0.25_cy0.75_layoutA__gamma_0.05__diffuse_blur_js_0.15,cx0.25_cy0.75_layoutA,0.05,diffuse_blur,,0.15,4.464338255548017,0.6262631227188263,0.6189985511539444,0.5189671909584161,0.16504702853562178,0.6262631227188263,0.5841101147592036,0.4317110722118107
cx0.25_cy0.75_layoutA__gamma_0.05__false_hotspot_x_js_0.05,cx0.25_cy0.75_layoutA,0.05,false_hotspot,x,0.05,4.781707258541877,0.8143461504341843,0.7794649393127152,0.6072906499209269,0.14479719441843847,0.8143461504341843,0.7394407624975698,0.5953931188867454
cx0.25_cy0.75_layoutA__gamma_0.05__false_hotspot_x_js_0.1,cx0.25_cy0.75_layoutA,0.05,false_hotspot,x,0.1,5.111378491086923,0.7473864016201897,0.7265046878438473,0.6691256099600821,0.21699640957953345,0.7473864016201897,0.7149403127603845,0.588900311996358
cx0.25_cy0.75_layoutA__gamma_0.05__false_hotspot_x_js_0.15,cx0.25_cy0.75_layoutA,0.05,false_hotspot,x,0.15,5.148186160436244,0.6413932349151019,0.6270327423243858,0.5465492317944742,0.19560256661509903,0.6413932349151019,0.6159025034460981,0.48730251470865726
cx0.25_cy0.75_layoutA__gamma_0.05__false_hotspot_y_js_0.05,cx0.25_cy0.75_layoutA,0.05,false_hotspot,y,0.05,4.397661169006906,0.6259930644295186,0.5949171234072321,0.47544433432198296,0.18848122860976138,0.6259930644295186,0.5406279882490245,0.5037820656021937
cx0.25_cy0.75_layoutA__gamma_0.05__false_hotspot_y_js_0.1,cx0.25_cy0.75_layoutA,0.05,false_hotspot,y,0.1,4.552233858252615,0.5284465578729666,0.515003594759329,0.4712241105952915,0.19502324366836518,0.5284465578729666,0.5132749717814504,0.42834443728334104
cx0.25_cy0.75_layoutA__gamma_0.05__false_hotspot_y_js_0.15,cx0.25_cy0.75_layoutA,0.05,false_hotspot,y,0.15,4.692514603832398,0.5649613331680797,0.549860128670025,0.46407012894967326,0.1427657489961643,0.5649613331680797,0.5128415134842788,0.40476925483714676
cx0.25_cy0.75_layoutA__gamma_0.05__false_negative_suppression_x_js_0.05,cx0.25_cy0.75_layoutA,0.05,false_negative_suppression,x,0.05,4.641661599087948,0.7018088896268511,0.6795886916367123,0.5282356990538462,0.1642569983502845,0.7018088896268511,0.6014832115717978,0.5603647275694519
cx0.25_cy0.75_layoutA__gamma_0.05__false_negative_suppression_x_js_0.1,cx0.25_cy0.75_layoutA,0.05,false_negative_suppression,x,0.1,4.8501262752772645,0.7558117994369535,0.7395198572960843,0.6438406801726532,0.2785923464772294,0.7558117994369535,0.7094242043936497,0.637126968835904
cx0.25_cy0.75_layoutA__gamma_0.05__false_negative_suppression_x_js_0.15,cx0.25_cy0.75_layoutA,0.05,false_negative_suppression,x,0.15,5.035349645575364,0.8238986712745657,0.8078544370616143,0.7117178437371235,0.23358648745026053,0.8238986712745657,0.7858507841776401,0.6260498771011787
cx0.25_cy0.75_layoutA__gamma_0.05__false_negative_suppression_y_js_0.05,cx0.25_cy0.75_layoutA,0.05,false_negative_suppression,y,0.05,4.667029393289366,0.765819107421186,0.7389758996089255,0.6116192186106194,0.26703853144930023,0.765819107421186,0.6611895589895683,0.5962411402466224
cx0.25_cy0.75_layoutA__gamma_0.05__false_negative_suppression_y_js_0.1,cx0.25_cy0.75_layoutA,0.05,false_negative_suppression,y,0.1,4.786420796158466,0.808235125234123,0.7816693344212113,0.6670577622972266,0.1923842177238054,0.808235125234123,0.7042938863010464,0.5836129198154765
cx0.25_cy0.75_layoutA__gamma_0.05__false_negative_suppression_y_js_0.15,cx0.25_cy0.75_layoutA,0.05,false_negative_suppression,y,0.15,4.731095311796226,0.8129199313369457,0.79084710738509,0.6690093683955978,0.10553961958945449,0.8129199313369457,0.702006498892731,0.5409391912533031
cx0.25_cy0.75_layoutA__gamma_0.05__oracle,cx0.25_cy0.75_layoutA,0.05,oracle,,0.0,5.35215656784166,0.8811123595667851,0.861305812690311,0.7799842890420376,0.44670000404917637,0.8811123595667851,0.8191626090043408,0.6861622229884939
cx0.25_cy0.75_layoutA__gamma_0.05__spatial_shift_x_js_0.05,cx0.25_cy0.75_layoutA,0.05,spatial_shift,x,0.05,5.0449049567025295,0.8875967723959628,0.8639349415038368,0.7414391337895094,0.3751629123421138,0.8875967723959628,0.8039269630886196,0.6064775457365688
cx0.25_cy0.75_layoutA__gamma_0.05__spatial_shift_x_js_0.1,cx0.25_cy0.75_layoutA,0.05,spatial_shift,x,0.1,4.9040142053813565,0.8872756147010409,0.8668456509531927,0.7316951733321351,0.37549235917232726,0.8872756147010409,0.7786741717760464,0.5800414772994392
cx0.25_cy0.75_layoutA__gamma_0.05__spatial_shift_x_js_0.15,cx0.25_cy0.75_layoutA,0.05,spatial_shift,x,0.15,4.805203140977673,0.8542075281949784,0.8342835741839673,0.6979621293823989,0.3580432492477621,0.8542075281949784,0.7322715032123791,0.5072579251451528
cx0.25_cy0.75_layoutA__gamma_0.05__spatial_shift_y_js_0.05,cx0.25_cy0.75_layoutA,0.05,spatial_shift,y,0.05,4.954490454213877,0.8114568239885904,0.7756987732624694,0.6564894988480932,0.3608647749240131,0.8114568239885904,0.690501632920587,0.5336710358362521
cx0.25_cy0.75_layoutA__gamma_0.05__spatial_shift_y_js_0.1,cx0.25_cy0.75_layoutA,0.05,spatial_shift,y,0.1,4.759207060724514,0.7775866110949204,0.7421806271108349,0.6003779894064846,0.3193430894891517,0.7775866110949204,0.649271046222766,0.4729934584437884
cx0.25_cy0.75_layoutA__gamma_0.05__spatial_shift_y_js_0.15,cx0.25_cy0.75_layoutA,0.05,spatial_shift,y,0.15,4.600181096978062,0.7327334790549855,0.7001167744654411,0.5614099350235451,0.3065316973897497,0.7327334790549855,0.5953410695717858,0.4300803991782997
cx0.25_cy0.75_layoutA__gamma_0.05__uniform_prior_baseline,cx0.25_cy0.75_layoutA,0.05,uniform_prior_baseline,,,4.523423783340837,0.4731938216419625,0.4642402877092922,0.3650942467877915,0.11809994762758232,0.4731938216419625,0.4279282576566532,0.3320747173885967
cx0.25_cy0.75_layoutA__gamma_0.1__diffuse_blur_js_0.05,cx0.25_cy0.75_layoutA,0.1,diffuse_blur,,0.05,3.5607125936115525,0.7241889152787081,0.6861134644180962,0.4970182616934126,0.05112603983200033,0.7241889152787081,0.6168474449387248,0.5433547344121705
cx0.25_cy0.75_layoutA__gamma_0.1__diffuse_blur_js_0.1,cx0.25_cy0.75_layoutA,0.1,diffuse_blur,,0.1,3.1844605693119536,0.732024434895536,0.6985980945148926,0.5702828919880679,0.09844105470468777,0.732024434895536,0.639079290970694,0.5321716872573157
cx0.25_cy0.75_layoutA__gamma_0.1__diffuse_blur_js_0.15,cx0.25_cy0.75_layoutA,0.1,diffuse_blur,,0.15,3.735497980010398,0.6648194918766243,0.6441041709494832,0.5449303985160628,0.2187284235872681,0.6648194918766243,0.5699465500974785,0.42660040736664623
cx0.25_cy0.75_layoutA__gamma_0.1__false_hotspot_x_js_0.05,cx0.25_cy0.75_layoutA,0.1,false_hotspot,x,0.05,3.6124553485990782,0.7570497475099782,0.7253368271862874,0.5377609281238952,0.06870988581045198,0.7570497475099782,0.6298243419910123,0.5180225952342431
cx0.25_cy0.75_layoutA__gamma_0.1__false_hotspot_x_js_0.1,cx0.25_cy0.75_layoutA,0.1,false_hotspot,x,0.1,3.7554822351275017,0.7580736013550892,0.7224544636145341,0.5463080894830237,0.06823672663919181,0.7580736013550892,0.6554093098584501,0.5240640917282114
cx0.25_cy0.75_layoutA__gamma_0.1__false_hotspot_x_js_0.15,cx0.25_cy0.75_layoutA,0.1,false_hotspot,x,0.15,4.492006577747068,0.561698199214808,0.5396142863716413,0.4545917261980904,0.21670011169058348,0.561698199214808,0.49050422517485104,0.39288679845576824
cx0.25_cy0.75_layoutA__gamma_0.1__false_hotspot_y_js_0.05,cx0.25_cy0.75_layoutA,0.1,false_hotspot,y,0.05,3.4047791091375075,0.7269979220179116,0.6969363503376619,0.4807806638599175,0.03948717297293334,0.7269979220179116,0.5882761378300887,0.45846972825103294
cx0.25_cy0.75_layoutA__gamma_0.1__false_hotspot_y_js_0.1,cx0.25_cy0.75_layoutA,0.1,false_hotspot,y,0.1,3.478689697687302,0.6051913789408273,0.5697204274691565,0.4321950826305828,0.06517522454839535,0.6051913789408273,0.5358864419798367,0.4611016088698653
cx0.25_cy0.75_layoutA__gamma_0.1__false_hotspot_y_js_0.15,cx0.25_cy0.75_layoutA,0.1,false_hotspot,y,0.15,3.6222093659312913,0.5122152245028142,0.49167425772586293,0.35947412507927656,0.06619516014570623,0.5122152245028142,0.47963885860603483,0.36954863812942246
cx0.25_cy0.75_layoutA__gamma_0.1__false_negative_suppression_x_js_0.05,cx0.25_cy0.75_layoutA,0.1,false_negative_suppression,x,0.05,3.56666614437595,0.6915653554667663,0.6487746394695092,0.40666916159503896,0.01884113932911572,0.6915653554667663,0.5578511001114128,0.48314101759980266
cx0.25_cy0.75_layoutA__gamma_0.1__false_negative_suppression_x_js_0.1,cx0.25_cy0.75_layoutA,0.1,false_negative_suppression,x,0.1,3.4601493826324816,0.6738820753588566,0.6333631008182612,0.3991121115100239,0.014931703413999676,0.6738820753588566,0.5567859459154092,0.48053237761210643
cx0.25_cy0.75_layoutA__gamma_0.1__false_negative_suppression_x_js_0.15,cx0.25_cy0.75_layoutA,0.1,false_negative_suppression,x,0.15,3.4631133261586475,0.6399033134288752,0.602990801852219,0.40056071737508436,0.014464654851084422,0.6399033134288752,0.5603390029904542,0.4865989008704839
cx0.25_cy0.75_layoutA__gamma_0.1__false_negative_suppression_y_js_0.05,cx0.25_cy0.75_layoutA,0.1,false_negative_suppression,y,0.05,3.5799305306637805,0.7406779158945687,0.7044896949189872,0.48319658832456086,0.029610539907184166,0.7406779158945687,0.6419010074848488,0.5402414273973284
cx0.25_cy0.75_layoutA__gamma_0.1__false_negative_suppression_y_js_0.1,cx0.25_cy0.75_layoutA,0.1,false_negative_suppression,y,0.1,3.4828509720171987,0.7360751495338107,0.7014740699082623,0.5022516917239129,0.021037069196611132,0.7360751495338107,0.6675567329159653,0.5546657504662478
cx0.25_cy0.75_layoutA__gamma_0.1__false_negative_suppression_y_js_0.15,cx0.25_cy0.75_layoutA,0.1,false_negative_suppression,y,0.15,3.491462774317541,0.7403827260757494,0.7103872774687292,0.5108999053541784,0.01974507909784036,0.7403827260757494,0.6836714572642681,0.5567196892886871
cx0.25_cy0.75_layoutA__gamma_0.1__oracle,cx0.25_cy0.75_layoutA,0.1,oracle,,0.0,4.219610121483,0.8276580390743523,0.7922367386565703,0.5802757485573953,0.11558446654834044,0.8276580390743523,0.7462864853701496,0.5999575269126493
cx0.25_cy0.75_layoutA__gamma_0.1__spatial_shift_x_js_0.05,cx0.25_cy0.75_layoutA,0.1,spatial_shift,x,0.05,3.9253984269957645,0.8721662193547973,0.8537392849471714,0.6883018541324162,0.18526642051062017,0.8721662193547973,0.7730071351088161,0.5714456183721113
cx0.25_cy0.75_layoutA__gamma_0.1__spatial_shift_x_js_0.1,cx0.25_cy0.75_layoutA,0.1,spatial_shift,x,0.1,3.7921312157507945,0.8487887913428592,0.8392428112354342,0.6788651537275515,0.19072489862513312,0.8487887913428592,0.7256696121393329,0.5223894365139162
cx0.25_cy0.75_layoutA__gamma_0.1__spatial_shift_x_js_0.15,cx0.25_cy0.75_layoutA,0.1,spatial_shift,x,0.15,3.679784758587461,0.788244100732165,0.7791844926941889,0.6557786071677214,0.2086640054772087,0.788244100732165,0.6424827046219449,0.4314470054613137
cx0.25_cy0.75_layoutA__gamma_0.1__spatial_shift_y_js_0.05,cx0.25_cy0.75_layoutA,0.1,spatial_shift,y,0.05,3.8881251989900845,0.8154679499924686,0.7765187293585831,0.5557210867314357,0.11485229036715862,0.8154679499924686,0.701073656252697,0.5136843319123785
cx0.25_cy0.75_layoutA__gamma_0.1__spatial_shift_y_js_0.1,cx0.25_cy0.75_layoutA,0.1,spatial_shift,y,0.1,3.7317681316682365,0.7909505333006737,0.7450546440981031,0.5437489394395273,0.10442344116213842,0.7909505333006737,0.6460819075724775,0.46200136682047577
cx0.25_cy0.75_layoutA__gamma_0.1__spatial_shift_y_js_0.15,cx0.25_cy0.75_layoutA,0.1,spatial_shift,y,0.15,3.596668162436262,0.7259990306548562,0.6980684262799696,0.5179303773476486,0.0963557385877353,0.7259990306548562,0.56447549918623,0.36859443261959746
cx0.25_cy0.75_layoutA__gamma_0.1__uniform_prior_baseline,cx0.25_cy0.75_layoutA,0.1,uniform_prior_baseline,,,3.8562554930800657,0.43034302680006253,0.42215565734481825,0.35664175080828997,0.1720316233110427,0.43034302680006253,0.32454152376328205,0.19245372319285134
cx0.25_cy0.75_layoutB__gamma_0.05__diffuse_blur_js_0.05,cx0.25_cy0.75_layoutB,0.05,diffuse_blur,,0.05,6.208637279766616,0.8614475625158378,0.8471693976158746,0.7560377334528848,0.45803547140916134,0.8614475625158378,0.7171941488095832,0.5118829735084994
cx0.25_cy0.75_layoutB__gamma_0.05__diffuse_blur_js_0.1,cx0.25_cy0.75_layoutB,0.05,diffuse_blur,,0.1,4.5701649512384535,0.7291319644633887,0.7128781232476079,0.605992912704327,0.1442294619967374,0.7291319644633887,0.6915539727350639,0.5679724248752459
cx0.25_cy0.75_layoutB__gamma_0.05__diffuse_blur_js_0.15,cx0.25_cy0.75_layoutB,0.05,diffuse_blur,,0.15,4.560211492678192,0.6107604683406305,0.6005196733674097,0.4939863537671261,0.14453659849778483,0.6107604683406305,0.5714771512455514,0.4533077534982819
cx0.25_cy0.75_layoutB__gamma_0.05__false_hotspot_x_js_0.05,cx0.25_cy0.75_layoutB,0.05,false_hotspot,x,0.05,7.423246318393652,0.9181652957694634,0.9084056915985679,0.8543899824777373,0.47006008651047804,0.9181652957694634,0.8301562634247546,0.6003085468769633
cx0.25_cy0.75_layoutB__gamma_0.05__false_hotspot_x_js_0.1,cx0.25_cy0.75_layoutB,0.05,false_hotspot,x,0.1,5.377838640678409,0.7747596764766559,0.746379678199059,0.6567564612746961,0.3936758950673346,0.7747596764766559,0.6928944471240841,0.5623747481852157
cx0.25_cy0.75_layoutB__gamma_0.05__false_hotspot_x_js_0.15,cx0.25_cy0.75_layoutB,0.05,false_hotspot,x,0.15,5.514996447917842,0.6165888229341009,0.5910069952164505,0.49413167613468867,0.34127024571109577,0.6165888229341009,0.5406487247984815,0.44209262877280486
cx0.25_cy0.75_layoutB__gamma_0.05__false_hotspot_y_js_0.05,cx0.25_cy0.75_layoutB,0.05,false_hotspot,y,0.05,6.425284774552337,0.8230042378452395,0.7671070990243091,0.5568752375188976,0.22469135837266607,0.8230042378452395,0.647519914141476,0.5265269949448211
cx0.25_cy0.75_layoutB__gamma_0.05__false_hotspot_y_js_0.1,cx0.25_cy0.75_layoutB,0.05,false_hotspot,y,0.1,6.493068245422965,0.8484127899587344,0.8169234584535009,0.7105727384267478,0.22325890095555645,0.8484127899587344,0.7224870629119678,0.603611450434072
cx0.25_cy0.75_layoutB__gamma_0.05__false_hotspot_y_js_0.15,cx0.25_cy0.75_layoutB,0.05,false_hotspot,y,0.15,6.6277322523728,0.8695141295758866,0.8581955877581171,0.7580272201925067,0.1791998748875033,0.8695141295758866,0.7842028159290013,0.6179030890760548
cx0.25_cy0.75_layoutB__gamma_0.05__false_negative_suppression_x_js_0.05,cx0.25_cy0.75_layoutB,0.05,false_negative_suppression,x,0.05,6.371877965296816,0.9214341299314592,0.8998200537131014,0.6749544605183508,0.14283812807814206,0.9214341299314592,0.7905055805838053,0.5897699862627979
cx0.25_cy0.75_layoutB__gamma_0.05__false_negative_suppression_x_js_0.1,cx0.25_cy0.75_layoutB,0.05,false_negative_suppression,x,0.1,6.218505226211491,0.8654495377968237,0.8282498525733568,0.6508807427391125,0.2549685907729722,0.8654495377968237,0.6932437717845326,0.4987376447056585
cx0.25_cy0.75_layoutB__gamma_0.05__false_negative_suppression_x_js_0.15,cx0.25_cy0.75_layoutB,0.05,false_negative_suppression,x,0.15,6.161940385605639,0.8527893130911622,0.8187778161972872,0.7089688234237,0.3048357745049247,0.8527893130911622,0.7334885501248714,0.5680418649148853
cx0.25_cy0.75_layoutB__gamma_0.05__false_negative_suppression_y_js_0.05,cx0.25_cy0.75_layoutB,0.05,false_negative_suppression,y,0.05,6.458558916039769,0.7370050162113055,0.6647916808661067,0.3675877659238225,0.052036453103772556,0.7370050162113055,0.5314166509396592,0.4216229908871801
cx0.25_cy0.75_layoutB__gamma_0.05__false_negative_suppression_y_js_0.1,cx0.25_cy0.75_layoutB,0.05,false_negative_suppression,y,0.1,5.078170711948599,0.8716074768755169,0.8583744870992711,0.7705855959160984,0.35241331737480075,0.8716074768755169,0.773682195427283,0.5607401520803088
cx0.25_cy0.75_layoutB__gamma_0.05__false_negative_suppression_y_js_0.15,cx0.25_cy0.75_layoutB,0.05,false_negative_suppression,y,0.15,4.864473113260587,0.8516297010337561,0.8366523794989391,0.761975025348381,0.24262923736849776,0.8516297010337561,0.7373474429637383,0.5251582546762492
cx0.25_cy0.75_layoutB__gamma_0.05__oracle,cx0.25_cy0.75_layoutB,0.05,oracle,,0.0,7.9002410754154795,0.8824388995819685,0.8406484986977705,0.6257918639886857,0.2694908696722562,0.8824388995819685,0.8016865257426182,0.6613554260195762
cx0.25_cy0.75_layoutB__gamma_0.05__spatial_shift_x_js_0.05,cx0.25_cy0.75_layoutB,0.05,spatial_shift,x,0.05,7.204338489471107,0.9273305845985809,0.9237520667552064,0.8171327416018785,0.30103123164061824,0.9273305845985809,0.8551014967000685,0.6970063640767987
cx0.25_cy0.75_layoutB__gamma_0.05__spatial_shift_x_js_0.1,cx0.25_cy0.75_layoutB,0.05,spatial_shift,x,0.1,5.883230325588254,0.827651564619231,0.8078044736403489,0.7270917880365532,0.49188852699623925,0.827651564619231,0.7249596306559787,0.5375087083020245
cx0.25_cy0.75_layoutB__gamma_0.05__spatial_shift_x_js_0.15,cx0.25_cy0.75_layoutB,0.05,spatial_shift,x,0.15,5.571454880493365,0.8332505039076914,0.8130853428364686,0.7001749830475525,0.38262208980762463,0.8332505039076914,0.6979032160764697,0.49762200732373874
cx0.25_cy0.75_layoutB__gamma_0.05__spatial_shift_y_js_0.05,cx0.25_cy0.75_layoutB,0.05,spatial_shift,y,0.05,7.052192804278997,0.9139475639998903,0.8973955558805741,0.7433914480425451,0.2577093119900111,0.9139475639998903,0.8307995373778356,0.713532007597866
cx0.25_cy0.75_layoutB__gamma_0.05__spatial_shift_y_js_0.1,cx0.25_cy0.75_layoutB,0.05,spatial_shift,y,0.1,6.789572206736199,0.906531007459681,0.8961499495901333,0.8326181729953509,0.409423651418444,0.906531007459681,0.8335853580802806,0.663924525875155
cx0.25_cy0.75_layoutB__gamma_0.05__spatial_shift_y_js_0.15,cx0.25_cy0.75_layoutB,0.05,spatial_shift,y,0.15,6.562574731561804,0.9212286336224014,0.9158816217678617,0.8160775702990137,0.3461411976162284,0.9212286336224014,0.8309058646655464,0.6230064824377548
cx0.25_cy0.75_layoutB__gamma_0.05__uniform_prior_baseline,cx0.25_cy0.75_layoutB,0.05,uniform_prior_baseline,,,4.624327569415376,0.4583879415065512,0.4408644229531642,0.35720840086945393,0.13624406159367877,0.4583879415065512,0.4110274621545615,0.3207694446922641
cx0.25_cy0.75_layoutB__gamma_0.1__diffuse_blur_js_0.05,cx0.25_cy0.75_layoutB,0.1,diffuse_blur,,0.05,4.728694253678054,0.8769420181952454,0.8560738857634583,0.7505060866989587,0.1793155637122261,0.8769420181952454,0.8024970303541541,0.5938109349782208
cx0.25_cy0.75_layoutB__gamma_0.1__diffuse_blur_js_0.1,cx0.25_cy0.75_layoutB,0.1,diffuse_blur,,0.1,4.240902459570206,0.6593745190320793,0.646378162494472,0.5646149071891844,0.26446248888090484,0.6593745190320793,0.5819185813962949,0.44647363616852676
cx0.25_cy0.75_layoutB__gamma_0.1__diffuse_blur_js_0.15,cx0.25_cy0.75_layoutB,0.1,diffuse_blur,,0.15,4.0519012368620615,0.5282864183007144,0.5234211080012996,0.4522308353799341,0.23158935447462614,0.5282864183007144,0.4245295620052587,0.28700553935319023
cx0.25_cy0.75_layoutB__gamma_0.1__false_hotspot_x_js_0.05,cx0.25_cy0.75_layoutB,0.1,false_hotspot,x,0.05,4.63299792798253,0.8763626351357583,0.857698084382754,0.7627650327378853,0.20449188516123973,0.8763626351357583,0.7970514378422164,0.5956948585626518
cx0.25_cy0.75_layoutB__gamma_0.1__false_hotspot_x_js_0.1,cx0.25_cy0.75_layoutB,0.1,false_hotspot,x,0.1,4.540983352839412,0.8800548024636569,0.8654553827986327,0.742162995120486,0.23321599786906977,0.8800548024636569,0.7637137934272074,0.5484749381207809
cx0.25_cy0.75_layoutB__gamma_0.1__false_hotspot_x_js_0.15,cx0.25_cy0.75_layoutB,0.1,false_hotspot,x,0.15,4.608809875179361,0.7589733185770376,0.715637816244728,0.5841294380410169,0.2820389407160775,0.7589733185770376,0.622449760585581,0.4228106967005443
cx0.25_cy0.75_layoutB__gamma_0.1__false_hotspot_y_js_0.05,cx0.25_cy0.75_layoutB,0.1,false_hotspot,y,0.05,5.016676034128614,0.8612199430233115,0.8373086844915079,0.7276562839057066,0.20432050335934526,0.8612199430233115,0.7777071067917645,0.6059625591159902
cx0.25_cy0.75_layoutB__gamma_0.1__false_hotspot_y_js_0.1,cx0.25_cy0.75_layoutB,0.1,false_hotspot,y,0.1,5.133285390515127,0.7264899203705526,0.6960937026758801,0.6474306909423109,0.346047937428971,0.7264899203705526,0.6736799576663204,0.5098718339066324
cx0.25_cy0.75_layoutB__gamma_0.1__false_hotspot_y_js_0.15,cx0.25_cy0.75_layoutB,0.1,false_hotspot,y,0.15,5.44377271744761,0.6647207835186051,0.6261914241946436,0.5169403431471135,0.07267176997491012,0.6647207835186051,0.5907884527174408,0.437172861287875
cx0.25_cy0.75_layoutB__gamma_0.1__false_negative_suppression_x_js_0.05,cx0.25_cy0.75_layoutB,0.1,false_negative_suppression,x,0.05,5.044507128806802,0.8824328470849505,0.8602510295047842,0.7401452566036711,0.10597690975143731,0.8824328470849505,0.7812907227203185,0.5868182762389642
cx0.25_cy0.75_layoutB__gamma_0.1__false_negative_suppression_x_js_0.1,cx0.25_cy0.75_layoutB,0.1,false_negative_suppression,x,0.1,4.8741331144468365,0.874048242424303,0.8523729296178291,0.744576639248533,0.15735107015871244,0.874048242424303,0.7730886720205994,0.5712254774249466
cx0.25_cy0.75_layoutB__gamma_0.1__false_negative_suppression_x_js_0.15,cx0.25_cy0.75_layoutB,0.1,false_negative_suppression,x,0.15,4.860336841201674,0.8661091482259862,0.8483239068508734,0.7280988840334388,0.15412926036236752,0.8661091482259862,0.7449502298547183,0.5375792168828137
cx0.25_cy0.75_layoutB__gamma_0.1__false_negative_suppression_y_js_0.05,cx0.25_cy0.75_layoutB,0.1,false_negative_suppression,y,0.05,4.715428334569468,0.8745173157236261,0.8632431104021703,0.7816511671956836,0.20298064362331228,0.8745173157236261,0.7719108413502749,0.5689940267594689
cx0.25_cy0.75_layoutB__gamma_0.1__false_negative_suppression_y_js_0.1,cx0.25_cy0.75_layoutB,0.1,false_negative_suppression,y,0.1,4.5428731985332576,0.8376786048881599,0.8254757584495749,0.7486858507834335,0.20849302415881116,0.8376786048881599,0.7021835519344182,0.5032098389175892
cx0.25_cy0.75_layoutB__gamma_0.1__false_negative_suppression_y_js_0.15,cx0.25_cy0.75_layoutB,0.1,false_negative_suppression,y,0.15,4.4650234592015785,0.7900120311485017,0.7758687895819529,0.6864750862493088,0.2180487447882757,0.7900120311485017,0.6368904398822907,0.44136235529917195
cx0.25_cy0.75_layoutB__gamma_0.1__oracle,cx0.25_cy0.75_layoutB,0.1,oracle,,0.0,6.613138250179894,0.7914646133851548,0.70630748663858,0.5018225393585707,0.18182933208137975,0.7914646133851548,0.6055716997644393,0.4915904667431588
cx0.25_cy0.75_layoutB__gamma_0.1__spatial_shift_x_js_0.05,cx0.25_cy0.75_layoutB,0.1,spatial_shift,x,0.05,5.142267806454087,0.8760510071734957,0.8557101894372445,0.7732138173394281,0.376196912510416,0.8760510071734957,0.7829176901587306,0.5863468952984323
cx0.25_cy0.75_layoutB__gamma_0.1__spatial_shift_x_js_0.1,cx0.25_cy0.75_layoutB,0.1,spatial_shift,x,0.1,4.7826644793538176,0.8452507954052195,0.822428483229187,0.7204042440927172,0.36080186897217487,0.8452507954052195,0.7204694694231125,0.504564146786206
cx0.25_cy0.75_layoutB__gamma_0.1__spatial_shift_x_js_0.15,cx0.25_cy0.75_layoutB,0.1,spatial_shift,x,0.15,4.48976144383178,0.7911283311293467,0.771847656589761,0.6712684039158183,0.32149400778314835,0.7911283311293467,0.6377328405604431,0.417747974229826
cx0.25_cy0.75_layoutB__gamma_0.1__spatial_shift_y_js_0.05,cx0.25_cy0.75_layoutB,0.1,spatial_shift,y,0.05,6.000931876945908,0.8652340912314042,0.845471597314323,0.7218828320138864,0.36278398165367737,0.8652340912314042,0.7618271924152484,0.526737620972008
cx0.25_cy0.75_layoutB__gamma_0.1__spatial_shift_y_js_0.15,cx0.25_cy0.75_layoutB,0.1,spatial_shift,y,0.15,5.503592663521343,0.4921132979184769,0.4835351673934758,0.40882227883577704,0.21529666898031066,0.4921132979184769,0.43517157215627095,0.34995229810713224
cx0.25_cy0.75_layoutB__gamma_0.1__uniform_prior_baseline,cx0.25_cy0.75_layoutB,0.1,uniform_prior_baseline,,,3.994932261844465,0.3563805513639552,0.3495605330528275,0.3029315943567919,0.1491151294567967,0.3563805513639552,0.24426557048719583,0.15237453802654527
cx0.25_cy0.75_layoutC__gamma_0.05__diffuse_blur_js_0.05,cx0.25_cy0.75_layoutC,0.05,diffuse_blur,,0.05,6.767940736023409,0.8359023345456446,0.782619199376005,0.6617531527178364,0.3322749972698249,0.8359023345456446,0.649180169460799,0.5200699828985111
cx0.25_cy0.75_layoutC__gamma_0.05__diffuse_blur_js_0.1,cx0.25_cy0.75_layoutC,0.05,diffuse_blur,,0.1,4.7824179428831215,0.7087275180028243,0.6835952708404116,0.5578027539675364,0.11927487668416248,0.7087275180028243,0.6665422794148762,0.513860157763287
cx0.25_cy0.75_layoutC__gamma_0.05__diffuse_blur_js_0.15,cx0.25_cy0.75_layoutC,0.05,diffuse_blur,,0.15,4.614753805956535,0.5865766500108267,0.5518496100351652,0.4325621823839495,0.14011698762424596,0.5865766500108267,0.5041955479181296,0.39505787005415505
cx0.25_cy0.75_layoutC__gamma_0.05__false_hotspot_x_js_0.05,cx0.25_cy0.75_layoutC,0.05,false_hotspot,x,0.05,7.854957653184327,0.9213026482894672,0.9036215591134837,0.7895289915753692,0.38900965725789105,0.9213026482894672,0.7130241651492883,0.5626649530265093
cx0.25_cy0.75_layoutC__gamma_0.05__false_hotspot_x_js_0.1,cx0.25_cy0.75_layoutC,0.05,false_hotspot,x,0.1,5.894531048122726,0.7585075451913543,0.732431479622822,0.6593218126682836,0.46598595394595044,0.7585075451913543,0.6681628153663621,0.5530582986678434
cx0.25_cy0.75_layoutC__gamma_0.05__false_hotspot_x_js_0.15,cx0.25_cy0.75_layoutC,0.05,false_hotspot,x,0.15,6.110757646536363,0.6291802404118029,0.6013793512891619,0.534732433390208,0.3775289163009413,0.6291802404118029,0.5479434911227145,0.4579246802315372
cx0.25_cy0.75_layoutC__gamma_0.05__false_hotspot_y_js_0.05,cx0.25_cy0.75_layoutC,0.05,false_hotspot,y,0.05,6.754698359044287,0.9304615866914888,0.9016988486320501,0.692039806310073,0.1293939997629264,0.9304615866914888,0.8275816852634306,0.6763570808039826
cx0.25_cy0.75_layoutC__gamma_0.05__false_hotspot_y_js_0.1,cx0.25_cy0.75_layoutC,0.05,false_hotspot,y,0.1,6.914576806569585,0.9171761535964934,0.8904755354226902,0.7426121990426153,0.3123259920265328,0.9171761535964934,0.7795012832666757,0.5980227781467409
cx0.25_cy0.75_layoutC__gamma_0.05__false_hotspot_y_js_0.15,cx0.25_cy0.75_layoutC,0.05,false_hotspot,y,0.15,7.19026620761785,0.8871516962979232,0.8439062230139286,0.6224350882490326,0.18908537278869453,0.8871516962979232,0.8061868083173623,0.6128588608891467
cx0.25_cy0.75_layoutC__gamma_0.05__false_negative_suppression_x_js_0.05,cx0.25_cy0.75_layoutC,0.05,false_negative_suppression,x,0.05,6.538716164125318,0.8852189233713261,0.8485752500657723,0.6410151923804613,0.10305534097049296,0.8852189233713261,0.7434958450522301,0.5533105572810687
cx0.25_cy0.75_layoutC__gamma_0.05__false_negative_suppression_x_js_0.1,cx0.25_cy0.75_layoutC,0.05,false_negative_suppression,x,0.1,6.318697566704057,0.9149827715377143,0.8960916507451928,0.7236790767591806,0.26129776773237723,0.9149827715377143,0.803895958396512,0.6134747834002268
cx0.25_cy0.75_layoutC__gamma_0.05__false_negative_suppression_x_js_0.15,cx0.25_cy0.75_layoutC,0.05,false_negative_suppression,x,0.15,6.189990948090686,0.862557443480037,0.8189508806381235,0.6901013283643046,0.30957658572123753,0.862557443480037,0.7349707354613079,0.5538180155012192
cx0.25_cy0.75_layoutC__gamma_0.05__false_negative_suppression_y_js_0.05,cx0.25_cy0.75_layoutC,0.05,false_negative_suppression,y,0.05,6.959013064586783,0.8715715570693074,0.8148360399833341,0.6009469393778555,0.3054796541401165,0.8715715570693074,0.6427979367368521,0.46651786173670323
cx0.25_cy0.75_layoutC__gamma_0.05__false_negative_suppression_y_js_0.15,cx0.25_cy0.75_layoutC,0.05,false_negative_suppression,y,0.15,5.011915113656501,0.7771327621350701,0.7643474630231197,0.70690757385939,0.2762140669549091,0.7771327621350701,0.6518049354522655,0.4504733985073209
cx0.25_cy0.75_layoutC__gamma_0.05__oracle,cx0.25_cy0.75_layoutC,0.05,oracle,,0.0,8.375559548581633,0.9359033997700943,0.9267712898185856,0.7629294830306691,0.3307263750666978,0.9359033997700943,0.8364311571948194,0.6421067104728605
cx0.25_cy0.75_layoutC__gamma_0.05__spatial_shift_x_js_0.05,cx0.25_cy0.75_layoutC,0.05,spatial_shift,x,0.05,7.6301460005812185,0.936735100374822,0.9233899545238353,0.8201459141913814,0.39390793288069403,0.936735100374822,0.8688186938299367,0.7151246202449334
cx0.25_cy0.75_layoutC__gamma_0.05__spatial_shift_x_js_0.1,cx0.25_cy0.75_layoutC,0.05,spatial_shift,x,0.1,7.324077411615599,0.9174369908132101,0.9007571095556617,0.8050303017356637,0.31746899606400625,0.9174369908132101,0.8182362772319304,0.6665552551662678
cx0.25_cy0.75_layoutC__gamma_0.05__spatial_shift_x_js_0.15,cx0.25_cy0.75_layoutC,0.05,spatial_shift,x,0.15,7.9447226985383415,0.8275957464546009,0.8020326852663483,0.7288898801273428,0.48950994633204914,0.8275957464546009,0.6615166329798929,0.43427453453351456
cx0.25_cy0.75_layoutC__gamma_0.05__spatial_shift_y_js_0.05,cx0.25_cy0.75_layoutC,0.05,spatial_shift,y,0.05,7.574510399267588,0.897550096078872,0.889004289709521,0.8003820223834629,0.22575167366980892,0.897550096078872,0.7960343475071883,0.6644668999069425
cx0.25_cy0.75_layoutC__gamma_0.05__spatial_shift_y_js_0.1,cx0.25_cy0.75_layoutC,0.05,spatial_shift,y,0.1,7.092781563323115,0.8769710499775601,0.8528973126475564,0.7392989067334347,0.3413628790756424,0.8769710499775601,0.8013030303911473,0.6987901791847277
cx0.25_cy0.75_layoutC__gamma_0.05__spatial_shift_y_js_0.15,cx0.25_cy0.75_layoutC,0.05,spatial_shift,y,0.15,6.911597721604854,0.9123157432586781,0.8987984667463524,0.8085641554295991,0.2766363893166504,0.9123157432586781,0.821284214794509,0.6506072142721347
cx0.25_cy0.75_layoutC__gamma_0.05__uniform_prior_baseline,cx0.25_cy0.75_layoutC,0.05,uniform_prior_baseline,,,4.68142321799549,0.454875534342087,0.429852460065349,0.33980650555223535,0.11296770901831632,0.454875534342087,0.38361998972010136,0.29508506081370567
cx0.25_cy0.75_layoutC__gamma_0.1__diffuse_blur_js_0.05,cx0.25_cy0.75_layoutC,0.1,diffuse_blur,,0.05,5.186605918784442,0.7964422870827363,0.7840299607014029,0.722741666622744,0.3209357893781488,0.7964422870827363,0.7510669467993178,0.5949487464616081
cx0.25_cy0.75_layoutC__gamma_0.1__diffuse_blur_js_0.1,cx0.25_cy0.75_layoutC,0.1,diffuse_blur,,0.1,4.473270897425054,0.5974272260302672,0.5774800141144368,0.5010887932922126,0.19106604458441565,0.5974272260302672,0.5278807722288811,0.38834259422175577
cx0.25_cy0.75_layoutC__gamma_0.1__diffuse_blur_js_0.15,cx0.25_cy0.75_layoutC,0.1,diffuse_blur,,0.15,4.1215833347065285,0.43412214224751633,0.42158381484731217,0.3418489667721004,0.13806146633853464,0.43412214224751633,0.33192346794642663,0.20849832732431733
cx0.25_cy0.75_layoutC__gamma_0.1__false_hotspot_x_js_0.05,cx0.25_cy0.75_layoutC,0.1,false_hotspot,x,0.05,5.024074996326817,0.7779385514503572,0.76024478236054,0.6720930182426359,0.17975364827183354,0.7779385514503572,0.7059032336700402,0.612350659910422
cx0.25_cy0.75_layoutC__gamma_0.1__false_hotspot_x_js_0.1,cx0.25_cy0.75_layoutC,0.1,false_hotspot,x,0.1,4.830378311758314,0.828615763386512,0.7944655831702447,0.6842085483645868,0.2863723839090224,0.828615763386512,0.7043425426604091,0.5286595869474673
cx0.25_cy0.75_layoutC__gamma_0.1__false_hotspot_x_js_0.15,cx0.25_cy0.75_layoutC,0.1,false_hotspot,x,0.15,4.858037073710718,0.6628604801259368,0.6273737410695474,0.5058211817140764,0.2916370745733601,0.6628604801259368,0.5415498831016119,0.3981413116083822
cx0.25_cy0.75_layoutC__gamma_0.1__false_hotspot_y_js_0.05,cx0.25_cy0.75_layoutC,0.1,false_hotspot,y,0.05,5.790969398702352,0.747780560405968,0.7134596874625193,0.63025685653829,0.3711084588503787,0.747780560405968,0.6629613687255034,0.5183189193330995
cx0.25_cy0.75_layoutC__gamma_0.1__false_hotspot_y_js_0.1,cx0.25_cy0.75_layoutC,0.1,false_hotspot,y,0.1,5.563698619380384,0.7254775461233902,0.6973848584799793,0.58380214183399,0.19255871709578173,0.7254775461233902,0.6415557767406614,0.46963391069730104
cx0.25_cy0.75_layoutC__gamma_0.1__false_hotspot_y_js_0.15,cx0.25_cy0.75_layoutC,0.1,false_hotspot,y,0.15,5.842594560867511,0.6858026827859682,0.6616650614076415,0.5758998567749734,0.33669234941122106,0.6858026827859682,0.5665411382383159,0.4509841207115
cx0.25_cy0.75_layoutC__gamma_0.1__false_negative_suppression_x_js_0.05,cx0.25_cy0.75_layoutC,0.1,false_negative_suppression,x,0.05,5.2494158268890985,0.8563112929030949,0.8438382634503913,0.7089786343121344,0.07061417868798299,0.8563112929030949,0.8023992937764965,0.5756555880484144
cx0.25_cy0.75_layoutC__gamma_0.1__false_negative_suppression_x_js_0.1,cx0.25_cy0.75_layoutC,0.1,false_negative_suppression,x,0.1,5.073856315317738,0.8341549607358294,0.8161965213104354,0.6628234429240281,0.090488336036746,0.8341549607358294,0.7809539364410173,0.5613262201960357
cx0.25_cy0.75_layoutC__gamma_0.1__false_negative_suppression_x_js_0.15,cx0.25_cy0.75_layoutC,0.1,false_negative_suppression,x,0.15,5.037404352753386,0.826250404768825,0.8027490621128592,0.6428182156878293,0.07765674078497843,0.826250404768825,0.7673117543981334,0.5422820262798604
cx0.25_cy0.75_layoutC__gamma_0.1__false_negative_suppression_y_js_0.05,cx0.25_cy0.75_layoutC,0.1,false_negative_suppression,y,0.05,4.99143052366969,0.8115344870328578,0.7860796526723319,0.7111683729792333,0.2753969570350676,0.8115344870328578,0.7222813043820047,0.5600274491479884
cx0.25_cy0.75_layoutC__gamma_0.1__false_negative_suppression_y_js_0.1,cx0.25_cy0.75_layoutC,0.1,false_negative_suppression,y,0.1,6.109676160431534,0.6368097061904325,0.570028820100195,0.33298851485729636,0.06457495904109144,0.6368097061904325,0.4669774161310342,0.33534560941320785
cx0.25_cy0.75_layoutC__gamma_0.1__oracle,cx0.25_cy0.75_layoutC,0.1,oracle,,0.0,6.98739354148808,0.9114645334072335,0.8667224326949134,0.5845048088894866,0.15945068288250763,0.9114645334072335,0.7578430381315266,0.5677750276948531
cx0.25_cy0.75_layoutC__gamma_0.1__spatial_shift_x_js_0.05,cx0.25_cy0.75_layoutC,0.1,spatial_shift,x,0.05,5.64918849362593,0.7369517699285246,0.7099276936065158,0.6300816197373178,0.46161716862716895,0.7369517699285246,0.6185290231124948,0.49489075816905265
cx0.25_cy0.75_layoutC__gamma_0.1__spatial_shift_x_js_0.15,cx0.25_cy0.75_layoutC,0.1,spatial_shift,x,0.15,4.994069165675136,0.7085783610661411,0.6778212165636157,0.5502362265604444,0.31386540991377165,0.7085783610661411,0.5525899499294193,0.38955086800619876
cx0.25_cy0.75_layoutC__gamma_0.1__spatial_shift_y_js_0.1,cx0.25_cy0.75_layoutC,0.1,spatial_shift,y,0.1,6.04093719144314,0.8092265960968398,0.7914140787671817,0.7243637056644192,0.44747503371447367,0.8092265960968398,0.6862338856721305,0.4956051546020196
cx0.25_cy0.75_layoutC__gamma_0.1__spatial_shift_y_js_0.15,cx0.25_cy0.75_layoutC,0.1,spatial_shift,y,0.15,5.845077849167201,0.667738512991128,0.6493563988630915,0.5619051801200624,0.2853850871072553,0.667738512991128,0.5420597080531129,0.4030352608835115
cx0.25_cy0.75_layoutC__gamma_0.1__uniform_prior_baseline,cx0.25_cy0.75_layoutC,0.1,uniform_prior_baseline,,,3.9666641514126657,0.2690515022149483,0.26246087403201557,0.21162580197159556,0.06152738657787282,0.2690515022149483,0.1950820574897791,0.11408731923320292
cx0.75_cy0.25_layoutA__gamma_0.05__diffuse_blur_js_0.05,cx0.75_cy0.25_layoutA,0.05,diffuse_blur,,0.05,4.516514768727236,0.7799167818970589,0.762205832400783,0.6834482786211133,0.434964850375988,0.7799167818970589,0.6993223183227296,0.5859242660102816
cx0.75_cy0.25_layoutA__gamma_0.05__diffuse_blur_js_0.1,cx0.75_cy0.25_layoutA,0.05,diffuse_blur,,0.1,4.226733529960606,0.5941141567249002,0.5693471081245816,0.5185726456856636,0.35565553030267955,0.5941141567249002,0.5443858190826818,0.4914442136389837
cx0.75_cy0.25_layoutA__gamma_0.05__diffuse_blur_js_0.15,cx0.75_cy0.25_layoutA,0.05,diffuse_blur,,0.15,4.445095332112624,0.44093204882206083,0.423914352583368,0.3670101332719017,0.25519426048029653,0.44093204882206083,0.39491551633778504,0.35371184891808893
cx0.75_cy0.25_layoutA__gamma_0.05__false_hotspot_x_js_0.05,cx0.75_cy0.25_layoutA,0.05,false_hotspot,x,0.05,4.335674818136494,0.7136508111191522,0.6921204425694363,0.5945321197734657,0.24764595521258193,0.7136508111191522,0.6630233337906268,0.5976675680184761
cx0.75_cy0.25_layoutA__gamma_0.05__false_hotspot_x_js_0.1,cx0.75_cy0.25_layoutA,0.05,false_hotspot,x,0.1,4.552233858204671,0.7107460888338398,0.6817094334316021,0.5516338315963372,0.2328506246839983,0.7107460888338398,0.5985355381277557,0.4856637319275344
cx0.75_cy0.25_layoutA__gamma_0.05__false_hotspot_x_js_0.15,cx0.75_cy0.25_layoutA,0.05,false_hotspot,x,0.15,4.692514603779773,0.5936057065596643,0.5719121708533089,0.39561219897959365,0.06373301042762461,0.5936057065596643,0.5371270134120053,0.42888993423156896
cx0.75_cy0.25_layoutA__gamma_0.05__false_hotspot_y_js_0.05,cx0.75_cy0.25_layoutA,0.05,false_hotspot,y,0.05,4.811238395849137,0.8201230548990199,0.7846809581766088,0.6586734901420767,0.1991082106301994,0.8201230548990199,0.7420439899621978,0.5771365507151287
cx0.75_cy0.25_layoutA__gamma_0.05__false_hotspot_y_js_0.1,cx0.75_cy0.25_layoutA,0.05,false_hotspot,y,0.1,5.006657337228855,0.892551283229957,0.8719975449860125,0.7497439634312952,0.26725547955435647,0.892551283229957,0.8100337965539898,0.6100322581414673
cx0.75_cy0.25_layoutA__gamma_0.05__false_hotspot_y_js_0.15,cx0.75_cy0.25_layoutA,0.05,false_hotspot,y,0.15,5.278615365087616,0.6634907204694419,0.6336491316268199,0.5320519501323113,0.369776822323463,0.6634907204694419,0.5614332960134552,0.437383647866455
cx0.75_cy0.25_layoutA__gamma_0.05__false_negative_suppression_x_js_0.05,cx0.75_cy0.25_layoutA,0.05,false_negative_suppression,x,0.05,4.670263964040892,0.870821713104645,0.856838984887504,0.7893009595329744,0.4579641006461972,0.870821713104645,0.7868232238801587,0.6406009901604937
cx0.75_cy0.25_layoutA__gamma_0.05__false_negative_suppression_x_js_0.1,cx0.75_cy0.25_layoutA,0.05,false_negative_suppression,x,0.1,4.875557633015514,0.8121285103357684,0.7896862355674876,0.7016182394981831,0.4104946513178136,0.8121285103357684,0.7147158190854495,0.5896917734292596
cx0.75_cy0.25_layoutA__gamma_0.05__false_negative_suppression_x_js_0.15,cx0.75_cy0.25_layoutA,0.05,false_negative_suppression,x,0.15,5.016282148172827,0.7981008632443333,0.768600566644397,0.6739566178287116,0.36869161618768065,0.7981008632443333,0.6981988684648086,0.5745107244533774
cx0.75_cy0.25_layoutA__gamma_0.05__false_negative_suppression_y_js_0.05,cx0.75_cy0.25_layoutA,0.05,false_negative_suppression,y,0.05,4.641661598798959,0.8041887209697796,0.7947956162562968,0.6320953866525674,0.24598961772467148,0.8041887209697796,0.7333039526909908,0.5782490380183141
cx0.75_cy0.25_layoutA__gamma_0.05__false_negative_suppression_y_js_0.1,cx0.75_cy0.25_layoutA,0.05,false_negative_suppression,y,0.1,4.775420561899034,0.6690532897253283,0.6478437709425439,0.5348303565720897,0.3102266043127825,0.6690532897253283,0.5639712837250187,0.4479180266241342
cx0.75_cy0.25_layoutA__gamma_0.05__false_negative_suppression_y_js_0.15,cx0.75_cy0.25_layoutA,0.05,false_negative_suppression,y,0.15,4.719498502919674,0.5867277954390113,0.5646261541285363,0.489463382200105,0.2722601434660087,0.5867277954390113,0.47086147495222974,0.34116632106113115
cx0.75_cy0.25_layoutA__gamma_0.05__oracle,cx0.75_cy0.25_layoutA,0.05,oracle,,0.0,5.352156161698602,0.7730053226244289,0.7609186654967688,0.694351753398317,0.369961356811097,0.7730053226244289,0.6025119586172536,0.51894675338423
cx0.75_cy0.25_layoutA__gamma_0.05__spatial_shift_x_js_0.05,cx0.75_cy0.25_layoutA,0.05,spatial_shift,x,0.05,4.954490454119434,0.6875301396075878,0.6670619614549643,0.5664154405230296,0.17130355909733722,0.6875301396075878,0.5561201310181084,0.48592198234128187
cx0.75_cy0.25_layoutA__gamma_0.05__spatial_shift_x_js_0.1,cx0.75_cy0.25_layoutA,0.05,spatial_shift,x,0.1,4.7593091004282515,0.5775040219064653,0.5611534389250721,0.45842755517882094,0.13976716941578204,0.5775040219064653,0.4626133605273661,0.4049519141517214
cx0.75_cy0.25_layoutA__gamma_0.05__spatial_shift_x_js_0.15,cx0.75_cy0.25_layoutA,0.05,spatial_shift,x,0.15,4.600536368570832,0.47420945975619067,0.4644315511503936,0.35170969486667614,0.08920374249507583,0.47420945975619067,0.38258508634823535,0.32721254758098217
cx0.75_cy0.25_layoutA__gamma_0.05__spatial_shift_y_js_0.05,cx0.75_cy0.25_layoutA,0.05,spatial_shift,y,0.05,5.044904950295485,0.7492031989225612,0.7290480050385579,0.6742701412697268,0.44224724012259287,0.7492031989225612,0.5991420240953287,0.5099265077650433
cx0.75_cy0.25_layoutA__gamma_0.05__spatial_shift_y_js_0.1,cx0.75_cy0.25_layoutA,0.05,spatial_shift,y,0.1,4.904014205717197,0.7413062910813915,0.7109242833236783,0.6473918675419608,0.4432482595583316,0.7413062910813915,0.5739101570505056,0.4825579475249902
cx0.75_cy0.25_layoutA__gamma_0.05__spatial_shift_y_js_0.15,cx0.75_cy0.25_layoutA,0.05,spatial_shift,y,0.15,4.805205069179846,0.7253443410622237,0.6973905653099886,0.6285657910118477,0.4427455752817444,0.7253443410622237,0.5639481432342308,0.4454600958374467
cx0.75_cy0.25_layoutA__gamma_0.05__uniform_prior_baseline,cx0.75_cy0.25_layoutA,0.05,uniform_prior_baseline,,,4.523423783340837,0.3472342352281188,0.3345272739581685,0.2714941103063488,0.16743021340075703,0.3472342352281188,0.3099897590830883,0.25952809714377634
cx0.75_cy0.25_layoutA__gamma_0.1__diffuse_blur_js_0.05,cx0.75_cy0.25_layoutA,0.1,diffuse_blur,,0.05,3.5600531211567583,0.6552362512858121,0.6196678569960036,0.5179836660066515,0.3244935464746552,0.6552362512858121,0.582143132262157,0.4869302103327066
cx0.75_cy0.25_layoutA__gamma_0.1__diffuse_blur_js_0.1,cx0.75_cy0.25_layoutA,0.1,diffuse_blur,,0.1,3.184460549240091,0.4747583934299747,0.44964138000254883,0.38868639781533637,0.2614614872801686,0.4747583934299747,0.4188135533483561,0.3537173801644371
cx0.75_cy0.25_layoutA__gamma_0.1__diffuse_blur_js_0.15,cx0.75_cy0.25_layoutA,0.1,diffuse_blur,,0.15,3.70072533018372,0.3197883322456993,0.30792683783022257,0.2709613990943867,0.162637348422967,0.3197883322456993,0.2721816509179163,0.2265618483310455
cx0.75_cy0.25_layoutA__gamma_0.1__false_hotspot_x_js_0.05,cx0.75_cy0.25_layoutA,0.1,false_hotspot,x,0.05,3.404756436578871,0.5527969005740543,0.5333786925020689,0.46397935796317374,0.2960107696071987,0.5527969005740543,0.4790518156575036,0.38963966850288145
cx0.75_cy0.25_layoutA__gamma_0.1__false_hotspot_x_js_0.1,cx0.75_cy0.25_layoutA,0.1,false_hotspot,x,0.1,3.478689697605973,0.5395140852854332,0.49150895583879595,0.4012007935026203,0.19762439625033026,0.5395140852854332,0.4749757336127829,0.3953374318954177
cx0.75_cy0.25_layoutA__gamma_0.1__false_hotspot_x_js_0.15,cx0.75_cy0.25_layoutA,0.1,false_hotspot,x,0.15,3.622209286539169,0.5487163323207789,0.5082987834014808,0.3834617911959083,0.14491299046422362,0.5487163323207789,0.46042289832245686,0.3497236054772551
cx0.75_cy0.25_layoutA__gamma_0.1__false_hotspot_y_js_0.05,cx0.75_cy0.25_layoutA,0.1,false_hotspot,y,0.05,3.6124553486392554,0.6653549858189058,0.6320526236868143,0.5117373387111017,0.3325241383626616,0.6653549858189058,0.5738005591170128,0.46611911302947373
cx0.75_cy0.25_layoutA__gamma_0.1__false_hotspot_y_js_0.1,cx0.75_cy0.25_layoutA,0.1,false_hotspot,y,0.1,3.755488858687626,0.5414775976766361,0.5261272852105767,0.45687364770493777,0.3265614336707605,0.5414775976766361,0.4689958663122399,0.37908259470962447
cx0.75_cy0.25_layoutA__gamma_0.1__false_hotspot_y_js_0.15,cx0.75_cy0.25_layoutA,0.1,false_hotspot,y,0.15,3.930583582212662,0.43146261011842263,0.4155750537525722,0.3621330945807805,0.26106380666055845,0.43146261011842263,0.38546420757433786,0.3073364674724509
cx0.75_cy0.25_layoutA__gamma_0.1__false_negative_suppression_x_js_0.05,cx0.75_cy0.25_layoutA,0.1,false_negative_suppression,x,0.05,3.579930530620895,0.7087834127775077,0.6734893072284848,0.5659843494055323,0.3156369912186285,0.7087834127775077,0.6187495148750011,0.4975537202738346
cx0.75_cy0.25_layoutA__gamma_0.1__false_negative_suppression_x_js_0.1,cx0.75_cy0.25_layoutA,0.1,false_negative_suppression,x,0.1,3.4828516577242583,0.6844312805647623,0.653175548216521,0.5618976928177362,0.33027124318611134,0.6844312805647623,0.5851288913587701,0.4781081758201664
cx0.75_cy0.25_layoutA__gamma_0.1__false_negative_suppression_x_js_0.15,cx0.75_cy0.25_layoutA,0.1,false_negative_suppression,x,0.15,3.4914627744248103,0.6823856405504959,0.6483380808757747,0.5552093985116487,0.3348584027368118,0.6823856405504959,0.5857873091277612,0.4736253445516123
cx0.75_cy0.25_layoutA__gamma_0.1__false_negative_suppression_y_js_0.05,cx0.75_cy0.25_layoutA,0.1,false_negative_suppression,y,0.05,3.5665442175570243,0.6349128514022304,0.6079046768544925,0.5240321162332813,0.2806924117953846,0.6349128514022304,0.5484557966369239,0.4576642279616274
cx0.75_cy0.25_layoutA__gamma_0.1__false_negative_suppression_y_js_0.1,cx0.75_cy0.25_layoutA,0.1,false_negative_suppression,y,0.1,3.460149382647594,0.6249199126381506,0.5908066282984125,0.4911987523194534,0.2624375075796422,0.6249199126381506,0.5502429741675516,0.46697575097157157
cx0.75_cy0.25_layoutA__gamma_0.1__false_negative_suppression_y_js_0.15,cx0.75_cy0.25_layoutA,0.1,false_negative_suppression,y,0.15,3.463113326129238,0.6110256030019818,0.5717676703177971,0.488405258685441,0.24553703516816905,0.6110256030019818,0.5481825344432575,0.4584955700504556
cx0.75_cy0.25_layoutA__gamma_0.1__oracle,cx0.75_cy0.25_layoutA,0.1,oracle,,0.0,4.219609687930216,0.7649217645650173,0.7224476517631229,0.5715360317541138,0.2861236594821466,0.7649217645650173,0.6646340510267068,0.5802195088774178
cx0.75_cy0.25_layoutA__gamma_0.1__spatial_shift_x_js_0.05,cx0.75_cy0.25_layoutA,0.1,spatial_shift,x,0.05,3.888125198841884,0.5569313557716853,0.5443306363874635,0.4476671758103593,0.19267575829570985,0.5569313557716853,0.5112337671792145,0.4559325652564661
cx0.75_cy0.25_layoutA__gamma_0.1__spatial_shift_x_js_0.1,cx0.75_cy0.25_layoutA,0.1,spatial_shift,x,0.1,3.7317681939452707,0.43853713743252704,0.4220470888634771,0.3407824765551686,0.14145268173667913,0.43853713743252704,0.39406195824577517,0.3398127646616831
cx0.75_cy0.25_layoutA__gamma_0.1__spatial_shift_x_js_0.15,cx0.75_cy0.25_layoutA,0.1,spatial_shift,x,0.15,3.5966681622702423,0.3360088049796923,0.3164329461671134,0.2445037588109144,0.10658193715101624,0.3360088049796923,0.28979665106916885,0.24142942451762053
cx0.75_cy0.25_layoutA__gamma_0.1__spatial_shift_y_js_0.05,cx0.75_cy0.25_layoutA,0.1,spatial_shift,y,0.05,3.925398426997781,0.7200002255011111,0.6797526512023252,0.567033423573652,0.27513373176830414,0.7200002255011111,0.6309837329016531,0.5242533033808185
cx0.75_cy0.25_layoutA__gamma_0.1__spatial_shift_y_js_0.1,cx0.75_cy0.25_layoutA,0.1,spatial_shift,y,0.1,3.7921312157497034,0.6383116698089669,0.6216137129339536,0.5402226384852976,0.27063647958553205,0.6383116698089669,0.5497680062438747,0.4395164521982589
cx0.75_cy0.25_layoutA__gamma_0.1__spatial_shift_y_js_0.15,cx0.75_cy0.25_layoutA,0.1,spatial_shift,y,0.15,3.6797847586010968,0.5330235593215059,0.5277231034522428,0.45352772998165997,0.2319758922049018,0.5330235593215059,0.4440339024356269,0.32327053311407206
cx0.75_cy0.25_layoutA__gamma_0.1__uniform_prior_baseline,cx0.75_cy0.25_layoutA,0.1,uniform_prior_baseline,,,3.8562554930800657,0.21606817688754373,0.20427636020091441,0.16839208103359293,0.08220273061248885,0.21606817688754373,0.17622580156778667,0.1352083939718225
cx0.75_cy0.25_layoutB__gamma_0.05__diffuse_blur_js_0.05,cx0.75_cy0.25_layoutB,0.05,diffuse_blur,,0.05,4.399338260471437,0.8332131930252846,0.8209614984853373,0.7437143530128167,0.44390316904308325,0.8332131930252846,0.7711874745223666,0.6110880411626634
cx0.75_cy0.25_layoutB__gamma_0.05__diffuse_blur_js_0.1,cx0.75_cy0.25_layoutB,0.05,diffuse_blur,,0.1,4.294836548456915,0.6881074581866785,0.6640951020605106,0.5646795686721235,0.39120487249750663,0.6881074581866785,0.6398590576606262,0.5374651398170341
cx0.75_cy0.25_layoutB__gamma_0.05__diffuse_blur_js_0.15,cx0.75_cy0.25_layoutB,0.05,diffuse_blur,,0.15,4.608433236069734,0.526582274590215,0.48526367038286095,0.430058969706261,0.3094112642098846,0.526582274590215,0.49460762329659796,0.3993958962947944
cx0.75_cy0.25_layoutB__gamma_0.05__false_hotspot_x_js_0.05,cx0.75_cy0.25_layoutB,0.05,false_hotspot,x,0.05,4.4183213953398095,0.7384126233834828,0.7176650982310313,0.5993133695868099,0.3504480400697737,0.7384126233834828,0.6419923392865131,0.518622931317068
cx0.75_cy0.25_layoutB__gamma_0.05__false_hotspot_x_js_0.1,cx0.75_cy0.25_layoutB,0.05,false_hotspot,x,0.1,4.572101196755248,0.7292920486772987,0.6997868413626912,0.5588057288672608,0.2185262121779037,0.7292920486772987,0.6153224862279829,0.4959751044258358
cx0.75_cy0.25_layoutB__gamma_0.05__false_hotspot_x_js_0.15,cx0.75_cy0.25_layoutB,0.05,false_hotspot,x,0.15,4.700534373738373,0.6087028583937601,0.5841932397247356,0.3654062168559916,0.06073404514293715,0.6087028583937601,0.5534313532574906,0.44662232861587636
cx0.75_cy0.25_layoutB__gamma_0.05__false_hotspot_y_js_0.05,cx0.75_cy0.25_layoutB,0.05,false_hotspot,y,0.05,4.838601145614123,0.790136329225849,0.7616960097534986,0.645734660635632,0.19882657501812262,0.790136329225849,0.7239463981238278,0.5748483044974553
cx0.75_cy0.25_layoutB__gamma_0.05__false_hotspot_y_js_0.1,cx0.75_cy0.25_layoutB,0.05,false_hotspot,y,0.1,5.03735662501546,0.8835953735656479,0.8706907881705209,0.7302476974486019,0.24848910168807814,0.8835953735656479,0.8044152970055722,0.6143989825458954
cx0.75_cy0.25_layoutB__gamma_0.05__false_hotspot_y_js_0.15,cx0.75_cy0.25_layoutB,0.05,false_hotspot,y,0.15,5.294700810319983,0.6602821438916753,0.6267013333109928,0.5259105537299118,0.3706529747327333,0.6602821438916753,0.5584691782843126,0.4370464791020708
cx0.75_cy0.25_layoutB__gamma_0.05__false_negative_suppression_x_js_0.05,cx0.75_cy0.25_layoutB,0.05,false_negative_suppression,x,0.05,4.636211319192442,0.857744570835455,0.839402780547088,0.7419022186044149,0.39400190530564694,0.857744570835455,0.7917708211650231,0.619676498508825
cx0.75_cy0.25_layoutB__gamma_0.05__false_negative_suppression_x_js_0.1,cx0.75_cy0.25_layoutB,0.05,false_negative_suppression,x,0.1,4.847044087592746,0.8576124436926517,0.8419642988850384,0.7695421773959079,0.43906573848293323,0.8576124436926517,0.776564433878936,0.6367318071674375
cx0.75_cy0.25_layoutB__gamma_0.05__false_negative_suppression_x_js_0.15,cx0.75_cy0.25_layoutB,0.05,false_negative_suppression,x,0.15,5.094569564900059,0.8289034828988029,0.8010814148408567,0.7150586894739186,0.3939248721831605,0.8289034828988029,0.7368898686008176,0.6122902255737772
cx0.75_cy0.25_layoutB__gamma_0.05__false_negative_suppression_y_js_0.05,cx0.75_cy0.25_layoutB,0.05,false_negative_suppression,y,0.05,4.613030620062066,0.7953597553413061,0.7707982371480838,0.6403660719602209,0.23404085246817807,0.7953597553413061,0.7262204422012306,0.575958892100462
cx0.75_cy0.25_layoutB__gamma_0.05__false_negative_suppression_y_js_0.1,cx0.75_cy0.25_layoutB,0.05,false_negative_suppression,y,0.1,4.802446447458147,0.8135110093953757,0.7936824770157858,0.6888716579688766,0.2929111880664072,0.8135110093953757,0.7184626423229141,0.581696717575258
cx0.75_cy0.25_layoutB__gamma_0.05__false_negative_suppression_y_js_0.15,cx0.75_cy0.25_layoutB,0.05,false_negative_suppression,y,0.15,5.108486130264307,0.7754109426158236,0.7514395428106048,0.5588190786962131,0.13484246075375092,0.7754109426158236,0.6936712460216141,0.5280021450373042
cx0.75_cy0.25_layoutB__gamma_0.05__oracle,cx0.75_cy0.25_layoutB,0.05,oracle,,0.0,5.39850147894398,0.7774940961112349,0.7604733567452999,0.7099908740838102,0.4103264082333944,0.7774940961112349,0.6107878990593617,0.5234605275980884
cx0.75_cy0.25_layoutB__gamma_0.05__spatial_shift_x_js_0.05,cx0.75_cy0.25_layoutB,0.05,spatial_shift,x,0.05,4.973314957481887,0.6959664636902538,0.6868955539773676,0.5777233449188076,0.15822670956252372,0.6959664636902538,0.5725697995716588,0.4955403371227747
cx0.75_cy0.25_layoutB__gamma_0.05__spatial_shift_x_js_0.1,cx0.75_cy0.25_layoutB,0.05,spatial_shift,x,0.1,4.776281419627696,0.6242112297259825,0.6110681050480234,0.4958517297610559,0.11419788844388744,0.6242112297259825,0.5063009111492205,0.42329215268695847
cx0.75_cy0.25_layoutB__gamma_0.05__spatial_shift_x_js_0.15,cx0.75_cy0.25_layoutB,0.05,spatial_shift,x,0.15,4.67101348887208,0.6887748800319186,0.6589132590157281,0.5216887673350037,0.17174834830720853,0.6887748800319186,0.5489186458924572,0.3904190825014874
cx0.75_cy0.25_layoutB__gamma_0.05__spatial_shift_y_js_0.05,cx0.75_cy0.25_layoutB,0.05,spatial_shift,y,0.05,5.06806587482095,0.745078191843377,0.7252481492711151,0.6838186139831195,0.4162318087597289,0.745078191843377,0.6168349545594052,0.5095670201560626
cx0.75_cy0.25_layoutB__gamma_0.05__spatial_shift_y_js_0.1,cx0.75_cy0.25_layoutB,0.05,spatial_shift,y,0.1,4.93368534407732,0.7446643046699085,0.7194177115155826,0.672000574875861,0.42321264834297656,0.7446643046699085,0.5720402486434835,0.46839723640253
cx0.75_cy0.25_layoutB__gamma_0.05__spatial_shift_y_js_0.15,cx0.75_cy0.25_layoutB,0.05,spatial_shift,y,0.15,4.902501789279779,0.7243497040239834,0.6847602463049555,0.5682935889425448,0.3606936639651041,0.7243497040239834,0.5653231184978903,0.4105694793113627
cx0.75_cy0.25_layoutB__gamma_0.05__uniform_prior_baseline,cx0.75_cy0.25_layoutB,0.05,uniform_prior_baseline,,,4.624327569415376,0.4009889486366945,0.3755314443434025,0.3096133568659547,0.20296158393908398,0.4009889486366945,0.3680876300955273,0.30091959946147206
cx0.75_cy0.25_layoutB__gamma_0.1__diffuse_blur_js_0.05,cx0.75_cy0.25_layoutB,0.1,diffuse_blur,,0.05,3.4856959964267515,0.6478125376285098,0.6213756095469599,0.524460350073699,0.3306808491520832,0.6478125376285098,0.5804486224672385,0.5020164292031294
cx0.75_cy0.25_layoutB__gamma_0.1__diffuse_blur_js_0.1,cx0.75_cy0.25_layoutB,0.1,diffuse_blur,,0.1,3.066436041939345,0.46389121216649054,0.4403053782689179,0.3698387954260557,0.28145158546126203,0.46389121216649054,0.42730069777091373,0.36655011766424217
cx0.75_cy0.25_layoutB__gamma_0.1__diffuse_blur_js_0.15,cx0.75_cy0.25_layoutB,0.1,diffuse_blur,,0.15,3.706876426022547,0.36394241536738914,0.3550296378368307,0.3060743451540074,0.20374893045151915,0.36394241536738914,0.3150955160300877,0.26851209762801787
cx0.75_cy0.25_layoutB__gamma_0.1__false_hotspot_x_js_0.05,cx0.75_cy0.25_layoutB,0.1,false_hotspot,x,0.05,3.415604108724697,0.5604405435657958,0.5353708936535296,0.46287745213274367,0.2920335605127432,0.5604405435657958,0.4919041102971559,0.423263838300408
cx0.75_cy0.25_layoutB__gamma_0.1__false_hotspot_x_js_0.1,cx0.75_cy0.25_layoutB,0.1,false_hotspot,x,0.1,3.484981223563105,0.5405783452424825,0.49971402216771577,0.4116596170743207,0.20246058756227236,0.5405783452424825,0.4836936687576211,0.4072342566168092
cx0.75_cy0.25_layoutB__gamma_0.1__false_hotspot_x_js_0.15,cx0.75_cy0.25_layoutB,0.1,false_hotspot,x,0.15,3.6306526952774854,0.5644484650515184,0.5085450363079296,0.40568183158199833,0.15333393075872945,0.5644484650515184,0.47110487463802975,0.36268733975911366
cx0.75_cy0.25_layoutB__gamma_0.1__false_hotspot_y_js_0.05,cx0.75_cy0.25_layoutB,0.1,false_hotspot,y,0.05,3.6240050632092258,0.6619111607290136,0.62441695362733,0.5078311761453342,0.3372617119440807,0.6619111607290136,0.5762318009551266,0.47269496550678775
cx0.75_cy0.25_layoutB__gamma_0.1__false_hotspot_y_js_0.1,cx0.75_cy0.25_layoutB,0.1,false_hotspot,y,0.1,3.7688321823655087,0.5394923970354271,0.5181852421984688,0.4593742265532926,0.3359542677805888,0.5394923970354271,0.47288477704764587,0.3936356051216786
cx0.75_cy0.25_layoutB__gamma_0.1__false_hotspot_y_js_0.15,cx0.75_cy0.25_layoutB,0.1,false_hotspot,y,0.15,3.9425080162112924,0.4519385048708189,0.4212440684920436,0.3577633715352401,0.2574502165592934,0.4519385048708189,0.40711771708643596,0.33562254165932237
cx0.75_cy0.25_layoutB__gamma_0.1__false_negative_suppression_x_js_0.05,cx0.75_cy0.25_layoutB,0.1,false_negative_suppression,x,0.05,3.5817025226964896,0.7193998915052515,0.6824799991083379,0.57280889821571,0.3090352442460864,0.7193998915052515,0.6321499311491616,0.5186304713268618
cx0.75_cy0.25_layoutB__gamma_0.1__false_negative_suppression_x_js_0.1,cx0.75_cy0.25_layoutB,0.1,false_negative_suppression,x,0.1,3.4666289206139536,0.6893685957187711,0.651951232948422,0.5658875790983426,0.33192072774336134,0.6893685957187711,0.6022911901930916,0.4932391798129938
cx0.75_cy0.25_layoutB__gamma_0.1__false_negative_suppression_x_js_0.15,cx0.75_cy0.25_layoutB,0.1,false_negative_suppression,x,0.15,3.4617674810728416,0.6864565630922687,0.6546754997980924,0.5610818512614422,0.33141705388704407,0.6864565630922687,0.5950246897903693,0.4819994686970944
cx0.75_cy0.25_layoutB__gamma_0.1__false_negative_suppression_y_js_0.05,cx0.75_cy0.25_layoutB,0.1,false_negative_suppression,y,0.05,3.5679427792141576,0.6463522731536393,0.6131384878553512,0.52440118260123,0.2882087044105589,0.6463522731536393,0.5695138312193749,0.4842042056713811
cx0.75_cy0.25_layoutB__gamma_0.1__false_negative_suppression_y_js_0.1,cx0.75_cy0.25_layoutB,0.1,false_negative_suppression,y,0.1,3.443755785263358,0.6203205908393471,0.5926680220437834,0.5126806117096557,0.2627669302420024,0.6203205908393471,0.5489548375052841,0.46974390813994393
cx0.75_cy0.25_layoutB__gamma_0.1__false_negative_suppression_y_js_0.15,cx0.75_cy0.25_layoutB,0.1,false_negative_suppression,y,0.15,3.4326021089661523,0.6124356370928079,0.5836917054646776,0.4996028911529343,0.2583119811687056,0.6124356370928079,0.5527943083643199,0.4671591317648246
cx0.75_cy0.25_layoutB__gamma_0.1__oracle,cx0.75_cy0.25_layoutB,0.1,oracle,,0.0,4.2614754868060425,0.7809643208641776,0.7249721666490379,0.5796540060739228,0.29420603163247594,0.7809643208641776,0.6625286059840823,0.5901071664851348
cx0.75_cy0.25_layoutB__gamma_0.1__spatial_shift_x_js_0.05,cx0.75_cy0.25_layoutB,0.1,spatial_shift,x,0.05,3.970621240989162,0.7435358599762549,0.6909978219934547,0.5387893445083346,0.17174039008327235,0.7435358599762549,0.6292610847783087,0.5174047872745157
cx0.75_cy0.25_layoutB__gamma_0.1__spatial_shift_x_js_0.1,cx0.75_cy0.25_layoutB,0.1,spatial_shift,x,0.1,3.7958459654076018,0.5567097683262987,0.49269981895167103,0.3479170152201779,0.13209763068309444,0.5567097683262987,0.43567591438022735,0.3448975208478994
cx0.75_cy0.25_layoutB__gamma_0.1__spatial_shift_x_js_0.15,cx0.75_cy0.25_layoutB,0.1,spatial_shift,x,0.15,3.647438169260245,0.38022890511287555,0.3373921038749223,0.20840610567051132,0.08434742375448315,0.38022890511287555,0.30060404616202363,0.23074697865216198
cx0.75_cy0.25_layoutB__gamma_0.1__spatial_shift_y_js_0.05,cx0.75_cy0.25_layoutB,0.1,spatial_shift,y,0.05,3.9601183615534024,0.7296644282604214,0.6835741192951713,0.572074110283947,0.27725656712616514,0.7296644282604214,0.6244329764211113,0.5198927123378836
cx0.75_cy0.25_layoutB__gamma_0.1__spatial_shift_y_js_0.1,cx0.75_cy0.25_layoutB,0.1,spatial_shift,y,0.1,3.826168705309718,0.6558319833213566,0.6201003875489672,0.5378011371827557,0.29388626902232906,0.6558319833213566,0.5496018099224118,0.429341172985908
cx0.75_cy0.25_layoutB__gamma_0.1__spatial_shift_y_js_0.15,cx0.75_cy0.25_layoutB,0.1,spatial_shift,y,0.15,3.7600043762254316,0.4072039588141039,0.38228374942691823,0.319216000420089,0.21375398178611868,0.4072039588141039,0.27433807003319227,0.19003549239452663
cx0.75_cy0.25_layoutB__gamma_0.1__uniform_prior_baseline,cx0.75_cy0.25_layoutB,0.1,uniform_prior_baseline,,,3.994932261844465,0.28395846343862113,0.2751724257342344,0.2267064802301234,0.1320296609029872,0.28395846343862113,0.2503865356982684,0.20374538912532403
cx0.75_cy0.25_layoutC__gamma_0.05__diffuse_blur_js_0.05,cx0.75_cy0.25_layoutC,0.05,diffuse_blur,,0.05,4.481994286652036,0.8528730315070695,0.8260359159424251,0.7200600484651583,0.4478986748210145,0.8528730315070695,0.774159886401151,0.6214909128782147
cx0.75_cy0.25_layoutC__gamma_0.05__diffuse_blur_js_0.1,cx0.75_cy0.25_layoutC,0.05,diffuse_blur,,0.1,4.259978073675269,0.6375499385235308,0.6186681077084253,0.5286397605137423,0.3446613899613877,0.6375499385235308,0.5866536377081794,0.4919320390406353
cx0.75_cy0.25_layoutC__gamma_0.05__diffuse_blur_js_0.15,cx0.75_cy0.25_layoutC,0.05,diffuse_blur,,0.15,4.630433218383479,0.519677328884462,0.4827822031510444,0.42447701646920877,0.29463751726091136,0.519677328884462,0.4785146408097781,0.414709261490517
cx0.75_cy0.25_layoutC__gamma_0.05__false_hotspot_x_js_0.05,cx0.75_cy0.25_layoutC,0.05,false_hotspot,x,0.05,4.4434617154253715,0.7993713238385497,0.7674623393187404,0.6462830263842612,0.3256285409970199,0.7993713238385497,0.6977739418452111,0.5604908707926759
cx0.75_cy0.25_layoutC__gamma_0.05__false_hotspot_x_js_0.1,cx0.75_cy0.25_layoutC,0.05,false_hotspot,x,0.1,4.570128850149499,0.7139036403427939,0.6850549457752833,0.5469746625916553,0.1816397411144081,0.7139036403427939,0.6376494201477858,0.4973376548390721
cx0.75_cy0.25_layoutC__gamma_0.05__false_hotspot_x_js_0.15,cx0.75_cy0.25_layoutC,0.05,false_hotspot,x,0.15,4.689698369615395,0.6100443190983378,0.58605014766775,0.3851535171118945,0.05598625971652654,0.6100443190983378,0.5574496143951841,0.44193537567599284
cx0.75_cy0.25_layoutC__gamma_0.05__false_hotspot_y_js_0.05,cx0.75_cy0.25_layoutC,0.05,false_hotspot,y,0.05,4.854720855940198,0.8489119837687777,0.8240321218618837,0.6758105902127092,0.18571505234024727,0.8489119837687777,0.7579168677707117,0.5747581937405193
cx0.75_cy0.25_layoutC__gamma_0.05__false_hotspot_y_js_0.1,cx0.75_cy0.25_layoutC,0.05,false_hotspot,y,0.1,5.070345007870162,0.8259349332275966,0.7994567900801979,0.688802250991736,0.4547471421885754,0.8259349332275966,0.7091327931868021,0.5585817973856381
cx0.75_cy0.25_layoutC__gamma_0.05__false_hotspot_y_js_0.15,cx0.75_cy0.25_layoutC,0.05,false_hotspot,y,0.15,5.280512456477129,0.6339525805979205,0.5971603670949859,0.5149456170815147,0.3555811263092706,0.6339525805979205,0.5321890594113085,0.4255260928066583
cx0.75_cy0.25_layoutC__gamma_0.05__false_negative_suppression_x_js_0.05,cx0.75_cy0.25_layoutC,0.05,false_negative_suppression,x,0.05,4.641672757581424,0.8680848321547621,0.8534357829644978,0.7453232441617698,0.4063082786446575,0.8680848321547621,0.7889043777257017,0.6299378509447757
cx0.75_cy0.25_layoutC__gamma_0.05__false_negative_suppression_x_js_0.1,cx0.75_cy0.25_layoutC,0.05,false_negative_suppression,x,0.1,4.851264824055891,0.8312744487812818,0.8087483506780553,0.7261281902362177,0.45818547272402355,0.8312744487812818,0.7423346788739379,0.6209700781727594
cx0.75_cy0.25_layoutC__gamma_0.05__false_negative_suppression_x_js_0.15,cx0.75_cy0.25_layoutC,0.05,false_negative_suppression,x,0.15,5.024665969613003,0.807760811186311,0.7798808478786057,0.6870537594344872,0.41156533932884476,0.807760811186311,0.7076609709723352,0.5875268615922853
cx0.75_cy0.25_layoutC__gamma_0.05__false_negative_suppression_y_js_0.05,cx0.75_cy0.25_layoutC,0.05,false_negative_suppression,y,0.05,4.616464951066651,0.7538824721427408,0.7347191587386094,0.6007704683683104,0.21454494363646703,0.7538824721427408,0.6887030393490929,0.5581351763655187
cx0.75_cy0.25_layoutC__gamma_0.05__false_negative_suppression_y_js_0.1,cx0.75_cy0.25_layoutC,0.05,false_negative_suppression,y,0.1,4.859404100563169,0.7290224951480868,0.7111836828232302,0.54324845846141,0.14562481534842323,0.7290224951480868,0.6617089946824976,0.5313284920684149
cx0.75_cy0.25_layoutC__gamma_0.05__false_negative_suppression_y_js_0.15,cx0.75_cy0.25_layoutC,0.05,false_negative_suppression,y,0.15,5.164334126642015,0.7731398261612372,0.7510959918491307,0.5431171413476199,0.12252105762327663,0.7731398261612372,0.6934653628154219,0.5311273017197532
cx0.75_cy0.25_layoutC__gamma_0.05__oracle,cx0.75_cy0.25_layoutC,0.05,oracle,,0.0,5.347618711038381,0.7804705960159495,0.7633929567873016,0.6918099914915545,0.3365474604821233,0.7804705960159495,0.607804499202712,0.5142814601344298
cx0.75_cy0.25_layoutC__gamma_0.05__spatial_shift_x_js_0.05,cx0.75_cy0.25_layoutC,0.05,spatial_shift,x,0.05,4.9549444830254465,0.6873905332440646,0.6666478386022618,0.5177003870963225,0.19099492280949854,0.6873905332440646,0.6357538413631707,0.5123639476896611
cx0.75_cy0.25_layoutC__gamma_0.05__spatial_shift_x_js_0.1,cx0.75_cy0.25_layoutC,0.05,spatial_shift,x,0.1,4.807037003448723,0.6861078021723785,0.6636863735781504,0.4735811537728366,0.11940061807531856,0.6861078021723785,0.6130241275334881,0.4785642379776469
cx0.75_cy0.25_layoutC__gamma_0.05__spatial_shift_x_js_0.15,cx0.75_cy0.25_layoutC,0.05,spatial_shift,x,0.15,5.779408209180259,0.6615354037511405,0.634816617845654,0.5396968422296294,0.1227285061728167,0.6615354037511405,0.5854074162005254,0.44802797763422597
cx0.75_cy0.25_layoutC__gamma_0.05__spatial_shift_y_js_0.05,cx0.75_cy0.25_layoutC,0.05,spatial_shift,y,0.05,5.062413170877614,0.8220669444135607,0.8049095632692307,0.6983661266308829,0.4633069233826927,0.8220669444135607,0.6900041702007699,0.5552058919434337
cx0.75_cy0.25_layoutC__gamma_0.05__spatial_shift_y_js_0.1,cx0.75_cy0.25_layoutC,0.05,spatial_shift,y,0.1,4.981278156540833,0.7013284328107106,0.6772635341389113,0.5825204306262566,0.39417780621578224,0.7013284328107106,0.5154433497431833,0.399374398621673
cx0.75_cy0.25_layoutC__gamma_0.05__spatial_shift_y_js_0.15,cx0.75_cy0.25_layoutC,0.05,spatial_shift,y,0.15,4.9354578669403955,0.6007937935993034,0.575138752251017,0.4920691295775458,0.33196008814255856,0.6007937935993034,0.3994402689302484,0.29644345519433235
cx0.75_cy0.25_layoutC__gamma_0.05__uniform_prior_baseline,cx0.75_cy0.25_layoutC,0.05,uniform_prior_baseline,,,4.68142321799549,0.4021068268897625,0.3721448816801665,0.3093262252342179,0.19590413134880313,0.4021068268897625,0.35993533054614557,0.3083808002217241
cx0.75_cy0.25_layoutC__gamma_0.1__diffuse_blur_js_0.05,cx0.75_cy0.25_layoutC,0.1,diffuse_blur,,0.05,3.5255642138732735,0.6534812796433891,0.6217794427302585,0.512310195125728,0.3243955153610698,0.6534812796433891,0.5768967412754675,0.49922016416804615
cx0.75_cy0.25_layoutC__gamma_0.1__diffuse_blur_js_0.1,cx0.75_cy0.25_layoutC,0.1,diffuse_blur,,0.1,3.083645136053342,0.4606742082905949,0.4385793486630577,0.37064208777836827,0.2514781764953794,0.4606742082905949,0.41327013198467966,0.3714474643791855
cx0.75_cy0.25_layoutC__gamma_0.1__diffuse_blur_js_0.15,cx0.75_cy0.25_layoutC,0.1,diffuse_blur,,0.15,3.6829109159426014,0.33799056780540326,0.326248219645975,0.2774748413113353,0.17052489087881728,0.33799056780540326,0.28415553398301413,0.24327426247502787
cx0.75_cy0.25_layoutC__gamma_0.1__false_hotspot_x_js_0.05,cx0.75_cy0.25_layoutC,0.1,false_hotspot,x,0.05,3.4052887142717503,0.5605057156876041,0.5280741418013207,0.45804274023756997,0.2790442586804204,0.5605057156876041,0.48331361751403235,0.4084403597078
cx0.75_cy0.25_layoutC__gamma_0.1__false_hotspot_x_js_0.1,cx0.75_cy0.25_layoutC,0.1,false_hotspot,x,0.1,3.4838458105200742,0.532942871233498,0.4971802287361443,0.3946217407794086,0.21111407787831804,0.532942871233498,0.4691803965554841,0.3948158097706685
cx0.75_cy0.25_layoutC__gamma_0.1__false_hotspot_x_js_0.15,cx0.75_cy0.25_layoutC,0.1,false_hotspot,x,0.15,3.636085916206088,0.5532468284487888,0.49149138371532664,0.37479961255898664,0.14414752711537399,0.5532468284487888,0.4480854266025823,0.3426085261168843
cx0.75_cy0.25_layoutC__gamma_0.1__false_hotspot_y_js_0.05,cx0.75_cy0.25_layoutC,0.1,false_hotspot,y,0.05,3.616933166929235,0.6449547983800564,0.6074905242838577,0.5025847299318256,0.31586014328178597,0.6449547983800564,0.5598159314622724,0.46503066969253937
cx0.75_cy0.25_layoutC__gamma_0.1__false_hotspot_y_js_0.1,cx0.75_cy0.25_layoutC,0.1,false_hotspot,y,0.1,3.7640404572129658,0.5393362704953195,0.5224224992457844,0.447925316867229,0.31618935755139,0.5393362704953195,0.45920578733995754,0.3811962491922194
cx0.75_cy0.25_layoutC__gamma_0.1__false_hotspot_y_js_0.15,cx0.75_cy0.25_layoutC,0.1,false_hotspot,y,0.15,3.9438915194158732,0.44631983682801957,0.4198035558576406,0.35223894882024576,0.23923774249129798,0.44631983682801957,0.39845184962546953,0.31819061339001864
cx0.75_cy0.25_layoutC__gamma_0.1__false_negative_suppression_x_js_0.05,cx0.75_cy0.25_layoutC,0.1,false_negative_suppression,x,0.05,3.5675321765351833,0.6962681396380994,0.6637193488268103,0.5436211602951487,0.32077928571340936,0.6962681396380994,0.6007287530108375,0.5047146791429019
cx0.75_cy0.25_layoutC__gamma_0.1__false_negative_suppression_x_js_0.1,cx0.75_cy0.25_layoutC,0.1,false_negative_suppression,x,0.1,3.462074719966509,0.6838894698395587,0.6426632865829797,0.5463541620590352,0.33635766374789794,0.6838894698395587,0.5916127301610807,0.491445284001618
cx0.75_cy0.25_layoutC__gamma_0.1__false_negative_suppression_x_js_0.15,cx0.75_cy0.25_layoutC,0.1,false_negative_suppression,x,0.15,3.46466402059136,0.6783283896684006,0.6408847149242671,0.5404194274064251,0.3356181139380491,0.6783283896684006,0.5745634861296017,0.47278905572332874
cx0.75_cy0.25_layoutC__gamma_0.1__false_negative_suppression_y_js_0.05,cx0.75_cy0.25_layoutC,0.1,false_negative_suppression,y,0.05,3.5527065368230213,0.6318359054684346,0.5973328218553383,0.5019218882573633,0.2828604084251316,0.6318359054684346,0.5550318404099,0.48040146914521653
cx0.75_cy0.25_layoutC__gamma_0.1__false_negative_suppression_y_js_0.1,cx0.75_cy0.25_layoutC,0.1,false_negative_suppression,y,0.1,3.438429772058729,0.6064929459274642,0.5781997435247004,0.48397430690352056,0.26787141706338635,0.6064929459274642,0.5285555029461906,0.46422140051980554
cx0.75_cy0.25_layoutC__gamma_0.1__false_negative_suppression_y_js_0.15,cx0.75_cy0.25_layoutC,0.1,false_negative_suppression,y,0.15,3.4354236765805792,0.6025834065247259,0.5714870353054938,0.469819494454385,0.2648052987685075,0.6025834065247259,0.5281868211199741,0.4584108268127682
cx0.75_cy0.25_layoutC__gamma_0.1__oracle,cx0.75_cy0.25_layoutC,0.1,oracle,,0.0,4.23740947168122,0.7785672018189512,0.7307302301092051,0.5563186477142661,0.27142879882079896,0.7785672018189512,0.6488985850244462,0.577521581772235
cx0.75_cy0.25_layoutC__gamma_0.1__spatial_shift_x_js_0.05,cx0.75_cy0.25_layoutC,0.1,spatial_shift,x,0.05,3.9134060668006496,0.6611742894559998,0.6136949751234584,0.4525821054325744,0.20944923919044067,0.6611742894559998,0.5420403527564315,0.4431327091358675
cx0.75_cy0.25_layoutC__gamma_0.1__spatial_shift_x_js_0.1,cx0.75_cy0.25_layoutC,0.1,spatial_shift,x,0.1,3.753601231728111,0.5604722103621445,0.49235153189019587,0.3533112147194303,0.13837233310556624,0.5604722103621445,0.4474039463552396,0.3475048152348349
cx0.75_cy0.25_layoutC__gamma_0.1__spatial_shift_x_js_0.15,cx0.75_cy0.25_layoutC,0.1,spatial_shift,x,0.15,3.6642877443706983,0.48996116853337185,0.42547455174547144,0.28310727435097494,0.09818981200387977,0.48996116853337185,0.3832292257049746,0.2803094343233533
cx0.75_cy0.25_layoutC__gamma_0.1__spatial_shift_y_js_0.05,cx0.75_cy0.25_layoutC,0.1,spatial_shift,y,0.05,3.9631529790114586,0.6271615904700438,0.5872103553127529,0.4812062672886218,0.318083884709842,0.6271615904700438,0.4865083671923912,0.3843715573165254
cx0.75_cy0.25_layoutC__gamma_0.1__spatial_shift_y_js_0.1,cx0.75_cy0.25_layoutC,0.1,spatial_shift,y,0.1,3.8355953344816047,0.4885449544062737,0.4666541483781899,0.3815790160595145,0.24796150583858742,0.4885449544062737,0.3437647115753214,0.2679501866146441
cx0.75_cy0.25_layoutC__gamma_0.1__spatial_shift_y_js_0.15,cx0.75_cy0.25_layoutC,0.1,spatial_shift,y,0.15,3.776379904085583,0.37442320730423706,0.34784954911524424,0.28323045250904216,0.17133851277164097,0.37442320730423706,0.2718035094771982,0.21947737406537543
cx0.75_cy0.25_layoutC__gamma_0.1__uniform_prior_baseline,cx0.75_cy0.25_layoutC,0.1,uniform_prior_baseline,,,3.9666641514126657,0.27621664171301114,0.25336562519248623,0.19809951521144598,0.09040344354203508,0.27621664171301114,0.23862109005550394,0.18338592941947907
cx0.75_cy0.75_layoutA__gamma_0.05__diffuse_blur_js_0.05,cx0.75_cy0.75_layoutA,0.05,diffuse_blur,,0.05,4.884608779727033,0.7877029934576997,0.7695406174079955,0.676389266340112,0.37449791533862126,0.7877029934576997,0.7359548270007211,0.5716723044674523
cx0.75_cy0.75_layoutA__gamma_0.05__diffuse_blur_js_0.1,cx0.75_cy0.75_layoutA,0.05,diffuse_blur,,0.1,4.578109906324572,0.7726633956670987,0.7416380377896636,0.5703371196063842,0.1551399968970107,0.7726633956670987,0.6607713563930112,0.4636809457092913
cx0.75_cy0.75_layoutA__gamma_0.05__diffuse_blur_js_0.15,cx0.75_cy0.75_layoutA,0.05,diffuse_blur,,0.15,4.52064883142525,0.7217791478953511,0.6751364876638254,0.4715853304819055,0.06639390796937822,0.7217791478953511,0.5954187451927937,0.4056747909546655
cx0.75_cy0.75_layoutA__gamma_0.05__false_hotspot_x_js_0.05,cx0.75_cy0.75_layoutA,0.05,false_hotspot,x,0.05,5.1311372723297675,0.7174358726632599,0.6933659568889805,0.6298812795635496,0.3572101917391415,0.7174358726632599,0.6692885815706533,0.573935490129122
cx0.75_cy0.75_layoutA__gamma_0.05__false_hotspot_x_js_0.1,cx0.75_cy0.75_layoutA,0.05,false_hotspot,x,0.1,5.041788399250164,0.6032356497533427,0.5597263877930065,0.4965864620411706,0.2619894120794822,0.6032356497533427,0.5495083603376202,0.4740763666310358
cx0.75_cy0.75_layoutA__gamma_0.05__false_hotspot_x_js_0.15,cx0.75_cy0.75_layoutA,0.05,false_hotspot,x,0.15,5.088035335658005,0.6884452487259931,0.668893206707195,0.5494657647865031,0.2560312791095747,0.6884452487259931,0.6174502001621212,0.48679679195257475
cx0.75_cy0.75_layoutA__gamma_0.05__false_hotspot_y_js_0.05,cx0.75_cy0.75_layoutA,0.05,false_hotspot,y,0.05,5.052571082780174,0.684047730715178,0.6484104183237404,0.5675431075054956,0.2760016793891353,0.684047730715178,0.5807787095450186,0.46290268345479835
cx0.75_cy0.75_layoutA__gamma_0.05__false_hotspot_y_js_0.1,cx0.75_cy0.75_layoutA,0.05,false_hotspot,y,0.1,5.074094636422683,0.7231819737594292,0.6885974188289513,0.5748086536569841,0.27853206471510933,0.7231819737594292,0.6150310872978045,0.48374195694827943
cx0.75_cy0.75_layoutA__gamma_0.05__false_hotspot_y_js_0.15,cx0.75_cy0.75_layoutA,0.05,false_hotspot,y,0.15,5.099776130647194,0.6893040336332865,0.6756835725964546,0.547109446064662,0.19546099684787513,0.6893040336332865,0.5825200206005474,0.44181035156015735
cx0.75_cy0.75_layoutA__gamma_0.05__false_negative_suppression_x_js_0.05,cx0.75_cy0.75_layoutA,0.05,false_negative_suppression,x,0.05,4.135212959068093,0.7040618646629686,0.6898885917509849,0.5765087857910322,0.3283417284261264,0.7040618646629686,0.6770662949843212,0.6252632570205607
cx0.75_cy0.75_layoutA__gamma_0.05__false_negative_suppression_x_js_0.1,cx0.75_cy0.75_layoutA,0.05,false_negative_suppression,x,0.1,4.322691540557524,0.7101248708476052,0.6911007301161549,0.5857363659483239,0.28637902238294655,0.7101248708476052,0.6822410456995811,0.5861366409388903
cx0.75_cy0.75_layoutA__gamma_0.05__false_negative_suppression_x_js_0.15,cx0.75_cy0.75_layoutA,0.05,false_negative_suppression,x,0.15,4.356026724704303,0.5995261243869201,0.5572014186617954,0.39557472724595816,0.04771417377787983,0.5995261243869201,0.5227428324550348,0.39808853477555817
cx0.75_cy0.75_layoutA__gamma_0.05__false_negative_suppression_y_js_0.05,cx0.75_cy0.75_layoutA,0.05,false_negative_suppression,y,0.05,4.168643720470515,0.7429982262694215,0.7145364856738426,0.5959319579823251,0.34720954956861527,0.7429982262694215,0.6905482332890954,0.6120782611687094
cx0.75_cy0.75_layoutA__gamma_0.05__false_negative_suppression_y_js_0.1,cx0.75_cy0.75_layoutA,0.05,false_negative_suppression,y,0.1,4.254098790112308,0.7427854613788621,0.7122166071815987,0.5891603657431572,0.3726129629269855,0.7427854613788621,0.6725426364890873,0.5347391030414411
cx0.75_cy0.75_layoutA__gamma_0.05__false_negative_suppression_y_js_0.15,cx0.75_cy0.75_layoutA,0.05,false_negative_suppression,y,0.15,4.356026724978715,0.7336810885050369,0.7104328325070092,0.5935524884382875,0.35885632046893673,0.7336810885050369,0.6521983610964462,0.5153714226934399
cx0.75_cy0.75_layoutA__gamma_0.05__oracle,cx0.75_cy0.75_layoutA,0.05,oracle,,0.0,4.648991011305187,0.745014979239994,0.7219339784001639,0.6327737701406794,0.41839908966207473,0.745014979239994,0.6625087293372587,0.5718971949960645
cx0.75_cy0.75_layoutA__gamma_0.05__spatial_shift_x_js_0.05,cx0.75_cy0.75_layoutA,0.05,spatial_shift,x,0.05,4.649841945005075,0.6825829807683961,0.6616634179307865,0.5651797046967638,0.36283762490932836,0.6825829807683961,0.603434977678804,0.5210982067413432
cx0.75_cy0.75_layoutA__gamma_0.05__spatial_shift_x_js_0.1,cx0.75_cy0.75_layoutA,0.05,spatial_shift,x,0.1,4.695320132148267,0.7038400541524934,0.6554540356057876,0.5565912904229873,0.3158755285632666,0.7038400541524934,0.5971254652818683,0.49317876379506753
cx0.75_cy0.75_layoutA__gamma_0.05__spatial_shift_x_js_0.15,cx0.75_cy0.75_layoutA,0.05,spatial_shift,x,0.15,4.74364851223412,0.7263885730323829,0.6960761781126273,0.5759567541440591,0.3177130989761722,0.7263885730323829,0.610162802789634,0.4706510018134278
cx0.75_cy0.75_layoutA__gamma_0.05__spatial_shift_y_js_0.05,cx0.75_cy0.75_layoutA,0.05,spatial_shift,y,0.05,4.669853220369559,0.6489435277754322,0.6363917104754221,0.5504583326528146,0.306077466341941,0.6489435277754322,0.5917921163664536,0.5100624178073359
cx0.75_cy0.75_layoutA__gamma_0.05__spatial_shift_y_js_0.1,cx0.75_cy0.75_layoutA,0.05,spatial_shift,y,0.1,4.715242372235876,0.5685986265805888,0.5540879884981532,0.4906892245894172,0.20973957589218528,0.5685986265805888,0.5134760260367431,0.42602618608577675
cx0.75_cy0.75_layoutA__gamma_0.05__spatial_shift_y_js_0.15,cx0.75_cy0.75_layoutA,0.05,spatial_shift,y,0.15,4.751187322877356,0.6059947402912014,0.598312986530981,0.509409602961644,0.19987376899697135,0.6059947402912014,0.4934060707618005,0.3871582389971268
cx0.75_cy0.75_layoutA__gamma_0.05__uniform_prior_baseline,cx0.75_cy0.75_layoutA,0.05,uniform_prior_baseline,,,4.523423783340837,0.6947357460164068,0.6558389450923952,0.45309459424546605,0.05318301532922429,0.6947357460164068,0.5760834997022806,0.4082465031395449
cx0.75_cy0.75_layoutA__gamma_0.1__diffuse_blur_js_0.05,cx0.75_cy0.75_layoutA,0.1,diffuse_blur,,0.05,3.810261973448748,0.6984541907761672,0.6829538297530484,0.5872948456773751,0.2609904537101352,0.6984541907761672,0.6379326084015055,0.5226068834625943
cx0.75_cy0.75_layoutA__gamma_0.1__diffuse_blur_js_0.1,cx0.75_cy0.75_layoutA,0.1,diffuse_blur,,0.1,3.8165402348819275,0.6754921406979252,0.6609374481356016,0.5410980134378739,0.11930057386431767,0.6754921406979252,0.580532239831814,0.3946901471585289
cx0.75_cy0.75_layoutA__gamma_0.1__diffuse_blur_js_0.15,cx0.75_cy0.75_layoutA,0.1,diffuse_blur,,0.15,3.8443824364359247,0.6142549774898607,0.5753655711235525,0.4195663991816468,0.0468800428064358,0.6142549774898607,0.5059744465178214,0.36224285779088944
cx0.75_cy0.75_layoutA__gamma_0.1__false_hotspot_x_js_0.05,cx0.75_cy0.75_layoutA,0.1,false_hotspot,x,0.05,4.272204204646391,0.694199723732396,0.6537458243490532,0.526298915580272,0.2564344781155926,0.694199723732396,0.6217200415856095,0.5283880790107995
cx0.75_cy0.75_layoutA__gamma_0.1__false_hotspot_x_js_0.1,cx0.75_cy0.75_layoutA,0.1,false_hotspot,x,0.1,4.403728023168907,0.7027821370307188,0.6625516059801219,0.462630946284578,0.08445858694206519,0.7027821370307188,0.5762798825929223,0.4200434316564316
cx0.75_cy0.75_layoutA__gamma_0.1__false_hotspot_x_js_0.15,cx0.75_cy0.75_layoutA,0.1,false_hotspot,x,0.15,3.8126236632275217,0.5176776093833001,0.48644431174566927,0.3496699845235329,0.035719927886562745,0.5176776093833001,0.4512249315734547,0.3426182082128555
cx0.75_cy0.75_layoutA__gamma_0.1__false_hotspot_y_js_0.05,cx0.75_cy0.75_layoutA,0.1,false_hotspot,y,0.05,3.800355267361854,0.6545411136810514,0.6262750432691082,0.5468978937419777,0.2390189260090117,0.6545411136810514,0.5916601038268672,0.4632166234907148
cx0.75_cy0.75_layoutA__gamma_0.1__false_hotspot_y_js_0.1,cx0.75_cy0.75_layoutA,0.1,false_hotspot,y,0.1,3.793738527370312,0.5682950293269464,0.5506917732093914,0.44699362638072,0.1730052924023995,0.5682950293269464,0.5056791030271,0.380582979804842
cx0.75_cy0.75_layoutA__gamma_0.1__false_hotspot_y_js_0.15,cx0.75_cy0.75_layoutA,0.1,false_hotspot,y,0.15,3.812627662432886,0.4745835244309425,0.45583677768661585,0.35563797564420385,0.07973819079304115,0.4745835244309425,0.42204298910362964,0.3294320887698174
cx0.75_cy0.75_layoutA__gamma_0.1__false_negative_suppression_x_js_0.05,cx0.75_cy0.75_layoutA,0.1,false_negative_suppression,x,0.05,3.2302638706977653,0.6697417222658865,0.6510983663927642,0.5789140484237736,0.34880314406917,0.6697417222658865,0.5948766047394439,0.45099823935077754
cx0.75_cy0.75_layoutA__gamma_0.1__false_negative_suppression_x_js_0.1,cx0.75_cy0.75_layoutA,0.1,false_negative_suppression,x,0.1,3.100606540015145,0.6716270091550149,0.657352240165703,0.5979708526715204,0.3780885087491437,0.6716270091550149,0.5804298839547213,0.4178862088839087
cx0.75_cy0.75_layoutA__gamma_0.1__false_negative_suppression_x_js_0.15,cx0.75_cy0.75_layoutA,0.1,false_negative_suppression,x,0.15,2.995540173621293,0.6662689981032422,0.657320484139973,0.5844878563144881,0.36734421581609034,0.6662689981032422,0.5502840145508502,0.3560846604946935
cx0.75_cy0.75_layoutA__gamma_0.1__false_negative_suppression_y_js_0.05,cx0.75_cy0.75_layoutA,0.1,false_negative_suppression,y,0.05,3.247674032061802,0.658479501806468,0.6390815768412071,0.549850686463833,0.2761108157670483,0.658479501806468,0.5465891503779505,0.4039003615699347
cx0.75_cy0.75_layoutA__gamma_0.1__false_negative_suppression_y_js_0.1,cx0.75_cy0.75_layoutA,0.1,false_negative_suppression,y,0.1,3.100606539770345,0.6779938360276648,0.6566718850365956,0.5458158666063233,0.24240613380125364,0.6779938360276648,0.5632496120523671,0.39510953957868755
cx0.75_cy0.75_layoutA__gamma_0.1__false_negative_suppression_y_js_0.15,cx0.75_cy0.75_layoutA,0.1,false_negative_suppression,y,0.15,2.9955401734975364,0.6822952274403122,0.6477823342483245,0.5246000300302565,0.22092065995102506,0.6822952274403122,0.5441911108017764,0.35106597416452145
cx0.75_cy0.75_layoutA__gamma_0.1__oracle,cx0.75_cy0.75_layoutA,0.1,oracle,,0.0,3.574637568209026,0.675329967424469,0.6667932895737332,0.5943691427381055,0.38176746822574914,0.675329967424469,0.5783194173787404,0.47648379649847095
cx0.75_cy0.75_layoutA__gamma_0.1__spatial_shift_x_js_0.05,cx0.75_cy0.75_layoutA,0.1,spatial_shift,x,0.05,3.564534942731174,0.650704034114887,0.6122809078065236,0.4703209034052755,0.11246458282853022,0.650704034114887,0.555699442174468,0.41772867058901736
cx0.75_cy0.75_layoutA__gamma_0.1__spatial_shift_x_js_0.1,cx0.75_cy0.75_layoutA,0.1,spatial_shift,x,0.1,3.5743928897664956,0.6500913176317666,0.6259103809676513,0.4699082411359117,0.09079893468963274,0.6500913176317666,0.5316607698475481,0.36247944812861543
cx0.75_cy0.75_layoutA__gamma_0.1__spatial_shift_x_js_0.15,cx0.75_cy0.75_layoutA,0.1,spatial_shift,x,0.15,3.610000097757007,0.6484721696518706,0.6078572473691592,0.44157338032394666,0.06175131688079111,0.6484721696518706,0.524653532301429,0.36958287165915354
cx0.75_cy0.75_layoutA__gamma_0.1__spatial_shift_y_js_0.05,cx0.75_cy0.75_layoutA,0.1,spatial_shift,y,0.05,3.56829177697003,0.5784333266210977,0.561082933105199,0.4743156029118272,0.24226635250046813,0.5784333266210977,0.4658374682648669,0.3732435730666084
cx0.75_cy0.75_layoutA__gamma_0.1__spatial_shift_y_js_0.1,cx0.75_cy0.75_layoutA,0.1,spatial_shift,y,0.1,3.5724836534331703,0.5268677279737187,0.5025965200377608,0.40864159558271745,0.17285245972466196,0.5268677279737187,0.4248580042365748,0.3354587524259577
cx0.75_cy0.75_layoutA__gamma_0.1__spatial_shift_y_js_0.15,cx0.75_cy0.75_layoutA,0.1,spatial_shift,y,0.15,3.6053453482610753,0.47940948481635764,0.47155660336301514,0.3528256314335717,0.1285042936582901,0.47940948481635764,0.4013488920931608,0.3241121472006858
cx0.75_cy0.75_layoutA__gamma_0.1__uniform_prior_baseline,cx0.75_cy0.75_layoutA,0.1,uniform_prior_baseline,,,3.8562554930800657,0.577170410282442,0.5478935799321447,0.37199065766231804,0.03344920024283567,0.577170410282442,0.48463284950501817,0.3388670198829254
cx0.75_cy0.75_layoutB__gamma_0.05__diffuse_blur_js_0.05,cx0.75_cy0.75_layoutB,0.05,diffuse_blur,,0.05,5.002376228489651,0.7987565206485646,0.7738393740564077,0.694087897855126,0.4161253556605,0.7987565206485646,0.7473294304566028,0.577762882579685
cx0.75_cy0.75_layoutB__gamma_0.05__diffuse_blur_js_0.1,cx0.75_cy0.75_layoutB,0.05,diffuse_blur,,0.1,4.610607022886141,0.7733082217526038,0.7337852015264399,0.5578977630445695,0.18691949779352426,0.7733082217526038,0.6601006050840543,0.4540160494103658
cx0.75_cy0.75_layoutB__gamma_0.05__diffuse_blur_js_0.15,cx0.75_cy0.75_layoutB,0.05,diffuse_blur,,0.15,4.568382947936238,0.714043780859642,0.6741568291531075,0.4467740892573322,0.06027403852325467,0.714043780859642,0.5830167958613982,0.39825857519955865
cx0.75_cy0.75_layoutB__gamma_0.05__false_hotspot_x_js_0.05,cx0.75_cy0.75_layoutB,0.05,false_hotspot,x,0.05,5.407353043139073,0.7100163784540365,0.684610691503855,0.6010119151074398,0.4052820686747092,0.7100163784540365,0.664045069583867,0.5825544202707337
cx0.75_cy0.75_layoutB__gamma_0.05__false_hotspot_x_js_0.1,cx0.75_cy0.75_layoutB,0.05,false_hotspot,x,0.1,5.3028469036097166,0.7146450713474561,0.6827907994711467,0.5929030459540026,0.31961995858179193,0.7146450713474561,0.6506750444171403,0.5290216395989125
cx0.75_cy0.75_layoutB__gamma_0.05__false_hotspot_x_js_0.15,cx0.75_cy0.75_layoutB,0.05,false_hotspot,x,0.15,5.633618809201398,0.5584990115154758,0.5398170873383867,0.5003546519313611,0.3516035412897266,0.5584990115154758,0.5142950779533707,0.4297536645446055
cx0.75_cy0.75_layoutB__gamma_0.05__false_hotspot_y_js_0.05,cx0.75_cy0.75_layoutB,0.05,false_hotspot,y,0.05,5.069694971097988,0.6885329191844365,0.6673711723120264,0.5684304877397971,0.2911586608377693,0.6885329191844365,0.5895083256432007,0.4795543474531542
cx0.75_cy0.75_layoutB__gamma_0.05__false_hotspot_y_js_0.1,cx0.75_cy0.75_layoutB,0.05,false_hotspot,y,0.1,5.103285461897416,0.702138126068456,0.6826251469086664,0.5653280880301759,0.28267112533603084,0.702138126068456,0.6085264968679094,0.47069239397990664
cx0.75_cy0.75_layoutB__gamma_0.05__false_hotspot_y_js_0.15,cx0.75_cy0.75_layoutB,0.05,false_hotspot,y,0.15,5.142229723588939,0.6652094374255126,0.6521467048686441,0.5335513962891634,0.18923982121192284,0.6652094374255126,0.5667895272060482,0.4405592582772898
cx0.75_cy0.75_layoutB__gamma_0.05__false_negative_suppression_x_js_0.05,cx0.75_cy0.75_layoutB,0.05,false_negative_suppression,x,0.05,4.1806154006565395,0.6972496659684034,0.6795562575764537,0.582509433525716,0.3302156946632604,0.6972496659684034,0.6770743447215628,0.6347456679586073
cx0.75_cy0.75_layoutB__gamma_0.05__false_negative_suppression_x_js_0.1,cx0.75_cy0.75_layoutB,0.05,false_negative_suppression,x,0.1,4.327590796533828,0.6989948010249498,0.6765347988406072,0.5749892381245942,0.2773289030609123,0.6989948010249498,0.6800106833315473,0.5967835223645828
cx0.75_cy0.75_layoutB__gamma_0.05__false_negative_suppression_x_js_0.15,cx0.75_cy0.75_layoutB,0.05,false_negative_suppression,x,0.15,4.677366630800417,0.7210540565950025,0.6993426202773795,0.5805562778805955,0.2536813061712192,0.7210540565950025,0.6842563975467445,0.526583688212079
cx0.75_cy0.75_layoutB__gamma_0.05__false_negative_suppression_y_js_0.05,cx0.75_cy0.75_layoutB,0.05,false_negative_suppression,y,0.05,4.234820304411705,0.7354348681660698,0.7105887092473805,0.6119958552021856,0.3826635427646135,0.7354348681660698,0.6959177162617325,0.6154852628974989
cx0.75_cy0.75_layoutB__gamma_0.05__false_negative_suppression_y_js_0.1,cx0.75_cy0.75_layoutB,0.05,false_negative_suppression,y,0.1,4.270800470499983,0.7529087793958381,0.7088209216467325,0.608079774781405,0.37951430032385697,0.7529087793958381,0.6813920911021571,0.5598014534685116
cx0.75_cy0.75_layoutB__gamma_0.05__false_negative_suppression_y_js_0.15,cx0.75_cy0.75_layoutB,0.05,false_negative_suppression,y,0.15,4.360637154557148,0.7383932249200057,0.7132020079409601,0.5894964280001819,0.394472754785537,0.7383932249200057,0.6699843644761301,0.5125963015125387
cx0.75_cy0.75_layoutB__gamma_0.05__oracle,cx0.75_cy0.75_layoutB,0.05,oracle,,0.0,4.919862736702023,0.7356046541884181,0.7162772447451078,0.6301969764752837,0.4487326491277927,0.7356046541884181,0.656758197280513,0.596188645836194
cx0.75_cy0.75_layoutB__gamma_0.05__spatial_shift_x_js_0.05,cx0.75_cy0.75_layoutB,0.05,spatial_shift,x,0.05,4.974533524821783,0.6558522714570629,0.6381063441957342,0.5613910291188041,0.38795319438178505,0.6558522714570629,0.5868644407976956,0.5210921339928979
cx0.75_cy0.75_layoutB__gamma_0.05__spatial_shift_x_js_0.1,cx0.75_cy0.75_layoutB,0.05,spatial_shift,x,0.1,5.045739134520053,0.7676369598043206,0.7478359428844856,0.6452219887255123,0.4331807232643702,0.7676369598043206,0.6541499204745366,0.5197997422659382
cx0.75_cy0.75_layoutB__gamma_0.05__spatial_shift_x_js_0.15,cx0.75_cy0.75_layoutB,0.05,spatial_shift,x,0.15,5.165382104738925,0.7540420177056859,0.7153598177911882,0.6096370492328843,0.3679544125681045,0.7540420177056859,0.6487934845231994,0.48278381084299316
cx0.75_cy0.75_layoutB__gamma_0.05__spatial_shift_y_js_0.05,cx0.75_cy0.75_layoutB,0.05,spatial_shift,y,0.05,4.807057236612534,0.6819535140325255,0.6584162149712904,0.5655310388994444,0.3387963495054371,0.6819535140325255,0.6160474292013784,0.5546895688606276
cx0.75_cy0.75_layoutB__gamma_0.05__spatial_shift_y_js_0.1,cx0.75_cy0.75_layoutB,0.05,spatial_shift,y,0.1,4.790660922650166,0.5884185552745178,0.5665900976700899,0.48072333118750865,0.27068829449819476,0.5884185552745178,0.5226421282048226,0.44808240147647516
cx0.75_cy0.75_layoutB__gamma_0.05__spatial_shift_y_js_0.15,cx0.75_cy0.75_layoutB,0.05,spatial_shift,y,0.15,4.805552417155664,0.5203333779797717,0.5151384568881873,0.4284110260221763,0.15225727678996395,0.5203333779797717,0.45918485859014135,0.38160492693635695
cx0.75_cy0.75_layoutB__gamma_0.05__uniform_prior_baseline,cx0.75_cy0.75_layoutB,0.05,uniform_prior_baseline,,,4.624327569415376,0.7146134365029169,0.6635393723224734,0.4253543731139213,0.052465821529668444,0.7146134365029169,0.5883713430888757,0.39369335640947445
cx0.75_cy0.75_layoutB__gamma_0.1__diffuse_blur_js_0.05,cx0.75_cy0.75_layoutB,0.1,diffuse_blur,,0.05,3.89588836579591,0.7092820102081229,0.6918280760480376,0.5984749583282887,0.26657521743037416,0.7092820102081229,0.6526916585676718,0.5586037389593198
cx0.75_cy0.75_layoutB__gamma_0.1__diffuse_blur_js_0.1,cx0.75_cy0.75_layoutB,0.1,diffuse_blur,,0.1,3.8574604110798316,0.6835670932550408,0.6719103934258926,0.5521909848061599,0.124432981292366,0.6835670932550408,0.5752565229414563,0.4128413199497574
cx0.75_cy0.75_layoutB__gamma_0.1__diffuse_blur_js_0.15,cx0.75_cy0.75_layoutB,0.1,diffuse_blur,,0.15,3.896993679135012,0.6177347455006584,0.5870163973759533,0.4466132554461769,0.038207257981267555,0.6177347455006584,0.5125088065522708,0.345482338467679
cx0.75_cy0.75_layoutB__gamma_0.1__false_hotspot_x_js_0.05,cx0.75_cy0.75_layoutB,0.1,false_hotspot,x,0.05,4.391156548229895,0.708613578989664,0.6792649340391527,0.5657993433166648,0.2720104684221255,0.708613578989664,0.6423747443916455,0.572220540102165
cx0.75_cy0.75_layoutB__gamma_0.1__false_hotspot_x_js_0.1,cx0.75_cy0.75_layoutB,0.1,false_hotspot,x,0.1,4.549748308173143,0.7240169365051099,0.694159466899796,0.5363994845138407,0.06004788487103746,0.7240169365051099,0.6358625177389285,0.4790741943961747
cx0.75_cy0.75_layoutB__gamma_0.1__false_hotspot_x_js_0.15,cx0.75_cy0.75_layoutB,0.1,false_hotspot,x,0.15,4.609305273801607,0.716095344047549,0.6767565645872274,0.46690343068283047,0.027593390202738426,0.716095344047549,0.6140285277502493,0.45447294173166397
cx0.75_cy0.75_layoutB__gamma_0.1__false_hotspot_y_js_0.05,cx0.75_cy0.75_layoutB,0.1,false_hotspot,y,0.05,3.8223601270045013,0.6533838259214871,0.6347106072437911,0.5350958506357698,0.2486973157471471,0.6533838259214871,0.6007661956420787,0.4878029360496614
cx0.75_cy0.75_layoutB__gamma_0.1__false_hotspot_y_js_0.1,cx0.75_cy0.75_layoutB,0.1,false_hotspot,y,0.1,3.8130988179360545,0.5617102445103032,0.5444229514536101,0.44201404851616055,0.16794883526450352,0.5617102445103032,0.5082447674881435,0.39135797907252945
cx0.75_cy0.75_layoutB__gamma_0.1__false_hotspot_y_js_0.15,cx0.75_cy0.75_layoutB,0.1,false_hotspot,y,0.15,3.8345105240151702,0.4771284194728944,0.45227216940959647,0.3518385814408636,0.08846074086578913,0.4771284194728944,0.4266916031768427,0.33900881469719735
cx0.75_cy0.75_layoutB__gamma_0.1__false_negative_suppression_x_js_0.05,cx0.75_cy0.75_layoutB,0.1,false_negative_suppression,x,0.05,3.322744289735199,0.6626606919464678,0.649597949839189,0.5683793733966995,0.35704767221360145,0.6626606919464678,0.5945195841826514,0.46468463181370834
cx0.75_cy0.75_layoutB__gamma_0.1__false_negative_suppression_x_js_0.1,cx0.75_cy0.75_layoutB,0.1,false_negative_suppression,x,0.1,3.1687809358894943,0.6630238410752285,0.6502853301239061,0.5789063489380606,0.3612838592165094,0.6630238410752285,0.5699128482100534,0.409635183304579
cx0.75_cy0.75_layoutB__gamma_0.1__false_negative_suppression_x_js_0.15,cx0.75_cy0.75_layoutB,0.1,false_negative_suppression,x,0.15,3.0443279567957533,0.6550740018247699,0.6408076497313415,0.559999719450998,0.35945487955493693,0.6550740018247699,0.5259343986613011,0.3516636122060849
cx0.75_cy0.75_layoutB__gamma_0.1__false_negative_suppression_y_js_0.05,cx0.75_cy0.75_layoutB,0.1,false_negative_suppression,y,0.05,3.37835439310493,0.675159290843228,0.667961346386801,0.5737294760654358,0.28701734485870145,0.675159290843228,0.5789470209592752,0.4501753615742881
cx0.75_cy0.75_layoutB__gamma_0.1__false_negative_suppression_y_js_0.1,cx0.75_cy0.75_layoutB,0.1,false_negative_suppression,y,0.1,3.315099451138191,0.6865588519064393,0.6604757330562491,0.5567413383136824,0.19757132046651543,0.6865588519064393,0.5726412331273839,0.3895458523594154
cx0.75_cy0.75_layoutB__gamma_0.1__false_negative_suppression_y_js_0.15,cx0.75_cy0.75_layoutB,0.1,false_negative_suppression,y,0.15,3.290617466139528,0.6788496098703851,0.6612820458653736,0.5430048913775556,0.1567809870568195,0.6788496098703851,0.5348458338517534,0.36133851635847725
cx0.75_cy0.75_layoutB__gamma_0.1__oracle,cx0.75_cy0.75_layoutB,0.1,oracle,,0.0,3.78155650036483,0.6890983466189395,0.663441931882789,0.5819297447846714,0.3541250382843072,0.6890983466189395,0.586405666824904,0.5219426053372674
cx0.75_cy0.75_layoutB__gamma_0.1__spatial_shift_x_js_0.05,cx0.75_cy0.75_layoutB,0.1,spatial_shift,x,0.05,3.8568119446183617,0.6908462016607662,0.6722873817160966,0.5551751701730225,0.18194677756240663,0.6908462016607662,0.5856378384586611,0.4504394665466982
cx0.75_cy0.75_layoutB__gamma_0.1__spatial_shift_x_js_0.1,cx0.75_cy0.75_layoutB,0.1,spatial_shift,x,0.1,3.958938277319774,0.6794467810801165,0.6572788104961826,0.5362728690009833,0.12549135007890028,0.6794467810801165,0.5705733237752987,0.42341031347655145
cx0.75_cy0.75_layoutB__gamma_0.1__spatial_shift_x_js_0.15,cx0.75_cy0.75_layoutB,0.1,spatial_shift,x,0.15,4.081595442764851,0.6737952154691954,0.6318762110509235,0.46721668233741653,0.03612004768293864,0.6737952154691954,0.5690270126693653,0.43613033312352684
cx0.75_cy0.75_layoutB__gamma_0.1__spatial_shift_y_js_0.05,cx0.75_cy0.75_layoutB,0.1,spatial_shift,y,0.05,3.683621879362446,0.5816631258008127,0.5684043997332878,0.45218779476361776,0.23514403830044303,0.5816631258008127,0.45629252528433284,0.39306149245744076
cx0.75_cy0.75_layoutB__gamma_0.1__spatial_shift_y_js_0.1,cx0.75_cy0.75_layoutB,0.1,spatial_shift,y,0.1,3.6416675801382574,0.5318932976679037,0.4842375471637652,0.3704086874082912,0.1609599837196865,0.5318932976679037,0.4208504653794633,0.33608634898567274
cx0.75_cy0.75_layoutB__gamma_0.1__spatial_shift_y_js_0.15,cx0.75_cy0.75_layoutB,0.1,spatial_shift,y,0.15,3.6370189125737276,0.45266335622819875,0.4425998642578802,0.3156287939297342,0.11007872501791395,0.45266335622819875,0.3882609591992801,0.33021966266701164
cx0.75_cy0.75_layoutB__gamma_0.1__uniform_prior_baseline,cx0.75_cy0.75_layoutB,0.1,uniform_prior_baseline,,,3.994932261844465,0.6040420769829045,0.5860015530227075,0.4342917038289262,0.03397823304891445,0.6040420769829045,0.4969328728089174,0.35667262993135823
cx0.75_cy0.75_layoutC__gamma_0.05__diffuse_blur_js_0.05,cx0.75_cy0.75_layoutC,0.05,diffuse_blur,,0.05,5.163774122810582,0.7950612539679991,0.7816934305507269,0.7078784563010925,0.4188798643849452,0.7950612539679991,0.7552483313544252,0.5436886622697098
cx0.75_cy0.75_layoutC__gamma_0.05__diffuse_blur_js_0.1,cx0.75_cy0.75_layoutC,0.05,diffuse_blur,,0.1,4.592262024980721,0.7777504746795876,0.7416088351259602,0.5687147760589885,0.16925436794342474,0.7777504746795876,0.6920620521278029,0.46108657288625166
cx0.75_cy0.75_layoutC__gamma_0.05__diffuse_blur_js_0.15,cx0.75_cy0.75_layoutC,0.05,diffuse_blur,,0.15,4.589640943491354,0.7255486219914276,0.6746801717430649,0.4588496891531954,0.06356280309915098,0.7255486219914276,0.5843462405962084,0.4080479675929714
cx0.75_cy0.75_layoutC__gamma_0.05__false_hotspot_x_js_0.05,cx0.75_cy0.75_layoutC,0.05,false_hotspot,x,0.05,5.8600821058450325,0.7327298096501476,0.709272555015021,0.6594029729351706,0.5353905037769887,0.7327298096501476,0.6524679074004327,0.5359463422152416
cx0.75_cy0.75_layoutC__gamma_0.05__false_hotspot_x_js_0.1,cx0.75_cy0.75_layoutC,0.05,false_hotspot,x,0.1,5.902439033263802,0.6939885444422682,0.6780365928247691,0.6127382926911416,0.48191621207410423,0.6939885444422682,0.6052582413484893,0.47973432106138436
cx0.75_cy0.75_layoutC__gamma_0.05__false_hotspot_x_js_0.15,cx0.75_cy0.75_layoutC,0.05,false_hotspot,x,0.15,8.571948794678056,0.8453139326668068,0.8308164266065576,0.7059259825296466,0.22292636589462927,0.8453139326668068,0.7810625408046401,0.6377623456203669
cx0.75_cy0.75_layoutC__gamma_0.05__false_hotspot_y_js_0.05,cx0.75_cy0.75_layoutC,0.05,false_hotspot,y,0.05,5.0709796155760385,0.6843270123362359,0.664552951120902,0.5623335405517119,0.28782936021561584,0.6843270123362359,0.5827223178842837,0.47318244801684534
cx0.75_cy0.75_layoutC__gamma_0.05__false_hotspot_y_js_0.1,cx0.75_cy0.75_layoutC,0.05,false_hotspot,y,0.1,5.111561633670373,0.6767476818366845,0.6589269525991002,0.5483536644749374,0.26596477597116097,0.6767476818366845,0.5951318417389121,0.45998856632311547
cx0.75_cy0.75_layoutC__gamma_0.05__false_hotspot_y_js_0.15,cx0.75_cy0.75_layoutC,0.05,false_hotspot,y,0.15,5.237091596474045,0.6257537553285905,0.6058660107437266,0.49110901156570397,0.19308917275407322,0.6257537553285905,0.5425372580634771,0.41494233907112243
cx0.75_cy0.75_layoutC__gamma_0.05__false_negative_suppression_x_js_0.05,cx0.75_cy0.75_layoutC,0.05,false_negative_suppression,x,0.05,4.285380273758571,0.712367543674266,0.6915194554904475,0.5942202675966589,0.3401955579111306,0.712367543674266,0.6888096721518266,0.6168547440331887
cx0.75_cy0.75_layoutC__gamma_0.05__false_negative_suppression_x_js_0.1,cx0.75_cy0.75_layoutC,0.05,false_negative_suppression,x,0.1,4.326965844503142,0.7056858825452852,0.6866093725205897,0.5835529387182381,0.28968622702612623,0.7056858825452852,0.6840879712122002,0.5905527953712908
cx0.75_cy0.75_layoutC__gamma_0.05__false_negative_suppression_x_js_0.15,cx0.75_cy0.75_layoutC,0.05,false_negative_suppression,x,0.15,4.623847384486245,0.7158034114725249,0.6927918152006438,0.5777993782913255,0.2396981204442233,0.7158034114725249,0.6805346678405197,0.5393630118416521
cx0.75_cy0.75_layoutC__gamma_0.05__false_negative_suppression_y_js_0.05,cx0.75_cy0.75_layoutC,0.05,false_negative_suppression,y,0.05,4.380102035868502,0.7764674968649953,0.7509722340022759,0.648506403251566,0.3883856773463213,0.7764674968649953,0.7247615372552613,0.6158706425194326
cx0.75_cy0.75_layoutC__gamma_0.05__false_negative_suppression_y_js_0.1,cx0.75_cy0.75_layoutC,0.05,false_negative_suppression,y,0.1,4.2954604996197565,0.763242510888772,0.7405627362285601,0.6221432030652121,0.35675885168028754,0.763242510888772,0.6832731669588894,0.5429822247552301
cx0.75_cy0.75_layoutC__gamma_0.05__false_negative_suppression_y_js_0.15,cx0.75_cy0.75_layoutC,0.05,false_negative_suppression,y,0.15,4.351647217004364,0.7575690369922916,0.7191928020353952,0.5979485559535505,0.35176523411944405,0.7575690369922916,0.6664832920315931,0.5129358469501727
cx0.75_cy0.75_layoutC__gamma_0.05__oracle,cx0.75_cy0.75_layoutC,0.05,oracle,,0.0,5.3462770108915425,0.7479244879661784,0.7228854517237853,0.6389984190367963,0.44425909637622507,0.7479244879661784,0.670360499991177,0.6157846985189187
cx0.75_cy0.75_layoutC__gamma_0.05__spatial_shift_x_js_0.05,cx0.75_cy0.75_layoutC,0.05,spatial_shift,x,0.05,5.480125734157157,0.7566186926493494,0.735719026768909,0.6664924332385699,0.5277506685189515,0.7566186926493494,0.6358390430545616,0.5236393921169634
cx0.75_cy0.75_layoutC__gamma_0.05__spatial_shift_x_js_0.1,cx0.75_cy0.75_layoutC,0.05,spatial_shift,x,0.1,5.589891607089231,0.6697746487161639,0.6570051923582958,0.5933822574415495,0.4678032980859129,0.6697746487161639,0.547322249994342,0.43767684807174717
cx0.75_cy0.75_layoutC__gamma_0.05__spatial_shift_x_js_0.15,cx0.75_cy0.75_layoutC,0.05,spatial_shift,x,0.15,5.792260040481908,0.5711103694867476,0.5506207811316638,0.47599207081438133,0.33188210433330334,0.5711103694867476,0.4729577194257629,0.38911283175430156
cx0.75_cy0.75_layoutC__gamma_0.05__spatial_shift_y_js_0.05,cx0.75_cy0.75_layoutC,0.05,spatial_shift,y,0.05,5.082748393566521,0.7217478149604936,0.7034063856554013,0.6147236350670768,0.39190742342898155,0.7217478149604936,0.6579043049890007,0.542117325059915
cx0.75_cy0.75_layoutC__gamma_0.05__spatial_shift_y_js_0.1,cx0.75_cy0.75_layoutC,0.05,spatial_shift,y,0.1,4.999686953042682,0.668292801325164,0.6521679734644261,0.5555116540649379,0.3109057779281137,0.668292801325164,0.5871538172244785,0.5132333512302085
cx0.75_cy0.75_layoutC__gamma_0.05__spatial_shift_y_js_0.15,cx0.75_cy0.75_layoutC,0.05,spatial_shift,y,0.15,4.950599215487307,0.5971118075392658,0.5761197889756512,0.477316520124726,0.2065150910830885,0.5971118075392658,0.5120301621074163,0.4324729478502168
cx0.75_cy0.75_layoutC__gamma_0.05__uniform_prior_baseline,cx0.75_cy0.75_layoutC,0.05,uniform_prior_baseline,,,4.68142321799549,0.7143498613477196,0.6523784436923051,0.42501541754645433,0.04149755392199184,0.7143498613477196,0.5807852355187764,0.3991856865777623
cx0.75_cy0.75_layoutC__gamma_0.1__diffuse_blur_js_0.05,cx0.75_cy0.75_layoutC,0.1,diffuse_blur,,0.05,4.0070433216874,0.7295406985789835,0.7125805375192186,0.6215096604962105,0.28814087214217315,0.7295406985789835,0.6848355311029914,0.56023377799499
cx0.75_cy0.75_layoutC__gamma_0.1__diffuse_blur_js_0.1,cx0.75_cy0.75_layoutC,0.1,diffuse_blur,,0.1,3.844934996248427,0.6834676769443541,0.6692465261711373,0.5486219443557292,0.12064446009372304,0.6834676769443541,0.5833729573162645,0.4222281378082845
cx0.75_cy0.75_layoutC__gamma_0.1__diffuse_blur_js_0.15,cx0.75_cy0.75_layoutC,0.1,diffuse_blur,,0.15,3.877923285231809,0.6122580526837591,0.5830130100817215,0.43730484804674996,0.026564874286467866,0.6122580526837591,0.5109981187839077,0.34426964297212104
cx0.75_cy0.75_layoutC__gamma_0.1__false_hotspot_x_js_0.05,cx0.75_cy0.75_layoutC,0.1,false_hotspot,x,0.05,4.668254586538804,0.7807732266999785,0.7569563194627845,0.643927440936322,0.3554472300287782,0.7807732266999785,0.700796635864723,0.5800711301571922
cx0.75_cy0.75_layoutC__gamma_0.1__false_hotspot_x_js_0.1,cx0.75_cy0.75_layoutC,0.1,false_hotspot,x,0.1,4.808294707178751,0.7906303566991046,0.7551528837194796,0.58057399272162,0.09200812440521283,0.7906303566991046,0.6925879878167466,0.5412153825406383
cx0.75_cy0.75_layoutC__gamma_0.1__false_hotspot_x_js_0.15,cx0.75_cy0.75_layoutC,0.1,false_hotspot,x,0.15,4.970113292940343,0.7773337401806286,0.7312426356348305,0.5209444706467442,0.04035780769967222,0.7773337401806286,0.6577583902724523,0.4979715869137038
cx0.75_cy0.75_layoutC__gamma_0.1__false_hotspot_y_js_0.05,cx0.75_cy0.75_layoutC,0.1,false_hotspot,y,0.05,3.83356149990075,0.6571154825026977,0.6423449577388027,0.539879537668196,0.237988481114569,0.6571154825026977,0.5958097544766477,0.4787248899622705
cx0.75_cy0.75_layoutC__gamma_0.1__false_hotspot_y_js_0.1,cx0.75_cy0.75_layoutC,0.1,false_hotspot,y,0.1,3.816849298376306,0.5714513696782263,0.5543005772546784,0.4464265975908007,0.17389269651005573,0.5714513696782263,0.5105480986998141,0.39065060853267997
cx0.75_cy0.75_layoutC__gamma_0.1__false_hotspot_y_js_0.15,cx0.75_cy0.75_layoutC,0.1,false_hotspot,y,0.15,3.841917250698505,0.4850337187702206,0.4565223435789847,0.36406543813512937,0.09041617926220771,0.4850337187702206,0.4313539338082785,0.3355239435075532
cx0.75_cy0.75_layoutC__gamma_0.1__false_negative_suppression_x_js_0.05,cx0.75_cy0.75_layoutC,0.1,false_negative_suppression,x,0.05,3.4622415297637548,0.6850740189070963,0.6537324189544846,0.5753589624741279,0.3369966602759884,0.6850740189070963,0.5967316285898187,0.47498433331774337
cx0.75_cy0.75_layoutC__gamma_0.1__false_negative_suppression_x_js_0.1,cx0.75_cy0.75_layoutC,0.1,false_negative_suppression,x,0.1,3.2900407705838006,0.6632335727412771,0.6490322625109001,0.5760877481472715,0.3539106191661513,0.6632335727412771,0.5636642748177575,0.42050347062288346
cx0.75_cy0.75_layoutC__gamma_0.1__false_negative_suppression_x_js_0.15,cx0.75_cy0.75_layoutC,0.1,false_negative_suppression,x,0.15,3.161212757913563,0.6467395566850092,0.6373815757541215,0.570529865461523,0.3611554122551039,0.6467395566850092,0.5378858394000927,0.37959128602947295
cx0.75_cy0.75_layoutC__gamma_0.1__false_negative_suppression_y_js_0.05,cx0.75_cy0.75_layoutC,0.1,false_negative_suppression,y,0.05,3.598659721587828,0.7271510921354238,0.7095630184058443,0.622159746742757,0.2823664422274875,0.7271510921354238,0.642163970452733,0.48534524511155785
cx0.75_cy0.75_layoutC__gamma_0.1__false_negative_suppression_y_js_0.1,cx0.75_cy0.75_layoutC,0.1,false_negative_suppression,y,0.1,3.5251863988591174,0.730056712249274,0.7056285499603551,0.6148870488095948,0.18179061458337326,0.730056712249274,0.6077774791974655,0.43453611048689383
cx0.75_cy0.75_layoutC__gamma_0.1__false_negative_suppression_y_js_0.15,cx0.75_cy0.75_layoutC,0.1,false_negative_suppression,y,0.15,3.507892486910796,0.7123680031018046,0.692792193446121,0.598018574110662,0.11578853386080833,0.7123680031018046,0.5755481822061986,0.39569080121661143
cx0.75_cy0.75_layoutC__gamma_0.1__oracle,cx0.75_cy0.75_layoutC,0.1,oracle,,0.0,4.149383695387661,0.7274377648111358,0.7065700527464268,0.5908271900779006,0.3561573930507249,0.7274377648111358,0.6516554033429894,0.5814039825620788
cx0.75_cy0.75_layoutC__gamma_0.1__spatial_shift_x_js_0.05,cx0.75_cy0.75_layoutC,0.1,spatial_shift,x,0.05,4.313660237096907,0.7298177233515744,0.7041769414013124,0.583905791972053,0.21757689472724057,0.7298177233515744,0.6529256500103332,0.5397083085519835
cx0.75_cy0.75_layoutC__gamma_0.1__spatial_shift_x_js_0.1,cx0.75_cy0.75_layoutC,0.1,spatial_shift,x,0.1,4.447373054273355,0.725689513331127,0.6990242080701905,0.5362887727108153,0.16607837440630208,0.725689513331127,0.6338579605777461,0.49399857523053414
cx0.75_cy0.75_layoutC__gamma_0.1__spatial_shift_x_js_0.15,cx0.75_cy0.75_layoutC,0.1,spatial_shift,x,0.15,4.613910117219418,0.7418581071357048,0.6927496160934652,0.5071597646290164,0.11828060747430459,0.7418581071357048,0.6304551634565516,0.4696520435722859
cx0.75_cy0.75_layoutC__gamma_0.1__spatial_shift_y_js_0.05,cx0.75_cy0.75_layoutC,0.1,spatial_shift,y,0.05,3.90933285866071,0.6070785145522621,0.5744884997108797,0.45354823417605683,0.2436633623624804,0.6070785145522621,0.48966211779149826,0.4211544522142101
cx0.75_cy0.75_layoutC__gamma_0.1__spatial_shift_y_js_0.1,cx0.75_cy0.75_layoutC,0.1,spatial_shift,y,0.1,3.8249059673387142,0.5397512658039813,0.5146497060462452,0.384874461347121,0.17105825368547276,0.5397512658039813,0.4232459711289881,0.3501092883410232
cx0.75_cy0.75_layoutC__gamma_0.1__spatial_shift_y_js_0.15,cx0.75_cy0.75_layoutC,0.1,spatial_shift,y,0.15,3.7754780053123533,0.4793666020244593,0.4407198981999074,0.3087663380978825,0.10915998396570797,0.4793666020244593,0.3966101269804051,0.32666059180394597
cx0.75_cy0.75_layoutC__gamma_0.1__uniform_prior_baseline,cx0.75_cy0.75_layoutC,0.1,uniform_prior_baseline,,,3.9666641514126657,0.6121946824311961,0.5889824089204557,0.429466894512625,0.026832784696709314,0.6121946824311961,0.5066154804434831,0.3541264049950747
