phi_seed,method,sample_id,source,common_time,reference_probability,detection_probability_common,conditional_mean_t_find_common,detection_probability_120,reach_time,reached,restricted_reach_time,generation_seconds,shared_graph_setup_seconds,evaluation_seconds,finite,tf,duration_ok,out_of_bounds,out_of_bounds_tolerance,start_error,end_error,endpoint_max_component_error,endpoint_fail,max_speed,max_abs_acceleration_component,initial_velocity_max_error,speed_fail,acceleration_fail,initial_velocity_fail,dynamics_fail,rectangle_collision,min_circle_clearance,safety_circle_violation_squared,circle_fail,physical_pass
5,ETO,0,M8 phi5 init0,4.876488820436089,0.684323205435114,0.7272588081543254,1.8537389719014181,0.7586092761265273,3.95,True,3.95,10.287416417000001,0.0,0.02328620800000003,True,4.877663534534861,True,False,False,0.0,0.0,0.0,False,0.9068067971354387,1.0000000000002394,0.0,False,False,False,False,False,-1.0227929614359255e-14,2.3314683517128287e-15,False,True
5,ETO,1,M8 phi5 init1,4.876488820436089,0.684323205435114,0.7245872251541864,1.8461939516611776,0.7586092761265273,3.95,True,3.95,11.412607833000001,0.0,0.020303291,True,4.87766308566714,True,False,False,0.0,0.0,0.0,False,0.9068070092047358,1.0000000000001945,0.0,False,False,False,False,False,-3.3306690738754696e-16,7.632783294297951e-17,False,True
5,ETO,2,M8 phi5 init2,4.876488820436089,0.684323205435114,0.6225913843564359,2.3244891805798416,0.8179908424175832,5.75,True,5.75,11.693337084,0.0,0.013647041999999998,True,4.874723583066843,True,False,False,0.0,0.0,0.0,False,0.90636542265886,1.000000000000018,0.0,False,False,False,False,False,-1.0547118733938987e-15,2.411265631607762e-16,False,True
5,ETO,3,M8 phi5 init3,4.876488820436089,0.684323205435114,0.7245872251541864,1.846296494381214,0.7586092761265273,3.95,True,3.95,10.67967575,0.0,0.011563166000000014,True,4.877673061408118,True,False,False,0.0,0.0,0.0,False,0.9068083741559027,1.0000000000000229,0.0,False,False,False,False,False,-1.8041124150158794e-16,4.163336342344337e-17,False,True
5,ETO,4,M8 phi5 init4,4.876488820436089,0.684323205435114,0.6225913843564359,2.324333054931079,0.8179908424175832,5.75,True,5.75,11.473875541,0.0,0.011755874999999971,True,4.874720837503485,True,False,False,0.0,0.0,0.0,False,0.9063648935668261,1.000000000000013,0.0,False,False,False,False,False,-2.220446049250313e-16,5.0306980803327406e-17,False,True
5,lawn_fast,0,trajectories/lawn_fast.npz,4.876488820436089,0.684323205435114,0.25598978445213255,3.645323967656791,0.9999999999999999,10.15,True,10.15,0.03270162500000007,0.017072792000000003,0.03303858400000004,True,34.550000000000004,True,False,False,0.0,0.0,0.0,False,0.9999999999999998,1.000000000000023,0.0,False,False,False,False,False,0.011005050633883212,0.0,False,True
5,lawn_conservative,0,trajectories/lawn_conservative.npz,4.876488820436089,0.684323205435114,0.025870674410352984,0.5821949989866627,0.9999999999999999,56.35,True,56.35,0.06576708400000009,0.017072792000000003,0.06642999999999993,True,82.95,True,True,False,0.0,0.0,0.0,False,0.09707493774362863,0.9963776255617951,0.0,False,False,False,False,False,0.011005050633882824,0.0,False,True
5,greedy_probability,0,trajectories/greedy_probability_phi005.npz,4.876488820436089,0.684323205435114,0.5626364660132487,3.5444296903103587,0.9999999999999999,5.5,True,5.5,0.05710441700000002,0.017072792000000003,0.05791758399999991,True,66.55,True,False,False,0.0,0.0,0.0,False,0.9851016340673048,1.0000000000000242,0.0,False,False,False,False,False,9.999999999993348e-05,0.0,False,True
5,greedy_probability_per_distance,0,trajectories/greedy_probability_per_distance_phi005.npz,4.876488820436089,0.684323205435114,0.026016903573260114,0.5390366155156768,0.9999999999999999,12.25,True,12.25,0.05557262499999993,0.017072792000000003,0.045874957999999966,True,53.550000000000004,True,False,False,0.0,0.0,0.0,False,0.8250028454564083,1.000000000000023,0.0,False,False,False,False,False,9.999999999997511e-05,0.0,False,True
5,nearest,0,M9/val_samples.npz:row=9,4.876488820436089,0.684323205435114,0.7206443175571865,1.885634631930635,0.7548282818795973,4.0,True,4.0,0.0020255420240573585,0.0,0.011317749999999904,True,4.861598191302935,True,False,False,0.0,0.0,0.0,False,0.9042197095712142,1.0000000000003688,0.0,False,False,False,False,False,-5.551115123125783e-17,1.214306433183765e-17,False,True
5,diffusion_guided_raw,0,M9/guidance/base/val_samples.npz:row=48,4.876488820436089,0.684323205435114,0.7304074644609153,1.7354754663631369,0.75519070349633,3.9000000000000004,True,3.9000000000000004,0.014208791020791978,0.0,0.011112624999999987,True,4.826878777253047,True,False,False,0.0,0.0,0.0,False,0.8762803522238067,1.9561022543782745,0.0,False,True,False,True,False,0.006853841944975778,0.0,False,False
5,diffusion_guided_raw,1,M9/guidance/base/val_samples.npz:row=50,4.876488820436089,0.684323205435114,0.5622466871132266,2.291437834158131,0.7695988450197367,6.0,True,6.0,0.014179790974594653,0.0,0.01159616699999999,True,4.8027318074543075,True,False,False,0.0,0.0,0.0,False,0.906346386062614,2.6357333742810294,0.0,False,True,False,True,False,-0.00209130276190668,0.00047242235766358463,True,False
5,diffusion_guided_raw,2,M9/guidance/base/val_samples.npz:row=52,4.876488820436089,0.684323205435114,0.7299395033782815,1.7340610155803962,0.7547227424136961,3.9000000000000004,True,3.9000000000000004,0.014179666002746671,0.0,0.011320333999999987,True,4.825346018194343,True,False,False,0.0,0.0,0.0,False,0.8762086447270581,2.0178676146618253,0.0,False,True,False,True,False,0.0068788781622698,0.0,False,False
5,diffusion_guided_raw,3,M9/guidance/base/val_samples.npz:row=54,4.876488820436089,0.684323205435114,0.7299395033782815,1.733180056721362,0.7547227424136961,3.9000000000000004,True,3.9000000000000004,0.014148624963127077,0.0,0.01088287500000007,True,4.824720691302419,True,False,False,0.0,0.0,0.0,False,0.8762929022489347,2.0010492915825413,0.0,False,True,False,True,False,0.006952134324112916,0.0,False,False
5,diffusion_guided_raw,4,M9/guidance/base/val_samples.npz:row=56,4.876488820436089,0.684323205435114,0.5623987382896961,2.290356629269013,0.7697508961962062,6.0,True,6.0,0.013914834009483457,0.0,0.011762457999999976,True,4.802333678139313,True,False,False,0.0,0.0,0.0,False,0.9058619354192994,2.6380506333891227,0.0,False,True,False,True,False,-0.0021047549039345664,0.0004754328641985769,True,False
5,diffusion_guided_raw,5,M9/guidance/base/val_samples.npz:row=58,4.876488820436089,0.684323205435114,0.7299395033782815,1.7340847809462592,0.7547227424136961,3.9000000000000004,True,3.9000000000000004,0.014159834012389183,0.0,0.011086374999999982,True,4.825349122516487,True,False,False,0.0,0.0,0.0,False,0.8777039073460456,1.9907493011701953,0.0,False,True,False,True,False,0.006696589954527696,0.0,False,False
5,diffusion_guided_raw,6,M9/guidance/base/val_samples.npz:row=60,4.876488820436089,0.684323205435114,0.5620790439162477,2.291113438910976,0.7694312018227579,6.0,True,6.0,0.013999458984471858,0.0,0.011520415999999978,True,4.802773327762986,True,False,False,0.0,0.0,0.0,False,0.9058934268637785,2.6028642842174086,0.0,False,True,False,True,False,-0.0021967885041863228,0.0004960197088734481,True,False
5,diffusion_guided_raw,7,M9/guidance/base/val_samples.npz:row=62,4.876488820436089,0.684323205435114,0.5622466871132266,2.289980251796623,0.7695988450197367,6.0,True,6.0,0.014288000005763024,0.0,0.011617583000000042,True,4.805774625216035,True,False,False,0.0,0.0,0.0,False,0.907747425157776,2.6236736731717483,0.0,False,True,False,True,False,-0.002309466537219848,0.0005212014062596967,True,False
5,diffusion_guided_smooth_scale,0,M9/guidance/post/val_samples.npz:row=0,4.876488820436089,0.684323205435114,0.6857550049708067,2.294964641510925,0.7698069757265769,4.65,True,4.65,0.014316082020791973,0.0,0.011411957999999944,True,5.783099574560139,True,False,False,0.0,0.0,0.0,False,0.7215777826283474,0.9999999999999998,0.0,False,False,False,False,False,0.003188528459698581,0.0,False,True
5,diffusion_guided_smooth_scale,1,M9/guidance/post/val_samples.npz:row=1,4.876488820436089,0.684323205435114,0.7344988139309812,2.7072396224869686,0.8534732224450635,4.1000000000000005,True,4.1000000000000005,0.014206415974594655,0.0,0.012254708000000059,True,6.39233840646763,True,False,False,0.0,0.0,0.0,False,0.6526335639615648,1.0,0.0,False,False,False,False,False,-0.007305954300671866,0.0016123068129089962,True,False
5,diffusion_guided_smooth_scale,2,M9/guidance/post/val_samples.npz:row=2,4.876488820436089,0.684323205435114,0.6862318792480738,2.2927492093110264,0.769084298811487,4.55,True,4.55,0.014202957002746666,0.0,0.01148008300000003,True,5.76954520190908,True,False,False,0.0,0.0,0.0,False,0.722882608843093,1.0000000000000002,0.0,False,False,False,False,False,0.003192396601030531,0.0,False,True
5,diffusion_guided_smooth_scale,3,M9/guidance/post/val_samples.npz:row=3,4.876488820436089,0.684323205435114,0.687137610055245,2.2930837228507257,0.7699900296186579,4.55,True,4.55,0.014171957963127077,0.0,0.011410166999999971,True,5.771420602720455,True,False,False,0.0,0.0,0.0,False,0.7224294767930267,1.0000000000000004,0.0,False,False,False,False,False,0.003261773356015185,0.0,False,True
5,diffusion_guided_smooth_scale,4,M9/guidance/post/val_samples.npz:row=4,4.876488820436089,0.684323205435114,0.7406359316985793,2.7254883065661963,0.8540651280605551,4.1000000000000005,True,4.1000000000000005,0.013935834009483464,0.0,0.012322874999999955,True,6.3734490083299224,True,False,False,0.0,0.0,0.0,False,0.6537029451406061,1.0,0.0,False,False,False,False,False,-0.007286888622644955,0.0016082382533510534,True,False
5,diffusion_guided_smooth_scale,5,M9/guidance/post/val_samples.npz:row=5,4.876488820436089,0.684323205435114,0.6835772653871907,2.290059016527415,0.7661142171938327,5.15,True,5.15,0.014180542012389191,0.0,0.011450958999999927,True,5.763653575799655,True,False,False,0.0,0.0,0.0,False,0.7241535075145747,0.9999999999999999,0.0,False,False,False,False,False,0.0030264727822450627,0.0,False,True
5,diffusion_guided_smooth_scale,6,M9/guidance/post/val_samples.npz:row=6,4.876488820436089,0.684323205435114,0.733542954603156,2.706804551661028,0.8525173631172386,4.1000000000000005,True,4.1000000000000005,0.014019917984471858,0.0,0.012424416999999965,True,6.407001672236212,True,False,False,0.0,0.0,0.0,False,0.6508626504918527,1.0,0.0,False,False,False,False,False,-0.007343207882754971,0.0016202545195496878,True,False
5,diffusion_guided_smooth_scale,7,M9/guidance/post/val_samples.npz:row=7,4.876488820436089,0.684323205435114,0.7336891186597326,2.706536091058101,0.8526635271738152,4.15,True,4.15,0.014308458005763025,0.0,0.012187791000000003,True,6.403920750393888,True,False,False,0.0,0.0,0.0,False,0.6495952906626994,1.0,0.0,False,False,False,False,False,-0.007363676157620458,0.0016246200549185404,True,False
19,ETO,0,M8 phi19 init0,5.494108108806872,0.8507101843496845,0.8628025531494,1.9349579022623322,0.8851225038728037,5.1000000000000005,True,5.1000000000000005,9.775590625000001,0.0,0.013217084000000101,True,5.830546849109656,True,False,False,0.0,0.0,0.0,False,0.816964328157894,1.00000000000002,0.0,False,False,False,False,False,1.6192602814157908e-13,0.0,False,True
19,ETO,1,M8 phi19 init1,5.494108108806872,0.8507101843496845,0.8628025531494,1.933642295271502,0.8851225038728037,5.1000000000000005,True,5.1000000000000005,8.043411707999999,0.0,0.012812833000000023,True,5.8305697845208035,True,False,False,0.0,0.0,0.0,False,0.8175225614458647,1.0000000000000087,0.0,False,False,False,False,False,4.06515099360405e-12,0.0,False,True
19,ETO,2,M8 phi19 init2,5.494108108806872,0.8507101843496845,0.8046002674235466,1.5866205725291453,0.8067778977663439,,False,120.0,11.797717459000001,0.0,0.012508874999999975,True,5.013922229149615,True,False,False,0.0,0.0,0.0,False,0.8574930324932061,1.0000000001439835,0.0,False,False,False,False,False,-1.2184697695261093e-13,2.777986174429259e-14,False,True
19,ETO,3,M8 phi19 init3,5.494108108806872,0.8507101843496845,0.8628025531494,1.934970909801248,0.8851225038728037,5.1000000000000005,True,5.1000000000000005,9.298491875,0.0,0.013152583999999967,True,5.830550176305176,True,False,False,0.0,0.0,0.0,False,0.8169170832329805,1.0000000000001095,0.0,False,False,False,False,False,8.169853682460371e-14,0.0,False,True
19,ETO,4,M8 phi19 init4,5.494108108806872,0.8507101843496845,0.8605429948766754,1.6210952160589274,0.864485778461079,4.45,True,4.45,11.332409791,0.0,0.01222962499999991,True,4.964951504949105,True,False,False,0.0,0.0,0.0,False,0.9196898409262744,1.000000000000018,0.0,False,False,False,False,False,-2.7755575615628914e-17,6.938893903907228e-18,False,True
19,lawn_fast,0,trajectories/lawn_fast.npz,5.494108108806872,0.8507101843496845,0.15968912039270594,3.2612891539182995,0.9999999999999999,15.4,True,15.4,0.03270162500000007,0.017072792000000003,0.03391537499999997,True,34.550000000000004,True,False,False,0.0,0.0,0.0,False,0.9999999999999998,1.000000000000023,0.0,False,False,False,False,False,0.011005050633883212,0.0,False,True
19,lawn_conservative,0,trajectories/lawn_conservative.npz,5.494108108806872,0.8507101843496845,0.026602671234032826,0.5820455024929408,0.9999999999999999,73.25,True,73.25,0.06576708400000009,0.017072792000000003,0.06657820799999992,True,82.95,True,True,False,0.0,0.0,0.0,False,0.09707493774362863,0.9963776255617951,0.0,False,False,False,False,False,0.011005050633882824,0.0,False,True
19,greedy_probability,0,trajectories/greedy_probability_phi019.npz,5.494108108806872,0.8507101843496845,0.8111743362091693,1.9422844361977207,0.9999999999999999,8.55,True,8.55,0.044226292000000056,0.017072792000000003,0.04270062499999994,True,45.900000000000006,True,False,False,0.0,0.0,0.0,False,0.901028382089102,1.000000000000023,0.0,False,False,False,False,False,9.999999999989184e-05,0.0,False,True
19,greedy_probability_per_distance,0,trajectories/greedy_probability_per_distance_phi019.npz,5.494108108806872,0.8507101843496845,0.6808148500898115,3.6845082194905263,0.9999999999999999,11.350000000000001,True,11.350000000000001,0.05730500000000016,0.017072792000000003,0.05171254100000011,True,57.550000000000004,True,False,False,0.0,0.0,0.0,False,0.8975685178227796,1.000000000000023,0.0,False,False,False,False,False,9.999999999994735e-05,0.0,False,True
19,nearest,0,M9/val_samples.npz:row=24,5.494108108806872,0.8507101843496845,0.863932236371635,1.9333425405263782,0.8855080561688793,5.050000000000001,True,5.050000000000001,7.987499702721834e-05,0.0,0.01295245899999986,True,5.819121141063831,True,False,False,0.0,0.0,0.0,False,0.8002401149060329,1.0000000000000155,0.0,False,False,False,False,False,4.987191215555242e-12,0.0,False,True
19,diffusion_guided_raw,0,M9/guidance/base/val_samples.npz:row=120,5.494108108806872,0.8507101843496845,0.8712586510483018,1.8633488249320482,0.891507868510836,4.6000000000000005,True,4.6000000000000005,0.014075916027650237,0.0,0.01297316599999987,True,5.641572424296374,True,False,False,0.0,0.0,0.0,False,0.8208674339798802,6.112140468643459,0.0,False,True,False,True,False,0.007992447866268432,0.0,False,False
19,diffusion_guided_raw,1,M9/guidance/base/val_samples.npz:row=122,5.494108108806872,0.8507101843496845,0.8688765111825438,1.8625785258135827,0.8898208950327584,4.65,True,4.65,0.014291125000454485,0.0,0.012790709000000122,True,5.672249335725461,True,False,False,0.0,0.0,0.0,False,0.7950713831380021,5.384370662410359,0.0,False,True,False,True,False,0.007626150502426363,0.0,False,False
19,diffusion_guided_raw,2,M9/guidance/base/val_samples.npz:row=124,5.494108108806872,0.8507101843496845,0.8645345182855002,1.8704225956535925,0.8862230330618743,4.75,True,4.75,0.013943541969638318,0.0,0.012872875000000006,True,5.700640301935604,True,False,False,0.0,0.0,0.0,False,0.7766994155743798,4.286796672578076,0.0,False,True,False,True,False,0.007081761161384287,0.0,False,False
19,diffusion_guided_raw,3,M9/guidance/base/val_samples.npz:row=126,5.494108108806872,0.8507101843496845,0.7776012265702255,1.5444333195301485,0.785607043211821,,False,120.0,0.013882958039175719,0.0,0.011755041999999882,True,4.923016529737095,True,False,False,0.0,0.0,0.0,False,0.9282185591674081,5.26548945573072,0.0,False,True,False,True,False,0.005285267769468624,0.0,False,False
19,diffusion_guided_raw,4,M9/guidance/base/val_samples.npz:row=128,5.494108108806872,0.8507101843496845,0.868689038857712,1.8627528436115048,0.8896334227079266,4.65,True,4.65,0.013936958042904735,0.0,0.012940167000000002,True,5.671584816766465,True,False,False,0.0,0.0,0.0,False,0.8009137982542105,5.425883875872484,0.0,False,True,False,True,False,0.007483766766842301,0.0,False,False
19,diffusion_guided_raw,5,M9/guidance/base/val_samples.npz:row=130,5.494108108806872,0.8507101843496845,0.7941547941381186,1.560872326506442,0.8006536849969974,,False,120.0,0.014115666970610619,0.0,0.011771041000000038,True,4.921838439483366,True,False,False,0.0,0.0,0.0,False,0.9594901381963674,7.422637298647602,0.0,False,True,False,True,False,0.009789988313532144,0.0,False,False
19,diffusion_guided_raw,6,M9/guidance/base/val_samples.npz:row=132,5.494108108806872,0.8507101843496845,0.7874705803453819,1.5477618933951756,0.7949567756573155,,False,120.0,0.013830624986439943,0.0,0.011861957999999895,True,4.91437487296815,True,False,False,0.0,0.0,0.0,False,0.9485339159733056,6.572145417321476,0.0,False,True,False,True,False,0.00810418329533788,0.0,False,False
19,diffusion_guided_raw,7,M9/guidance/base/val_samples.npz:row=134,5.494108108806872,0.8507101843496845,0.8662733431249229,1.8691317973622732,0.8872177269751373,4.7,True,4.7,0.013857124955393374,0.0,0.012643583000000014,True,5.693080695454049,True,False,False,0.0,0.0,0.0,False,0.7797635169943361,4.536865397156714,0.0,False,True,False,True,False,0.007153192129360095,0.0,False,False
19,diffusion_guided_smooth_scale,0,M9/guidance/post/val_samples.npz:row=11,5.494108108806872,0.8507101843496845,0.4237973172852018,3.156531012093349,0.6841438386338978,,False,120.0,0.014096332027650232,0.0,0.014795958000000109,True,9.848220582050198,True,False,False,0.0,0.0,0.0,False,0.4359632458358838,1.0000000000000002,0.0,False,False,False,False,False,0.0009874996343241932,0.0,False,True
19,diffusion_guided_smooth_scale,1,M9/guidance/post/val_samples.npz:row=12,5.494108108806872,0.8507101843496845,0.5208353551252571,3.150860047938951,0.7297631094955538,,False,120.0,0.014311584000454486,0.0,0.014810250000000025,True,9.427090806413643,True,False,False,0.0,0.0,0.0,False,0.4565573329243331,0.9999999999999999,0.0,False,False,False,False,False,0.00010564983878072476,0.0,False,True
19,diffusion_guided_smooth_scale,2,M9/guidance/post/val_samples.npz:row=13,5.494108108806872,0.8507101843496845,0.722015279405115,3.1257763668847547,0.8625526994446207,9.0,True,9.0,0.013964082969638317,0.0,0.014322583,True,8.714664072657817,True,False,False,0.0,0.0,0.0,False,0.4941728394863165,0.9999999999999999,0.0,False,False,False,False,False,-0.0014068502045408576,0.0003187684081666746,True,False
19,diffusion_guided_smooth_scale,3,M9/guidance/post/val_samples.npz:row=14,5.494108108806872,0.8507101843496845,0.7806876863322308,2.5591094488474,0.8778939694229179,6.45,True,6.45,0.013902958039175711,0.0,0.012991584000000111,True,6.973651900383511,True,False,False,0.0,0.0,0.0,False,0.5837614501580625,0.9999999999999998,0.0,False,False,False,False,False,-0.00019761331723593123,4.5014789161612265e-05,True,False
19,diffusion_guided_smooth_scale,4,M9/guidance/post/val_samples.npz:row=15,5.494108108806872,0.8507101843496845,0.5185836825265309,3.146426884878902,0.726558444670707,,False,120.0,0.01395708304290473,0.0,0.014792165999999884,True,9.445469964594585,True,False,False,0.0,0.0,0.0,False,0.45676003929141623,1.0,0.0,False,False,False,False,False,0.00018363746685638727,0.0,False,True
19,diffusion_guided_smooth_scale,5,M9/guidance/post/val_samples.npz:row=16,5.494108108806872,0.8507101843496845,0.7070335349418374,2.6919864537116407,0.8694753588462294,9.450000000000001,True,9.450000000000001,0.014135791970610628,0.0,0.013236917000000181,True,7.61167375593758,True,False,False,0.0,0.0,0.0,False,0.5465002842062321,1.0,0.0,False,False,False,False,False,0.0015677512511226704,0.0,False,True
19,diffusion_guided_smooth_scale,6,M9/guidance/post/val_samples.npz:row=17,5.494108108806872,0.8507101843496845,0.7406234920959438,2.6569862863934017,0.8803854618627361,6.800000000000001,True,6.800000000000001,0.01385333298643994,0.0,0.013246000000000091,True,7.331794635367062,True,False,False,0.0,0.0,0.0,False,0.5631348796008628,0.9999999999999994,0.0,False,False,False,False,False,0.0009943934673424942,0.0,False,True
19,diffusion_guided_smooth_scale,7,M9/guidance/post/val_samples.npz:row=18,5.494108108806872,0.8507101843496845,0.6914093669189902,3.159127572482199,0.8563626009686215,9.4,True,9.4,0.013879166955393374,0.0,0.014352667000000041,True,8.868737946462472,True,False,False,0.0,0.0,0.0,False,0.48679742556228506,0.9999999999999999,0.0,False,False,False,False,False,-0.0012161667147969069,0.00027579466466987924,True,False
20,ETO,0,M8 phi20 init0,5.114715848778574,0.7747915303700408,0.7864355889839774,1.178565597363079,0.797370365306856,4.800000000000001,True,4.800000000000001,7.437664459,0.0,0.0120254580000001,True,5.54756828689264,True,False,False,0.0,0.0,0.0,False,0.9077235373855514,1.0000000007412766,0.0,False,False,False,False,False,-3.2986668951906495e-12,7.520633421576051e-13,False,True
20,ETO,1,M8 phi20 init1,5.114715848778574,0.7747915303700408,0.7864355889839774,1.178565597363079,0.797370365306856,4.800000000000001,True,4.800000000000001,8.51819725,0.0,0.012146957999999985,True,5.54756828687599,True,False,False,0.0,0.0,0.0,False,0.9077235496828151,1.0000000000102516,0.0,False,False,False,False,False,-1.3098550022405675e-12,2.986343811128833e-13,False,True
20,ETO,2,M8 phi20 init2,5.114715848778574,0.7747915303700408,0.757325442449136,1.0770090003924122,0.7681764455282966,,False,120.0,7.708033334,0.0,0.03820612499999987,True,4.465437191742256,True,False,False,0.0,0.0,0.0,False,0.8464206067421114,1.0000000000000195,0.0,False,False,False,False,False,2.1566082253343666e-14,0.0,False,True
20,ETO,3,M8 phi20 init3,5.114715848778574,0.7747915303700408,0.7864355889839774,1.178565597363079,0.797370365306856,4.800000000000001,True,4.800000000000001,6.1744475,0.0,0.01666479200000004,True,5.547568286805213,True,False,False,0.0,0.0,0.0,False,0.9077235693835898,1.0000000000034805,0.0,False,False,False,False,False,-1.5102502581854083e-12,3.443217932996845e-13,False,True
20,ETO,4,M8 phi20 init4,5.114715848778574,0.7747915303700408,0.757325442449136,1.0770090003924122,0.7681764455282966,,False,120.0,7.2327295,0.0,0.01211812499999998,True,4.465437191576767,True,False,False,0.0,0.0,0.0,False,0.846420565279711,1.000000000000012,0.0,False,False,False,False,False,4.8517856399143966e-11,0.0,False,True
20,lawn_fast,0,trajectories/lawn_fast.npz,5.114715848778574,0.7747915303700408,0.7140483357894584,3.527771433279115,1.0,9.9,True,9.9,0.03270162500000007,0.017072792000000003,0.037796249999999976,True,34.550000000000004,True,False,False,0.0,0.0,0.0,False,0.9999999999999998,1.000000000000023,0.0,False,False,False,False,False,0.011005050633883212,0.0,False,True
20,lawn_conservative,0,trajectories/lawn_conservative.npz,5.114715848778574,0.7747915303700408,0.06998444386887237,0.346947014234277,1.0,36.4,True,36.4,0.06576708400000009,0.017072792000000003,0.1482189159999998,True,82.95,True,True,False,0.0,0.0,0.0,False,0.09707493774362863,0.9963776255617951,0.0,False,False,False,False,False,0.011005050633882824,0.0,False,True
20,greedy_probability,0,trajectories/greedy_probability_phi020.npz,5.114715848778574,0.7747915303700408,0.7123046724419414,0.9106032159875777,1.0,9.35,True,9.35,0.06294362500000017,0.017072792000000003,0.07628900000000005,True,73.55,True,False,False,0.0,0.0,0.0,False,0.9019797497176227,1.0000000000000253,0.0,False,False,False,False,False,9.999999999989184e-05,0.0,False,True
20,greedy_probability_per_distance,0,trajectories/greedy_probability_per_distance_phi020.npz,5.114715848778574,0.7747915303700408,0.6779184903893059,0.9477808366332442,1.0,8.9,True,8.9,0.06577441699999986,0.017072792000000003,0.06231858300000015,True,61.550000000000004,True,False,False,0.0,0.0,0.0,False,0.9210526315789469,1.000000000000023,0.0,False,False,False,False,False,9.999999999996123e-05,0.0,False,True
20,nearest,0,M9/val_samples.npz:row=39,5.114715848778574,0.7747915303700408,0.7084610580655214,1.1331661300903892,0.7118853089210511,,False,120.0,8.162501035258174e-05,0.0,0.012620333000000095,True,5.1819605945337734,True,False,False,0.0,0.0,0.0,False,0.8638000017300922,1.0000000000000189,0.0,False,False,False,False,False,-1.942890293094024e-16,4.5102810375396984e-17,False,True
20,diffusion_guided_raw,0,M9/guidance/base/val_samples.npz:row=192,5.114715848778574,0.7747915303700408,0.7857456725685381,1.1734435271353534,0.7930859457024666,4.65,True,4.65,0.014006874989718199,0.0,0.01410749999999994,True,5.400196632053841,True,False,False,0.0,0.0,0.0,False,1.131471079391601,7.690585343764663,0.0,True,True,False,True,False,-0.003956000038301946,0.0008862781118141264,True,False
20,diffusion_guided_raw,1,M9/guidance/base/val_samples.npz:row=194,5.114715848778574,0.7747915303700408,0.7586134532731927,1.0566713618515877,0.7688018285326506,,False,120.0,0.014096542028710246,0.0,0.013196582999999817,True,4.499283153736949,True,False,False,0.0,0.0,0.0,False,0.8187977931972099,2.754174157456589,0.0,False,True,False,True,False,0.0018424746404223508,0.0,False,False
20,diffusion_guided_raw,2,M9/guidance/base/val_samples.npz:row=196,5.114715848778574,0.7747915303700408,0.758840144679013,1.058205878233422,0.7691914538806837,,False,120.0,0.014126834052149206,0.0,0.013355707999999966,True,4.497150872464145,True,False,False,0.0,0.0,0.0,False,0.8221829966130674,2.7770335654746097,0.0,False,True,False,True,False,0.0010781746416448218,0.0,False,False
20,diffusion_guided_raw,3,M9/guidance/base/val_samples.npz:row=198,5.114715848778574,0.7747915303700408,0.7611413269406679,1.0602009441089069,0.7714926361423387,,False,120.0,0.01406254101311788,0.0,0.012410582999999864,True,4.495879264505822,True,False,False,0.0,0.0,0.0,False,0.821508296642595,2.7869056691556193,0.0,False,True,False,True,False,0.0020229147835671563,0.0,False,False
20,diffusion_guided_raw,4,M9/guidance/base/val_samples.npz:row=200,5.114715848778574,0.7747915303700408,0.7876348462107275,1.1788212555787916,0.7948099745989909,4.65,True,4.65,0.014114750025328249,0.0,0.013879874999999986,True,5.4094180209832174,True,False,False,0.0,0.0,0.0,False,1.1993151470822827,8.430207064713532,0.0,True,True,False,True,False,-0.003963663509012352,0.000887964613615698,True,False
20,diffusion_guided_raw,5,M9/guidance/base/val_samples.npz:row=202,5.114715848778574,0.7747915303700408,0.7620288327632777,1.0590850501560496,0.7723801419649485,,False,120.0,0.014023917028680444,0.0,0.013176124999999983,True,4.493731073582029,True,False,False,0.0,0.0,0.0,False,0.8202636181322168,2.675762290304326,0.0,False,True,False,True,False,0.0027471494022271586,0.0,False,False
20,diffusion_guided_raw,6,M9/guidance/base/val_samples.npz:row=204,5.114715848778574,0.7747915303700408,0.7572815232929192,1.0563659026742762,0.7674698985523769,,False,120.0,0.014048041019123048,0.0,0.012834292000000191,True,4.5026854908070035,True,False,False,0.0,0.0,0.0,False,0.8191634709388529,2.720342254100901,0.0,False,True,False,True,False,0.001758389053038087,0.0,False,False
20,diffusion_guided_raw,7,M9/guidance/base/val_samples.npz:row=206,5.114715848778574,0.7747915303700408,0.7575173281597745,1.0564049672550233,0.7677057034192322,,False,120.0,0.01383712503593415,0.0,0.012545999999999946,True,4.501875456747499,True,False,False,0.0,0.0,0.0,False,0.8166726247088197,2.649561208018738,0.0,False,True,False,True,False,0.0019005605538474496,0.0,False,False
20,diffusion_guided_smooth_scale,0,M9/guidance/post/val_samples.npz:row=22,5.114715848778574,0.7747915303700408,0.4892936421271089,1.8882234861228409,0.8646973496616919,6.25,True,6.25,0.014027291989718194,0.0,0.019930749999999886,True,11.801387763702666,True,False,False,0.0,0.0,0.0,False,0.4082071746115129,1.0000000000000002,0.0,False,False,False,False,False,-0.004610693579734523,0.0010299330670428264,True,False
20,diffusion_guided_smooth_scale,1,M9/guidance/post/val_samples.npz:row=23,5.114715848778574,0.7747915303700408,0.7124185061649465,1.462717748298293,0.7356178152154754,,False,120.0,0.014116667028710242,0.0,0.013807249999999938,True,6.110997001769875,True,False,False,0.0,0.0,0.0,False,0.5664807687626775,1.0000000000000002,0.0,False,False,False,False,False,0.0034362242985268576,0.0,False,True
20,diffusion_guided_smooth_scale,2,M9/guidance/post/val_samples.npz:row=24,5.114715848778574,0.7747915303700408,0.714006979781775,1.4505945141778926,0.7372122133962574,,False,120.0,0.01414691705214921,0.0,0.012771792000000115,True,6.087951652507351,True,False,False,0.0,0.0,0.0,False,0.5695221553886695,1.0,0.0,False,False,False,False,False,0.0031351631659504997,0.0,False,True
20,diffusion_guided_smooth_scale,3,M9/guidance/post/val_samples.npz:row=25,5.114715848778574,0.7747915303700408,0.7144974525976835,1.4523171057716,0.7372122133962574,,False,120.0,0.014082250013117872,0.0,0.012561332999999841,True,6.08257056842089,True,False,False,0.0,0.0,0.0,False,0.5702869248905758,0.9999999999999997,0.0,False,False,False,False,False,0.0032879087011462027,0.0,False,True
20,diffusion_guided_smooth_scale,4,M9/guidance/post/val_samples.npz:row=26,5.114715848778574,0.7747915303700408,0.4570866466369925,1.9244735351584605,0.8653036915255896,8.5,True,8.5,0.014134458025328242,0.0,0.01848987500000021,True,12.379987346258693,True,False,False,0.0,0.0,0.0,False,0.3959790341272698,0.9999999999999997,0.0,False,False,False,False,False,-0.0047411196449537035,0.0010584491722426311,True,False
20,diffusion_guided_smooth_scale,5,M9/guidance/post/val_samples.npz:row=27,5.114715848778574,0.7747915303700408,0.7180151671083123,1.4479392828742605,0.7382690419775427,,False,120.0,0.01404470902868045,0.0,0.012562874999999973,True,6.017554147208885,True,False,False,0.0,0.0,0.0,False,0.5774202941999987,0.9999999999999998,0.0,False,False,False,False,False,0.0033414867974952828,0.0,False,True
20,diffusion_guided_smooth_scale,6,M9/guidance/post/val_samples.npz:row=28,5.114715848778574,0.7747915303700408,0.7145861653891964,1.4424695610516693,0.736478078283479,,False,120.0,0.014068374019123045,0.0,0.012547749999999969,True,6.050252828556458,True,False,False,0.0,0.0,0.0,False,0.5730827960334909,0.9999999999999998,0.0,False,False,False,False,False,0.0032162058507896607,0.0,False,True
20,diffusion_guided_smooth_scale,7,M9/guidance/post/val_samples.npz:row=29,5.114715848778574,0.7747915303700408,0.7146181448839328,1.4486057539426649,0.736673122281192,,False,120.0,0.013857583035934151,0.0,0.012486875000000008,True,6.05622395125024,True,False,False,0.0,0.0,0.0,False,0.5719158715202014,0.9999999999999999,0.0,False,False,False,False,False,0.0033556796927734778,0.0,False,True
30,ETO,0,M8 phi30 init0,5.3158594409525515,0.8281864033475266,0.8420849568432047,1.1243076398402216,0.8596516410530701,4.9,True,4.9,8.228256875,0.0,0.013874500000000012,True,5.8377869857492595,True,False,False,0.0,0.0,0.0,False,0.9192067757376727,1.000000000120511,0.0,False,False,False,False,False,1.9109713811360507e-14,0.0,False,True
30,ETO,1,M8 phi30 init1,5.3158594409525515,0.8281864033475266,0.8420849568432047,1.1243076398402216,0.8596516410530701,4.9,True,4.9,5.595980292,0.0,0.013849,True,5.837786739353368,True,False,False,0.0,0.0,0.0,False,0.9192052551315063,1.0000000000418334,0.0,False,False,False,False,False,-1.1143863609675009e-14,2.5413698923060224e-15,False,True
30,ETO,2,M8 phi30 init2,5.3158594409525515,0.8281864033475266,0.7909343481445796,1.0315288473913748,0.79958240092341,,False,120.0,6.714476708,0.0,0.01200320800000032,True,4.44470464974319,True,False,False,0.0,0.0,0.0,False,0.887555565038314,1.0000000000000318,0.0,False,False,False,False,False,0.004940000496113969,0.0,False,True
30,ETO,3,M8 phi30 init3,5.3158594409525515,0.8281864033475266,0.874052817828876,1.2627772653334282,0.8974290866984661,4.05,True,4.05,5.967531375,0.0,0.014011707999999956,True,6.014312734238761,True,False,False,0.0,0.0,0.0,False,0.8716094493231527,1.000000000014154,0.0,False,False,False,False,False,-2.6871560532271133e-13,6.12652290010729e-14,False,True
30,ETO,4,M8 phi30 init4,5.3158594409525515,0.8281864033475266,0.7917749370777685,1.0322919882940047,0.8004229898565989,,False,120.0,5.94217175,0.0,0.012234124999999985,True,4.444706095678178,True,False,False,0.0,0.0,0.0,False,0.8874189854190905,1.0000000000000204,0.0,False,False,False,False,False,0.005079445726776641,0.0,False,True
30,lawn_fast,0,trajectories/lawn_fast.npz,5.3158594409525515,0.8281864033475266,0.7658780924934103,3.4056770892117108,1.0,10.350000000000001,True,10.350000000000001,0.03270162500000007,0.017072792000000003,0.035537290999999804,True,34.550000000000004,True,False,False,0.0,0.0,0.0,False,0.9999999999999998,1.000000000000023,0.0,False,False,False,False,False,0.011005050633883212,0.0,False,True
30,lawn_conservative,0,trajectories/lawn_conservative.npz,5.3158594409525515,0.8281864033475266,0.09471917923552929,0.3118941557753014,1.0,43.550000000000004,True,43.550000000000004,0.06576708400000009,0.017072792000000003,0.06976358299999985,True,82.95,True,True,False,0.0,0.0,0.0,False,0.09707493774362863,0.9963776255617951,0.0,False,False,False,False,False,0.011005050633882824,0.0,False,True
30,greedy_probability,0,trajectories/greedy_probability_phi030.npz,5.3158594409525515,0.8281864033475266,0.726844569462478,0.8487296484679986,1.0,12.200000000000001,True,12.200000000000001,0.049265834000000064,0.017072792000000003,0.053837667000000256,True,57.1,True,False,False,0.0,0.0,0.0,False,0.9448528528719412,1.000000000000023,0.0,False,False,False,False,False,9.999999999989184e-05,0.0,False,True
30,greedy_probability_per_distance,0,trajectories/greedy_probability_per_distance_phi030.npz,5.3158594409525515,0.8281864033475266,0.7687250091503242,1.399406384723115,1.0,7.7,True,7.7,0.053451874999999927,0.017072792000000003,0.049718958999999785,True,53.550000000000004,True,False,False,0.0,0.0,0.0,False,0.6187007198304318,1.000000000000023,0.0,False,False,False,False,False,9.999999999993348e-05,0.0,False,True
30,nearest,0,M9/val_samples.npz:row=54,5.3158594409525515,0.8281864033475266,0.8225414876823332,1.5191182541518053,0.8583186792083034,5.550000000000001,True,5.550000000000001,8.837500354275107e-05,0.0,0.01411041699999993,True,6.300515467801234,True,False,False,0.0,0.0,0.0,False,0.9199119514912225,1.0000000000000078,0.0,False,False,False,False,False,-8.326672684688674e-17,1.9081958235744878e-17,False,True
30,diffusion_guided_raw,0,M9/guidance/base/val_samples.npz:row=264,5.3158594409525515,0.8281864033475266,0.840500921499141,1.4517408028275447,0.8604233887176865,4.95,True,4.95,0.014446333982050419,0.0,0.01394512499999978,True,5.974201900189444,True,False,False,0.0,0.0,0.0,False,0.8645483007593796,3.2392650283343314,0.0,False,True,False,True,False,0.00021746722260579388,0.0,False,False
30,diffusion_guided_raw,1,M9/guidance/base/val_samples.npz:row=266,5.3158594409525515,0.8281864033475266,0.8403442302906023,1.4508597329570416,0.8604233887176865,4.95,True,4.95,0.014228500018361956,0.0,0.013814791999999798,True,5.975582838493282,True,False,False,0.0,0.0,0.0,False,0.864462094325313,3.305852282019247,0.0,False,True,False,True,False,0.0003119956972535559,0.0,False,False
30,diffusion_guided_raw,2,M9/guidance/base/val_samples.npz:row=268,5.3158594409525515,0.8281864033475266,0.839965143276745,1.448613530618459,0.85973063117811,5.0,True,5.0,0.014064415998291224,0.0,0.013869499999999757,True,5.967943295716514,True,False,False,0.0,0.0,0.0,False,0.867095187820119,3.1652818724159864,0.0,False,True,False,True,False,-3.5261480236775666e-05,8.038017936343525e-06,True,False
30,diffusion_guided_raw,3,M9/guidance/base/val_samples.npz:row=270,5.3158594409525515,0.8281864033475266,0.8416218502234122,1.4532489423315258,0.8617010086504963,4.95,True,4.95,0.013814791978802532,0.0,0.01376970799999988,True,5.978577151221507,True,False,False,0.0,0.0,0.0,False,0.8640304990736268,3.3209391838187847,0.0,False,True,False,True,False,0.00048359793882804536,0.0,False,False
30,diffusion_guided_raw,4,M9/guidance/base/val_samples.npz:row=272,5.3158594409525515,0.8281864033475266,0.8410775148214955,1.4535358750683467,0.8609999820400409,4.95,True,4.95,0.01396229094825685,0.0,0.013763791999999775,True,5.97447682671934,True,False,False,0.0,0.0,0.0,False,0.8642500969025589,3.2370757960569723,0.0,False,True,False,True,False,0.00021396548117148806,0.0,False,False
30,diffusion_guided_raw,5,M9/guidance/base/val_samples.npz:row=274,5.3158594409525515,0.8281864033475266,0.8400053697595016,1.4508600424579052,0.8596141198074185,5.0,True,5.0,0.014484999992419034,0.0,0.013883167000000363,True,5.9695788854462455,True,False,False,0.0,0.0,0.0,False,0.8660236613849597,3.2633434365474523,0.0,False,True,False,True,False,0.0003100192183843331,0.0,False,False
30,diffusion_guided_raw,6,M9/guidance/base/val_samples.npz:row=276,5.3158594409525515,0.8281864033475266,0.8404216144142815,1.4529199452452726,0.8600303644621984,4.95,True,4.95,0.01415712502785027,0.0,0.014768624999999869,True,5.96952232857718,True,False,False,0.0,0.0,0.0,False,0.8655165746289548,3.281356817733068,0.0,False,True,False,True,False,0.00025814635313847756,0.0,False,False
30,diffusion_guided_raw,7,M9/guidance/base/val_samples.npz:row=278,5.3158594409525515,0.8281864033475266,0.7887580576944286,1.0171589463853465,0.7967759277362623,,False,120.0,0.014036874985322356,0.0,0.012215249999999678,True,4.488329165010835,True,False,False,0.0,0.0,0.0,False,0.8162982171603207,2.7904312543713288,0.0,False,True,False,True,False,-0.00023242507444674876,5.293654777071416e-05,True,False
30,diffusion_guided_smooth_scale,0,M9/guidance/post/val_samples.npz:row=33,5.3158594409525515,0.8281864033475266,0.6624291035202031,1.5623704894693893,0.8624079901846595,7.050000000000001,True,7.050000000000001,0.01446908398205042,0.0,0.015937249999999903,True,8.925979996019027,True,False,False,0.0,0.0,0.0,False,0.5538332267988307,0.9999999999999999,0.0,False,False,False,False,False,-0.007628125663986962,0.00168094729650356,True,False
30,diffusion_guided_smooth_scale,1,M9/guidance/post/val_samples.npz:row=34,5.3158594409525515,0.8281864033475266,0.6611271951931514,1.5567637997414776,0.8541155873296162,7.7,True,7.7,0.01424920801836195,0.0,0.015692709000000082,True,8.964275599741564,True,False,False,0.0,0.0,0.0,False,0.5521998856081323,0.9999999999999997,0.0,False,False,False,False,False,-0.007657487649115086,0.001687192716568725,True,False
30,diffusion_guided_smooth_scale,2,M9/guidance/post/val_samples.npz:row=35,5.3158594409525515,0.8281864033475266,0.6629032034955169,1.5618242392451815,0.8622476415170852,7.050000000000001,True,7.050000000000001,0.014084957998291223,0.0,0.015600458000000206,True,8.928356508665596,True,False,False,0.0,0.0,0.0,False,0.5546680264394045,1.0,0.0,False,False,False,False,False,-0.0077260675947387475,0.0017017732480444046,True,False
30,diffusion_guided_smooth_scale,3,M9/guidance/post/val_samples.npz:row=36,5.3158594409525515,0.8281864033475266,0.6760948174001735,1.5622584918109919,0.8595999450515699,7.0,True,7.0,0.013837666978802524,0.0,0.015282875000000029,True,8.872792577237826,True,False,False,0.0,0.0,0.0,False,0.5570508817955337,1.0000000000000002,0.0,False,False,False,False,False,-0.007548528415091238,0.0016640079477005972,True,False
30,diffusion_guided_smooth_scale,4,M9/guidance/post/val_samples.npz:row=37,5.3158594409525515,0.8281864033475266,0.6626373669393301,1.565361703598094,0.8614919808519499,7.050000000000001,True,7.050000000000001,0.013985040948256852,0.0,0.014888916000000307,True,8.924986639066253,True,False,False,0.0,0.0,0.0,False,0.553700587205585,1.0000000000000002,0.0,False,False,False,False,False,-0.0076346515383667185,0.001682335526975831,True,False
30,diffusion_guided_smooth_scale,5,M9/guidance/post/val_samples.npz:row=38,5.3158594409525515,0.8281864033475266,0.6624725333041706,1.5624026642002342,0.857174430467838,7.15,True,7.15,0.014505083992419038,0.0,0.014761624999999778,True,8.930006550506677,True,False,False,0.0,0.0,0.0,False,0.553528179345104,0.9999999999999996,0.0,False,False,False,False,False,-0.007565328764417928,0.001667584339561965,True,False
30,diffusion_guided_smooth_scale,6,M9/guidance/post/val_samples.npz:row=39,5.3158594409525515,0.8281864033475266,0.6618187968955536,1.5595439511074018,0.8626087281646759,7.050000000000001,True,7.050000000000001,0.01417966702785027,0.0,0.015082749999999923,True,8.94388945475472,True,False,False,0.0,0.0,0.0,False,0.5528956039369735,1.0000000000000002,0.0,False,False,False,False,False,-0.007624714854575915,0.0016802216909433277,True,False
30,diffusion_guided_smooth_scale,7,M9/guidance/post/val_samples.npz:row=40,5.3158594409525515,0.8281864033475266,0.7657627545084651,1.1943821458865986,0.7714042902272817,,False,120.0,0.014057207985322354,0.0,0.011824833000000368,True,5.508039889139596,True,False,False,0.0,0.0,0.0,False,0.6438331597289518,1.0,0.0,False,False,False,False,False,4.1328536812962335e-06,0.0,False,True
38,ETO,0,M8 phi38 init0,5.00261283080702,0.7254678840338085,0.6932210576531096,1.6362867246399184,0.7041026448727509,,False,120.0,7.130374291,0.0,0.011535500000000365,True,4.49577511996721,True,False,False,0.0,0.0,0.0,False,0.8530133536207863,1.000000000000021,0.0,False,False,False,False,False,0.006456005026160519,0.0,False,True
38,ETO,1,M8 phi38 init1,5.00261283080702,0.7254678840338085,0.6932210576531096,1.6363591553922956,0.7041026448727509,,False,120.0,6.775457375,0.0,0.011112624999999987,True,4.495776335051488,True,False,False,0.0,0.0,0.0,False,0.8530135841668214,1.000000000000018,0.0,False,False,False,False,False,0.00645591120394956,0.0,False,True
38,ETO,2,M8 phi38 init2,5.00261283080702,0.7254678840338085,0.7737568896127348,1.8089245345791216,0.7949811202681368,4.55,True,4.55,6.320567082999999,0.0,0.012365916999999893,True,5.7628687823152625,True,False,False,0.0,0.0,0.0,False,0.8859032558252451,1.0000000000472231,0.0,False,False,False,False,False,-7.325529072232939e-13,1.6701397209661906e-13,False,True
38,ETO,3,M8 phi38 init3,5.00261283080702,0.7254678840338085,0.6932210576531096,1.6362867246399184,0.7041026448727509,,False,120.0,7.301853,0.0,0.011196291999999719,True,4.4957751195122135,True,False,False,0.0,0.0,0.0,False,0.8530133535344578,1.0000000000000184,0.0,False,False,False,False,False,0.006456005061293166,0.0,False,True
38,ETO,4,M8 phi38 init4,5.00261283080702,0.7254678840338085,0.7739193575969786,1.8095904601257824,0.7949811202681368,4.55,True,4.55,6.567116917,0.0,0.012124875000000035,True,5.762868797188924,True,False,False,0.0,0.0,0.0,False,0.8897241714495958,1.0000000000212452,0.0,False,False,False,False,False,-9.571371473171553e-13,2.1821780493702647e-13,False,True
38,lawn_fast,0,trajectories/lawn_fast.npz,5.00261283080702,0.7254678840338085,0.72200632390175,2.3729151992567057,1.0,5.050000000000001,True,5.050000000000001,0.03270162500000007,0.017072792000000003,0.03344075000000002,True,34.550000000000004,True,False,False,0.0,0.0,0.0,False,0.9999999999999998,1.000000000000023,0.0,False,False,False,False,False,0.011005050633883212,0.0,False,True
38,lawn_conservative,0,trajectories/lawn_conservative.npz,5.00261283080702,0.7254678840338085,0.06547834266292604,0.2839685594385367,1.0,29.6,True,29.6,0.06576708400000009,0.017072792000000003,0.06547379200000014,True,82.95,True,True,False,0.0,0.0,0.0,False,0.09707493774362863,0.9963776255617951,0.0,False,False,False,False,False,0.011005050633882824,0.0,False,True
38,greedy_probability,0,trajectories/greedy_probability_phi038.npz,5.00261283080702,0.7254678840338085,0.7499515276395283,1.5473414387926256,1.0,4.15,True,4.15,0.04883579199999999,0.017072792000000003,0.048897457999999894,True,57.550000000000004,True,False,False,0.0,0.0,0.0,False,0.9750160180063134,1.000000000000023,0.0,False,False,False,False,False,9.999999999993348e-05,0.0,False,True
38,greedy_probability_per_distance,0,trajectories/greedy_probability_per_distance_phi038.npz,5.00261283080702,0.7254678840338085,0.7541438647591407,1.7038236156785138,1.0,4.3500000000000005,True,4.3500000000000005,0.06316716700000002,0.017072792000000003,0.05160641700000035,True,61.900000000000006,True,False,False,0.0,0.0,0.0,False,0.8368817616296779,1.000000000000023,0.0,False,False,False,False,False,9.999999999993348e-05,0.0,False,True
38,nearest,0,M9/val_samples.npz:row=69,5.00261283080702,0.7254678840338085,0.6858168364929533,1.6421792348883595,0.6966984237125946,,False,120.0,8.641602471470833e-05,0.0,0.010939000000000032,True,4.504683317515517,True,False,False,0.0,0.0,0.0,False,0.8547035652667502,1.0000000000000144,0.0,False,False,False,False,False,0.0057770056867326725,0.0,False,True
38,diffusion_guided_raw,0,M9/guidance/base/val_samples.npz:row=336,5.00261283080702,0.7254678840338085,0.670335005944126,1.592260676634949,0.6818545736515567,,False,120.0,0.01429583301069215,0.0,0.01102425000000018,True,4.408138315381596,True,False,False,0.0,0.0,0.0,False,0.9105908249579767,3.152108583074327,0.0,False,True,False,True,False,0.015586550663941795,0.0,False,False
38,diffusion_guided_raw,1,M9/guidance/base/val_samples.npz:row=338,5.00261283080702,0.7254678840338085,0.670335005944126,1.5920590322256858,0.6818545736515567,,False,120.0,0.01422570802969858,0.0,0.011205750000000236,True,4.406179488108599,True,False,False,0.0,0.0,0.0,False,0.9103540395038365,3.1584194470991527,0.0,False,True,False,True,False,0.015783057173027054,0.0,False,False
38,diffusion_guided_raw,2,M9/guidance/base/val_samples.npz:row=340,5.00261283080702,0.7254678840338085,0.6714761713552293,1.5984139151060044,0.6829957390626601,,False,120.0,0.014263582997955382,0.0,0.011607000000000145,True,4.40714648445652,True,False,False,0.0,0.0,0.0,False,0.9094477363060062,3.1307111639376815,0.0,False,True,False,True,False,0.015769867662228265,0.0,False,False
38,diffusion_guided_raw,3,M9/guidance/base/val_samples.npz:row=342,5.00261283080702,0.7254678840338085,0.7840904630831677,1.3960514747911725,0.8032327247523228,3.5,True,3.5,0.014044957992155105,0.0,0.01329950000000002,True,5.759023676542034,True,False,False,0.0,0.0,0.0,False,0.825940007012662,4.174473151112933,0.0,False,True,False,True,False,0.008410053836485895,0.0,False,False
38,diffusion_guided_raw,4,M9/guidance/base/val_samples.npz:row=344,5.00261283080702,0.7254678840338085,0.6736856050905018,1.6040393126043215,0.6852051727979327,,False,120.0,0.014581458002794534,0.0,0.011762999999999746,True,4.404277314714733,True,False,False,0.0,0.0,0.0,False,0.9082434409429496,3.1511079372118798,0.0,False,True,False,True,False,0.016235465337373634,0.0,False,False
38,diffusion_guided_raw,5,M9/guidance/base/val_samples.npz:row=346,5.00261283080702,0.7254678840338085,0.6732870434113305,1.6005448159159648,0.6848066111187613,,False,120.0,0.01435245800530538,0.0,0.01271325000000001,True,4.406945091557414,True,False,False,0.0,0.0,0.0,False,0.9083649183238051,3.1472326177928154,0.0,False,True,False,True,False,0.01582150932699622,0.0,False,False
38,diffusion_guided_raw,6,M9/guidance/base/val_samples.npz:row=348,5.00261283080702,0.7254678840338085,0.6705817063063803,1.5924999564944855,0.6821012740138109,,False,120.0,0.014402750006411225,0.0,0.011870374999999989,True,4.403845425896421,True,False,False,0.0,0.0,0.0,False,0.9100465296135143,3.1640733270104904,0.0,False,True,False,True,False,0.015769005860237578,0.0,False,False
38,diffusion_guided_raw,7,M9/guidance/base/val_samples.npz:row=350,5.00261283080702,0.7254678840338085,0.6762033203376339,1.605748297647612,0.6877228880450645,,False,120.0,0.014334582956507802,0.0,0.011932166000000244,True,4.4044007115199655,True,False,False,0.0,0.0,0.0,False,0.90695584161112,3.1331640452731397,0.0,False,True,False,True,False,0.01514934463628631,0.0,False,False
38,diffusion_guided_smooth_scale,0,M9/guidance/post/val_samples.npz:row=44,5.00261283080702,0.7254678840338085,0.6340209766033559,2.1059090756441177,0.6740846912626205,,False,120.0,0.014316624010692156,0.0,0.013972125000000002,True,6.4172886902006425,True,False,False,0.0,0.0,0.0,False,0.5899505874719088,0.9999999999999998,0.0,False,False,False,False,False,0.01902035860297349,0.0,False,True
38,diffusion_guided_smooth_scale,1,M9/guidance/post/val_samples.npz:row=45,5.00261283080702,0.7254678840338085,0.6338476684864441,2.1049222390472173,0.6742979255121953,,False,120.0,0.014245625029698589,0.0,0.014278415999999794,True,6.425494735498625,True,False,False,0.0,0.0,0.0,False,0.5890356610957808,1.0000000000000004,0.0,False,False,False,False,False,0.019223637442487396,0.0,False,True
38,diffusion_guided_smooth_scale,2,M9/guidance/post/val_samples.npz:row=46,5.00261283080702,0.7254678840338085,0.6323821726101571,2.0978491079416726,0.6721084331278914,,False,120.0,0.014284165997955386,0.0,0.013620083000000172,True,6.41208812978515,True,False,False,0.0,0.0,0.0,False,0.5901221229681128,1.0000000000000002,0.0,False,False,False,False,False,0.019181943567193355,0.0,False,True
38,diffusion_guided_smooth_scale,3,M9/guidance/post/val_samples.npz:row=47,5.00261283080702,0.7254678840338085,0.7036756100560086,1.9666848888178796,0.8618099774782537,7.050000000000001,True,7.050000000000001,0.014065332992155108,0.0,0.015147624999999998,True,9.156166541724943,True,False,False,0.0,0.0,0.0,False,0.4938906315021426,1.0000000000000002,0.0,False,False,False,False,False,0.004721772531287763,0.0,False,True
38,diffusion_guided_smooth_scale,4,M9/guidance/post/val_samples.npz:row=48,5.00261283080702,0.7254678840338085,0.6338476684864441,2.103565985427463,0.6742979255121953,,False,120.0,0.014601624002794536,0.0,0.01333675000000012,True,6.4263237489387475,True,False,False,0.0,0.0,0.0,False,0.5886764488216495,1.0,0.0,False,False,False,False,False,0.01965152205291032,0.0,False,True
38,diffusion_guided_smooth_scale,5,M9/guidance/post/val_samples.npz:row=49,5.00261283080702,0.7254678840338085,0.6338471578831467,2.1047867634287085,0.6740846912626205,,False,120.0,0.014372833005305383,0.0,0.01377050000000013,True,6.422421234920431,True,False,False,0.0,0.0,0.0,False,0.5880009526678557,1.0,0.0,False,False,False,False,False,0.019237367850682363,0.0,False,True
38,diffusion_guided_smooth_scale,6,M9/guidance/post/val_samples.npz:row=50,5.00261283080702,0.7254678840338085,0.6338476684864441,2.1044994141142146,0.6742979255121953,,False,120.0,0.014422917006411226,0.0,0.013970791999999843,True,6.424929437732258,True,False,False,0.0,0.0,0.0,False,0.5886920698710677,1.0000000000000004,0.0,False,False,False,False,False,0.019203363560485437,0.0,False,True
38,diffusion_guided_smooth_scale,7,M9/guidance/post/val_samples.npz:row=51,5.00261283080702,0.7254678840338085,0.6337323700205466,2.0994638786490976,0.6725322061049872,,False,120.0,0.014354957956507805,0.0,0.013600999999999974,True,6.398679633211023,True,False,False,0.0,0.0,0.0,False,0.5900619650939466,0.9999999999999998,0.0,False,False,False,False,False,0.018525711579167742,0.0,False,True
49,ETO,0,M8 phi49 init0,4.8910782905291565,0.755062888020664,0.745296269941094,1.665688521237737,0.7508408802191266,,False,120.0,6.5496807089999995,0.0,0.011504292000000138,True,5.328766177317016,True,False,False,0.0,0.0,0.0,False,0.7802316568870742,1.0000000000034348,0.0,False,False,False,False,False,-3.1086244689504383e-15,7.095019016745141e-16,False,True
49,ETO,1,M8 phi49 init1,4.8910782905291565,0.755062888020664,0.8197768573132651,1.5305767724959634,0.8249466579522331,2.85,True,2.85,9.911715458,0.0,0.01244366699999988,True,4.992154885567759,True,False,False,0.0,0.0,0.0,False,0.8316035571951388,1.0000000000311353,0.0,False,False,False,False,False,-5.269396030627149e-14,1.2014694794615366e-14,False,True
49,ETO,2,M8 phi49 init2,4.8910782905291565,0.755062888020664,0.6954210702722499,1.2108433498259759,0.7086636605828229,,False,120.0,8.051787083,0.0,0.011569959000000019,True,4.571158160384886,True,False,False,0.0,0.0,0.0,False,0.7739051384560215,1.0000000000002314,0.0,False,False,False,False,False,-5.298998739799998e-11,1.2081181541279129e-11,False,True
49,ETO,3,M8 phi49 init3,4.8910782905291565,0.755062888020664,0.819399172304461,1.5303810352199225,0.824568972943429,2.85,True,2.85,10.156534584,0.0,0.012124833000000113,True,4.992154121479602,True,False,False,0.0,0.0,0.0,False,0.8312991885451703,1.000000000040157,0.0,False,False,False,False,False,-2.7533531010703882e-14,6.277964259560065e-15,False,True
49,ETO,4,M8 phi49 init4,4.8910782905291565,0.755062888020664,0.6954210702722499,1.2108433498259759,0.7086636605828229,,False,120.0,8.110394,0.0,0.011346457999999782,True,4.571158107896523,True,False,False,0.0,0.0,0.0,False,0.7739054028687006,1.000000000000028,0.0,False,False,False,False,False,-1.7286519438108883e-11,3.941151224817752e-12,False,True
49,lawn_fast,0,trajectories/lawn_fast.npz,4.8910782905291565,0.755062888020664,0.46044369077473135,3.7751681000942128,1.0,10.65,True,10.65,0.03270162500000007,0.017072792000000003,0.033022874999999896,True,34.550000000000004,True,False,False,0.0,0.0,0.0,False,0.9999999999999998,1.000000000000023,0.0,False,False,False,False,False,0.011005050633883212,0.0,False,True
49,lawn_conservative,0,trajectories/lawn_conservative.npz,4.8910782905291565,0.755062888020664,0.03609608397077166,0.516567945535818,1.0,51.85,True,51.85,0.06576708400000009,0.017072792000000003,0.06551370799999967,True,82.95,True,True,False,0.0,0.0,0.0,False,0.09707493774362863,0.9963776255617951,0.0,False,False,False,False,False,0.011005050633882824,0.0,False,True
49,greedy_probability,0,trajectories/greedy_probability_phi049.npz,4.8910782905291565,0.755062888020664,0.7170262169995911,1.347278846077335,1.0,11.15,True,11.15,0.0534062500000001,0.017072792000000003,0.052770541999999754,True,61.550000000000004,True,False,False,0.0,0.0,0.0,False,0.9270481554636079,1.000000000000023,0.0,False,False,False,False,False,9.99999999999196e-05,0.0,False,True
49,greedy_probability_per_distance,0,trajectories/greedy_probability_per_distance_phi049.npz,4.8910782905291565,0.755062888020664,0.7120424369585612,1.3908097576802636,1.0,11.200000000000001,True,11.200000000000001,0.07103941700000016,0.017072792000000003,0.05739037499999977,True,69.15,True,False,False,0.0,0.0,0.0,False,0.896825396825397,1.000000000000023,0.0,False,False,False,False,False,9.99999999999196e-05,0.0,False,True
49,nearest,0,M9/val_samples.npz:row=84,4.8910782905291565,0.755062888020664,0.753424682081712,1.5506185045029917,0.7827129721798419,5.0,True,5.0,7.162499241530895e-05,0.0,0.01150775000000026,True,5.760752986933691,True,False,False,0.0,0.0,0.0,False,0.7370308742173632,1.0000000000000153,0.0,False,False,False,False,False,-5.551115123125783e-17,1.214306433183765e-17,False,True
49,diffusion_guided_raw,0,M9/guidance/base/val_samples.npz:row=408,4.8910782905291565,0.755062888020664,0.7277907533126768,1.205322481626275,0.7418643361976549,,False,120.0,0.014175750024151057,0.0,0.01141458300000009,True,4.477070176634053,True,False,False,0.0,0.0,0.0,False,0.8238505873481223,3.8979679003956327,0.0,False,True,False,True,False,0.003097687339605318,0.0,False,False
49,diffusion_guided_raw,1,M9/guidance/base/val_samples.npz:row=410,4.8910782905291565,0.755062888020664,0.6671000306877961,1.4272281749829887,0.6783707145748634,,False,120.0,0.01371649996144697,0.0,0.011289708000000065,True,4.718295409252592,True,False,False,0.0,0.0,0.0,False,2.5775777804511035,22.905442266433766,0.0,True,True,False,True,False,0.014895739036929229,0.0,False,False
49,diffusion_guided_raw,2,M9/guidance/base/val_samples.npz:row=412,4.8910782905291565,0.755062888020664,0.7276608870405532,1.2061410645141504,0.7417344699255313,,False,120.0,0.013886166037991643,0.0,0.011234165999999934,True,4.472666113612088,True,False,False,0.0,0.0,0.0,False,0.8239728311993092,4.041138249037061,0.0,False,True,False,True,False,0.0029394582601477565,0.0,False,False
49,diffusion_guided_raw,3,M9/guidance/base/val_samples.npz:row=414,4.8910782905291565,0.755062888020664,0.8183057316245785,1.3720264206911785,0.828358653684424,2.5500000000000003,True,2.5500000000000003,0.014199458993971348,0.0,0.011558874999999968,True,4.789660477005707,True,False,False,0.0,0.0,0.0,False,2.6614206522232986,26.251852433486828,0.0,True,True,False,True,False,-0.013507275941991942,0.0028970759707899595,True,False
49,diffusion_guided_raw,4,M9/guidance/base/val_samples.npz:row=416,4.8910782905291565,0.755062888020664,0.7285475227256175,1.2051555841190411,0.7426211056105958,,False,120.0,0.014553875022102147,0.0,0.011136207999999925,True,4.478176867478464,True,False,False,0.0,0.0,0.0,False,0.8243854027917414,4.011470523808612,0.0,False,True,False,True,False,0.00247663887159906,0.0,False,False
49,diffusion_guided_raw,5,M9/guidance/base/val_samples.npz:row=418,4.8910782905291565,0.755062888020664,0.6792077508250884,1.4573382551127139,0.6904784347121559,,False,120.0,0.014076999970711768,0.0,0.011677332999999734,True,4.737324903996601,True,False,False,0.0,0.0,0.0,False,2.9529853097469987,28.89535848847425,0.0,True,True,False,True,False,0.0017161080286790253,0.0,False,False
49,diffusion_guided_raw,6,M9/guidance/base/val_samples.npz:row=420,4.8910782905291565,0.755062888020664,0.726928238619885,1.2264733168647568,0.7411798122435997,,False,120.0,0.014224290964193642,0.0,0.012057374999999926,True,4.4822441115477805,True,False,False,0.0,0.0,0.0,False,0.8238698540018355,5.92662070900518,0.0,False,True,False,True,False,0.002367326071828324,0.0,False,False
49,diffusion_guided_raw,7,M9/guidance/base/val_samples.npz:row=422,4.8910782905291565,0.755062888020664,0.6710397205945507,1.4146144485867822,0.6823104044816182,,False,120.0,0.014333250001072884,0.0,0.011567625000000081,True,4.726164089807629,True,False,False,0.0,0.0,0.0,False,2.785319951416129,26.154639731641605,0.0,True,True,False,True,False,0.015983046466224865,0.0,False,False
49,diffusion_guided_smooth_scale,0,M9/guidance/post/val_samples.npz:row=55,4.8910782905291565,0.755062888020664,0.7253700131491985,1.7318091164233105,0.7596579270872809,7.45,True,7.45,0.014209375024151066,0.0,0.012139957999999673,True,6.3480127674632705,True,False,False,0.0,0.0,0.0,False,0.5471818775179415,1.0,0.0,False,False,False,False,False,0.0029562420438432324,0.0,False,True
49,diffusion_guided_smooth_scale,1,M9/guidance/post/val_samples.npz:row=56,4.8910782905291565,0.755062888020664,0.4291432947208453,3.632567362768685,0.871060002896906,8.5,True,8.5,0.01373637496144696,0.0,0.017585208000000296,True,14.20943269317304,True,False,False,0.0,0.0,0.0,False,0.49432969323661763,1.0000000000000002,0.0,False,False,False,False,False,0.010106718045788124,0.0,False,True
49,diffusion_guided_smooth_scale,2,M9/guidance/post/val_samples.npz:row=57,4.8910782905291565,0.755062888020664,0.7107156916555244,1.7782791079429052,0.7495783938544743,,False,120.0,0.013905707037991655,0.0,0.012133540999999859,True,6.521264416691684,True,False,False,0.0,0.0,0.0,False,0.5328361413413487,1.0000000000000002,0.0,False,False,False,False,False,0.0028069778560022296,0.0,False,True
49,diffusion_guided_smooth_scale,3,M9/guidance/post/val_samples.npz:row=58,4.8910782905291565,0.755062888020664,0.22158597605306146,3.1187497977285092,0.8882334185993903,6.800000000000001,True,6.800000000000001,0.014219208993971347,0.0,0.019111584000000015,True,15.84580275256118,True,False,False,0.0,0.0,0.0,False,0.4604362904638691,1.0,0.0,False,False,False,False,True,-0.04563240967716789,0.008321411648260401,True,False
49,diffusion_guided_smooth_scale,4,M9/guidance/post/val_samples.npz:row=59,4.8910782905291565,0.755062888020664,0.7150120745385435,1.750354349738059,0.7527477613067501,,False,120.0,0.014573541022102149,0.0,0.011824166999999886,True,6.459593124471629,True,False,False,0.0,0.0,0.0,False,0.5382242350612182,1.0,0.0,False,False,False,False,False,0.0025219951371663607,0.0,False,True
49,diffusion_guided_smooth_scale,5,M9/guidance/post/val_samples.npz:row=60,4.8910782905291565,0.755062888020664,0.4182507670416818,3.6507430393110534,0.87455836683754,8.3,True,8.3,0.014096290970711772,0.0,0.01792108300000006,True,14.406282320420758,True,False,False,0.0,0.0,0.0,False,0.5308351507905991,0.9999999999999998,0.0,False,False,False,False,False,-0.012875917449682056,0.0027697898652665805,True,False
49,diffusion_guided_smooth_scale,6,M9/guidance/post/val_samples.npz:row=61,4.8910782905291565,0.755062888020664,0.6447771419516328,2.127763466552972,0.7876787564231685,6.7,True,6.7,0.014243790964193648,0.0,0.01279312499999996,True,7.609554280826456,True,False,False,0.0,0.0,0.0,False,0.4577754468354737,1.0,0.0,False,False,False,False,False,0.0020317436643101094,0.0,False,True
49,diffusion_guided_smooth_scale,7,M9/guidance/post/val_samples.npz:row=62,4.8910782905291565,0.755062888020664,0.42015285329370333,3.618017056388276,0.8768990516307701,8.5,True,8.5,0.014355125001072874,0.0,0.017744374999999923,True,14.199373593332204,True,False,False,0.0,0.0,0.0,False,0.5190155295327847,0.9999999999999998,0.0,False,False,False,False,False,-0.00024464297540492674,5.571627700270629e-05,True,False
53,ETO,0,M8 phi53 init0,6.515149367991573,0.8598460875206395,0.8532202742873889,1.5030006077313376,0.8683388067653728,7.75,True,7.75,20.012947625000002,0.0,0.013787833999999943,True,6.737193456670934,True,True,False,0.0,0.0,0.0,False,0.7830566618204133,1.0000000000024938,0.0,False,False,False,False,False,-7.355227538141662e-16,1.682681771697503e-16,False,True
53,ETO,1,M8 phi53 init1,6.515149367991573,0.8598460875206395,0.8576896943395607,1.3880849419142334,0.9393989195513303,6.6000000000000005,True,6.6000000000000005,10.059183125,0.0,0.015001874999999831,True,7.750213596653445,True,False,False,0.0,0.0,0.0,False,0.9706336298058581,1.0000000000023828,0.0,False,False,False,False,False,-3.3495428652940973e-13,7.6365996859451e-14,False,True
53,ETO,2,M8 phi53 init2,6.515149367991573,0.8598460875206395,0.8657230433184927,1.5060378947641482,0.8677283569479566,4.6000000000000005,True,4.6000000000000005,10.430376125,0.0,0.012838874999999916,True,5.176011363395394,True,False,False,0.0,0.0,0.0,False,0.9047417598286792,1.000000000000062,0.0,False,False,False,False,False,0.01758979626058707,0.0,False,True
53,ETO,3,M8 phi53 init3,6.515149367991573,0.8598460875206395,0.8568743823392626,1.45883710445084,0.9287239556015421,6.550000000000001,True,6.550000000000001,7.746658250000001,0.0,0.016131624999999872,True,7.736321681823802,True,False,False,0.0,0.0,0.0,False,0.9348721643721856,1.0000000000000335,0.0,False,False,False,False,False,3.3420488598778775e-13,0.0,False,True
53,ETO,4,M8 phi53 init4,6.515149367991573,0.8598460875206395,0.8657230433184927,1.5066309814197087,0.8677283569479566,4.6000000000000005,True,4.6000000000000005,11.01619,0.0,0.013601541999999966,True,5.176006741414288,True,False,False,0.0,0.0,0.0,False,0.9047702611071216,1.0000000000000118,0.0,False,False,False,False,False,0.01757379395574954,0.0,False,True
53,lawn_fast,0,trajectories/lawn_fast.npz,6.515149367991573,0.8598460875206395,0.42983689685968457,4.219714145270566,1.0,11.15,True,11.15,0.03270162500000007,0.017072792000000003,0.03504279099999996,True,34.550000000000004,True,False,False,0.0,0.0,0.0,False,0.9999999999999998,1.000000000000023,0.0,False,False,False,False,False,0.011005050633883212,0.0,False,True
53,lawn_conservative,0,trajectories/lawn_conservative.npz,6.515149367991573,0.8598460875206395,0.033030139759680596,0.5519195035900117,1.0,51.7,True,51.7,0.06576708400000009,0.017072792000000003,0.06695554200000009,True,82.95,True,True,False,0.0,0.0,0.0,False,0.09707493774362863,0.9963776255617951,0.0,False,False,False,False,False,0.011005050633882824,0.0,False,True
53,greedy_probability,0,trajectories/greedy_probability_phi053.npz,6.515149367991573,0.8598460875206395,0.8327517065568113,1.3477865780233331,1.0,14.0,True,14.0,0.05330358299999993,0.017072792000000003,0.052708833000000066,True,61.550000000000004,True,False,False,0.0,0.0,0.0,False,0.8937718528796933,1.000000000000023,0.0,False,False,False,False,False,9.999999999986409e-05,0.0,False,True
53,greedy_probability_per_distance,0,trajectories/greedy_probability_per_distance_phi053.npz,6.515149367991573,0.8598460875206395,0.8111165270923344,1.4182345144907196,1.0,11.700000000000001,True,11.700000000000001,0.05650749999999993,0.017072792000000003,0.047279333000000534,True,53.550000000000004,True,False,False,0.0,0.0,0.0,False,0.7378647873726218,1.000000000000023,0.0,False,False,False,False,False,9.999999999980858e-05,0.0,False,True
53,nearest,0,M9/val_samples.npz:row=99,6.515149367991573,0.8598460875206395,0.9091652514783901,1.4646717076437106,0.9349489025820992,4.25,True,4.25,0.00010025000665336847,0.0,0.014761415999999805,True,7.3968368162891185,True,False,False,0.0,0.0,0.0,False,0.887738514013141,1.0000000000000056,0.0,False,False,False,False,False,-2.7672308888782027e-14,6.3091892821276474e-15,False,True
53,diffusion_guided_raw,0,M9/guidance/base/val_samples.npz:row=480,6.515149367991573,0.8598460875206395,0.7254587044879162,1.6109930124097167,0.9125815667160324,7.0,True,7.0,0.014347749995067716,0.0,0.015495667000000601,True,8.294238105849532,True,False,False,0.0,0.0,0.0,False,0.9249229864194873,2.1885440636994145,0.0,False,True,False,True,False,0.002763259564024942,0.0,False,False
53,diffusion_guided_raw,1,M9/guidance/base/val_samples.npz:row=482,6.515149367991573,0.8598460875206395,0.8833628813724732,1.5503150573462572,0.9075869848892198,4.55,True,4.55,0.014156166987959296,0.0,0.014693582999999677,True,7.532735005788356,True,False,False,0.0,0.0,0.0,False,0.8858468088499148,3.3009369370825015,0.0,False,True,False,True,False,0.006127780265697685,0.0,False,False
53,diffusion_guided_raw,2,M9/guidance/base/val_samples.npz:row=484,6.515149367991573,0.8598460875206395,0.8618416505169982,1.447900322725599,0.8647724938006476,4.7,True,4.7,0.014506916981190443,0.0,0.012700874999999279,True,5.226955084292836,True,False,False,0.0,0.0,0.0,False,0.8626803590208176,2.5731594874195904,0.0,False,True,False,True,False,0.031355667489805256,0.0,False,False
53,diffusion_guided_raw,3,M9/guidance/base/val_samples.npz:row=486,6.515149367991573,0.8598460875206395,0.8623126581265492,1.4489699940060492,0.8652435014101985,4.65,True,4.65,0.014139792008791119,0.0,0.012431541999999851,True,5.228986669116088,True,False,False,0.0,0.0,0.0,False,0.8579548972778728,2.56936740667682,0.0,False,True,False,True,False,0.031332640165622955,0.0,False,False
53,diffusion_guided_raw,4,M9/guidance/base/val_samples.npz:row=488,6.515149367991573,0.8598460875206395,0.8629566232042671,1.451272254669897,0.8658874664879164,4.65,True,4.65,0.013900416030082852,0.0,0.012617916999999146,True,5.232133287649512,True,False,False,0.0,0.0,0.0,False,0.8628291035668479,2.6035617918405616,0.0,False,True,False,True,False,0.032616770505698084,0.0,False,False
53,diffusion_guided_raw,5,M9/guidance/base/val_samples.npz:row=490,6.515149367991573,0.8598460875206395,0.7089728145696634,1.584624240461356,0.9129717279988077,7.1000000000000005,True,7.1000000000000005,0.013982583011966199,0.0,0.015509833000000306,True,8.380761578632827,True,False,False,0.0,0.0,0.0,False,0.9375886209064174,2.30638510880332,0.0,False,True,False,True,False,0.007979050472429486,0.0,False,False
53,diffusion_guided_raw,6,M9/guidance/base/val_samples.npz:row=492,6.515149367991573,0.8598460875206395,0.8823417881767581,1.5589311834168837,0.9068753898785955,4.55,True,4.55,0.014376292005181313,0.0,0.01493645799999932,True,7.532298242214176,True,False,False,0.0,0.0,0.0,False,0.8846376188725603,3.115212558190133,0.0,False,True,False,True,False,0.006711266292875689,0.0,False,False
53,diffusion_guided_raw,7,M9/guidance/base/val_samples.npz:row=494,6.515149367991573,0.8598460875206395,0.8612096258995181,1.4437516271296134,0.8641404691831673,4.7,True,4.7,0.013889584050048143,0.0,0.012801249999999875,True,5.2241280169201305,True,False,False,0.0,0.0,0.0,False,0.8591465910110277,2.5530132095223457,0.0,False,True,False,True,False,0.031267328335234046,0.0,False,False
53,diffusion_guided_smooth_scale,0,M9/guidance/post/val_samples.npz:row=66,6.515149367991573,0.8598460875206395,0.6404426414092717,2.4924131631285076,0.9029478590975841,8.05,True,8.05,0.014368082995067713,0.0,0.01688299999999998,True,10.488670952801053,True,False,False,0.0,0.0,0.0,False,0.6578893006966776,0.9999999999999996,0.0,False,False,False,False,False,-0.005621050688721221,0.0012499465664451287,True,False
53,diffusion_guided_smooth_scale,1,M9/guidance/post/val_samples.npz:row=67,6.515149367991573,0.8598460875206395,0.6819020003384543,2.0485530550895636,0.8787284260103218,10.5,True,10.5,0.014175749987959285,0.0,0.016794707999999936,True,11.130230587496873,True,False,False,0.0,0.0,0.0,False,0.5431161451410146,0.9999999999999998,0.0,False,False,False,False,False,0.001363614579922165,0.0,False,True
53,diffusion_guided_smooth_scale,2,M9/guidance/post/val_samples.npz:row=68,6.515149367991573,0.8598460875206395,0.8475565313202995,1.5642400334682183,0.8568118249565945,,False,120.0,0.014526458981190454,0.0,0.012965417000000201,True,6.058780763200529,True,False,False,0.0,0.0,0.0,False,0.6890258456514201,0.9999999999999998,0.0,False,False,False,False,False,0.03160932018121804,0.0,False,True
53,diffusion_guided_smooth_scale,3,M9/guidance/post/val_samples.npz:row=69,6.515149367991573,0.8598460875206395,0.8501315300640772,1.5591313651065117,0.8593868237003722,,False,120.0,0.014161333008791119,0.0,0.013020374999999973,True,6.015509319431689,True,False,False,0.0,0.0,0.0,False,0.6933757001169202,1.0,0.0,False,False,False,False,False,0.03161192034771726,0.0,False,True
53,diffusion_guided_smooth_scale,4,M9/guidance/post/val_samples.npz:row=70,6.515149367991573,0.8598460875206395,0.8489618422443846,1.5599068298333776,0.8582171358806797,,False,120.0,0.013920541030082861,0.0,0.012886167000000448,True,6.019131022719268,True,False,False,0.0,0.0,0.0,False,0.6927879707839177,1.0,0.0,False,False,False,False,False,0.03281012636927083,0.0,False,True
53,diffusion_guided_smooth_scale,5,M9/guidance/post/val_samples.npz:row=71,6.515149367991573,0.8598460875206395,0.6430659598386785,2.5156607349326103,0.9146699755519736,8.1,True,8.1,0.014002875011966204,0.0,0.01707754099999992,True,10.66670165050005,True,False,False,0.0,0.0,0.0,False,0.657382335989637,0.9999999999999999,0.0,False,False,False,False,False,0.00020053567822952978,0.0,False,True
53,diffusion_guided_smooth_scale,6,M9/guidance/post/val_samples.npz:row=72,6.515149367991573,0.8598460875206395,0.6644009751053563,2.007528021470146,0.8907087518317445,10.3,True,10.3,0.014395750005181313,0.0,0.01688295799999917,True,11.318067492587991,True,False,False,0.0,0.0,0.0,False,0.5334455787050411,1.0000000000000002,0.0,False,False,False,False,False,0.0017453983659011657,0.0,False,True
53,diffusion_guided_smooth_scale,7,M9/guidance/post/val_samples.npz:row=73,6.515149367991573,0.8598460875206395,0.8483807353311783,1.5699667299598237,0.8576360289674732,,False,120.0,0.013909709050048152,0.0,0.012933750000000188,True,6.042534413723058,True,False,False,0.0,0.0,0.0,False,0.6916722604967613,0.9999999999999998,0.0,False,False,False,False,False,0.03151252777629657,0.0,False,True
83,ETO,0,M8 phi83 init0,5.317025980073628,0.7685553688039206,0.7647250516178183,1.126088806895791,0.7731836374135737,5.65,True,5.65,9.214101167,0.0,0.011201209000000212,True,4.3362082210987625,True,False,False,0.0,0.0,0.0,False,0.9415699466966225,1.0000000000000249,0.0,False,False,False,False,False,-5.874745134804016e-13,1.3393799958016928e-13,False,True
83,ETO,1,M8 phi83 init1,5.317025980073628,0.7685553688039206,0.7647250516178183,1.1261468641271855,0.7731836374135737,5.65,True,5.65,10.420043291,0.0,0.01125283300000035,True,4.336182322121299,True,False,False,0.0,0.0,0.0,False,0.9418471606722957,1.0000000000000249,0.0,False,False,False,False,False,-3.094746681142624e-15,7.060324547225605e-16,False,True
83,ETO,2,M8 phi83 init2,5.317025980073628,0.7685553688039206,0.783228323586788,1.3477254421441087,0.8272140038559973,4.8500000000000005,True,4.8500000000000005,7.6484105829999995,0.0,0.012933834000000033,True,6.782894665090052,True,False,False,0.0,0.0,0.0,False,1.0000000002770764,1.000000000010112,0.0,False,False,False,False,False,-5.3321749793333595e-11,1.2156820689002146e-11,False,True
83,ETO,3,M8 phi83 init3,5.317025980073628,0.7685553688039206,0.7647250516178183,1.1261468641271855,0.7731836374135737,5.65,True,5.65,10.506272666000001,0.0,0.01128737500000021,True,4.336181947522415,True,False,False,0.0,0.0,0.0,False,0.9418476609570432,1.0000000000000233,0.0,False,False,False,False,False,-1.3523904218715188e-13,3.083297506201177e-14,False,True
83,ETO,4,M8 phi83 init4,5.317025980073628,0.7685553688039206,0.7653733655793606,0.931423118929646,0.8078114763944974,5.9,True,5.9,9.157819,0.0,0.012928875000000062,True,6.7936627445356095,True,False,False,0.0,0.0,0.0,False,0.9999999999999997,1.0000000000000056,0.0,False,False,False,False,False,-3.469446951953614e-16,7.979727989493313e-17,False,True
83,lawn_fast,0,trajectories/lawn_fast.npz,5.317025980073628,0.7685553688039206,0.8434503697225499,1.493203377504035,1.0,4.3500000000000005,True,4.3500000000000005,0.03270162500000007,0.017072792000000003,0.03326595799999943,True,34.550000000000004,True,False,False,0.0,0.0,0.0,False,0.9999999999999998,1.000000000000023,0.0,False,False,False,False,False,0.011005050633883212,0.0,False,True
83,lawn_conservative,0,trajectories/lawn_conservative.npz,5.317025980073628,0.7685553688039206,0.26936847440140177,0.16610143554265036,1.0,13.0,True,13.0,0.06576708400000009,0.017072792000000003,0.06610429200000034,True,82.95,True,True,False,0.0,0.0,0.0,False,0.09707493774362863,0.9963776255617951,0.0,False,False,False,False,False,0.011005050633882824,0.0,False,True
83,greedy_probability,0,trajectories/greedy_probability_phi083.npz,5.317025980073628,0.7685553688039206,0.7680718118094716,1.3780487264184742,1.0,5.5,True,5.5,0.04589779199999988,0.017072792000000003,0.04607837500000045,True,53.550000000000004,True,False,False,0.0,0.0,0.0,False,0.9120028160901803,1.000000000000023,0.0,False,False,False,False,False,9.999999999982245e-05,0.0,False,True
83,greedy_probability_per_distance,0,trajectories/greedy_probability_per_distance_phi083.npz,5.317025980073628,0.7685553688039206,0.7462088196399951,2.418850622496348,1.0,6.75,True,6.75,0.055828875,0.017072792000000003,0.045662500000000605,True,51.300000000000004,True,False,False,0.0,0.0,0.0,False,0.8337961677668689,1.000000000000023,0.0,False,False,False,False,False,9.999999999994735e-05,0.0,False,True
83,nearest,0,M9/val_samples.npz:row=114,5.317025980073628,0.7685553688039206,0.7799326301460343,1.1560092437243756,0.7883912159417896,3.75,True,3.75,7.000000914558768e-05,0.0,0.011408375000000248,True,4.329798244427681,True,False,False,0.0,0.0,0.0,False,0.9383317850827037,1.0000000000000215,0.0,False,False,False,False,False,-3.9900027726247345e-13,9.096889908022376e-14,False,True
83,diffusion_guided_raw,0,M9/guidance/base/val_samples.npz:row=552,5.317025980073628,0.7685553688039206,0.8201721136229811,1.292405553419757,0.8284796411938259,3.2,True,3.2,0.013999583024997264,0.0,0.011227041000000604,True,4.321984838993863,True,False,False,0.0,0.0,0.0,False,1.0859142301368134,4.611708651724858,0.0,True,True,False,True,False,0.0007208129149799541,0.0,False,False
83,diffusion_guided_raw,1,M9/guidance/base/val_samples.npz:row=554,5.317025980073628,0.7685553688039206,0.777302235391432,1.196693557143823,0.7859118662546977,3.8000000000000003,True,3.8000000000000003,0.014318957983050495,0.0,0.010971041999999542,True,4.348240225588924,True,False,False,0.0,0.0,0.0,False,0.9416583254639479,3.1801087705743702,0.0,False,True,False,True,False,-0.003032195776278168,0.0006821157967442856,True,False
83,diffusion_guided_raw,2,M9/guidance/base/val_samples.npz:row=556,5.317025980073628,0.7685553688039206,0.7756343764280271,1.1927536983695817,0.7842440072912926,3.85,True,3.85,0.013921332953032106,0.0,0.011187249999999871,True,4.3557210598960685,True,False,False,0.0,0.0,0.0,False,0.9395835578434494,3.1981765146529333,0.0,False,True,False,True,False,-0.0024493829157492125,0.000552435086250162,True,False
83,diffusion_guided_raw,3,M9/guidance/base/val_samples.npz:row=558,5.317025980073628,0.7685553688039206,0.7738665266374959,1.1876035389696469,0.7824761575007617,4.0,True,4.0,0.014288292033597827,0.0,0.011368541999999593,True,4.347346568851659,True,False,False,0.0,0.0,0.0,False,0.9474947427561405,3.186651611939998,0.0,False,True,False,True,False,-0.002903822972249767,0.0006536101175253911,True,False
83,diffusion_guided_raw,4,M9/guidance/base/val_samples.npz:row=560,5.317025980073628,0.7685553688039206,0.8224767619897573,1.2393195296419293,0.8656387615405496,4.3500000000000005,True,4.3500000000000005,0.014047666045371443,0.0,0.013163083000000242,True,6.565315281681923,True,False,False,0.0,0.0,0.0,False,1.0866474501837553,4.199019939740101,0.0,True,True,False,True,False,0.0008623169753687737,0.0,False,False
83,diffusion_guided_raw,5,M9/guidance/base/val_samples.npz:row=562,5.317025980073628,0.7685553688039206,0.8215139390477751,1.2297311660191292,0.8650115667768883,4.3500000000000005,True,4.3500000000000005,0.014402959030121565,0.0,0.013001625000000239,True,6.5430292559985705,True,False,False,0.0,0.0,0.0,False,1.0862012116626247,4.227498945172861,0.0,True,True,False,True,False,0.001432183501093462,0.0,False,False
83,diffusion_guided_raw,6,M9/guidance/base/val_samples.npz:row=564,5.317025980073628,0.7685553688039206,0.7740088731160839,1.189065628109239,0.7826185039793496,3.95,True,3.95,0.014747624984011054,0.0,0.011253540999999423,True,4.3541058422804095,True,False,False,0.0,0.0,0.0,False,0.9390720735812388,3.1787304330374035,0.0,False,True,False,True,False,-0.0027368581200559045,0.0006164856132667203,True,False
83,diffusion_guided_raw,7,M9/guidance/base/val_samples.npz:row=566,5.317025980073628,0.7685553688039206,0.8208728552198779,1.2262636067714923,0.8642177631333395,4.3500000000000005,True,4.3500000000000005,0.014036292035598308,0.0,0.01327404199999993,True,6.547701939896076,True,False,False,0.0,0.0,0.0,False,1.0873251389344654,4.214515896429912,0.0,True,True,False,True,False,0.0015537044476729156,0.0,False,False
83,diffusion_guided_smooth_scale,0,M9/guidance/post/val_samples.npz:row=77,5.317025980073628,0.7685553688039206,0.6889853616847336,1.4879031533261107,0.7092254476355118,,False,120.0,0.014023000024997262,0.0,0.012457208000000719,True,6.298561977707483,True,False,False,0.0,0.0,0.0,False,0.6413589241545096,1.0,0.0,False,False,False,False,False,-0.004756369584790726,0.0010617811683423899,True,False
83,diffusion_guided_smooth_scale,1,M9/guidance/post/val_samples.npz:row=78,5.317025980073628,0.7685553688039206,0.6575587209553051,1.3877134552363566,0.6777988065646826,,False,120.0,0.014339207983050495,0.0,0.012653957999999577,True,6.303548892041485,True,False,False,0.0,0.0,0.0,False,0.6189181223792407,1.0000000000000004,0.0,False,False,False,False,False,-0.0037258405390152155,0.0008355721194603597,True,False
83,diffusion_guided_smooth_scale,2,M9/guidance/post/val_samples.npz:row=79,5.317025980073628,0.7685553688039206,0.6589825285611329,1.3912821908234405,0.6793736624124642,,False,120.0,0.013941123953032111,0.0,0.012526334000000361,True,6.306444043934933,True,False,False,0.0,0.0,0.0,False,0.6187241686491128,0.9999999999999998,0.0,False,False,False,False,False,-0.003001218137847414,0.0006752401090102302,True,False
83,diffusion_guided_smooth_scale,3,M9/guidance/post/val_samples.npz:row=80,5.317025980073628,0.7685553688039206,0.656024601453023,1.3771045409658138,0.6756604984165065,,False,120.0,0.014308042033597826,0.0,0.012578999999999674,True,6.27486824737017,True,False,False,0.0,0.0,0.0,False,0.6239573419999841,1.0000000000000002,0.0,False,False,False,False,False,-0.0035550766339211837,0.0007978829918799668,True,False
83,diffusion_guided_smooth_scale,4,M9/guidance/post/val_samples.npz:row=81,5.317025980073628,0.7685553688039206,0.676204428948081,1.5294880035669698,0.8707962573772187,7.6000000000000005,True,7.6000000000000005,0.014067582045371452,0.0,0.014707875000000037,True,10.468918955564009,True,False,False,0.0,0.0,0.0,False,0.6281551253548117,1.0,0.0,False,False,False,False,False,-0.002864245714966726,0.0006448151869837913,True,False
83,diffusion_guided_smooth_scale,5,M9/guidance/post/val_samples.npz:row=82,5.317025980073628,0.7685553688039206,0.6814288085411031,1.541274322162648,0.8710799860369094,7.6000000000000005,True,7.6000000000000005,0.014422918030121565,0.0,0.014779874999999443,True,10.496008031826573,True,False,False,0.0,0.0,0.0,False,0.6236126327723145,1.0,0.0,False,False,False,False,False,-0.002284963695112871,0.0005157275823676286,True,False
83,diffusion_guided_smooth_scale,6,M9/guidance/post/val_samples.npz:row=83,5.317025980073628,0.7685553688039206,0.6586619993196674,1.3882788087971674,0.6790531331709986,,False,120.0,0.014767791984011056,0.0,0.012869417000000105,True,6.306231384136447,True,False,False,0.0,0.0,0.0,False,0.6182424854733328,1.0000000000000004,0.0,False,False,False,False,False,-0.0033372340425465996,0.000749718520351229,True,False
83,diffusion_guided_smooth_scale,7,M9/guidance/post/val_samples.npz:row=84,5.317025980073628,0.7685553688039206,0.6814286497750461,1.5406517530519597,0.8712181592204268,7.6000000000000005,True,7.6000000000000005,0.014056000035598301,0.0,0.014888707999999973,True,10.477621034971211,True,False,False,0.0,0.0,0.0,False,0.6254011069385146,0.9999999999999996,0.0,False,False,False,False,False,-0.0021712260079336243,0.0004903033752960504,True,False
85,ETO,0,M8 phi85 init0,5.940265507000104,0.8440610417494974,0.8759531537052199,1.5792021024903329,0.9016436193689343,4.8500000000000005,True,4.8500000000000005,8.508547542,0.0,0.013922499999999616,True,6.885298484092505,True,False,False,0.0,0.0,0.0,False,0.9504660254563618,1.0000000000000207,0.0,False,False,False,False,False,-2.4460572456419527e-12,5.57677168333548e-13,False,True
85,ETO,1,M8 phi85 init1,5.940265507000104,0.8440610417494974,0.8719466203387859,1.4447429689619211,0.8984830948531614,5.050000000000001,True,5.050000000000001,10.354113583,0.0,0.013994457999999987,True,6.884256694584987,True,False,False,0.0,0.0,0.0,False,0.9963239616858754,1.000000000161623,0.0,False,False,False,False,False,-9.582612481295882e-14,2.184710745645191e-14,False,True
85,ETO,2,M8 phi85 init2,5.940265507000104,0.8440610417494974,0.7954622599411543,1.2241761445128911,0.7960705945644442,,False,120.0,8.709257709,0.0,0.012173791999999573,True,4.532051158394001,True,False,False,0.0,0.0,0.0,False,0.924035326913401,1.0000000000000229,0.0,False,False,False,False,False,-9.27313781318162e-14,2.1142809725205325e-14,False,True
85,ETO,3,M8 phi85 init3,5.940265507000104,0.8440610417494974,0.8814809148211724,1.3098127613496253,0.9076276679201157,4.2,True,4.2,9.001489541000002,0.0,0.014328041999999819,True,6.867674857216738,True,False,False,0.0,0.0,0.0,False,0.9883433075814348,1.000000000000541,0.0,False,False,False,False,False,-1.2101430968414206e-14,2.7599450502791e-15,False,True
85,ETO,4,M8 phi85 init4,5.940265507000104,0.8440610417494974,0.7954622599411543,1.2243109584430811,0.7960705945644442,,False,120.0,9.575513,0.0,0.011994125000000189,True,4.53204634071229,True,False,False,0.0,0.0,0.0,False,0.9242173286502814,1.000000000000016,0.0,False,False,False,False,False,-1.7727486145702187e-13,4.041732226678363e-14,False,True
85,lawn_fast,0,trajectories/lawn_fast.npz,5.940265507000104,0.8440610417494974,0.7687084428952933,3.732883083159173,0.9999999999999999,10.700000000000001,True,10.700000000000001,0.03270162500000007,0.017072792000000003,0.033709916000000284,True,34.550000000000004,True,False,False,0.0,0.0,0.0,False,0.9999999999999998,1.000000000000023,0.0,False,False,False,False,False,0.011005050633883212,0.0,False,True
85,lawn_conservative,0,trajectories/lawn_conservative.npz,5.940265507000104,0.8440610417494974,0.11512868355200452,0.394445961470055,0.9999999999999999,43.75,True,43.75,0.06576708400000009,0.017072792000000003,0.06558395800000039,True,82.95,True,True,False,0.0,0.0,0.0,False,0.09707493774362863,0.9963776255617951,0.0,False,False,False,False,False,0.011005050633882824,0.0,False,True
85,greedy_probability,0,trajectories/greedy_probability_phi085.npz,5.940265507000104,0.8440610417494974,0.8017730692415841,1.078987824984381,0.9999999999999999,11.950000000000001,True,11.950000000000001,0.049681125000000215,0.017072792000000003,0.05043308299999971,True,57.550000000000004,True,False,False,0.0,0.0,0.0,False,0.8651339723554123,1.000000000000023,0.0,False,False,False,False,False,9.999999999993348e-05,0.0,False,True
85,greedy_probability_per_distance,0,trajectories/greedy_probability_per_distance_phi085.npz,5.940265507000104,0.8440610417494974,0.8213507265294548,1.863199662042928,0.9999999999999999,7.45,True,7.45,0.06464133299999997,0.017072792000000003,0.053133332999999894,True,61.550000000000004,True,False,False,0.0,0.0,0.0,False,0.9529559276272956,1.000000000000023,0.0,False,False,False,False,False,9.999999999987796e-05,0.0,False,True
85,nearest,0,M9/val_samples.npz:row=129,5.940265507000104,0.8440610417494974,0.8811855992616414,1.33921045250494,0.9093844342950983,4.3,True,4.3,7.754098623991013e-05,0.0,0.013936874999999738,True,6.936034049456974,True,False,False,0.0,0.0,0.0,False,0.9229766929969517,1.0000000000000098,0.0,False,False,False,False,False,7.275152702490573e-13,0.0,False,True
85,diffusion_guided_raw,0,M9/guidance/base/val_samples.npz:row=624,5.940265507000104,0.8440610417494974,0.8913996525026429,1.2912631644305932,0.916937711381884,3.5,True,3.5,0.014006917015649378,0.0,0.013848291999999596,True,6.564669000615525,True,False,False,0.0,0.0,0.0,False,1.210053715437064,7.827120098748557,0.0,True,True,False,True,False,-0.0009392222944297202,0.00021325105727573387,True,False
85,diffusion_guided_raw,1,M9/guidance/base/val_samples.npz:row=626,5.940265507000104,0.8440610417494974,0.8913708739807611,1.2897697097158576,0.9166048497286814,3.5,True,3.5,0.014069875003769994,0.0,0.013930375000000161,True,6.554667068687014,True,False,False,0.0,0.0,0.0,False,1.1812263504558556,7.189643403490773,0.0,True,True,False,True,False,-0.0011502964914860414,0.00026093279858762156,True,False
85,diffusion_guided_raw,2,M9/guidance/base/val_samples.npz:row=628,5.940265507000104,0.8440610417494974,0.7826094688104355,1.227398730618728,0.7833698141626926,,False,120.0,0.01373687497107312,0.0,0.011782582999999569,True,4.558135669027424,True,False,False,0.0,0.0,0.0,False,0.8924364364431102,2.5459765348267873,0.0,False,True,False,True,False,0.004153517584545588,0.0,False,False
85,diffusion_guided_raw,3,M9/guidance/base/val_samples.npz:row=630,5.940265507000104,0.8440610417494974,0.891371530615922,1.2906690294572005,0.916453474214533,3.45,True,3.45,0.013658375013619661,0.0,0.0139759159999997,True,6.5515510083246955,True,False,False,0.0,0.0,0.0,False,1.1780471643668902,7.012832098558291,0.0,True,True,False,True,False,-0.001170252896017479,0.0002654363474134912,True,False
85,diffusion_guided_raw,4,M9/guidance/base/val_samples.npz:row=632,5.940265507000104,0.8440610417494974,0.8912641729562136,1.2916139741363162,0.9166501875839239,3.5,True,3.5,0.013911082991398871,0.0,0.013701291000000282,True,6.560142704909133,True,False,False,0.0,0.0,0.0,False,1.2025524194691306,7.637575858625817,0.0,True,True,False,True,False,-0.0010802881491169813,0.0002451277632336893,True,False
85,diffusion_guided_raw,5,M9/guidance/base/val_samples.npz:row=634,5.940265507000104,0.8440610417494974,0.7826094688104355,1.2268697033406182,0.7833698141626926,,False,120.0,0.014228457992430776,0.0,0.011604958000000387,True,4.55811083445027,True,False,False,0.0,0.0,0.0,False,0.892587610682884,2.5706693579543356,0.0,False,True,False,True,False,0.0038648605860099605,0.0,False,False
85,diffusion_guided_raw,6,M9/guidance/base/val_samples.npz:row=636,5.940265507000104,0.8440610417494974,0.8924470574717193,1.2916980734758925,0.9176810270693307,3.45,True,3.45,0.013970542000606656,0.0,0.013775290999999967,True,6.5507616374094635,True,False,False,0.0,0.0,0.0,False,1.1558266521581302,7.049765975063709,0.0,True,True,False,True,False,-0.0008542454179761572,0.00019402959110272587,True,False
85,diffusion_guided_raw,7,M9/guidance/base/val_samples.npz:row=638,5.940265507000104,0.8440610417494974,0.7826094688104355,1.2265702835300392,0.7833698141626926,,False,120.0,0.013830540992785245,0.0,0.011890541999999726,True,4.560530459541548,True,False,False,0.0,0.0,0.0,False,0.8929506171330754,2.573143773093934,0.0,False,True,False,True,False,0.0031496453468139313,0.0,False,False
85,diffusion_guided_smooth_scale,0,M9/guidance/post/val_samples.npz:row=88,5.940265507000104,0.8440610417494974,0.7325438539988959,1.7456237427370929,0.8695067645605631,11.25,True,11.25,0.014028209015649384,0.0,0.0162749170000005,True,12.51235812956594,True,False,False,0.0,0.0,0.0,False,0.49604626447383626,1.0,0.0,False,False,False,False,False,-0.008755258878654207,0.0019194560270866055,True,False
85,diffusion_guided_smooth_scale,1,M9/guidance/post/val_samples.npz:row=89,5.940265507000104,0.8440610417494974,0.7166374972727417,1.5736238683180246,0.8464492118044676,13.850000000000001,True,13.850000000000001,0.014090042003769995,0.0,0.016036083999999562,True,12.117679886003135,True,False,False,0.0,0.0,0.0,False,0.5105559287792926,0.9999999999999998,0.0,False,False,False,False,False,-0.007808979795161347,0.0017193883472596538,True,False
85,diffusion_guided_smooth_scale,2,M9/guidance/post/val_samples.npz:row=90,5.940265507000104,0.8440610417494974,0.8310401002846864,1.2499122704772314,0.838032343052471,,False,120.0,0.013756499971073116,0.0,0.012280500000000139,True,5.5832574323813855,True,False,False,0.0,0.0,0.0,False,0.7017942747128608,1.0000000000000004,0.0,False,False,False,False,False,0.0052724039714751175,0.0,False,True
85,diffusion_guided_smooth_scale,3,M9/guidance/post/val_samples.npz:row=91,5.940265507000104,0.8440610417494974,0.7071634729621791,1.5154831539449063,0.8384223265724013,,False,120.0,0.013678000013619657,0.0,0.01585316700000039,True,11.966081310536875,True,False,False,0.0,0.0,0.0,False,0.5171579969135669,0.9999999999999999,0.0,False,False,False,False,False,-0.007795031067958383,0.0017164258344480078,True,False
85,diffusion_guided_smooth_scale,4,M9/guidance/post/val_samples.npz:row=92,5.940265507000104,0.8440610417494974,0.7287589148629037,1.7009625735208496,0.8601155644053209,11.600000000000001,True,11.600000000000001,0.013930874991398862,0.0,0.015934582999999947,True,12.381445932643283,True,False,False,0.0,0.0,0.0,False,0.5006086813905363,1.0000000000000002,0.0,False,False,False,False,False,-0.008650660462420842,0.0018974292763581715,True,False
85,diffusion_guided_smooth_scale,5,M9/guidance/post/val_samples.npz:row=93,5.940265507000104,0.8440610417494974,0.8300689074210377,1.2520188221560584,0.8369091452871686,,False,120.0,0.014248373992430785,0.0,0.012182417000000001,True,5.591882996157438,True,False,False,0.0,0.0,0.0,False,0.7004678181261673,0.9999999999999999,0.0,False,False,False,False,False,0.004976946915493649,0.0,False,True
85,diffusion_guided_smooth_scale,6,M9/guidance/post/val_samples.npz:row=94,5.940265507000104,0.8440610417494974,0.7084476796296653,1.5441161976702107,0.8453656420552367,13.950000000000001,True,13.950000000000001,0.013990334000606647,0.0,0.016079915999999805,True,12.069369961378653,True,False,False,0.0,0.0,0.0,False,0.5103539432652967,1.0,0.0,False,False,False,False,False,-0.006817109384406994,0.0015077590978385385,True,False
85,diffusion_guided_smooth_scale,7,M9/guidance/post/val_samples.npz:row=95,5.940265507000104,0.8440610417494974,0.8300689074210377,1.249860396636223,0.8369091452871686,,False,120.0,0.013850623992785235,0.0,0.0124186660000003,True,5.588822653414879,True,False,False,0.0,0.0,0.0,False,0.7006053875428249,0.9999999999999998,0.0,False,False,False,False,False,0.004270847449691112,0.0,False,True
86,ETO,0,M8 phi86 init0,5.450712646313141,0.7727320314055744,0.7998872980292635,1.716838354846971,0.8054807222165017,3.85,True,3.85,10.33952825,0.0,0.011356500000000658,True,4.70757967133575,True,False,False,0.0,0.0,0.0,False,0.8856588251977666,1.0000000000000175,0.0,False,False,False,False,False,-1.856501063990379e-12,4.2326385452096105e-13,False,True
86,ETO,1,M8 phi86 init1,5.450712646313141,0.7727320314055744,0.7661443093495934,2.169048193186756,0.7715870447285468,,False,120.0,7.5456285,0.0,0.011756124999999784,True,4.7528297365176435,True,False,False,0.0,0.0,0.0,False,0.8258803940019841,1.0000000000000164,0.0,False,False,False,False,False,0.006234045609514072,0.0,False,True
86,ETO,2,M8 phi86 init2,5.450712646313141,0.7727320314055744,0.7832136364856763,2.217498466745973,0.8266140316613774,4.800000000000001,True,4.800000000000001,12.064114875000001,0.0,0.012991750000000302,True,6.506866732520035,True,False,False,0.0,0.0,0.0,False,0.9657507810339779,1.0000000000000113,0.0,False,False,False,False,False,3.275157922644212e-14,0.0,False,True
86,ETO,3,M8 phi86 init3,5.450712646313141,0.7727320314055744,0.7661443093495934,2.169048193186756,0.7715870447285468,,False,120.0,10.619069834,0.0,0.011610833000000653,True,4.752829736530245,True,False,False,0.0,0.0,0.0,False,0.8258803776400784,1.0000000000000215,0.0,False,False,False,False,False,0.006234059516500912,0.0,False,True
86,ETO,4,M8 phi86 init4,5.450712646313141,0.7727320314055744,0.7482706038137459,2.2886585441539835,0.7916990740528633,6.2,True,6.2,10.894756749999999,0.0,0.012637584000000146,True,6.533457354662031,True,False,False,0.0,0.0,0.0,False,0.9360487921984811,1.0000000000806624,0.0,False,False,False,False,False,-1.6052853490933217e-12,3.659884895146348e-13,False,True
86,lawn_fast,0,trajectories/lawn_fast.npz,5.450712646313141,0.7727320314055744,0.6830302523220071,2.372140319751221,1.0,15.5,True,15.5,0.03270162500000007,0.017072792000000003,0.033376333000000535,True,34.550000000000004,True,False,False,0.0,0.0,0.0,False,0.9999999999999998,1.000000000000023,0.0,False,False,False,False,False,0.011005050633883212,0.0,False,True
86,lawn_conservative,0,trajectories/lawn_conservative.npz,5.450712646313141,0.7727320314055744,0.038756742560283594,0.40901537202882693,1.0,29.3,True,29.3,0.06576708400000009,0.017072792000000003,0.06573449999999958,True,82.95,True,True,False,0.0,0.0,0.0,False,0.09707493774362863,0.9963776255617951,0.0,False,False,False,False,False,0.011005050633882824,0.0,False,True
86,greedy_probability,0,trajectories/greedy_probability_phi086.npz,5.450712646313141,0.7727320314055744,0.7920683713520652,1.9790882341810563,1.0,4.3500000000000005,True,4.3500000000000005,0.05411070800000006,0.017072792000000003,0.05106304099999992,True,58.150000000000006,True,False,False,0.0,0.0,0.0,False,0.9918775822812921,1.000000000000023,0.0,False,False,False,False,False,9.999999999993348e-05,0.0,False,True
86,greedy_probability_per_distance,0,trajectories/greedy_probability_per_distance_phi086.npz,5.450712646313141,0.7727320314055744,0.7638781450372387,2.126853133375116,1.0,7.1000000000000005,True,7.1000000000000005,0.05914924999999993,0.017072792000000003,0.049207,True,57.85,True,False,False,0.0,0.0,0.0,False,0.9137157890776948,1.000000000000023,0.0,False,False,False,False,False,0.01838442243283303,0.0,False,True
86,nearest,0,M9/val_samples.npz:row=144,5.450712646313141,0.7727320314055744,0.7877005584100581,2.145401060610586,0.7940531320116515,3.9000000000000004,True,3.9000000000000004,5.9999991208314896e-05,0.0,0.011750832999999794,True,4.577620530879409,True,False,False,0.0,0.0,0.0,False,0.8054919990266818,1.0000000000035918,0.0,False,False,False,False,False,0.008239717592324614,0.0,False,True
86,diffusion_guided_raw,0,M9/guidance/base/val_samples.npz:row=696,5.450712646313141,0.7727320314055744,0.6771029054489612,2.1568561873960412,0.7110509988086168,,False,120.0,0.014287875033915043,0.0,0.012671416999999963,True,6.398275684514715,True,False,False,0.0,0.0,0.0,False,1.0954734791148382,6.993405647247799,0.0,True,True,False,True,False,0.001248600740109851,0.0,False,False
86,diffusion_guided_raw,1,M9/guidance/base/val_samples.npz:row=698,5.450712646313141,0.7727320314055744,0.7881411734239273,1.720811871661291,0.7941923583576933,3.95,True,3.95,0.01423262502066791,0.0,0.011637792000000147,True,4.661814596080294,True,False,False,0.0,0.0,0.0,False,0.9378223129506735,3.4378752776421875,0.0,False,True,False,True,False,0.035397799569864746,0.0,False,False
86,diffusion_guided_raw,2,M9/guidance/base/val_samples.npz:row=700,5.450712646313141,0.7727320314055744,0.6673696706744922,2.15055356788886,0.7018122756928157,,False,120.0,0.013760041969362646,0.0,0.012665291000000245,True,6.406380293552712,True,False,False,0.0,0.0,0.0,False,1.1098370298402105,7.08948964881855,0.0,True,True,False,True,False,0.0015594168611554743,0.0,False,False
86,diffusion_guided_raw,3,M9/guidance/base/val_samples.npz:row=702,5.450712646313141,0.7727320314055744,0.6759775351336839,2.1572423929528335,0.7104201401520074,,False,120.0,0.01412775000790134,0.0,0.012801999999999758,True,6.4040318738506175,True,False,False,0.0,0.0,0.0,False,1.0842943192389884,6.703825409575603,0.0,True,True,False,True,False,0.0017016190699227912,0.0,False,False
86,diffusion_guided_raw,4,M9/guidance/base/val_samples.npz:row=704,5.450712646313141,0.7727320314055744,0.7876225747757274,1.7204305136479106,0.7936737597094934,3.95,True,3.95,0.014223916979972273,0.0,0.011473749999999505,True,4.661846027342004,True,False,False,0.0,0.0,0.0,False,0.9379197566235745,3.4400298654005717,0.0,False,True,False,True,False,0.03555886898319688,0.0,False,False
86,diffusion_guided_raw,5,M9/guidance/base/val_samples.npz:row=706,5.450712646313141,0.7727320314055744,0.6675501168202468,2.152403309716453,0.7019927218385703,,False,120.0,0.01400645897956565,0.0,0.012684292000000319,True,6.408001331772392,True,False,False,0.0,0.0,0.0,False,1.0980933147148673,6.936926026467973,0.0,True,True,False,True,False,0.0014451784061497025,0.0,False,False
86,diffusion_guided_raw,6,M9/guidance/base/val_samples.npz:row=708,5.450712646313141,0.7727320314055744,0.7878432758200828,1.7222339972485128,0.7938944607538487,3.95,True,3.95,0.013738583016674966,0.0,0.01146241600000053,True,4.66713152383279,True,False,False,0.0,0.0,0.0,False,0.9388327348063347,3.3973603593531374,0.0,False,True,False,True,False,0.03591612631801219,0.0,False,False
86,diffusion_guided_raw,7,M9/guidance/base/val_samples.npz:row=710,5.450712646313141,0.7727320314055744,0.791343327199018,1.723538172839407,0.7973945121327839,3.9000000000000004,True,3.9000000000000004,0.014176958007737994,0.0,0.011493332999999772,True,4.66406833395699,True,False,False,0.0,0.0,0.0,False,0.9378594896919238,3.440924125228836,0.0,False,True,False,True,False,0.03635346065586184,0.0,False,False
86,diffusion_guided_smooth_scale,0,M9/guidance/post/val_samples.npz:row=99,5.450712646313141,0.7727320314055744,0.7166546764009265,2.9758694465232702,0.8932619234698826,7.7,True,7.7,0.014308833033915044,0.0,0.01663779200000004,True,12.265787245047905,True,False,False,0.0,0.0,0.0,False,0.42374177196699514,1.0,0.0,False,False,False,False,False,-0.002013663812806765,0.00045504016681157007,True,False
86,diffusion_guided_smooth_scale,1,M9/guidance/post/val_samples.npz:row=100,5.450712646313141,0.7727320314055744,0.8008624360266532,2.432592019722382,0.8311970431794755,4.95,True,4.95,0.014252958020667922,0.0,0.012806000000000317,True,6.617455171938365,True,False,False,0.0,0.0,0.0,False,0.6417563225157591,1.0000000000000002,0.0,False,False,False,False,False,0.03530062679179849,0.0,False,True
86,diffusion_guided_smooth_scale,2,M9/guidance/post/val_samples.npz:row=101,5.450712646313141,0.7727320314055744,0.7164912838531107,2.9769311485716385,0.8922947110837819,7.7,True,7.7,0.013779791969362645,0.0,0.016776375000000066,True,12.277189440095823,True,False,False,0.0,0.0,0.0,False,0.42418178071598034,0.9999999999999997,0.0,False,False,False,False,False,-0.00166132036531548,0.00037600427649386176,True,False
86,diffusion_guided_smooth_scale,3,M9/guidance/post/val_samples.npz:row=102,5.450712646313141,0.7727320314055744,0.7165409035081176,2.9528417128748212,0.9041599157651907,7.9,True,7.9,0.014147875007901337,0.0,0.01698199999999961,True,12.065103573562057,True,False,False,0.0,0.0,0.0,False,0.43205238904061083,0.9999999999999997,0.0,False,False,False,False,False,-0.0017410097261681273,0.00039390151629429236,True,False
86,diffusion_guided_smooth_scale,4,M9/guidance/post/val_samples.npz:row=103,5.450712646313141,0.7727320314055744,0.8010134792459465,2.4313464613752385,0.8311970431794755,4.95,True,4.95,0.014243583979972274,0.0,0.013086458000000079,True,6.612713441847283,True,False,False,0.0,0.0,0.0,False,0.6419717647770213,0.9999999999999996,0.0,False,False,False,False,False,0.03546081474784296,0.0,False,True
86,diffusion_guided_smooth_scale,5,M9/guidance/post/val_samples.npz:row=104,5.450712646313141,0.7727320314055744,0.7163613911004665,2.970316508515989,0.8988848123412982,7.7,True,7.7,0.014026750979565655,0.0,0.016911999999999594,True,12.18119060595826,True,False,False,0.0,0.0,0.0,False,0.4281870233410333,1.0000000000000002,0.0,False,False,False,False,False,-0.0019021456537475362,0.0004300518368837887,True,False
86,diffusion_guided_smooth_scale,6,M9/guidance/post/val_samples.npz:row=105,5.450712646313141,0.7727320314055744,0.8005465694601083,2.4298734601632006,0.8299578932914419,4.95,True,4.95,0.013758417016674962,0.0,0.01294804199999966,True,6.591559511785436,True,False,False,0.0,0.0,0.0,False,0.6439613097882558,1.0,0.0,False,False,False,False,False,0.035748973330682055,0.0,False,True
86,diffusion_guided_smooth_scale,7,M9/guidance/post/val_samples.npz:row=106,5.450712646313141,0.7727320314055744,0.8002037045672623,2.436672308142625,0.8302365858999362,4.95,True,4.95,0.014196708007737993,0.0,0.013063541999999373,True,6.604799233315645,True,False,False,0.0,0.0,0.0,False,0.6430473177090716,1.0,0.0,False,False,False,False,False,0.036380174183843705,0.0,False,True
90,ETO,0,M8 phi90 init0,5.150892615819118,0.7896152086400038,0.8459748179312782,1.7010187614738919,0.8496397491437859,4.0,True,4.0,7.945232959000001,0.0,0.012622541999999903,True,5.241051256282242,True,False,False,0.0,0.0,0.0,False,0.7833775734102199,1.000000000000132,0.0,False,False,False,False,False,-3.0531133177191805e-16,6.938893903907228e-17,False,True
90,ETO,1,M8 phi90 init1,5.150892615819118,0.7896152086400038,0.7573532946757686,1.9094607022249523,0.7992222459629197,6.550000000000001,True,6.550000000000001,6.971163916999999,0.0,0.012269457999999567,True,6.05002930977206,True,False,False,0.0,0.0,0.0,False,0.7363684998062465,1.0000000000000147,0.0,False,False,False,False,False,-1.8704149340464937e-11,4.264357963967846e-12,False,True
90,ETO,2,M8 phi90 init2,5.150892615819118,0.7896152086400038,0.7495023848752957,1.2973877952623332,0.7629566934978012,,False,120.0,9.424131124999999,0.0,0.01159408300000031,True,4.611162372662357,True,False,False,0.0,0.0,0.0,False,0.80777609964701,1.0000000002984588,0.0,False,False,False,False,False,6.536438057480609e-15,0.0,False,True
90,ETO,3,M8 phi90 init3,5.150892615819118,0.7896152086400038,0.8457431608423809,1.7004366034248923,0.8494080920548885,4.0,True,4.0,7.1210056250000004,0.0,0.012770249999999983,True,5.241043315512824,True,False,False,0.0,0.0,0.0,False,0.7833790832067706,1.0000000000000129,0.0,False,False,False,False,False,4.163336342344337e-17,0.0,False,True
90,ETO,4,M8 phi90 init4,5.150892615819118,0.7896152086400038,0.7495023848752957,1.2973877952623332,0.7629566934978012,,False,120.0,6.369294875,0.0,0.01161533299999995,True,4.611176824866109,True,False,False,0.0,0.0,0.0,False,0.8077505558607349,1.0000000000000253,0.0,False,False,False,False,False,-7.537026558424031e-14,1.718417075302625e-14,False,True
90,lawn_fast,0,trajectories/lawn_fast.npz,5.150892615819118,0.7896152086400038,0.38807083306212264,3.9600406637699526,1.0,10.700000000000001,True,10.700000000000001,0.03270162500000007,0.017072792000000003,0.03352404199999981,True,34.550000000000004,True,False,False,0.0,0.0,0.0,False,0.9999999999999998,1.000000000000023,0.0,False,False,False,False,False,0.011005050633883212,0.0,False,True
90,lawn_conservative,0,trajectories/lawn_conservative.npz,5.150892615819118,0.7896152086400038,0.030363672241766587,0.5624079312836018,1.0,53.0,True,53.0,0.06576708400000009,0.017072792000000003,0.06584637499999957,True,82.95,True,True,False,0.0,0.0,0.0,False,0.09707493774362863,0.9963776255617951,0.0,False,False,False,False,False,0.011005050633882824,0.0,False,True
90,greedy_probability,0,trajectories/greedy_probability_phi090.npz,5.150892615819118,0.7896152086400038,0.7600519521733504,1.4780412738165143,1.0,11.450000000000001,True,11.450000000000001,0.04793962500000015,0.017072792000000003,0.04762245900000028,True,53.550000000000004,True,False,False,0.0,0.0,0.0,False,0.993566764978646,1.000000000000023,0.0,False,False,False,False,False,9.999999999993348e-05,0.0,False,True
90,greedy_probability_per_distance,0,trajectories/greedy_probability_per_distance_phi090.npz,5.150892615819118,0.7896152086400038,0.763052915320173,1.542801812871153,1.0,8.55,True,8.55,0.06916616700000011,0.017072792000000003,0.05460725000000011,True,65.55,True,False,False,0.0,0.0,0.0,False,0.9513148795220223,1.0000000000000253,0.0,False,False,False,False,False,9.999999999994735e-05,0.0,False,True
90,nearest,0,M9/val_samples.npz:row=159,5.150892615819118,0.7896152086400038,0.8427325909413703,1.715898804410587,0.8505549385917972,3.2,True,3.2,7.029104745015502e-05,0.0,0.0128542920000001,True,5.36339243905495,True,False,False,0.0,0.0,0.0,False,0.7743583408334548,1.0000000000000535,0.0,False,False,False,False,False,-8.4204865302695e-13,1.919783776394013e-13,False,True
90,diffusion_guided_raw,0,M9/guidance/base/val_samples.npz:row=768,5.150892615819118,0.7896152086400038,0.7390054068668955,1.2760510815926567,0.7533929322386619,,False,120.0,0.013969791994895786,0.0,0.011540874999999673,True,4.550915791800526,True,False,False,0.0,0.0,0.0,False,0.7879271705144186,3.707394058745165,0.0,False,True,False,True,False,-0.0005824133776509283,0.00013244516164846558,True,False
90,diffusion_guided_raw,1,M9/guidance/base/val_samples.npz:row=770,5.150892615819118,0.7896152086400038,0.7362566626172662,1.2691337976954495,0.7506441879890327,,False,120.0,0.013777165964711457,0.0,0.011614457999999495,True,4.533684669678685,True,False,False,0.0,0.0,0.0,False,0.7954404976235775,3.59331088392545,0.0,False,True,False,True,False,-0.0006921984796986885,0.00015733512255381235,True,False
90,diffusion_guided_raw,2,M9/guidance/base/val_samples.npz:row=772,5.150892615819118,0.7896152086400038,0.7397939633336655,1.2765229576909938,0.7541814887054319,,False,120.0,0.014373624988365918,0.0,0.011746582999999866,True,4.549998076566644,True,False,False,0.0,0.0,0.0,False,0.7878183934898751,3.7020122759232716,0.0,False,True,False,True,False,-0.0006181036932335904,0.00014053934625075752,True,False
90,diffusion_guided_raw,3,M9/guidance/base/val_samples.npz:row=774,5.150892615819118,0.7896152086400038,0.7350212788171986,1.2774352018328345,0.7494088041889649,,False,120.0,0.014072749996557832,0.0,0.011407832999999812,True,4.561726205627471,True,False,False,0.0,0.0,0.0,False,0.7838883109875662,3.750602664829374,0.0,False,True,False,True,False,-0.0005624407463106912,0.0001279144692011465,True,False
90,diffusion_guided_raw,4,M9/guidance/base/val_samples.npz:row=776,5.150892615819118,0.7896152086400038,0.7338583636966424,1.2652309924387244,0.7482458890684087,,False,120.0,0.013874750002287328,0.0,0.011572083999999982,True,4.541007377576609,True,False,False,0.0,0.0,0.0,False,0.7938333861160564,3.6489864018003355,0.0,False,True,False,True,False,-0.0006131916893115097,0.00013942550710173765,True,False
90,diffusion_guided_raw,5,M9/guidance/base/val_samples.npz:row=778,5.150892615819118,0.7896152086400038,0.7371537589701218,1.273953795953105,0.7515412843418883,,False,120.0,0.014035541971679777,0.0,0.011514125000000597,True,4.551513179793153,True,False,False,0.0,0.0,0.0,False,0.788661465899501,3.6979979557904183,0.0,False,True,False,True,False,-0.000563763915022164,0.0001282146481429089,True,False
90,diffusion_guided_raw,6,M9/guidance/base/val_samples.npz:row=780,5.150892615819118,0.7896152086400038,0.8529405509565328,1.7466536772631025,0.8583173599538574,3.3000000000000003,True,3.3000000000000003,0.014081000001169741,0.0,0.012472999999999956,True,5.300766163875456,True,False,False,0.0,0.0,0.0,False,0.7948294693018759,2.2170485481425013,0.0,False,True,False,True,False,0.005690252760666273,0.0,False,False
90,diffusion_guided_raw,7,M9/guidance/base/val_samples.npz:row=782,5.150892615819118,0.7896152086400038,0.8543923557511175,1.7511138932923256,0.8597469877864354,3.25,True,3.25,0.014029750018380582,0.0,0.012358665999999907,True,5.302316966806623,True,False,False,0.0,0.0,0.0,False,0.7969312555373549,2.2427561690757263,0.0,False,True,False,True,False,0.007793094241843657,0.0,False,False
90,diffusion_guided_smooth_scale,0,M9/guidance/post/val_samples.npz:row=110,5.150892615819118,0.7896152086400038,0.7962005346753347,1.8611614846544429,0.8156432462640079,4.95,True,4.95,0.013991041994895786,0.0,0.012181500000000511,True,6.016370058365694,True,False,False,0.0,0.0,0.0,False,0.5833460567089052,1.0,0.0,False,False,False,False,False,0.0010639308535927428,0.0,False,True
90,diffusion_guided_smooth_scale,1,M9/guidance/post/val_samples.npz:row=111,5.150892615819118,0.7896152086400038,0.7944102782151639,1.85996492424754,0.8132146285690929,5.0,True,5.0,0.013797290964711453,0.0,0.012268833999999451,True,6.015552668941672,True,False,False,0.0,0.0,0.0,False,0.5849753185742524,1.0000000000000002,0.0,False,False,False,False,False,0.0007736395894706316,0.0,False,True
90,diffusion_guided_smooth_scale,2,M9/guidance/post/val_samples.npz:row=112,5.150892615819118,0.7896152086400038,0.7947742962333739,1.8549803143042973,0.8135342240260732,5.0,True,5.0,0.014393832988365912,0.0,0.012125916999999653,True,5.9993631228553825,True,False,False,0.0,0.0,0.0,False,0.5852046957319934,1.0000000000000002,0.0,False,False,False,False,False,0.0009503543059517505,0.0,False,True
90,diffusion_guided_smooth_scale,3,M9/guidance/post/val_samples.npz:row=113,5.150892615819118,0.7896152086400038,0.7881600047778314,1.9191697704445483,0.8132443502070865,5.25,True,5.25,0.014092333996557835,0.0,0.012245916999999551,True,6.180327217179814,True,False,False,0.0,0.0,0.0,False,0.566760034067243,0.9999999999999998,0.0,False,False,False,False,False,0.0011515084263147152,0.0,False,True
90,diffusion_guided_smooth_scale,4,M9/guidance/post/val_samples.npz:row=114,5.150892615819118,0.7896152086400038,0.7928289076928196,1.8619175958096896,0.8134823920748031,5.050000000000001,True,5.050000000000001,0.01389441700228733,0.0,0.01211554200000009,True,6.043110824226673,True,False,False,0.0,0.0,0.0,False,0.5819610196040138,1.0,0.0,False,False,False,False,False,0.0009138196808896742,0.0,False,True
90,diffusion_guided_smooth_scale,5,M9/guidance/post/val_samples.npz:row=115,5.150892615819118,0.7896152086400038,0.791975703092606,1.8708582857708813,0.8135448141852095,5.1000000000000005,True,5.1000000000000005,0.014055332971679768,0.0,0.012172624999999826,True,6.072068646494638,True,False,False,0.0,0.0,0.0,False,0.578322973739242,0.9999999999999999,0.0,False,False,False,False,False,0.0010511718328032604,0.0,False,True
90,diffusion_guided_smooth_scale,6,M9/guidance/post/val_samples.npz:row=116,5.150892615819118,0.7896152086400038,0.7409270085577851,2.0338002012489587,0.7863302414584072,,False,120.0,0.014100708001169748,0.0,0.01250445800000044,True,6.283780835942798,True,False,False,0.0,0.0,0.0,False,0.6606968134844863,0.9999999999999998,0.0,False,False,False,False,False,0.0030928784602683307,0.0,False,True
90,diffusion_guided_smooth_scale,7,M9/guidance/post/val_samples.npz:row=117,5.150892615819118,0.7896152086400038,0.7440525741997353,2.0447629245370194,0.7894558071003575,,False,120.0,0.01405158401838058,0.0,0.012392207999999627,True,6.298059224357534,True,False,False,0.0,0.0,0.0,False,0.6611318189539214,0.9999999999999998,0.0,False,False,False,False,False,0.00517845235252376,0.0,False,True
94,ETO,0,M8 phi94 init0,6.245475821484362,0.8943234832553134,0.9243001725160938,1.7690908744852274,0.9478235535632333,6.15,True,6.15,9.610663458,0.0,0.014888832999999657,True,7.045881891867868,True,False,False,0.0,0.0,0.0,False,0.8310771689219303,1.0000000001842977,0.0,False,False,False,False,False,-3.843453333374214e-13,8.762782166549243e-14,False,True
94,ETO,1,M8 phi94 init1,6.245475821484362,0.8943234832553134,0.9107171340850297,1.7686154615201823,0.9353728624124746,6.15,True,6.15,10.171756291000001,0.0,0.014687582999999726,True,7.036037134694119,True,False,False,0.0,0.0,0.0,False,0.8741933945110469,1.0000000000001579,0.0,False,False,False,False,False,3.469446951953614e-16,0.0,False,True
94,ETO,2,M8 phi94 init2,6.245475821484362,0.8943234832553134,0.8679341329413283,1.418820703786675,0.8688183711223183,,False,120.0,10.056146625,0.0,0.012711708999999516,True,5.033456494282034,True,False,False,0.0,0.0,0.0,False,0.8312953712948534,1.000000000000032,0.0,False,False,False,False,False,0.03509673188176368,0.0,False,True
94,ETO,3,M8 phi94 init3,6.245475821484362,0.8943234832553134,0.9096972208317351,2.0463450392707436,0.9358657527479193,6.2,True,6.2,16.512580790999998,0.0,0.014571458000000703,True,7.080528595642864,True,False,False,0.0,0.0,0.0,False,0.7826522051601132,1.0000000007630678,0.0,False,False,False,False,False,-5.1486592766991635e-15,1.1744077932362984e-15,False,True
94,ETO,4,M8 phi94 init4,6.245475821484362,0.8943234832553134,0.85896875590238,1.3967486630982202,0.85985299408337,,False,120.0,11.807650292,0.0,0.012550124999999746,True,5.031474990934924,True,False,False,0.0,0.0,0.0,False,0.8553776659877508,1.0000000000093465,0.0,False,False,False,False,False,0.028386471418563763,0.0,False,True
94,lawn_fast,0,trajectories/lawn_fast.npz,6.245475821484362,0.8943234832553134,0.292745539540411,3.9699214407185104,1.0,11.55,True,11.55,0.03270162500000007,0.017072792000000003,0.03449183300000058,True,34.550000000000004,True,False,False,0.0,0.0,0.0,False,0.9999999999999998,1.000000000000023,0.0,False,False,False,False,False,0.011005050633883212,0.0,False,True
94,lawn_conservative,0,trajectories/lawn_conservative.npz,6.245475821484362,0.8943234832553134,0.026793824999876203,0.5743820623960647,1.0,73.25,True,73.25,0.06576708400000009,0.017072792000000003,0.06979587499999962,True,82.95,True,True,False,0.0,0.0,0.0,False,0.09707493774362863,0.9963776255617951,0.0,False,False,False,False,False,0.011005050633882824,0.0,False,True
94,greedy_probability,0,trajectories/greedy_probability_phi094.npz,6.245475821484362,0.8943234832553134,0.8407936824942402,1.6744547011123712,1.0,15.600000000000001,True,15.600000000000001,0.04176375000000032,0.017072792000000003,0.043338167000000816,True,45.550000000000004,True,False,False,0.0,0.0,0.0,False,0.9632645813645072,1.000000000000023,0.0,False,False,False,False,False,9.99999999999196e-05,0.0,False,True
94,greedy_probability_per_distance,0,trajectories/greedy_probability_per_distance_phi094.npz,6.245475821484362,0.8943234832553134,0.7788414395384198,3.9642641167361687,1.0,18.8,True,18.8,0.05642466600000029,0.017072792000000003,0.04777900000000024,True,54.25,True,False,False,0.0,0.0,0.0,False,0.7979921894503904,1.000000000000023,0.0,False,False,False,False,False,9.99999999999196e-05,0.0,False,True
94,nearest,0,M9/val_samples.npz:row=174,6.245475821484362,0.8943234832553134,0.8194599332219055,1.5396612783938783,0.9203068947901528,6.5,True,6.5,7.433304563164711e-05,0.0,0.01563500000000051,True,7.411030502491871,True,False,False,0.0,0.0,0.0,False,0.8934345101181208,1.0000000000268605,0.0,False,False,False,False,False,1.2990303277504722e-12,0.0,False,True
94,diffusion_guided_raw,0,M9/guidance/base/val_samples.npz:row=840,6.245475821484362,0.8943234832553134,0.857633876434561,1.4257273633638614,0.8580759860098178,,False,120.0,0.013676416012458503,0.0,0.012625791999999691,True,4.973210314486831,True,False,False,0.0,0.0,0.0,False,0.890789886136934,2.8657816193214805,0.0,False,True,False,True,False,0.022062526349071437,0.0,False,False
94,diffusion_guided_raw,1,M9/guidance/base/val_samples.npz:row=842,6.245475821484362,0.8943234832553134,0.9169134429796555,1.7138162165456972,0.9419262433437317,6.050000000000001,True,6.050000000000001,0.013907832966651767,0.0,0.014751667000000523,True,6.943098578313535,True,False,False,0.0,0.0,0.0,False,0.8635227096630967,2.150237573137915,0.0,False,True,False,True,False,-0.0018531505874510718,0.0004190654476687785,True,False
94,diffusion_guided_raw,2,M9/guidance/base/val_samples.npz:row=844,6.245475821484362,0.8943234832553134,0.8603918368215363,1.4320802399506989,0.8609813073464527,,False,120.0,0.013931708002928644,0.0,0.012759749999999848,True,4.978461275393762,True,False,False,0.0,0.0,0.0,False,0.8881998173109553,2.8531141330780945,0.0,False,True,False,True,False,0.02245795962928429,0.0,False,False
94,diffusion_guided_raw,3,M9/guidance/base/val_samples.npz:row=846,6.245475821484362,0.8943234832553134,0.8621705820800947,1.4267474355559566,0.862760052605011,,False,120.0,0.013832584023475647,0.0,0.012661167000000084,True,4.985288455869417,True,False,False,0.0,0.0,0.0,False,0.8876194970990373,2.851666433582877,0.0,False,True,False,True,False,0.022601749242987385,0.0,False,False
94,diffusion_guided_raw,4,M9/guidance/base/val_samples.npz:row=848,6.245475821484362,0.8943234832553134,0.8995755237626667,1.6961542033935677,0.9251111888716343,6.15,True,6.15,0.013771166035439819,0.0,0.014512708000000707,True,6.965114576475375,True,False,False,0.0,0.0,0.0,False,0.8787759185491186,2.0996391944465373,0.0,False,True,False,True,False,-0.0025170507084850136,0.0005675265918623097,True,False
94,diffusion_guided_raw,5,M9/guidance/base/val_samples.npz:row=850,6.245475821484362,0.8943234832553134,0.8950993265942335,1.7133983119818508,0.9206420988295445,6.2,True,6.2,0.014415542013011873,0.0,0.014386499999999636,True,6.9806795992014115,True,False,False,0.0,0.0,0.0,False,0.8791682110318428,2.000493911082624,0.0,False,True,False,True,False,-0.002208705467372063,0.0004986841559938872,True,False
94,diffusion_guided_raw,6,M9/guidance/base/val_samples.npz:row=852,6.245475821484362,0.8943234832553134,0.9003990821794821,1.6933857459986288,0.9265723084482227,6.1000000000000005,True,6.1000000000000005,0.013802208006381989,0.0,0.014676582999999965,True,6.956762640271545,True,False,False,0.0,0.0,0.0,False,0.8766810982920472,2.0959948022185126,0.0,False,True,False,True,False,-0.0024629066261579874,0.0005554519232355334,True,False
94,diffusion_guided_raw,7,M9/guidance/base/val_samples.npz:row=854,6.245475821484362,0.8943234832553134,0.91057955974665,1.7157134638903202,0.935887123651389,6.1000000000000005,True,6.1000000000000005,0.01422650000313297,0.0,0.01442754199999996,True,6.949850964027528,True,False,False,0.0,0.0,0.0,False,0.8659564562166755,2.178766453008612,0.0,False,True,False,True,False,-0.001939982725106093,0.00043853293206551,True,False
94,diffusion_guided_smooth_scale,0,M9/guidance/post/val_samples.npz:row=121,6.245475821484362,0.8943234832553134,0.8195119618536721,1.8176630685817707,0.8338392119774984,,False,120.0,0.013698291012458508,0.0,0.013245208999999925,True,6.498131923732387,True,False,False,0.0,0.0,0.0,False,0.6582941141454729,1.0,0.0,False,False,False,False,False,0.025641654660475882,0.0,False,True
94,diffusion_guided_smooth_scale,1,M9/guidance/post/val_samples.npz:row=122,6.245475821484362,0.8943234832553134,0.8288073511143557,2.0975970349367397,0.9383939694002708,7.0,True,7.0,0.01392787396665178,0.0,0.015369624999999942,True,8.480226015107574,True,False,False,0.0,0.0,0.0,False,0.6598252158681706,1.0,0.0,False,False,False,False,False,-0.008652035424197721,0.0018977189632089619,True,False
94,diffusion_guided_smooth_scale,2,M9/guidance/post/val_samples.npz:row=123,6.245475821484362,0.8943234832553134,0.820915779723528,1.8286927782341071,0.8352430298473543,,False,120.0,0.01395120800292865,0.0,0.012962625000000116,True,6.489900050591236,True,False,False,0.0,0.0,0.0,False,0.658920562097657,1.0000000000000002,0.0,False,False,False,False,False,0.026039188868750812,0.0,False,True
94,diffusion_guided_smooth_scale,3,M9/guidance/post/val_samples.npz:row=124,6.245475821484362,0.8943234832553134,0.818166175917159,1.8253761868832281,0.8329413873818174,,False,120.0,0.013857209023475647,0.0,0.01306291599999998,True,6.5033796744497625,True,False,False,0.0,0.0,0.0,False,0.6573257089776686,1.0000000000000002,0.0,False,False,False,False,False,0.026180512765470232,0.0,False,True
94,diffusion_guided_smooth_scale,4,M9/guidance/post/val_samples.npz:row=125,6.245475821484362,0.8943234832553134,0.8360210395507411,2.00975612294037,0.9345295686217455,6.800000000000001,True,6.800000000000001,0.013876374035439815,0.0,0.01524683299999996,True,8.14581332647366,True,False,False,0.0,0.0,0.0,False,0.6947396228501507,0.9999999999999998,0.0,False,False,False,False,False,-0.00874398720672466,0.0019170834455057347,True,False
94,diffusion_guided_smooth_scale,5,M9/guidance/post/val_samples.npz:row=126,6.245475821484362,0.8943234832553134,0.8362466622692168,2.0458836727075798,0.9276092798756017,6.8500000000000005,True,6.8500000000000005,0.01443858401301186,0.0,0.015117625000000245,True,8.169933562574752,True,False,False,0.0,0.0,0.0,False,0.6939757362373327,1.0,0.0,False,False,False,False,False,-0.008565046724679864,0.0018793841100006592,True,False
94,diffusion_guided_smooth_scale,6,M9/guidance/post/val_samples.npz:row=127,6.245475821484362,0.8943234832553134,0.8327360330283309,2.0468667738352844,0.9312817420934865,6.8500000000000005,True,6.8500000000000005,0.013823208006381996,0.0,0.015132207999999814,True,8.220035289302311,True,False,False,0.0,0.0,0.0,False,0.6872545958171794,1.0,0.0,False,False,False,False,False,-0.008801182834605764,0.0019291199638974792,True,False
94,diffusion_guided_smooth_scale,7,M9/guidance/post/val_samples.npz:row=128,6.245475821484362,0.8943234832553134,0.8158117031316555,2.109926969913854,0.9367782279656542,7.0,True,7.0,0.014246750003132969,0.0,0.015336583999999931,True,8.484290682828577,True,False,False,0.0,0.0,0.0,False,0.6587684302444368,1.0000000000000002,0.0,False,False,False,False,False,-0.008727765740396187,0.0019136685324923474,True,False
128,ETO,0,M8 phi128 init0,5.6585546429930975,0.8351606444076362,0.7899356655037353,1.3061456722124525,0.7921917141291656,,False,120.0,7.890012791999999,0.0,0.012581791999999759,True,4.8092143198642985,True,False,False,0.0,0.0,0.0,False,0.845644838773233,1.0000000000003166,0.0,False,False,False,False,False,3.094746681142624e-13,0.0,False,True
128,ETO,1,M8 phi128 init1,5.6585546429930975,0.8351606444076362,0.8769932366413609,1.360841747172488,0.9222024205632015,4.2,True,4.2,12.104335709,0.0,0.014071125000000073,True,6.9874038871129285,True,False,False,0.0,0.0,0.0,False,0.903233523265971,1.0000000000974225,0.0,False,False,False,False,False,-2.707972734938835e-13,6.173880851001456e-14,False,True
128,ETO,2,M8 phi128 init2,5.6585546429930975,0.8351606444076362,0.808860128946316,1.3976840001046054,0.8114161826545118,,False,120.0,11.360214583,0.0,0.011851917000000434,True,4.760358594340996,True,False,False,0.0,0.0,0.0,False,0.8919638667199153,1.000000000173074,0.0,False,False,False,False,False,-5.467848396278896e-15,1.2472661792273243e-15,False,True
128,ETO,3,M8 phi128 init3,5.6585546429930975,0.8351606444076362,0.8911540620004531,1.3470519710532312,0.9247598391838777,4.0,True,4.0,10.355777584,0.0,0.013952332999999761,True,6.975437694704346,True,False,False,0.0,0.0,0.0,False,0.9274993571045695,1.0000000000000937,0.0,False,False,False,False,False,1.0324102683867409e-12,0.0,False,True
128,ETO,4,M8 phi128 init4,5.6585546429930975,0.8351606444076362,0.808860128946316,1.3976840001046054,0.8114161826545118,,False,120.0,11.351131542,0.0,0.012270791999999808,True,4.760358718942919,True,False,False,0.0,0.0,0.0,False,0.8919730452450716,1.0000000004274738,0.0,False,False,False,False,False,-2.4922008901029358e-12,5.681965314918713e-13,False,True
128,lawn_fast,0,trajectories/lawn_fast.npz,5.6585546429930975,0.8351606444076362,0.630883094602501,4.145820995391931,1.0,10.850000000000001,True,10.850000000000001,0.03270162500000007,0.017072792000000003,0.033701875000000214,True,34.550000000000004,True,False,False,0.0,0.0,0.0,False,0.9999999999999998,1.000000000000023,0.0,False,False,False,False,False,0.011005050633883212,0.0,False,True
128,lawn_conservative,0,trajectories/lawn_conservative.npz,5.6585546429930975,0.8351606444076362,0.05243455741492561,0.46144884612175907,1.0,47.95,True,47.95,0.06576708400000009,0.017072792000000003,0.06632270900000048,True,82.95,True,True,False,0.0,0.0,0.0,False,0.09707493774362863,0.9963776255617951,0.0,False,False,False,False,False,0.011005050633882824,0.0,False,True
128,greedy_probability,0,trajectories/greedy_probability_phi128.npz,5.6585546429930975,0.8351606444076362,0.8207613621397195,1.1998201688552999,1.0,6.75,True,6.75,0.0476187079999999,0.017072792000000003,0.04831249999999976,True,55.5,True,False,False,0.0,0.0,0.0,False,0.9499999999999997,1.000000000000023,0.0,False,False,False,False,False,9.999999999997511e-05,0.0,False,True
128,greedy_probability_per_distance,0,trajectories/greedy_probability_per_distance_phi128.npz,5.6585546429930975,0.8351606444076362,0.8071568017692691,1.318278881156322,1.0,8.3,True,8.3,0.053291832999999844,0.017072792000000003,0.04365225000000006,True,49.550000000000004,True,False,False,0.0,0.0,0.0,False,0.8899921191829258,1.000000000000023,0.0,False,False,False,False,False,0.00010000000000007225,0.0,False,True
128,nearest,0,M9/val_samples.npz:row=189,5.6585546429930975,0.8351606444076362,0.7236087889634192,2.589006937415357,0.8251034775096664,,False,120.0,6.90409797243774e-05,0.0,0.014832666000000216,True,8.196537098059343,True,True,False,0.0,0.0,0.0,False,0.8626726051583089,1.0000000000000384,0.0,False,False,False,False,False,-7.349260089384302e-13,1.6755520582112382e-13,False,True
128,diffusion_guided_raw,0,M9/guidance/base/val_samples.npz:row=912,5.6585546429930975,0.8351606444076362,0.8813914281803509,1.3283129178158004,0.9257117525671622,4.15,True,4.15,0.013863625004887581,0.0,0.014121708000000233,True,7.081138277079999,True,False,False,0.0,0.0,0.0,False,0.9339547829359545,3.879700110012798,0.0,False,True,False,True,False,0.006009091266112154,0.0,False,False
128,diffusion_guided_raw,1,M9/guidance/base/val_samples.npz:row=914,5.6585546429930975,0.8351606444076362,0.832071192990051,1.3729808911117294,0.8338761933214626,,False,120.0,0.013707124977372587,0.0,0.012417832999999767,True,4.851427950789596,True,False,False,0.0,0.0,0.0,False,0.9108438398593184,2.3305190500738187,0.0,False,True,False,True,False,0.0018018516532371381,0.0,False,False
128,diffusion_guided_raw,2,M9/guidance/base/val_samples.npz:row=916,5.6585546429930975,0.8351606444076362,0.8310280808295817,1.3715229962645963,0.8328330811609932,,False,120.0,0.013741332979407161,0.0,0.012027666999999909,True,4.844005710562923,True,False,False,0.0,0.0,0.0,False,0.9112570812736714,2.4011781838151696,0.0,False,True,False,True,False,0.00124011834060897,0.0,False,False
128,diffusion_guided_raw,3,M9/guidance/base/val_samples.npz:row=918,5.6585546429930975,0.8351606444076362,0.8808475962054344,1.309670410722523,0.9251298899945372,4.15,True,4.15,0.013877749966923147,0.0,0.014164749999999948,True,7.0507013685566875,True,False,False,0.0,0.0,0.0,False,0.9410610451544646,3.9667526077837714,0.0,False,True,False,True,False,0.009342042071368295,0.0,False,False
128,diffusion_guided_raw,4,M9/guidance/base/val_samples.npz:row=920,5.6585546429930975,0.8351606444076362,0.8312393490562012,1.370234239835479,0.8330443493876127,,False,120.0,0.014057249994948506,0.0,0.012058459000000354,True,4.84538926813857,True,False,False,0.0,0.0,0.0,False,0.9094963372491347,2.329369033308401,0.0,False,True,False,True,False,0.0014435228826850388,0.0,False,False
128,diffusion_guided_raw,5,M9/guidance/base/val_samples.npz:row=922,5.6585546429930975,0.8351606444076362,0.8310524853538122,1.37251955223302,0.8328574856852239,,False,120.0,0.014146208995953202,0.0,0.011839625000000353,True,4.849328846959708,True,False,False,0.0,0.0,0.0,False,0.9121986552674795,2.3708925743345026,0.0,False,True,False,True,False,0.0013057121548694095,0.0,False,False
128,diffusion_guided_raw,6,M9/guidance/base/val_samples.npz:row=924,5.6585546429930975,0.8351606444076362,0.8818989331830113,1.3284421983595371,0.9253631374904381,4.15,True,4.15,0.014751457958482206,0.0,0.014344041000000196,True,7.072628262971982,True,False,False,0.0,0.0,0.0,False,0.936379221897118,3.8465508106223014,0.0,False,True,False,True,False,0.0060904758322910535,0.0,False,False
128,diffusion_guided_raw,7,M9/guidance/base/val_samples.npz:row=926,5.6585546429930975,0.8351606444076362,0.8310524853538122,1.3719711803979595,0.8328574856852239,,False,120.0,0.014257832954172045,0.0,0.011919875000000246,True,4.848433638061371,True,False,False,0.0,0.0,0.0,False,0.9118141980050369,2.3277505164602554,0.0,False,True,False,True,False,0.001168142988805243,0.0,False,False
128,diffusion_guided_smooth_scale,0,M9/guidance/post/val_samples.npz:row=132,5.6585546429930975,0.8351606444076362,0.7312770076084893,1.5960871874284688,0.8460859226611552,10.450000000000001,True,10.450000000000001,0.01388595800488758,0.0,0.015722000000000236,True,10.293066541869527,True,False,False,0.0,0.0,0.0,False,0.6014117338407152,0.9999999999999996,0.0,False,False,False,False,False,-0.0037075976253673343,0.0008315485269957384,True,False
128,diffusion_guided_smooth_scale,1,M9/guidance/post/val_samples.npz:row=133,5.6585546429930975,0.8351606444076362,0.8352546617899927,1.4121474776776832,0.850855899718042,5.65,True,5.65,0.01372812497737258,0.0,0.012283708000000004,True,5.99367409758495,True,False,False,0.0,0.0,0.0,False,0.7151410099697084,0.9999999999999998,0.0,False,False,False,False,False,0.003681907416753852,0.0,False,True
128,diffusion_guided_smooth_scale,2,M9/guidance/post/val_samples.npz:row=134,5.6585546429930975,0.8351606444076362,0.8338649727952603,1.4047168436359585,0.8493160811051628,6.1000000000000005,True,6.1000000000000005,0.01376124997940717,0.0,0.012607125000000607,True,5.973873406105589,True,False,False,0.0,0.0,0.0,False,0.7176839854269649,1.0000000000000002,0.0,False,False,False,False,False,0.003101707407920401,0.0,False,True
128,diffusion_guided_smooth_scale,3,M9/guidance/post/val_samples.npz:row=135,5.6585546429930975,0.8351606444076362,0.7209945682761564,1.6133059657152882,0.8485864101746071,10.25,True,10.25,0.013901457966923159,0.0,0.017036999999999303,True,10.442451710136126,True,False,False,0.0,0.0,0.0,False,0.5939716229365464,1.0000000000000002,0.0,False,False,False,False,False,-0.002391181114311927,0.0005394473929809622,True,False
128,diffusion_guided_smooth_scale,4,M9/guidance/post/val_samples.npz:row=136,5.6585546429930975,0.8351606444076362,0.8348741933012381,1.4070654005655239,0.8503249820738196,5.8500000000000005,True,5.8500000000000005,0.014077124994948509,0.0,0.014743583000000449,True,5.985219893311947,True,False,False,0.0,0.0,0.0,False,0.7154594380310039,1.0,0.0,False,False,False,False,False,0.0032381173534679203,0.0,False,True
128,diffusion_guided_smooth_scale,5,M9/guidance/post/val_samples.npz:row=137,5.6585546429930975,0.8351606444076362,0.8344747939883072,1.4088865224487712,0.8497754531427419,6.0,True,6.0,0.014166208995953194,0.0,0.012586374999999705,True,5.9752903625331975,True,False,False,0.0,0.0,0.0,False,0.7186699119559768,0.9999999999999998,0.0,False,False,False,False,False,0.0032524054666436264,0.0,False,True
128,diffusion_guided_smooth_scale,6,M9/guidance/post/val_samples.npz:row=138,5.6585546429930975,0.8351606444076362,0.7335167529870208,1.591619024848363,0.8549321274354102,9.3,True,9.3,0.014771082958482201,0.0,0.015819291999999763,True,10.210736544907464,True,False,False,0.0,0.0,0.0,False,0.605912727570771,0.9999999999999999,0.0,False,False,False,False,False,-0.004079854932857424,0.0009135204967112062,True,False
128,diffusion_guided_smooth_scale,7,M9/guidance/post/val_samples.npz:row=139,5.6585546429930975,0.8351606444076362,0.8342571327831314,1.4190650393551536,0.849707921555713,6.0,True,6.0,0.01427733295417205,0.0,0.01240295800000002,True,5.9851654317566565,True,False,False,0.0,0.0,0.0,False,0.7164796148235429,1.0000000000000002,0.0,False,False,False,False,False,0.0031015626232524796,0.0,False,True
129,ETO,0,M8 phi129 init0,5.0076991286470625,0.7807464411931315,0.7357765454597034,1.2031622838814366,0.7464668836681618,,False,120.0,6.353295042,0.0,0.011042541999999322,True,4.415149794072465,True,False,False,0.0,0.0,0.0,False,0.8923567284597879,1.000000000000025,0.0,False,False,False,False,False,1.5265566588595902e-16,0.0,False,True
129,ETO,1,M8 phi129 init1,5.0076991286470625,0.7807464411931315,0.7357765454597034,1.2031622838814366,0.7464668836681618,,False,120.0,6.062711458,0.0,0.011249124999999971,True,4.415149778348521,True,False,False,0.0,0.0,0.0,False,0.8923519407545792,1.000000000000032,0.0,False,False,False,False,False,3.316791286067655e-15,0.0,False,True
129,ETO,2,M8 phi129 init2,5.0076991286470625,0.7807464411931315,0.848201284793274,1.5496610505680959,0.8784382001953568,4.15,True,4.15,9.813464542,0.0,0.01339912500000029,True,5.8965229840167215,True,False,False,0.0,0.0,0.0,False,0.9240660334996934,1.0000000002062195,0.0,False,False,False,False,False,-2.9359847886212265e-13,6.693777476751706e-14,False,True
129,ETO,3,M8 phi129 init3,5.0076991286470625,0.7807464411931315,0.7357765454597034,1.203194529268251,0.7464668836681618,,False,120.0,6.108226125,0.0,0.011158041999999924,True,4.415150071569863,True,False,False,0.0,0.0,0.0,False,0.8923967611332253,1.0000000000000224,0.0,False,False,False,False,False,1.544597783009749e-14,0.0,False,True
129,ETO,4,M8 phi129 init4,5.0076991286470625,0.7807464411931315,0.848201284793274,1.5496293716602558,0.8784382001953568,4.15,True,4.15,10.74595325,0.0,0.01256104100000055,True,5.896523015227739,True,False,False,0.0,0.0,0.0,False,0.9240712053496251,1.0000000003120635,0.0,False,False,False,False,False,-4.1118497495773454e-13,9.374619136526263e-14,False,True
129,lawn_fast,0,trajectories/lawn_fast.npz,5.0076991286470625,0.7807464411931315,0.7795306900251378,2.1762685851754293,1.0,5.050000000000001,True,5.050000000000001,0.03270162500000007,0.017072792000000003,0.03354679100000002,True,34.550000000000004,True,False,False,0.0,0.0,0.0,False,0.9999999999999998,1.000000000000023,0.0,False,False,False,False,False,0.011005050633883212,0.0,False,True
129,lawn_conservative,0,trajectories/lawn_conservative.npz,5.0076991286470625,0.7807464411931315,0.12028637816301717,0.20122933310719085,1.0,32.7,True,32.7,0.06576708400000009,0.017072792000000003,0.06589141700000045,True,82.95,True,True,False,0.0,0.0,0.0,False,0.09707493774362863,0.9963776255617951,0.0,False,False,False,False,False,0.011005050633882824,0.0,False,True
129,greedy_probability,0,trajectories/greedy_probability_phi129.npz,5.0076991286470625,0.7807464411931315,0.7599545335741008,1.279149106296708,1.0,8.450000000000001,True,8.450000000000001,0.053775458000000054,0.017072792000000003,0.052758124999999545,True,61.550000000000004,True,False,False,0.0,0.0,0.0,False,0.9708274376221172,1.000000000000023,0.0,False,False,False,False,False,9.999999999989184e-05,0.0,False,True
129,greedy_probability_per_distance,0,trajectories/greedy_probability_per_distance_phi129.npz,5.0076991286470625,0.7807464411931315,0.7483953418702066,1.4014162602603195,1.0,8.55,True,8.55,0.057389459000000365,0.017072792000000003,0.04968616699999995,True,57.550000000000004,True,False,False,0.0,0.0,0.0,False,0.8650051534019001,1.000000000000023,0.0,False,False,False,False,False,9.999999999993348e-05,0.0,False,True
129,nearest,0,M9/val_samples.npz:row=204,5.0076991286470625,0.7807464411931315,0.7282206740547029,1.208200026908443,0.7389110122631616,,False,120.0,7.045798702165484e-05,0.0,0.011265208000000193,True,4.4024610882260315,True,False,False,0.0,0.0,0.0,False,0.9091451411942054,1.000000000000017,0.0,False,False,False,False,False,-8.522349492778858e-13,1.9430117237373423e-13,False,True
129,diffusion_guided_raw,0,M9/guidance/base/val_samples.npz:row=984,5.0076991286470625,0.7807464411931315,0.7264101153539076,1.1697023298741844,0.7372552228396481,,False,120.0,0.013721875031478703,0.0,0.011158832999999646,True,4.426098953207326,True,False,False,0.0,0.0,0.0,False,0.9724831157591215,2.9546745147488576,0.0,False,True,False,True,False,0.011805006114081279,0.0,False,False
129,diffusion_guided_raw,1,M9/guidance/base/val_samples.npz:row=986,5.0076991286470625,0.7807464411931315,0.7251127131530251,1.1694373700248009,0.7359578206387654,,False,120.0,0.01385154202580452,0.0,0.011353291999999904,True,4.427086321669318,True,False,False,0.0,0.0,0.0,False,0.9726462286339629,2.9577208191239506,0.0,False,True,False,True,False,0.011978064199557825,0.0,False,False
129,diffusion_guided_raw,2,M9/guidance/base/val_samples.npz:row=988,5.0076991286470625,0.7807464411931315,0.7262022893549795,1.1717134345533944,0.73704739684072,,False,120.0,0.013887584034819156,0.0,0.011289374999999602,True,4.429509827163276,True,False,False,0.0,0.0,0.0,False,0.9755306523804472,2.9534447357767166,0.0,False,True,False,True,False,0.01175807849932442,0.0,False,False
129,diffusion_guided_raw,3,M9/guidance/base/val_samples.npz:row=990,5.0076991286470625,0.7807464411931315,0.8397351388317942,1.4500958615015473,0.8632722362231493,3.95,True,3.95,0.013870667025912553,0.0,0.01237437500000027,True,5.830210633812126,True,False,False,0.0,0.0,0.0,False,0.9026826813458502,3.70060988847319,0.0,False,True,False,True,False,0.006805628964801372,0.0,False,False
129,diffusion_guided_raw,4,M9/guidance/base/val_samples.npz:row=992,5.0076991286470625,0.7807464411931315,0.8396861356639851,1.457051396879949,0.8638435821620638,4.05,True,4.05,0.013592666946351528,0.0,0.012189124999999912,True,5.8365566443554275,True,False,False,0.0,0.0,0.0,False,0.9059499396175646,3.6252337040144,0.0,False,True,False,True,False,0.006314108460288015,0.0,False,False
129,diffusion_guided_raw,5,M9/guidance/base/val_samples.npz:row=994,5.0076991286470625,0.7807464411931315,0.840038987535429,1.462101367125336,0.864196434033508,4.05,True,4.05,0.014037374989129603,0.0,0.012651542000000404,True,5.834474226257065,True,False,False,0.0,0.0,0.0,False,0.9062066435619875,3.605597893077453,0.0,False,True,False,True,False,0.006284421517798303,0.0,False,False
129,diffusion_guided_raw,6,M9/guidance/base/val_samples.npz:row=996,5.0076991286470625,0.7807464411931315,0.726321108559774,1.1714115702935168,0.7371662160455146,,False,120.0,0.014241125027183443,0.0,0.011029500000000247,True,4.428683495412514,True,False,False,0.0,0.0,0.0,False,0.9723574667966406,2.9623572154588573,0.0,False,True,False,True,False,0.011375252425040505,0.0,False,False
129,diffusion_guided_raw,7,M9/guidance/base/val_samples.npz:row=998,5.0076991286470625,0.7807464411931315,0.8398668215609826,1.4622780318324267,0.8641802500354074,4.05,True,4.05,0.013831834017764777,0.0,0.01233041700000026,True,5.8379349633874575,True,False,False,0.0,0.0,0.0,False,0.9062677253095704,3.650170748794061,0.0,False,True,False,True,False,0.006476607054132194,0.0,False,False
129,diffusion_guided_smooth_scale,0,M9/guidance/post/val_samples.npz:row=143,5.0076991286470625,0.7807464411931315,0.672138197712263,1.4777242954279364,0.693969468606548,,False,120.0,0.013743125031478703,0.0,0.012416875000000438,True,6.07193673986438,True,False,False,0.0,0.0,0.0,False,0.6515959259555885,1.0000000000000002,0.0,False,False,False,False,False,0.011697635602721218,0.0,False,True
129,diffusion_guided_smooth_scale,1,M9/guidance/post/val_samples.npz:row=144,5.0076991286470625,0.7807464411931315,0.6712607597921991,1.4752145929246074,0.6926267779718491,,False,120.0,0.013871542025804512,0.0,0.012361457999999992,True,6.066839267778358,True,False,False,0.0,0.0,0.0,False,0.6538240239999484,1.0,0.0,False,False,False,False,False,0.01196130987582461,0.0,False,True
129,diffusion_guided_smooth_scale,2,M9/guidance/post/val_samples.npz:row=145,5.0076991286470625,0.7807464411931315,0.6663357969091845,1.4847625858521605,0.6889405409708396,,False,120.0,0.013907542034819156,0.0,0.01239300000000032,True,6.094773707843932,True,False,False,0.0,0.0,0.0,False,0.6492852827152176,1.0000000000000002,0.0,False,False,False,False,False,0.011678084999721616,0.0,False,True
129,diffusion_guided_smooth_scale,3,M9/guidance/post/val_samples.npz:row=146,5.0076991286470625,0.7807464411931315,0.5310329505915509,1.238839534560036,0.8621517164281289,7.050000000000001,True,7.050000000000001,0.013890584025912561,0.0,0.013733540999999683,True,8.919805199795752,True,False,False,0.0,0.0,0.0,False,0.579640502048827,0.9999999999999997,0.0,False,False,False,False,False,0.0034981902678939136,0.0,False,True
129,diffusion_guided_smooth_scale,4,M9/guidance/post/val_samples.npz:row=147,5.0076991286470625,0.7807464411931315,0.5389580590362159,1.2680823023186578,0.8574997902807882,6.95,True,6.95,0.01361233394635153,0.0,0.013963624999999702,True,8.724306820793586,True,False,False,0.0,0.0,0.0,False,0.5943116249128055,0.9999999999999997,0.0,False,False,False,False,False,0.0030814312686618384,0.0,False,True
129,diffusion_guided_smooth_scale,5,M9/guidance/post/val_samples.npz:row=148,5.0076991286470625,0.7807464411931315,0.5513873261414748,1.3188294230540598,0.855724140658733,6.8500000000000005,True,6.8500000000000005,0.014057457989129607,0.0,0.013804416999999347,True,8.634661696524104,True,False,False,0.0,0.0,0.0,False,0.5991059850259483,0.9999999999999996,0.0,False,False,False,False,False,0.0031146795546990458,0.0,False,True
129,diffusion_guided_smooth_scale,6,M9/guidance/post/val_samples.npz:row=149,5.0076991286470625,0.7807464411931315,0.6661244735542573,1.4826682574374,0.6885742825186904,,False,120.0,0.014261000027183432,0.0,0.012691542000000666,True,6.084814795678481,True,False,False,0.0,0.0,0.0,False,0.6510292249466341,0.9999999999999999,0.0,False,False,False,False,False,0.011292747081071336,0.0,False,True
129,diffusion_guided_smooth_scale,7,M9/guidance/post/val_samples.npz:row=150,5.0076991286470625,0.7807464411931315,0.545928074168999,1.289179356609185,0.8581660636442011,6.9,True,6.9,0.013851625017764782,0.0,0.013851499999999461,True,8.711972709691834,True,False,False,0.0,0.0,0.0,False,0.5956624499056704,1.0,0.0,False,False,False,False,False,0.003174718353723835,0.0,False,True
139,ETO,0,M8 phi139 init0,6.033510877903138,0.8393015584304674,0.8077929798692611,0.9601613967149875,0.8077929798692611,,False,120.0,10.151650624999998,0.0,0.012030583000001371,True,4.356197618689126,True,False,False,0.0,0.0,0.0,False,0.9629158694799107,1.000000000000033,0.0,False,False,False,False,False,-8.974904153191687e-13,2.0461930760884428e-13,False,True
139,ETO,1,M8 phi139 init1,6.033510877903138,0.8393015584304674,0.8771014989206192,1.0567312451017874,0.9065093748198075,4.4,True,4.4,13.813836458,0.0,0.014997166000000561,True,7.160985792518849,True,False,False,0.0,0.0,0.0,False,1.0000000000004403,1.0000000001139935,0.0,False,False,False,False,False,-1.3752887717544127e-14,3.1363800445660672e-15,False,True
139,ETO,2,M8 phi139 init2,6.033510877903138,0.8393015584304674,0.8156333576785606,0.9245152264968088,0.8527476174082358,7.0,True,7.0,12.253932625000001,0.0,0.014128499999999988,True,7.080303240462734,True,False,False,0.0,0.0,0.0,False,0.9999999999999982,1.0000000000564628,0.0,False,False,False,False,False,1.5126788710517758e-15,0.0,False,True
139,ETO,3,M8 phi139 init3,6.033510877903138,0.8393015584304674,0.8771014989206192,1.056728915642692,0.9065093748198075,4.4,True,4.4,12.318889458,0.0,0.014400583000000466,True,7.16098803414901,True,False,False,0.0,0.0,0.0,False,0.9999999999912127,1.0000000001917266,0.0,False,False,False,False,False,-7.879391583642814e-13,1.796427590017302e-13,False,True
139,ETO,4,M8 phi139 init4,6.033510877903138,0.8393015584304674,0.818878456763277,0.8543987913254627,0.818878456763277,,False,120.0,10.323886457999999,0.0,0.011733458000000141,True,4.409079703695976,True,False,False,0.0,0.0,0.0,False,0.9477022860979661,1.0000000000000275,0.0,False,False,False,False,False,-2.4494295480792516e-14,5.584074869169342e-15,False,True
139,lawn_fast,0,trajectories/lawn_fast.npz,6.033510877903138,0.8393015584304674,0.8472045952923862,1.231662580931468,1.0,5.15,True,5.15,0.03270162500000007,0.017072792000000003,0.0344186250000007,True,34.550000000000004,True,False,False,0.0,0.0,0.0,False,0.9999999999999998,1.000000000000023,0.0,False,False,False,False,False,0.011005050633883212,0.0,False,True
139,lawn_conservative,0,trajectories/lawn_conservative.npz,6.033510877903138,0.8393015584304674,0.4786567191588924,0.29076600239664574,1.0,33.2,True,33.2,0.06576708400000009,0.017072792000000003,0.06712774999999915,True,82.95,True,True,False,0.0,0.0,0.0,False,0.09707493774362863,0.9963776255617951,0.0,False,False,False,False,False,0.011005050633882824,0.0,False,True
139,greedy_probability,0,trajectories/greedy_probability_phi139.npz,6.033510877903138,0.8393015584304674,0.7877601264579828,1.2833731805892516,1.0,11.8,True,11.8,0.05600070800000001,0.017072792000000003,0.05507795800000004,True,61.300000000000004,True,False,False,0.0,0.0,0.0,False,0.9888264131019782,1.000000000000023,0.0,False,False,False,False,False,9.999999999986409e-05,0.0,False,True
139,greedy_probability_per_distance,0,trajectories/greedy_probability_per_distance_phi139.npz,6.033510877903138,0.8393015584304674,0.4874997414407966,0.3096933711413652,1.0,19.900000000000002,True,19.900000000000002,0.05879637500000001,0.017072792000000003,0.050913458000000134,True,59.95,True,False,False,0.0,0.0,0.0,False,0.9253377761660876,1.000000000000023,0.0,False,False,False,False,False,0.017309894703000317,0.0,False,True
139,nearest,0,M9/val_samples.npz:row=219,6.033510877903138,0.8393015584304674,0.7989758218110035,0.9635387617586695,0.7989758218110035,,False,120.0,7.729197386652231e-05,0.0,0.011969750000000445,True,4.3615307649641055,True,False,False,0.0,0.0,0.0,False,0.9685128178039608,1.0000000000000204,0.0,False,False,False,False,False,-8.049116928532385e-16,1.8388068845354155e-16,False,True
139,diffusion_guided_raw,0,M9/guidance/base/val_samples.npz:row=1056,6.033510877903138,0.8393015584304674,0.8837431180644557,1.0001766621520733,0.9168995228688901,4.05,True,4.05,0.013404250028543174,0.0,0.014308083000001304,True,7.014398067261355,True,False,False,0.0,0.0,0.0,False,1.091068262058481,3.0638477306883414,0.0,True,True,False,True,False,-0.003618569857780557,0.0008119033276152623,True,False
139,diffusion_guided_raw,1,M9/guidance/base/val_samples.npz:row=1058,6.033510877903138,0.8393015584304674,0.8106604241211759,0.9595490467946945,0.8106604241211759,,False,120.0,0.013725708005949855,0.0,0.011901874999999507,True,4.399301280337698,True,False,False,0.0,0.0,0.0,False,0.9650110457906405,3.7908624244816185,0.0,False,True,False,True,False,0.00025661017545210163,0.0,False,False
139,diffusion_guided_raw,2,M9/guidance/base/val_samples.npz:row=1060,6.033510877903138,0.8393015584304674,0.8105869378582156,0.9592703286725327,0.8105869378582156,,False,120.0,0.013432165957055986,0.0,0.012224459000000465,True,4.406123998350271,True,False,False,0.0,0.0,0.0,False,0.9649441417063077,3.881384509528492,0.0,False,True,False,True,False,-0.0008428244606473595,0.000191445110360575,True,False
139,diffusion_guided_raw,3,M9/guidance/base/val_samples.npz:row=1062,6.033510877903138,0.8393015584304674,0.809922839486408,0.9590484259541815,0.809922839486408,,False,120.0,0.013439250004012138,0.0,0.011946542000000449,True,4.4008602321144945,True,False,False,0.0,0.0,0.0,False,0.9655750992632319,3.745776236401359,0.0,False,True,False,True,False,0.00031628065953419326,0.0,False,False
139,diffusion_guided_raw,4,M9/guidance/base/val_samples.npz:row=1064,6.033510877903138,0.8393015584304674,0.810551430980307,0.9583183748905421,0.810551430980307,,False,120.0,0.013975750014651567,0.0,0.012187999999998311,True,4.396757482360652,True,False,False,0.0,0.0,0.0,False,0.9659970143339167,3.773243175129383,0.0,False,True,False,True,False,0.00041290635347041027,0.0,False,False
139,diffusion_guided_raw,5,M9/guidance/base/val_samples.npz:row=1066,6.033510877903138,0.8393015584304674,0.8100814404399341,0.9580727910199089,0.810231466217232,,False,120.0,0.014086457958910614,0.0,0.011980624999999634,True,4.39440343607467,True,False,False,0.0,0.0,0.0,False,0.9664887186710956,3.696880937789059,0.0,False,True,False,True,False,0.0008793013942629824,0.0,False,False
139,diffusion_guided_raw,6,M9/guidance/base/val_samples.npz:row=1068,6.033510877903138,0.8393015584304674,0.8067967520632583,0.9574942616224917,0.8069467778405561,,False,120.0,0.013872249983251095,0.0,0.011764833000000863,True,4.3902931195356025,True,False,False,0.0,0.0,0.0,False,0.9681268067782866,3.65548100790552,0.0,False,True,False,True,False,0.0010473009608123612,0.0,False,False
139,diffusion_guided_raw,7,M9/guidance/base/val_samples.npz:row=1070,6.033510877903138,0.8393015584304674,0.8103950163145535,0.9592373107608155,0.8103950163145535,,False,120.0,0.01411170803476125,0.0,0.01196666600000107,True,4.397606902507361,True,False,False,0.0,0.0,0.0,False,0.9679171147761245,3.7276114177162833,0.0,False,True,False,True,False,0.0006663525847950408,0.0,False,False
139,diffusion_guided_smooth_scale,0,M9/guidance/post/val_samples.npz:row=154,6.033510877903138,0.8393015584304674,0.7885736747271849,1.1202379237012028,0.8813711306075623,7.4,True,7.4,0.013428334028543182,0.0,0.017310915999999565,True,11.239884120014626,True,False,False,0.0,0.0,0.0,False,0.6282071760412387,0.9999999999999997,0.0,False,False,False,False,False,-0.010003336927338305,0.0021805930233664197,True,False
139,diffusion_guided_smooth_scale,1,M9/guidance/post/val_samples.npz:row=155,6.033510877903138,0.8393015584304674,0.7694945585745933,1.1672378678096051,0.787647456854334,,False,120.0,0.013748375005949859,0.0,0.013642709000000863,True,6.55741505939796,True,False,False,0.0,0.0,0.0,False,0.621132566695099,0.9999999999999996,0.0,False,False,False,False,False,-0.00011834579279328128,2.6967639587654677e-05,True,False
139,diffusion_guided_smooth_scale,2,M9/guidance/post/val_samples.npz:row=156,6.033510877903138,0.8393015584304674,0.7738808754063224,1.196686527855778,0.7947342169975079,,False,120.0,0.013454999957055985,0.0,0.013677999999998747,True,6.676072151716442,True,False,False,0.0,0.0,0.0,False,0.6077232124248965,1.0000000000000004,0.0,False,False,False,False,False,-0.0011610149310065376,0.0002633517208767717,True,False
139,diffusion_guided_smooth_scale,3,M9/guidance/post/val_samples.npz:row=157,6.033510877903138,0.8393015584304674,0.7775629602383618,1.1621109697609284,0.7954158089037038,,False,120.0,0.013460916004012127,0.0,0.013762875000001173,True,6.536694835219261,True,False,False,0.0,0.0,0.0,False,0.6223910728174068,1.0,0.0,False,False,False,False,False,-6.527518007938549e-05,1.4877820846893874e-05,True,False
139,diffusion_guided_smooth_scale,4,M9/guidance/post/val_samples.npz:row=158,6.033510877903138,0.8393015584304674,0.7772185195977896,1.160728313752166,0.7950713682631316,,False,120.0,0.013996834014651571,0.0,0.013493333000001329,True,6.542918076959511,True,False,False,0.0,0.0,0.0,False,0.6227942434011247,1.0,0.0,False,False,False,False,False,0.00011623165221687215,0.0,False,True
139,diffusion_guided_smooth_scale,5,M9/guidance/post/val_samples.npz:row=159,6.033510877903138,0.8393015584304674,0.7699141479574085,1.168190801837883,0.7876169689011405,,False,120.0,0.014106415958910615,0.0,0.013481332999999651,True,6.533259689473929,True,False,False,0.0,0.0,0.0,False,0.6236484704629208,1.0000000000000002,0.0,False,False,False,False,False,0.0004885485098255621,0.0,False,True
139,diffusion_guided_smooth_scale,6,M9/guidance/post/val_samples.npz:row=160,6.033510877903138,0.8393015584304674,0.7702142697625094,1.1702312398055075,0.7877670664368204,,False,120.0,0.013892083983251105,0.0,0.013750416000000598,True,6.531508928851926,True,False,False,0.0,0.0,0.0,False,0.6249271578602855,1.0,0.0,False,False,False,False,False,0.0006386347431431155,0.0,False,True
139,diffusion_guided_smooth_scale,7,M9/guidance/post/val_samples.npz:row=161,6.033510877903138,0.8393015584304674,0.7702142697625094,1.1688623703105598,0.7877670664368204,,False,120.0,0.014134624034761248,0.0,0.014148833000000138,True,6.529723468141974,True,False,False,0.0,0.0,0.0,False,0.6223832374439707,1.0,0.0,False,False,False,False,False,0.00022580473183023142,0.0,False,True
140,ETO,0,M8 phi140 init0,4.650872102073562,0.6349177435615192,0.6649731234555077,1.7233296775690934,0.6891683812027573,3.85,True,3.85,6.5854293340000005,0.0,0.010945875000000882,True,4.630536201720992,True,False,False,0.0,0.0,0.0,False,0.875727527119587,1.000000000000022,0.0,False,False,False,False,False,-4.651834473179406e-14,1.0606099332122199e-14,False,True
140,ETO,1,M8 phi140 init1,4.650872102073562,0.6349177435615192,0.6649731234555077,1.7192155952036698,0.6891683812027573,3.85,True,3.85,7.583249499999999,0.0,0.010820541999999378,True,4.63050243827401,True,False,False,0.0,0.0,0.0,False,0.8757235946781707,1.0000000000000226,0.0,False,False,False,False,False,-2.7755575615628914e-17,6.938893903907228e-18,False,True
140,ETO,2,M8 phi140 init2,4.650872102073562,0.6349177435615192,0.5898346737205364,2.1204573716463746,0.6355715986696778,6.1000000000000005,True,6.1000000000000005,8.07782675,0.0,0.01145466700000064,True,4.681392945569643,True,False,False,0.0,0.0,0.0,False,0.8303860901221362,1.0000000000000158,0.0,False,False,False,False,False,-9.70473701400465e-14,2.2126397936084174e-14,False,True
140,ETO,3,M8 phi140 init3,4.650872102073562,0.6349177435615192,0.6649731234555077,1.7233296775690934,0.6891683812027573,3.85,True,3.85,6.760862042,0.0,0.010753541999999783,True,4.630535962219737,True,False,False,0.0,0.0,0.0,False,0.8757276547927838,1.0000000000000162,0.0,False,False,False,False,False,-3.086420008457935e-14,7.0360384185619296e-15,False,True
140,ETO,4,M8 phi140 init4,4.650872102073562,0.6349177435615192,0.5898346737205364,2.1204573716463746,0.6355715986696778,6.1000000000000005,True,6.1000000000000005,8.204871833,0.0,0.011560209000000654,True,4.681392962583426,True,False,False,0.0,0.0,0.0,False,0.8303863301002016,1.000000000000018,0.0,False,False,False,False,False,-1.1518563880486e-15,2.6194324487249787e-16,False,True
140,lawn_fast,0,trajectories/lawn_fast.npz,4.650872102073562,0.6349177435615192,0.4161419857635097,3.8127714849087946,0.9999999999999999,10.0,True,10.0,0.03270162500000007,0.017072792000000003,0.0337432910000004,True,34.550000000000004,True,False,False,0.0,0.0,0.0,False,0.9999999999999998,1.000000000000023,0.0,False,False,False,False,False,0.011005050633883212,0.0,False,True
140,lawn_conservative,0,trajectories/lawn_conservative.npz,4.650872102073562,0.6349177435615192,0.02933215675812604,0.5802677897905826,0.9999999999999999,51.7,True,51.7,0.06576708400000009,0.017072792000000003,0.06602250000000076,True,82.95,True,True,False,0.0,0.0,0.0,False,0.09707493774362863,0.9963776255617951,0.0,False,False,False,False,False,0.011005050633882824,0.0,False,True
140,greedy_probability,0,trajectories/greedy_probability_phi140.npz,4.650872102073562,0.6349177435615192,0.5731278221214264,3.330099765363196,0.9999999999999999,5.050000000000001,True,5.050000000000001,0.04997525000000014,0.017072792000000003,0.04968129099999885,True,57.550000000000004,True,False,False,0.0,0.0,0.0,False,0.9172779796587072,1.000000000000023,0.0,False,False,False,False,False,9.999999999994735e-05,0.0,False,True
140,greedy_probability_per_distance,0,trajectories/greedy_probability_per_distance_phi140.npz,4.650872102073562,0.6349177435615192,0.519559324985216,3.707236859013574,0.9999999999999999,8.0,True,8.0,0.060687458000000305,0.017072792000000003,0.050415582999999486,True,57.550000000000004,True,False,False,0.0,0.0,0.0,False,0.8651339723554123,1.000000000000023,0.0,False,False,False,False,False,9.999999999996123e-05,0.0,False,True
140,nearest,0,M9/val_samples.npz:row=234,4.650872102073562,0.6349177435615192,0.6603965068773033,1.7298990390284945,0.687290392248134,3.85,True,3.85,8.841697126626968e-05,0.0,0.010959208999999248,True,4.601139015502287,True,False,False,0.0,0.0,0.0,False,0.8719711307075888,1.000000000000017,0.0,False,False,False,False,False,-5.723199691942682e-14,1.3048589986297543e-14,False,True
140,diffusion_guided_raw,0,M9/guidance/base/val_samples.npz:row=1128,4.650872102073562,0.6349177435615192,0.671345396422698,1.5570992781319066,0.7032105200760097,3.7,True,3.7,0.013635583047289401,0.0,0.010728916999999782,True,4.4720733821026775,True,False,False,0.0,0.0,0.0,False,0.8687030988601602,2.971702525507367,0.0,False,True,False,True,False,-0.0008001982769633154,0.00018179680684811926,True,False
140,diffusion_guided_raw,1,M9/guidance/base/val_samples.npz:row=1130,4.650872102073562,0.6349177435615192,0.6714992534277004,1.552358984034555,0.7033643770810121,3.7,True,3.7,0.013568666996434331,0.0,0.010607874999999822,True,4.472804643987773,True,False,False,0.0,0.0,0.0,False,0.8679885972576374,2.8972976011231926,0.0,False,True,False,True,False,-0.0008601781106712114,0.000195372013961536,True,False
140,diffusion_guided_raw,2,M9/guidance/base/val_samples.npz:row=1132,4.650872102073562,0.6349177435615192,0.6749890772070024,1.5579036194586435,0.7068542008603139,3.7,True,3.7,0.01392908301204443,0.0,0.010685999999999751,True,4.474249317905635,True,False,False,0.0,0.0,0.0,False,0.8697782104958762,2.9328902638726086,0.0,False,True,False,True,False,-0.0008786009590660421,0.00019954020403823748,True,False
140,diffusion_guided_raw,3,M9/guidance/base/val_samples.npz:row=1134,4.650872102073562,0.6349177435615192,0.5289167669290915,2.0748879917230427,0.5820114031517276,,False,120.0,0.013716250017751008,0.0,0.011553291000000243,True,4.6831554526808015,True,False,False,0.0,0.0,0.0,False,0.8153550555382884,2.314992104663386,0.0,False,True,False,True,False,-0.0008161168076194353,0.000185400341679149,True,False
140,diffusion_guided_raw,4,M9/guidance/base/val_samples.npz:row=1136,4.650872102073562,0.6349177435615192,0.5287366545779725,2.0750205811942477,0.5818312908006086,,False,120.0,0.013721833005547523,0.0,0.011434749999999383,True,4.685547720933183,True,False,False,0.0,0.0,0.0,False,0.8148563937820646,2.2896400997811224,0.0,False,True,False,True,False,-0.0009522782762372284,0.0002162029938488387,True,False
140,diffusion_guided_raw,5,M9/guidance/base/val_samples.npz:row=1138,4.650872102073562,0.6349177435615192,0.6731891819216841,1.5543514778999696,0.7050543055749958,3.7,True,3.7,0.013732208055444062,0.0,0.010654666000000645,True,4.472660098987934,True,False,False,0.0,0.0,0.0,False,0.8674752954553259,2.929231803179671,0.0,False,True,False,True,False,-0.0008927198502988176,0.00020273415953476516,True,False
140,diffusion_guided_raw,6,M9/guidance/base/val_samples.npz:row=1140,4.650872102073562,0.6349177435615192,0.671345396422698,1.5526023919921483,0.7032105200760097,3.7,True,3.7,0.014097707986366004,0.0,0.01058549999999947,True,4.47315116394712,True,False,False,0.0,0.0,0.0,False,0.8692731586239665,2.9284844323851513,0.0,False,True,False,True,False,-0.0008607735303994279,0.00019550673895651557,True,False
140,diffusion_guided_raw,7,M9/guidance/base/val_samples.npz:row=1142,4.650872102073562,0.6349177435615192,0.671345396422698,1.5521396742877873,0.7032105200760097,3.7,True,3.7,0.013672208995558321,0.0,0.010598291999999176,True,4.471936015847796,True,False,False,0.0,0.0,0.0,False,0.8680777256627634,2.905971364733452,0.0,False,True,False,True,False,-0.0008612573854305944,0.0001956162198027498,True,False
140,diffusion_guided_smooth_scale,0,M9/guidance/post/val_samples.npz:row=165,4.650872102073562,0.6349177435615192,0.6932478355080036,2.631844431223683,0.7490036537013001,4.1000000000000005,True,4.1000000000000005,0.013694083047289404,0.0,0.011831833999998764,True,6.043027910807243,True,False,False,0.0,0.0,0.0,False,0.6338733477735783,0.9999999999999996,0.0,False,False,False,False,False,-0.000810293948295529,0.00018408225893259446,True,False
140,diffusion_guided_smooth_scale,1,M9/guidance/post/val_samples.npz:row=166,4.650872102073562,0.6349177435615192,0.6932478355080036,2.6306740744117283,0.7490036537013001,4.1000000000000005,True,4.1000000000000005,0.013601083996434338,0.0,0.011877833000001559,True,6.043407022356052,True,False,False,0.0,0.0,0.0,False,0.6337801158629168,1.0000000000000002,0.0,False,False,False,False,False,-0.0009046827656609135,0.00020544008122134506,True,False
140,diffusion_guided_smooth_scale,2,M9/guidance/post/val_samples.npz:row=167,4.650872102073562,0.6349177435615192,0.6915902960055142,2.6283751350586213,0.7473461141988107,4.1000000000000005,True,4.1000000000000005,0.01395550001204443,0.0,0.011772167000000167,True,6.045308385765275,True,False,False,0.0,0.0,0.0,False,0.6336017542614518,1.0000000000000002,0.0,False,False,False,False,False,-0.0009342349174036729,0.00021212332933008386,True,False
140,diffusion_guided_smooth_scale,3,M9/guidance/post/val_samples.npz:row=168,4.650872102073562,0.6349177435615192,0.6100680536541359,2.5426555650796274,0.7331900412759209,4.75,True,4.75,0.013738167017751005,0.0,0.01212995800000094,True,6.070897338069857,True,False,False,0.0,0.0,0.0,False,0.5972402005694919,0.9999999999999999,0.0,False,False,False,False,False,-0.003277980402622241,0.0007366012645201141,True,False
140,diffusion_guided_smooth_scale,4,M9/guidance/post/val_samples.npz:row=169,4.650872102073562,0.6349177435615192,0.6118004481719279,2.5540969343842734,0.7271877441757866,4.75,True,4.75,0.013745875005547525,0.0,0.012359249999999378,True,6.048752429206454,True,False,False,0.0,0.0,0.0,False,0.6000332179964871,1.0000000000000002,0.0,False,False,False,False,False,-0.003451186265062481,0.0007749249204415127,True,False
140,diffusion_guided_smooth_scale,5,M9/guidance/post/val_samples.npz:row=170,4.650872102073562,0.6349177435615192,0.6887646992760235,2.6257224333056897,0.7470633551502203,4.1000000000000005,True,4.1000000000000005,0.013753917055444057,0.0,0.011855249999999984,True,6.053514059243439,True,False,False,0.0,0.0,0.0,False,0.6328056466766171,0.9999999999999998,0.0,False,False,False,False,False,-0.0009228692890431989,0.00020955318802738827,True,False
140,diffusion_guided_smooth_scale,6,M9/guidance/post/val_samples.npz:row=171,4.650872102073562,0.6349177435615192,0.6932478355080036,2.631687428433033,0.7490036537013001,4.1000000000000005,True,4.1000000000000005,0.014118915986365999,0.0,0.011992666999999457,True,6.045795186547054,True,False,False,0.0,0.0,0.0,False,0.6328602980911023,1.0,0.0,False,False,False,False,False,-0.0008845679129923789,0.00020089008851222057,True,False
140,diffusion_guided_smooth_scale,7,M9/guidance/post/val_samples.npz:row=172,4.650872102073562,0.6349177435615192,0.6915902960055142,2.62829356615492,0.7473461141988107,4.1000000000000005,True,4.1000000000000005,0.01369304199555832,0.0,0.011870500000000561,True,6.045647301847195,True,False,False,0.0,0.0,0.0,False,0.6334331789935254,1.0,0.0,False,False,False,False,False,-0.0008798325229847775,0.00019981882254812254,True,False
143,ETO,0,M8 phi143 init0,5.557382257516155,0.8586923753595128,0.8562215421362718,1.9647131078357452,0.8815785804374496,5.800000000000001,True,5.800000000000001,10.690540833,0.0,0.013135499999998856,True,5.92230665006824,True,False,False,0.0,0.0,0.0,False,0.8151449403536295,1.0000000000000133,0.0,False,False,False,False,False,-1.7347331904282726e-11,3.955016869561234e-12,False,True
143,ETO,1,M8 phi143 init1,5.557382257516155,0.8586923753595128,0.8608036784836581,1.9578454605562436,0.885416954508763,5.4,True,5.4,10.317224083000001,0.0,0.013680541999999463,True,5.922330535884661,True,False,False,0.0,0.0,0.0,False,0.8179967420502546,1.0000000000000355,0.0,False,False,False,False,False,6.106226635438361e-16,0.0,False,True
143,ETO,2,M8 phi143 init2,5.557382257516155,0.8586923753595128,0.8602202774476981,1.600155648845445,0.8616167210192638,5.4,True,5.4,14.502877416,0.0,0.012379375000000081,True,5.009985477397415,True,True,False,0.0,0.0,0.0,False,0.9498938399237078,1.0000000000000318,0.0,False,False,False,False,False,1.3877787807814457e-17,0.0,False,True
143,ETO,3,M8 phi143 init3,5.557382257516155,0.8586923753595128,0.8559961012822379,1.9649001565979383,0.8813531395834158,5.8500000000000005,True,5.8500000000000005,12.87684975,0.0,0.012878042000000534,True,5.922302785307911,True,False,False,0.0,0.0,0.0,False,0.8149047208223358,1.0000000000000437,0.0,False,False,False,False,False,-9.43689570931383e-15,2.1510571102112408e-15,False,True
143,ETO,4,M8 phi143 init4,5.557382257516155,0.8586923753595128,0.8602202774476981,1.6003341876400945,0.8616167210192638,5.4,True,5.4,13.765554333,0.0,0.012401207999999997,True,5.00998583892255,True,True,False,0.0,0.0,0.0,False,0.9498937483109934,1.0000000002954477,0.0,False,False,False,False,False,-9.71445146547012e-17,2.2551405187698492e-17,False,True
143,lawn_fast,0,trajectories/lawn_fast.npz,5.557382257516155,0.8586923753595128,0.14582934533227224,3.0902296179222497,1.0,15.5,True,15.5,0.03270162500000007,0.017072792000000003,0.03424112499999943,True,34.550000000000004,True,False,False,0.0,0.0,0.0,False,0.9999999999999998,1.000000000000023,0.0,False,False,False,False,False,0.011005050633883212,0.0,False,True
143,lawn_conservative,0,trajectories/lawn_conservative.npz,5.557382257516155,0.8586923753595128,0.02717344819241039,0.5821490303652496,1.0,73.35000000000001,True,73.35000000000001,0.06576708400000009,0.017072792000000003,0.06598216600000129,True,82.95,True,True,False,0.0,0.0,0.0,False,0.09707493774362863,0.9963776255617951,0.0,False,False,False,False,False,0.011005050633882824,0.0,False,True
143,greedy_probability,0,trajectories/greedy_probability_phi143.npz,5.557382257516155,0.8586923753595128,0.818599389191203,1.8961189260346252,1.0,7.95,True,7.95,0.04009987500000012,0.017072792000000003,0.04142529199999956,True,45.550000000000004,True,False,False,0.0,0.0,0.0,False,0.9011742511109783,1.000000000000023,0.0,False,False,False,False,False,9.999999999994735e-05,0.0,False,True
143,greedy_probability_per_distance,0,trajectories/greedy_probability_per_distance_phi143.npz,5.557382257516155,0.8586923753595128,0.7133049132137748,3.803993857327844,1.0,11.4,True,11.4,0.049517792000000505,0.017072792000000003,0.04317675000000065,True,49.550000000000004,True,False,False,0.0,0.0,0.0,False,0.9207338730881489,1.000000000000023,0.0,False,False,False,False,False,0.02316586677458296,0.0,False,True
143,nearest,0,M9/val_samples.npz:row=249,5.557382257516155,0.8586923753595128,0.865147265109176,1.9637784848408164,0.886080891306629,5.15,True,5.15,8.104200242087245e-05,0.0,0.013045957999999303,True,5.819121141063831,True,False,False,0.0,0.0,0.0,False,0.8002401149060329,1.0000000000000155,0.0,False,False,False,False,False,4.987191215555242e-12,0.0,False,True
143,diffusion_guided_raw,0,M9/guidance/base/val_samples.npz:row=1200,5.557382257516155,0.8586923753595128,0.8569772007994099,1.6957320214239684,0.8607971307920249,6.6000000000000005,True,6.6000000000000005,0.013700542040169239,0.0,0.012300749999999638,True,5.162139554203602,True,False,False,0.0,0.0,0.0,False,1.5687314128029308,15.083972232784504,0.0,True,True,False,True,False,0.012138520122628726,0.0,False,False
143,diffusion_guided_raw,1,M9/guidance/base/val_samples.npz:row=1202,5.557382257516155,0.8586923753595128,0.8585131069303468,1.9083532088048178,0.882321179206699,5.75,True,5.75,0.013548958988394588,0.0,0.01283437500000062,True,5.8330763111915,True,False,False,0.0,0.0,0.0,False,0.8123703869607014,4.753201264728161,0.0,False,True,False,True,False,0.011052917371185966,0.0,False,False
143,diffusion_guided_raw,2,M9/guidance/base/val_samples.npz:row=1204,5.557382257516155,0.8586923753595128,0.8657622890503338,1.8888119141130113,0.8882727231560678,5.1000000000000005,True,5.1000000000000005,0.013822583016008139,0.0,0.012914666000000352,True,5.780717649786446,True,False,False,0.0,0.0,0.0,False,0.9140900401704026,6.1691510244436865,0.0,False,True,False,True,False,0.012958671399916577,0.0,False,False
143,diffusion_guided_raw,3,M9/guidance/base/val_samples.npz:row=1206,5.557382257516155,0.8586923753595128,0.8621214005782097,1.9027565873022587,0.8855795674920616,5.2,True,5.2,0.013663083023857325,0.0,0.012733665999999033,True,5.803927502337902,True,False,False,0.0,0.0,0.0,False,0.848466135934043,5.524279613292144,0.0,False,True,False,True,False,0.01201665042569855,0.0,False,False
143,diffusion_guided_raw,4,M9/guidance/base/val_samples.npz:row=1208,5.557382257516155,0.8586923753595128,0.8615983848232122,1.9031107639211995,0.8844367637034509,5.25,True,5.25,0.013819999992847443,0.0,0.012676416999999773,True,5.815837234244165,True,False,False,0.0,0.0,0.0,False,0.8237409908145562,5.10960076247197,0.0,False,True,False,True,False,0.011635589183726869,0.0,False,False
143,diffusion_guided_raw,5,M9/guidance/base/val_samples.npz:row=1210,5.557382257516155,0.8586923753595128,0.8657622890503338,1.8884976212408446,0.8882727231560678,5.1000000000000005,True,5.1000000000000005,0.013667875027749687,0.0,0.012983084000000034,True,5.777534361447692,True,False,False,0.0,0.0,0.0,False,0.9124228836006689,6.175611744966639,0.0,False,True,False,True,False,0.012879234427807251,0.0,False,False
143,diffusion_guided_raw,6,M9/guidance/base/val_samples.npz:row=1212,5.557382257516155,0.8586923753595128,0.8601688791475851,1.9258990437938412,0.8833904761462472,5.4,True,5.4,0.013641666970215738,0.0,0.012695083000000551,True,5.854624769335402,True,False,False,0.0,0.0,0.0,False,0.7956887303670871,4.176695614837962,0.0,False,True,False,True,False,0.009485505284889936,0.0,False,False
143,diffusion_guided_raw,7,M9/guidance/base/val_samples.npz:row=1214,5.557382257516155,0.8586923753595128,0.8680183209122173,1.692360051862909,0.8787081836675359,4.55,True,4.55,0.013985125056933612,0.0,0.012553583000000756,True,5.387271204746019,True,False,False,0.0,0.0,0.0,False,2.4578249820686606,23.077668830357148,0.0,True,True,False,True,True,-0.09506623404138542,0.012636552217138778,True,False
143,diffusion_guided_smooth_scale,0,M9/guidance/post/val_samples.npz:row=176,5.557382257516155,0.8586923753595128,0.48636424153786423,3.134576621384261,0.718889781097123,,False,120.0,0.013723333040169247,0.0,0.015395749999999708,True,10.760776734705594,True,False,False,0.0,0.0,0.0,False,0.4892503816700135,1.0000000000000002,0.0,False,False,False,False,False,-0.004885025849517069,0.0010898730711852885,True,False
143,diffusion_guided_smooth_scale,1,M9/guidance/post/val_samples.npz:row=177,5.557382257516155,0.8586923753595128,0.632029449056334,3.218712809633558,0.8116196443059776,,False,120.0,0.013569999988394588,0.0,0.014736791000000693,True,9.195117967827938,True,False,False,0.0,0.0,0.0,False,0.4980742339736142,0.9999999999999999,0.0,False,False,False,False,False,-0.0024480373769008856,0.0005521349066536507,True,False
143,diffusion_guided_smooth_scale,2,M9/guidance/post/val_samples.npz:row=178,5.557382257516155,0.8586923753595128,0.3903287316894715,3.2106549449082835,0.6857101921608122,,False,120.0,0.01384287401600813,0.0,0.015127292000000736,True,10.098943056498648,True,False,False,0.0,0.0,0.0,False,0.45782614874186467,1.0,0.0,False,False,False,False,False,-0.0009648536407782515,0.0002190459413043376,True,False
143,diffusion_guided_smooth_scale,3,M9/guidance/post/val_samples.npz:row=179,5.557382257516155,0.8586923753595128,0.4845468988843613,3.229645948013802,0.7202699890591526,,False,120.0,0.013683124023857324,0.0,0.014989583000000195,True,9.699415830959724,True,False,False,0.0,0.0,0.0,False,0.47097812346817736,0.9999999999999997,0.0,False,False,False,False,False,-0.0014581272964345748,0.0003303121594402155,True,False
143,diffusion_guided_smooth_scale,4,M9/guidance/post/val_samples.npz:row=180,5.557382257516155,0.8586923753595128,0.5546240910985911,3.2340364311525076,0.7539692875698852,,False,120.0,0.013840166992847444,0.0,0.015103041000001483,True,9.43876081532993,True,False,False,0.0,0.0,0.0,False,0.4837971139953068,0.9999999999999999,0.0,False,False,False,False,False,-0.001930703231482797,0.0004364532192597005,True,False
143,diffusion_guided_smooth_scale,5,M9/guidance/post/val_samples.npz:row=181,5.557382257516155,0.8586923753595128,0.3950038539520742,3.2146704944628968,0.6815474351620927,,False,120.0,0.013687792027749682,0.0,0.015816125000000625,True,10.088599919571273,True,False,False,0.0,0.0,0.0,False,0.45806039930618464,0.9999999999999998,0.0,False,False,False,False,False,-0.0009599856306730936,0.00021794545431045968,True,False
143,diffusion_guided_smooth_scale,6,M9/guidance/post/val_samples.npz:row=182,5.557382257516155,0.8586923753595128,0.7248986738070342,3.1448979340390317,0.8678262880202132,9.200000000000001,True,9.200000000000001,0.01366412497021574,0.0,0.014547124999999994,True,8.784135921214448,True,False,False,0.0,0.0,0.0,False,0.5230857648499436,1.0,0.0,False,False,False,False,False,-0.003185379989132056,0.0007160878154707367,True,False
143,diffusion_guided_smooth_scale,7,M9/guidance/post/val_samples.npz:row=183,5.557382257516155,0.8586923753595128,0.2763306175197192,3.200701545558785,0.9059223599081214,9.35,True,9.35,0.014004917056933616,0.0,0.01743808300000005,True,11.911135454670935,True,False,False,0.0,0.0,0.0,False,0.5758822179336325,1.0000000000000002,0.0,False,False,False,False,True,-0.10350133831745645,0.01288473260814293,True,False
182,ETO,0,M8 phi182 init0,6.045835080892028,0.867263721580764,0.8948847325660991,1.1489827985972525,0.9110647499489005,5.2,True,5.2,12.842099292,0.0,0.013713291000000183,True,6.310574901731015,True,False,False,0.0,0.0,0.0,False,1.0000000000000004,1.0000000000000064,0.0,False,False,False,False,False,-1.249000902703301e-16,2.7755575615628914e-17,False,True
182,ETO,1,M8 phi182 init1,6.045835080892028,0.867263721580764,0.8948847325660991,1.1489827985972525,0.9110647499489005,5.2,True,5.2,11.528030042,0.0,0.01391233400000047,True,6.31057490173109,True,False,False,0.0,0.0,0.0,False,1.0000000000000002,1.0000000000000107,0.0,False,False,False,False,False,-4.440892098500626e-16,1.0061396160665481e-16,False,True
182,ETO,2,M8 phi182 init2,6.045835080892028,0.867263721580764,0.8303491658358284,0.9702001493501963,0.8610435449733702,,False,120.0,14.309215374999999,0.0,0.01339016700000073,True,6.9221438653390255,True,False,False,0.0,0.0,0.0,False,0.9410336294410149,1.0000000003028109,0.0,False,False,False,False,False,-6.286637876939949e-15,1.4328815911568427e-15,False,True
182,ETO,3,M8 phi182 init3,6.045835080892028,0.867263721580764,0.8948847325660991,1.1490404719299863,0.9110647499489005,5.2,True,5.2,11.782907584,0.0,0.013904915999999545,True,6.310574921023957,True,False,False,0.0,0.0,0.0,False,0.9999999999999375,1.000000000406105,0.0,False,False,False,False,False,-5.2513549064769904e-14,1.1973061431191923e-14,False,True
182,ETO,4,M8 phi182 init4,6.045835080892028,0.867263721580764,0.8213152443696938,1.0146137269374764,0.8213152443696938,,False,120.0,8.333166416,0.0,0.011618042000000273,True,4.375306814635054,True,False,False,0.0,0.0,0.0,False,0.9039196895839463,1.0000000000000175,0.0,False,False,False,False,False,-1.3877787807814457e-16,3.122502256758253e-17,False,True
182,lawn_fast,0,trajectories/lawn_fast.npz,6.045835080892028,0.867263721580764,0.8361031417925691,2.6761110292335566,1.0,8.9,True,8.9,0.03270162500000007,0.017072792000000003,0.03423249999999989,True,34.550000000000004,True,False,False,0.0,0.0,0.0,False,0.9999999999999998,1.000000000000023,0.0,False,False,False,False,False,0.011005050633883212,0.0,False,True
182,lawn_conservative,0,trajectories/lawn_conservative.npz,6.045835080892028,0.867263721580764,0.2104015878783242,0.2694815538610179,1.0,33.9,True,33.9,0.06576708400000009,0.017072792000000003,0.0861723750000003,True,82.95,True,True,False,0.0,0.0,0.0,False,0.09707493774362863,0.9963776255617951,0.0,False,False,False,False,False,0.011005050633882824,0.0,False,True
182,greedy_probability,0,trajectories/greedy_probability_phi182.npz,6.045835080892028,0.867263721580764,0.7773352183953492,1.5257690979334542,1.0,12.75,True,12.75,0.0573213749999999,0.017072792000000003,0.05566904199999989,True,65.05,True,False,False,0.0,0.0,0.0,False,0.9983371060464112,1.0000000000000253,0.0,False,False,False,False,False,9.999999999978082e-05,0.0,False,True
182,greedy_probability_per_distance,0,trajectories/greedy_probability_per_distance_phi182.npz,6.045835080892028,0.867263721580764,0.7482744020503282,2.9815167350068617,1.0,14.350000000000001,True,14.350000000000001,0.05323375000000041,0.017072792000000003,0.04672149999999853,True,53.550000000000004,True,False,False,0.0,0.0,0.0,False,0.9009075141380896,1.000000000000023,0.0,False,False,False,False,False,9.999999999997511e-05,0.0,False,True
182,nearest,0,M9/val_samples.npz:row=264,6.045835080892028,0.867263721580764,0.9014887518166992,1.1724389004176325,0.9207902458982347,4.45,True,4.45,7.379200542345643e-05,0.0,0.014102749999999276,True,6.443310009457016,True,False,False,0.0,0.0,0.0,False,1.0000000000000755,1.0000000001924232,0.0,False,False,False,False,False,-6.136757768615553e-14,1.399054483375295e-14,False,True
182,diffusion_guided_raw,0,M9/guidance/base/val_samples.npz:row=1272,6.045835080892028,0.867263721580764,0.8628126451059968,1.0452073427890822,0.8766173478980772,6.45,True,6.45,0.0140356250340119,0.0,0.013134915999998498,True,5.874605544796477,True,False,False,0.0,0.0,0.0,False,1.165533762162609,8.578496115708514,0.0,True,True,False,True,False,-0.002234230178703958,0.0005043901276957832,True,False
182,diffusion_guided_raw,1,M9/guidance/base/val_samples.npz:row=1274,6.045835080892028,0.867263721580764,0.8634604346106143,1.0461314323078585,0.8772651374026949,6.4,True,6.4,0.01407970895525068,0.0,0.013131124999999244,True,5.872654478328841,True,False,False,0.0,0.0,0.0,False,1.1711105268985444,8.50303762696229,0.0,True,True,False,True,False,-0.001970416214589016,0.0004453524531657857,True,False
182,diffusion_guided_raw,2,M9/guidance/base/val_samples.npz:row=1276,6.045835080892028,0.867263721580764,0.8633267191912042,1.0475957930108972,0.8771314219832846,6.4,True,6.4,0.013927125022746623,0.0,0.013180874999999759,True,5.875060327990604,True,False,False,0.0,0.0,0.0,False,1.1820852424529735,8.536932377883845,0.0,True,True,False,True,False,-0.001971008469875843,0.00044548514705904443,True,False
182,diffusion_guided_raw,3,M9/guidance/base/val_samples.npz:row=1278,6.045835080892028,0.867263721580764,0.8283077131450151,0.9860887187128274,0.8283077131450151,,False,120.0,0.013541291991714388,0.0,0.01181320799999952,True,4.41681140341225,True,False,False,0.0,0.0,0.0,False,0.8734405737736419,2.9312016582629346,0.0,False,True,False,True,False,-0.0002593951403589423,5.9072185943226385e-05,True,False
182,diffusion_guided_raw,4,M9/guidance/base/val_samples.npz:row=1280,6.045835080892028,0.867263721580764,0.8283077131450151,0.986300499070336,0.8283077131450151,,False,120.0,0.013854874996468425,0.0,0.011705000000000965,True,4.41630811518462,True,False,False,0.0,0.0,0.0,False,0.872201541483235,2.927327719541906,0.0,False,True,False,True,False,-0.00024262106010537743,5.525628594492578e-05,True,False
182,diffusion_guided_raw,5,M9/guidance/base/val_samples.npz:row=1282,6.045835080892028,0.867263721580764,0.8638160275398913,1.0519886085423427,0.8776207303319717,6.4,True,6.4,0.013806291972287,0.0,0.013020125000000604,True,5.877599663504568,True,False,False,0.0,0.0,0.0,False,1.1803923777104601,8.441253443592169,0.0,True,True,False,True,False,-0.0017596060365933364,0.00039807618868752635,True,False
182,diffusion_guided_raw,6,M9/guidance/base/val_samples.npz:row=1284,6.045835080892028,0.867263721580764,0.8292777762074703,1.0294472774530499,0.8539190120001123,,False,120.0,0.013490332989022136,0.0,0.013584834000001322,True,6.70845421761052,True,False,False,0.0,0.0,0.0,False,0.9303135921031486,4.855512183924617,0.0,False,True,False,True,False,0.012668186778883705,0.0,False,False
182,diffusion_guided_raw,7,M9/guidance/base/val_samples.npz:row=1286,6.045835080892028,0.867263721580764,0.8618622737934969,1.0443367971010518,0.8756669765855774,6.550000000000001,True,6.550000000000001,0.013591583992820233,0.0,0.013117874999998946,True,5.872436011657943,True,False,False,0.0,0.0,0.0,False,1.1592727505562792,8.564570369854763,0.0,True,True,False,True,False,-0.0020580441734187604,0.00046497773686446364,True,False
182,diffusion_guided_smooth_scale,0,M9/guidance/post/val_samples.npz:row=187,6.045835080892028,0.867263721580764,0.7041065459746108,1.473093491842548,0.8702607127502083,13.75,True,13.75,0.014054917034011905,0.0,0.017126832999998953,True,13.180621483208254,True,False,False,0.0,0.0,0.0,False,0.43239716322220023,0.9999999999999996,0.0,False,False,False,False,False,-0.00511731013526498,0.0011405081565000075,True,False
182,diffusion_guided_smooth_scale,1,M9/guidance/post/val_samples.npz:row=188,6.045835080892028,0.867263721580764,0.7049506246085384,1.4948928076709744,0.8709705401490023,13.75,True,13.75,0.014099416955250688,0.0,0.017000250000000605,True,13.16550603473734,True,False,False,0.0,0.0,0.0,False,0.4316438391843698,1.0000000000000002,0.0,False,False,False,False,False,-0.004794555378178356,0.001070122433862548,True,False
182,diffusion_guided_smooth_scale,2,M9/guidance/post/val_samples.npz:row=189,6.045835080892028,0.867263721580764,0.7049506246085384,1.504320717968031,0.8703692562612103,13.75,True,13.75,0.013945833022746615,0.0,0.017105332999999945,True,13.192056835828254,True,False,False,0.0,0.0,0.0,False,0.4291256804664586,0.9999999999999998,0.0,False,False,False,False,False,-0.0047766559041028805,0.0010662128542289397,True,False
182,diffusion_guided_smooth_scale,3,M9/guidance/post/val_samples.npz:row=190,6.045835080892028,0.867263721580764,0.7681261340528076,1.1744250959643654,0.7820792684060244,,False,120.0,0.013561083991714393,0.0,0.012526084000000992,True,5.986665277492422,True,False,False,0.0,0.0,0.0,False,0.6275042357026989,1.0000000000000004,0.0,False,False,False,False,False,-0.0006965264451238434,0.0001583158445993514,True,False
182,diffusion_guided_smooth_scale,4,M9/guidance/post/val_samples.npz:row=191,6.045835080892028,0.867263721580764,0.7677734347437899,1.1732556628846964,0.7815781375358706,,False,120.0,0.01387737499646842,0.0,0.012534833000000134,True,5.981510706952792,True,False,False,0.0,0.0,0.0,False,0.6277252003595232,0.9999999999999999,0.0,False,False,False,False,False,-0.0006793017741506119,0.00015441249179685979,True,False
182,diffusion_guided_smooth_scale,5,M9/guidance/post/val_samples.npz:row=192,6.045835080892028,0.867263721580764,0.7053588332241765,1.5044407317847952,0.8694534057956894,13.850000000000001,True,13.850000000000001,0.013826416972287009,0.0,0.016769459000000708,True,13.163068830075847,True,False,False,0.0,0.0,0.0,False,0.43014960191595747,1.0,0.0,False,False,False,False,False,-0.004553034156601188,0.0010173156762567272,True,False
182,diffusion_guided_smooth_scale,6,M9/guidance/post/val_samples.npz:row=193,6.045835080892028,0.867263721580764,0.7520241852287466,1.3593395827300114,0.8576643785327924,,False,120.0,0.013510665989022147,0.0,0.016727707999999453,True,12.117427794031018,True,False,False,0.0,0.0,0.0,False,0.4934549936397501,1.0000000000000004,0.0,False,False,False,False,False,0.012673341111069297,0.0,False,True
182,diffusion_guided_smooth_scale,7,M9/guidance/post/val_samples.npz:row=194,6.045835080892028,0.867263721580764,0.7043908857033366,1.4755473088653541,0.8701056174442,13.8,True,13.8,0.013611999992820228,0.0,0.017039207999999917,True,13.171575507789962,True,False,False,0.0,0.0,0.0,False,0.4333466258731441,0.9999999999999996,0.0,False,False,False,False,False,-0.004897714721215779,0.0010926418738189392,True,False
195,ETO,0,M8 phi195 init0,5.540368829043645,0.8061698365499351,0.8410225687793456,1.0502076065867278,0.8714290490251974,4.55,True,4.55,11.358362583,0.0,0.014032499999999004,True,7.291923874085714,True,False,False,0.0,0.0,0.0,False,1.000000000001551,1.0000000002692562,0.0,False,False,False,False,False,-8.614775559578902e-13,1.9640886139704605e-13,False,True
195,ETO,1,M8 phi195 init1,5.540368829043645,0.8061698365499351,0.7157565618183687,0.9147947539616322,0.7218575518729905,,False,120.0,10.802596458,0.0,0.012228084000000194,True,4.393027000061832,True,False,False,0.0,0.0,0.0,False,0.9576862038214218,1.0000000000000249,0.0,False,False,False,False,False,-6.787626016802051e-14,1.5475468129189096e-14,False,True
195,ETO,2,M8 phi195 init2,5.540368829043645,0.8061698365499351,0.8100479937775691,0.9392685911074433,0.816148983832191,5.25,True,5.25,12.79025175,0.0,0.011290290999999897,True,4.3623159216809455,True,False,False,0.0,0.0,0.0,False,0.9766396421452015,1.0000000000589164,0.0,False,False,False,False,False,-1.8041124150158794e-16,4.163336342344337e-17,False,True
195,ETO,3,M8 phi195 init3,5.540368829043645,0.8061698365499351,0.8410225687793456,1.050440708575665,0.8714290490251974,4.55,True,4.55,10.052426417,0.0,0.014051124999999942,True,7.2919276807908835,True,False,False,0.0,0.0,0.0,False,1.0000000000000089,1.0000000000895932,0.0,False,False,False,False,False,1.5126788710517758e-15,0.0,False,True
195,ETO,4,M8 phi195 init4,5.540368829043645,0.8061698365499351,0.822999489595047,0.9861293536712143,0.8291004796496689,3.75,True,3.75,11.739328959,0.0,0.011343500000000617,True,4.362649668598851,True,False,False,0.0,0.0,0.0,False,0.9827270765802711,1.0000000000000233,0.0,False,False,False,False,False,-7.524536549396998e-14,1.7154680453934645e-14,False,True
195,lawn_fast,0,trajectories/lawn_fast.npz,5.540368829043645,0.8061698365499351,0.8318563489345344,1.1801235376496457,0.9999999999999999,5.1000000000000005,True,5.1000000000000005,0.03270162500000007,0.017072792000000003,0.033942999999998946,True,34.550000000000004,True,False,False,0.0,0.0,0.0,False,0.9999999999999998,1.000000000000023,0.0,False,False,False,False,False,0.011005050633883212,0.0,False,True
195,lawn_conservative,0,trajectories/lawn_conservative.npz,5.540368829043645,0.8061698365499351,0.5677789984028412,0.4165776465941604,0.9999999999999999,33.1,True,33.1,0.06576708400000009,0.017072792000000003,0.06743804199999914,True,82.95,True,True,False,0.0,0.0,0.0,False,0.09707493774362863,0.9963776255617951,0.0,False,False,False,False,False,0.011005050633882824,0.0,False,True
195,greedy_probability,0,trajectories/greedy_probability_phi195.npz,5.540368829043645,0.8061698365499351,0.6687363155305824,0.5331528666922171,0.9999999999999999,9.15,True,9.15,0.04845458299999983,0.017072792000000003,0.07260783399999937,True,57.550000000000004,True,False,False,0.0,0.0,0.0,False,0.9791590868965473,1.000000000000023,0.0,False,False,False,False,False,9.999999999993348e-05,0.0,False,True
195,greedy_probability_per_distance,0,trajectories/greedy_probability_per_distance_phi195.npz,5.540368829043645,0.8061698365499351,0.5739542959647375,0.4199287637561796,0.9999999999999999,11.950000000000001,True,11.950000000000001,0.057605458000000276,0.017072792000000003,0.04892637500000063,True,58.300000000000004,True,False,False,0.0,0.0,0.0,False,0.6798692684790378,1.000000000000023,0.0,False,False,False,False,False,0.02407215388806233,0.0,False,True
195,nearest,0,M9/val_samples.npz:row=279,5.540368829043645,0.8061698365499351,0.8412332025080682,1.012444677046126,0.870975120536211,4.45,True,4.45,7.279199780896306e-05,0.0,0.01408024999999924,True,7.244659985005082,True,False,False,0.0,0.0,0.0,False,1.0000000001863436,1.000000000016774,0.0,False,False,False,False,False,-3.184233432484973e-11,7.259731010789139e-12,False,True
195,diffusion_guided_raw,0,M9/guidance/base/val_samples.npz:row=1344,5.540368829043645,0.8061698365499351,0.8492797450060424,1.0174316627093543,0.8896564326970949,4.25,True,4.25,0.01366516697453335,0.0,0.014279500000000667,True,6.789914734996742,True,False,False,0.0,0.0,0.0,False,1.0880532017576783,3.350553072187824,0.0,True,True,False,True,False,-0.00017016315294776652,3.876652450989816e-05,True,False
195,diffusion_guided_raw,1,M9/guidance/base/val_samples.npz:row=1346,5.540368829043645,0.8061698365499351,0.8496062783250801,1.0201812019369128,0.8895109020382655,4.25,True,4.25,0.013857416983228177,0.0,0.014169000000000764,True,6.804735544993738,True,False,False,0.0,0.0,0.0,False,1.0944905707474208,3.139648106638986,0.0,True,True,False,True,False,0.000509360493969796,0.0,False,False
195,diffusion_guided_raw,2,M9/guidance/base/val_samples.npz:row=1348,5.540368829043645,0.8061698365499351,0.8496062783250801,1.0203588951082627,0.8895109020382655,4.25,True,4.25,0.01355954201426357,0.0,0.01446654200000097,True,6.805845146140159,True,False,False,0.0,0.0,0.0,False,1.093037267673576,3.138019632781555,0.0,True,True,False,True,False,0.0004337118464703277,0.0,False,False
195,diffusion_guided_raw,3,M9/guidance/base/val_samples.npz:row=1350,5.540368829043645,0.8061698365499351,0.8496062783250801,1.0213337722213642,0.8893544046641024,4.25,True,4.25,0.01426420803181827,0.0,0.013944125000000085,True,6.80813535980205,True,False,False,0.0,0.0,0.0,False,1.0936822179042327,3.2586493838392947,0.0,True,True,False,True,False,0.0002718997204193274,0.0,False,False
195,diffusion_guided_raw,4,M9/guidance/base/val_samples.npz:row=1352,5.540368829043645,0.8061698365499351,0.8492940101653834,1.0196960641140953,0.889197966869747,4.25,True,4.25,0.014012917003128678,0.0,0.013745332999999249,True,6.8012971201787575,True,False,False,0.0,0.0,0.0,False,1.092370436345713,3.215567742678908,0.0,True,True,False,True,False,0.00010013248249883533,0.0,False,False
195,diffusion_guided_raw,5,M9/guidance/base/val_samples.npz:row=1354,5.540368829043645,0.8061698365499351,0.850035125286438,1.020802544329442,0.8911922530848231,4.25,True,4.25,0.013643375015817583,0.0,0.013829582999999701,True,6.782787211353636,True,False,False,0.0,0.0,0.0,False,1.0849722710863996,3.487081813293439,0.0,True,True,False,True,False,-0.0005293942493242304,0.00012041628302164077,True,False
195,diffusion_guided_raw,6,M9/guidance/base/val_samples.npz:row=1356,5.540368829043645,0.8061698365499351,0.8552739671912047,1.018482993439729,0.8990960380464244,4.1000000000000005,True,4.1000000000000005,0.01387412496842444,0.0,0.013682333000000213,True,6.7246854569717245,True,False,False,0.0,0.0,0.0,False,1.0650269412843714,4.938445779522365,0.0,True,True,False,True,False,-0.00480721682191923,0.0010728875428403107,True,False
195,diffusion_guided_raw,7,M9/guidance/base/val_samples.npz:row=1358,5.540368829043645,0.8061698365499351,0.8499374125255341,1.0224190482811302,0.8895290963039872,4.25,True,4.25,0.014599999994970858,0.0,0.013934083999998848,True,6.807293409430501,True,False,False,0.0,0.0,0.0,False,1.09320233507496,3.1585124895665264,0.0,True,True,False,True,False,0.00029998617225729385,0.0,False,False
195,diffusion_guided_smooth_scale,0,M9/guidance/post/val_samples.npz:row=198,5.540368829043645,0.8061698365499351,0.7415690092129,0.9578823712008959,0.9120090069113522,7.6000000000000005,True,7.6000000000000005,0.01368562497453335,0.0,0.016907708999999826,True,10.157907790819825,True,False,False,0.0,0.0,0.0,False,0.6946321995844569,0.9999999999999999,0.0,False,False,False,False,False,-0.007246993547451841,0.0015997224095198846,True,False
195,diffusion_guided_smooth_scale,1,M9/guidance/post/val_samples.npz:row=199,5.540368829043645,0.8061698365499351,0.7457726624111967,0.9735424857652711,0.9055997753931455,7.550000000000001,True,7.550000000000001,0.013876666983228175,0.0,0.0166381659999999,True,9.904653817712454,True,False,False,0.0,0.0,0.0,False,0.7160318892889591,1.0,0.0,False,False,False,False,False,-0.006592885133785115,0.0014596450796176292,True,False
195,diffusion_guided_smooth_scale,2,M9/guidance/post/val_samples.npz:row=200,5.540368829043645,0.8061698365499351,0.7445063706577626,0.9673883477739172,0.9042154080379842,7.550000000000001,True,7.550000000000001,0.013580042014263577,0.0,0.015703375000001074,True,9.919827843280684,True,False,False,0.0,0.0,0.0,False,0.7142123018495677,0.9999999999999997,0.0,False,False,False,False,False,-0.006640075748882993,0.001469779591611287,True,False
195,diffusion_guided_smooth_scale,3,M9/guidance/post/val_samples.npz:row=201,5.540368829043645,0.8061698365499351,0.7431486862057209,0.964551832799421,0.9098632952865536,7.550000000000001,True,7.550000000000001,0.014283292031818273,0.0,0.015787291000000536,True,10.018622968823829,True,False,False,0.0,0.0,0.0,False,0.7081579495849745,1.0,0.0,False,False,False,False,False,-0.006878408624331145,0.0015208951804969052,True,False
195,diffusion_guided_smooth_scale,4,M9/guidance/post/val_samples.npz:row=202,5.540368829043645,0.8061698365499351,0.7425711492213821,0.9611929279827213,0.9081604000713107,7.550000000000001,True,7.550000000000001,0.014031458003128675,0.0,0.015893584000000516,True,9.970855450190527,True,False,False,0.0,0.0,0.0,False,0.7104100675256964,1.0,0.0,False,False,False,False,False,-0.0069943782078051575,0.0015457262527786182,True,False
195,diffusion_guided_smooth_scale,5,M9/guidance/post/val_samples.npz:row=203,5.540368829043645,0.8061698365499351,0.735349976220812,0.9372579278042569,0.9116734108892777,7.7,True,7.7,0.01366229101581759,0.0,0.01592983300000128,True,10.320398816910771,True,False,False,0.0,0.0,0.0,False,0.6823046573651342,0.9999999999999999,0.0,False,False,False,False,False,-0.00766860474447717,0.001689556920383856,True,False
195,diffusion_guided_smooth_scale,6,M9/guidance/post/val_samples.npz:row=204,5.540368829043645,0.8061698365499351,0.7458825033022076,1.1288732807410036,0.8687005805174207,8.35,True,8.35,0.013893457968424436,0.0,0.016187042000000318,True,12.328257012476321,True,False,False,0.0,0.0,0.0,False,0.5613240432987315,0.9999999999999998,0.0,False,False,False,False,False,-0.012306313035566507,0.0026542697222166154,True,False
195,diffusion_guided_smooth_scale,7,M9/guidance/post/val_samples.npz:row=205,5.540368829043645,0.8061698365499351,0.7426394381246935,0.9604888499656842,0.9095754580203604,7.550000000000001,True,7.550000000000001,0.014619708994970865,0.0,0.015616958999999042,True,9.992342416070944,True,False,False,0.0,0.0,0.0,False,0.7093004355482793,1.0000000000000002,0.0,False,False,False,False,False,-0.006772998545018616,0.001498301743101534,True,False
198,ETO,0,M8 phi198 init0,4.882279383072009,0.6760838522387153,0.7241470764522462,1.8510901432135807,0.7581687055551083,3.95,True,3.95,10.751732083,0.0,0.011174416999999437,True,4.891616604736884,True,False,False,0.0,0.0,0.0,False,0.9137253003474126,1.0000000000000517,0.0,False,False,False,False,False,-3.6445846340882326e-13,8.309325449928906e-14,False,True
198,ETO,1,M8 phi198 init1,4.882279383072009,0.6760838522387153,0.7241470764522462,1.8513128832627486,0.7581687055551083,3.95,True,3.95,10.154178083,0.0,0.011295083000000261,True,4.891619077902455,True,False,False,0.0,0.0,0.0,False,0.9136132969092383,1.0000000000000517,0.0,False,False,False,False,False,-1.6543572067817536e-12,3.771774559346852e-13,False,True
198,ETO,2,M8 phi198 init2,4.882279383072009,0.6760838522387153,0.603989015918419,2.3005330835961737,0.810458563433782,5.800000000000001,True,5.800000000000001,9.705113542000001,0.0,0.011821665999999453,True,4.868283848215807,True,False,False,0.0,0.0,0.0,False,0.9054257192107096,1.0000000000000244,0.0,False,False,False,False,False,-2.7200464103316335e-15,6.210310043996969e-16,False,True
198,ETO,3,M8 phi198 init3,4.882279383072009,0.6760838522387153,0.7241470764522462,1.8513840139657791,0.7581687055551083,3.95,True,3.95,9.877454375000001,0.0,0.010983124999999205,True,4.8916268026144785,True,False,False,0.0,0.0,0.0,False,0.9136822148647189,1.0000000000000342,0.0,False,False,False,False,False,-1.1356818263585922e-11,2.5892395866256024e-12,False,True
198,ETO,4,M8 phi198 init4,4.882279383072009,0.6760838522387153,0.603989015918419,2.299200528426473,0.810458563433782,5.800000000000001,True,5.800000000000001,11.069747459,0.0,0.011607541000000055,True,4.868250581890425,True,False,False,0.0,0.0,0.0,False,0.9054202737513763,1.0000000000000313,0.0,False,False,False,False,False,2.095545958979983e-15,0.0,False,True
198,lawn_fast,0,trajectories/lawn_fast.npz,4.882279383072009,0.6760838522387153,0.24119920994086272,3.5998878910373646,1.0,10.15,True,10.15,0.03270162500000007,0.017072792000000003,0.03381808299999989,True,34.550000000000004,True,False,False,0.0,0.0,0.0,False,0.9999999999999998,1.000000000000023,0.0,False,False,False,False,False,0.011005050633883212,0.0,False,True
198,lawn_conservative,0,trajectories/lawn_conservative.npz,4.882279383072009,0.6760838522387153,0.02586564767355723,0.5821961443590078,1.0,56.400000000000006,True,56.400000000000006,0.06576708400000009,0.017072792000000003,0.06618645800000067,True,82.95,True,True,False,0.0,0.0,0.0,False,0.09707493774362863,0.9963776255617951,0.0,False,False,False,False,False,0.011005050633882824,0.0,False,True
198,greedy_probability,0,trajectories/greedy_probability_phi198.npz,4.882279383072009,0.6760838522387153,0.6402689498202204,3.250087927997792,1.0,5.1000000000000005,True,5.1000000000000005,0.04416316699999978,0.017072792000000003,0.04508516699999987,True,50.900000000000006,True,False,False,0.0,0.0,0.0,False,0.7926135066448935,1.000000000000023,0.0,False,False,False,False,False,9.999999999993348e-05,0.0,False,True
198,greedy_probability_per_distance,0,trajectories/greedy_probability_per_distance_phi198.npz,4.882279383072009,0.6760838522387153,0.026011842304251843,0.5390377178725815,1.0,12.05,True,12.05,0.05847616699999936,0.017072792000000003,0.04886437500000085,True,58.25,True,False,False,0.0,0.0,0.0,False,0.8250028454564083,1.000000000000023,0.0,False,False,False,False,False,9.999999999989184e-05,0.0,False,True
198,nearest,0,M9/val_samples.npz:row=294,4.882279383072009,0.6760838522387153,0.723192392436681,1.8276997591731639,0.7605493594537966,3.95,True,3.95,7.520901272073388e-05,0.0,0.011030625000000072,True,4.908962209620659,True,False,False,0.0,0.0,0.0,False,0.9041900397404011,1.0000000000000222,0.0,False,False,False,False,False,-6.22002449546244e-14,1.4181364416110398e-14,False,True
198,diffusion_guided_raw,0,M9/guidance/base/val_samples.npz:row=1416,4.882279383072009,0.6760838522387153,0.7319946087723178,1.719137092218472,0.7553663795021789,3.85,True,3.85,0.01371108298189938,0.0,0.011166624999999542,True,4.837732263549742,True,False,False,0.0,0.0,0.0,False,0.8793325241821346,2.15639625899409,0.0,False,True,False,True,False,0.007488462811872071,0.0,False,False
198,diffusion_guided_raw,1,M9/guidance/base/val_samples.npz:row=1418,4.882279383072009,0.6760838522387153,0.7309603526967493,1.7149566691877178,0.7555128503937977,3.85,True,3.85,0.013677374983672053,0.0,0.010996833000000095,True,4.838580907615915,True,False,False,0.0,0.0,0.0,False,0.8799998309342664,2.1561363535126974,0.0,False,True,False,True,False,0.007650196441767468,0.0,False,False
198,diffusion_guided_raw,2,M9/guidance/base/val_samples.npz:row=1420,4.882279383072009,0.6760838522387153,0.5661280298673195,2.2629336507204854,0.7817656916423577,5.95,True,5.95,0.013630083005409688,0.0,0.011779541000001004,True,4.785516594983455,True,False,False,0.0,0.0,0.0,False,0.911905253243398,2.704260023541954,0.0,False,True,False,True,False,-0.0023379755738863472,0.0005275686845446943,True,False
198,diffusion_guided_raw,3,M9/guidance/base/val_samples.npz:row=1422,4.882279383072009,0.6760838522387153,0.562206221418601,2.2604585791725067,0.7778438831936391,5.95,True,5.95,0.013418333022855222,0.0,0.01198691700000154,True,4.784643116340128,True,False,False,0.0,0.0,0.0,False,0.9098414620480925,2.7179597608743578,0.0,False,True,False,True,False,-0.0024034986313215823,0.0005421966038873047,True,False
198,diffusion_guided_raw,4,M9/guidance/base/val_samples.npz:row=1424,4.882279383072009,0.6760838522387153,0.5648309833154675,2.259125776447586,0.7804686450905056,5.95,True,5.95,0.01358570798765868,0.0,0.011496499999999799,True,4.7874042168672695,True,False,False,0.0,0.0,0.0,False,0.9117416615563886,2.7039938805779165,0.0,False,True,False,True,False,-0.0024783056292522476,0.0005588866506487603,True,False
198,diffusion_guided_raw,5,M9/guidance/base/val_samples.npz:row=1426,4.882279383072009,0.6760838522387153,0.7337637219881608,1.7268807605481133,0.7571354927180218,3.85,True,3.85,0.01333970797713846,0.0,0.011148750000000263,True,4.837722562543041,True,False,False,0.0,0.0,0.0,False,0.8793114216007376,2.1979053331033462,0.0,False,True,False,True,False,0.007506244095179845,0.0,False,False
198,diffusion_guided_raw,6,M9/guidance/base/val_samples.npz:row=1428,4.882279383072009,0.6760838522387153,0.7308138818051304,1.7158249977277267,0.7553663795021789,3.85,True,3.85,0.013493791979271919,0.0,0.010948416999999822,True,4.839899856486936,True,False,False,0.0,0.0,0.0,False,0.8809387011878477,2.165419364402538,0.0,False,True,False,True,False,0.007266654219258956,0.0,False,False
198,diffusion_guided_raw,7,M9/guidance/base/val_samples.npz:row=1430,4.882279383072009,0.6760838522387153,0.733617251096542,1.7221349268034971,0.756989021826403,3.85,True,3.85,0.013621166988741606,0.0,0.01095370799999884,True,4.837088504745086,True,False,False,0.0,0.0,0.0,False,0.8808908985847387,2.1700006762553437,0.0,False,True,False,True,False,0.007392730968854136,0.0,False,False
198,diffusion_guided_smooth_scale,0,M9/guidance/post/val_samples.npz:row=209,4.882279383072009,0.6760838522387153,0.6737477026275714,2.3041674678874884,0.7657678281370701,5.3500000000000005,True,5.3500000000000005,0.013731749981899383,0.0,0.01157174999999988,True,5.796707726710274,True,False,False,0.0,0.0,0.0,False,0.7215722103651494,1.0,0.0,False,False,False,False,False,0.003701967406783774,0.0,False,True
198,diffusion_guided_smooth_scale,1,M9/guidance/post/val_samples.npz:row=210,4.882279383072009,0.6760838522387153,0.6737477026275714,2.3015031443138674,0.7657678281370701,5.3500000000000005,True,5.3500000000000005,0.013698666983672045,0.0,0.011580833000000013,True,5.7904706058413264,True,False,False,0.0,0.0,0.0,False,0.7226941172564667,1.0000000000000002,0.0,False,False,False,False,False,0.00384153664680123,0.0,False,True
198,diffusion_guided_smooth_scale,2,M9/guidance/post/val_samples.npz:row=211,4.882279383072009,0.6760838522387153,0.7480637911220358,2.715843076561399,0.8496476438811691,3.9000000000000004,True,3.9000000000000004,0.013650000005409696,0.0,0.012469416000000066,True,6.422755331879043,True,False,False,0.0,0.0,0.0,False,0.6566806694601213,0.9999999999999998,0.0,False,False,False,False,False,-0.0073758001992459965,0.0016272055119160838,True,False
198,diffusion_guided_smooth_scale,3,M9/guidance/post/val_samples.npz:row=212,4.882279383072009,0.6760838522387153,0.7491436583615544,2.7236050738944493,0.8529368158380097,3.95,True,3.95,0.013437249022855216,0.0,0.012462000000001083,True,6.393250383133394,True,False,False,0.0,0.0,0.0,False,0.6596299314354906,0.9999999999999998,0.0,False,False,False,False,False,-0.007332166012533378,0.0016178991282500572,True,False
198,diffusion_guided_smooth_scale,4,M9/guidance/post/val_samples.npz:row=213,4.882279383072009,0.6760838522387153,0.7475234365320815,2.706095814789256,0.8456753811371702,3.9000000000000004,True,3.9000000000000004,0.013605332987658675,0.0,0.012464707999999547,True,6.476479227246239,True,False,False,0.0,0.0,0.0,False,0.6510922185391285,1.0000000000000002,0.0,False,False,False,False,False,-0.0074001663683878754,0.0016324007186506104,True,False
198,diffusion_guided_smooth_scale,5,M9/guidance/post/val_samples.npz:row=214,4.882279383072009,0.6760838522387153,0.6767808787521804,2.2868571512491265,0.7678225950852741,4.7,True,4.7,0.01335979097713845,0.0,0.011604084000000014,True,5.774627707400093,True,False,False,0.0,0.0,0.0,False,0.7243125367476526,1.0000000000000002,0.0,False,False,False,False,False,0.0037004053231868145,0.0,False,True
198,diffusion_guided_smooth_scale,6,M9/guidance/post/val_samples.npz:row=215,4.882279383072009,0.6760838522387153,0.6766740256460091,2.286513483686122,0.7680484503479527,4.65,True,4.65,0.013514041979271918,0.0,0.011628915999999379,True,5.775825558934529,True,False,False,0.0,0.0,0.0,False,0.7251095563231527,1.0000000000000002,0.0,False,False,False,False,False,0.0034600206930599092,0.0,False,True
198,diffusion_guided_smooth_scale,7,M9/guidance/post/val_samples.npz:row=216,4.882279383072009,0.6760838522387153,0.6758024695757755,2.286139286454007,0.7678225950852741,5.0,True,5.0,0.0136416669887416,0.0,0.011556041000000405,True,5.7816983384192,True,False,False,0.0,0.0,0.0,False,0.7243332002440944,1.0,0.0,False,False,False,False,False,0.003598364797596912,0.0,False,True
