prior_id,family,target_js_nats,gamma,seed,episode,target_x,target_y,oracle_success,error_success,oracle_t_find,error_t_find,outcome,delta_t_find_both_success
spatial_shift_js_0.05,spatial_shift,0.05,0.1,7,0,0.6875,0.7375,True,True,1.2000000000000002,1.25,both_success,0.04999999999999982
spatial_shift_js_0.05,spatial_shift,0.05,0.1,7,1,0.8125,0.8625,True,True,1.5,5.800000000000001,both_success,4.300000000000001
spatial_shift_js_0.05,spatial_shift,0.05,0.1,7,2,0.8625,0.7875,True,True,3.2,3.3000000000000003,both_success,0.10000000000000009
spatial_shift_js_0.05,spatial_shift,0.05,0.1,7,3,0.7625,0.5625,False,False,,,both_timeout,
spatial_shift_js_0.05,spatial_shift,0.05,0.1,7,4,0.6375,0.6125,True,True,1.05,1.05,both_success,0.0
spatial_shift_js_0.05,spatial_shift,0.05,0.1,7,5,0.0375,0.8625,False,False,,,both_timeout,
spatial_shift_js_0.05,spatial_shift,0.05,0.1,7,6,0.8875,0.0125,False,False,,,both_timeout,
spatial_shift_js_0.05,spatial_shift,0.05,0.1,7,7,0.8375,0.8125,True,True,3.2,3.35,both_success,0.1499999999999999
spatial_shift_js_0.05,spatial_shift,0.05,0.1,7,8,0.6375,0.8125,True,True,1.9500000000000002,1.4000000000000001,both_success,-0.55
spatial_shift_js_0.05,spatial_shift,0.05,0.1,7,9,0.0625,0.6875,False,False,,,both_timeout,
spatial_shift_js_0.05,spatial_shift,0.05,0.1,7,10,0.6625,0.6125,True,True,1.05,1.05,both_success,0.0
spatial_shift_js_0.05,spatial_shift,0.05,0.1,7,11,0.8625,0.5875,False,True,,3.25,error_only,
spatial_shift_js_0.05,spatial_shift,0.05,0.1,7,12,0.6625,0.5875,True,True,1.0,1.05,both_success,0.050000000000000044
spatial_shift_js_0.05,spatial_shift,0.05,0.1,7,13,0.7875,0.6625,True,True,1.35,3.0,both_success,1.65
spatial_shift_js_0.05,spatial_shift,0.05,0.1,7,14,0.7625,0.6875,True,True,1.1500000000000001,3.0,both_success,1.8499999999999999
spatial_shift_js_0.05,spatial_shift,0.05,0.1,7,15,0.6625,0.7125,True,True,1.1500000000000001,1.2000000000000002,both_success,0.050000000000000044
spatial_shift_js_0.05,spatial_shift,0.05,0.1,7,16,0.7375,0.9875,True,True,5.2,5.2,both_success,0.0
spatial_shift_js_0.05,spatial_shift,0.05,0.1,7,17,0.6125,0.8125,True,True,2.0500000000000003,1.4000000000000001,both_success,-0.6500000000000001
spatial_shift_js_0.05,spatial_shift,0.05,0.1,7,18,0.6625,0.7375,True,True,1.2000000000000002,1.25,both_success,0.04999999999999982
spatial_shift_js_0.05,spatial_shift,0.05,0.1,7,19,0.0375,0.9875,False,False,,,both_timeout,
spatial_shift_js_0.05,spatial_shift,0.05,0.1,7,20,0.6625,0.5625,True,True,1.0,1.05,both_success,0.050000000000000044
spatial_shift_js_0.05,spatial_shift,0.05,0.1,7,21,0.6625,0.5125,True,True,1.0,1.25,both_success,0.25
spatial_shift_js_0.05,spatial_shift,0.05,0.1,7,22,0.5875,0.7375,True,True,1.3,1.25,both_success,-0.050000000000000044
spatial_shift_js_0.05,spatial_shift,0.05,0.1,7,23,0.5125,0.1875,False,False,,,both_timeout,
spatial_shift_js_0.05,spatial_shift,0.05,0.1,7,24,0.0875,0.1625,False,False,,,both_timeout,
spatial_shift_js_0.05,spatial_shift,0.05,0.1,7,25,0.8125,0.6875,True,True,1.5,3.0500000000000003,both_success,1.5500000000000003
spatial_shift_js_0.05,spatial_shift,0.05,0.1,7,26,0.9625,0.6625,True,True,3.25,3.25,both_success,0.0
spatial_shift_js_0.05,spatial_shift,0.05,0.1,7,27,0.6625,0.8875,True,True,5.550000000000001,1.6,both_success,-3.9500000000000006
spatial_shift_js_0.05,spatial_shift,0.05,0.1,7,28,0.7125,0.7375,True,True,1.2000000000000002,1.25,both_success,0.04999999999999982
spatial_shift_js_0.05,spatial_shift,0.05,0.1,7,29,0.8125,0.6875,True,True,1.5,3.0500000000000003,both_success,1.5500000000000003
spatial_shift_js_0.05,spatial_shift,0.05,0.1,7,30,0.7125,0.6875,True,True,1.1500000000000001,1.2000000000000002,both_success,0.050000000000000044
spatial_shift_js_0.05,spatial_shift,0.05,0.1,7,31,0.5875,0.5875,True,True,1.05,1.1,both_success,0.050000000000000044
spatial_shift_js_0.05,spatial_shift,0.05,0.1,7,32,0.0125,0.0625,False,False,,,both_timeout,
spatial_shift_js_0.05,spatial_shift,0.05,0.1,7,33,0.7375,0.5375,False,False,,,both_timeout,
spatial_shift_js_0.05,spatial_shift,0.05,0.1,7,34,0.7125,0.7625,True,True,1.25,1.3,both_success,0.050000000000000044
spatial_shift_js_0.05,spatial_shift,0.05,0.1,7,35,0.8375,0.5375,False,False,,,both_timeout,
spatial_shift_js_0.05,spatial_shift,0.05,0.1,7,36,0.7125,0.6375,True,True,1.05,1.1,both_success,0.050000000000000044
spatial_shift_js_0.05,spatial_shift,0.05,0.1,7,37,0.6375,0.0125,False,False,,,both_timeout,
spatial_shift_js_0.05,spatial_shift,0.05,0.1,7,38,0.9375,0.8125,True,True,3.35,3.4000000000000004,both_success,0.050000000000000266
spatial_shift_js_0.05,spatial_shift,0.05,0.1,7,39,0.9125,0.4875,False,False,,,both_timeout,
spatial_shift_js_0.05,spatial_shift,0.05,0.1,7,40,0.7625,0.5875,True,True,1.35,3.0500000000000003,both_success,1.7000000000000002
spatial_shift_js_0.05,spatial_shift,0.05,0.1,7,41,0.5875,0.8625,False,True,,1.6500000000000001,error_only,
spatial_shift_js_0.05,spatial_shift,0.05,0.1,7,42,0.7875,0.6875,True,True,1.2000000000000002,3.0500000000000003,both_success,1.85
spatial_shift_js_0.05,spatial_shift,0.05,0.1,7,43,0.6875,0.8375,True,True,1.8,1.4500000000000002,both_success,-0.34999999999999987
spatial_shift_js_0.05,spatial_shift,0.05,0.1,7,44,0.7625,0.7375,True,True,1.25,3.1,both_success,1.85
spatial_shift_js_0.05,spatial_shift,0.05,0.1,7,45,0.6375,0.7875,True,True,1.4500000000000002,1.35,both_success,-0.10000000000000009
spatial_shift_js_0.05,spatial_shift,0.05,0.1,7,46,0.8625,0.3625,False,False,,,both_timeout,
spatial_shift_js_0.05,spatial_shift,0.05,0.1,7,47,0.5375,0.7125,True,True,2.2,1.25,both_success,-0.9500000000000002
spatial_shift_js_0.05,spatial_shift,0.05,0.1,7,48,0.7625,0.6875,True,True,1.1500000000000001,3.0,both_success,1.8499999999999999
spatial_shift_js_0.05,spatial_shift,0.05,0.1,7,49,0.9375,0.8375,True,True,3.4000000000000004,3.45,both_success,0.04999999999999982
spatial_shift_js_0.05,spatial_shift,0.05,0.1,7,50,0.6875,0.6375,True,True,1.05,1.1,both_success,0.050000000000000044
spatial_shift_js_0.05,spatial_shift,0.05,0.1,7,51,0.9375,0.7125,True,True,3.1500000000000004,3.2,both_success,0.04999999999999982
spatial_shift_js_0.05,spatial_shift,0.05,0.1,7,52,0.0875,0.2625,False,False,,,both_timeout,
spatial_shift_js_0.05,spatial_shift,0.05,0.1,7,53,0.8375,0.6375,True,True,1.6,3.0500000000000003,both_success,1.4500000000000002
spatial_shift_js_0.05,spatial_shift,0.05,0.1,7,54,0.7875,0.6125,True,True,1.4000000000000001,3.0500000000000003,both_success,1.6500000000000001
spatial_shift_js_0.05,spatial_shift,0.05,0.1,7,55,0.8125,0.4875,False,False,,,both_timeout,
spatial_shift_js_0.05,spatial_shift,0.05,0.1,7,56,0.7875,0.8125,True,True,1.35,3.25,both_success,1.9
spatial_shift_js_0.05,spatial_shift,0.05,0.1,7,57,0.7875,0.6375,True,True,1.4000000000000001,3.0,both_success,1.5999999999999999
spatial_shift_js_0.05,spatial_shift,0.05,0.1,7,58,0.5625,0.9625,False,False,,,both_timeout,
spatial_shift_js_0.05,spatial_shift,0.05,0.1,7,59,0.8625,0.7125,True,True,3.0500000000000003,3.1500000000000004,both_success,0.10000000000000009
spatial_shift_js_0.05,spatial_shift,0.05,0.1,7,60,0.4125,0.7375,False,True,,2.0500000000000003,error_only,
spatial_shift_js_0.05,spatial_shift,0.05,0.1,7,61,0.7625,0.7375,True,True,1.25,3.1,both_success,1.85
spatial_shift_js_0.05,spatial_shift,0.05,0.1,7,62,0.5875,0.7625,True,True,2.0500000000000003,1.3,both_success,-0.7500000000000002
spatial_shift_js_0.05,spatial_shift,0.05,0.1,7,63,0.8125,0.4875,False,False,,,both_timeout,
spatial_shift_js_0.05,spatial_shift,0.05,0.1,11,0,0.6875,0.4625,False,False,,,both_timeout,
spatial_shift_js_0.05,spatial_shift,0.05,0.1,11,1,0.7375,0.6875,True,True,1.1500000000000001,1.2000000000000002,both_success,0.050000000000000044
spatial_shift_js_0.05,spatial_shift,0.05,0.1,11,2,0.9875,0.7125,True,True,3.2,3.25,both_success,0.04999999999999982
spatial_shift_js_0.05,spatial_shift,0.05,0.1,11,3,0.9125,0.1125,False,False,,,both_timeout,
spatial_shift_js_0.05,spatial_shift,0.05,0.1,11,4,0.7625,0.4875,False,False,,,both_timeout,
spatial_shift_js_0.05,spatial_shift,0.05,0.1,11,5,0.8125,0.8875,True,True,5.6000000000000005,5.6000000000000005,both_success,0.0
spatial_shift_js_0.05,spatial_shift,0.05,0.1,11,6,0.8875,0.2875,False,False,,,both_timeout,
spatial_shift_js_0.05,spatial_shift,0.05,0.1,11,7,0.7125,0.4625,False,False,,,both_timeout,
spatial_shift_js_0.05,spatial_shift,0.05,0.1,11,8,0.7625,0.9125,True,True,5.45,5.45,both_success,0.0
spatial_shift_js_0.05,spatial_shift,0.05,0.1,11,9,0.6625,0.7375,True,True,1.2000000000000002,1.25,both_success,0.04999999999999982
spatial_shift_js_0.05,spatial_shift,0.05,0.1,11,10,0.7125,0.6375,True,True,1.05,1.1,both_success,0.050000000000000044
spatial_shift_js_0.05,spatial_shift,0.05,0.1,11,11,0.7875,0.6875,True,True,1.2000000000000002,3.0500000000000003,both_success,1.85
spatial_shift_js_0.05,spatial_shift,0.05,0.1,11,12,0.9125,0.7375,True,True,3.1500000000000004,3.25,both_success,0.09999999999999964
spatial_shift_js_0.05,spatial_shift,0.05,0.1,11,13,0.8125,0.5875,False,True,,3.1500000000000004,error_only,
spatial_shift_js_0.05,spatial_shift,0.05,0.1,11,14,0.9875,0.4625,False,False,,,both_timeout,
spatial_shift_js_0.05,spatial_shift,0.05,0.1,11,15,0.5125,0.8125,False,True,,1.75,error_only,
spatial_shift_js_0.05,spatial_shift,0.05,0.1,11,16,0.4125,0.7625,False,True,,2.0500000000000003,error_only,
spatial_shift_js_0.05,spatial_shift,0.05,0.1,11,17,0.7875,0.6875,True,True,1.2000000000000002,3.0500000000000003,both_success,1.85
spatial_shift_js_0.05,spatial_shift,0.05,0.1,11,18,0.7875,0.8125,True,True,1.35,3.25,both_success,1.9
spatial_shift_js_0.05,spatial_shift,0.05,0.1,11,19,0.6125,0.7125,True,True,1.1500000000000001,1.2000000000000002,both_success,0.050000000000000044
spatial_shift_js_0.05,spatial_shift,0.05,0.1,11,20,0.6625,0.9625,True,True,5.3500000000000005,5.3500000000000005,both_success,0.0
spatial_shift_js_0.05,spatial_shift,0.05,0.1,11,21,0.8875,0.5375,False,False,,,both_timeout,
spatial_shift_js_0.05,spatial_shift,0.05,0.1,11,22,0.6625,0.7125,True,True,1.1500000000000001,1.2000000000000002,both_success,0.050000000000000044
spatial_shift_js_0.05,spatial_shift,0.05,0.1,11,23,0.6375,0.6875,True,True,1.1,1.1500000000000001,both_success,0.050000000000000044
spatial_shift_js_0.05,spatial_shift,0.05,0.1,11,24,0.6125,0.6375,True,True,1.05,1.1,both_success,0.050000000000000044
spatial_shift_js_0.05,spatial_shift,0.05,0.1,11,25,0.8625,0.7125,True,True,3.0500000000000003,3.1500000000000004,both_success,0.10000000000000009
spatial_shift_js_0.05,spatial_shift,0.05,0.1,11,26,0.8375,0.5625,False,False,,,both_timeout,
spatial_shift_js_0.05,spatial_shift,0.05,0.1,11,27,0.6875,0.8125,True,True,1.4000000000000001,1.4000000000000001,both_success,0.0
spatial_shift_js_0.05,spatial_shift,0.05,0.1,11,28,0.8625,0.8375,True,True,3.35,3.4000000000000004,both_success,0.050000000000000266
spatial_shift_js_0.05,spatial_shift,0.05,0.1,11,29,0.6875,0.4625,False,False,,,both_timeout,
spatial_shift_js_0.05,spatial_shift,0.05,0.1,11,30,0.9875,0.6625,True,True,3.3000000000000003,3.3000000000000003,both_success,0.0
spatial_shift_js_0.05,spatial_shift,0.05,0.1,11,31,0.8375,0.5875,False,True,,3.2,error_only,
spatial_shift_js_0.05,spatial_shift,0.05,0.1,11,32,0.7875,0.3375,False,False,,,both_timeout,
spatial_shift_js_0.05,spatial_shift,0.05,0.1,11,33,0.7875,0.8625,True,True,1.5,5.75,both_success,4.25
spatial_shift_js_0.05,spatial_shift,0.05,0.1,11,34,0.7125,0.6625,True,True,1.1,1.1500000000000001,both_success,0.050000000000000044
spatial_shift_js_0.05,spatial_shift,0.05,0.1,11,35,0.7625,0.4875,False,False,,,both_timeout,
spatial_shift_js_0.05,spatial_shift,0.05,0.1,11,36,0.5375,0.7625,True,True,2.2,1.4000000000000001,both_success,-0.8
spatial_shift_js_0.05,spatial_shift,0.05,0.1,11,37,0.8625,0.5375,False,False,,,both_timeout,
spatial_shift_js_0.05,spatial_shift,0.05,0.1,11,38,0.8625,0.8625,True,True,6.0,6.0,both_success,0.0
spatial_shift_js_0.05,spatial_shift,0.05,0.1,11,39,0.6875,0.5625,True,True,1.0,1.0,both_success,0.0
spatial_shift_js_0.05,spatial_shift,0.05,0.1,11,40,0.6375,0.1375,False,False,,,both_timeout,
spatial_shift_js_0.05,spatial_shift,0.05,0.1,11,41,0.8375,0.5375,False,False,,,both_timeout,
spatial_shift_js_0.05,spatial_shift,0.05,0.1,11,42,0.4875,0.6375,True,True,1.2000000000000002,1.25,both_success,0.04999999999999982
spatial_shift_js_0.05,spatial_shift,0.05,0.1,11,43,0.2375,0.6875,False,False,,,both_timeout,
spatial_shift_js_0.05,spatial_shift,0.05,0.1,11,44,0.9375,0.8625,True,True,3.45,3.5,both_success,0.04999999999999982
spatial_shift_js_0.05,spatial_shift,0.05,0.1,11,45,0.7375,0.7625,True,True,1.25,1.3,both_success,0.050000000000000044
spatial_shift_js_0.05,spatial_shift,0.05,0.1,11,46,0.9625,0.6125,False,False,,,both_timeout,
spatial_shift_js_0.05,spatial_shift,0.05,0.1,11,47,0.8875,0.0625,False,False,,,both_timeout,
spatial_shift_js_0.05,spatial_shift,0.05,0.1,11,48,0.6625,0.5125,True,True,1.0,1.25,both_success,0.25
spatial_shift_js_0.05,spatial_shift,0.05,0.1,11,49,0.7625,0.9875,True,True,5.15,5.15,both_success,0.0
spatial_shift_js_0.05,spatial_shift,0.05,0.1,11,50,0.8875,0.6625,True,True,3.1,3.1,both_success,0.0
spatial_shift_js_0.05,spatial_shift,0.05,0.1,11,51,0.6875,0.7625,True,True,1.25,1.3,both_success,0.050000000000000044
spatial_shift_js_0.05,spatial_shift,0.05,0.1,11,52,0.3125,0.2375,True,True,0.15000000000000002,0.15000000000000002,both_success,0.0
spatial_shift_js_0.05,spatial_shift,0.05,0.1,11,53,0.8125,0.1375,False,False,,,both_timeout,
spatial_shift_js_0.05,spatial_shift,0.05,0.1,11,54,0.6625,0.8375,True,True,1.9000000000000001,1.4500000000000002,both_success,-0.44999999999999996
spatial_shift_js_0.05,spatial_shift,0.05,0.1,11,55,0.8375,0.7125,True,True,3.0500000000000003,3.1500000000000004,both_success,0.10000000000000009
spatial_shift_js_0.05,spatial_shift,0.05,0.1,11,56,0.7125,0.6125,True,True,1.05,1.1,both_success,0.050000000000000044
spatial_shift_js_0.05,spatial_shift,0.05,0.1,11,57,0.7625,0.6125,True,True,1.3,3.0,both_success,1.7
spatial_shift_js_0.05,spatial_shift,0.05,0.1,11,58,0.6625,0.3625,False,False,,,both_timeout,
spatial_shift_js_0.05,spatial_shift,0.05,0.1,11,59,0.8375,0.5125,False,False,,,both_timeout,
spatial_shift_js_0.05,spatial_shift,0.05,0.1,11,60,0.1875,0.1125,True,True,0.0,0.0,both_success,0.0
spatial_shift_js_0.05,spatial_shift,0.05,0.1,11,61,0.5875,0.8375,False,True,,1.55,error_only,
spatial_shift_js_0.05,spatial_shift,0.05,0.1,11,62,0.9625,0.6625,True,True,3.25,3.25,both_success,0.0
spatial_shift_js_0.05,spatial_shift,0.05,0.1,11,63,0.6625,0.4625,True,False,2.45,,oracle_only,
spatial_shift_js_0.1,spatial_shift,0.1,0.1,7,0,0.6875,0.7375,True,True,1.2000000000000002,1.3,both_success,0.09999999999999987
spatial_shift_js_0.1,spatial_shift,0.1,0.1,7,1,0.8125,0.8625,True,True,1.5,5.800000000000001,both_success,4.300000000000001
spatial_shift_js_0.1,spatial_shift,0.1,0.1,7,2,0.8625,0.7875,True,True,3.2,3.35,both_success,0.1499999999999999
spatial_shift_js_0.1,spatial_shift,0.1,0.1,7,3,0.7625,0.5625,False,True,,3.2,error_only,
spatial_shift_js_0.1,spatial_shift,0.1,0.1,7,4,0.6375,0.6125,True,True,1.05,1.1,both_success,0.050000000000000044
spatial_shift_js_0.1,spatial_shift,0.1,0.1,7,5,0.0375,0.8625,False,False,,,both_timeout,
spatial_shift_js_0.1,spatial_shift,0.1,0.1,7,6,0.8875,0.0125,False,False,,,both_timeout,
spatial_shift_js_0.1,spatial_shift,0.1,0.1,7,7,0.8375,0.8125,True,True,3.2,3.4000000000000004,both_success,0.20000000000000018
spatial_shift_js_0.1,spatial_shift,0.1,0.1,7,8,0.6375,0.8125,True,True,1.9500000000000002,1.4000000000000001,both_success,-0.55
spatial_shift_js_0.1,spatial_shift,0.1,0.1,7,9,0.0625,0.6875,False,False,,,both_timeout,
spatial_shift_js_0.1,spatial_shift,0.1,0.1,7,10,0.6625,0.6125,True,True,1.05,1.1,both_success,0.050000000000000044
spatial_shift_js_0.1,spatial_shift,0.1,0.1,7,11,0.8625,0.5875,False,True,,3.25,error_only,
spatial_shift_js_0.1,spatial_shift,0.1,0.1,7,12,0.6625,0.5875,True,True,1.0,1.1,both_success,0.10000000000000009
spatial_shift_js_0.1,spatial_shift,0.1,0.1,7,13,0.7875,0.6625,True,True,1.35,3.0500000000000003,both_success,1.7000000000000002
spatial_shift_js_0.1,spatial_shift,0.1,0.1,7,14,0.7625,0.6875,True,True,1.1500000000000001,3.0500000000000003,both_success,1.9000000000000001
spatial_shift_js_0.1,spatial_shift,0.1,0.1,7,15,0.6625,0.7125,True,True,1.1500000000000001,1.25,both_success,0.09999999999999987
spatial_shift_js_0.1,spatial_shift,0.1,0.1,7,16,0.7375,0.9875,True,True,5.2,5.2,both_success,0.0
spatial_shift_js_0.1,spatial_shift,0.1,0.1,7,17,0.6125,0.8125,True,True,2.0500000000000003,1.4500000000000002,both_success,-0.6000000000000001
spatial_shift_js_0.1,spatial_shift,0.1,0.1,7,18,0.6625,0.7375,True,True,1.2000000000000002,1.3,both_success,0.09999999999999987
spatial_shift_js_0.1,spatial_shift,0.1,0.1,7,19,0.0375,0.9875,False,False,,,both_timeout,
spatial_shift_js_0.1,spatial_shift,0.1,0.1,7,20,0.6625,0.5625,True,True,1.0,1.05,both_success,0.050000000000000044
spatial_shift_js_0.1,spatial_shift,0.1,0.1,7,21,0.6625,0.5125,True,False,1.0,,oracle_only,
spatial_shift_js_0.1,spatial_shift,0.1,0.1,7,22,0.5875,0.7375,True,True,1.3,1.3,both_success,0.0
spatial_shift_js_0.1,spatial_shift,0.1,0.1,7,23,0.5125,0.1875,False,False,,,both_timeout,
spatial_shift_js_0.1,spatial_shift,0.1,0.1,7,24,0.0875,0.1625,False,False,,,both_timeout,
spatial_shift_js_0.1,spatial_shift,0.1,0.1,7,25,0.8125,0.6875,True,True,1.5,3.1,both_success,1.6
spatial_shift_js_0.1,spatial_shift,0.1,0.1,7,26,0.9625,0.6625,True,True,3.25,3.3000000000000003,both_success,0.050000000000000266
spatial_shift_js_0.1,spatial_shift,0.1,0.1,7,27,0.6625,0.8875,True,True,5.550000000000001,5.550000000000001,both_success,0.0
spatial_shift_js_0.1,spatial_shift,0.1,0.1,7,28,0.7125,0.7375,True,True,1.2000000000000002,1.3,both_success,0.09999999999999987
spatial_shift_js_0.1,spatial_shift,0.1,0.1,7,29,0.8125,0.6875,True,True,1.5,3.1,both_success,1.6
spatial_shift_js_0.1,spatial_shift,0.1,0.1,7,30,0.7125,0.6875,True,True,1.1500000000000001,1.25,both_success,0.09999999999999987
spatial_shift_js_0.1,spatial_shift,0.1,0.1,7,31,0.5875,0.5875,True,True,1.05,1.1,both_success,0.050000000000000044
spatial_shift_js_0.1,spatial_shift,0.1,0.1,7,32,0.0125,0.0625,False,False,,,both_timeout,
spatial_shift_js_0.1,spatial_shift,0.1,0.1,7,33,0.7375,0.5375,False,False,,,both_timeout,
spatial_shift_js_0.1,spatial_shift,0.1,0.1,7,34,0.7125,0.7625,True,True,1.25,1.35,both_success,0.10000000000000009
spatial_shift_js_0.1,spatial_shift,0.1,0.1,7,35,0.8375,0.5375,False,False,,,both_timeout,
spatial_shift_js_0.1,spatial_shift,0.1,0.1,7,36,0.7125,0.6375,True,True,1.05,1.1500000000000001,both_success,0.10000000000000009
spatial_shift_js_0.1,spatial_shift,0.1,0.1,7,37,0.6375,0.0125,False,False,,,both_timeout,
spatial_shift_js_0.1,spatial_shift,0.1,0.1,7,38,0.9375,0.8125,True,True,3.35,3.45,both_success,0.10000000000000009
spatial_shift_js_0.1,spatial_shift,0.1,0.1,7,39,0.9125,0.4875,False,False,,,both_timeout,
spatial_shift_js_0.1,spatial_shift,0.1,0.1,7,40,0.7625,0.5875,True,True,1.35,3.1,both_success,1.75
spatial_shift_js_0.1,spatial_shift,0.1,0.1,7,41,0.5875,0.8625,False,True,,1.55,error_only,
spatial_shift_js_0.1,spatial_shift,0.1,0.1,7,42,0.7875,0.6875,True,True,1.2000000000000002,3.1,both_success,1.9
spatial_shift_js_0.1,spatial_shift,0.1,0.1,7,43,0.6875,0.8375,True,True,1.8,1.4500000000000002,both_success,-0.34999999999999987
spatial_shift_js_0.1,spatial_shift,0.1,0.1,7,44,0.7625,0.7375,True,True,1.25,3.1500000000000004,both_success,1.9000000000000004
spatial_shift_js_0.1,spatial_shift,0.1,0.1,7,45,0.6375,0.7875,True,True,1.4500000000000002,1.4000000000000001,both_success,-0.050000000000000044
spatial_shift_js_0.1,spatial_shift,0.1,0.1,7,46,0.8625,0.3625,False,False,,,both_timeout,
spatial_shift_js_0.1,spatial_shift,0.1,0.1,7,47,0.5375,0.7125,True,True,2.2,1.3,both_success,-0.9000000000000001
spatial_shift_js_0.1,spatial_shift,0.1,0.1,7,48,0.7625,0.6875,True,True,1.1500000000000001,3.0500000000000003,both_success,1.9000000000000001
spatial_shift_js_0.1,spatial_shift,0.1,0.1,7,49,0.9375,0.8375,True,True,3.4000000000000004,3.5,both_success,0.09999999999999964
spatial_shift_js_0.1,spatial_shift,0.1,0.1,7,50,0.6875,0.6375,True,True,1.05,1.1500000000000001,both_success,0.10000000000000009
spatial_shift_js_0.1,spatial_shift,0.1,0.1,7,51,0.9375,0.7125,True,True,3.1500000000000004,3.25,both_success,0.09999999999999964
spatial_shift_js_0.1,spatial_shift,0.1,0.1,7,52,0.0875,0.2625,False,False,,,both_timeout,
spatial_shift_js_0.1,spatial_shift,0.1,0.1,7,53,0.8375,0.6375,True,True,1.6,3.1500000000000004,both_success,1.5500000000000003
spatial_shift_js_0.1,spatial_shift,0.1,0.1,7,54,0.7875,0.6125,True,True,1.4000000000000001,3.1,both_success,1.7
spatial_shift_js_0.1,spatial_shift,0.1,0.1,7,55,0.8125,0.4875,False,False,,,both_timeout,
spatial_shift_js_0.1,spatial_shift,0.1,0.1,7,56,0.7875,0.8125,True,True,1.35,5.95,both_success,4.6
spatial_shift_js_0.1,spatial_shift,0.1,0.1,7,57,0.7875,0.6375,True,True,1.4000000000000001,3.0500000000000003,both_success,1.6500000000000001
spatial_shift_js_0.1,spatial_shift,0.1,0.1,7,58,0.5625,0.9625,False,False,,,both_timeout,
spatial_shift_js_0.1,spatial_shift,0.1,0.1,7,59,0.8625,0.7125,True,True,3.0500000000000003,3.2,both_success,0.1499999999999999
spatial_shift_js_0.1,spatial_shift,0.1,0.1,7,60,0.4125,0.7375,False,True,,1.8,error_only,
spatial_shift_js_0.1,spatial_shift,0.1,0.1,7,61,0.7625,0.7375,True,True,1.25,3.1500000000000004,both_success,1.9000000000000004
spatial_shift_js_0.1,spatial_shift,0.1,0.1,7,62,0.5875,0.7625,True,True,2.0500000000000003,1.35,both_success,-0.7000000000000002
spatial_shift_js_0.1,spatial_shift,0.1,0.1,7,63,0.8125,0.4875,False,False,,,both_timeout,
spatial_shift_js_0.1,spatial_shift,0.1,0.1,11,0,0.6875,0.4625,False,False,,,both_timeout,
spatial_shift_js_0.1,spatial_shift,0.1,0.1,11,1,0.7375,0.6875,True,True,1.1500000000000001,3.0500000000000003,both_success,1.9000000000000001
spatial_shift_js_0.1,spatial_shift,0.1,0.1,11,2,0.9875,0.7125,True,True,3.2,3.3000000000000003,both_success,0.10000000000000009
spatial_shift_js_0.1,spatial_shift,0.1,0.1,11,3,0.9125,0.1125,False,False,,,both_timeout,
spatial_shift_js_0.1,spatial_shift,0.1,0.1,11,4,0.7625,0.4875,False,False,,,both_timeout,
spatial_shift_js_0.1,spatial_shift,0.1,0.1,11,5,0.8125,0.8875,True,True,5.6000000000000005,5.6000000000000005,both_success,0.0
spatial_shift_js_0.1,spatial_shift,0.1,0.1,11,6,0.8875,0.2875,False,False,,,both_timeout,
spatial_shift_js_0.1,spatial_shift,0.1,0.1,11,7,0.7125,0.4625,False,False,,,both_timeout,
spatial_shift_js_0.1,spatial_shift,0.1,0.1,11,8,0.7625,0.9125,True,True,5.45,5.45,both_success,0.0
spatial_shift_js_0.1,spatial_shift,0.1,0.1,11,9,0.6625,0.7375,True,True,1.2000000000000002,1.3,both_success,0.09999999999999987
spatial_shift_js_0.1,spatial_shift,0.1,0.1,11,10,0.7125,0.6375,True,True,1.05,1.1500000000000001,both_success,0.10000000000000009
spatial_shift_js_0.1,spatial_shift,0.1,0.1,11,11,0.7875,0.6875,True,True,1.2000000000000002,3.1,both_success,1.9
spatial_shift_js_0.1,spatial_shift,0.1,0.1,11,12,0.9125,0.7375,True,True,3.1500000000000004,3.3000000000000003,both_success,0.1499999999999999
spatial_shift_js_0.1,spatial_shift,0.1,0.1,11,13,0.8125,0.5875,False,True,,3.2,error_only,
spatial_shift_js_0.1,spatial_shift,0.1,0.1,11,14,0.9875,0.4625,False,False,,,both_timeout,
spatial_shift_js_0.1,spatial_shift,0.1,0.1,11,15,0.5125,0.8125,False,True,,1.55,error_only,
spatial_shift_js_0.1,spatial_shift,0.1,0.1,11,16,0.4125,0.7625,False,True,,1.85,error_only,
spatial_shift_js_0.1,spatial_shift,0.1,0.1,11,17,0.7875,0.6875,True,True,1.2000000000000002,3.1,both_success,1.9
spatial_shift_js_0.1,spatial_shift,0.1,0.1,11,18,0.7875,0.8125,True,True,1.35,5.95,both_success,4.6
spatial_shift_js_0.1,spatial_shift,0.1,0.1,11,19,0.6125,0.7125,True,True,1.1500000000000001,1.25,both_success,0.09999999999999987
spatial_shift_js_0.1,spatial_shift,0.1,0.1,11,20,0.6625,0.9625,True,True,5.3500000000000005,5.3500000000000005,both_success,0.0
spatial_shift_js_0.1,spatial_shift,0.1,0.1,11,21,0.8875,0.5375,False,False,,,both_timeout,
spatial_shift_js_0.1,spatial_shift,0.1,0.1,11,22,0.6625,0.7125,True,True,1.1500000000000001,1.25,both_success,0.09999999999999987
spatial_shift_js_0.1,spatial_shift,0.1,0.1,11,23,0.6375,0.6875,True,True,1.1,1.2000000000000002,both_success,0.10000000000000009
spatial_shift_js_0.1,spatial_shift,0.1,0.1,11,24,0.6125,0.6375,True,True,1.05,1.1,both_success,0.050000000000000044
spatial_shift_js_0.1,spatial_shift,0.1,0.1,11,25,0.8625,0.7125,True,True,3.0500000000000003,3.2,both_success,0.1499999999999999
spatial_shift_js_0.1,spatial_shift,0.1,0.1,11,26,0.8375,0.5625,False,False,,,both_timeout,
spatial_shift_js_0.1,spatial_shift,0.1,0.1,11,27,0.6875,0.8125,True,True,1.4000000000000001,1.4000000000000001,both_success,0.0
spatial_shift_js_0.1,spatial_shift,0.1,0.1,11,28,0.8625,0.8375,True,True,3.35,3.5,both_success,0.1499999999999999
spatial_shift_js_0.1,spatial_shift,0.1,0.1,11,29,0.6875,0.4625,False,False,,,both_timeout,
spatial_shift_js_0.1,spatial_shift,0.1,0.1,11,30,0.9875,0.6625,True,True,3.3000000000000003,3.35,both_success,0.04999999999999982
spatial_shift_js_0.1,spatial_shift,0.1,0.1,11,31,0.8375,0.5875,False,True,,3.2,error_only,
spatial_shift_js_0.1,spatial_shift,0.1,0.1,11,32,0.7875,0.3375,False,False,,,both_timeout,
spatial_shift_js_0.1,spatial_shift,0.1,0.1,11,33,0.7875,0.8625,True,True,1.5,5.75,both_success,4.25
spatial_shift_js_0.1,spatial_shift,0.1,0.1,11,34,0.7125,0.6625,True,True,1.1,1.2000000000000002,both_success,0.10000000000000009
spatial_shift_js_0.1,spatial_shift,0.1,0.1,11,35,0.7625,0.4875,False,False,,,both_timeout,
spatial_shift_js_0.1,spatial_shift,0.1,0.1,11,36,0.5375,0.7625,True,True,2.2,1.4000000000000001,both_success,-0.8
spatial_shift_js_0.1,spatial_shift,0.1,0.1,11,37,0.8625,0.5375,False,False,,,both_timeout,
spatial_shift_js_0.1,spatial_shift,0.1,0.1,11,38,0.8625,0.8625,True,True,6.0,6.0,both_success,0.0
spatial_shift_js_0.1,spatial_shift,0.1,0.1,11,39,0.6875,0.5625,True,True,1.0,1.05,both_success,0.050000000000000044
spatial_shift_js_0.1,spatial_shift,0.1,0.1,11,40,0.6375,0.1375,False,False,,,both_timeout,
spatial_shift_js_0.1,spatial_shift,0.1,0.1,11,41,0.8375,0.5375,False,False,,,both_timeout,
spatial_shift_js_0.1,spatial_shift,0.1,0.1,11,42,0.4875,0.6375,True,True,1.2000000000000002,1.3,both_success,0.09999999999999987
spatial_shift_js_0.1,spatial_shift,0.1,0.1,11,43,0.2375,0.6875,False,True,,2.35,error_only,
spatial_shift_js_0.1,spatial_shift,0.1,0.1,11,44,0.9375,0.8625,True,True,3.45,3.5500000000000003,both_success,0.10000000000000009
spatial_shift_js_0.1,spatial_shift,0.1,0.1,11,45,0.7375,0.7625,True,True,1.25,3.1500000000000004,both_success,1.9000000000000004
spatial_shift_js_0.1,spatial_shift,0.1,0.1,11,46,0.9625,0.6125,False,False,,,both_timeout,
spatial_shift_js_0.1,spatial_shift,0.1,0.1,11,47,0.8875,0.0625,False,False,,,both_timeout,
spatial_shift_js_0.1,spatial_shift,0.1,0.1,11,48,0.6625,0.5125,True,False,1.0,,oracle_only,
spatial_shift_js_0.1,spatial_shift,0.1,0.1,11,49,0.7625,0.9875,True,True,5.15,5.15,both_success,0.0
spatial_shift_js_0.1,spatial_shift,0.1,0.1,11,50,0.8875,0.6625,True,True,3.1,3.1500000000000004,both_success,0.050000000000000266
spatial_shift_js_0.1,spatial_shift,0.1,0.1,11,51,0.6875,0.7625,True,True,1.25,1.35,both_success,0.10000000000000009
spatial_shift_js_0.1,spatial_shift,0.1,0.1,11,52,0.3125,0.2375,True,True,0.15000000000000002,0.15000000000000002,both_success,0.0
spatial_shift_js_0.1,spatial_shift,0.1,0.1,11,53,0.8125,0.1375,False,False,,,both_timeout,
spatial_shift_js_0.1,spatial_shift,0.1,0.1,11,54,0.6625,0.8375,True,True,1.9000000000000001,1.4500000000000002,both_success,-0.44999999999999996
spatial_shift_js_0.1,spatial_shift,0.1,0.1,11,55,0.8375,0.7125,True,True,3.0500000000000003,3.2,both_success,0.1499999999999999
spatial_shift_js_0.1,spatial_shift,0.1,0.1,11,56,0.7125,0.6125,True,True,1.05,1.1,both_success,0.050000000000000044
spatial_shift_js_0.1,spatial_shift,0.1,0.1,11,57,0.7625,0.6125,True,True,1.3,3.0500000000000003,both_success,1.7500000000000002
spatial_shift_js_0.1,spatial_shift,0.1,0.1,11,58,0.6625,0.3625,False,False,,,both_timeout,
spatial_shift_js_0.1,spatial_shift,0.1,0.1,11,59,0.8375,0.5125,False,False,,,both_timeout,
spatial_shift_js_0.1,spatial_shift,0.1,0.1,11,60,0.1875,0.1125,True,True,0.0,0.0,both_success,0.0
spatial_shift_js_0.1,spatial_shift,0.1,0.1,11,61,0.5875,0.8375,False,True,,1.5,error_only,
spatial_shift_js_0.1,spatial_shift,0.1,0.1,11,62,0.9625,0.6625,True,True,3.25,3.3000000000000003,both_success,0.050000000000000266
spatial_shift_js_0.1,spatial_shift,0.1,0.1,11,63,0.6625,0.4625,True,False,2.45,,oracle_only,
spatial_shift_js_0.15,spatial_shift,0.15,0.1,7,0,0.6875,0.7375,True,False,1.2000000000000002,,oracle_only,
spatial_shift_js_0.15,spatial_shift,0.15,0.1,7,1,0.8125,0.8625,True,True,1.5,5.800000000000001,both_success,4.300000000000001
spatial_shift_js_0.15,spatial_shift,0.15,0.1,7,2,0.8625,0.7875,True,True,3.2,3.45,both_success,0.25
spatial_shift_js_0.15,spatial_shift,0.15,0.1,7,3,0.7625,0.5625,False,True,,3.1,error_only,
spatial_shift_js_0.15,spatial_shift,0.15,0.1,7,4,0.6375,0.6125,True,True,1.05,1.1,both_success,0.050000000000000044
spatial_shift_js_0.15,spatial_shift,0.15,0.1,7,5,0.0375,0.8625,False,False,,,both_timeout,
spatial_shift_js_0.15,spatial_shift,0.15,0.1,7,6,0.8875,0.0125,False,False,,,both_timeout,
spatial_shift_js_0.15,spatial_shift,0.15,0.1,7,7,0.8375,0.8125,True,True,3.2,3.5,both_success,0.2999999999999998
spatial_shift_js_0.15,spatial_shift,0.15,0.1,7,8,0.6375,0.8125,True,True,1.9500000000000002,1.4500000000000002,both_success,-0.5
spatial_shift_js_0.15,spatial_shift,0.15,0.1,7,9,0.0625,0.6875,False,False,,,both_timeout,
spatial_shift_js_0.15,spatial_shift,0.15,0.1,7,10,0.6625,0.6125,True,True,1.05,1.1,both_success,0.050000000000000044
spatial_shift_js_0.15,spatial_shift,0.15,0.1,7,11,0.8625,0.5875,False,True,,3.2,error_only,
spatial_shift_js_0.15,spatial_shift,0.15,0.1,7,12,0.6625,0.5875,True,True,1.0,1.1,both_success,0.10000000000000009
spatial_shift_js_0.15,spatial_shift,0.15,0.1,7,13,0.7875,0.6625,True,True,1.35,3.25,both_success,1.9
spatial_shift_js_0.15,spatial_shift,0.15,0.1,7,14,0.7625,0.6875,True,True,1.1500000000000001,3.25,both_success,2.0999999999999996
spatial_shift_js_0.15,spatial_shift,0.15,0.1,7,15,0.6625,0.7125,True,True,1.1500000000000001,1.3,both_success,0.1499999999999999
spatial_shift_js_0.15,spatial_shift,0.15,0.1,7,16,0.7375,0.9875,True,True,5.2,5.2,both_success,0.0
spatial_shift_js_0.15,spatial_shift,0.15,0.1,7,17,0.6125,0.8125,True,True,2.0500000000000003,1.4500000000000002,both_success,-0.6000000000000001
spatial_shift_js_0.15,spatial_shift,0.15,0.1,7,18,0.6625,0.7375,True,True,1.2000000000000002,1.35,both_success,0.1499999999999999
spatial_shift_js_0.15,spatial_shift,0.15,0.1,7,19,0.0375,0.9875,False,False,,,both_timeout,
spatial_shift_js_0.15,spatial_shift,0.15,0.1,7,20,0.6625,0.5625,True,True,1.0,1.05,both_success,0.050000000000000044
spatial_shift_js_0.15,spatial_shift,0.15,0.1,7,21,0.6625,0.5125,True,True,1.0,2.95,both_success,1.9500000000000002
spatial_shift_js_0.15,spatial_shift,0.15,0.1,7,22,0.5875,0.7375,True,True,1.3,1.35,both_success,0.050000000000000044
spatial_shift_js_0.15,spatial_shift,0.15,0.1,7,23,0.5125,0.1875,False,False,,,both_timeout,
spatial_shift_js_0.15,spatial_shift,0.15,0.1,7,24,0.0875,0.1625,False,False,,,both_timeout,
spatial_shift_js_0.15,spatial_shift,0.15,0.1,7,25,0.8125,0.6875,True,True,1.5,3.3000000000000003,both_success,1.8000000000000003
spatial_shift_js_0.15,spatial_shift,0.15,0.1,7,26,0.9625,0.6625,True,True,3.25,3.35,both_success,0.10000000000000009
spatial_shift_js_0.15,spatial_shift,0.15,0.1,7,27,0.6625,0.8875,True,True,5.550000000000001,5.550000000000001,both_success,0.0
spatial_shift_js_0.15,spatial_shift,0.15,0.1,7,28,0.7125,0.7375,True,True,1.2000000000000002,6.0,both_success,4.8
spatial_shift_js_0.15,spatial_shift,0.15,0.1,7,29,0.8125,0.6875,True,True,1.5,3.3000000000000003,both_success,1.8000000000000003
spatial_shift_js_0.15,spatial_shift,0.15,0.1,7,30,0.7125,0.6875,True,True,1.1500000000000001,3.2,both_success,2.05
spatial_shift_js_0.15,spatial_shift,0.15,0.1,7,31,0.5875,0.5875,True,True,1.05,1.1500000000000001,both_success,0.10000000000000009
spatial_shift_js_0.15,spatial_shift,0.15,0.1,7,32,0.0125,0.0625,False,False,,,both_timeout,
spatial_shift_js_0.15,spatial_shift,0.15,0.1,7,33,0.7375,0.5375,False,True,,3.0500000000000003,error_only,
spatial_shift_js_0.15,spatial_shift,0.15,0.1,7,34,0.7125,0.7625,True,True,1.25,5.95,both_success,4.7
spatial_shift_js_0.15,spatial_shift,0.15,0.1,7,35,0.8375,0.5375,False,True,,3.25,error_only,
spatial_shift_js_0.15,spatial_shift,0.15,0.1,7,36,0.7125,0.6375,True,True,1.05,3.1500000000000004,both_success,2.1000000000000005
spatial_shift_js_0.15,spatial_shift,0.15,0.1,7,37,0.6375,0.0125,False,False,,,both_timeout,
spatial_shift_js_0.15,spatial_shift,0.15,0.1,7,38,0.9375,0.8125,True,True,3.35,3.5,both_success,0.1499999999999999
spatial_shift_js_0.15,spatial_shift,0.15,0.1,7,39,0.9125,0.4875,False,False,,,both_timeout,
spatial_shift_js_0.15,spatial_shift,0.15,0.1,7,40,0.7625,0.5875,True,True,1.35,3.1500000000000004,both_success,1.8000000000000003
spatial_shift_js_0.15,spatial_shift,0.15,0.1,7,41,0.5875,0.8625,False,True,,1.55,error_only,
spatial_shift_js_0.15,spatial_shift,0.15,0.1,7,42,0.7875,0.6875,True,True,1.2000000000000002,3.25,both_success,2.05
spatial_shift_js_0.15,spatial_shift,0.15,0.1,7,43,0.6875,0.8375,True,True,1.8,5.7,both_success,3.9000000000000004
spatial_shift_js_0.15,spatial_shift,0.15,0.1,7,44,0.7625,0.7375,True,True,1.25,3.35,both_success,2.1
spatial_shift_js_0.15,spatial_shift,0.15,0.1,7,45,0.6375,0.7875,True,True,1.4500000000000002,1.4000000000000001,both_success,-0.050000000000000044
spatial_shift_js_0.15,spatial_shift,0.15,0.1,7,46,0.8625,0.3625,False,False,,,both_timeout,
spatial_shift_js_0.15,spatial_shift,0.15,0.1,7,47,0.5375,0.7125,True,True,2.2,1.3,both_success,-0.9000000000000001
spatial_shift_js_0.15,spatial_shift,0.15,0.1,7,48,0.7625,0.6875,True,True,1.1500000000000001,3.25,both_success,2.0999999999999996
spatial_shift_js_0.15,spatial_shift,0.15,0.1,7,49,0.9375,0.8375,True,True,3.4000000000000004,3.5500000000000003,both_success,0.1499999999999999
spatial_shift_js_0.15,spatial_shift,0.15,0.1,7,50,0.6875,0.6375,True,True,1.05,1.1500000000000001,both_success,0.10000000000000009
spatial_shift_js_0.15,spatial_shift,0.15,0.1,7,51,0.9375,0.7125,True,True,3.1500000000000004,3.35,both_success,0.19999999999999973
spatial_shift_js_0.15,spatial_shift,0.15,0.1,7,52,0.0875,0.2625,False,False,,,both_timeout,
spatial_shift_js_0.15,spatial_shift,0.15,0.1,7,53,0.8375,0.6375,True,True,1.6,3.25,both_success,1.65
spatial_shift_js_0.15,spatial_shift,0.15,0.1,7,54,0.7875,0.6125,True,True,1.4000000000000001,3.2,both_success,1.8
spatial_shift_js_0.15,spatial_shift,0.15,0.1,7,55,0.8125,0.4875,False,False,,,both_timeout,
spatial_shift_js_0.15,spatial_shift,0.15,0.1,7,56,0.7875,0.8125,True,True,1.35,5.95,both_success,4.6
spatial_shift_js_0.15,spatial_shift,0.15,0.1,7,57,0.7875,0.6375,True,True,1.4000000000000001,3.2,both_success,1.8
spatial_shift_js_0.15,spatial_shift,0.15,0.1,7,58,0.5625,0.9625,False,False,,,both_timeout,
spatial_shift_js_0.15,spatial_shift,0.15,0.1,7,59,0.8625,0.7125,True,True,3.0500000000000003,3.35,both_success,0.2999999999999998
spatial_shift_js_0.15,spatial_shift,0.15,0.1,7,60,0.4125,0.7375,False,True,,1.6,error_only,
spatial_shift_js_0.15,spatial_shift,0.15,0.1,7,61,0.7625,0.7375,True,True,1.25,3.35,both_success,2.1
spatial_shift_js_0.15,spatial_shift,0.15,0.1,7,62,0.5875,0.7625,True,True,2.0500000000000003,1.35,both_success,-0.7000000000000002
spatial_shift_js_0.15,spatial_shift,0.15,0.1,7,63,0.8125,0.4875,False,False,,,both_timeout,
spatial_shift_js_0.15,spatial_shift,0.15,0.1,11,0,0.6875,0.4625,False,False,,,both_timeout,
spatial_shift_js_0.15,spatial_shift,0.15,0.1,11,1,0.7375,0.6875,True,True,1.1500000000000001,3.25,both_success,2.0999999999999996
spatial_shift_js_0.15,spatial_shift,0.15,0.1,11,2,0.9875,0.7125,True,True,3.2,3.4000000000000004,both_success,0.20000000000000018
spatial_shift_js_0.15,spatial_shift,0.15,0.1,11,3,0.9125,0.1125,False,False,,,both_timeout,
spatial_shift_js_0.15,spatial_shift,0.15,0.1,11,4,0.7625,0.4875,False,False,,,both_timeout,
spatial_shift_js_0.15,spatial_shift,0.15,0.1,11,5,0.8125,0.8875,True,True,5.6000000000000005,5.6000000000000005,both_success,0.0
spatial_shift_js_0.15,spatial_shift,0.15,0.1,11,6,0.8875,0.2875,False,False,,,both_timeout,
spatial_shift_js_0.15,spatial_shift,0.15,0.1,11,7,0.7125,0.4625,False,False,,,both_timeout,
spatial_shift_js_0.15,spatial_shift,0.15,0.1,11,8,0.7625,0.9125,True,True,5.45,5.45,both_success,0.0
spatial_shift_js_0.15,spatial_shift,0.15,0.1,11,9,0.6625,0.7375,True,True,1.2000000000000002,1.35,both_success,0.1499999999999999
spatial_shift_js_0.15,spatial_shift,0.15,0.1,11,10,0.7125,0.6375,True,True,1.05,3.1500000000000004,both_success,2.1000000000000005
spatial_shift_js_0.15,spatial_shift,0.15,0.1,11,11,0.7875,0.6875,True,True,1.2000000000000002,3.25,both_success,2.05
spatial_shift_js_0.15,spatial_shift,0.15,0.1,11,12,0.9125,0.7375,True,True,3.1500000000000004,3.4000000000000004,both_success,0.25
spatial_shift_js_0.15,spatial_shift,0.15,0.1,11,13,0.8125,0.5875,False,True,,3.1500000000000004,error_only,
spatial_shift_js_0.15,spatial_shift,0.15,0.1,11,14,0.9875,0.4625,False,False,,,both_timeout,
spatial_shift_js_0.15,spatial_shift,0.15,0.1,11,15,0.5125,0.8125,False,True,,1.5,error_only,
spatial_shift_js_0.15,spatial_shift,0.15,0.1,11,16,0.4125,0.7625,False,True,,1.6,error_only,
spatial_shift_js_0.15,spatial_shift,0.15,0.1,11,17,0.7875,0.6875,True,True,1.2000000000000002,3.25,both_success,2.05
spatial_shift_js_0.15,spatial_shift,0.15,0.1,11,18,0.7875,0.8125,True,True,1.35,5.95,both_success,4.6
spatial_shift_js_0.15,spatial_shift,0.15,0.1,11,19,0.6125,0.7125,True,True,1.1500000000000001,1.3,both_success,0.1499999999999999
spatial_shift_js_0.15,spatial_shift,0.15,0.1,11,20,0.6625,0.9625,True,True,5.3500000000000005,5.3500000000000005,both_success,0.0
spatial_shift_js_0.15,spatial_shift,0.15,0.1,11,21,0.8875,0.5375,False,False,,,both_timeout,
spatial_shift_js_0.15,spatial_shift,0.15,0.1,11,22,0.6625,0.7125,True,True,1.1500000000000001,1.3,both_success,0.1499999999999999
spatial_shift_js_0.15,spatial_shift,0.15,0.1,11,23,0.6375,0.6875,True,True,1.1,1.25,both_success,0.1499999999999999
spatial_shift_js_0.15,spatial_shift,0.15,0.1,11,24,0.6125,0.6375,True,True,1.05,1.1500000000000001,both_success,0.10000000000000009
spatial_shift_js_0.15,spatial_shift,0.15,0.1,11,25,0.8625,0.7125,True,True,3.0500000000000003,3.35,both_success,0.2999999999999998
spatial_shift_js_0.15,spatial_shift,0.15,0.1,11,26,0.8375,0.5625,False,True,,3.2,error_only,
spatial_shift_js_0.15,spatial_shift,0.15,0.1,11,27,0.6875,0.8125,True,True,1.4000000000000001,5.75,both_success,4.35
spatial_shift_js_0.15,spatial_shift,0.15,0.1,11,28,0.8625,0.8375,True,True,3.35,3.5500000000000003,both_success,0.20000000000000018
spatial_shift_js_0.15,spatial_shift,0.15,0.1,11,29,0.6875,0.4625,False,False,,,both_timeout,
spatial_shift_js_0.15,spatial_shift,0.15,0.1,11,30,0.9875,0.6625,True,True,3.3000000000000003,3.4000000000000004,both_success,0.10000000000000009
spatial_shift_js_0.15,spatial_shift,0.15,0.1,11,31,0.8375,0.5875,False,True,,3.2,error_only,
spatial_shift_js_0.15,spatial_shift,0.15,0.1,11,32,0.7875,0.3375,False,False,,,both_timeout,
spatial_shift_js_0.15,spatial_shift,0.15,0.1,11,33,0.7875,0.8625,True,True,1.5,5.75,both_success,4.25
spatial_shift_js_0.15,spatial_shift,0.15,0.1,11,34,0.7125,0.6625,True,True,1.1,3.2,both_success,2.1
spatial_shift_js_0.15,spatial_shift,0.15,0.1,11,35,0.7625,0.4875,False,False,,,both_timeout,
spatial_shift_js_0.15,spatial_shift,0.15,0.1,11,36,0.5375,0.7625,True,True,2.2,1.4000000000000001,both_success,-0.8
spatial_shift_js_0.15,spatial_shift,0.15,0.1,11,37,0.8625,0.5375,False,False,,,both_timeout,
spatial_shift_js_0.15,spatial_shift,0.15,0.1,11,38,0.8625,0.8625,True,True,6.0,6.0,both_success,0.0
spatial_shift_js_0.15,spatial_shift,0.15,0.1,11,39,0.6875,0.5625,True,True,1.0,1.05,both_success,0.050000000000000044
spatial_shift_js_0.15,spatial_shift,0.15,0.1,11,40,0.6375,0.1375,False,False,,,both_timeout,
spatial_shift_js_0.15,spatial_shift,0.15,0.1,11,41,0.8375,0.5375,False,True,,3.25,error_only,
spatial_shift_js_0.15,spatial_shift,0.15,0.1,11,42,0.4875,0.6375,True,True,1.2000000000000002,1.4000000000000001,both_success,0.19999999999999996
spatial_shift_js_0.15,spatial_shift,0.15,0.1,11,43,0.2375,0.6875,False,True,,2.3000000000000003,error_only,
spatial_shift_js_0.15,spatial_shift,0.15,0.1,11,44,0.9375,0.8625,True,True,3.45,3.6,both_success,0.1499999999999999
spatial_shift_js_0.15,spatial_shift,0.15,0.1,11,45,0.7375,0.7625,True,True,1.25,5.95,both_success,4.7
spatial_shift_js_0.15,spatial_shift,0.15,0.1,11,46,0.9625,0.6125,False,True,,3.45,error_only,
spatial_shift_js_0.15,spatial_shift,0.15,0.1,11,47,0.8875,0.0625,False,False,,,both_timeout,
spatial_shift_js_0.15,spatial_shift,0.15,0.1,11,48,0.6625,0.5125,True,True,1.0,2.95,both_success,1.9500000000000002
spatial_shift_js_0.15,spatial_shift,0.15,0.1,11,49,0.7625,0.9875,True,True,5.15,5.15,both_success,0.0
spatial_shift_js_0.15,spatial_shift,0.15,0.1,11,50,0.8875,0.6625,True,True,3.1,3.3000000000000003,both_success,0.20000000000000018
spatial_shift_js_0.15,spatial_shift,0.15,0.1,11,51,0.6875,0.7625,True,False,1.25,,oracle_only,
spatial_shift_js_0.15,spatial_shift,0.15,0.1,11,52,0.3125,0.2375,True,True,0.15000000000000002,0.15000000000000002,both_success,0.0
spatial_shift_js_0.15,spatial_shift,0.15,0.1,11,53,0.8125,0.1375,False,False,,,both_timeout,
spatial_shift_js_0.15,spatial_shift,0.15,0.1,11,54,0.6625,0.8375,True,True,1.9000000000000001,5.7,both_success,3.8
spatial_shift_js_0.15,spatial_shift,0.15,0.1,11,55,0.8375,0.7125,True,True,3.0500000000000003,3.35,both_success,0.2999999999999998
spatial_shift_js_0.15,spatial_shift,0.15,0.1,11,56,0.7125,0.6125,True,True,1.05,3.1,both_success,2.05
spatial_shift_js_0.15,spatial_shift,0.15,0.1,11,57,0.7625,0.6125,True,True,1.3,3.1500000000000004,both_success,1.8500000000000003
spatial_shift_js_0.15,spatial_shift,0.15,0.1,11,58,0.6625,0.3625,False,False,,,both_timeout,
spatial_shift_js_0.15,spatial_shift,0.15,0.1,11,59,0.8375,0.5125,False,False,,,both_timeout,
spatial_shift_js_0.15,spatial_shift,0.15,0.1,11,60,0.1875,0.1125,True,True,0.0,0.0,both_success,0.0
spatial_shift_js_0.15,spatial_shift,0.15,0.1,11,61,0.5875,0.8375,False,True,,1.5,error_only,
spatial_shift_js_0.15,spatial_shift,0.15,0.1,11,62,0.9625,0.6625,True,True,3.25,3.35,both_success,0.10000000000000009
spatial_shift_js_0.15,spatial_shift,0.15,0.1,11,63,0.6625,0.4625,True,False,2.45,,oracle_only,
diffuse_blur_js_0.05,diffuse_blur,0.05,0.1,7,0,0.6875,0.7375,True,True,1.2000000000000002,1.75,both_success,0.5499999999999998
diffuse_blur_js_0.05,diffuse_blur,0.05,0.1,7,1,0.8125,0.8625,True,True,1.5,3.3000000000000003,both_success,1.8000000000000003
diffuse_blur_js_0.05,diffuse_blur,0.05,0.1,7,2,0.8625,0.7875,True,True,3.2,3.1500000000000004,both_success,-0.04999999999999982
diffuse_blur_js_0.05,diffuse_blur,0.05,0.1,7,3,0.7625,0.5625,False,True,,1.25,error_only,
diffuse_blur_js_0.05,diffuse_blur,0.05,0.1,7,4,0.6375,0.6125,True,True,1.05,1.05,both_success,0.0
diffuse_blur_js_0.05,diffuse_blur,0.05,0.1,7,5,0.0375,0.8625,False,False,,,both_timeout,
diffuse_blur_js_0.05,diffuse_blur,0.05,0.1,7,6,0.8875,0.0125,False,False,,,both_timeout,
diffuse_blur_js_0.05,diffuse_blur,0.05,0.1,7,7,0.8375,0.8125,True,True,3.2,3.2,both_success,0.0
diffuse_blur_js_0.05,diffuse_blur,0.05,0.1,7,8,0.6375,0.8125,True,True,1.9500000000000002,2.0,both_success,0.04999999999999982
diffuse_blur_js_0.05,diffuse_blur,0.05,0.1,7,9,0.0625,0.6875,False,False,,,both_timeout,
diffuse_blur_js_0.05,diffuse_blur,0.05,0.1,7,10,0.6625,0.6125,True,True,1.05,1.0,both_success,-0.050000000000000044
diffuse_blur_js_0.05,diffuse_blur,0.05,0.1,7,11,0.8625,0.5875,False,False,,,both_timeout,
diffuse_blur_js_0.05,diffuse_blur,0.05,0.1,7,12,0.6625,0.5875,True,True,1.0,1.0,both_success,0.0
diffuse_blur_js_0.05,diffuse_blur,0.05,0.1,7,13,0.7875,0.6625,True,True,1.35,1.35,both_success,0.0
diffuse_blur_js_0.05,diffuse_blur,0.05,0.1,7,14,0.7625,0.6875,True,True,1.1500000000000001,1.4500000000000002,both_success,0.30000000000000004
diffuse_blur_js_0.05,diffuse_blur,0.05,0.1,7,15,0.6625,0.7125,True,True,1.1500000000000001,1.7000000000000002,both_success,0.55
diffuse_blur_js_0.05,diffuse_blur,0.05,0.1,7,16,0.7375,0.9875,True,True,5.2,5.2,both_success,0.0
diffuse_blur_js_0.05,diffuse_blur,0.05,0.1,7,17,0.6125,0.8125,True,True,2.0500000000000003,2.75,both_success,0.6999999999999997
diffuse_blur_js_0.05,diffuse_blur,0.05,0.1,7,18,0.6625,0.7375,True,True,1.2000000000000002,1.8,both_success,0.5999999999999999
diffuse_blur_js_0.05,diffuse_blur,0.05,0.1,7,19,0.0375,0.9875,False,False,,,both_timeout,
diffuse_blur_js_0.05,diffuse_blur,0.05,0.1,7,20,0.6625,0.5625,True,True,1.0,1.0,both_success,0.0
diffuse_blur_js_0.05,diffuse_blur,0.05,0.1,7,21,0.6625,0.5125,True,True,1.0,1.0,both_success,0.0
diffuse_blur_js_0.05,diffuse_blur,0.05,0.1,7,22,0.5875,0.7375,True,True,1.3,2.0,both_success,0.7
diffuse_blur_js_0.05,diffuse_blur,0.05,0.1,7,23,0.5125,0.1875,False,False,,,both_timeout,
diffuse_blur_js_0.05,diffuse_blur,0.05,0.1,7,24,0.0875,0.1625,False,False,,,both_timeout,
diffuse_blur_js_0.05,diffuse_blur,0.05,0.1,7,25,0.8125,0.6875,True,True,1.5,1.4500000000000002,both_success,-0.04999999999999982
diffuse_blur_js_0.05,diffuse_blur,0.05,0.1,7,26,0.9625,0.6625,True,True,3.25,3.4000000000000004,both_success,0.15000000000000036
diffuse_blur_js_0.05,diffuse_blur,0.05,0.1,7,27,0.6625,0.8875,True,True,5.550000000000001,5.550000000000001,both_success,0.0
diffuse_blur_js_0.05,diffuse_blur,0.05,0.1,7,28,0.7125,0.7375,True,True,1.2000000000000002,1.7000000000000002,both_success,0.5
diffuse_blur_js_0.05,diffuse_blur,0.05,0.1,7,29,0.8125,0.6875,True,True,1.5,1.4500000000000002,both_success,-0.04999999999999982
diffuse_blur_js_0.05,diffuse_blur,0.05,0.1,7,30,0.7125,0.6875,True,True,1.1500000000000001,1.5,both_success,0.34999999999999987
diffuse_blur_js_0.05,diffuse_blur,0.05,0.1,7,31,0.5875,0.5875,True,True,1.05,1.05,both_success,0.0
diffuse_blur_js_0.05,diffuse_blur,0.05,0.1,7,32,0.0125,0.0625,False,False,,,both_timeout,
diffuse_blur_js_0.05,diffuse_blur,0.05,0.1,7,33,0.7375,0.5375,False,True,,1.2000000000000002,error_only,
diffuse_blur_js_0.05,diffuse_blur,0.05,0.1,7,34,0.7125,0.7625,True,True,1.25,1.75,both_success,0.5
diffuse_blur_js_0.05,diffuse_blur,0.05,0.1,7,35,0.8375,0.5375,False,False,,,both_timeout,
diffuse_blur_js_0.05,diffuse_blur,0.05,0.1,7,36,0.7125,0.6375,True,True,1.05,1.1,both_success,0.050000000000000044
diffuse_blur_js_0.05,diffuse_blur,0.05,0.1,7,37,0.6375,0.0125,False,False,,,both_timeout,
diffuse_blur_js_0.05,diffuse_blur,0.05,0.1,7,38,0.9375,0.8125,True,True,3.35,3.3000000000000003,both_success,-0.04999999999999982
diffuse_blur_js_0.05,diffuse_blur,0.05,0.1,7,39,0.9125,0.4875,False,False,,,both_timeout,
diffuse_blur_js_0.05,diffuse_blur,0.05,0.1,7,40,0.7625,0.5875,True,True,1.35,1.1500000000000001,both_success,-0.19999999999999996
diffuse_blur_js_0.05,diffuse_blur,0.05,0.1,7,41,0.5875,0.8625,False,False,,,both_timeout,
diffuse_blur_js_0.05,diffuse_blur,0.05,0.1,7,42,0.7875,0.6875,True,True,1.2000000000000002,1.4500000000000002,both_success,0.25
diffuse_blur_js_0.05,diffuse_blur,0.05,0.1,7,43,0.6875,0.8375,True,True,1.8,3.0,both_success,1.2
diffuse_blur_js_0.05,diffuse_blur,0.05,0.1,7,44,0.7625,0.7375,True,True,1.25,1.6500000000000001,both_success,0.40000000000000013
diffuse_blur_js_0.05,diffuse_blur,0.05,0.1,7,45,0.6375,0.7875,True,True,1.4500000000000002,1.9500000000000002,both_success,0.5
diffuse_blur_js_0.05,diffuse_blur,0.05,0.1,7,46,0.8625,0.3625,False,False,,,both_timeout,
diffuse_blur_js_0.05,diffuse_blur,0.05,0.1,7,47,0.5375,0.7125,True,True,2.2,2.15,both_success,-0.050000000000000266
diffuse_blur_js_0.05,diffuse_blur,0.05,0.1,7,48,0.7625,0.6875,True,True,1.1500000000000001,1.4500000000000002,both_success,0.30000000000000004
diffuse_blur_js_0.05,diffuse_blur,0.05,0.1,7,49,0.9375,0.8375,True,True,3.4000000000000004,3.35,both_success,-0.050000000000000266
diffuse_blur_js_0.05,diffuse_blur,0.05,0.1,7,50,0.6875,0.6375,True,True,1.05,1.1,both_success,0.050000000000000044
diffuse_blur_js_0.05,diffuse_blur,0.05,0.1,7,51,0.9375,0.7125,True,True,3.1500000000000004,3.25,both_success,0.09999999999999964
diffuse_blur_js_0.05,diffuse_blur,0.05,0.1,7,52,0.0875,0.2625,False,False,,,both_timeout,
diffuse_blur_js_0.05,diffuse_blur,0.05,0.1,7,53,0.8375,0.6375,True,True,1.6,3.3000000000000003,both_success,1.7000000000000002
diffuse_blur_js_0.05,diffuse_blur,0.05,0.1,7,54,0.7875,0.6125,True,True,1.4000000000000001,1.2000000000000002,both_success,-0.19999999999999996
diffuse_blur_js_0.05,diffuse_blur,0.05,0.1,7,55,0.8125,0.4875,False,True,,1.55,error_only,
diffuse_blur_js_0.05,diffuse_blur,0.05,0.1,7,56,0.7875,0.8125,True,True,1.35,3.1,both_success,1.75
diffuse_blur_js_0.05,diffuse_blur,0.05,0.1,7,57,0.7875,0.6375,True,True,1.4000000000000001,1.2000000000000002,both_success,-0.19999999999999996
diffuse_blur_js_0.05,diffuse_blur,0.05,0.1,7,58,0.5625,0.9625,False,False,,,both_timeout,
diffuse_blur_js_0.05,diffuse_blur,0.05,0.1,7,59,0.8625,0.7125,True,True,3.0500000000000003,3.1,both_success,0.04999999999999982
diffuse_blur_js_0.05,diffuse_blur,0.05,0.1,7,60,0.4125,0.7375,False,True,,2.75,error_only,
diffuse_blur_js_0.05,diffuse_blur,0.05,0.1,7,61,0.7625,0.7375,True,True,1.25,1.6500000000000001,both_success,0.40000000000000013
diffuse_blur_js_0.05,diffuse_blur,0.05,0.1,7,62,0.5875,0.7625,True,True,2.0500000000000003,2.0500000000000003,both_success,0.0
diffuse_blur_js_0.05,diffuse_blur,0.05,0.1,7,63,0.8125,0.4875,False,True,,1.55,error_only,
diffuse_blur_js_0.05,diffuse_blur,0.05,0.1,11,0,0.6875,0.4625,False,True,,1.1500000000000001,error_only,
diffuse_blur_js_0.05,diffuse_blur,0.05,0.1,11,1,0.7375,0.6875,True,True,1.1500000000000001,1.4500000000000002,both_success,0.30000000000000004
diffuse_blur_js_0.05,diffuse_blur,0.05,0.1,11,2,0.9875,0.7125,True,True,3.2,3.35,both_success,0.1499999999999999
diffuse_blur_js_0.05,diffuse_blur,0.05,0.1,11,3,0.9125,0.1125,False,False,,,both_timeout,
diffuse_blur_js_0.05,diffuse_blur,0.05,0.1,11,4,0.7625,0.4875,False,True,,1.35,error_only,
diffuse_blur_js_0.05,diffuse_blur,0.05,0.1,11,5,0.8125,0.8875,True,True,5.6000000000000005,5.6000000000000005,both_success,0.0
diffuse_blur_js_0.05,diffuse_blur,0.05,0.1,11,6,0.8875,0.2875,False,False,,,both_timeout,
diffuse_blur_js_0.05,diffuse_blur,0.05,0.1,11,7,0.7125,0.4625,False,True,,1.25,error_only,
diffuse_blur_js_0.05,diffuse_blur,0.05,0.1,11,8,0.7625,0.9125,True,True,5.45,5.45,both_success,0.0
diffuse_blur_js_0.05,diffuse_blur,0.05,0.1,11,9,0.6625,0.7375,True,True,1.2000000000000002,1.8,both_success,0.5999999999999999
diffuse_blur_js_0.05,diffuse_blur,0.05,0.1,11,10,0.7125,0.6375,True,True,1.05,1.1,both_success,0.050000000000000044
diffuse_blur_js_0.05,diffuse_blur,0.05,0.1,11,11,0.7875,0.6875,True,True,1.2000000000000002,1.4500000000000002,both_success,0.25
diffuse_blur_js_0.05,diffuse_blur,0.05,0.1,11,12,0.9125,0.7375,True,True,3.1500000000000004,3.2,both_success,0.04999999999999982
diffuse_blur_js_0.05,diffuse_blur,0.05,0.1,11,13,0.8125,0.5875,False,True,,1.55,error_only,
diffuse_blur_js_0.05,diffuse_blur,0.05,0.1,11,14,0.9875,0.4625,False,False,,,both_timeout,
diffuse_blur_js_0.05,diffuse_blur,0.05,0.1,11,15,0.5125,0.8125,False,False,,,both_timeout,
diffuse_blur_js_0.05,diffuse_blur,0.05,0.1,11,16,0.4125,0.7625,False,False,,,both_timeout,
diffuse_blur_js_0.05,diffuse_blur,0.05,0.1,11,17,0.7875,0.6875,True,True,1.2000000000000002,1.4500000000000002,both_success,0.25
diffuse_blur_js_0.05,diffuse_blur,0.05,0.1,11,18,0.7875,0.8125,True,True,1.35,3.1,both_success,1.75
diffuse_blur_js_0.05,diffuse_blur,0.05,0.1,11,19,0.6125,0.7125,True,True,1.1500000000000001,1.9000000000000001,both_success,0.75
diffuse_blur_js_0.05,diffuse_blur,0.05,0.1,11,20,0.6625,0.9625,True,True,5.3500000000000005,5.3500000000000005,both_success,0.0
diffuse_blur_js_0.05,diffuse_blur,0.05,0.1,11,21,0.8875,0.5375,False,False,,,both_timeout,
diffuse_blur_js_0.05,diffuse_blur,0.05,0.1,11,22,0.6625,0.7125,True,True,1.1500000000000001,1.7000000000000002,both_success,0.55
diffuse_blur_js_0.05,diffuse_blur,0.05,0.1,11,23,0.6375,0.6875,True,True,1.1,1.75,both_success,0.6499999999999999
diffuse_blur_js_0.05,diffuse_blur,0.05,0.1,11,24,0.6125,0.6375,True,True,1.05,1.05,both_success,0.0
diffuse_blur_js_0.05,diffuse_blur,0.05,0.1,11,25,0.8625,0.7125,True,True,3.0500000000000003,3.1,both_success,0.04999999999999982
diffuse_blur_js_0.05,diffuse_blur,0.05,0.1,11,26,0.8375,0.5625,False,True,,1.7000000000000002,error_only,
diffuse_blur_js_0.05,diffuse_blur,0.05,0.1,11,27,0.6875,0.8125,True,True,1.4000000000000001,1.9000000000000001,both_success,0.5
diffuse_blur_js_0.05,diffuse_blur,0.05,0.1,11,28,0.8625,0.8375,True,True,3.35,3.3000000000000003,both_success,-0.04999999999999982
diffuse_blur_js_0.05,diffuse_blur,0.05,0.1,11,29,0.6875,0.4625,False,True,,1.1500000000000001,error_only,
diffuse_blur_js_0.05,diffuse_blur,0.05,0.1,11,30,0.9875,0.6625,True,True,3.3000000000000003,3.5,both_success,0.19999999999999973
diffuse_blur_js_0.05,diffuse_blur,0.05,0.1,11,31,0.8375,0.5875,False,True,,1.75,error_only,
diffuse_blur_js_0.05,diffuse_blur,0.05,0.1,11,32,0.7875,0.3375,False,False,,,both_timeout,
diffuse_blur_js_0.05,diffuse_blur,0.05,0.1,11,33,0.7875,0.8625,True,True,1.5,3.25,both_success,1.75
diffuse_blur_js_0.05,diffuse_blur,0.05,0.1,11,34,0.7125,0.6625,True,True,1.1,1.25,both_success,0.1499999999999999
diffuse_blur_js_0.05,diffuse_blur,0.05,0.1,11,35,0.7625,0.4875,False,True,,1.35,error_only,
diffuse_blur_js_0.05,diffuse_blur,0.05,0.1,11,36,0.5375,0.7625,True,True,2.2,2.2,both_success,0.0
diffuse_blur_js_0.05,diffuse_blur,0.05,0.1,11,37,0.8625,0.5375,False,False,,,both_timeout,
diffuse_blur_js_0.05,diffuse_blur,0.05,0.1,11,38,0.8625,0.8625,True,True,6.0,3.45,both_success,-2.55
diffuse_blur_js_0.05,diffuse_blur,0.05,0.1,11,39,0.6875,0.5625,True,True,1.0,1.0,both_success,0.0
diffuse_blur_js_0.05,diffuse_blur,0.05,0.1,11,40,0.6375,0.1375,False,False,,,both_timeout,
diffuse_blur_js_0.05,diffuse_blur,0.05,0.1,11,41,0.8375,0.5375,False,False,,,both_timeout,
diffuse_blur_js_0.05,diffuse_blur,0.05,0.1,11,42,0.4875,0.6375,True,True,1.2000000000000002,2.25,both_success,1.0499999999999998
diffuse_blur_js_0.05,diffuse_blur,0.05,0.1,11,43,0.2375,0.6875,False,False,,,both_timeout,
diffuse_blur_js_0.05,diffuse_blur,0.05,0.1,11,44,0.9375,0.8625,True,True,3.45,3.5,both_success,0.04999999999999982
diffuse_blur_js_0.05,diffuse_blur,0.05,0.1,11,45,0.7375,0.7625,True,True,1.25,1.7000000000000002,both_success,0.4500000000000002
diffuse_blur_js_0.05,diffuse_blur,0.05,0.1,11,46,0.9625,0.6125,False,False,,,both_timeout,
diffuse_blur_js_0.05,diffuse_blur,0.05,0.1,11,47,0.8875,0.0625,False,False,,,both_timeout,
diffuse_blur_js_0.05,diffuse_blur,0.05,0.1,11,48,0.6625,0.5125,True,True,1.0,1.0,both_success,0.0
diffuse_blur_js_0.05,diffuse_blur,0.05,0.1,11,49,0.7625,0.9875,True,True,5.15,5.15,both_success,0.0
diffuse_blur_js_0.05,diffuse_blur,0.05,0.1,11,50,0.8875,0.6625,True,True,3.1,3.3000000000000003,both_success,0.20000000000000018
diffuse_blur_js_0.05,diffuse_blur,0.05,0.1,11,51,0.6875,0.7625,True,True,1.25,1.8,both_success,0.55
diffuse_blur_js_0.05,diffuse_blur,0.05,0.1,11,52,0.3125,0.2375,True,True,0.15000000000000002,0.15000000000000002,both_success,0.0
diffuse_blur_js_0.05,diffuse_blur,0.05,0.1,11,53,0.8125,0.1375,False,False,,,both_timeout,
diffuse_blur_js_0.05,diffuse_blur,0.05,0.1,11,54,0.6625,0.8375,True,True,1.9000000000000001,2.95,both_success,1.05
diffuse_blur_js_0.05,diffuse_blur,0.05,0.1,11,55,0.8375,0.7125,True,True,3.0500000000000003,3.0500000000000003,both_success,0.0
diffuse_blur_js_0.05,diffuse_blur,0.05,0.1,11,56,0.7125,0.6125,True,True,1.05,1.05,both_success,0.0
diffuse_blur_js_0.05,diffuse_blur,0.05,0.1,11,57,0.7625,0.6125,True,True,1.3,1.1,both_success,-0.19999999999999996
diffuse_blur_js_0.05,diffuse_blur,0.05,0.1,11,58,0.6625,0.3625,False,False,,,both_timeout,
diffuse_blur_js_0.05,diffuse_blur,0.05,0.1,11,59,0.8375,0.5125,False,False,,,both_timeout,
diffuse_blur_js_0.05,diffuse_blur,0.05,0.1,11,60,0.1875,0.1125,True,True,0.0,0.0,both_success,0.0
diffuse_blur_js_0.05,diffuse_blur,0.05,0.1,11,61,0.5875,0.8375,False,False,,,both_timeout,
diffuse_blur_js_0.05,diffuse_blur,0.05,0.1,11,62,0.9625,0.6625,True,True,3.25,3.4000000000000004,both_success,0.15000000000000036
diffuse_blur_js_0.05,diffuse_blur,0.05,0.1,11,63,0.6625,0.4625,True,True,2.45,1.1,both_success,-1.35
diffuse_blur_js_0.1,diffuse_blur,0.1,0.1,7,0,0.6875,0.7375,True,True,1.2000000000000002,2.9000000000000004,both_success,1.7000000000000002
diffuse_blur_js_0.1,diffuse_blur,0.1,0.1,7,1,0.8125,0.8625,True,True,1.5,5.800000000000001,both_success,4.300000000000001
diffuse_blur_js_0.1,diffuse_blur,0.1,0.1,7,2,0.8625,0.7875,True,True,3.2,3.2,both_success,0.0
diffuse_blur_js_0.1,diffuse_blur,0.1,0.1,7,3,0.7625,0.5625,False,True,,1.1500000000000001,error_only,
diffuse_blur_js_0.1,diffuse_blur,0.1,0.1,7,4,0.6375,0.6125,True,True,1.05,1.75,both_success,0.7
diffuse_blur_js_0.1,diffuse_blur,0.1,0.1,7,5,0.0375,0.8625,False,False,,,both_timeout,
diffuse_blur_js_0.1,diffuse_blur,0.1,0.1,7,6,0.8875,0.0125,False,False,,,both_timeout,
diffuse_blur_js_0.1,diffuse_blur,0.1,0.1,7,7,0.8375,0.8125,True,True,3.2,3.25,both_success,0.04999999999999982
diffuse_blur_js_0.1,diffuse_blur,0.1,0.1,7,8,0.6375,0.8125,True,True,1.9500000000000002,2.9000000000000004,both_success,0.9500000000000002
diffuse_blur_js_0.1,diffuse_blur,0.1,0.1,7,9,0.0625,0.6875,False,False,,,both_timeout,
diffuse_blur_js_0.1,diffuse_blur,0.1,0.1,7,10,0.6625,0.6125,True,True,1.05,1.7000000000000002,both_success,0.6500000000000001
diffuse_blur_js_0.1,diffuse_blur,0.1,0.1,7,11,0.8625,0.5875,False,False,,,both_timeout,
diffuse_blur_js_0.1,diffuse_blur,0.1,0.1,7,12,0.6625,0.5875,True,True,1.0,1.05,both_success,0.050000000000000044
diffuse_blur_js_0.1,diffuse_blur,0.1,0.1,7,13,0.7875,0.6625,True,True,1.35,3.0500000000000003,both_success,1.7000000000000002
diffuse_blur_js_0.1,diffuse_blur,0.1,0.1,7,14,0.7625,0.6875,True,True,1.1500000000000001,2.95,both_success,1.8
diffuse_blur_js_0.1,diffuse_blur,0.1,0.1,7,15,0.6625,0.7125,True,True,1.1500000000000001,2.8000000000000003,both_success,1.6500000000000001
diffuse_blur_js_0.1,diffuse_blur,0.1,0.1,7,16,0.7375,0.9875,True,True,5.2,5.2,both_success,0.0
diffuse_blur_js_0.1,diffuse_blur,0.1,0.1,7,17,0.6125,0.8125,True,True,2.0500000000000003,2.8000000000000003,both_success,0.75
diffuse_blur_js_0.1,diffuse_blur,0.1,0.1,7,18,0.6625,0.7375,True,True,1.2000000000000002,2.85,both_success,1.65
diffuse_blur_js_0.1,diffuse_blur,0.1,0.1,7,19,0.0375,0.9875,False,False,,,both_timeout,
diffuse_blur_js_0.1,diffuse_blur,0.1,0.1,7,20,0.6625,0.5625,True,True,1.0,1.0,both_success,0.0
diffuse_blur_js_0.1,diffuse_blur,0.1,0.1,7,21,0.6625,0.5125,True,True,1.0,0.9500000000000001,both_success,-0.04999999999999993
diffuse_blur_js_0.1,diffuse_blur,0.1,0.1,7,22,0.5875,0.7375,True,True,1.3,2.6,both_success,1.3
diffuse_blur_js_0.1,diffuse_blur,0.1,0.1,7,23,0.5125,0.1875,False,False,,,both_timeout,
diffuse_blur_js_0.1,diffuse_blur,0.1,0.1,7,24,0.0875,0.1625,False,False,,,both_timeout,
diffuse_blur_js_0.1,diffuse_blur,0.1,0.1,7,25,0.8125,0.6875,True,True,1.5,3.0500000000000003,both_success,1.5500000000000003
diffuse_blur_js_0.1,diffuse_blur,0.1,0.1,7,26,0.9625,0.6625,True,True,3.25,3.35,both_success,0.10000000000000009
diffuse_blur_js_0.1,diffuse_blur,0.1,0.1,7,27,0.6625,0.8875,True,True,5.550000000000001,5.550000000000001,both_success,0.0
diffuse_blur_js_0.1,diffuse_blur,0.1,0.1,7,28,0.7125,0.7375,True,True,1.2000000000000002,2.9000000000000004,both_success,1.7000000000000002
diffuse_blur_js_0.1,diffuse_blur,0.1,0.1,7,29,0.8125,0.6875,True,True,1.5,3.0500000000000003,both_success,1.5500000000000003
diffuse_blur_js_0.1,diffuse_blur,0.1,0.1,7,30,0.7125,0.6875,True,True,1.1500000000000001,2.9000000000000004,both_success,1.7500000000000002
diffuse_blur_js_0.1,diffuse_blur,0.1,0.1,7,31,0.5875,0.5875,True,True,1.05,1.05,both_success,0.0
diffuse_blur_js_0.1,diffuse_blur,0.1,0.1,7,32,0.0125,0.0625,False,False,,,both_timeout,
diffuse_blur_js_0.1,diffuse_blur,0.1,0.1,7,33,0.7375,0.5375,False,True,,1.1,error_only,
diffuse_blur_js_0.1,diffuse_blur,0.1,0.1,7,34,0.7125,0.7625,True,True,1.25,2.95,both_success,1.7000000000000002
diffuse_blur_js_0.1,diffuse_blur,0.1,0.1,7,35,0.8375,0.5375,False,False,,,both_timeout,
diffuse_blur_js_0.1,diffuse_blur,0.1,0.1,7,36,0.7125,0.6375,True,True,1.05,1.7000000000000002,both_success,0.6500000000000001
diffuse_blur_js_0.1,diffuse_blur,0.1,0.1,7,37,0.6375,0.0125,False,False,,,both_timeout,
diffuse_blur_js_0.1,diffuse_blur,0.1,0.1,7,38,0.9375,0.8125,True,True,3.35,3.35,both_success,0.0
diffuse_blur_js_0.1,diffuse_blur,0.1,0.1,7,39,0.9125,0.4875,False,False,,,both_timeout,
diffuse_blur_js_0.1,diffuse_blur,0.1,0.1,7,40,0.7625,0.5875,True,True,1.35,1.4000000000000001,both_success,0.050000000000000044
diffuse_blur_js_0.1,diffuse_blur,0.1,0.1,7,41,0.5875,0.8625,False,False,,,both_timeout,
diffuse_blur_js_0.1,diffuse_blur,0.1,0.1,7,42,0.7875,0.6875,True,True,1.2000000000000002,2.95,both_success,1.75
diffuse_blur_js_0.1,diffuse_blur,0.1,0.1,7,43,0.6875,0.8375,True,True,1.8,3.0500000000000003,both_success,1.2500000000000002
diffuse_blur_js_0.1,diffuse_blur,0.1,0.1,7,44,0.7625,0.7375,True,True,1.25,3.0,both_success,1.75
diffuse_blur_js_0.1,diffuse_blur,0.1,0.1,7,45,0.6375,0.7875,True,True,1.4500000000000002,2.85,both_success,1.4
diffuse_blur_js_0.1,diffuse_blur,0.1,0.1,7,46,0.8625,0.3625,False,False,,,both_timeout,
diffuse_blur_js_0.1,diffuse_blur,0.1,0.1,7,47,0.5375,0.7125,True,True,2.2,2.0500000000000003,both_success,-0.1499999999999999
diffuse_blur_js_0.1,diffuse_blur,0.1,0.1,7,48,0.7625,0.6875,True,True,1.1500000000000001,2.95,both_success,1.8
diffuse_blur_js_0.1,diffuse_blur,0.1,0.1,7,49,0.9375,0.8375,True,True,3.4000000000000004,3.45,both_success,0.04999999999999982
diffuse_blur_js_0.1,diffuse_blur,0.1,0.1,7,50,0.6875,0.6375,True,True,1.05,1.75,both_success,0.7
diffuse_blur_js_0.1,diffuse_blur,0.1,0.1,7,51,0.9375,0.7125,True,True,3.1500000000000004,3.2,both_success,0.04999999999999982
diffuse_blur_js_0.1,diffuse_blur,0.1,0.1,7,52,0.0875,0.2625,False,False,,,both_timeout,
diffuse_blur_js_0.1,diffuse_blur,0.1,0.1,7,53,0.8375,0.6375,True,True,1.6,3.2,both_success,1.6
diffuse_blur_js_0.1,diffuse_blur,0.1,0.1,7,54,0.7875,0.6125,True,True,1.4000000000000001,3.2,both_success,1.8
diffuse_blur_js_0.1,diffuse_blur,0.1,0.1,7,55,0.8125,0.4875,False,False,,,both_timeout,
diffuse_blur_js_0.1,diffuse_blur,0.1,0.1,7,56,0.7875,0.8125,True,True,1.35,3.1500000000000004,both_success,1.8000000000000003
diffuse_blur_js_0.1,diffuse_blur,0.1,0.1,7,57,0.7875,0.6375,True,True,1.4000000000000001,3.1500000000000004,both_success,1.7500000000000002
diffuse_blur_js_0.1,diffuse_blur,0.1,0.1,7,58,0.5625,0.9625,False,False,,,both_timeout,
diffuse_blur_js_0.1,diffuse_blur,0.1,0.1,7,59,0.8625,0.7125,True,True,3.0500000000000003,3.1,both_success,0.04999999999999982
diffuse_blur_js_0.1,diffuse_blur,0.1,0.1,7,60,0.4125,0.7375,False,True,,2.45,error_only,
diffuse_blur_js_0.1,diffuse_blur,0.1,0.1,7,61,0.7625,0.7375,True,True,1.25,3.0,both_success,1.75
diffuse_blur_js_0.1,diffuse_blur,0.1,0.1,7,62,0.5875,0.7625,True,True,2.0500000000000003,2.6500000000000004,both_success,0.6000000000000001
diffuse_blur_js_0.1,diffuse_blur,0.1,0.1,7,63,0.8125,0.4875,False,False,,,both_timeout,
diffuse_blur_js_0.1,diffuse_blur,0.1,0.1,11,0,0.6875,0.4625,False,True,,1.1,error_only,
diffuse_blur_js_0.1,diffuse_blur,0.1,0.1,11,1,0.7375,0.6875,True,True,1.1500000000000001,2.9000000000000004,both_success,1.7500000000000002
diffuse_blur_js_0.1,diffuse_blur,0.1,0.1,11,2,0.9875,0.7125,True,True,3.2,3.3000000000000003,both_success,0.10000000000000009
diffuse_blur_js_0.1,diffuse_blur,0.1,0.1,11,3,0.9125,0.1125,False,False,,,both_timeout,
diffuse_blur_js_0.1,diffuse_blur,0.1,0.1,11,4,0.7625,0.4875,False,True,,1.35,error_only,
diffuse_blur_js_0.1,diffuse_blur,0.1,0.1,11,5,0.8125,0.8875,True,True,5.6000000000000005,5.6000000000000005,both_success,0.0
diffuse_blur_js_0.1,diffuse_blur,0.1,0.1,11,6,0.8875,0.2875,False,False,,,both_timeout,
diffuse_blur_js_0.1,diffuse_blur,0.1,0.1,11,7,0.7125,0.4625,False,True,,1.2000000000000002,error_only,
diffuse_blur_js_0.1,diffuse_blur,0.1,0.1,11,8,0.7625,0.9125,True,True,5.45,5.45,both_success,0.0
diffuse_blur_js_0.1,diffuse_blur,0.1,0.1,11,9,0.6625,0.7375,True,True,1.2000000000000002,2.85,both_success,1.65
diffuse_blur_js_0.1,diffuse_blur,0.1,0.1,11,10,0.7125,0.6375,True,True,1.05,1.7000000000000002,both_success,0.6500000000000001
diffuse_blur_js_0.1,diffuse_blur,0.1,0.1,11,11,0.7875,0.6875,True,True,1.2000000000000002,2.95,both_success,1.75
diffuse_blur_js_0.1,diffuse_blur,0.1,0.1,11,12,0.9125,0.7375,True,True,3.1500000000000004,3.1500000000000004,both_success,0.0
diffuse_blur_js_0.1,diffuse_blur,0.1,0.1,11,13,0.8125,0.5875,False,False,,,both_timeout,
diffuse_blur_js_0.1,diffuse_blur,0.1,0.1,11,14,0.9875,0.4625,False,False,,,both_timeout,
diffuse_blur_js_0.1,diffuse_blur,0.1,0.1,11,15,0.5125,0.8125,False,True,,2.75,error_only,
diffuse_blur_js_0.1,diffuse_blur,0.1,0.1,11,16,0.4125,0.7625,False,True,,2.5500000000000003,error_only,
diffuse_blur_js_0.1,diffuse_blur,0.1,0.1,11,17,0.7875,0.6875,True,True,1.2000000000000002,2.95,both_success,1.75
diffuse_blur_js_0.1,diffuse_blur,0.1,0.1,11,18,0.7875,0.8125,True,True,1.35,3.1500000000000004,both_success,1.8000000000000003
diffuse_blur_js_0.1,diffuse_blur,0.1,0.1,11,19,0.6125,0.7125,True,True,1.1500000000000001,2.7,both_success,1.55
diffuse_blur_js_0.1,diffuse_blur,0.1,0.1,11,20,0.6625,0.9625,True,True,5.3500000000000005,5.3500000000000005,both_success,0.0
diffuse_blur_js_0.1,diffuse_blur,0.1,0.1,11,21,0.8875,0.5375,False,False,,,both_timeout,
diffuse_blur_js_0.1,diffuse_blur,0.1,0.1,11,22,0.6625,0.7125,True,True,1.1500000000000001,2.8000000000000003,both_success,1.6500000000000001
diffuse_blur_js_0.1,diffuse_blur,0.1,0.1,11,23,0.6375,0.6875,True,True,1.1,1.9000000000000001,both_success,0.8
diffuse_blur_js_0.1,diffuse_blur,0.1,0.1,11,24,0.6125,0.6375,True,True,1.05,1.85,both_success,0.8
diffuse_blur_js_0.1,diffuse_blur,0.1,0.1,11,25,0.8625,0.7125,True,True,3.0500000000000003,3.1,both_success,0.04999999999999982
diffuse_blur_js_0.1,diffuse_blur,0.1,0.1,11,26,0.8375,0.5625,False,False,,,both_timeout,
diffuse_blur_js_0.1,diffuse_blur,0.1,0.1,11,27,0.6875,0.8125,True,True,1.4000000000000001,3.0,both_success,1.5999999999999999
diffuse_blur_js_0.1,diffuse_blur,0.1,0.1,11,28,0.8625,0.8375,True,True,3.35,3.35,both_success,0.0
diffuse_blur_js_0.1,diffuse_blur,0.1,0.1,11,29,0.6875,0.4625,False,True,,1.1,error_only,
diffuse_blur_js_0.1,diffuse_blur,0.1,0.1,11,30,0.9875,0.6625,True,True,3.3000000000000003,3.4000000000000004,both_success,0.10000000000000009
diffuse_blur_js_0.1,diffuse_blur,0.1,0.1,11,31,0.8375,0.5875,False,False,,,both_timeout,
diffuse_blur_js_0.1,diffuse_blur,0.1,0.1,11,32,0.7875,0.3375,False,False,,,both_timeout,
diffuse_blur_js_0.1,diffuse_blur,0.1,0.1,11,33,0.7875,0.8625,True,True,1.5,5.75,both_success,4.25
diffuse_blur_js_0.1,diffuse_blur,0.1,0.1,11,34,0.7125,0.6625,True,True,1.1,2.85,both_success,1.75
diffuse_blur_js_0.1,diffuse_blur,0.1,0.1,11,35,0.7625,0.4875,False,True,,1.35,error_only,
diffuse_blur_js_0.1,diffuse_blur,0.1,0.1,11,36,0.5375,0.7625,True,True,2.2,2.5500000000000003,both_success,0.3500000000000001
diffuse_blur_js_0.1,diffuse_blur,0.1,0.1,11,37,0.8625,0.5375,False,False,,,both_timeout,
diffuse_blur_js_0.1,diffuse_blur,0.1,0.1,11,38,0.8625,0.8625,True,True,6.0,6.0,both_success,0.0
diffuse_blur_js_0.1,diffuse_blur,0.1,0.1,11,39,0.6875,0.5625,True,True,1.0,1.05,both_success,0.050000000000000044
diffuse_blur_js_0.1,diffuse_blur,0.1,0.1,11,40,0.6375,0.1375,False,False,,,both_timeout,
diffuse_blur_js_0.1,diffuse_blur,0.1,0.1,11,41,0.8375,0.5375,False,False,,,both_timeout,
diffuse_blur_js_0.1,diffuse_blur,0.1,0.1,11,42,0.4875,0.6375,True,True,1.2000000000000002,2.1,both_success,0.8999999999999999
diffuse_blur_js_0.1,diffuse_blur,0.1,0.1,11,43,0.2375,0.6875,False,False,,,both_timeout,
diffuse_blur_js_0.1,diffuse_blur,0.1,0.1,11,44,0.9375,0.8625,True,True,3.45,3.5,both_success,0.04999999999999982
diffuse_blur_js_0.1,diffuse_blur,0.1,0.1,11,45,0.7375,0.7625,True,True,1.25,3.0,both_success,1.75
diffuse_blur_js_0.1,diffuse_blur,0.1,0.1,11,46,0.9625,0.6125,False,False,,,both_timeout,
diffuse_blur_js_0.1,diffuse_blur,0.1,0.1,11,47,0.8875,0.0625,False,False,,,both_timeout,
diffuse_blur_js_0.1,diffuse_blur,0.1,0.1,11,48,0.6625,0.5125,True,True,1.0,0.9500000000000001,both_success,-0.04999999999999993
diffuse_blur_js_0.1,diffuse_blur,0.1,0.1,11,49,0.7625,0.9875,True,True,5.15,5.15,both_success,0.0
diffuse_blur_js_0.1,diffuse_blur,0.1,0.1,11,50,0.8875,0.6625,True,True,3.1,3.2,both_success,0.10000000000000009
diffuse_blur_js_0.1,diffuse_blur,0.1,0.1,11,51,0.6875,0.7625,True,True,1.25,2.9000000000000004,both_success,1.6500000000000004
diffuse_blur_js_0.1,diffuse_blur,0.1,0.1,11,52,0.3125,0.2375,True,True,0.15000000000000002,0.15000000000000002,both_success,0.0
diffuse_blur_js_0.1,diffuse_blur,0.1,0.1,11,53,0.8125,0.1375,False,False,,,both_timeout,
diffuse_blur_js_0.1,diffuse_blur,0.1,0.1,11,54,0.6625,0.8375,True,True,1.9000000000000001,3.0,both_success,1.0999999999999999
diffuse_blur_js_0.1,diffuse_blur,0.1,0.1,11,55,0.8375,0.7125,True,True,3.0500000000000003,3.0500000000000003,both_success,0.0
diffuse_blur_js_0.1,diffuse_blur,0.1,0.1,11,56,0.7125,0.6125,True,True,1.05,1.6,both_success,0.55
diffuse_blur_js_0.1,diffuse_blur,0.1,0.1,11,57,0.7625,0.6125,True,True,1.3,3.2,both_success,1.9000000000000001
diffuse_blur_js_0.1,diffuse_blur,0.1,0.1,11,58,0.6625,0.3625,False,True,,1.2000000000000002,error_only,
diffuse_blur_js_0.1,diffuse_blur,0.1,0.1,11,59,0.8375,0.5125,False,False,,,both_timeout,
diffuse_blur_js_0.1,diffuse_blur,0.1,0.1,11,60,0.1875,0.1125,True,True,0.0,0.0,both_success,0.0
diffuse_blur_js_0.1,diffuse_blur,0.1,0.1,11,61,0.5875,0.8375,False,True,,2.75,error_only,
diffuse_blur_js_0.1,diffuse_blur,0.1,0.1,11,62,0.9625,0.6625,True,True,3.25,3.35,both_success,0.10000000000000009
diffuse_blur_js_0.1,diffuse_blur,0.1,0.1,11,63,0.6625,0.4625,True,True,2.45,1.05,both_success,-1.4000000000000001
diffuse_blur_js_0.15,diffuse_blur,0.15,0.1,7,0,0.6875,0.7375,True,True,1.2000000000000002,3.0500000000000003,both_success,1.85
diffuse_blur_js_0.15,diffuse_blur,0.15,0.1,7,1,0.8125,0.8625,True,True,1.5,5.800000000000001,both_success,4.300000000000001
diffuse_blur_js_0.15,diffuse_blur,0.15,0.1,7,2,0.8625,0.7875,True,True,3.2,3.35,both_success,0.1499999999999999
diffuse_blur_js_0.15,diffuse_blur,0.15,0.1,7,3,0.7625,0.5625,False,False,,,both_timeout,
diffuse_blur_js_0.15,diffuse_blur,0.15,0.1,7,4,0.6375,0.6125,True,True,1.05,2.95,both_success,1.9000000000000001
diffuse_blur_js_0.15,diffuse_blur,0.15,0.1,7,5,0.0375,0.8625,False,False,,,both_timeout,
diffuse_blur_js_0.15,diffuse_blur,0.15,0.1,7,6,0.8875,0.0125,False,False,,,both_timeout,
diffuse_blur_js_0.15,diffuse_blur,0.15,0.1,7,7,0.8375,0.8125,True,True,3.2,3.4000000000000004,both_success,0.20000000000000018
diffuse_blur_js_0.15,diffuse_blur,0.15,0.1,7,8,0.6375,0.8125,True,True,1.9500000000000002,3.1,both_success,1.15
diffuse_blur_js_0.15,diffuse_blur,0.15,0.1,7,9,0.0625,0.6875,False,False,,,both_timeout,
diffuse_blur_js_0.15,diffuse_blur,0.15,0.1,7,10,0.6625,0.6125,True,True,1.05,3.0,both_success,1.95
diffuse_blur_js_0.15,diffuse_blur,0.15,0.1,7,11,0.8625,0.5875,False,True,,3.35,error_only,
diffuse_blur_js_0.15,diffuse_blur,0.15,0.1,7,12,0.6625,0.5875,True,True,1.0,3.0500000000000003,both_success,2.0500000000000003
diffuse_blur_js_0.15,diffuse_blur,0.15,0.1,7,13,0.7875,0.6625,True,True,1.35,3.0500000000000003,both_success,1.7000000000000002
diffuse_blur_js_0.15,diffuse_blur,0.15,0.1,7,14,0.7625,0.6875,True,True,1.1500000000000001,3.0500000000000003,both_success,1.9000000000000001
diffuse_blur_js_0.15,diffuse_blur,0.15,0.1,7,15,0.6625,0.7125,True,True,1.1500000000000001,2.95,both_success,1.8
diffuse_blur_js_0.15,diffuse_blur,0.15,0.1,7,16,0.7375,0.9875,True,True,5.2,5.2,both_success,0.0
diffuse_blur_js_0.15,diffuse_blur,0.15,0.1,7,17,0.6125,0.8125,True,True,2.0500000000000003,3.0500000000000003,both_success,1.0
diffuse_blur_js_0.15,diffuse_blur,0.15,0.1,7,18,0.6625,0.7375,True,True,1.2000000000000002,3.0,both_success,1.7999999999999998
diffuse_blur_js_0.15,diffuse_blur,0.15,0.1,7,19,0.0375,0.9875,False,False,,,both_timeout,
diffuse_blur_js_0.15,diffuse_blur,0.15,0.1,7,20,0.6625,0.5625,True,False,1.0,,oracle_only,
diffuse_blur_js_0.15,diffuse_blur,0.15,0.1,7,21,0.6625,0.5125,True,True,1.0,1.55,both_success,0.55
diffuse_blur_js_0.15,diffuse_blur,0.15,0.1,7,22,0.5875,0.7375,True,True,1.3,2.85,both_success,1.55
diffuse_blur_js_0.15,diffuse_blur,0.15,0.1,7,23,0.5125,0.1875,False,False,,,both_timeout,
diffuse_blur_js_0.15,diffuse_blur,0.15,0.1,7,24,0.0875,0.1625,False,False,,,both_timeout,
diffuse_blur_js_0.15,diffuse_blur,0.15,0.1,7,25,0.8125,0.6875,True,True,1.5,3.1,both_success,1.6
diffuse_blur_js_0.15,diffuse_blur,0.15,0.1,7,26,0.9625,0.6625,True,True,3.25,3.35,both_success,0.10000000000000009
diffuse_blur_js_0.15,diffuse_blur,0.15,0.1,7,27,0.6625,0.8875,True,True,5.550000000000001,5.550000000000001,both_success,0.0
diffuse_blur_js_0.15,diffuse_blur,0.15,0.1,7,28,0.7125,0.7375,True,True,1.2000000000000002,3.0500000000000003,both_success,1.85
diffuse_blur_js_0.15,diffuse_blur,0.15,0.1,7,29,0.8125,0.6875,True,True,1.5,3.1,both_success,1.6
diffuse_blur_js_0.15,diffuse_blur,0.15,0.1,7,30,0.7125,0.6875,True,True,1.1500000000000001,3.0,both_success,1.8499999999999999
diffuse_blur_js_0.15,diffuse_blur,0.15,0.1,7,31,0.5875,0.5875,True,True,1.05,1.75,both_success,0.7
diffuse_blur_js_0.15,diffuse_blur,0.15,0.1,7,32,0.0125,0.0625,False,False,,,both_timeout,
diffuse_blur_js_0.15,diffuse_blur,0.15,0.1,7,33,0.7375,0.5375,False,False,,,both_timeout,
diffuse_blur_js_0.15,diffuse_blur,0.15,0.1,7,34,0.7125,0.7625,True,True,1.25,3.1,both_success,1.85
diffuse_blur_js_0.15,diffuse_blur,0.15,0.1,7,35,0.8375,0.5375,False,False,,,both_timeout,
diffuse_blur_js_0.15,diffuse_blur,0.15,0.1,7,36,0.7125,0.6375,True,True,1.05,3.0,both_success,1.95
diffuse_blur_js_0.15,diffuse_blur,0.15,0.1,7,37,0.6375,0.0125,False,False,,,both_timeout,
diffuse_blur_js_0.15,diffuse_blur,0.15,0.1,7,38,0.9375,0.8125,True,True,3.35,3.45,both_success,0.10000000000000009
diffuse_blur_js_0.15,diffuse_blur,0.15,0.1,7,39,0.9125,0.4875,False,False,,,both_timeout,
diffuse_blur_js_0.15,diffuse_blur,0.15,0.1,7,40,0.7625,0.5875,True,True,1.35,3.1500000000000004,both_success,1.8000000000000003
diffuse_blur_js_0.15,diffuse_blur,0.15,0.1,7,41,0.5875,0.8625,False,False,,,both_timeout,
diffuse_blur_js_0.15,diffuse_blur,0.15,0.1,7,42,0.7875,0.6875,True,True,1.2000000000000002,3.1,both_success,1.9
diffuse_blur_js_0.15,diffuse_blur,0.15,0.1,7,43,0.6875,0.8375,True,True,1.8,5.7,both_success,3.9000000000000004
diffuse_blur_js_0.15,diffuse_blur,0.15,0.1,7,44,0.7625,0.7375,True,True,1.25,3.1500000000000004,both_success,1.9000000000000004
diffuse_blur_js_0.15,diffuse_blur,0.15,0.1,7,45,0.6375,0.7875,True,True,1.4500000000000002,3.0500000000000003,both_success,1.6
diffuse_blur_js_0.15,diffuse_blur,0.15,0.1,7,46,0.8625,0.3625,False,False,,,both_timeout,
diffuse_blur_js_0.15,diffuse_blur,0.15,0.1,7,47,0.5375,0.7125,True,True,2.2,2.75,both_success,0.5499999999999998
diffuse_blur_js_0.15,diffuse_blur,0.15,0.1,7,48,0.7625,0.6875,True,True,1.1500000000000001,3.0500000000000003,both_success,1.9000000000000001
diffuse_blur_js_0.15,diffuse_blur,0.15,0.1,7,49,0.9375,0.8375,True,True,3.4000000000000004,3.5,both_success,0.09999999999999964
diffuse_blur_js_0.15,diffuse_blur,0.15,0.1,7,50,0.6875,0.6375,True,True,1.05,2.95,both_success,1.9000000000000001
diffuse_blur_js_0.15,diffuse_blur,0.15,0.1,7,51,0.9375,0.7125,True,True,3.1500000000000004,3.25,both_success,0.09999999999999964
diffuse_blur_js_0.15,diffuse_blur,0.15,0.1,7,52,0.0875,0.2625,False,False,,,both_timeout,
diffuse_blur_js_0.15,diffuse_blur,0.15,0.1,7,53,0.8375,0.6375,True,True,1.6,3.2,both_success,1.6
diffuse_blur_js_0.15,diffuse_blur,0.15,0.1,7,54,0.7875,0.6125,True,True,1.4000000000000001,3.1500000000000004,both_success,1.7500000000000002
diffuse_blur_js_0.15,diffuse_blur,0.15,0.1,7,55,0.8125,0.4875,False,False,,,both_timeout,
diffuse_blur_js_0.15,diffuse_blur,0.15,0.1,7,56,0.7875,0.8125,True,True,1.35,3.35,both_success,2.0
diffuse_blur_js_0.15,diffuse_blur,0.15,0.1,7,57,0.7875,0.6375,True,True,1.4000000000000001,3.1,both_success,1.7
diffuse_blur_js_0.15,diffuse_blur,0.15,0.1,7,58,0.5625,0.9625,False,False,,,both_timeout,
diffuse_blur_js_0.15,diffuse_blur,0.15,0.1,7,59,0.8625,0.7125,True,True,3.0500000000000003,3.2,both_success,0.1499999999999999
diffuse_blur_js_0.15,diffuse_blur,0.15,0.1,7,60,0.4125,0.7375,False,True,,2.45,error_only,
diffuse_blur_js_0.15,diffuse_blur,0.15,0.1,7,61,0.7625,0.7375,True,True,1.25,3.1500000000000004,both_success,1.9000000000000004
diffuse_blur_js_0.15,diffuse_blur,0.15,0.1,7,62,0.5875,0.7625,True,True,2.0500000000000003,2.9000000000000004,both_success,0.8500000000000001
diffuse_blur_js_0.15,diffuse_blur,0.15,0.1,7,63,0.8125,0.4875,False,False,,,both_timeout,
diffuse_blur_js_0.15,diffuse_blur,0.15,0.1,11,0,0.6875,0.4625,False,True,,1.25,error_only,
diffuse_blur_js_0.15,diffuse_blur,0.15,0.1,11,1,0.7375,0.6875,True,True,1.1500000000000001,3.0500000000000003,both_success,1.9000000000000001
diffuse_blur_js_0.15,diffuse_blur,0.15,0.1,11,2,0.9875,0.7125,True,True,3.2,3.35,both_success,0.1499999999999999
diffuse_blur_js_0.15,diffuse_blur,0.15,0.1,11,3,0.9125,0.1125,False,False,,,both_timeout,
diffuse_blur_js_0.15,diffuse_blur,0.15,0.1,11,4,0.7625,0.4875,False,False,,,both_timeout,
diffuse_blur_js_0.15,diffuse_blur,0.15,0.1,11,5,0.8125,0.8875,True,True,5.6000000000000005,5.6000000000000005,both_success,0.0
diffuse_blur_js_0.15,diffuse_blur,0.15,0.1,11,6,0.8875,0.2875,False,False,,,both_timeout,
diffuse_blur_js_0.15,diffuse_blur,0.15,0.1,11,7,0.7125,0.4625,False,True,,1.3,error_only,
diffuse_blur_js_0.15,diffuse_blur,0.15,0.1,11,8,0.7625,0.9125,True,True,5.45,5.45,both_success,0.0
diffuse_blur_js_0.15,diffuse_blur,0.15,0.1,11,9,0.6625,0.7375,True,True,1.2000000000000002,3.0,both_success,1.7999999999999998
diffuse_blur_js_0.15,diffuse_blur,0.15,0.1,11,10,0.7125,0.6375,True,True,1.05,3.0,both_success,1.95
diffuse_blur_js_0.15,diffuse_blur,0.15,0.1,11,11,0.7875,0.6875,True,True,1.2000000000000002,3.1,both_success,1.9
diffuse_blur_js_0.15,diffuse_blur,0.15,0.1,11,12,0.9125,0.7375,True,True,3.1500000000000004,3.3000000000000003,both_success,0.1499999999999999
diffuse_blur_js_0.15,diffuse_blur,0.15,0.1,11,13,0.8125,0.5875,False,True,,3.25,error_only,
diffuse_blur_js_0.15,diffuse_blur,0.15,0.1,11,14,0.9875,0.4625,False,False,,,both_timeout,
diffuse_blur_js_0.15,diffuse_blur,0.15,0.1,11,15,0.5125,0.8125,False,True,,2.8000000000000003,error_only,
diffuse_blur_js_0.15,diffuse_blur,0.15,0.1,11,16,0.4125,0.7625,False,True,,2.5,error_only,
diffuse_blur_js_0.15,diffuse_blur,0.15,0.1,11,17,0.7875,0.6875,True,True,1.2000000000000002,3.1,both_success,1.9
diffuse_blur_js_0.15,diffuse_blur,0.15,0.1,11,18,0.7875,0.8125,True,True,1.35,3.35,both_success,2.0
diffuse_blur_js_0.15,diffuse_blur,0.15,0.1,11,19,0.6125,0.7125,True,True,1.1500000000000001,2.9000000000000004,both_success,1.7500000000000002
diffuse_blur_js_0.15,diffuse_blur,0.15,0.1,11,20,0.6625,0.9625,True,True,5.3500000000000005,5.3500000000000005,both_success,0.0
diffuse_blur_js_0.15,diffuse_blur,0.15,0.1,11,21,0.8875,0.5375,False,False,,,both_timeout,
diffuse_blur_js_0.15,diffuse_blur,0.15,0.1,11,22,0.6625,0.7125,True,True,1.1500000000000001,2.95,both_success,1.8
diffuse_blur_js_0.15,diffuse_blur,0.15,0.1,11,23,0.6375,0.6875,True,True,1.1,2.9000000000000004,both_success,1.8000000000000003
diffuse_blur_js_0.15,diffuse_blur,0.15,0.1,11,24,0.6125,0.6375,True,True,1.05,2.8000000000000003,both_success,1.7500000000000002
diffuse_blur_js_0.15,diffuse_blur,0.15,0.1,11,25,0.8625,0.7125,True,True,3.0500000000000003,3.2,both_success,0.1499999999999999
diffuse_blur_js_0.15,diffuse_blur,0.15,0.1,11,26,0.8375,0.5625,False,False,,,both_timeout,
diffuse_blur_js_0.15,diffuse_blur,0.15,0.1,11,27,0.6875,0.8125,True,True,1.4000000000000001,5.75,both_success,4.35
diffuse_blur_js_0.15,diffuse_blur,0.15,0.1,11,28,0.8625,0.8375,True,True,3.35,3.5,both_success,0.1499999999999999
diffuse_blur_js_0.15,diffuse_blur,0.15,0.1,11,29,0.6875,0.4625,False,True,,1.25,error_only,
diffuse_blur_js_0.15,diffuse_blur,0.15,0.1,11,30,0.9875,0.6625,True,True,3.3000000000000003,3.4000000000000004,both_success,0.10000000000000009
diffuse_blur_js_0.15,diffuse_blur,0.15,0.1,11,31,0.8375,0.5875,False,True,,3.3000000000000003,error_only,
diffuse_blur_js_0.15,diffuse_blur,0.15,0.1,11,32,0.7875,0.3375,False,False,,,both_timeout,
diffuse_blur_js_0.15,diffuse_blur,0.15,0.1,11,33,0.7875,0.8625,True,True,1.5,5.75,both_success,4.25
diffuse_blur_js_0.15,diffuse_blur,0.15,0.1,11,34,0.7125,0.6625,True,True,1.1,2.95,both_success,1.85
diffuse_blur_js_0.15,diffuse_blur,0.15,0.1,11,35,0.7625,0.4875,False,False,,,both_timeout,
diffuse_blur_js_0.15,diffuse_blur,0.15,0.1,11,36,0.5375,0.7625,True,True,2.2,2.8000000000000003,both_success,0.6000000000000001
diffuse_blur_js_0.15,diffuse_blur,0.15,0.1,11,37,0.8625,0.5375,False,False,,,both_timeout,
diffuse_blur_js_0.15,diffuse_blur,0.15,0.1,11,38,0.8625,0.8625,True,True,6.0,6.0,both_success,0.0
diffuse_blur_js_0.15,diffuse_blur,0.15,0.1,11,39,0.6875,0.5625,True,True,1.0,3.2,both_success,2.2
diffuse_blur_js_0.15,diffuse_blur,0.15,0.1,11,40,0.6375,0.1375,False,False,,,both_timeout,
diffuse_blur_js_0.15,diffuse_blur,0.15,0.1,11,41,0.8375,0.5375,False,False,,,both_timeout,
diffuse_blur_js_0.15,diffuse_blur,0.15,0.1,11,42,0.4875,0.6375,True,True,1.2000000000000002,2.0,both_success,0.7999999999999998
diffuse_blur_js_0.15,diffuse_blur,0.15,0.1,11,43,0.2375,0.6875,False,False,,,both_timeout,
diffuse_blur_js_0.15,diffuse_blur,0.15,0.1,11,44,0.9375,0.8625,True,True,3.45,3.5500000000000003,both_success,0.10000000000000009
diffuse_blur_js_0.15,diffuse_blur,0.15,0.1,11,45,0.7375,0.7625,True,True,1.25,3.1500000000000004,both_success,1.9000000000000004
diffuse_blur_js_0.15,diffuse_blur,0.15,0.1,11,46,0.9625,0.6125,False,False,,,both_timeout,
diffuse_blur_js_0.15,diffuse_blur,0.15,0.1,11,47,0.8875,0.0625,False,False,,,both_timeout,
diffuse_blur_js_0.15,diffuse_blur,0.15,0.1,11,48,0.6625,0.5125,True,True,1.0,1.55,both_success,0.55
diffuse_blur_js_0.15,diffuse_blur,0.15,0.1,11,49,0.7625,0.9875,True,True,5.15,5.15,both_success,0.0
diffuse_blur_js_0.15,diffuse_blur,0.15,0.1,11,50,0.8875,0.6625,True,True,3.1,3.2,both_success,0.10000000000000009
diffuse_blur_js_0.15,diffuse_blur,0.15,0.1,11,51,0.6875,0.7625,True,True,1.25,3.1,both_success,1.85
diffuse_blur_js_0.15,diffuse_blur,0.15,0.1,11,52,0.3125,0.2375,True,True,0.15000000000000002,0.15000000000000002,both_success,0.0
diffuse_blur_js_0.15,diffuse_blur,0.15,0.1,11,53,0.8125,0.1375,False,False,,,both_timeout,
diffuse_blur_js_0.15,diffuse_blur,0.15,0.1,11,54,0.6625,0.8375,True,True,1.9000000000000001,5.7,both_success,3.8
diffuse_blur_js_0.15,diffuse_blur,0.15,0.1,11,55,0.8375,0.7125,True,True,3.0500000000000003,3.2,both_success,0.1499999999999999
diffuse_blur_js_0.15,diffuse_blur,0.15,0.1,11,56,0.7125,0.6125,True,True,1.05,3.0500000000000003,both_success,2.0
diffuse_blur_js_0.15,diffuse_blur,0.15,0.1,11,57,0.7625,0.6125,True,True,1.3,3.1,both_success,1.8
diffuse_blur_js_0.15,diffuse_blur,0.15,0.1,11,58,0.6625,0.3625,False,True,,1.05,error_only,
diffuse_blur_js_0.15,diffuse_blur,0.15,0.1,11,59,0.8375,0.5125,False,False,,,both_timeout,
diffuse_blur_js_0.15,diffuse_blur,0.15,0.1,11,60,0.1875,0.1125,True,True,0.0,0.0,both_success,0.0
diffuse_blur_js_0.15,diffuse_blur,0.15,0.1,11,61,0.5875,0.8375,False,False,,,both_timeout,
diffuse_blur_js_0.15,diffuse_blur,0.15,0.1,11,62,0.9625,0.6625,True,True,3.25,3.35,both_success,0.10000000000000009
diffuse_blur_js_0.15,diffuse_blur,0.15,0.1,11,63,0.6625,0.4625,True,True,2.45,1.2000000000000002,both_success,-1.25
false_hotspot_js_0.05,false_hotspot,0.05,0.1,7,0,0.6875,0.7375,True,True,1.2000000000000002,1.25,both_success,0.04999999999999982
false_hotspot_js_0.05,false_hotspot,0.05,0.1,7,1,0.8125,0.8625,True,True,1.5,5.800000000000001,both_success,4.300000000000001
false_hotspot_js_0.05,false_hotspot,0.05,0.1,7,2,0.8625,0.7875,True,True,3.2,3.5500000000000003,both_success,0.3500000000000001
false_hotspot_js_0.05,false_hotspot,0.05,0.1,7,3,0.7625,0.5625,False,False,,,both_timeout,
false_hotspot_js_0.05,false_hotspot,0.05,0.1,7,4,0.6375,0.6125,True,True,1.05,1.05,both_success,0.0
false_hotspot_js_0.05,false_hotspot,0.05,0.1,7,5,0.0375,0.8625,False,False,,,both_timeout,
false_hotspot_js_0.05,false_hotspot,0.05,0.1,7,6,0.8875,0.0125,False,False,,,both_timeout,
false_hotspot_js_0.05,false_hotspot,0.05,0.1,7,7,0.8375,0.8125,True,True,3.2,3.5,both_success,0.2999999999999998
false_hotspot_js_0.05,false_hotspot,0.05,0.1,7,8,0.6375,0.8125,True,True,1.9500000000000002,1.5,both_success,-0.4500000000000002
false_hotspot_js_0.05,false_hotspot,0.05,0.1,7,9,0.0625,0.6875,False,False,,,both_timeout,
false_hotspot_js_0.05,false_hotspot,0.05,0.1,7,10,0.6625,0.6125,True,True,1.05,1.05,both_success,0.0
false_hotspot_js_0.05,false_hotspot,0.05,0.1,7,11,0.8625,0.5875,False,False,,,both_timeout,
false_hotspot_js_0.05,false_hotspot,0.05,0.1,7,12,0.6625,0.5875,True,True,1.0,1.05,both_success,0.050000000000000044
false_hotspot_js_0.05,false_hotspot,0.05,0.1,7,13,0.7875,0.6625,True,True,1.35,1.55,both_success,0.19999999999999996
false_hotspot_js_0.05,false_hotspot,0.05,0.1,7,14,0.7625,0.6875,True,True,1.1500000000000001,1.2000000000000002,both_success,0.050000000000000044
false_hotspot_js_0.05,false_hotspot,0.05,0.1,7,15,0.6625,0.7125,True,True,1.1500000000000001,1.2000000000000002,both_success,0.050000000000000044
false_hotspot_js_0.05,false_hotspot,0.05,0.1,7,16,0.7375,0.9875,True,True,5.2,5.2,both_success,0.0
false_hotspot_js_0.05,false_hotspot,0.05,0.1,7,17,0.6125,0.8125,True,True,2.0500000000000003,1.85,both_success,-0.20000000000000018
false_hotspot_js_0.05,false_hotspot,0.05,0.1,7,18,0.6625,0.7375,True,True,1.2000000000000002,1.25,both_success,0.04999999999999982
false_hotspot_js_0.05,false_hotspot,0.05,0.1,7,19,0.0375,0.9875,False,False,,,both_timeout,
false_hotspot_js_0.05,false_hotspot,0.05,0.1,7,20,0.6625,0.5625,True,True,1.0,1.05,both_success,0.050000000000000044
false_hotspot_js_0.05,false_hotspot,0.05,0.1,7,21,0.6625,0.5125,True,True,1.0,1.05,both_success,0.050000000000000044
false_hotspot_js_0.05,false_hotspot,0.05,0.1,7,22,0.5875,0.7375,True,True,1.3,1.3,both_success,0.0
false_hotspot_js_0.05,false_hotspot,0.05,0.1,7,23,0.5125,0.1875,False,False,,,both_timeout,
false_hotspot_js_0.05,false_hotspot,0.05,0.1,7,24,0.0875,0.1625,False,False,,,both_timeout,
false_hotspot_js_0.05,false_hotspot,0.05,0.1,7,25,0.8125,0.6875,True,True,1.5,3.5500000000000003,both_success,2.0500000000000003
false_hotspot_js_0.05,false_hotspot,0.05,0.1,7,26,0.9625,0.6625,True,True,3.25,3.8000000000000003,both_success,0.5500000000000003
false_hotspot_js_0.05,false_hotspot,0.05,0.1,7,27,0.6625,0.8875,True,True,5.550000000000001,5.550000000000001,both_success,0.0
false_hotspot_js_0.05,false_hotspot,0.05,0.1,7,28,0.7125,0.7375,True,True,1.2000000000000002,1.25,both_success,0.04999999999999982
false_hotspot_js_0.05,false_hotspot,0.05,0.1,7,29,0.8125,0.6875,True,True,1.5,3.5500000000000003,both_success,2.0500000000000003
false_hotspot_js_0.05,false_hotspot,0.05,0.1,7,30,0.7125,0.6875,True,True,1.1500000000000001,1.1500000000000001,both_success,0.0
false_hotspot_js_0.05,false_hotspot,0.05,0.1,7,31,0.5875,0.5875,True,True,1.05,1.05,both_success,0.0
false_hotspot_js_0.05,false_hotspot,0.05,0.1,7,32,0.0125,0.0625,False,False,,,both_timeout,
false_hotspot_js_0.05,false_hotspot,0.05,0.1,7,33,0.7375,0.5375,False,False,,,both_timeout,
false_hotspot_js_0.05,false_hotspot,0.05,0.1,7,34,0.7125,0.7625,True,True,1.25,1.3,both_success,0.050000000000000044
false_hotspot_js_0.05,false_hotspot,0.05,0.1,7,35,0.8375,0.5375,False,False,,,both_timeout,
false_hotspot_js_0.05,false_hotspot,0.05,0.1,7,36,0.7125,0.6375,True,True,1.05,1.1,both_success,0.050000000000000044
false_hotspot_js_0.05,false_hotspot,0.05,0.1,7,37,0.6375,0.0125,False,False,,,both_timeout,
false_hotspot_js_0.05,false_hotspot,0.05,0.1,7,38,0.9375,0.8125,True,True,3.35,3.6500000000000004,both_success,0.30000000000000027
false_hotspot_js_0.05,false_hotspot,0.05,0.1,7,39,0.9125,0.4875,False,False,,,both_timeout,
false_hotspot_js_0.05,false_hotspot,0.05,0.1,7,40,0.7625,0.5875,True,False,1.35,,oracle_only,
false_hotspot_js_0.05,false_hotspot,0.05,0.1,7,41,0.5875,0.8625,False,True,,3.4000000000000004,error_only,
false_hotspot_js_0.05,false_hotspot,0.05,0.1,7,42,0.7875,0.6875,True,True,1.2000000000000002,1.55,both_success,0.34999999999999987
false_hotspot_js_0.05,false_hotspot,0.05,0.1,7,43,0.6875,0.8375,True,True,1.8,1.5,both_success,-0.30000000000000004
false_hotspot_js_0.05,false_hotspot,0.05,0.1,7,44,0.7625,0.7375,True,True,1.25,1.25,both_success,0.0
false_hotspot_js_0.05,false_hotspot,0.05,0.1,7,45,0.6375,0.7875,True,True,1.4500000000000002,1.4000000000000001,both_success,-0.050000000000000044
false_hotspot_js_0.05,false_hotspot,0.05,0.1,7,46,0.8625,0.3625,False,False,,,both_timeout,
false_hotspot_js_0.05,false_hotspot,0.05,0.1,7,47,0.5375,0.7125,True,True,2.2,2.0,both_success,-0.20000000000000018
false_hotspot_js_0.05,false_hotspot,0.05,0.1,7,48,0.7625,0.6875,True,True,1.1500000000000001,1.2000000000000002,both_success,0.050000000000000044
false_hotspot_js_0.05,false_hotspot,0.05,0.1,7,49,0.9375,0.8375,True,True,3.4000000000000004,3.6500000000000004,both_success,0.25
false_hotspot_js_0.05,false_hotspot,0.05,0.1,7,50,0.6875,0.6375,True,True,1.05,1.1,both_success,0.050000000000000044
false_hotspot_js_0.05,false_hotspot,0.05,0.1,7,51,0.9375,0.7125,True,True,3.1500000000000004,3.7,both_success,0.5499999999999998
false_hotspot_js_0.05,false_hotspot,0.05,0.1,7,52,0.0875,0.2625,False,False,,,both_timeout,
false_hotspot_js_0.05,false_hotspot,0.05,0.1,7,53,0.8375,0.6375,True,True,1.6,3.6500000000000004,both_success,2.0500000000000003
false_hotspot_js_0.05,false_hotspot,0.05,0.1,7,54,0.7875,0.6125,True,True,1.4000000000000001,3.6,both_success,2.2
false_hotspot_js_0.05,false_hotspot,0.05,0.1,7,55,0.8125,0.4875,False,False,,,both_timeout,
false_hotspot_js_0.05,false_hotspot,0.05,0.1,7,56,0.7875,0.8125,True,True,1.35,1.4000000000000001,both_success,0.050000000000000044
false_hotspot_js_0.05,false_hotspot,0.05,0.1,7,57,0.7875,0.6375,True,True,1.4000000000000001,1.55,both_success,0.1499999999999999
false_hotspot_js_0.05,false_hotspot,0.05,0.1,7,58,0.5625,0.9625,False,False,,,both_timeout,
false_hotspot_js_0.05,false_hotspot,0.05,0.1,7,59,0.8625,0.7125,True,True,3.0500000000000003,3.6,both_success,0.5499999999999998
false_hotspot_js_0.05,false_hotspot,0.05,0.1,7,60,0.4125,0.7375,False,True,,2.3000000000000003,error_only,
false_hotspot_js_0.05,false_hotspot,0.05,0.1,7,61,0.7625,0.7375,True,True,1.25,1.25,both_success,0.0
false_hotspot_js_0.05,false_hotspot,0.05,0.1,7,62,0.5875,0.7625,True,True,2.0500000000000003,1.4500000000000002,both_success,-0.6000000000000001
false_hotspot_js_0.05,false_hotspot,0.05,0.1,7,63,0.8125,0.4875,False,False,,,both_timeout,
false_hotspot_js_0.05,false_hotspot,0.05,0.1,11,0,0.6875,0.4625,False,False,,,both_timeout,
false_hotspot_js_0.05,false_hotspot,0.05,0.1,11,1,0.7375,0.6875,True,True,1.1500000000000001,1.2000000000000002,both_success,0.050000000000000044
false_hotspot_js_0.05,false_hotspot,0.05,0.1,11,2,0.9875,0.7125,True,True,3.2,3.75,both_success,0.5499999999999998
false_hotspot_js_0.05,false_hotspot,0.05,0.1,11,3,0.9125,0.1125,False,False,,,both_timeout,
false_hotspot_js_0.05,false_hotspot,0.05,0.1,11,4,0.7625,0.4875,False,False,,,both_timeout,
false_hotspot_js_0.05,false_hotspot,0.05,0.1,11,5,0.8125,0.8875,True,True,5.6000000000000005,5.6000000000000005,both_success,0.0
false_hotspot_js_0.05,false_hotspot,0.05,0.1,11,6,0.8875,0.2875,False,False,,,both_timeout,
false_hotspot_js_0.05,false_hotspot,0.05,0.1,11,7,0.7125,0.4625,False,False,,,both_timeout,
false_hotspot_js_0.05,false_hotspot,0.05,0.1,11,8,0.7625,0.9125,True,True,5.45,5.45,both_success,0.0
false_hotspot_js_0.05,false_hotspot,0.05,0.1,11,9,0.6625,0.7375,True,True,1.2000000000000002,1.25,both_success,0.04999999999999982
false_hotspot_js_0.05,false_hotspot,0.05,0.1,11,10,0.7125,0.6375,True,True,1.05,1.1,both_success,0.050000000000000044
false_hotspot_js_0.05,false_hotspot,0.05,0.1,11,11,0.7875,0.6875,True,True,1.2000000000000002,1.55,both_success,0.34999999999999987
false_hotspot_js_0.05,false_hotspot,0.05,0.1,11,12,0.9125,0.7375,True,True,3.1500000000000004,3.6500000000000004,both_success,0.5
false_hotspot_js_0.05,false_hotspot,0.05,0.1,11,13,0.8125,0.5875,False,False,,,both_timeout,
false_hotspot_js_0.05,false_hotspot,0.05,0.1,11,14,0.9875,0.4625,False,False,,,both_timeout,
false_hotspot_js_0.05,false_hotspot,0.05,0.1,11,15,0.5125,0.8125,False,True,,2.15,error_only,
false_hotspot_js_0.05,false_hotspot,0.05,0.1,11,16,0.4125,0.7625,False,True,,2.95,error_only,
false_hotspot_js_0.05,false_hotspot,0.05,0.1,11,17,0.7875,0.6875,True,True,1.2000000000000002,1.55,both_success,0.34999999999999987
false_hotspot_js_0.05,false_hotspot,0.05,0.1,11,18,0.7875,0.8125,True,True,1.35,1.4000000000000001,both_success,0.050000000000000044
false_hotspot_js_0.05,false_hotspot,0.05,0.1,11,19,0.6125,0.7125,True,True,1.1500000000000001,1.2000000000000002,both_success,0.050000000000000044
false_hotspot_js_0.05,false_hotspot,0.05,0.1,11,20,0.6625,0.9625,True,True,5.3500000000000005,5.3500000000000005,both_success,0.0
false_hotspot_js_0.05,false_hotspot,0.05,0.1,11,21,0.8875,0.5375,False,False,,,both_timeout,
false_hotspot_js_0.05,false_hotspot,0.05,0.1,11,22,0.6625,0.7125,True,True,1.1500000000000001,1.2000000000000002,both_success,0.050000000000000044
false_hotspot_js_0.05,false_hotspot,0.05,0.1,11,23,0.6375,0.6875,True,True,1.1,1.1500000000000001,both_success,0.050000000000000044
false_hotspot_js_0.05,false_hotspot,0.05,0.1,11,24,0.6125,0.6375,True,True,1.05,1.05,both_success,0.0
false_hotspot_js_0.05,false_hotspot,0.05,0.1,11,25,0.8625,0.7125,True,True,3.0500000000000003,3.6,both_success,0.5499999999999998
false_hotspot_js_0.05,false_hotspot,0.05,0.1,11,26,0.8375,0.5625,False,False,,,both_timeout,
false_hotspot_js_0.05,false_hotspot,0.05,0.1,11,27,0.6875,0.8125,True,True,1.4000000000000001,1.4000000000000001,both_success,0.0
false_hotspot_js_0.05,false_hotspot,0.05,0.1,11,28,0.8625,0.8375,True,True,3.35,3.5,both_success,0.1499999999999999
false_hotspot_js_0.05,false_hotspot,0.05,0.1,11,29,0.6875,0.4625,False,False,,,both_timeout,
false_hotspot_js_0.05,false_hotspot,0.05,0.1,11,30,0.9875,0.6625,True,True,3.3000000000000003,3.85,both_success,0.5499999999999998
false_hotspot_js_0.05,false_hotspot,0.05,0.1,11,31,0.8375,0.5875,False,False,,,both_timeout,
false_hotspot_js_0.05,false_hotspot,0.05,0.1,11,32,0.7875,0.3375,False,False,,,both_timeout,
false_hotspot_js_0.05,false_hotspot,0.05,0.1,11,33,0.7875,0.8625,True,True,1.5,5.75,both_success,4.25
false_hotspot_js_0.05,false_hotspot,0.05,0.1,11,34,0.7125,0.6625,True,True,1.1,1.1500000000000001,both_success,0.050000000000000044
false_hotspot_js_0.05,false_hotspot,0.05,0.1,11,35,0.7625,0.4875,False,False,,,both_timeout,
false_hotspot_js_0.05,false_hotspot,0.05,0.1,11,36,0.5375,0.7625,True,True,2.2,2.0500000000000003,both_success,-0.1499999999999999
false_hotspot_js_0.05,false_hotspot,0.05,0.1,11,37,0.8625,0.5375,False,False,,,both_timeout,
false_hotspot_js_0.05,false_hotspot,0.05,0.1,11,38,0.8625,0.8625,True,True,6.0,3.5500000000000003,both_success,-2.4499999999999997
false_hotspot_js_0.05,false_hotspot,0.05,0.1,11,39,0.6875,0.5625,True,True,1.0,1.0,both_success,0.0
false_hotspot_js_0.05,false_hotspot,0.05,0.1,11,40,0.6375,0.1375,False,False,,,both_timeout,
false_hotspot_js_0.05,false_hotspot,0.05,0.1,11,41,0.8375,0.5375,False,False,,,both_timeout,
false_hotspot_js_0.05,false_hotspot,0.05,0.1,11,42,0.4875,0.6375,True,True,1.2000000000000002,1.25,both_success,0.04999999999999982
false_hotspot_js_0.05,false_hotspot,0.05,0.1,11,43,0.2375,0.6875,False,False,,,both_timeout,
false_hotspot_js_0.05,false_hotspot,0.05,0.1,11,44,0.9375,0.8625,True,True,3.45,3.6500000000000004,both_success,0.20000000000000018
false_hotspot_js_0.05,false_hotspot,0.05,0.1,11,45,0.7375,0.7625,True,True,1.25,1.3,both_success,0.050000000000000044
false_hotspot_js_0.05,false_hotspot,0.05,0.1,11,46,0.9625,0.6125,False,False,,,both_timeout,
false_hotspot_js_0.05,false_hotspot,0.05,0.1,11,47,0.8875,0.0625,False,False,,,both_timeout,
false_hotspot_js_0.05,false_hotspot,0.05,0.1,11,48,0.6625,0.5125,True,True,1.0,1.05,both_success,0.050000000000000044
false_hotspot_js_0.05,false_hotspot,0.05,0.1,11,49,0.7625,0.9875,True,True,5.15,5.15,both_success,0.0
false_hotspot_js_0.05,false_hotspot,0.05,0.1,11,50,0.8875,0.6625,True,True,3.1,3.6500000000000004,both_success,0.5500000000000003
false_hotspot_js_0.05,false_hotspot,0.05,0.1,11,51,0.6875,0.7625,True,True,1.25,1.3,both_success,0.050000000000000044
false_hotspot_js_0.05,false_hotspot,0.05,0.1,11,52,0.3125,0.2375,True,True,0.15000000000000002,0.15000000000000002,both_success,0.0
false_hotspot_js_0.05,false_hotspot,0.05,0.1,11,53,0.8125,0.1375,False,False,,,both_timeout,
false_hotspot_js_0.05,false_hotspot,0.05,0.1,11,54,0.6625,0.8375,True,True,1.9000000000000001,1.55,both_success,-0.3500000000000001
false_hotspot_js_0.05,false_hotspot,0.05,0.1,11,55,0.8375,0.7125,True,True,3.0500000000000003,3.5500000000000003,both_success,0.5
false_hotspot_js_0.05,false_hotspot,0.05,0.1,11,56,0.7125,0.6125,True,True,1.05,1.05,both_success,0.0
false_hotspot_js_0.05,false_hotspot,0.05,0.1,11,57,0.7625,0.6125,True,True,1.3,1.4500000000000002,both_success,0.15000000000000013
false_hotspot_js_0.05,false_hotspot,0.05,0.1,11,58,0.6625,0.3625,False,False,,,both_timeout,
false_hotspot_js_0.05,false_hotspot,0.05,0.1,11,59,0.8375,0.5125,False,False,,,both_timeout,
false_hotspot_js_0.05,false_hotspot,0.05,0.1,11,60,0.1875,0.1125,True,True,0.0,0.0,both_success,0.0
false_hotspot_js_0.05,false_hotspot,0.05,0.1,11,61,0.5875,0.8375,False,True,,2.0,error_only,
false_hotspot_js_0.05,false_hotspot,0.05,0.1,11,62,0.9625,0.6625,True,True,3.25,3.8000000000000003,both_success,0.5500000000000003
false_hotspot_js_0.05,false_hotspot,0.05,0.1,11,63,0.6625,0.4625,True,False,2.45,,oracle_only,
false_hotspot_js_0.1,false_hotspot,0.1,0.1,7,0,0.6875,0.7375,True,True,1.2000000000000002,1.3,both_success,0.09999999999999987
false_hotspot_js_0.1,false_hotspot,0.1,0.1,7,1,0.8125,0.8625,True,True,1.5,3.6500000000000004,both_success,2.1500000000000004
false_hotspot_js_0.1,false_hotspot,0.1,0.1,7,2,0.8625,0.7875,True,True,3.2,3.75,both_success,0.5499999999999998
false_hotspot_js_0.1,false_hotspot,0.1,0.1,7,3,0.7625,0.5625,False,False,,,both_timeout,
false_hotspot_js_0.1,false_hotspot,0.1,0.1,7,4,0.6375,0.6125,True,True,1.05,1.1,both_success,0.050000000000000044
false_hotspot_js_0.1,false_hotspot,0.1,0.1,7,5,0.0375,0.8625,False,False,,,both_timeout,
false_hotspot_js_0.1,false_hotspot,0.1,0.1,7,6,0.8875,0.0125,False,False,,,both_timeout,
false_hotspot_js_0.1,false_hotspot,0.1,0.1,7,7,0.8375,0.8125,True,True,3.2,3.7,both_success,0.5
false_hotspot_js_0.1,false_hotspot,0.1,0.1,7,8,0.6375,0.8125,True,True,1.9500000000000002,1.4500000000000002,both_success,-0.5
false_hotspot_js_0.1,false_hotspot,0.1,0.1,7,9,0.0625,0.6875,False,False,,,both_timeout,
false_hotspot_js_0.1,false_hotspot,0.1,0.1,7,10,0.6625,0.6125,True,True,1.05,1.1,both_success,0.050000000000000044
false_hotspot_js_0.1,false_hotspot,0.1,0.1,7,11,0.8625,0.5875,False,False,,,both_timeout,
false_hotspot_js_0.1,false_hotspot,0.1,0.1,7,12,0.6625,0.5875,True,True,1.0,1.1,both_success,0.10000000000000009
false_hotspot_js_0.1,false_hotspot,0.1,0.1,7,13,0.7875,0.6625,True,True,1.35,3.7,both_success,2.35
false_hotspot_js_0.1,false_hotspot,0.1,0.1,7,14,0.7625,0.6875,True,True,1.1500000000000001,3.6500000000000004,both_success,2.5
false_hotspot_js_0.1,false_hotspot,0.1,0.1,7,15,0.6625,0.7125,True,True,1.1500000000000001,1.25,both_success,0.09999999999999987
false_hotspot_js_0.1,false_hotspot,0.1,0.1,7,16,0.7375,0.9875,True,True,5.2,5.2,both_success,0.0
false_hotspot_js_0.1,false_hotspot,0.1,0.1,7,17,0.6125,0.8125,True,True,2.0500000000000003,1.4500000000000002,both_success,-0.6000000000000001
false_hotspot_js_0.1,false_hotspot,0.1,0.1,7,18,0.6625,0.7375,True,True,1.2000000000000002,1.3,both_success,0.09999999999999987
false_hotspot_js_0.1,false_hotspot,0.1,0.1,7,19,0.0375,0.9875,False,False,,,both_timeout,
false_hotspot_js_0.1,false_hotspot,0.1,0.1,7,20,0.6625,0.5625,True,True,1.0,1.1,both_success,0.10000000000000009
false_hotspot_js_0.1,false_hotspot,0.1,0.1,7,21,0.6625,0.5125,True,False,1.0,,oracle_only,
false_hotspot_js_0.1,false_hotspot,0.1,0.1,7,22,0.5875,0.7375,True,True,1.3,1.3,both_success,0.0
false_hotspot_js_0.1,false_hotspot,0.1,0.1,7,23,0.5125,0.1875,False,False,,,both_timeout,
false_hotspot_js_0.1,false_hotspot,0.1,0.1,7,24,0.0875,0.1625,False,False,,,both_timeout,
false_hotspot_js_0.1,false_hotspot,0.1,0.1,7,25,0.8125,0.6875,True,True,1.5,3.75,both_success,2.25
false_hotspot_js_0.1,false_hotspot,0.1,0.1,7,26,0.9625,0.6625,True,True,3.25,4.0,both_success,0.75
false_hotspot_js_0.1,false_hotspot,0.1,0.1,7,27,0.6625,0.8875,True,True,5.550000000000001,5.550000000000001,both_success,0.0
false_hotspot_js_0.1,false_hotspot,0.1,0.1,7,28,0.7125,0.7375,True,True,1.2000000000000002,3.6,both_success,2.4
false_hotspot_js_0.1,false_hotspot,0.1,0.1,7,29,0.8125,0.6875,True,True,1.5,3.75,both_success,2.25
false_hotspot_js_0.1,false_hotspot,0.1,0.1,7,30,0.7125,0.6875,True,True,1.1500000000000001,1.25,both_success,0.09999999999999987
false_hotspot_js_0.1,false_hotspot,0.1,0.1,7,31,0.5875,0.5875,True,True,1.05,1.1,both_success,0.050000000000000044
false_hotspot_js_0.1,false_hotspot,0.1,0.1,7,32,0.0125,0.0625,False,False,,,both_timeout,
false_hotspot_js_0.1,false_hotspot,0.1,0.1,7,33,0.7375,0.5375,False,False,,,both_timeout,
false_hotspot_js_0.1,false_hotspot,0.1,0.1,7,34,0.7125,0.7625,True,True,1.25,1.35,both_success,0.10000000000000009
false_hotspot_js_0.1,false_hotspot,0.1,0.1,7,35,0.8375,0.5375,False,False,,,both_timeout,
false_hotspot_js_0.1,false_hotspot,0.1,0.1,7,36,0.7125,0.6375,True,True,1.05,1.1500000000000001,both_success,0.10000000000000009
false_hotspot_js_0.1,false_hotspot,0.1,0.1,7,37,0.6375,0.0125,False,False,,,both_timeout,
false_hotspot_js_0.1,false_hotspot,0.1,0.1,7,38,0.9375,0.8125,True,True,3.35,3.85,both_success,0.5
false_hotspot_js_0.1,false_hotspot,0.1,0.1,7,39,0.9125,0.4875,False,False,,,both_timeout,
false_hotspot_js_0.1,false_hotspot,0.1,0.1,7,40,0.7625,0.5875,True,False,1.35,,oracle_only,
false_hotspot_js_0.1,false_hotspot,0.1,0.1,7,41,0.5875,0.8625,False,True,,1.6,error_only,
false_hotspot_js_0.1,false_hotspot,0.1,0.1,7,42,0.7875,0.6875,True,True,1.2000000000000002,3.7,both_success,2.5
false_hotspot_js_0.1,false_hotspot,0.1,0.1,7,43,0.6875,0.8375,True,True,1.8,3.5,both_success,1.7
false_hotspot_js_0.1,false_hotspot,0.1,0.1,7,44,0.7625,0.7375,True,True,1.25,3.6500000000000004,both_success,2.4000000000000004
false_hotspot_js_0.1,false_hotspot,0.1,0.1,7,45,0.6375,0.7875,True,True,1.4500000000000002,1.4000000000000001,both_success,-0.050000000000000044
false_hotspot_js_0.1,false_hotspot,0.1,0.1,7,46,0.8625,0.3625,False,False,,,both_timeout,
false_hotspot_js_0.1,false_hotspot,0.1,0.1,7,47,0.5375,0.7125,True,True,2.2,1.3,both_success,-0.9000000000000001
false_hotspot_js_0.1,false_hotspot,0.1,0.1,7,48,0.7625,0.6875,True,True,1.1500000000000001,3.6500000000000004,both_success,2.5
false_hotspot_js_0.1,false_hotspot,0.1,0.1,7,49,0.9375,0.8375,True,True,3.4000000000000004,3.85,both_success,0.44999999999999973
false_hotspot_js_0.1,false_hotspot,0.1,0.1,7,50,0.6875,0.6375,True,True,1.05,1.1500000000000001,both_success,0.10000000000000009
false_hotspot_js_0.1,false_hotspot,0.1,0.1,7,51,0.9375,0.7125,True,True,3.1500000000000004,3.9000000000000004,both_success,0.75
false_hotspot_js_0.1,false_hotspot,0.1,0.1,7,52,0.0875,0.2625,False,False,,,both_timeout,
false_hotspot_js_0.1,false_hotspot,0.1,0.1,7,53,0.8375,0.6375,True,True,1.6,3.8000000000000003,both_success,2.2
false_hotspot_js_0.1,false_hotspot,0.1,0.1,7,54,0.7875,0.6125,True,True,1.4000000000000001,3.8000000000000003,both_success,2.4000000000000004
false_hotspot_js_0.1,false_hotspot,0.1,0.1,7,55,0.8125,0.4875,False,False,,,both_timeout,
false_hotspot_js_0.1,false_hotspot,0.1,0.1,7,56,0.7875,0.8125,True,True,1.35,3.6500000000000004,both_success,2.3000000000000003
false_hotspot_js_0.1,false_hotspot,0.1,0.1,7,57,0.7875,0.6375,True,True,1.4000000000000001,3.75,both_success,2.3499999999999996
false_hotspot_js_0.1,false_hotspot,0.1,0.1,7,58,0.5625,0.9625,False,False,,,both_timeout,
false_hotspot_js_0.1,false_hotspot,0.1,0.1,7,59,0.8625,0.7125,True,True,3.0500000000000003,3.75,both_success,0.6999999999999997
false_hotspot_js_0.1,false_hotspot,0.1,0.1,7,60,0.4125,0.7375,False,True,,1.8,error_only,
false_hotspot_js_0.1,false_hotspot,0.1,0.1,7,61,0.7625,0.7375,True,True,1.25,3.6500000000000004,both_success,2.4000000000000004
false_hotspot_js_0.1,false_hotspot,0.1,0.1,7,62,0.5875,0.7625,True,True,2.0500000000000003,1.4000000000000001,both_success,-0.6500000000000001
false_hotspot_js_0.1,false_hotspot,0.1,0.1,7,63,0.8125,0.4875,False,False,,,both_timeout,
false_hotspot_js_0.1,false_hotspot,0.1,0.1,11,0,0.6875,0.4625,False,False,,,both_timeout,
false_hotspot_js_0.1,false_hotspot,0.1,0.1,11,1,0.7375,0.6875,True,True,1.1500000000000001,3.6500000000000004,both_success,2.5
false_hotspot_js_0.1,false_hotspot,0.1,0.1,11,2,0.9875,0.7125,True,True,3.2,3.95,both_success,0.75
false_hotspot_js_0.1,false_hotspot,0.1,0.1,11,3,0.9125,0.1125,False,False,,,both_timeout,
false_hotspot_js_0.1,false_hotspot,0.1,0.1,11,4,0.7625,0.4875,False,False,,,both_timeout,
false_hotspot_js_0.1,false_hotspot,0.1,0.1,11,5,0.8125,0.8875,True,True,5.6000000000000005,3.7,both_success,-1.9000000000000004
false_hotspot_js_0.1,false_hotspot,0.1,0.1,11,6,0.8875,0.2875,False,False,,,both_timeout,
false_hotspot_js_0.1,false_hotspot,0.1,0.1,11,7,0.7125,0.4625,False,False,,,both_timeout,
false_hotspot_js_0.1,false_hotspot,0.1,0.1,11,8,0.7625,0.9125,True,True,5.45,5.45,both_success,0.0
false_hotspot_js_0.1,false_hotspot,0.1,0.1,11,9,0.6625,0.7375,True,True,1.2000000000000002,1.3,both_success,0.09999999999999987
false_hotspot_js_0.1,false_hotspot,0.1,0.1,11,10,0.7125,0.6375,True,True,1.05,1.1500000000000001,both_success,0.10000000000000009
false_hotspot_js_0.1,false_hotspot,0.1,0.1,11,11,0.7875,0.6875,True,True,1.2000000000000002,3.7,both_success,2.5
false_hotspot_js_0.1,false_hotspot,0.1,0.1,11,12,0.9125,0.7375,True,True,3.1500000000000004,3.8000000000000003,both_success,0.6499999999999999
false_hotspot_js_0.1,false_hotspot,0.1,0.1,11,13,0.8125,0.5875,False,False,,,both_timeout,
false_hotspot_js_0.1,false_hotspot,0.1,0.1,11,14,0.9875,0.4625,False,False,,,both_timeout,
false_hotspot_js_0.1,false_hotspot,0.1,0.1,11,15,0.5125,0.8125,False,True,,1.55,error_only,
false_hotspot_js_0.1,false_hotspot,0.1,0.1,11,16,0.4125,0.7625,False,True,,1.8,error_only,
false_hotspot_js_0.1,false_hotspot,0.1,0.1,11,17,0.7875,0.6875,True,True,1.2000000000000002,3.7,both_success,2.5
false_hotspot_js_0.1,false_hotspot,0.1,0.1,11,18,0.7875,0.8125,True,True,1.35,3.6500000000000004,both_success,2.3000000000000003
false_hotspot_js_0.1,false_hotspot,0.1,0.1,11,19,0.6125,0.7125,True,True,1.1500000000000001,1.25,both_success,0.09999999999999987
false_hotspot_js_0.1,false_hotspot,0.1,0.1,11,20,0.6625,0.9625,True,True,5.3500000000000005,5.3500000000000005,both_success,0.0
false_hotspot_js_0.1,false_hotspot,0.1,0.1,11,21,0.8875,0.5375,False,False,,,both_timeout,
false_hotspot_js_0.1,false_hotspot,0.1,0.1,11,22,0.6625,0.7125,True,True,1.1500000000000001,1.25,both_success,0.09999999999999987
false_hotspot_js_0.1,false_hotspot,0.1,0.1,11,23,0.6375,0.6875,True,True,1.1,1.2000000000000002,both_success,0.10000000000000009
false_hotspot_js_0.1,false_hotspot,0.1,0.1,11,24,0.6125,0.6375,True,True,1.05,1.1,both_success,0.050000000000000044
false_hotspot_js_0.1,false_hotspot,0.1,0.1,11,25,0.8625,0.7125,True,True,3.0500000000000003,3.75,both_success,0.6999999999999997
false_hotspot_js_0.1,false_hotspot,0.1,0.1,11,26,0.8375,0.5625,False,False,,,both_timeout,
false_hotspot_js_0.1,false_hotspot,0.1,0.1,11,27,0.6875,0.8125,True,True,1.4000000000000001,1.4500000000000002,both_success,0.050000000000000044
false_hotspot_js_0.1,false_hotspot,0.1,0.1,11,28,0.8625,0.8375,True,True,3.35,3.75,both_success,0.3999999999999999
false_hotspot_js_0.1,false_hotspot,0.1,0.1,11,29,0.6875,0.4625,False,False,,,both_timeout,
false_hotspot_js_0.1,false_hotspot,0.1,0.1,11,30,0.9875,0.6625,True,False,3.3000000000000003,,oracle_only,
false_hotspot_js_0.1,false_hotspot,0.1,0.1,11,31,0.8375,0.5875,False,False,,,both_timeout,
false_hotspot_js_0.1,false_hotspot,0.1,0.1,11,32,0.7875,0.3375,False,False,,,both_timeout,
false_hotspot_js_0.1,false_hotspot,0.1,0.1,11,33,0.7875,0.8625,True,True,1.5,3.6500000000000004,both_success,2.1500000000000004
false_hotspot_js_0.1,false_hotspot,0.1,0.1,11,34,0.7125,0.6625,True,True,1.1,1.2000000000000002,both_success,0.10000000000000009
false_hotspot_js_0.1,false_hotspot,0.1,0.1,11,35,0.7625,0.4875,False,False,,,both_timeout,
false_hotspot_js_0.1,false_hotspot,0.1,0.1,11,36,0.5375,0.7625,True,True,2.2,1.4000000000000001,both_success,-0.8
false_hotspot_js_0.1,false_hotspot,0.1,0.1,11,37,0.8625,0.5375,False,False,,,both_timeout,
false_hotspot_js_0.1,false_hotspot,0.1,0.1,11,38,0.8625,0.8625,True,True,6.0,3.75,both_success,-2.25
false_hotspot_js_0.1,false_hotspot,0.1,0.1,11,39,0.6875,0.5625,True,False,1.0,,oracle_only,
false_hotspot_js_0.1,false_hotspot,0.1,0.1,11,40,0.6375,0.1375,False,False,,,both_timeout,
false_hotspot_js_0.1,false_hotspot,0.1,0.1,11,41,0.8375,0.5375,False,False,,,both_timeout,
false_hotspot_js_0.1,false_hotspot,0.1,0.1,11,42,0.4875,0.6375,True,True,1.2000000000000002,1.35,both_success,0.1499999999999999
false_hotspot_js_0.1,false_hotspot,0.1,0.1,11,43,0.2375,0.6875,False,True,,2.2,error_only,
false_hotspot_js_0.1,false_hotspot,0.1,0.1,11,44,0.9375,0.8625,True,True,3.45,3.85,both_success,0.3999999999999999
false_hotspot_js_0.1,false_hotspot,0.1,0.1,11,45,0.7375,0.7625,True,True,1.25,3.6,both_success,2.35
false_hotspot_js_0.1,false_hotspot,0.1,0.1,11,46,0.9625,0.6125,False,False,,,both_timeout,
false_hotspot_js_0.1,false_hotspot,0.1,0.1,11,47,0.8875,0.0625,False,False,,,both_timeout,
false_hotspot_js_0.1,false_hotspot,0.1,0.1,11,48,0.6625,0.5125,True,False,1.0,,oracle_only,
false_hotspot_js_0.1,false_hotspot,0.1,0.1,11,49,0.7625,0.9875,True,True,5.15,5.15,both_success,0.0
false_hotspot_js_0.1,false_hotspot,0.1,0.1,11,50,0.8875,0.6625,True,True,3.1,3.85,both_success,0.75
false_hotspot_js_0.1,false_hotspot,0.1,0.1,11,51,0.6875,0.7625,True,True,1.25,1.35,both_success,0.10000000000000009
false_hotspot_js_0.1,false_hotspot,0.1,0.1,11,52,0.3125,0.2375,True,True,0.15000000000000002,0.15000000000000002,both_success,0.0
false_hotspot_js_0.1,false_hotspot,0.1,0.1,11,53,0.8125,0.1375,False,False,,,both_timeout,
false_hotspot_js_0.1,false_hotspot,0.1,0.1,11,54,0.6625,0.8375,True,True,1.9000000000000001,1.5,both_success,-0.40000000000000013
false_hotspot_js_0.1,false_hotspot,0.1,0.1,11,55,0.8375,0.7125,True,True,3.0500000000000003,3.75,both_success,0.6999999999999997
false_hotspot_js_0.1,false_hotspot,0.1,0.1,11,56,0.7125,0.6125,True,True,1.05,1.1,both_success,0.050000000000000044
false_hotspot_js_0.1,false_hotspot,0.1,0.1,11,57,0.7625,0.6125,True,True,1.3,3.75,both_success,2.45
false_hotspot_js_0.1,false_hotspot,0.1,0.1,11,58,0.6625,0.3625,False,False,,,both_timeout,
false_hotspot_js_0.1,false_hotspot,0.1,0.1,11,59,0.8375,0.5125,False,False,,,both_timeout,
false_hotspot_js_0.1,false_hotspot,0.1,0.1,11,60,0.1875,0.1125,True,True,0.0,0.0,both_success,0.0
false_hotspot_js_0.1,false_hotspot,0.1,0.1,11,61,0.5875,0.8375,False,True,,1.55,error_only,
false_hotspot_js_0.1,false_hotspot,0.1,0.1,11,62,0.9625,0.6625,True,True,3.25,4.0,both_success,0.75
false_hotspot_js_0.1,false_hotspot,0.1,0.1,11,63,0.6625,0.4625,True,False,2.45,,oracle_only,
false_hotspot_js_0.15,false_hotspot,0.15,0.1,7,0,0.6875,0.7375,True,True,1.2000000000000002,3.5500000000000003,both_success,2.35
false_hotspot_js_0.15,false_hotspot,0.15,0.1,7,1,0.8125,0.8625,True,True,1.5,3.7,both_success,2.2
false_hotspot_js_0.15,false_hotspot,0.15,0.1,7,2,0.8625,0.7875,True,True,3.2,3.75,both_success,0.5499999999999998
false_hotspot_js_0.15,false_hotspot,0.15,0.1,7,3,0.7625,0.5625,False,False,,,both_timeout,
false_hotspot_js_0.15,false_hotspot,0.15,0.1,7,4,0.6375,0.6125,True,True,1.05,1.1500000000000001,both_success,0.10000000000000009
false_hotspot_js_0.15,false_hotspot,0.15,0.1,7,5,0.0375,0.8625,False,False,,,both_timeout,
false_hotspot_js_0.15,false_hotspot,0.15,0.1,7,6,0.8875,0.0125,False,False,,,both_timeout,
false_hotspot_js_0.15,false_hotspot,0.15,0.1,7,7,0.8375,0.8125,True,True,3.2,3.75,both_success,0.5499999999999998
false_hotspot_js_0.15,false_hotspot,0.15,0.1,7,8,0.6375,0.8125,True,True,1.9500000000000002,3.45,both_success,1.5
false_hotspot_js_0.15,false_hotspot,0.15,0.1,7,9,0.0625,0.6875,False,True,,2.35,error_only,
false_hotspot_js_0.15,false_hotspot,0.15,0.1,7,10,0.6625,0.6125,True,True,1.05,1.1500000000000001,both_success,0.10000000000000009
false_hotspot_js_0.15,false_hotspot,0.15,0.1,7,11,0.8625,0.5875,False,False,,,both_timeout,
false_hotspot_js_0.15,false_hotspot,0.15,0.1,7,12,0.6625,0.5875,True,True,1.0,1.1500000000000001,both_success,0.15000000000000013
false_hotspot_js_0.15,false_hotspot,0.15,0.1,7,13,0.7875,0.6625,True,True,1.35,3.75,both_success,2.4
false_hotspot_js_0.15,false_hotspot,0.15,0.1,7,14,0.7625,0.6875,True,True,1.1500000000000001,3.7,both_success,2.55
false_hotspot_js_0.15,false_hotspot,0.15,0.1,7,15,0.6625,0.7125,True,True,1.1500000000000001,1.35,both_success,0.19999999999999996
false_hotspot_js_0.15,false_hotspot,0.15,0.1,7,16,0.7375,0.9875,True,True,5.2,5.2,both_success,0.0
false_hotspot_js_0.15,false_hotspot,0.15,0.1,7,17,0.6125,0.8125,True,True,2.0500000000000003,3.45,both_success,1.4
false_hotspot_js_0.15,false_hotspot,0.15,0.1,7,18,0.6625,0.7375,True,True,1.2000000000000002,3.5500000000000003,both_success,2.35
false_hotspot_js_0.15,false_hotspot,0.15,0.1,7,19,0.0375,0.9875,False,False,,,both_timeout,
false_hotspot_js_0.15,false_hotspot,0.15,0.1,7,20,0.6625,0.5625,True,True,1.0,1.1,both_success,0.10000000000000009
false_hotspot_js_0.15,false_hotspot,0.15,0.1,7,21,0.6625,0.5125,True,False,1.0,,oracle_only,
false_hotspot_js_0.15,false_hotspot,0.15,0.1,7,22,0.5875,0.7375,True,True,1.3,1.4000000000000001,both_success,0.10000000000000009
false_hotspot_js_0.15,false_hotspot,0.15,0.1,7,23,0.5125,0.1875,False,False,,,both_timeout,
false_hotspot_js_0.15,false_hotspot,0.15,0.1,7,24,0.0875,0.1625,False,False,,,both_timeout,
false_hotspot_js_0.15,false_hotspot,0.15,0.1,7,25,0.8125,0.6875,True,True,1.5,3.75,both_success,2.25
false_hotspot_js_0.15,false_hotspot,0.15,0.1,7,26,0.9625,0.6625,True,True,3.25,4.0,both_success,0.75
false_hotspot_js_0.15,false_hotspot,0.15,0.1,7,27,0.6625,0.8875,True,True,5.550000000000001,5.550000000000001,both_success,0.0
false_hotspot_js_0.15,false_hotspot,0.15,0.1,7,28,0.7125,0.7375,True,True,1.2000000000000002,3.6,both_success,2.4
false_hotspot_js_0.15,false_hotspot,0.15,0.1,7,29,0.8125,0.6875,True,True,1.5,3.75,both_success,2.25
false_hotspot_js_0.15,false_hotspot,0.15,0.1,7,30,0.7125,0.6875,True,True,1.1500000000000001,3.6500000000000004,both_success,2.5
false_hotspot_js_0.15,false_hotspot,0.15,0.1,7,31,0.5875,0.5875,True,True,1.05,1.2000000000000002,both_success,0.15000000000000013
false_hotspot_js_0.15,false_hotspot,0.15,0.1,7,32,0.0125,0.0625,False,False,,,both_timeout,
false_hotspot_js_0.15,false_hotspot,0.15,0.1,7,33,0.7375,0.5375,False,False,,,both_timeout,
false_hotspot_js_0.15,false_hotspot,0.15,0.1,7,34,0.7125,0.7625,True,True,1.25,3.6,both_success,2.35
false_hotspot_js_0.15,false_hotspot,0.15,0.1,7,35,0.8375,0.5375,False,False,,,both_timeout,
false_hotspot_js_0.15,false_hotspot,0.15,0.1,7,36,0.7125,0.6375,True,True,1.05,3.7,both_success,2.6500000000000004
false_hotspot_js_0.15,false_hotspot,0.15,0.1,7,37,0.6375,0.0125,False,False,,,both_timeout,
false_hotspot_js_0.15,false_hotspot,0.15,0.1,7,38,0.9375,0.8125,True,True,3.35,3.85,both_success,0.5
false_hotspot_js_0.15,false_hotspot,0.15,0.1,7,39,0.9125,0.4875,False,False,,,both_timeout,
false_hotspot_js_0.15,false_hotspot,0.15,0.1,7,40,0.7625,0.5875,True,False,1.35,,oracle_only,
false_hotspot_js_0.15,false_hotspot,0.15,0.1,7,41,0.5875,0.8625,False,False,,,both_timeout,
false_hotspot_js_0.15,false_hotspot,0.15,0.1,7,42,0.7875,0.6875,True,True,1.2000000000000002,3.7,both_success,2.5
false_hotspot_js_0.15,false_hotspot,0.15,0.1,7,43,0.6875,0.8375,True,True,1.8,3.5500000000000003,both_success,1.7500000000000002
false_hotspot_js_0.15,false_hotspot,0.15,0.1,7,44,0.7625,0.7375,True,True,1.25,3.6500000000000004,both_success,2.4000000000000004
false_hotspot_js_0.15,false_hotspot,0.15,0.1,7,45,0.6375,0.7875,True,True,1.4500000000000002,3.5,both_success,2.05
false_hotspot_js_0.15,false_hotspot,0.15,0.1,7,46,0.8625,0.3625,False,False,,,both_timeout,
false_hotspot_js_0.15,false_hotspot,0.15,0.1,7,47,0.5375,0.7125,True,True,2.2,1.4000000000000001,both_success,-0.8
false_hotspot_js_0.15,false_hotspot,0.15,0.1,7,48,0.7625,0.6875,True,True,1.1500000000000001,3.7,both_success,2.55
false_hotspot_js_0.15,false_hotspot,0.15,0.1,7,49,0.9375,0.8375,True,True,3.4000000000000004,3.85,both_success,0.44999999999999973
false_hotspot_js_0.15,false_hotspot,0.15,0.1,7,50,0.6875,0.6375,True,True,1.05,1.2000000000000002,both_success,0.15000000000000013
false_hotspot_js_0.15,false_hotspot,0.15,0.1,7,51,0.9375,0.7125,True,True,3.1500000000000004,3.9000000000000004,both_success,0.75
false_hotspot_js_0.15,false_hotspot,0.15,0.1,7,52,0.0875,0.2625,False,False,,,both_timeout,
false_hotspot_js_0.15,false_hotspot,0.15,0.1,7,53,0.8375,0.6375,True,True,1.6,3.8000000000000003,both_success,2.2
false_hotspot_js_0.15,false_hotspot,0.15,0.1,7,54,0.7875,0.6125,True,True,1.4000000000000001,3.8000000000000003,both_success,2.4000000000000004
false_hotspot_js_0.15,false_hotspot,0.15,0.1,7,55,0.8125,0.4875,False,False,,,both_timeout,
false_hotspot_js_0.15,false_hotspot,0.15,0.1,7,56,0.7875,0.8125,True,True,1.35,3.6500000000000004,both_success,2.3000000000000003
false_hotspot_js_0.15,false_hotspot,0.15,0.1,7,57,0.7875,0.6375,True,True,1.4000000000000001,3.75,both_success,2.3499999999999996
false_hotspot_js_0.15,false_hotspot,0.15,0.1,7,58,0.5625,0.9625,False,False,,,both_timeout,
false_hotspot_js_0.15,false_hotspot,0.15,0.1,7,59,0.8625,0.7125,True,True,3.0500000000000003,3.8000000000000003,both_success,0.75
false_hotspot_js_0.15,false_hotspot,0.15,0.1,7,60,0.4125,0.7375,False,True,,1.6,error_only,
false_hotspot_js_0.15,false_hotspot,0.15,0.1,7,61,0.7625,0.7375,True,True,1.25,3.6500000000000004,both_success,2.4000000000000004
false_hotspot_js_0.15,false_hotspot,0.15,0.1,7,62,0.5875,0.7625,True,True,2.0500000000000003,1.4500000000000002,both_success,-0.6000000000000001
false_hotspot_js_0.15,false_hotspot,0.15,0.1,7,63,0.8125,0.4875,False,False,,,both_timeout,
false_hotspot_js_0.15,false_hotspot,0.15,0.1,11,0,0.6875,0.4625,False,False,,,both_timeout,
false_hotspot_js_0.15,false_hotspot,0.15,0.1,11,1,0.7375,0.6875,True,True,1.1500000000000001,3.6500000000000004,both_success,2.5
false_hotspot_js_0.15,false_hotspot,0.15,0.1,11,2,0.9875,0.7125,True,True,3.2,4.0,both_success,0.7999999999999998
false_hotspot_js_0.15,false_hotspot,0.15,0.1,11,3,0.9125,0.1125,False,False,,,both_timeout,
false_hotspot_js_0.15,false_hotspot,0.15,0.1,11,4,0.7625,0.4875,False,False,,,both_timeout,
false_hotspot_js_0.15,false_hotspot,0.15,0.1,11,5,0.8125,0.8875,True,True,5.6000000000000005,3.7,both_success,-1.9000000000000004
false_hotspot_js_0.15,false_hotspot,0.15,0.1,11,6,0.8875,0.2875,False,False,,,both_timeout,
false_hotspot_js_0.15,false_hotspot,0.15,0.1,11,7,0.7125,0.4625,False,False,,,both_timeout,
false_hotspot_js_0.15,false_hotspot,0.15,0.1,11,8,0.7625,0.9125,True,True,5.45,5.45,both_success,0.0
false_hotspot_js_0.15,false_hotspot,0.15,0.1,11,9,0.6625,0.7375,True,True,1.2000000000000002,3.5500000000000003,both_success,2.35
false_hotspot_js_0.15,false_hotspot,0.15,0.1,11,10,0.7125,0.6375,True,True,1.05,3.7,both_success,2.6500000000000004
false_hotspot_js_0.15,false_hotspot,0.15,0.1,11,11,0.7875,0.6875,True,True,1.2000000000000002,3.7,both_success,2.5
false_hotspot_js_0.15,false_hotspot,0.15,0.1,11,12,0.9125,0.7375,True,True,3.1500000000000004,3.85,both_success,0.6999999999999997
false_hotspot_js_0.15,false_hotspot,0.15,0.1,11,13,0.8125,0.5875,False,False,,,both_timeout,
false_hotspot_js_0.15,false_hotspot,0.15,0.1,11,14,0.9875,0.4625,False,False,,,both_timeout,
false_hotspot_js_0.15,false_hotspot,0.15,0.1,11,15,0.5125,0.8125,False,True,,1.6,error_only,
false_hotspot_js_0.15,false_hotspot,0.15,0.1,11,16,0.4125,0.7625,False,True,,1.6500000000000001,error_only,
false_hotspot_js_0.15,false_hotspot,0.15,0.1,11,17,0.7875,0.6875,True,True,1.2000000000000002,3.7,both_success,2.5
false_hotspot_js_0.15,false_hotspot,0.15,0.1,11,18,0.7875,0.8125,True,True,1.35,3.6500000000000004,both_success,2.3000000000000003
false_hotspot_js_0.15,false_hotspot,0.15,0.1,11,19,0.6125,0.7125,True,True,1.1500000000000001,1.35,both_success,0.19999999999999996
false_hotspot_js_0.15,false_hotspot,0.15,0.1,11,20,0.6625,0.9625,True,True,5.3500000000000005,5.3500000000000005,both_success,0.0
false_hotspot_js_0.15,false_hotspot,0.15,0.1,11,21,0.8875,0.5375,False,False,,,both_timeout,
false_hotspot_js_0.15,false_hotspot,0.15,0.1,11,22,0.6625,0.7125,True,True,1.1500000000000001,1.35,both_success,0.19999999999999996
false_hotspot_js_0.15,false_hotspot,0.15,0.1,11,23,0.6375,0.6875,True,True,1.1,1.3,both_success,0.19999999999999996
false_hotspot_js_0.15,false_hotspot,0.15,0.1,11,24,0.6125,0.6375,True,True,1.05,1.2000000000000002,both_success,0.15000000000000013
false_hotspot_js_0.15,false_hotspot,0.15,0.1,11,25,0.8625,0.7125,True,True,3.0500000000000003,3.8000000000000003,both_success,0.75
false_hotspot_js_0.15,false_hotspot,0.15,0.1,11,26,0.8375,0.5625,False,False,,,both_timeout,
false_hotspot_js_0.15,false_hotspot,0.15,0.1,11,27,0.6875,0.8125,True,True,1.4000000000000001,3.5500000000000003,both_success,2.1500000000000004
false_hotspot_js_0.15,false_hotspot,0.15,0.1,11,28,0.8625,0.8375,True,True,3.35,3.75,both_success,0.3999999999999999
false_hotspot_js_0.15,false_hotspot,0.15,0.1,11,29,0.6875,0.4625,False,False,,,both_timeout,
false_hotspot_js_0.15,false_hotspot,0.15,0.1,11,30,0.9875,0.6625,True,True,3.3000000000000003,4.05,both_success,0.7499999999999996
false_hotspot_js_0.15,false_hotspot,0.15,0.1,11,31,0.8375,0.5875,False,False,,,both_timeout,
false_hotspot_js_0.15,false_hotspot,0.15,0.1,11,32,0.7875,0.3375,False,False,,,both_timeout,
false_hotspot_js_0.15,false_hotspot,0.15,0.1,11,33,0.7875,0.8625,True,True,1.5,3.6500000000000004,both_success,2.1500000000000004
false_hotspot_js_0.15,false_hotspot,0.15,0.1,11,34,0.7125,0.6625,True,True,1.1,3.6500000000000004,both_success,2.5500000000000003
false_hotspot_js_0.15,false_hotspot,0.15,0.1,11,35,0.7625,0.4875,False,False,,,both_timeout,
false_hotspot_js_0.15,false_hotspot,0.15,0.1,11,36,0.5375,0.7625,True,True,2.2,1.5,both_success,-0.7000000000000002
false_hotspot_js_0.15,false_hotspot,0.15,0.1,11,37,0.8625,0.5375,False,False,,,both_timeout,
false_hotspot_js_0.15,false_hotspot,0.15,0.1,11,38,0.8625,0.8625,True,True,6.0,3.75,both_success,-2.25
false_hotspot_js_0.15,false_hotspot,0.15,0.1,11,39,0.6875,0.5625,True,False,1.0,,oracle_only,
false_hotspot_js_0.15,false_hotspot,0.15,0.1,11,40,0.6375,0.1375,False,False,,,both_timeout,
false_hotspot_js_0.15,false_hotspot,0.15,0.1,11,41,0.8375,0.5375,False,False,,,both_timeout,
false_hotspot_js_0.15,false_hotspot,0.15,0.1,11,42,0.4875,0.6375,True,True,1.2000000000000002,1.5,both_success,0.2999999999999998
false_hotspot_js_0.15,false_hotspot,0.15,0.1,11,43,0.2375,0.6875,False,True,,2.0500000000000003,error_only,
false_hotspot_js_0.15,false_hotspot,0.15,0.1,11,44,0.9375,0.8625,True,True,3.45,3.9000000000000004,both_success,0.4500000000000002
false_hotspot_js_0.15,false_hotspot,0.15,0.1,11,45,0.7375,0.7625,True,True,1.25,3.6,both_success,2.35
false_hotspot_js_0.15,false_hotspot,0.15,0.1,11,46,0.9625,0.6125,False,False,,,both_timeout,
false_hotspot_js_0.15,false_hotspot,0.15,0.1,11,47,0.8875,0.0625,False,False,,,both_timeout,
false_hotspot_js_0.15,false_hotspot,0.15,0.1,11,48,0.6625,0.5125,True,False,1.0,,oracle_only,
false_hotspot_js_0.15,false_hotspot,0.15,0.1,11,49,0.7625,0.9875,True,True,5.15,5.15,both_success,0.0
false_hotspot_js_0.15,false_hotspot,0.15,0.1,11,50,0.8875,0.6625,True,True,3.1,3.85,both_success,0.75
false_hotspot_js_0.15,false_hotspot,0.15,0.1,11,51,0.6875,0.7625,True,True,1.25,3.5500000000000003,both_success,2.3000000000000003
false_hotspot_js_0.15,false_hotspot,0.15,0.1,11,52,0.3125,0.2375,True,True,0.15000000000000002,0.15000000000000002,both_success,0.0
false_hotspot_js_0.15,false_hotspot,0.15,0.1,11,53,0.8125,0.1375,False,False,,,both_timeout,
false_hotspot_js_0.15,false_hotspot,0.15,0.1,11,54,0.6625,0.8375,True,True,1.9000000000000001,3.5,both_success,1.5999999999999999
false_hotspot_js_0.15,false_hotspot,0.15,0.1,11,55,0.8375,0.7125,True,True,3.0500000000000003,3.75,both_success,0.6999999999999997
false_hotspot_js_0.15,false_hotspot,0.15,0.1,11,56,0.7125,0.6125,True,True,1.05,3.7,both_success,2.6500000000000004
false_hotspot_js_0.15,false_hotspot,0.15,0.1,11,57,0.7625,0.6125,True,True,1.3,3.75,both_success,2.45
false_hotspot_js_0.15,false_hotspot,0.15,0.1,11,58,0.6625,0.3625,False,False,,,both_timeout,
false_hotspot_js_0.15,false_hotspot,0.15,0.1,11,59,0.8375,0.5125,False,False,,,both_timeout,
false_hotspot_js_0.15,false_hotspot,0.15,0.1,11,60,0.1875,0.1125,True,True,0.0,0.0,both_success,0.0
false_hotspot_js_0.15,false_hotspot,0.15,0.1,11,61,0.5875,0.8375,False,True,,3.45,error_only,
false_hotspot_js_0.15,false_hotspot,0.15,0.1,11,62,0.9625,0.6625,True,True,3.25,4.0,both_success,0.75
false_hotspot_js_0.15,false_hotspot,0.15,0.1,11,63,0.6625,0.4625,True,False,2.45,,oracle_only,
false_negative_suppression_js_0.05,false_negative_suppression,0.05,0.1,7,0,0.6875,0.7375,True,True,1.2000000000000002,1.6,both_success,0.3999999999999999
false_negative_suppression_js_0.05,false_negative_suppression,0.05,0.1,7,1,0.8125,0.8625,True,True,1.5,5.800000000000001,both_success,4.300000000000001
false_negative_suppression_js_0.05,false_negative_suppression,0.05,0.1,7,2,0.8625,0.7875,True,True,3.2,2.95,both_success,-0.25
false_negative_suppression_js_0.05,false_negative_suppression,0.05,0.1,7,3,0.7625,0.5625,False,True,,1.4000000000000001,error_only,
false_negative_suppression_js_0.05,false_negative_suppression,0.05,0.1,7,4,0.6375,0.6125,True,True,1.05,1.05,both_success,0.0
false_negative_suppression_js_0.05,false_negative_suppression,0.05,0.1,7,5,0.0375,0.8625,False,False,,,both_timeout,
false_negative_suppression_js_0.05,false_negative_suppression,0.05,0.1,7,6,0.8875,0.0125,False,False,,,both_timeout,
false_negative_suppression_js_0.05,false_negative_suppression,0.05,0.1,7,7,0.8375,0.8125,True,True,3.2,2.95,both_success,-0.25
false_negative_suppression_js_0.05,false_negative_suppression,0.05,0.1,7,8,0.6375,0.8125,True,True,1.9500000000000002,1.85,both_success,-0.10000000000000009
false_negative_suppression_js_0.05,false_negative_suppression,0.05,0.1,7,9,0.0625,0.6875,False,False,,,both_timeout,
false_negative_suppression_js_0.05,false_negative_suppression,0.05,0.1,7,10,0.6625,0.6125,True,True,1.05,1.05,both_success,0.0
false_negative_suppression_js_0.05,false_negative_suppression,0.05,0.1,7,11,0.8625,0.5875,False,False,,,both_timeout,
false_negative_suppression_js_0.05,false_negative_suppression,0.05,0.1,7,12,0.6625,0.5875,True,True,1.0,1.05,both_success,0.050000000000000044
false_negative_suppression_js_0.05,false_negative_suppression,0.05,0.1,7,13,0.7875,0.6625,True,True,1.35,2.75,both_success,1.4
false_negative_suppression_js_0.05,false_negative_suppression,0.05,0.1,7,14,0.7625,0.6875,True,True,1.1500000000000001,1.4000000000000001,both_success,0.25
false_negative_suppression_js_0.05,false_negative_suppression,0.05,0.1,7,15,0.6625,0.7125,True,True,1.1500000000000001,1.55,both_success,0.3999999999999999
false_negative_suppression_js_0.05,false_negative_suppression,0.05,0.1,7,16,0.7375,0.9875,True,True,5.2,5.2,both_success,0.0
false_negative_suppression_js_0.05,false_negative_suppression,0.05,0.1,7,17,0.6125,0.8125,True,True,2.0500000000000003,1.85,both_success,-0.20000000000000018
false_negative_suppression_js_0.05,false_negative_suppression,0.05,0.1,7,18,0.6625,0.7375,True,True,1.2000000000000002,1.6,both_success,0.3999999999999999
false_negative_suppression_js_0.05,false_negative_suppression,0.05,0.1,7,19,0.0375,0.9875,False,False,,,both_timeout,
false_negative_suppression_js_0.05,false_negative_suppression,0.05,0.1,7,20,0.6625,0.5625,True,True,1.0,1.0,both_success,0.0
false_negative_suppression_js_0.05,false_negative_suppression,0.05,0.1,7,21,0.6625,0.5125,True,True,1.0,1.0,both_success,0.0
false_negative_suppression_js_0.05,false_negative_suppression,0.05,0.1,7,22,0.5875,0.7375,True,True,1.3,1.75,both_success,0.44999999999999996
false_negative_suppression_js_0.05,false_negative_suppression,0.05,0.1,7,23,0.5125,0.1875,False,False,,,both_timeout,
false_negative_suppression_js_0.05,false_negative_suppression,0.05,0.1,7,24,0.0875,0.1625,False,False,,,both_timeout,
false_negative_suppression_js_0.05,false_negative_suppression,0.05,0.1,7,25,0.8125,0.6875,True,True,1.5,2.8000000000000003,both_success,1.3000000000000003
false_negative_suppression_js_0.05,false_negative_suppression,0.05,0.1,7,26,0.9625,0.6625,True,True,3.25,2.95,both_success,-0.2999999999999998
false_negative_suppression_js_0.05,false_negative_suppression,0.05,0.1,7,27,0.6625,0.8875,True,True,5.550000000000001,5.550000000000001,both_success,0.0
false_negative_suppression_js_0.05,false_negative_suppression,0.05,0.1,7,28,0.7125,0.7375,True,True,1.2000000000000002,1.55,both_success,0.34999999999999987
false_negative_suppression_js_0.05,false_negative_suppression,0.05,0.1,7,29,0.8125,0.6875,True,True,1.5,2.8000000000000003,both_success,1.3000000000000003
false_negative_suppression_js_0.05,false_negative_suppression,0.05,0.1,7,30,0.7125,0.6875,True,True,1.1500000000000001,1.4000000000000001,both_success,0.25
false_negative_suppression_js_0.05,false_negative_suppression,0.05,0.1,7,31,0.5875,0.5875,True,True,1.05,1.05,both_success,0.0
false_negative_suppression_js_0.05,false_negative_suppression,0.05,0.1,7,32,0.0125,0.0625,False,False,,,both_timeout,
false_negative_suppression_js_0.05,false_negative_suppression,0.05,0.1,7,33,0.7375,0.5375,False,True,,1.25,error_only,
false_negative_suppression_js_0.05,false_negative_suppression,0.05,0.1,7,34,0.7125,0.7625,True,True,1.25,1.6500000000000001,both_success,0.40000000000000013
false_negative_suppression_js_0.05,false_negative_suppression,0.05,0.1,7,35,0.8375,0.5375,False,False,,,both_timeout,
false_negative_suppression_js_0.05,false_negative_suppression,0.05,0.1,7,36,0.7125,0.6375,True,True,1.05,1.1500000000000001,both_success,0.10000000000000009
false_negative_suppression_js_0.05,false_negative_suppression,0.05,0.1,7,37,0.6375,0.0125,False,False,,,both_timeout,
false_negative_suppression_js_0.05,false_negative_suppression,0.05,0.1,7,38,0.9375,0.8125,True,True,3.35,3.1,both_success,-0.25
false_negative_suppression_js_0.05,false_negative_suppression,0.05,0.1,7,39,0.9125,0.4875,False,False,,,both_timeout,
false_negative_suppression_js_0.05,false_negative_suppression,0.05,0.1,7,40,0.7625,0.5875,True,True,1.35,1.25,both_success,-0.10000000000000009
false_negative_suppression_js_0.05,false_negative_suppression,0.05,0.1,7,41,0.5875,0.8625,False,False,,,both_timeout,
false_negative_suppression_js_0.05,false_negative_suppression,0.05,0.1,7,42,0.7875,0.6875,True,True,1.2000000000000002,2.75,both_success,1.5499999999999998
false_negative_suppression_js_0.05,false_negative_suppression,0.05,0.1,7,43,0.6875,0.8375,True,True,1.8,2.6,both_success,0.8
false_negative_suppression_js_0.05,false_negative_suppression,0.05,0.1,7,44,0.7625,0.7375,True,True,1.25,2.75,both_success,1.5
false_negative_suppression_js_0.05,false_negative_suppression,0.05,0.1,7,45,0.6375,0.7875,True,True,1.4500000000000002,1.75,both_success,0.2999999999999998
false_negative_suppression_js_0.05,false_negative_suppression,0.05,0.1,7,46,0.8625,0.3625,False,False,,,both_timeout,
false_negative_suppression_js_0.05,false_negative_suppression,0.05,0.1,7,47,0.5375,0.7125,True,True,2.2,1.9000000000000001,both_success,-0.30000000000000004
false_negative_suppression_js_0.05,false_negative_suppression,0.05,0.1,7,48,0.7625,0.6875,True,True,1.1500000000000001,1.4000000000000001,both_success,0.25
false_negative_suppression_js_0.05,false_negative_suppression,0.05,0.1,7,49,0.9375,0.8375,True,True,3.4000000000000004,3.1500000000000004,both_success,-0.25
false_negative_suppression_js_0.05,false_negative_suppression,0.05,0.1,7,50,0.6875,0.6375,True,True,1.05,1.1,both_success,0.050000000000000044
false_negative_suppression_js_0.05,false_negative_suppression,0.05,0.1,7,51,0.9375,0.7125,True,True,3.1500000000000004,2.95,both_success,-0.20000000000000018
false_negative_suppression_js_0.05,false_negative_suppression,0.05,0.1,7,52,0.0875,0.2625,False,False,,,both_timeout,
false_negative_suppression_js_0.05,false_negative_suppression,0.05,0.1,7,53,0.8375,0.6375,True,True,1.6,2.8000000000000003,both_success,1.2000000000000002
false_negative_suppression_js_0.05,false_negative_suppression,0.05,0.1,7,54,0.7875,0.6125,True,True,1.4000000000000001,2.9000000000000004,both_success,1.5000000000000002
false_negative_suppression_js_0.05,false_negative_suppression,0.05,0.1,7,55,0.8125,0.4875,False,False,,,both_timeout,
false_negative_suppression_js_0.05,false_negative_suppression,0.05,0.1,7,56,0.7875,0.8125,True,True,1.35,2.85,both_success,1.5
false_negative_suppression_js_0.05,false_negative_suppression,0.05,0.1,7,57,0.7875,0.6375,True,True,1.4000000000000001,2.75,both_success,1.3499999999999999
false_negative_suppression_js_0.05,false_negative_suppression,0.05,0.1,7,58,0.5625,0.9625,False,False,,,both_timeout,
false_negative_suppression_js_0.05,false_negative_suppression,0.05,0.1,7,59,0.8625,0.7125,True,True,3.0500000000000003,2.9000000000000004,both_success,-0.1499999999999999
false_negative_suppression_js_0.05,false_negative_suppression,0.05,0.1,7,60,0.4125,0.7375,False,False,,,both_timeout,
false_negative_suppression_js_0.05,false_negative_suppression,0.05,0.1,7,61,0.7625,0.7375,True,True,1.25,2.75,both_success,1.5
false_negative_suppression_js_0.05,false_negative_suppression,0.05,0.1,7,62,0.5875,0.7625,True,True,2.0500000000000003,1.8,both_success,-0.2500000000000002
false_negative_suppression_js_0.05,false_negative_suppression,0.05,0.1,7,63,0.8125,0.4875,False,False,,,both_timeout,
false_negative_suppression_js_0.05,false_negative_suppression,0.05,0.1,11,0,0.6875,0.4625,False,True,,1.2000000000000002,error_only,
false_negative_suppression_js_0.05,false_negative_suppression,0.05,0.1,11,1,0.7375,0.6875,True,True,1.1500000000000001,1.4000000000000001,both_success,0.25
false_negative_suppression_js_0.05,false_negative_suppression,0.05,0.1,11,2,0.9875,0.7125,True,True,3.2,3.0500000000000003,both_success,-0.1499999999999999
false_negative_suppression_js_0.05,false_negative_suppression,0.05,0.1,11,3,0.9125,0.1125,False,False,,,both_timeout,
false_negative_suppression_js_0.05,false_negative_suppression,0.05,0.1,11,4,0.7625,0.4875,False,True,,1.5,error_only,
false_negative_suppression_js_0.05,false_negative_suppression,0.05,0.1,11,5,0.8125,0.8875,True,True,5.6000000000000005,5.6000000000000005,both_success,0.0
false_negative_suppression_js_0.05,false_negative_suppression,0.05,0.1,11,6,0.8875,0.2875,False,False,,,both_timeout,
false_negative_suppression_js_0.05,false_negative_suppression,0.05,0.1,11,7,0.7125,0.4625,False,True,,1.3,error_only,
false_negative_suppression_js_0.05,false_negative_suppression,0.05,0.1,11,8,0.7625,0.9125,True,True,5.45,5.45,both_success,0.0
false_negative_suppression_js_0.05,false_negative_suppression,0.05,0.1,11,9,0.6625,0.7375,True,True,1.2000000000000002,1.6,both_success,0.3999999999999999
false_negative_suppression_js_0.05,false_negative_suppression,0.05,0.1,11,10,0.7125,0.6375,True,True,1.05,1.1500000000000001,both_success,0.10000000000000009
false_negative_suppression_js_0.05,false_negative_suppression,0.05,0.1,11,11,0.7875,0.6875,True,True,1.2000000000000002,2.75,both_success,1.5499999999999998
false_negative_suppression_js_0.05,false_negative_suppression,0.05,0.1,11,12,0.9125,0.7375,True,True,3.1500000000000004,2.95,both_success,-0.20000000000000018
false_negative_suppression_js_0.05,false_negative_suppression,0.05,0.1,11,13,0.8125,0.5875,False,False,,,both_timeout,
false_negative_suppression_js_0.05,false_negative_suppression,0.05,0.1,11,14,0.9875,0.4625,False,False,,,both_timeout,
false_negative_suppression_js_0.05,false_negative_suppression,0.05,0.1,11,15,0.5125,0.8125,False,True,,2.1,error_only,
false_negative_suppression_js_0.05,false_negative_suppression,0.05,0.1,11,16,0.4125,0.7625,False,False,,,both_timeout,
false_negative_suppression_js_0.05,false_negative_suppression,0.05,0.1,11,17,0.7875,0.6875,True,True,1.2000000000000002,2.75,both_success,1.5499999999999998
false_negative_suppression_js_0.05,false_negative_suppression,0.05,0.1,11,18,0.7875,0.8125,True,True,1.35,2.85,both_success,1.5
false_negative_suppression_js_0.05,false_negative_suppression,0.05,0.1,11,19,0.6125,0.7125,True,True,1.1500000000000001,1.6500000000000001,both_success,0.5
false_negative_suppression_js_0.05,false_negative_suppression,0.05,0.1,11,20,0.6625,0.9625,True,True,5.3500000000000005,5.3500000000000005,both_success,0.0
false_negative_suppression_js_0.05,false_negative_suppression,0.05,0.1,11,21,0.8875,0.5375,False,False,,,both_timeout,
false_negative_suppression_js_0.05,false_negative_suppression,0.05,0.1,11,22,0.6625,0.7125,True,True,1.1500000000000001,1.55,both_success,0.3999999999999999
false_negative_suppression_js_0.05,false_negative_suppression,0.05,0.1,11,23,0.6375,0.6875,True,True,1.1,1.5,both_success,0.3999999999999999
false_negative_suppression_js_0.05,false_negative_suppression,0.05,0.1,11,24,0.6125,0.6375,True,True,1.05,1.05,both_success,0.0
false_negative_suppression_js_0.05,false_negative_suppression,0.05,0.1,11,25,0.8625,0.7125,True,True,3.0500000000000003,2.9000000000000004,both_success,-0.1499999999999999
false_negative_suppression_js_0.05,false_negative_suppression,0.05,0.1,11,26,0.8375,0.5625,False,False,,,both_timeout,
false_negative_suppression_js_0.05,false_negative_suppression,0.05,0.1,11,27,0.6875,0.8125,True,True,1.4000000000000001,1.75,both_success,0.34999999999999987
false_negative_suppression_js_0.05,false_negative_suppression,0.05,0.1,11,28,0.8625,0.8375,True,True,3.35,3.0500000000000003,both_success,-0.2999999999999998
false_negative_suppression_js_0.05,false_negative_suppression,0.05,0.1,11,29,0.6875,0.4625,False,True,,1.2000000000000002,error_only,
false_negative_suppression_js_0.05,false_negative_suppression,0.05,0.1,11,30,0.9875,0.6625,True,True,3.3000000000000003,3.0500000000000003,both_success,-0.25
false_negative_suppression_js_0.05,false_negative_suppression,0.05,0.1,11,31,0.8375,0.5875,False,False,,,both_timeout,
false_negative_suppression_js_0.05,false_negative_suppression,0.05,0.1,11,32,0.7875,0.3375,False,False,,,both_timeout,
false_negative_suppression_js_0.05,false_negative_suppression,0.05,0.1,11,33,0.7875,0.8625,True,True,1.5,5.75,both_success,4.25
false_negative_suppression_js_0.05,false_negative_suppression,0.05,0.1,11,34,0.7125,0.6625,True,True,1.1,1.3,both_success,0.19999999999999996
false_negative_suppression_js_0.05,false_negative_suppression,0.05,0.1,11,35,0.7625,0.4875,False,True,,1.5,error_only,
false_negative_suppression_js_0.05,false_negative_suppression,0.05,0.1,11,36,0.5375,0.7625,True,True,2.2,1.9500000000000002,both_success,-0.25
false_negative_suppression_js_0.05,false_negative_suppression,0.05,0.1,11,37,0.8625,0.5375,False,False,,,both_timeout,
false_negative_suppression_js_0.05,false_negative_suppression,0.05,0.1,11,38,0.8625,0.8625,True,True,6.0,3.1,both_success,-2.9
false_negative_suppression_js_0.05,false_negative_suppression,0.05,0.1,11,39,0.6875,0.5625,True,True,1.0,1.0,both_success,0.0
false_negative_suppression_js_0.05,false_negative_suppression,0.05,0.1,11,40,0.6375,0.1375,False,False,,,both_timeout,
false_negative_suppression_js_0.05,false_negative_suppression,0.05,0.1,11,41,0.8375,0.5375,False,False,,,both_timeout,
false_negative_suppression_js_0.05,false_negative_suppression,0.05,0.1,11,42,0.4875,0.6375,True,True,1.2000000000000002,2.0500000000000003,both_success,0.8500000000000001
false_negative_suppression_js_0.05,false_negative_suppression,0.05,0.1,11,43,0.2375,0.6875,False,False,,,both_timeout,
false_negative_suppression_js_0.05,false_negative_suppression,0.05,0.1,11,44,0.9375,0.8625,True,True,3.45,3.25,both_success,-0.20000000000000018
false_negative_suppression_js_0.05,false_negative_suppression,0.05,0.1,11,45,0.7375,0.7625,True,True,1.25,1.6,both_success,0.3500000000000001
false_negative_suppression_js_0.05,false_negative_suppression,0.05,0.1,11,46,0.9625,0.6125,False,False,,,both_timeout,
false_negative_suppression_js_0.05,false_negative_suppression,0.05,0.1,11,47,0.8875,0.0625,False,False,,,both_timeout,
false_negative_suppression_js_0.05,false_negative_suppression,0.05,0.1,11,48,0.6625,0.5125,True,True,1.0,1.0,both_success,0.0
false_negative_suppression_js_0.05,false_negative_suppression,0.05,0.1,11,49,0.7625,0.9875,True,True,5.15,5.15,both_success,0.0
false_negative_suppression_js_0.05,false_negative_suppression,0.05,0.1,11,50,0.8875,0.6625,True,True,3.1,2.85,both_success,-0.25
false_negative_suppression_js_0.05,false_negative_suppression,0.05,0.1,11,51,0.6875,0.7625,True,True,1.25,1.6500000000000001,both_success,0.40000000000000013
false_negative_suppression_js_0.05,false_negative_suppression,0.05,0.1,11,52,0.3125,0.2375,True,True,0.15000000000000002,0.15000000000000002,both_success,0.0
false_negative_suppression_js_0.05,false_negative_suppression,0.05,0.1,11,53,0.8125,0.1375,False,False,,,both_timeout,
false_negative_suppression_js_0.05,false_negative_suppression,0.05,0.1,11,54,0.6625,0.8375,True,True,1.9000000000000001,2.6,both_success,0.7
false_negative_suppression_js_0.05,false_negative_suppression,0.05,0.1,11,55,0.8375,0.7125,True,True,3.0500000000000003,2.85,both_success,-0.20000000000000018
false_negative_suppression_js_0.05,false_negative_suppression,0.05,0.1,11,56,0.7125,0.6125,True,True,1.05,1.1,both_success,0.050000000000000044
false_negative_suppression_js_0.05,false_negative_suppression,0.05,0.1,11,57,0.7625,0.6125,True,True,1.3,1.1500000000000001,both_success,-0.1499999999999999
false_negative_suppression_js_0.05,false_negative_suppression,0.05,0.1,11,58,0.6625,0.3625,False,False,,,both_timeout,
false_negative_suppression_js_0.05,false_negative_suppression,0.05,0.1,11,59,0.8375,0.5125,False,False,,,both_timeout,
false_negative_suppression_js_0.05,false_negative_suppression,0.05,0.1,11,60,0.1875,0.1125,True,True,0.0,0.0,both_success,0.0
false_negative_suppression_js_0.05,false_negative_suppression,0.05,0.1,11,61,0.5875,0.8375,False,False,,,both_timeout,
false_negative_suppression_js_0.05,false_negative_suppression,0.05,0.1,11,62,0.9625,0.6625,True,True,3.25,2.95,both_success,-0.2999999999999998
false_negative_suppression_js_0.05,false_negative_suppression,0.05,0.1,11,63,0.6625,0.4625,True,True,2.45,1.1500000000000001,both_success,-1.3
false_negative_suppression_js_0.1,false_negative_suppression,0.1,0.1,7,0,0.6875,0.7375,True,True,1.2000000000000002,2.6500000000000004,both_success,1.4500000000000002
false_negative_suppression_js_0.1,false_negative_suppression,0.1,0.1,7,1,0.8125,0.8625,True,True,1.5,5.800000000000001,both_success,4.300000000000001
false_negative_suppression_js_0.1,false_negative_suppression,0.1,0.1,7,2,0.8625,0.7875,True,True,3.2,3.0,both_success,-0.20000000000000018
false_negative_suppression_js_0.1,false_negative_suppression,0.1,0.1,7,3,0.7625,0.5625,False,True,,1.25,error_only,
false_negative_suppression_js_0.1,false_negative_suppression,0.1,0.1,7,4,0.6375,0.6125,True,True,1.05,1.05,both_success,0.0
false_negative_suppression_js_0.1,false_negative_suppression,0.1,0.1,7,5,0.0375,0.8625,False,False,,,both_timeout,
false_negative_suppression_js_0.1,false_negative_suppression,0.1,0.1,7,6,0.8875,0.0125,False,False,,,both_timeout,
false_negative_suppression_js_0.1,false_negative_suppression,0.1,0.1,7,7,0.8375,0.8125,True,True,3.2,3.0,both_success,-0.20000000000000018
false_negative_suppression_js_0.1,false_negative_suppression,0.1,0.1,7,8,0.6375,0.8125,True,True,1.9500000000000002,2.5500000000000003,both_success,0.6000000000000001
false_negative_suppression_js_0.1,false_negative_suppression,0.1,0.1,7,9,0.0625,0.6875,False,False,,,both_timeout,
false_negative_suppression_js_0.1,false_negative_suppression,0.1,0.1,7,10,0.6625,0.6125,True,True,1.05,1.1,both_success,0.050000000000000044
false_negative_suppression_js_0.1,false_negative_suppression,0.1,0.1,7,11,0.8625,0.5875,False,False,,,both_timeout,
false_negative_suppression_js_0.1,false_negative_suppression,0.1,0.1,7,12,0.6625,0.5875,True,True,1.0,1.05,both_success,0.050000000000000044
false_negative_suppression_js_0.1,false_negative_suppression,0.1,0.1,7,13,0.7875,0.6625,True,True,1.35,2.8000000000000003,both_success,1.4500000000000002
false_negative_suppression_js_0.1,false_negative_suppression,0.1,0.1,7,14,0.7625,0.6875,True,True,1.1500000000000001,2.75,both_success,1.5999999999999999
false_negative_suppression_js_0.1,false_negative_suppression,0.1,0.1,7,15,0.6625,0.7125,True,True,1.1500000000000001,1.75,both_success,0.5999999999999999
false_negative_suppression_js_0.1,false_negative_suppression,0.1,0.1,7,16,0.7375,0.9875,True,True,5.2,5.2,both_success,0.0
false_negative_suppression_js_0.1,false_negative_suppression,0.1,0.1,7,17,0.6125,0.8125,True,True,2.0500000000000003,2.45,both_success,0.3999999999999999
false_negative_suppression_js_0.1,false_negative_suppression,0.1,0.1,7,18,0.6625,0.7375,True,True,1.2000000000000002,2.6,both_success,1.4
false_negative_suppression_js_0.1,false_negative_suppression,0.1,0.1,7,19,0.0375,0.9875,False,False,,,both_timeout,
false_negative_suppression_js_0.1,false_negative_suppression,0.1,0.1,7,20,0.6625,0.5625,True,True,1.0,1.0,both_success,0.0
false_negative_suppression_js_0.1,false_negative_suppression,0.1,0.1,7,21,0.6625,0.5125,True,True,1.0,0.9500000000000001,both_success,-0.04999999999999993
false_negative_suppression_js_0.1,false_negative_suppression,0.1,0.1,7,22,0.5875,0.7375,True,True,1.3,1.85,both_success,0.55
false_negative_suppression_js_0.1,false_negative_suppression,0.1,0.1,7,23,0.5125,0.1875,False,False,,,both_timeout,
false_negative_suppression_js_0.1,false_negative_suppression,0.1,0.1,7,24,0.0875,0.1625,False,False,,,both_timeout,
false_negative_suppression_js_0.1,false_negative_suppression,0.1,0.1,7,25,0.8125,0.6875,True,True,1.5,2.85,both_success,1.35
false_negative_suppression_js_0.1,false_negative_suppression,0.1,0.1,7,26,0.9625,0.6625,True,True,3.25,3.0500000000000003,both_success,-0.19999999999999973
false_negative_suppression_js_0.1,false_negative_suppression,0.1,0.1,7,27,0.6625,0.8875,True,True,5.550000000000001,5.550000000000001,both_success,0.0
false_negative_suppression_js_0.1,false_negative_suppression,0.1,0.1,7,28,0.7125,0.7375,True,True,1.2000000000000002,2.7,both_success,1.5
false_negative_suppression_js_0.1,false_negative_suppression,0.1,0.1,7,29,0.8125,0.6875,True,True,1.5,2.85,both_success,1.35
false_negative_suppression_js_0.1,false_negative_suppression,0.1,0.1,7,30,0.7125,0.6875,True,True,1.1500000000000001,1.6500000000000001,both_success,0.5
false_negative_suppression_js_0.1,false_negative_suppression,0.1,0.1,7,31,0.5875,0.5875,True,True,1.05,1.05,both_success,0.0
false_negative_suppression_js_0.1,false_negative_suppression,0.1,0.1,7,32,0.0125,0.0625,False,False,,,both_timeout,
false_negative_suppression_js_0.1,false_negative_suppression,0.1,0.1,7,33,0.7375,0.5375,False,True,,1.1500000000000001,error_only,
false_negative_suppression_js_0.1,false_negative_suppression,0.1,0.1,7,34,0.7125,0.7625,True,True,1.25,2.75,both_success,1.5
false_negative_suppression_js_0.1,false_negative_suppression,0.1,0.1,7,35,0.8375,0.5375,False,False,,,both_timeout,
false_negative_suppression_js_0.1,false_negative_suppression,0.1,0.1,7,36,0.7125,0.6375,True,True,1.05,1.5,both_success,0.44999999999999996
false_negative_suppression_js_0.1,false_negative_suppression,0.1,0.1,7,37,0.6375,0.0125,False,False,,,both_timeout,
false_negative_suppression_js_0.1,false_negative_suppression,0.1,0.1,7,38,0.9375,0.8125,True,True,3.35,3.1500000000000004,both_success,-0.19999999999999973
false_negative_suppression_js_0.1,false_negative_suppression,0.1,0.1,7,39,0.9125,0.4875,False,False,,,both_timeout,
false_negative_suppression_js_0.1,false_negative_suppression,0.1,0.1,7,40,0.7625,0.5875,True,True,1.35,1.2000000000000002,both_success,-0.1499999999999999
false_negative_suppression_js_0.1,false_negative_suppression,0.1,0.1,7,41,0.5875,0.8625,False,False,,,both_timeout,
false_negative_suppression_js_0.1,false_negative_suppression,0.1,0.1,7,42,0.7875,0.6875,True,True,1.2000000000000002,2.8000000000000003,both_success,1.6
false_negative_suppression_js_0.1,false_negative_suppression,0.1,0.1,7,43,0.6875,0.8375,True,True,1.8,2.75,both_success,0.95
false_negative_suppression_js_0.1,false_negative_suppression,0.1,0.1,7,44,0.7625,0.7375,True,True,1.25,2.8000000000000003,both_success,1.5500000000000003
false_negative_suppression_js_0.1,false_negative_suppression,0.1,0.1,7,45,0.6375,0.7875,True,True,1.4500000000000002,2.5500000000000003,both_success,1.1
false_negative_suppression_js_0.1,false_negative_suppression,0.1,0.1,7,46,0.8625,0.3625,False,False,,,both_timeout,
false_negative_suppression_js_0.1,false_negative_suppression,0.1,0.1,7,47,0.5375,0.7125,True,True,2.2,1.9000000000000001,both_success,-0.30000000000000004
false_negative_suppression_js_0.1,false_negative_suppression,0.1,0.1,7,48,0.7625,0.6875,True,True,1.1500000000000001,2.75,both_success,1.5999999999999999
false_negative_suppression_js_0.1,false_negative_suppression,0.1,0.1,7,49,0.9375,0.8375,True,True,3.4000000000000004,3.25,both_success,-0.15000000000000036
false_negative_suppression_js_0.1,false_negative_suppression,0.1,0.1,7,50,0.6875,0.6375,True,True,1.05,1.5,both_success,0.44999999999999996
false_negative_suppression_js_0.1,false_negative_suppression,0.1,0.1,7,51,0.9375,0.7125,True,True,3.1500000000000004,3.0,both_success,-0.15000000000000036
false_negative_suppression_js_0.1,false_negative_suppression,0.1,0.1,7,52,0.0875,0.2625,False,False,,,both_timeout,
false_negative_suppression_js_0.1,false_negative_suppression,0.1,0.1,7,53,0.8375,0.6375,True,True,1.6,2.9000000000000004,both_success,1.3000000000000003
false_negative_suppression_js_0.1,false_negative_suppression,0.1,0.1,7,54,0.7875,0.6125,True,True,1.4000000000000001,3.0,both_success,1.5999999999999999
false_negative_suppression_js_0.1,false_negative_suppression,0.1,0.1,7,55,0.8125,0.4875,False,False,,,both_timeout,
false_negative_suppression_js_0.1,false_negative_suppression,0.1,0.1,7,56,0.7875,0.8125,True,True,1.35,2.9000000000000004,both_success,1.5500000000000003
false_negative_suppression_js_0.1,false_negative_suppression,0.1,0.1,7,57,0.7875,0.6375,True,True,1.4000000000000001,2.85,both_success,1.45
false_negative_suppression_js_0.1,false_negative_suppression,0.1,0.1,7,58,0.5625,0.9625,False,False,,,both_timeout,
false_negative_suppression_js_0.1,false_negative_suppression,0.1,0.1,7,59,0.8625,0.7125,True,True,3.0500000000000003,2.9000000000000004,both_success,-0.1499999999999999
false_negative_suppression_js_0.1,false_negative_suppression,0.1,0.1,7,60,0.4125,0.7375,False,True,,2.2,error_only,
false_negative_suppression_js_0.1,false_negative_suppression,0.1,0.1,7,61,0.7625,0.7375,True,True,1.25,2.8000000000000003,both_success,1.5500000000000003
false_negative_suppression_js_0.1,false_negative_suppression,0.1,0.1,7,62,0.5875,0.7625,True,True,2.0500000000000003,1.9000000000000001,both_success,-0.15000000000000013
false_negative_suppression_js_0.1,false_negative_suppression,0.1,0.1,7,63,0.8125,0.4875,False,False,,,both_timeout,
false_negative_suppression_js_0.1,false_negative_suppression,0.1,0.1,11,0,0.6875,0.4625,False,True,,1.1500000000000001,error_only,
false_negative_suppression_js_0.1,false_negative_suppression,0.1,0.1,11,1,0.7375,0.6875,True,True,1.1500000000000001,2.75,both_success,1.5999999999999999
false_negative_suppression_js_0.1,false_negative_suppression,0.1,0.1,11,2,0.9875,0.7125,True,True,3.2,3.0500000000000003,both_success,-0.1499999999999999
false_negative_suppression_js_0.1,false_negative_suppression,0.1,0.1,11,3,0.9125,0.1125,False,False,,,both_timeout,
false_negative_suppression_js_0.1,false_negative_suppression,0.1,0.1,11,4,0.7625,0.4875,False,True,,1.6500000000000001,error_only,
false_negative_suppression_js_0.1,false_negative_suppression,0.1,0.1,11,5,0.8125,0.8875,True,True,5.6000000000000005,5.6000000000000005,both_success,0.0
false_negative_suppression_js_0.1,false_negative_suppression,0.1,0.1,11,6,0.8875,0.2875,False,False,,,both_timeout,
false_negative_suppression_js_0.1,false_negative_suppression,0.1,0.1,11,7,0.7125,0.4625,False,True,,1.25,error_only,
false_negative_suppression_js_0.1,false_negative_suppression,0.1,0.1,11,8,0.7625,0.9125,True,True,5.45,5.45,both_success,0.0
false_negative_suppression_js_0.1,false_negative_suppression,0.1,0.1,11,9,0.6625,0.7375,True,True,1.2000000000000002,2.6,both_success,1.4
false_negative_suppression_js_0.1,false_negative_suppression,0.1,0.1,11,10,0.7125,0.6375,True,True,1.05,1.5,both_success,0.44999999999999996
false_negative_suppression_js_0.1,false_negative_suppression,0.1,0.1,11,11,0.7875,0.6875,True,True,1.2000000000000002,2.8000000000000003,both_success,1.6
false_negative_suppression_js_0.1,false_negative_suppression,0.1,0.1,11,12,0.9125,0.7375,True,True,3.1500000000000004,3.0,both_success,-0.15000000000000036
false_negative_suppression_js_0.1,false_negative_suppression,0.1,0.1,11,13,0.8125,0.5875,False,False,,,both_timeout,
false_negative_suppression_js_0.1,false_negative_suppression,0.1,0.1,11,14,0.9875,0.4625,False,False,,,both_timeout,
false_negative_suppression_js_0.1,false_negative_suppression,0.1,0.1,11,15,0.5125,0.8125,False,True,,2.4000000000000004,error_only,
false_negative_suppression_js_0.1,false_negative_suppression,0.1,0.1,11,16,0.4125,0.7625,False,True,,2.25,error_only,
false_negative_suppression_js_0.1,false_negative_suppression,0.1,0.1,11,17,0.7875,0.6875,True,True,1.2000000000000002,2.8000000000000003,both_success,1.6
false_negative_suppression_js_0.1,false_negative_suppression,0.1,0.1,11,18,0.7875,0.8125,True,True,1.35,2.9000000000000004,both_success,1.5500000000000003
false_negative_suppression_js_0.1,false_negative_suppression,0.1,0.1,11,19,0.6125,0.7125,True,True,1.1500000000000001,1.8,both_success,0.6499999999999999
false_negative_suppression_js_0.1,false_negative_suppression,0.1,0.1,11,20,0.6625,0.9625,True,True,5.3500000000000005,5.3500000000000005,both_success,0.0
false_negative_suppression_js_0.1,false_negative_suppression,0.1,0.1,11,21,0.8875,0.5375,False,False,,,both_timeout,
false_negative_suppression_js_0.1,false_negative_suppression,0.1,0.1,11,22,0.6625,0.7125,True,True,1.1500000000000001,1.75,both_success,0.5999999999999999
false_negative_suppression_js_0.1,false_negative_suppression,0.1,0.1,11,23,0.6375,0.6875,True,True,1.1,1.75,both_success,0.6499999999999999
false_negative_suppression_js_0.1,false_negative_suppression,0.1,0.1,11,24,0.6125,0.6375,True,True,1.05,1.6500000000000001,both_success,0.6000000000000001
false_negative_suppression_js_0.1,false_negative_suppression,0.1,0.1,11,25,0.8625,0.7125,True,True,3.0500000000000003,2.9000000000000004,both_success,-0.1499999999999999
false_negative_suppression_js_0.1,false_negative_suppression,0.1,0.1,11,26,0.8375,0.5625,False,False,,,both_timeout,
false_negative_suppression_js_0.1,false_negative_suppression,0.1,0.1,11,27,0.6875,0.8125,True,True,1.4000000000000001,2.7,both_success,1.3
false_negative_suppression_js_0.1,false_negative_suppression,0.1,0.1,11,28,0.8625,0.8375,True,True,3.35,3.1,both_success,-0.25
false_negative_suppression_js_0.1,false_negative_suppression,0.1,0.1,11,29,0.6875,0.4625,False,True,,1.1500000000000001,error_only,
false_negative_suppression_js_0.1,false_negative_suppression,0.1,0.1,11,30,0.9875,0.6625,True,True,3.3000000000000003,3.1,both_success,-0.20000000000000018
false_negative_suppression_js_0.1,false_negative_suppression,0.1,0.1,11,31,0.8375,0.5875,False,False,,,both_timeout,
false_negative_suppression_js_0.1,false_negative_suppression,0.1,0.1,11,32,0.7875,0.3375,False,False,,,both_timeout,
false_negative_suppression_js_0.1,false_negative_suppression,0.1,0.1,11,33,0.7875,0.8625,True,True,1.5,5.75,both_success,4.25
false_negative_suppression_js_0.1,false_negative_suppression,0.1,0.1,11,34,0.7125,0.6625,True,True,1.1,1.6,both_success,0.5
false_negative_suppression_js_0.1,false_negative_suppression,0.1,0.1,11,35,0.7625,0.4875,False,True,,1.6500000000000001,error_only,
false_negative_suppression_js_0.1,false_negative_suppression,0.1,0.1,11,36,0.5375,0.7625,True,True,2.2,2.0,both_success,-0.20000000000000018
false_negative_suppression_js_0.1,false_negative_suppression,0.1,0.1,11,37,0.8625,0.5375,False,False,,,both_timeout,
false_negative_suppression_js_0.1,false_negative_suppression,0.1,0.1,11,38,0.8625,0.8625,True,True,6.0,6.0,both_success,0.0
false_negative_suppression_js_0.1,false_negative_suppression,0.1,0.1,11,39,0.6875,0.5625,True,True,1.0,1.0,both_success,0.0
false_negative_suppression_js_0.1,false_negative_suppression,0.1,0.1,11,40,0.6375,0.1375,False,False,,,both_timeout,
false_negative_suppression_js_0.1,false_negative_suppression,0.1,0.1,11,41,0.8375,0.5375,False,False,,,both_timeout,
false_negative_suppression_js_0.1,false_negative_suppression,0.1,0.1,11,42,0.4875,0.6375,True,True,1.2000000000000002,2.0,both_success,0.7999999999999998
false_negative_suppression_js_0.1,false_negative_suppression,0.1,0.1,11,43,0.2375,0.6875,False,False,,,both_timeout,
false_negative_suppression_js_0.1,false_negative_suppression,0.1,0.1,11,44,0.9375,0.8625,True,True,3.45,3.3000000000000003,both_success,-0.1499999999999999
false_negative_suppression_js_0.1,false_negative_suppression,0.1,0.1,11,45,0.7375,0.7625,True,True,1.25,2.8000000000000003,both_success,1.5500000000000003
false_negative_suppression_js_0.1,false_negative_suppression,0.1,0.1,11,46,0.9625,0.6125,False,False,,,both_timeout,
false_negative_suppression_js_0.1,false_negative_suppression,0.1,0.1,11,47,0.8875,0.0625,False,False,,,both_timeout,
false_negative_suppression_js_0.1,false_negative_suppression,0.1,0.1,11,48,0.6625,0.5125,True,True,1.0,0.9500000000000001,both_success,-0.04999999999999993
false_negative_suppression_js_0.1,false_negative_suppression,0.1,0.1,11,49,0.7625,0.9875,True,True,5.15,5.15,both_success,0.0
false_negative_suppression_js_0.1,false_negative_suppression,0.1,0.1,11,50,0.8875,0.6625,True,True,3.1,2.95,both_success,-0.1499999999999999
false_negative_suppression_js_0.1,false_negative_suppression,0.1,0.1,11,51,0.6875,0.7625,True,True,1.25,2.7,both_success,1.4500000000000002
false_negative_suppression_js_0.1,false_negative_suppression,0.1,0.1,11,52,0.3125,0.2375,True,True,0.15000000000000002,0.15000000000000002,both_success,0.0
false_negative_suppression_js_0.1,false_negative_suppression,0.1,0.1,11,53,0.8125,0.1375,False,False,,,both_timeout,
false_negative_suppression_js_0.1,false_negative_suppression,0.1,0.1,11,54,0.6625,0.8375,True,True,1.9000000000000001,2.6500000000000004,both_success,0.7500000000000002
false_negative_suppression_js_0.1,false_negative_suppression,0.1,0.1,11,55,0.8375,0.7125,True,True,3.0500000000000003,2.9000000000000004,both_success,-0.1499999999999999
false_negative_suppression_js_0.1,false_negative_suppression,0.1,0.1,11,56,0.7125,0.6125,True,True,1.05,1.3,both_success,0.25
false_negative_suppression_js_0.1,false_negative_suppression,0.1,0.1,11,57,0.7625,0.6125,True,True,1.3,1.35,both_success,0.050000000000000044
false_negative_suppression_js_0.1,false_negative_suppression,0.1,0.1,11,58,0.6625,0.3625,False,False,,,both_timeout,
false_negative_suppression_js_0.1,false_negative_suppression,0.1,0.1,11,59,0.8375,0.5125,False,False,,,both_timeout,
false_negative_suppression_js_0.1,false_negative_suppression,0.1,0.1,11,60,0.1875,0.1125,True,True,0.0,0.0,both_success,0.0
false_negative_suppression_js_0.1,false_negative_suppression,0.1,0.1,11,61,0.5875,0.8375,False,True,,2.5500000000000003,error_only,
false_negative_suppression_js_0.1,false_negative_suppression,0.1,0.1,11,62,0.9625,0.6625,True,True,3.25,3.0500000000000003,both_success,-0.19999999999999973
false_negative_suppression_js_0.1,false_negative_suppression,0.1,0.1,11,63,0.6625,0.4625,True,True,2.45,1.1,both_success,-1.35
false_negative_suppression_js_0.15,false_negative_suppression,0.15,0.1,7,0,0.6875,0.7375,True,True,1.2000000000000002,2.75,both_success,1.5499999999999998
false_negative_suppression_js_0.15,false_negative_suppression,0.15,0.1,7,1,0.8125,0.8625,True,True,1.5,5.800000000000001,both_success,4.300000000000001
false_negative_suppression_js_0.15,false_negative_suppression,0.15,0.1,7,2,0.8625,0.7875,True,True,3.2,3.1,both_success,-0.10000000000000009
false_negative_suppression_js_0.15,false_negative_suppression,0.15,0.1,7,3,0.7625,0.5625,False,True,,1.35,error_only,
false_negative_suppression_js_0.15,false_negative_suppression,0.15,0.1,7,4,0.6375,0.6125,True,True,1.05,1.6500000000000001,both_success,0.6000000000000001
false_negative_suppression_js_0.15,false_negative_suppression,0.15,0.1,7,5,0.0375,0.8625,False,False,,,both_timeout,
false_negative_suppression_js_0.15,false_negative_suppression,0.15,0.1,7,6,0.8875,0.0125,False,False,,,both_timeout,
false_negative_suppression_js_0.15,false_negative_suppression,0.15,0.1,7,7,0.8375,0.8125,True,True,3.2,3.1,both_success,-0.10000000000000009
false_negative_suppression_js_0.15,false_negative_suppression,0.15,0.1,7,8,0.6375,0.8125,True,True,1.9500000000000002,2.75,both_success,0.7999999999999998
false_negative_suppression_js_0.15,false_negative_suppression,0.15,0.1,7,9,0.0625,0.6875,False,False,,,both_timeout,
false_negative_suppression_js_0.15,false_negative_suppression,0.15,0.1,7,10,0.6625,0.6125,True,True,1.05,1.6500000000000001,both_success,0.6000000000000001
false_negative_suppression_js_0.15,false_negative_suppression,0.15,0.1,7,11,0.8625,0.5875,False,False,,,both_timeout,
false_negative_suppression_js_0.15,false_negative_suppression,0.15,0.1,7,12,0.6625,0.5875,True,True,1.0,1.55,both_success,0.55
false_negative_suppression_js_0.15,false_negative_suppression,0.15,0.1,7,13,0.7875,0.6625,True,True,1.35,2.9000000000000004,both_success,1.5500000000000003
false_negative_suppression_js_0.15,false_negative_suppression,0.15,0.1,7,14,0.7625,0.6875,True,True,1.1500000000000001,2.85,both_success,1.7
false_negative_suppression_js_0.15,false_negative_suppression,0.15,0.1,7,15,0.6625,0.7125,True,True,1.1500000000000001,2.7,both_success,1.55
false_negative_suppression_js_0.15,false_negative_suppression,0.15,0.1,7,16,0.7375,0.9875,True,True,5.2,5.2,both_success,0.0
false_negative_suppression_js_0.15,false_negative_suppression,0.15,0.1,7,17,0.6125,0.8125,True,True,2.0500000000000003,2.6500000000000004,both_success,0.6000000000000001
false_negative_suppression_js_0.15,false_negative_suppression,0.15,0.1,7,18,0.6625,0.7375,True,True,1.2000000000000002,2.75,both_success,1.5499999999999998
false_negative_suppression_js_0.15,false_negative_suppression,0.15,0.1,7,19,0.0375,0.9875,False,False,,,both_timeout,
false_negative_suppression_js_0.15,false_negative_suppression,0.15,0.1,7,20,0.6625,0.5625,True,True,1.0,1.05,both_success,0.050000000000000044
false_negative_suppression_js_0.15,false_negative_suppression,0.15,0.1,7,21,0.6625,0.5125,True,True,1.0,0.9500000000000001,both_success,-0.04999999999999993
false_negative_suppression_js_0.15,false_negative_suppression,0.15,0.1,7,22,0.5875,0.7375,True,True,1.3,2.3000000000000003,both_success,1.0000000000000002
false_negative_suppression_js_0.15,false_negative_suppression,0.15,0.1,7,23,0.5125,0.1875,False,False,,,both_timeout,
false_negative_suppression_js_0.15,false_negative_suppression,0.15,0.1,7,24,0.0875,0.1625,False,False,,,both_timeout,
false_negative_suppression_js_0.15,false_negative_suppression,0.15,0.1,7,25,0.8125,0.6875,True,True,1.5,2.9000000000000004,both_success,1.4000000000000004
false_negative_suppression_js_0.15,false_negative_suppression,0.15,0.1,7,26,0.9625,0.6625,True,True,3.25,3.2,both_success,-0.04999999999999982
false_negative_suppression_js_0.15,false_negative_suppression,0.15,0.1,7,27,0.6625,0.8875,True,True,5.550000000000001,5.550000000000001,both_success,0.0
false_negative_suppression_js_0.15,false_negative_suppression,0.15,0.1,7,28,0.7125,0.7375,True,True,1.2000000000000002,2.8000000000000003,both_success,1.6
false_negative_suppression_js_0.15,false_negative_suppression,0.15,0.1,7,29,0.8125,0.6875,True,True,1.5,2.9000000000000004,both_success,1.4000000000000004
false_negative_suppression_js_0.15,false_negative_suppression,0.15,0.1,7,30,0.7125,0.6875,True,True,1.1500000000000001,2.8000000000000003,both_success,1.6500000000000001
false_negative_suppression_js_0.15,false_negative_suppression,0.15,0.1,7,31,0.5875,0.5875,True,True,1.05,1.7000000000000002,both_success,0.6500000000000001
false_negative_suppression_js_0.15,false_negative_suppression,0.15,0.1,7,32,0.0125,0.0625,False,False,,,both_timeout,
false_negative_suppression_js_0.15,false_negative_suppression,0.15,0.1,7,33,0.7375,0.5375,False,True,,1.1500000000000001,error_only,
false_negative_suppression_js_0.15,false_negative_suppression,0.15,0.1,7,34,0.7125,0.7625,True,True,1.25,2.85,both_success,1.6
false_negative_suppression_js_0.15,false_negative_suppression,0.15,0.1,7,35,0.8375,0.5375,False,False,,,both_timeout,
false_negative_suppression_js_0.15,false_negative_suppression,0.15,0.1,7,36,0.7125,0.6375,True,True,1.05,2.95,both_success,1.9000000000000001
false_negative_suppression_js_0.15,false_negative_suppression,0.15,0.1,7,37,0.6375,0.0125,False,False,,,both_timeout,
false_negative_suppression_js_0.15,false_negative_suppression,0.15,0.1,7,38,0.9375,0.8125,True,True,3.35,3.25,both_success,-0.10000000000000009
false_negative_suppression_js_0.15,false_negative_suppression,0.15,0.1,7,39,0.9125,0.4875,False,False,,,both_timeout,
false_negative_suppression_js_0.15,false_negative_suppression,0.15,0.1,7,40,0.7625,0.5875,True,False,1.35,,oracle_only,
false_negative_suppression_js_0.15,false_negative_suppression,0.15,0.1,7,41,0.5875,0.8625,False,True,,2.7,error_only,
false_negative_suppression_js_0.15,false_negative_suppression,0.15,0.1,7,42,0.7875,0.6875,True,True,1.2000000000000002,2.9000000000000004,both_success,1.7000000000000002
false_negative_suppression_js_0.15,false_negative_suppression,0.15,0.1,7,43,0.6875,0.8375,True,True,1.8,2.85,both_success,1.05
false_negative_suppression_js_0.15,false_negative_suppression,0.15,0.1,7,44,0.7625,0.7375,True,True,1.25,2.9000000000000004,both_success,1.6500000000000004
false_negative_suppression_js_0.15,false_negative_suppression,0.15,0.1,7,45,0.6375,0.7875,True,True,1.4500000000000002,2.7,both_success,1.25
false_negative_suppression_js_0.15,false_negative_suppression,0.15,0.1,7,46,0.8625,0.3625,False,False,,,both_timeout,
false_negative_suppression_js_0.15,false_negative_suppression,0.15,0.1,7,47,0.5375,0.7125,True,True,2.2,1.9500000000000002,both_success,-0.25
false_negative_suppression_js_0.15,false_negative_suppression,0.15,0.1,7,48,0.7625,0.6875,True,True,1.1500000000000001,2.85,both_success,1.7
false_negative_suppression_js_0.15,false_negative_suppression,0.15,0.1,7,49,0.9375,0.8375,True,True,3.4000000000000004,3.3000000000000003,both_success,-0.10000000000000009
false_negative_suppression_js_0.15,false_negative_suppression,0.15,0.1,7,50,0.6875,0.6375,True,True,1.05,1.6500000000000001,both_success,0.6000000000000001
false_negative_suppression_js_0.15,false_negative_suppression,0.15,0.1,7,51,0.9375,0.7125,True,True,3.1500000000000004,3.0500000000000003,both_success,-0.10000000000000009
false_negative_suppression_js_0.15,false_negative_suppression,0.15,0.1,7,52,0.0875,0.2625,False,False,,,both_timeout,
false_negative_suppression_js_0.15,false_negative_suppression,0.15,0.1,7,53,0.8375,0.6375,True,True,1.6,3.0500000000000003,both_success,1.4500000000000002
false_negative_suppression_js_0.15,false_negative_suppression,0.15,0.1,7,54,0.7875,0.6125,True,True,1.4000000000000001,3.1500000000000004,both_success,1.7500000000000002
false_negative_suppression_js_0.15,false_negative_suppression,0.15,0.1,7,55,0.8125,0.4875,False,False,,,both_timeout,
false_negative_suppression_js_0.15,false_negative_suppression,0.15,0.1,7,56,0.7875,0.8125,True,True,1.35,3.0,both_success,1.65
false_negative_suppression_js_0.15,false_negative_suppression,0.15,0.1,7,57,0.7875,0.6375,True,True,1.4000000000000001,3.0,both_success,1.5999999999999999
false_negative_suppression_js_0.15,false_negative_suppression,0.15,0.1,7,58,0.5625,0.9625,False,False,,,both_timeout,
false_negative_suppression_js_0.15,false_negative_suppression,0.15,0.1,7,59,0.8625,0.7125,True,True,3.0500000000000003,3.0,both_success,-0.050000000000000266
false_negative_suppression_js_0.15,false_negative_suppression,0.15,0.1,7,60,0.4125,0.7375,False,True,,2.15,error_only,
false_negative_suppression_js_0.15,false_negative_suppression,0.15,0.1,7,61,0.7625,0.7375,True,True,1.25,2.9000000000000004,both_success,1.6500000000000004
false_negative_suppression_js_0.15,false_negative_suppression,0.15,0.1,7,62,0.5875,0.7625,True,True,2.0500000000000003,2.5,both_success,0.44999999999999973
false_negative_suppression_js_0.15,false_negative_suppression,0.15,0.1,7,63,0.8125,0.4875,False,False,,,both_timeout,
false_negative_suppression_js_0.15,false_negative_suppression,0.15,0.1,11,0,0.6875,0.4625,False,True,,1.1,error_only,
false_negative_suppression_js_0.15,false_negative_suppression,0.15,0.1,11,1,0.7375,0.6875,True,True,1.1500000000000001,2.8000000000000003,both_success,1.6500000000000001
false_negative_suppression_js_0.15,false_negative_suppression,0.15,0.1,11,2,0.9875,0.7125,True,True,3.2,3.1500000000000004,both_success,-0.04999999999999982
false_negative_suppression_js_0.15,false_negative_suppression,0.15,0.1,11,3,0.9125,0.1125,False,False,,,both_timeout,
false_negative_suppression_js_0.15,false_negative_suppression,0.15,0.1,11,4,0.7625,0.4875,False,False,,,both_timeout,
false_negative_suppression_js_0.15,false_negative_suppression,0.15,0.1,11,5,0.8125,0.8875,True,True,5.6000000000000005,5.6000000000000005,both_success,0.0
false_negative_suppression_js_0.15,false_negative_suppression,0.15,0.1,11,6,0.8875,0.2875,False,False,,,both_timeout,
false_negative_suppression_js_0.15,false_negative_suppression,0.15,0.1,11,7,0.7125,0.4625,False,True,,1.2000000000000002,error_only,
false_negative_suppression_js_0.15,false_negative_suppression,0.15,0.1,11,8,0.7625,0.9125,True,True,5.45,5.45,both_success,0.0
false_negative_suppression_js_0.15,false_negative_suppression,0.15,0.1,11,9,0.6625,0.7375,True,True,1.2000000000000002,2.75,both_success,1.5499999999999998
false_negative_suppression_js_0.15,false_negative_suppression,0.15,0.1,11,10,0.7125,0.6375,True,True,1.05,2.95,both_success,1.9000000000000001
false_negative_suppression_js_0.15,false_negative_suppression,0.15,0.1,11,11,0.7875,0.6875,True,True,1.2000000000000002,2.9000000000000004,both_success,1.7000000000000002
false_negative_suppression_js_0.15,false_negative_suppression,0.15,0.1,11,12,0.9125,0.7375,True,True,3.1500000000000004,3.0500000000000003,both_success,-0.10000000000000009
false_negative_suppression_js_0.15,false_negative_suppression,0.15,0.1,11,13,0.8125,0.5875,False,False,,,both_timeout,
false_negative_suppression_js_0.15,false_negative_suppression,0.15,0.1,11,14,0.9875,0.4625,False,False,,,both_timeout,
false_negative_suppression_js_0.15,false_negative_suppression,0.15,0.1,11,15,0.5125,0.8125,False,True,,2.5,error_only,
false_negative_suppression_js_0.15,false_negative_suppression,0.15,0.1,11,16,0.4125,0.7625,False,True,,2.15,error_only,
false_negative_suppression_js_0.15,false_negative_suppression,0.15,0.1,11,17,0.7875,0.6875,True,True,1.2000000000000002,2.9000000000000004,both_success,1.7000000000000002
false_negative_suppression_js_0.15,false_negative_suppression,0.15,0.1,11,18,0.7875,0.8125,True,True,1.35,3.0,both_success,1.65
false_negative_suppression_js_0.15,false_negative_suppression,0.15,0.1,11,19,0.6125,0.7125,True,True,1.1500000000000001,2.6,both_success,1.45
false_negative_suppression_js_0.15,false_negative_suppression,0.15,0.1,11,20,0.6625,0.9625,True,True,5.3500000000000005,5.3500000000000005,both_success,0.0
false_negative_suppression_js_0.15,false_negative_suppression,0.15,0.1,11,21,0.8875,0.5375,False,False,,,both_timeout,
false_negative_suppression_js_0.15,false_negative_suppression,0.15,0.1,11,22,0.6625,0.7125,True,True,1.1500000000000001,2.7,both_success,1.55
false_negative_suppression_js_0.15,false_negative_suppression,0.15,0.1,11,23,0.6375,0.6875,True,True,1.1,2.6500000000000004,both_success,1.5500000000000003
false_negative_suppression_js_0.15,false_negative_suppression,0.15,0.1,11,24,0.6125,0.6375,True,True,1.05,1.75,both_success,0.7
false_negative_suppression_js_0.15,false_negative_suppression,0.15,0.1,11,25,0.8625,0.7125,True,True,3.0500000000000003,3.0,both_success,-0.050000000000000266
false_negative_suppression_js_0.15,false_negative_suppression,0.15,0.1,11,26,0.8375,0.5625,False,False,,,both_timeout,
false_negative_suppression_js_0.15,false_negative_suppression,0.15,0.1,11,27,0.6875,0.8125,True,True,1.4000000000000001,2.85,both_success,1.45
false_negative_suppression_js_0.15,false_negative_suppression,0.15,0.1,11,28,0.8625,0.8375,True,True,3.35,3.2,both_success,-0.1499999999999999
false_negative_suppression_js_0.15,false_negative_suppression,0.15,0.1,11,29,0.6875,0.4625,False,True,,1.1,error_only,
false_negative_suppression_js_0.15,false_negative_suppression,0.15,0.1,11,30,0.9875,0.6625,True,True,3.3000000000000003,3.25,both_success,-0.050000000000000266
false_negative_suppression_js_0.15,false_negative_suppression,0.15,0.1,11,31,0.8375,0.5875,False,False,,,both_timeout,
false_negative_suppression_js_0.15,false_negative_suppression,0.15,0.1,11,32,0.7875,0.3375,False,False,,,both_timeout,
false_negative_suppression_js_0.15,false_negative_suppression,0.15,0.1,11,33,0.7875,0.8625,True,True,1.5,5.75,both_success,4.25
false_negative_suppression_js_0.15,false_negative_suppression,0.15,0.1,11,34,0.7125,0.6625,True,True,1.1,2.75,both_success,1.65
false_negative_suppression_js_0.15,false_negative_suppression,0.15,0.1,11,35,0.7625,0.4875,False,False,,,both_timeout,
false_negative_suppression_js_0.15,false_negative_suppression,0.15,0.1,11,36,0.5375,0.7625,True,True,2.2,2.35,both_success,0.1499999999999999
false_negative_suppression_js_0.15,false_negative_suppression,0.15,0.1,11,37,0.8625,0.5375,False,False,,,both_timeout,
false_negative_suppression_js_0.15,false_negative_suppression,0.15,0.1,11,38,0.8625,0.8625,True,True,6.0,3.3000000000000003,both_success,-2.6999999999999997
false_negative_suppression_js_0.15,false_negative_suppression,0.15,0.1,11,39,0.6875,0.5625,True,True,1.0,1.1,both_success,0.10000000000000009
false_negative_suppression_js_0.15,false_negative_suppression,0.15,0.1,11,40,0.6375,0.1375,False,False,,,both_timeout,
false_negative_suppression_js_0.15,false_negative_suppression,0.15,0.1,11,41,0.8375,0.5375,False,False,,,both_timeout,
false_negative_suppression_js_0.15,false_negative_suppression,0.15,0.1,11,42,0.4875,0.6375,True,True,1.2000000000000002,1.9500000000000002,both_success,0.75
false_negative_suppression_js_0.15,false_negative_suppression,0.15,0.1,11,43,0.2375,0.6875,False,False,,,both_timeout,
false_negative_suppression_js_0.15,false_negative_suppression,0.15,0.1,11,44,0.9375,0.8625,True,True,3.45,3.4000000000000004,both_success,-0.04999999999999982
false_negative_suppression_js_0.15,false_negative_suppression,0.15,0.1,11,45,0.7375,0.7625,True,True,1.25,2.85,both_success,1.6
false_negative_suppression_js_0.15,false_negative_suppression,0.15,0.1,11,46,0.9625,0.6125,False,False,,,both_timeout,
false_negative_suppression_js_0.15,false_negative_suppression,0.15,0.1,11,47,0.8875,0.0625,False,False,,,both_timeout,
false_negative_suppression_js_0.15,false_negative_suppression,0.15,0.1,11,48,0.6625,0.5125,True,True,1.0,0.9500000000000001,both_success,-0.04999999999999993
false_negative_suppression_js_0.15,false_negative_suppression,0.15,0.1,11,49,0.7625,0.9875,True,True,5.15,5.15,both_success,0.0
false_negative_suppression_js_0.15,false_negative_suppression,0.15,0.1,11,50,0.8875,0.6625,True,True,3.1,3.0500000000000003,both_success,-0.04999999999999982
false_negative_suppression_js_0.15,false_negative_suppression,0.15,0.1,11,51,0.6875,0.7625,True,True,1.25,2.8000000000000003,both_success,1.5500000000000003
false_negative_suppression_js_0.15,false_negative_suppression,0.15,0.1,11,52,0.3125,0.2375,True,True,0.15000000000000002,0.15000000000000002,both_success,0.0
false_negative_suppression_js_0.15,false_negative_suppression,0.15,0.1,11,53,0.8125,0.1375,False,False,,,both_timeout,
false_negative_suppression_js_0.15,false_negative_suppression,0.15,0.1,11,54,0.6625,0.8375,True,True,1.9000000000000001,2.8000000000000003,both_success,0.9000000000000001
false_negative_suppression_js_0.15,false_negative_suppression,0.15,0.1,11,55,0.8375,0.7125,True,True,3.0500000000000003,2.95,both_success,-0.10000000000000009
false_negative_suppression_js_0.15,false_negative_suppression,0.15,0.1,11,56,0.7125,0.6125,True,True,1.05,1.6,both_success,0.55
false_negative_suppression_js_0.15,false_negative_suppression,0.15,0.1,11,57,0.7625,0.6125,True,False,1.3,,oracle_only,
false_negative_suppression_js_0.15,false_negative_suppression,0.15,0.1,11,58,0.6625,0.3625,False,True,,1.2000000000000002,error_only,
false_negative_suppression_js_0.15,false_negative_suppression,0.15,0.1,11,59,0.8375,0.5125,False,False,,,both_timeout,
false_negative_suppression_js_0.15,false_negative_suppression,0.15,0.1,11,60,0.1875,0.1125,True,True,0.0,0.0,both_success,0.0
false_negative_suppression_js_0.15,false_negative_suppression,0.15,0.1,11,61,0.5875,0.8375,False,True,,2.5500000000000003,error_only,
false_negative_suppression_js_0.15,false_negative_suppression,0.15,0.1,11,62,0.9625,0.6625,True,True,3.25,3.2,both_success,-0.04999999999999982
false_negative_suppression_js_0.15,false_negative_suppression,0.15,0.1,11,63,0.6625,0.4625,True,True,2.45,1.0,both_success,-1.4500000000000002
spatial_shift_js_0.05,spatial_shift,0.05,0.05,7,0,0.6875,0.7375,True,True,1.25,1.25,both_success,0.0
spatial_shift_js_0.05,spatial_shift,0.05,0.05,7,1,0.8125,0.8625,True,True,3.7,3.8000000000000003,both_success,0.10000000000000009
spatial_shift_js_0.05,spatial_shift,0.05,0.05,7,2,0.8625,0.7875,True,True,3.85,3.95,both_success,0.10000000000000009
spatial_shift_js_0.05,spatial_shift,0.05,0.05,7,3,0.7625,0.5625,True,False,1.3,,oracle_only,
spatial_shift_js_0.05,spatial_shift,0.05,0.05,7,4,0.6375,0.6125,True,True,1.05,1.05,both_success,0.0
spatial_shift_js_0.05,spatial_shift,0.05,0.05,7,5,0.0375,0.8625,False,False,,,both_timeout,
spatial_shift_js_0.05,spatial_shift,0.05,0.05,7,6,0.8875,0.0125,False,False,,,both_timeout,
spatial_shift_js_0.05,spatial_shift,0.05,0.05,7,7,0.8375,0.8125,True,True,1.6,3.85,both_success,2.25
spatial_shift_js_0.05,spatial_shift,0.05,0.05,7,8,0.6375,0.8125,True,True,2.2,1.55,both_success,-0.6500000000000001
spatial_shift_js_0.05,spatial_shift,0.05,0.05,7,9,0.0625,0.6875,False,False,,,both_timeout,
spatial_shift_js_0.05,spatial_shift,0.05,0.05,7,10,0.6625,0.6125,True,True,1.05,1.05,both_success,0.0
spatial_shift_js_0.05,spatial_shift,0.05,0.05,7,11,0.8625,0.5875,True,False,1.55,,oracle_only,
spatial_shift_js_0.05,spatial_shift,0.05,0.05,7,12,0.6625,0.5875,True,True,1.05,1.05,both_success,0.0
spatial_shift_js_0.05,spatial_shift,0.05,0.05,7,13,0.7875,0.6625,True,True,1.1500000000000001,3.95,both_success,2.8
spatial_shift_js_0.05,spatial_shift,0.05,0.05,7,14,0.7625,0.6875,True,True,1.2000000000000002,1.2000000000000002,both_success,0.0
spatial_shift_js_0.05,spatial_shift,0.05,0.05,7,15,0.6625,0.7125,True,True,1.2000000000000002,1.2000000000000002,both_success,0.0
spatial_shift_js_0.05,spatial_shift,0.05,0.05,7,16,0.7375,0.9875,True,True,5.2,5.2,both_success,0.0
spatial_shift_js_0.05,spatial_shift,0.05,0.05,7,17,0.6125,0.8125,True,True,2.25,1.75,both_success,-0.5
spatial_shift_js_0.05,spatial_shift,0.05,0.05,7,18,0.6625,0.7375,True,True,1.3,1.25,both_success,-0.050000000000000044
spatial_shift_js_0.05,spatial_shift,0.05,0.05,7,19,0.0375,0.9875,False,False,,,both_timeout,
spatial_shift_js_0.05,spatial_shift,0.05,0.05,7,20,0.6625,0.5625,True,True,1.0,1.05,both_success,0.050000000000000044
spatial_shift_js_0.05,spatial_shift,0.05,0.05,7,21,0.6625,0.5125,True,True,1.0,1.1,both_success,0.10000000000000009
spatial_shift_js_0.05,spatial_shift,0.05,0.05,7,22,0.5875,0.7375,True,True,2.3000000000000003,1.3,both_success,-1.0000000000000002
spatial_shift_js_0.05,spatial_shift,0.05,0.05,7,23,0.5125,0.1875,False,False,,,both_timeout,
spatial_shift_js_0.05,spatial_shift,0.05,0.05,7,24,0.0875,0.1625,False,False,,,both_timeout,
spatial_shift_js_0.05,spatial_shift,0.05,0.05,7,25,0.8125,0.6875,True,True,1.3,3.95,both_success,2.6500000000000004
spatial_shift_js_0.05,spatial_shift,0.05,0.05,7,26,0.9625,0.6625,True,True,6.7,6.7,both_success,0.0
spatial_shift_js_0.05,spatial_shift,0.05,0.05,7,27,0.6625,0.8875,True,True,5.550000000000001,3.6,both_success,-1.9500000000000006
spatial_shift_js_0.05,spatial_shift,0.05,0.05,7,28,0.7125,0.7375,True,True,1.25,1.25,both_success,0.0
spatial_shift_js_0.05,spatial_shift,0.05,0.05,7,29,0.8125,0.6875,True,True,1.3,3.95,both_success,2.6500000000000004
spatial_shift_js_0.05,spatial_shift,0.05,0.05,7,30,0.7125,0.6875,True,True,1.1500000000000001,1.2000000000000002,both_success,0.050000000000000044
spatial_shift_js_0.05,spatial_shift,0.05,0.05,7,31,0.5875,0.5875,True,True,1.05,1.05,both_success,0.0
spatial_shift_js_0.05,spatial_shift,0.05,0.05,7,32,0.0125,0.0625,False,False,,,both_timeout,
spatial_shift_js_0.05,spatial_shift,0.05,0.05,7,33,0.7375,0.5375,True,False,1.25,,oracle_only,
spatial_shift_js_0.05,spatial_shift,0.05,0.05,7,34,0.7125,0.7625,True,True,1.35,1.3,both_success,-0.050000000000000044
spatial_shift_js_0.05,spatial_shift,0.05,0.05,7,35,0.8375,0.5375,True,False,3.0500000000000003,,oracle_only,
spatial_shift_js_0.05,spatial_shift,0.05,0.05,7,36,0.7125,0.6375,True,True,1.1,1.1,both_success,0.0
spatial_shift_js_0.05,spatial_shift,0.05,0.05,7,37,0.6375,0.0125,False,False,,,both_timeout,
spatial_shift_js_0.05,spatial_shift,0.05,0.05,7,38,0.9375,0.8125,True,True,4.1000000000000005,4.2,both_success,0.09999999999999964
spatial_shift_js_0.05,spatial_shift,0.05,0.05,7,39,0.9125,0.4875,False,False,,,both_timeout,
spatial_shift_js_0.05,spatial_shift,0.05,0.05,7,40,0.7625,0.5875,True,False,1.25,,oracle_only,
spatial_shift_js_0.05,spatial_shift,0.05,0.05,7,41,0.5875,0.8625,False,True,,3.5500000000000003,error_only,
spatial_shift_js_0.05,spatial_shift,0.05,0.05,7,42,0.7875,0.6875,True,True,1.2000000000000002,3.9000000000000004,both_success,2.7
spatial_shift_js_0.05,spatial_shift,0.05,0.05,7,43,0.6875,0.8375,True,True,2.0500000000000003,1.55,both_success,-0.5000000000000002
spatial_shift_js_0.05,spatial_shift,0.05,0.05,7,44,0.7625,0.7375,True,True,1.25,1.3,both_success,0.050000000000000044
spatial_shift_js_0.05,spatial_shift,0.05,0.05,7,45,0.6375,0.7875,True,True,2.15,1.4000000000000001,both_success,-0.7499999999999998
spatial_shift_js_0.05,spatial_shift,0.05,0.05,7,46,0.8625,0.3625,False,False,,,both_timeout,
spatial_shift_js_0.05,spatial_shift,0.05,0.05,7,47,0.5375,0.7125,True,True,2.4000000000000004,1.9000000000000001,both_success,-0.5000000000000002
spatial_shift_js_0.05,spatial_shift,0.05,0.05,7,48,0.7625,0.6875,True,True,1.2000000000000002,1.2000000000000002,both_success,0.0
spatial_shift_js_0.05,spatial_shift,0.05,0.05,7,49,0.9375,0.8375,True,True,4.1000000000000005,4.2,both_success,0.09999999999999964
spatial_shift_js_0.05,spatial_shift,0.05,0.05,7,50,0.6875,0.6375,True,True,1.05,1.1,both_success,0.050000000000000044
spatial_shift_js_0.05,spatial_shift,0.05,0.05,7,51,0.9375,0.7125,True,True,6.65,6.65,both_success,0.0
spatial_shift_js_0.05,spatial_shift,0.05,0.05,7,52,0.0875,0.2625,False,False,,,both_timeout,
spatial_shift_js_0.05,spatial_shift,0.05,0.05,7,53,0.8375,0.6375,True,False,1.4500000000000002,,oracle_only,
spatial_shift_js_0.05,spatial_shift,0.05,0.05,7,54,0.7875,0.6125,True,False,1.3,,oracle_only,
spatial_shift_js_0.05,spatial_shift,0.05,0.05,7,55,0.8125,0.4875,True,False,2.75,,oracle_only,
spatial_shift_js_0.05,spatial_shift,0.05,0.05,7,56,0.7875,0.8125,True,True,1.7000000000000002,3.75,both_success,2.05
spatial_shift_js_0.05,spatial_shift,0.05,0.05,7,57,0.7875,0.6375,True,True,1.25,1.6500000000000001,both_success,0.40000000000000013
spatial_shift_js_0.05,spatial_shift,0.05,0.05,7,58,0.5625,0.9625,False,False,,,both_timeout,
spatial_shift_js_0.05,spatial_shift,0.05,0.05,7,59,0.8625,0.7125,True,True,1.6500000000000001,4.05,both_success,2.3999999999999995
spatial_shift_js_0.05,spatial_shift,0.05,0.05,7,60,0.4125,0.7375,False,True,,2.3000000000000003,error_only,
spatial_shift_js_0.05,spatial_shift,0.05,0.05,7,61,0.7625,0.7375,True,True,1.25,1.3,both_success,0.050000000000000044
spatial_shift_js_0.05,spatial_shift,0.05,0.05,7,62,0.5875,0.7625,True,True,2.3000000000000003,1.4500000000000002,both_success,-0.8500000000000001
spatial_shift_js_0.05,spatial_shift,0.05,0.05,7,63,0.8125,0.4875,True,False,2.75,,oracle_only,
spatial_shift_js_0.05,spatial_shift,0.05,0.05,11,0,0.6875,0.4625,True,True,2.5,2.8000000000000003,both_success,0.30000000000000027
spatial_shift_js_0.05,spatial_shift,0.05,0.05,11,1,0.7375,0.6875,True,True,1.1500000000000001,1.2000000000000002,both_success,0.050000000000000044
spatial_shift_js_0.05,spatial_shift,0.05,0.05,11,2,0.9875,0.7125,True,True,6.800000000000001,6.800000000000001,both_success,0.0
spatial_shift_js_0.05,spatial_shift,0.05,0.05,11,3,0.9125,0.1125,False,False,,,both_timeout,
spatial_shift_js_0.05,spatial_shift,0.05,0.05,11,4,0.7625,0.4875,True,False,2.5500000000000003,,oracle_only,
spatial_shift_js_0.05,spatial_shift,0.05,0.05,11,5,0.8125,0.8875,True,True,3.7,3.8000000000000003,both_success,0.10000000000000009
spatial_shift_js_0.05,spatial_shift,0.05,0.05,11,6,0.8875,0.2875,False,False,,,both_timeout,
spatial_shift_js_0.05,spatial_shift,0.05,0.05,11,7,0.7125,0.4625,True,False,2.45,,oracle_only,
spatial_shift_js_0.05,spatial_shift,0.05,0.05,11,8,0.7625,0.9125,True,True,3.8000000000000003,3.6500000000000004,both_success,-0.1499999999999999
spatial_shift_js_0.05,spatial_shift,0.05,0.05,11,9,0.6625,0.7375,True,True,1.3,1.25,both_success,-0.050000000000000044
spatial_shift_js_0.05,spatial_shift,0.05,0.05,11,10,0.7125,0.6375,True,True,1.1,1.1,both_success,0.0
spatial_shift_js_0.05,spatial_shift,0.05,0.05,11,11,0.7875,0.6875,True,True,1.2000000000000002,3.9000000000000004,both_success,2.7
spatial_shift_js_0.05,spatial_shift,0.05,0.05,11,12,0.9125,0.7375,True,True,4.1000000000000005,4.15,both_success,0.04999999999999982
spatial_shift_js_0.05,spatial_shift,0.05,0.05,11,13,0.8125,0.5875,True,False,1.4000000000000001,,oracle_only,
spatial_shift_js_0.05,spatial_shift,0.05,0.05,11,14,0.9875,0.4625,False,False,,,both_timeout,
spatial_shift_js_0.05,spatial_shift,0.05,0.05,11,15,0.5125,0.8125,False,True,,2.1,error_only,
spatial_shift_js_0.05,spatial_shift,0.05,0.05,11,16,0.4125,0.7625,False,True,,2.3000000000000003,error_only,
spatial_shift_js_0.05,spatial_shift,0.05,0.05,11,17,0.7875,0.6875,True,True,1.2000000000000002,3.9000000000000004,both_success,2.7
spatial_shift_js_0.05,spatial_shift,0.05,0.05,11,18,0.7875,0.8125,True,True,1.7000000000000002,3.75,both_success,2.05
spatial_shift_js_0.05,spatial_shift,0.05,0.05,11,19,0.6125,0.7125,True,True,1.25,1.2000000000000002,both_success,-0.04999999999999982
spatial_shift_js_0.05,spatial_shift,0.05,0.05,11,20,0.6625,0.9625,True,True,5.3500000000000005,5.3500000000000005,both_success,0.0
spatial_shift_js_0.05,spatial_shift,0.05,0.05,11,21,0.8875,0.5375,False,False,,,both_timeout,
spatial_shift_js_0.05,spatial_shift,0.05,0.05,11,22,0.6625,0.7125,True,True,1.2000000000000002,1.2000000000000002,both_success,0.0
spatial_shift_js_0.05,spatial_shift,0.05,0.05,11,23,0.6375,0.6875,True,True,1.1500000000000001,1.1500000000000001,both_success,0.0
spatial_shift_js_0.05,spatial_shift,0.05,0.05,11,24,0.6125,0.6375,True,True,1.05,1.05,both_success,0.0
spatial_shift_js_0.05,spatial_shift,0.05,0.05,11,25,0.8625,0.7125,True,True,1.6500000000000001,4.05,both_success,2.3999999999999995
spatial_shift_js_0.05,spatial_shift,0.05,0.05,11,26,0.8375,0.5625,True,False,1.5,,oracle_only,
spatial_shift_js_0.05,spatial_shift,0.05,0.05,11,27,0.6875,0.8125,True,True,2.0,1.4500000000000002,both_success,-0.5499999999999998
spatial_shift_js_0.05,spatial_shift,0.05,0.05,11,28,0.8625,0.8375,True,True,3.85,3.95,both_success,0.10000000000000009
spatial_shift_js_0.05,spatial_shift,0.05,0.05,11,29,0.6875,0.4625,True,True,2.5,2.8000000000000003,both_success,0.30000000000000027
spatial_shift_js_0.05,spatial_shift,0.05,0.05,11,30,0.9875,0.6625,False,False,,,both_timeout,
spatial_shift_js_0.05,spatial_shift,0.05,0.05,11,31,0.8375,0.5875,True,False,1.5,,oracle_only,
spatial_shift_js_0.05,spatial_shift,0.05,0.05,11,32,0.7875,0.3375,False,False,,,both_timeout,
spatial_shift_js_0.05,spatial_shift,0.05,0.05,11,33,0.7875,0.8625,True,True,1.85,3.75,both_success,1.9
spatial_shift_js_0.05,spatial_shift,0.05,0.05,11,34,0.7125,0.6625,True,True,1.1,1.1500000000000001,both_success,0.050000000000000044
spatial_shift_js_0.05,spatial_shift,0.05,0.05,11,35,0.7625,0.4875,True,False,2.5500000000000003,,oracle_only,
spatial_shift_js_0.05,spatial_shift,0.05,0.05,11,36,0.5375,0.7625,False,True,,1.9500000000000002,error_only,
spatial_shift_js_0.05,spatial_shift,0.05,0.05,11,37,0.8625,0.5375,True,False,3.1500000000000004,,oracle_only,
spatial_shift_js_0.05,spatial_shift,0.05,0.05,11,38,0.8625,0.8625,True,True,3.85,3.95,both_success,0.10000000000000009
spatial_shift_js_0.05,spatial_shift,0.05,0.05,11,39,0.6875,0.5625,True,True,1.0,1.0,both_success,0.0
spatial_shift_js_0.05,spatial_shift,0.05,0.05,11,40,0.6375,0.1375,False,False,,,both_timeout,
spatial_shift_js_0.05,spatial_shift,0.05,0.05,11,41,0.8375,0.5375,True,False,3.0500000000000003,,oracle_only,
spatial_shift_js_0.05,spatial_shift,0.05,0.05,11,42,0.4875,0.6375,False,True,,1.25,error_only,
spatial_shift_js_0.05,spatial_shift,0.05,0.05,11,43,0.2375,0.6875,False,False,,,both_timeout,
spatial_shift_js_0.05,spatial_shift,0.05,0.05,11,44,0.9375,0.8625,True,True,4.1000000000000005,4.2,both_success,0.09999999999999964
spatial_shift_js_0.05,spatial_shift,0.05,0.05,11,45,0.7375,0.7625,True,True,1.35,1.3,both_success,-0.050000000000000044
spatial_shift_js_0.05,spatial_shift,0.05,0.05,11,46,0.9625,0.6125,False,False,,,both_timeout,
spatial_shift_js_0.05,spatial_shift,0.05,0.05,11,47,0.8875,0.0625,False,False,,,both_timeout,
spatial_shift_js_0.05,spatial_shift,0.05,0.05,11,48,0.6625,0.5125,True,True,1.0,1.1,both_success,0.10000000000000009
spatial_shift_js_0.05,spatial_shift,0.05,0.05,11,49,0.7625,0.9875,True,True,5.15,5.15,both_success,0.0
spatial_shift_js_0.05,spatial_shift,0.05,0.05,11,50,0.8875,0.6625,True,True,1.75,6.5,both_success,4.75
spatial_shift_js_0.05,spatial_shift,0.05,0.05,11,51,0.6875,0.7625,True,True,1.9000000000000001,1.3,both_success,-0.6000000000000001
spatial_shift_js_0.05,spatial_shift,0.05,0.05,11,52,0.3125,0.2375,True,True,0.15000000000000002,0.15000000000000002,both_success,0.0
spatial_shift_js_0.05,spatial_shift,0.05,0.05,11,53,0.8125,0.1375,False,False,,,both_timeout,
spatial_shift_js_0.05,spatial_shift,0.05,0.05,11,54,0.6625,0.8375,True,True,2.15,1.6,both_success,-0.5499999999999998
spatial_shift_js_0.05,spatial_shift,0.05,0.05,11,55,0.8375,0.7125,True,True,1.4000000000000001,4.0,both_success,2.5999999999999996
spatial_shift_js_0.05,spatial_shift,0.05,0.05,11,56,0.7125,0.6125,True,True,1.05,1.05,both_success,0.0
spatial_shift_js_0.05,spatial_shift,0.05,0.05,11,57,0.7625,0.6125,True,True,1.1500000000000001,1.5,both_success,0.34999999999999987
spatial_shift_js_0.05,spatial_shift,0.05,0.05,11,58,0.6625,0.3625,False,False,,,both_timeout,
spatial_shift_js_0.05,spatial_shift,0.05,0.05,11,59,0.8375,0.5125,True,False,2.95,,oracle_only,
spatial_shift_js_0.05,spatial_shift,0.05,0.05,11,60,0.1875,0.1125,True,True,0.0,0.0,both_success,0.0
spatial_shift_js_0.05,spatial_shift,0.05,0.05,11,61,0.5875,0.8375,False,True,,1.9500000000000002,error_only,
spatial_shift_js_0.05,spatial_shift,0.05,0.05,11,62,0.9625,0.6625,True,True,6.7,6.7,both_success,0.0
spatial_shift_js_0.05,spatial_shift,0.05,0.05,11,63,0.6625,0.4625,True,True,1.1500000000000001,2.7,both_success,1.55
spatial_shift_js_0.1,spatial_shift,0.1,0.05,7,0,0.6875,0.7375,True,True,1.25,1.3,both_success,0.050000000000000044
spatial_shift_js_0.1,spatial_shift,0.1,0.05,7,1,0.8125,0.8625,True,True,3.7,3.9000000000000004,both_success,0.20000000000000018
spatial_shift_js_0.1,spatial_shift,0.1,0.05,7,2,0.8625,0.7875,True,True,3.85,4.1000000000000005,both_success,0.25000000000000044
spatial_shift_js_0.1,spatial_shift,0.1,0.05,7,3,0.7625,0.5625,True,False,1.3,,oracle_only,
spatial_shift_js_0.1,spatial_shift,0.1,0.05,7,4,0.6375,0.6125,True,True,1.05,1.1,both_success,0.050000000000000044
spatial_shift_js_0.1,spatial_shift,0.1,0.05,7,5,0.0375,0.8625,False,False,,,both_timeout,
spatial_shift_js_0.1,spatial_shift,0.1,0.05,7,6,0.8875,0.0125,False,False,,,both_timeout,
spatial_shift_js_0.1,spatial_shift,0.1,0.05,7,7,0.8375,0.8125,True,True,1.6,4.0,both_success,2.4
spatial_shift_js_0.1,spatial_shift,0.1,0.05,7,8,0.6375,0.8125,True,True,2.2,1.4500000000000002,both_success,-0.75
spatial_shift_js_0.1,spatial_shift,0.1,0.05,7,9,0.0625,0.6875,False,False,,,both_timeout,
spatial_shift_js_0.1,spatial_shift,0.1,0.05,7,10,0.6625,0.6125,True,True,1.05,1.05,both_success,0.0
spatial_shift_js_0.1,spatial_shift,0.1,0.05,7,11,0.8625,0.5875,True,False,1.55,,oracle_only,
spatial_shift_js_0.1,spatial_shift,0.1,0.05,7,12,0.6625,0.5875,True,True,1.05,1.05,both_success,0.0
spatial_shift_js_0.1,spatial_shift,0.1,0.05,7,13,0.7875,0.6625,True,False,1.1500000000000001,,oracle_only,
spatial_shift_js_0.1,spatial_shift,0.1,0.05,7,14,0.7625,0.6875,True,True,1.2000000000000002,3.95,both_success,2.75
spatial_shift_js_0.1,spatial_shift,0.1,0.05,7,15,0.6625,0.7125,True,True,1.2000000000000002,1.25,both_success,0.04999999999999982
spatial_shift_js_0.1,spatial_shift,0.1,0.05,7,16,0.7375,0.9875,True,True,5.2,5.2,both_success,0.0
spatial_shift_js_0.1,spatial_shift,0.1,0.05,7,17,0.6125,0.8125,True,True,2.25,1.5,both_success,-0.75
spatial_shift_js_0.1,spatial_shift,0.1,0.05,7,18,0.6625,0.7375,True,True,1.3,1.3,both_success,0.0
spatial_shift_js_0.1,spatial_shift,0.1,0.05,7,19,0.0375,0.9875,False,False,,,both_timeout,
spatial_shift_js_0.1,spatial_shift,0.1,0.05,7,20,0.6625,0.5625,True,True,1.0,1.05,both_success,0.050000000000000044
spatial_shift_js_0.1,spatial_shift,0.1,0.05,7,21,0.6625,0.5125,True,True,1.0,1.2000000000000002,both_success,0.20000000000000018
spatial_shift_js_0.1,spatial_shift,0.1,0.05,7,22,0.5875,0.7375,True,True,2.3000000000000003,1.3,both_success,-1.0000000000000002
spatial_shift_js_0.1,spatial_shift,0.1,0.05,7,23,0.5125,0.1875,False,False,,,both_timeout,
spatial_shift_js_0.1,spatial_shift,0.1,0.05,7,24,0.0875,0.1625,False,False,,,both_timeout,
spatial_shift_js_0.1,spatial_shift,0.1,0.05,7,25,0.8125,0.6875,True,True,1.3,4.05,both_success,2.75
spatial_shift_js_0.1,spatial_shift,0.1,0.05,7,26,0.9625,0.6625,True,True,6.7,6.7,both_success,0.0
spatial_shift_js_0.1,spatial_shift,0.1,0.05,7,27,0.6625,0.8875,True,True,5.550000000000001,3.5500000000000003,both_success,-2.0000000000000004
spatial_shift_js_0.1,spatial_shift,0.1,0.05,7,28,0.7125,0.7375,True,True,1.25,1.3,both_success,0.050000000000000044
spatial_shift_js_0.1,spatial_shift,0.1,0.05,7,29,0.8125,0.6875,True,True,1.3,4.05,both_success,2.75
spatial_shift_js_0.1,spatial_shift,0.1,0.05,7,30,0.7125,0.6875,True,True,1.1500000000000001,1.2000000000000002,both_success,0.050000000000000044
spatial_shift_js_0.1,spatial_shift,0.1,0.05,7,31,0.5875,0.5875,True,True,1.05,1.1,both_success,0.050000000000000044
spatial_shift_js_0.1,spatial_shift,0.1,0.05,7,32,0.0125,0.0625,False,False,,,both_timeout,
spatial_shift_js_0.1,spatial_shift,0.1,0.05,7,33,0.7375,0.5375,True,False,1.25,,oracle_only,
spatial_shift_js_0.1,spatial_shift,0.1,0.05,7,34,0.7125,0.7625,True,True,1.35,1.35,both_success,0.0
spatial_shift_js_0.1,spatial_shift,0.1,0.05,7,35,0.8375,0.5375,True,False,3.0500000000000003,,oracle_only,
spatial_shift_js_0.1,spatial_shift,0.1,0.05,7,36,0.7125,0.6375,True,True,1.1,1.1500000000000001,both_success,0.050000000000000044
spatial_shift_js_0.1,spatial_shift,0.1,0.05,7,37,0.6375,0.0125,False,False,,,both_timeout,
spatial_shift_js_0.1,spatial_shift,0.1,0.05,7,38,0.9375,0.8125,True,True,4.1000000000000005,4.25,both_success,0.14999999999999947
spatial_shift_js_0.1,spatial_shift,0.1,0.05,7,39,0.9125,0.4875,False,False,,,both_timeout,
spatial_shift_js_0.1,spatial_shift,0.1,0.05,7,40,0.7625,0.5875,True,False,1.25,,oracle_only,
spatial_shift_js_0.1,spatial_shift,0.1,0.05,7,41,0.5875,0.8625,False,True,,1.75,error_only,
spatial_shift_js_0.1,spatial_shift,0.1,0.05,7,42,0.7875,0.6875,True,True,1.2000000000000002,4.0,both_success,2.8
spatial_shift_js_0.1,spatial_shift,0.1,0.05,7,43,0.6875,0.8375,True,True,2.0500000000000003,1.5,both_success,-0.5500000000000003
spatial_shift_js_0.1,spatial_shift,0.1,0.05,7,44,0.7625,0.7375,True,True,1.25,3.85,both_success,2.6
spatial_shift_js_0.1,spatial_shift,0.1,0.05,7,45,0.6375,0.7875,True,True,2.15,1.4000000000000001,both_success,-0.7499999999999998
spatial_shift_js_0.1,spatial_shift,0.1,0.05,7,46,0.8625,0.3625,False,False,,,both_timeout,
spatial_shift_js_0.1,spatial_shift,0.1,0.05,7,47,0.5375,0.7125,True,True,2.4000000000000004,1.3,both_success,-1.1000000000000003
spatial_shift_js_0.1,spatial_shift,0.1,0.05,7,48,0.7625,0.6875,True,True,1.2000000000000002,3.95,both_success,2.75
spatial_shift_js_0.1,spatial_shift,0.1,0.05,7,49,0.9375,0.8375,True,True,4.1000000000000005,4.25,both_success,0.14999999999999947
spatial_shift_js_0.1,spatial_shift,0.1,0.05,7,50,0.6875,0.6375,True,True,1.05,1.1,both_success,0.050000000000000044
spatial_shift_js_0.1,spatial_shift,0.1,0.05,7,51,0.9375,0.7125,True,True,6.65,4.25,both_success,-2.4000000000000004
spatial_shift_js_0.1,spatial_shift,0.1,0.05,7,52,0.0875,0.2625,False,False,,,both_timeout,
spatial_shift_js_0.1,spatial_shift,0.1,0.05,7,53,0.8375,0.6375,True,False,1.4500000000000002,,oracle_only,
spatial_shift_js_0.1,spatial_shift,0.1,0.05,7,54,0.7875,0.6125,True,False,1.3,,oracle_only,
spatial_shift_js_0.1,spatial_shift,0.1,0.05,7,55,0.8125,0.4875,True,False,2.75,,oracle_only,
spatial_shift_js_0.1,spatial_shift,0.1,0.05,7,56,0.7875,0.8125,True,True,1.7000000000000002,3.85,both_success,2.15
spatial_shift_js_0.1,spatial_shift,0.1,0.05,7,57,0.7875,0.6375,True,False,1.25,,oracle_only,
spatial_shift_js_0.1,spatial_shift,0.1,0.05,7,58,0.5625,0.9625,False,False,,,both_timeout,
spatial_shift_js_0.1,spatial_shift,0.1,0.05,7,59,0.8625,0.7125,True,True,1.6500000000000001,4.15,both_success,2.5
spatial_shift_js_0.1,spatial_shift,0.1,0.05,7,60,0.4125,0.7375,False,True,,2.0500000000000003,error_only,
spatial_shift_js_0.1,spatial_shift,0.1,0.05,7,61,0.7625,0.7375,True,True,1.25,3.85,both_success,2.6
spatial_shift_js_0.1,spatial_shift,0.1,0.05,7,62,0.5875,0.7625,True,True,2.3000000000000003,1.35,both_success,-0.9500000000000002
spatial_shift_js_0.1,spatial_shift,0.1,0.05,7,63,0.8125,0.4875,True,False,2.75,,oracle_only,
spatial_shift_js_0.1,spatial_shift,0.1,0.05,11,0,0.6875,0.4625,True,False,2.5,,oracle_only,
spatial_shift_js_0.1,spatial_shift,0.1,0.05,11,1,0.7375,0.6875,True,True,1.1500000000000001,1.2000000000000002,both_success,0.050000000000000044
spatial_shift_js_0.1,spatial_shift,0.1,0.05,11,2,0.9875,0.7125,True,True,6.800000000000001,6.800000000000001,both_success,0.0
spatial_shift_js_0.1,spatial_shift,0.1,0.05,11,3,0.9125,0.1125,False,False,,,both_timeout,
spatial_shift_js_0.1,spatial_shift,0.1,0.05,11,4,0.7625,0.4875,True,False,2.5500000000000003,,oracle_only,
spatial_shift_js_0.1,spatial_shift,0.1,0.05,11,5,0.8125,0.8875,True,True,3.7,3.9000000000000004,both_success,0.20000000000000018
spatial_shift_js_0.1,spatial_shift,0.1,0.05,11,6,0.8875,0.2875,False,False,,,both_timeout,
spatial_shift_js_0.1,spatial_shift,0.1,0.05,11,7,0.7125,0.4625,True,False,2.45,,oracle_only,
spatial_shift_js_0.1,spatial_shift,0.1,0.05,11,8,0.7625,0.9125,True,True,3.8000000000000003,3.75,both_success,-0.050000000000000266
spatial_shift_js_0.1,spatial_shift,0.1,0.05,11,9,0.6625,0.7375,True,True,1.3,1.3,both_success,0.0
spatial_shift_js_0.1,spatial_shift,0.1,0.05,11,10,0.7125,0.6375,True,True,1.1,1.1500000000000001,both_success,0.050000000000000044
spatial_shift_js_0.1,spatial_shift,0.1,0.05,11,11,0.7875,0.6875,True,True,1.2000000000000002,4.0,both_success,2.8
spatial_shift_js_0.1,spatial_shift,0.1,0.05,11,12,0.9125,0.7375,True,True,4.1000000000000005,4.2,both_success,0.09999999999999964
spatial_shift_js_0.1,spatial_shift,0.1,0.05,11,13,0.8125,0.5875,True,False,1.4000000000000001,,oracle_only,
spatial_shift_js_0.1,spatial_shift,0.1,0.05,11,14,0.9875,0.4625,False,False,,,both_timeout,
spatial_shift_js_0.1,spatial_shift,0.1,0.05,11,15,0.5125,0.8125,False,True,,1.85,error_only,
spatial_shift_js_0.1,spatial_shift,0.1,0.05,11,16,0.4125,0.7625,False,True,,2.0500000000000003,error_only,
spatial_shift_js_0.1,spatial_shift,0.1,0.05,11,17,0.7875,0.6875,True,True,1.2000000000000002,4.0,both_success,2.8
spatial_shift_js_0.1,spatial_shift,0.1,0.05,11,18,0.7875,0.8125,True,True,1.7000000000000002,3.85,both_success,2.15
spatial_shift_js_0.1,spatial_shift,0.1,0.05,11,19,0.6125,0.7125,True,True,1.25,1.25,both_success,0.0
spatial_shift_js_0.1,spatial_shift,0.1,0.05,11,20,0.6625,0.9625,True,True,5.3500000000000005,5.3500000000000005,both_success,0.0
spatial_shift_js_0.1,spatial_shift,0.1,0.05,11,21,0.8875,0.5375,False,False,,,both_timeout,
spatial_shift_js_0.1,spatial_shift,0.1,0.05,11,22,0.6625,0.7125,True,True,1.2000000000000002,1.25,both_success,0.04999999999999982
spatial_shift_js_0.1,spatial_shift,0.1,0.05,11,23,0.6375,0.6875,True,True,1.1500000000000001,1.2000000000000002,both_success,0.050000000000000044
spatial_shift_js_0.1,spatial_shift,0.1,0.05,11,24,0.6125,0.6375,True,True,1.05,1.1,both_success,0.050000000000000044
spatial_shift_js_0.1,spatial_shift,0.1,0.05,11,25,0.8625,0.7125,True,True,1.6500000000000001,4.15,both_success,2.5
spatial_shift_js_0.1,spatial_shift,0.1,0.05,11,26,0.8375,0.5625,True,False,1.5,,oracle_only,
spatial_shift_js_0.1,spatial_shift,0.1,0.05,11,27,0.6875,0.8125,True,True,2.0,1.4500000000000002,both_success,-0.5499999999999998
spatial_shift_js_0.1,spatial_shift,0.1,0.05,11,28,0.8625,0.8375,True,True,3.85,4.05,both_success,0.19999999999999973
spatial_shift_js_0.1,spatial_shift,0.1,0.05,11,29,0.6875,0.4625,True,False,2.5,,oracle_only,
spatial_shift_js_0.1,spatial_shift,0.1,0.05,11,30,0.9875,0.6625,False,False,,,both_timeout,
spatial_shift_js_0.1,spatial_shift,0.1,0.05,11,31,0.8375,0.5875,True,False,1.5,,oracle_only,
spatial_shift_js_0.1,spatial_shift,0.1,0.05,11,32,0.7875,0.3375,False,False,,,both_timeout,
spatial_shift_js_0.1,spatial_shift,0.1,0.05,11,33,0.7875,0.8625,True,True,1.85,3.8000000000000003,both_success,1.9500000000000002
spatial_shift_js_0.1,spatial_shift,0.1,0.05,11,34,0.7125,0.6625,True,True,1.1,1.1500000000000001,both_success,0.050000000000000044
spatial_shift_js_0.1,spatial_shift,0.1,0.05,11,35,0.7625,0.4875,True,False,2.5500000000000003,,oracle_only,
spatial_shift_js_0.1,spatial_shift,0.1,0.05,11,36,0.5375,0.7625,False,True,,1.5,error_only,
spatial_shift_js_0.1,spatial_shift,0.1,0.05,11,37,0.8625,0.5375,True,False,3.1500000000000004,,oracle_only,
spatial_shift_js_0.1,spatial_shift,0.1,0.05,11,38,0.8625,0.8625,True,True,3.85,4.1000000000000005,both_success,0.25000000000000044
spatial_shift_js_0.1,spatial_shift,0.1,0.05,11,39,0.6875,0.5625,True,True,1.0,1.05,both_success,0.050000000000000044
spatial_shift_js_0.1,spatial_shift,0.1,0.05,11,40,0.6375,0.1375,False,False,,,both_timeout,
spatial_shift_js_0.1,spatial_shift,0.1,0.05,11,41,0.8375,0.5375,True,False,3.0500000000000003,,oracle_only,
spatial_shift_js_0.1,spatial_shift,0.1,0.05,11,42,0.4875,0.6375,False,True,,1.3,error_only,
spatial_shift_js_0.1,spatial_shift,0.1,0.05,11,43,0.2375,0.6875,False,False,,,both_timeout,
spatial_shift_js_0.1,spatial_shift,0.1,0.05,11,44,0.9375,0.8625,True,True,4.1000000000000005,4.25,both_success,0.14999999999999947
spatial_shift_js_0.1,spatial_shift,0.1,0.05,11,45,0.7375,0.7625,True,True,1.35,1.35,both_success,0.0
spatial_shift_js_0.1,spatial_shift,0.1,0.05,11,46,0.9625,0.6125,False,False,,,both_timeout,
spatial_shift_js_0.1,spatial_shift,0.1,0.05,11,47,0.8875,0.0625,False,False,,,both_timeout,
spatial_shift_js_0.1,spatial_shift,0.1,0.05,11,48,0.6625,0.5125,True,True,1.0,1.2000000000000002,both_success,0.20000000000000018
spatial_shift_js_0.1,spatial_shift,0.1,0.05,11,49,0.7625,0.9875,True,True,5.15,3.85,both_success,-1.3000000000000003
spatial_shift_js_0.1,spatial_shift,0.1,0.05,11,50,0.8875,0.6625,True,True,1.75,6.5,both_success,4.75
spatial_shift_js_0.1,spatial_shift,0.1,0.05,11,51,0.6875,0.7625,True,True,1.9000000000000001,1.35,both_success,-0.55
spatial_shift_js_0.1,spatial_shift,0.1,0.05,11,52,0.3125,0.2375,True,True,0.15000000000000002,0.15000000000000002,both_success,0.0
spatial_shift_js_0.1,spatial_shift,0.1,0.05,11,53,0.8125,0.1375,False,False,,,both_timeout,
spatial_shift_js_0.1,spatial_shift,0.1,0.05,11,54,0.6625,0.8375,True,True,2.15,1.5,both_success,-0.6499999999999999
spatial_shift_js_0.1,spatial_shift,0.1,0.05,11,55,0.8375,0.7125,True,True,1.4000000000000001,4.05,both_success,2.6499999999999995
spatial_shift_js_0.1,spatial_shift,0.1,0.05,11,56,0.7125,0.6125,True,True,1.05,1.1,both_success,0.050000000000000044
spatial_shift_js_0.1,spatial_shift,0.1,0.05,11,57,0.7625,0.6125,True,False,1.1500000000000001,,oracle_only,
spatial_shift_js_0.1,spatial_shift,0.1,0.05,11,58,0.6625,0.3625,False,False,,,both_timeout,
spatial_shift_js_0.1,spatial_shift,0.1,0.05,11,59,0.8375,0.5125,True,False,2.95,,oracle_only,
spatial_shift_js_0.1,spatial_shift,0.1,0.05,11,60,0.1875,0.1125,True,True,0.0,0.0,both_success,0.0
spatial_shift_js_0.1,spatial_shift,0.1,0.05,11,61,0.5875,0.8375,False,True,,1.6500000000000001,error_only,
spatial_shift_js_0.1,spatial_shift,0.1,0.05,11,62,0.9625,0.6625,True,True,6.7,6.7,both_success,0.0
spatial_shift_js_0.1,spatial_shift,0.1,0.05,11,63,0.6625,0.4625,True,False,1.1500000000000001,,oracle_only,
spatial_shift_js_0.15,spatial_shift,0.15,0.05,7,0,0.6875,0.7375,True,True,1.25,1.3,both_success,0.050000000000000044
spatial_shift_js_0.15,spatial_shift,0.15,0.05,7,1,0.8125,0.8625,True,True,3.7,4.2,both_success,0.5
spatial_shift_js_0.15,spatial_shift,0.15,0.05,7,2,0.8625,0.7875,True,True,3.85,4.2,both_success,0.3500000000000001
spatial_shift_js_0.15,spatial_shift,0.15,0.05,7,3,0.7625,0.5625,True,True,1.3,4.0,both_success,2.7
spatial_shift_js_0.15,spatial_shift,0.15,0.05,7,4,0.6375,0.6125,True,True,1.05,1.1,both_success,0.050000000000000044
spatial_shift_js_0.15,spatial_shift,0.15,0.05,7,5,0.0375,0.8625,False,False,,,both_timeout,
spatial_shift_js_0.15,spatial_shift,0.15,0.05,7,6,0.8875,0.0125,False,False,,,both_timeout,
spatial_shift_js_0.15,spatial_shift,0.15,0.05,7,7,0.8375,0.8125,True,True,1.6,4.15,both_success,2.5500000000000003
spatial_shift_js_0.15,spatial_shift,0.15,0.05,7,8,0.6375,0.8125,True,True,2.2,1.4500000000000002,both_success,-0.75
spatial_shift_js_0.15,spatial_shift,0.15,0.05,7,9,0.0625,0.6875,False,False,,,both_timeout,
spatial_shift_js_0.15,spatial_shift,0.15,0.05,7,10,0.6625,0.6125,True,True,1.05,1.1,both_success,0.050000000000000044
spatial_shift_js_0.15,spatial_shift,0.15,0.05,7,11,0.8625,0.5875,True,False,1.55,,oracle_only,
spatial_shift_js_0.15,spatial_shift,0.15,0.05,7,12,0.6625,0.5875,True,True,1.05,1.1,both_success,0.050000000000000044
spatial_shift_js_0.15,spatial_shift,0.15,0.05,7,13,0.7875,0.6625,True,True,1.1500000000000001,3.95,both_success,2.8
spatial_shift_js_0.15,spatial_shift,0.15,0.05,7,14,0.7625,0.6875,True,True,1.2000000000000002,3.8000000000000003,both_success,2.6
spatial_shift_js_0.15,spatial_shift,0.15,0.05,7,15,0.6625,0.7125,True,True,1.2000000000000002,1.25,both_success,0.04999999999999982
spatial_shift_js_0.15,spatial_shift,0.15,0.05,7,16,0.7375,0.9875,True,True,5.2,5.2,both_success,0.0
spatial_shift_js_0.15,spatial_shift,0.15,0.05,7,17,0.6125,0.8125,True,True,2.25,1.4500000000000002,both_success,-0.7999999999999998
spatial_shift_js_0.15,spatial_shift,0.15,0.05,7,18,0.6625,0.7375,True,True,1.3,1.3,both_success,0.0
spatial_shift_js_0.15,spatial_shift,0.15,0.05,7,19,0.0375,0.9875,False,False,,,both_timeout,
spatial_shift_js_0.15,spatial_shift,0.15,0.05,7,20,0.6625,0.5625,True,True,1.0,1.1,both_success,0.10000000000000009
spatial_shift_js_0.15,spatial_shift,0.15,0.05,7,21,0.6625,0.5125,True,True,1.0,3.85,both_success,2.85
spatial_shift_js_0.15,spatial_shift,0.15,0.05,7,22,0.5875,0.7375,True,True,2.3000000000000003,1.3,both_success,-1.0000000000000002
spatial_shift_js_0.15,spatial_shift,0.15,0.05,7,23,0.5125,0.1875,False,False,,,both_timeout,
spatial_shift_js_0.15,spatial_shift,0.15,0.05,7,24,0.0875,0.1625,False,False,,,both_timeout,
spatial_shift_js_0.15,spatial_shift,0.15,0.05,7,25,0.8125,0.6875,True,True,1.3,4.05,both_success,2.75
spatial_shift_js_0.15,spatial_shift,0.15,0.05,7,26,0.9625,0.6625,True,True,6.7,6.7,both_success,0.0
spatial_shift_js_0.15,spatial_shift,0.15,0.05,7,27,0.6625,0.8875,True,True,5.550000000000001,5.550000000000001,both_success,0.0
spatial_shift_js_0.15,spatial_shift,0.15,0.05,7,28,0.7125,0.7375,True,True,1.25,3.6,both_success,2.35
spatial_shift_js_0.15,spatial_shift,0.15,0.05,7,29,0.8125,0.6875,True,True,1.3,4.05,both_success,2.75
spatial_shift_js_0.15,spatial_shift,0.15,0.05,7,30,0.7125,0.6875,True,True,1.1500000000000001,1.25,both_success,0.09999999999999987
spatial_shift_js_0.15,spatial_shift,0.15,0.05,7,31,0.5875,0.5875,True,True,1.05,1.1,both_success,0.050000000000000044
spatial_shift_js_0.15,spatial_shift,0.15,0.05,7,32,0.0125,0.0625,False,False,,,both_timeout,
spatial_shift_js_0.15,spatial_shift,0.15,0.05,7,33,0.7375,0.5375,True,True,1.25,3.95,both_success,2.7
spatial_shift_js_0.15,spatial_shift,0.15,0.05,7,34,0.7125,0.7625,True,True,1.35,3.6500000000000004,both_success,2.3000000000000003
spatial_shift_js_0.15,spatial_shift,0.15,0.05,7,35,0.8375,0.5375,True,False,3.0500000000000003,,oracle_only,
spatial_shift_js_0.15,spatial_shift,0.15,0.05,7,36,0.7125,0.6375,True,True,1.1,1.1500000000000001,both_success,0.050000000000000044
spatial_shift_js_0.15,spatial_shift,0.15,0.05,7,37,0.6375,0.0125,False,False,,,both_timeout,
spatial_shift_js_0.15,spatial_shift,0.15,0.05,7,38,0.9375,0.8125,True,True,4.1000000000000005,4.3500000000000005,both_success,0.25
spatial_shift_js_0.15,spatial_shift,0.15,0.05,7,39,0.9125,0.4875,False,False,,,both_timeout,
spatial_shift_js_0.15,spatial_shift,0.15,0.05,7,40,0.7625,0.5875,True,True,1.25,3.95,both_success,2.7
spatial_shift_js_0.15,spatial_shift,0.15,0.05,7,41,0.5875,0.8625,False,True,,1.6,error_only,
spatial_shift_js_0.15,spatial_shift,0.15,0.05,7,42,0.7875,0.6875,True,True,1.2000000000000002,3.95,both_success,2.75
spatial_shift_js_0.15,spatial_shift,0.15,0.05,7,43,0.6875,0.8375,True,True,2.0500000000000003,5.7,both_success,3.65
spatial_shift_js_0.15,spatial_shift,0.15,0.05,7,44,0.7625,0.7375,True,True,1.25,3.75,both_success,2.5
spatial_shift_js_0.15,spatial_shift,0.15,0.05,7,45,0.6375,0.7875,True,True,2.15,1.4000000000000001,both_success,-0.7499999999999998
spatial_shift_js_0.15,spatial_shift,0.15,0.05,7,46,0.8625,0.3625,False,False,,,both_timeout,
spatial_shift_js_0.15,spatial_shift,0.15,0.05,7,47,0.5375,0.7125,True,True,2.4000000000000004,1.3,both_success,-1.1000000000000003
spatial_shift_js_0.15,spatial_shift,0.15,0.05,7,48,0.7625,0.6875,True,True,1.2000000000000002,3.8000000000000003,both_success,2.6
spatial_shift_js_0.15,spatial_shift,0.15,0.05,7,49,0.9375,0.8375,True,True,4.1000000000000005,4.3500000000000005,both_success,0.25
spatial_shift_js_0.15,spatial_shift,0.15,0.05,7,50,0.6875,0.6375,True,True,1.05,1.1500000000000001,both_success,0.10000000000000009
spatial_shift_js_0.15,spatial_shift,0.15,0.05,7,51,0.9375,0.7125,True,True,6.65,4.3,both_success,-2.3500000000000005
spatial_shift_js_0.15,spatial_shift,0.15,0.05,7,52,0.0875,0.2625,False,False,,,both_timeout,
spatial_shift_js_0.15,spatial_shift,0.15,0.05,7,53,0.8375,0.6375,True,True,1.4500000000000002,4.15,both_success,2.7
spatial_shift_js_0.15,spatial_shift,0.15,0.05,7,54,0.7875,0.6125,True,True,1.3,4.0,both_success,2.7
spatial_shift_js_0.15,spatial_shift,0.15,0.05,7,55,0.8125,0.4875,True,False,2.75,,oracle_only,
spatial_shift_js_0.15,spatial_shift,0.15,0.05,7,56,0.7875,0.8125,True,True,1.7000000000000002,4.05,both_success,2.3499999999999996
spatial_shift_js_0.15,spatial_shift,0.15,0.05,7,57,0.7875,0.6375,True,True,1.25,3.95,both_success,2.7
spatial_shift_js_0.15,spatial_shift,0.15,0.05,7,58,0.5625,0.9625,False,False,,,both_timeout,
spatial_shift_js_0.15,spatial_shift,0.15,0.05,7,59,0.8625,0.7125,True,True,1.6500000000000001,4.15,both_success,2.5
spatial_shift_js_0.15,spatial_shift,0.15,0.05,7,60,0.4125,0.7375,False,True,,1.8,error_only,
spatial_shift_js_0.15,spatial_shift,0.15,0.05,7,61,0.7625,0.7375,True,True,1.25,3.75,both_success,2.5
spatial_shift_js_0.15,spatial_shift,0.15,0.05,7,62,0.5875,0.7625,True,True,2.3000000000000003,1.35,both_success,-0.9500000000000002
spatial_shift_js_0.15,spatial_shift,0.15,0.05,7,63,0.8125,0.4875,True,False,2.75,,oracle_only,
spatial_shift_js_0.15,spatial_shift,0.15,0.05,11,0,0.6875,0.4625,True,False,2.5,,oracle_only,
spatial_shift_js_0.15,spatial_shift,0.15,0.05,11,1,0.7375,0.6875,True,True,1.1500000000000001,3.5,both_success,2.3499999999999996
spatial_shift_js_0.15,spatial_shift,0.15,0.05,11,2,0.9875,0.7125,True,True,6.800000000000001,6.800000000000001,both_success,0.0
spatial_shift_js_0.15,spatial_shift,0.15,0.05,11,3,0.9125,0.1125,False,False,,,both_timeout,
spatial_shift_js_0.15,spatial_shift,0.15,0.05,11,4,0.7625,0.4875,True,False,2.5500000000000003,,oracle_only,
spatial_shift_js_0.15,spatial_shift,0.15,0.05,11,5,0.8125,0.8875,True,True,3.7,4.25,both_success,0.5499999999999998
spatial_shift_js_0.15,spatial_shift,0.15,0.05,11,6,0.8875,0.2875,False,False,,,both_timeout,
spatial_shift_js_0.15,spatial_shift,0.15,0.05,11,7,0.7125,0.4625,True,False,2.45,,oracle_only,
spatial_shift_js_0.15,spatial_shift,0.15,0.05,11,8,0.7625,0.9125,True,True,3.8000000000000003,4.2,both_success,0.3999999999999999
spatial_shift_js_0.15,spatial_shift,0.15,0.05,11,9,0.6625,0.7375,True,True,1.3,1.3,both_success,0.0
spatial_shift_js_0.15,spatial_shift,0.15,0.05,11,10,0.7125,0.6375,True,True,1.1,1.1500000000000001,both_success,0.050000000000000044
spatial_shift_js_0.15,spatial_shift,0.15,0.05,11,11,0.7875,0.6875,True,True,1.2000000000000002,3.95,both_success,2.75
spatial_shift_js_0.15,spatial_shift,0.15,0.05,11,12,0.9125,0.7375,True,True,4.1000000000000005,4.25,both_success,0.14999999999999947
spatial_shift_js_0.15,spatial_shift,0.15,0.05,11,13,0.8125,0.5875,True,True,1.4000000000000001,4.1000000000000005,both_success,2.7
spatial_shift_js_0.15,spatial_shift,0.15,0.05,11,14,0.9875,0.4625,False,False,,,both_timeout,
spatial_shift_js_0.15,spatial_shift,0.15,0.05,11,15,0.5125,0.8125,False,True,,1.6,error_only,
spatial_shift_js_0.15,spatial_shift,0.15,0.05,11,16,0.4125,0.7625,False,True,,1.8,error_only,
spatial_shift_js_0.15,spatial_shift,0.15,0.05,11,17,0.7875,0.6875,True,True,1.2000000000000002,3.95,both_success,2.75
spatial_shift_js_0.15,spatial_shift,0.15,0.05,11,18,0.7875,0.8125,True,True,1.7000000000000002,4.05,both_success,2.3499999999999996
spatial_shift_js_0.15,spatial_shift,0.15,0.05,11,19,0.6125,0.7125,True,True,1.25,1.25,both_success,0.0
spatial_shift_js_0.15,spatial_shift,0.15,0.05,11,20,0.6625,0.9625,True,True,5.3500000000000005,5.3500000000000005,both_success,0.0
spatial_shift_js_0.15,spatial_shift,0.15,0.05,11,21,0.8875,0.5375,False,False,,,both_timeout,
spatial_shift_js_0.15,spatial_shift,0.15,0.05,11,22,0.6625,0.7125,True,True,1.2000000000000002,1.25,both_success,0.04999999999999982
spatial_shift_js_0.15,spatial_shift,0.15,0.05,11,23,0.6375,0.6875,True,True,1.1500000000000001,1.2000000000000002,both_success,0.050000000000000044
spatial_shift_js_0.15,spatial_shift,0.15,0.05,11,24,0.6125,0.6375,True,True,1.05,1.1,both_success,0.050000000000000044
spatial_shift_js_0.15,spatial_shift,0.15,0.05,11,25,0.8625,0.7125,True,True,1.6500000000000001,4.15,both_success,2.5
spatial_shift_js_0.15,spatial_shift,0.15,0.05,11,26,0.8375,0.5625,True,False,1.5,,oracle_only,
spatial_shift_js_0.15,spatial_shift,0.15,0.05,11,27,0.6875,0.8125,True,True,2.0,1.4500000000000002,both_success,-0.5499999999999998
spatial_shift_js_0.15,spatial_shift,0.15,0.05,11,28,0.8625,0.8375,True,True,3.85,4.25,both_success,0.3999999999999999
spatial_shift_js_0.15,spatial_shift,0.15,0.05,11,29,0.6875,0.4625,True,False,2.5,,oracle_only,
spatial_shift_js_0.15,spatial_shift,0.15,0.05,11,30,0.9875,0.6625,False,False,,,both_timeout,
spatial_shift_js_0.15,spatial_shift,0.15,0.05,11,31,0.8375,0.5875,True,True,1.5,4.15,both_success,2.6500000000000004
spatial_shift_js_0.15,spatial_shift,0.15,0.05,11,32,0.7875,0.3375,False,False,,,both_timeout,
spatial_shift_js_0.15,spatial_shift,0.15,0.05,11,33,0.7875,0.8625,True,True,1.85,4.15,both_success,2.3000000000000003
spatial_shift_js_0.15,spatial_shift,0.15,0.05,11,34,0.7125,0.6625,True,True,1.1,1.2000000000000002,both_success,0.10000000000000009
spatial_shift_js_0.15,spatial_shift,0.15,0.05,11,35,0.7625,0.4875,True,False,2.5500000000000003,,oracle_only,
spatial_shift_js_0.15,spatial_shift,0.15,0.05,11,36,0.5375,0.7625,False,True,,1.4000000000000001,error_only,
spatial_shift_js_0.15,spatial_shift,0.15,0.05,11,37,0.8625,0.5375,True,False,3.1500000000000004,,oracle_only,
spatial_shift_js_0.15,spatial_shift,0.15,0.05,11,38,0.8625,0.8625,True,True,3.85,4.25,both_success,0.3999999999999999
spatial_shift_js_0.15,spatial_shift,0.15,0.05,11,39,0.6875,0.5625,True,True,1.0,3.4000000000000004,both_success,2.4000000000000004
spatial_shift_js_0.15,spatial_shift,0.15,0.05,11,40,0.6375,0.1375,False,False,,,both_timeout,
spatial_shift_js_0.15,spatial_shift,0.15,0.05,11,41,0.8375,0.5375,True,False,3.0500000000000003,,oracle_only,
spatial_shift_js_0.15,spatial_shift,0.15,0.05,11,42,0.4875,0.6375,False,True,,1.35,error_only,
spatial_shift_js_0.15,spatial_shift,0.15,0.05,11,43,0.2375,0.6875,False,True,,2.5500000000000003,error_only,
spatial_shift_js_0.15,spatial_shift,0.15,0.05,11,44,0.9375,0.8625,True,True,4.1000000000000005,4.3500000000000005,both_success,0.25
spatial_shift_js_0.15,spatial_shift,0.15,0.05,11,45,0.7375,0.7625,True,True,1.35,3.6500000000000004,both_success,2.3000000000000003
spatial_shift_js_0.15,spatial_shift,0.15,0.05,11,46,0.9625,0.6125,False,False,,,both_timeout,
spatial_shift_js_0.15,spatial_shift,0.15,0.05,11,47,0.8875,0.0625,False,False,,,both_timeout,
spatial_shift_js_0.15,spatial_shift,0.15,0.05,11,48,0.6625,0.5125,True,True,1.0,3.85,both_success,2.85
spatial_shift_js_0.15,spatial_shift,0.15,0.05,11,49,0.7625,0.9875,True,True,5.15,5.15,both_success,0.0
spatial_shift_js_0.15,spatial_shift,0.15,0.05,11,50,0.8875,0.6625,True,True,1.75,4.25,both_success,2.5
spatial_shift_js_0.15,spatial_shift,0.15,0.05,11,51,0.6875,0.7625,True,True,1.9000000000000001,1.35,both_success,-0.55
spatial_shift_js_0.15,spatial_shift,0.15,0.05,11,52,0.3125,0.2375,True,True,0.15000000000000002,0.15000000000000002,both_success,0.0
spatial_shift_js_0.15,spatial_shift,0.15,0.05,11,53,0.8125,0.1375,False,False,,,both_timeout,
spatial_shift_js_0.15,spatial_shift,0.15,0.05,11,54,0.6625,0.8375,True,True,2.15,1.5,both_success,-0.6499999999999999
spatial_shift_js_0.15,spatial_shift,0.15,0.05,11,55,0.8375,0.7125,True,True,1.4000000000000001,4.1000000000000005,both_success,2.7
spatial_shift_js_0.15,spatial_shift,0.15,0.05,11,56,0.7125,0.6125,True,True,1.05,3.4000000000000004,both_success,2.3500000000000005
spatial_shift_js_0.15,spatial_shift,0.15,0.05,11,57,0.7625,0.6125,True,True,1.1500000000000001,3.9000000000000004,both_success,2.75
spatial_shift_js_0.15,spatial_shift,0.15,0.05,11,58,0.6625,0.3625,False,False,,,both_timeout,
spatial_shift_js_0.15,spatial_shift,0.15,0.05,11,59,0.8375,0.5125,True,False,2.95,,oracle_only,
spatial_shift_js_0.15,spatial_shift,0.15,0.05,11,60,0.1875,0.1125,True,True,0.0,0.0,both_success,0.0
spatial_shift_js_0.15,spatial_shift,0.15,0.05,11,61,0.5875,0.8375,False,True,,1.5,error_only,
spatial_shift_js_0.15,spatial_shift,0.15,0.05,11,62,0.9625,0.6625,True,True,6.7,6.7,both_success,0.0
spatial_shift_js_0.15,spatial_shift,0.15,0.05,11,63,0.6625,0.4625,True,False,1.1500000000000001,,oracle_only,
diffuse_blur_js_0.05,diffuse_blur,0.05,0.05,7,0,0.6875,0.7375,True,True,1.25,2.0500000000000003,both_success,0.8000000000000003
diffuse_blur_js_0.05,diffuse_blur,0.05,0.05,7,1,0.8125,0.8625,True,True,3.7,3.85,both_success,0.1499999999999999
diffuse_blur_js_0.05,diffuse_blur,0.05,0.05,7,2,0.8625,0.7875,True,True,3.85,4.0,both_success,0.1499999999999999
diffuse_blur_js_0.05,diffuse_blur,0.05,0.05,7,3,0.7625,0.5625,True,True,1.3,1.1500000000000001,both_success,-0.1499999999999999
diffuse_blur_js_0.05,diffuse_blur,0.05,0.05,7,4,0.6375,0.6125,True,True,1.05,1.05,both_success,0.0
diffuse_blur_js_0.05,diffuse_blur,0.05,0.05,7,5,0.0375,0.8625,False,False,,,both_timeout,
diffuse_blur_js_0.05,diffuse_blur,0.05,0.05,7,6,0.8875,0.0125,False,False,,,both_timeout,
diffuse_blur_js_0.05,diffuse_blur,0.05,0.05,7,7,0.8375,0.8125,True,True,1.6,3.95,both_success,2.35
diffuse_blur_js_0.05,diffuse_blur,0.05,0.05,7,8,0.6375,0.8125,True,True,2.2,3.45,both_success,1.25
diffuse_blur_js_0.05,diffuse_blur,0.05,0.05,7,9,0.0625,0.6875,False,False,,,both_timeout,
diffuse_blur_js_0.05,diffuse_blur,0.05,0.05,7,10,0.6625,0.6125,True,True,1.05,1.05,both_success,0.0
diffuse_blur_js_0.05,diffuse_blur,0.05,0.05,7,11,0.8625,0.5875,True,True,1.55,1.55,both_success,0.0
diffuse_blur_js_0.05,diffuse_blur,0.05,0.05,7,12,0.6625,0.5875,True,True,1.05,1.0,both_success,-0.050000000000000044
diffuse_blur_js_0.05,diffuse_blur,0.05,0.05,7,13,0.7875,0.6625,True,True,1.1500000000000001,1.55,both_success,0.3999999999999999
diffuse_blur_js_0.05,diffuse_blur,0.05,0.05,7,14,0.7625,0.6875,True,True,1.2000000000000002,1.75,both_success,0.5499999999999998
diffuse_blur_js_0.05,diffuse_blur,0.05,0.05,7,15,0.6625,0.7125,True,True,1.2000000000000002,2.1,both_success,0.8999999999999999
diffuse_blur_js_0.05,diffuse_blur,0.05,0.05,7,16,0.7375,0.9875,True,True,5.2,3.8000000000000003,both_success,-1.4
diffuse_blur_js_0.05,diffuse_blur,0.05,0.05,7,17,0.6125,0.8125,True,True,2.25,3.45,both_success,1.2000000000000002
diffuse_blur_js_0.05,diffuse_blur,0.05,0.05,7,18,0.6625,0.7375,True,True,1.3,2.15,both_success,0.8499999999999999
diffuse_blur_js_0.05,diffuse_blur,0.05,0.05,7,19,0.0375,0.9875,False,False,,,both_timeout,
diffuse_blur_js_0.05,diffuse_blur,0.05,0.05,7,20,0.6625,0.5625,True,True,1.0,1.0,both_success,0.0
diffuse_blur_js_0.05,diffuse_blur,0.05,0.05,7,21,0.6625,0.5125,True,True,1.0,1.0,both_success,0.0
diffuse_blur_js_0.05,diffuse_blur,0.05,0.05,7,22,0.5875,0.7375,True,True,2.3000000000000003,2.35,both_success,0.04999999999999982
diffuse_blur_js_0.05,diffuse_blur,0.05,0.05,7,23,0.5125,0.1875,False,False,,,both_timeout,
diffuse_blur_js_0.05,diffuse_blur,0.05,0.05,7,24,0.0875,0.1625,False,False,,,both_timeout,
diffuse_blur_js_0.05,diffuse_blur,0.05,0.05,7,25,0.8125,0.6875,True,True,1.3,1.6500000000000001,both_success,0.3500000000000001
diffuse_blur_js_0.05,diffuse_blur,0.05,0.05,7,26,0.9625,0.6625,True,True,6.7,6.7,both_success,0.0
diffuse_blur_js_0.05,diffuse_blur,0.05,0.05,7,27,0.6625,0.8875,True,True,5.550000000000001,3.6,both_success,-1.9500000000000006
diffuse_blur_js_0.05,diffuse_blur,0.05,0.05,7,28,0.7125,0.7375,True,True,1.25,2.0,both_success,0.75
diffuse_blur_js_0.05,diffuse_blur,0.05,0.05,7,29,0.8125,0.6875,True,True,1.3,1.6500000000000001,both_success,0.3500000000000001
diffuse_blur_js_0.05,diffuse_blur,0.05,0.05,7,30,0.7125,0.6875,True,True,1.1500000000000001,1.9000000000000001,both_success,0.75
diffuse_blur_js_0.05,diffuse_blur,0.05,0.05,7,31,0.5875,0.5875,True,True,1.05,1.05,both_success,0.0
diffuse_blur_js_0.05,diffuse_blur,0.05,0.05,7,32,0.0125,0.0625,False,False,,,both_timeout,
diffuse_blur_js_0.05,diffuse_blur,0.05,0.05,7,33,0.7375,0.5375,True,True,1.25,1.1500000000000001,both_success,-0.09999999999999987
diffuse_blur_js_0.05,diffuse_blur,0.05,0.05,7,34,0.7125,0.7625,True,True,1.35,2.0500000000000003,both_success,0.7000000000000002
diffuse_blur_js_0.05,diffuse_blur,0.05,0.05,7,35,0.8375,0.5375,True,True,3.0500000000000003,1.4000000000000001,both_success,-1.6500000000000001
diffuse_blur_js_0.05,diffuse_blur,0.05,0.05,7,36,0.7125,0.6375,True,True,1.1,1.1,both_success,0.0
diffuse_blur_js_0.05,diffuse_blur,0.05,0.05,7,37,0.6375,0.0125,False,False,,,both_timeout,
diffuse_blur_js_0.05,diffuse_blur,0.05,0.05,7,38,0.9375,0.8125,True,True,4.1000000000000005,4.15,both_success,0.04999999999999982
diffuse_blur_js_0.05,diffuse_blur,0.05,0.05,7,39,0.9125,0.4875,False,False,,,both_timeout,
diffuse_blur_js_0.05,diffuse_blur,0.05,0.05,7,40,0.7625,0.5875,True,True,1.25,1.1,both_success,-0.1499999999999999
diffuse_blur_js_0.05,diffuse_blur,0.05,0.05,7,41,0.5875,0.8625,False,True,,3.5500000000000003,error_only,
diffuse_blur_js_0.05,diffuse_blur,0.05,0.05,7,42,0.7875,0.6875,True,True,1.2000000000000002,1.7000000000000002,both_success,0.5
diffuse_blur_js_0.05,diffuse_blur,0.05,0.05,7,43,0.6875,0.8375,True,True,2.0500000000000003,3.5,both_success,1.4499999999999997
diffuse_blur_js_0.05,diffuse_blur,0.05,0.05,7,44,0.7625,0.7375,True,True,1.25,1.85,both_success,0.6000000000000001
diffuse_blur_js_0.05,diffuse_blur,0.05,0.05,7,45,0.6375,0.7875,True,True,2.15,3.45,both_success,1.3000000000000003
diffuse_blur_js_0.05,diffuse_blur,0.05,0.05,7,46,0.8625,0.3625,False,False,,,both_timeout,
diffuse_blur_js_0.05,diffuse_blur,0.05,0.05,7,47,0.5375,0.7125,True,True,2.4000000000000004,3.25,both_success,0.8499999999999996
diffuse_blur_js_0.05,diffuse_blur,0.05,0.05,7,48,0.7625,0.6875,True,True,1.2000000000000002,1.75,both_success,0.5499999999999998
diffuse_blur_js_0.05,diffuse_blur,0.05,0.05,7,49,0.9375,0.8375,True,True,4.1000000000000005,4.1000000000000005,both_success,0.0
diffuse_blur_js_0.05,diffuse_blur,0.05,0.05,7,50,0.6875,0.6375,True,True,1.05,1.1,both_success,0.050000000000000044
diffuse_blur_js_0.05,diffuse_blur,0.05,0.05,7,51,0.9375,0.7125,True,True,6.65,6.65,both_success,0.0
diffuse_blur_js_0.05,diffuse_blur,0.05,0.05,7,52,0.0875,0.2625,False,False,,,both_timeout,
diffuse_blur_js_0.05,diffuse_blur,0.05,0.05,7,53,0.8375,0.6375,True,True,1.4500000000000002,1.3,both_success,-0.15000000000000013
diffuse_blur_js_0.05,diffuse_blur,0.05,0.05,7,54,0.7875,0.6125,True,True,1.3,1.1500000000000001,both_success,-0.1499999999999999
diffuse_blur_js_0.05,diffuse_blur,0.05,0.05,7,55,0.8125,0.4875,True,True,2.75,1.35,both_success,-1.4
diffuse_blur_js_0.05,diffuse_blur,0.05,0.05,7,56,0.7875,0.8125,True,True,1.7000000000000002,3.85,both_success,2.15
diffuse_blur_js_0.05,diffuse_blur,0.05,0.05,7,57,0.7875,0.6375,True,True,1.25,1.2000000000000002,both_success,-0.04999999999999982
diffuse_blur_js_0.05,diffuse_blur,0.05,0.05,7,58,0.5625,0.9625,False,False,,,both_timeout,
diffuse_blur_js_0.05,diffuse_blur,0.05,0.05,7,59,0.8625,0.7125,True,True,1.6500000000000001,6.4,both_success,4.75
diffuse_blur_js_0.05,diffuse_blur,0.05,0.05,7,60,0.4125,0.7375,False,False,,,both_timeout,
diffuse_blur_js_0.05,diffuse_blur,0.05,0.05,7,61,0.7625,0.7375,True,True,1.25,1.85,both_success,0.6000000000000001
diffuse_blur_js_0.05,diffuse_blur,0.05,0.05,7,62,0.5875,0.7625,True,True,2.3000000000000003,3.4000000000000004,both_success,1.1
diffuse_blur_js_0.05,diffuse_blur,0.05,0.05,7,63,0.8125,0.4875,True,True,2.75,1.35,both_success,-1.4
diffuse_blur_js_0.05,diffuse_blur,0.05,0.05,11,0,0.6875,0.4625,True,True,2.5,1.1500000000000001,both_success,-1.3499999999999999
diffuse_blur_js_0.05,diffuse_blur,0.05,0.05,11,1,0.7375,0.6875,True,True,1.1500000000000001,1.8,both_success,0.6499999999999999
diffuse_blur_js_0.05,diffuse_blur,0.05,0.05,11,2,0.9875,0.7125,True,True,6.800000000000001,6.800000000000001,both_success,0.0
diffuse_blur_js_0.05,diffuse_blur,0.05,0.05,11,3,0.9125,0.1125,False,False,,,both_timeout,
diffuse_blur_js_0.05,diffuse_blur,0.05,0.05,11,4,0.7625,0.4875,True,True,2.5500000000000003,1.25,both_success,-1.3000000000000003
diffuse_blur_js_0.05,diffuse_blur,0.05,0.05,11,5,0.8125,0.8875,True,True,3.7,3.85,both_success,0.1499999999999999
diffuse_blur_js_0.05,diffuse_blur,0.05,0.05,11,6,0.8875,0.2875,False,False,,,both_timeout,
diffuse_blur_js_0.05,diffuse_blur,0.05,0.05,11,7,0.7125,0.4625,True,True,2.45,1.2000000000000002,both_success,-1.25
diffuse_blur_js_0.05,diffuse_blur,0.05,0.05,11,8,0.7625,0.9125,True,True,3.8000000000000003,3.7,both_success,-0.10000000000000009
diffuse_blur_js_0.05,diffuse_blur,0.05,0.05,11,9,0.6625,0.7375,True,True,1.3,2.15,both_success,0.8499999999999999
diffuse_blur_js_0.05,diffuse_blur,0.05,0.05,11,10,0.7125,0.6375,True,True,1.1,1.1,both_success,0.0
diffuse_blur_js_0.05,diffuse_blur,0.05,0.05,11,11,0.7875,0.6875,True,True,1.2000000000000002,1.7000000000000002,both_success,0.5
diffuse_blur_js_0.05,diffuse_blur,0.05,0.05,11,12,0.9125,0.7375,True,True,4.1000000000000005,6.550000000000001,both_success,2.45
diffuse_blur_js_0.05,diffuse_blur,0.05,0.05,11,13,0.8125,0.5875,True,True,1.4000000000000001,1.25,both_success,-0.15000000000000013
diffuse_blur_js_0.05,diffuse_blur,0.05,0.05,11,14,0.9875,0.4625,False,False,,,both_timeout,
diffuse_blur_js_0.05,diffuse_blur,0.05,0.05,11,15,0.5125,0.8125,False,True,,3.45,error_only,
diffuse_blur_js_0.05,diffuse_blur,0.05,0.05,11,16,0.4125,0.7625,False,False,,,both_timeout,
diffuse_blur_js_0.05,diffuse_blur,0.05,0.05,11,17,0.7875,0.6875,True,True,1.2000000000000002,1.7000000000000002,both_success,0.5
diffuse_blur_js_0.05,diffuse_blur,0.05,0.05,11,18,0.7875,0.8125,True,True,1.7000000000000002,3.85,both_success,2.15
diffuse_blur_js_0.05,diffuse_blur,0.05,0.05,11,19,0.6125,0.7125,True,True,1.25,2.25,both_success,1.0
diffuse_blur_js_0.05,diffuse_blur,0.05,0.05,11,20,0.6625,0.9625,True,True,5.3500000000000005,5.3500000000000005,both_success,0.0
diffuse_blur_js_0.05,diffuse_blur,0.05,0.05,11,21,0.8875,0.5375,False,True,,1.7000000000000002,error_only,
diffuse_blur_js_0.05,diffuse_blur,0.05,0.05,11,22,0.6625,0.7125,True,True,1.2000000000000002,2.1,both_success,0.8999999999999999
diffuse_blur_js_0.05,diffuse_blur,0.05,0.05,11,23,0.6375,0.6875,True,True,1.1500000000000001,2.2,both_success,1.05
diffuse_blur_js_0.05,diffuse_blur,0.05,0.05,11,24,0.6125,0.6375,True,True,1.05,1.05,both_success,0.0
diffuse_blur_js_0.05,diffuse_blur,0.05,0.05,11,25,0.8625,0.7125,True,True,1.6500000000000001,6.4,both_success,4.75
diffuse_blur_js_0.05,diffuse_blur,0.05,0.05,11,26,0.8375,0.5625,True,True,1.5,1.4000000000000001,both_success,-0.09999999999999987
diffuse_blur_js_0.05,diffuse_blur,0.05,0.05,11,27,0.6875,0.8125,True,True,2.0,3.5,both_success,1.5
diffuse_blur_js_0.05,diffuse_blur,0.05,0.05,11,28,0.8625,0.8375,True,True,3.85,4.0,both_success,0.1499999999999999
diffuse_blur_js_0.05,diffuse_blur,0.05,0.05,11,29,0.6875,0.4625,True,True,2.5,1.1500000000000001,both_success,-1.3499999999999999
diffuse_blur_js_0.05,diffuse_blur,0.05,0.05,11,30,0.9875,0.6625,False,False,,,both_timeout,
diffuse_blur_js_0.05,diffuse_blur,0.05,0.05,11,31,0.8375,0.5875,True,True,1.5,1.4000000000000001,both_success,-0.09999999999999987
diffuse_blur_js_0.05,diffuse_blur,0.05,0.05,11,32,0.7875,0.3375,False,False,,,both_timeout,
diffuse_blur_js_0.05,diffuse_blur,0.05,0.05,11,33,0.7875,0.8625,True,True,1.85,3.8000000000000003,both_success,1.9500000000000002
diffuse_blur_js_0.05,diffuse_blur,0.05,0.05,11,34,0.7125,0.6625,True,True,1.1,1.85,both_success,0.75
diffuse_blur_js_0.05,diffuse_blur,0.05,0.05,11,35,0.7625,0.4875,True,True,2.5500000000000003,1.25,both_success,-1.3000000000000003
diffuse_blur_js_0.05,diffuse_blur,0.05,0.05,11,36,0.5375,0.7625,False,True,,3.35,error_only,
diffuse_blur_js_0.05,diffuse_blur,0.05,0.05,11,37,0.8625,0.5375,True,True,3.1500000000000004,1.55,both_success,-1.6000000000000003
diffuse_blur_js_0.05,diffuse_blur,0.05,0.05,11,38,0.8625,0.8625,True,True,3.85,3.95,both_success,0.10000000000000009
diffuse_blur_js_0.05,diffuse_blur,0.05,0.05,11,39,0.6875,0.5625,True,True,1.0,1.0,both_success,0.0
diffuse_blur_js_0.05,diffuse_blur,0.05,0.05,11,40,0.6375,0.1375,False,False,,,both_timeout,
diffuse_blur_js_0.05,diffuse_blur,0.05,0.05,11,41,0.8375,0.5375,True,True,3.0500000000000003,1.4000000000000001,both_success,-1.6500000000000001
diffuse_blur_js_0.05,diffuse_blur,0.05,0.05,11,42,0.4875,0.6375,False,True,,3.1500000000000004,error_only,
diffuse_blur_js_0.05,diffuse_blur,0.05,0.05,11,43,0.2375,0.6875,False,False,,,both_timeout,
diffuse_blur_js_0.05,diffuse_blur,0.05,0.05,11,44,0.9375,0.8625,True,True,4.1000000000000005,4.1000000000000005,both_success,0.0
diffuse_blur_js_0.05,diffuse_blur,0.05,0.05,11,45,0.7375,0.7625,True,True,1.35,1.9500000000000002,both_success,0.6000000000000001
diffuse_blur_js_0.05,diffuse_blur,0.05,0.05,11,46,0.9625,0.6125,False,False,,,both_timeout,
diffuse_blur_js_0.05,diffuse_blur,0.05,0.05,11,47,0.8875,0.0625,False,False,,,both_timeout,
diffuse_blur_js_0.05,diffuse_blur,0.05,0.05,11,48,0.6625,0.5125,True,True,1.0,1.0,both_success,0.0
diffuse_blur_js_0.05,diffuse_blur,0.05,0.05,11,49,0.7625,0.9875,True,True,5.15,3.75,both_success,-1.4000000000000004
diffuse_blur_js_0.05,diffuse_blur,0.05,0.05,11,50,0.8875,0.6625,True,True,1.75,2.15,both_success,0.3999999999999999
diffuse_blur_js_0.05,diffuse_blur,0.05,0.05,11,51,0.6875,0.7625,True,True,1.9000000000000001,2.1,both_success,0.19999999999999996
diffuse_blur_js_0.05,diffuse_blur,0.05,0.05,11,52,0.3125,0.2375,True,True,0.15000000000000002,0.15000000000000002,both_success,0.0
diffuse_blur_js_0.05,diffuse_blur,0.05,0.05,11,53,0.8125,0.1375,False,False,,,both_timeout,
diffuse_blur_js_0.05,diffuse_blur,0.05,0.05,11,54,0.6625,0.8375,True,True,2.15,3.5,both_success,1.35
diffuse_blur_js_0.05,diffuse_blur,0.05,0.05,11,55,0.8375,0.7125,True,True,1.4000000000000001,1.7000000000000002,both_success,0.30000000000000004
diffuse_blur_js_0.05,diffuse_blur,0.05,0.05,11,56,0.7125,0.6125,True,True,1.05,1.05,both_success,0.0
diffuse_blur_js_0.05,diffuse_blur,0.05,0.05,11,57,0.7625,0.6125,True,True,1.1500000000000001,1.1,both_success,-0.050000000000000044
diffuse_blur_js_0.05,diffuse_blur,0.05,0.05,11,58,0.6625,0.3625,False,False,,,both_timeout,
diffuse_blur_js_0.05,diffuse_blur,0.05,0.05,11,59,0.8375,0.5125,True,True,2.95,1.4500000000000002,both_success,-1.5
diffuse_blur_js_0.05,diffuse_blur,0.05,0.05,11,60,0.1875,0.1125,True,True,0.0,0.0,both_success,0.0
diffuse_blur_js_0.05,diffuse_blur,0.05,0.05,11,61,0.5875,0.8375,False,True,,3.5,error_only,
diffuse_blur_js_0.05,diffuse_blur,0.05,0.05,11,62,0.9625,0.6625,True,True,6.7,6.7,both_success,0.0
diffuse_blur_js_0.05,diffuse_blur,0.05,0.05,11,63,0.6625,0.4625,True,True,1.1500000000000001,1.1,both_success,-0.050000000000000044
diffuse_blur_js_0.1,diffuse_blur,0.1,0.05,7,0,0.6875,0.7375,True,True,1.25,3.5500000000000003,both_success,2.3000000000000003
diffuse_blur_js_0.1,diffuse_blur,0.1,0.05,7,1,0.8125,0.8625,True,True,3.7,3.7,both_success,0.0
diffuse_blur_js_0.1,diffuse_blur,0.1,0.05,7,2,0.8625,0.7875,True,True,3.85,3.8000000000000003,both_success,-0.04999999999999982
diffuse_blur_js_0.1,diffuse_blur,0.1,0.05,7,3,0.7625,0.5625,True,True,1.3,1.55,both_success,0.25
diffuse_blur_js_0.1,diffuse_blur,0.1,0.05,7,4,0.6375,0.6125,True,True,1.05,1.9500000000000002,both_success,0.9000000000000001
diffuse_blur_js_0.1,diffuse_blur,0.1,0.05,7,5,0.0375,0.8625,False,False,,,both_timeout,
diffuse_blur_js_0.1,diffuse_blur,0.1,0.05,7,6,0.8875,0.0125,False,False,,,both_timeout,
diffuse_blur_js_0.1,diffuse_blur,0.1,0.05,7,7,0.8375,0.8125,True,True,1.6,3.75,both_success,2.15
diffuse_blur_js_0.1,diffuse_blur,0.1,0.05,7,8,0.6375,0.8125,True,True,2.2,3.35,both_success,1.15
diffuse_blur_js_0.1,diffuse_blur,0.1,0.05,7,9,0.0625,0.6875,False,False,,,both_timeout,
diffuse_blur_js_0.1,diffuse_blur,0.1,0.05,7,10,0.6625,0.6125,True,True,1.05,1.9000000000000001,both_success,0.8500000000000001
diffuse_blur_js_0.1,diffuse_blur,0.1,0.05,7,11,0.8625,0.5875,True,False,1.55,,oracle_only,
diffuse_blur_js_0.1,diffuse_blur,0.1,0.05,7,12,0.6625,0.5875,True,True,1.05,1.85,both_success,0.8
diffuse_blur_js_0.1,diffuse_blur,0.1,0.05,7,13,0.7875,0.6625,True,False,1.1500000000000001,,oracle_only,
diffuse_blur_js_0.1,diffuse_blur,0.1,0.05,7,14,0.7625,0.6875,True,True,1.2000000000000002,3.8000000000000003,both_success,2.6
diffuse_blur_js_0.1,diffuse_blur,0.1,0.05,7,15,0.6625,0.7125,True,True,1.2000000000000002,2.0500000000000003,both_success,0.8500000000000001
diffuse_blur_js_0.1,diffuse_blur,0.1,0.05,7,16,0.7375,0.9875,True,True,5.2,5.2,both_success,0.0
diffuse_blur_js_0.1,diffuse_blur,0.1,0.05,7,17,0.6125,0.8125,True,True,2.25,3.35,both_success,1.1
diffuse_blur_js_0.1,diffuse_blur,0.1,0.05,7,18,0.6625,0.7375,True,True,1.3,3.45,both_success,2.1500000000000004
diffuse_blur_js_0.1,diffuse_blur,0.1,0.05,7,19,0.0375,0.9875,False,False,,,both_timeout,
diffuse_blur_js_0.1,diffuse_blur,0.1,0.05,7,20,0.6625,0.5625,True,True,1.0,1.8,both_success,0.8
diffuse_blur_js_0.1,diffuse_blur,0.1,0.05,7,21,0.6625,0.5125,True,True,1.0,1.0,both_success,0.0
diffuse_blur_js_0.1,diffuse_blur,0.1,0.05,7,22,0.5875,0.7375,True,True,2.3000000000000003,3.2,both_success,0.8999999999999999
diffuse_blur_js_0.1,diffuse_blur,0.1,0.05,7,23,0.5125,0.1875,False,False,,,both_timeout,
diffuse_blur_js_0.1,diffuse_blur,0.1,0.05,7,24,0.0875,0.1625,False,False,,,both_timeout,
diffuse_blur_js_0.1,diffuse_blur,0.1,0.05,7,25,0.8125,0.6875,True,True,1.3,3.85,both_success,2.55
diffuse_blur_js_0.1,diffuse_blur,0.1,0.05,7,26,0.9625,0.6625,True,True,6.7,6.7,both_success,0.0
diffuse_blur_js_0.1,diffuse_blur,0.1,0.05,7,27,0.6625,0.8875,True,True,5.550000000000001,3.5,both_success,-2.0500000000000007
diffuse_blur_js_0.1,diffuse_blur,0.1,0.05,7,28,0.7125,0.7375,True,True,1.25,3.6,both_success,2.35
diffuse_blur_js_0.1,diffuse_blur,0.1,0.05,7,29,0.8125,0.6875,True,True,1.3,3.85,both_success,2.55
diffuse_blur_js_0.1,diffuse_blur,0.1,0.05,7,30,0.7125,0.6875,True,True,1.1500000000000001,1.9500000000000002,both_success,0.8
diffuse_blur_js_0.1,diffuse_blur,0.1,0.05,7,31,0.5875,0.5875,True,True,1.05,2.1,both_success,1.05
diffuse_blur_js_0.1,diffuse_blur,0.1,0.05,7,32,0.0125,0.0625,False,False,,,both_timeout,
diffuse_blur_js_0.1,diffuse_blur,0.1,0.05,7,33,0.7375,0.5375,True,True,1.25,1.1500000000000001,both_success,-0.09999999999999987
diffuse_blur_js_0.1,diffuse_blur,0.1,0.05,7,34,0.7125,0.7625,True,True,1.35,3.5500000000000003,both_success,2.2
diffuse_blur_js_0.1,diffuse_blur,0.1,0.05,7,35,0.8375,0.5375,True,True,3.0500000000000003,1.9500000000000002,both_success,-1.1
diffuse_blur_js_0.1,diffuse_blur,0.1,0.05,7,36,0.7125,0.6375,True,True,1.1,1.85,both_success,0.75
diffuse_blur_js_0.1,diffuse_blur,0.1,0.05,7,37,0.6375,0.0125,False,False,,,both_timeout,
diffuse_blur_js_0.1,diffuse_blur,0.1,0.05,7,38,0.9375,0.8125,True,True,4.1000000000000005,3.9000000000000004,both_success,-0.20000000000000018
diffuse_blur_js_0.1,diffuse_blur,0.1,0.05,7,39,0.9125,0.4875,False,False,,,both_timeout,
diffuse_blur_js_0.1,diffuse_blur,0.1,0.05,7,40,0.7625,0.5875,True,True,1.25,1.6500000000000001,both_success,0.40000000000000013
diffuse_blur_js_0.1,diffuse_blur,0.1,0.05,7,41,0.5875,0.8625,False,True,,3.45,error_only,
diffuse_blur_js_0.1,diffuse_blur,0.1,0.05,7,42,0.7875,0.6875,True,True,1.2000000000000002,3.8000000000000003,both_success,2.6
diffuse_blur_js_0.1,diffuse_blur,0.1,0.05,7,43,0.6875,0.8375,True,True,2.0500000000000003,3.4000000000000004,both_success,1.35
diffuse_blur_js_0.1,diffuse_blur,0.1,0.05,7,44,0.7625,0.7375,True,True,1.25,3.7,both_success,2.45
diffuse_blur_js_0.1,diffuse_blur,0.1,0.05,7,45,0.6375,0.7875,True,True,2.15,3.3000000000000003,both_success,1.1500000000000004
diffuse_blur_js_0.1,diffuse_blur,0.1,0.05,7,46,0.8625,0.3625,False,False,,,both_timeout,
diffuse_blur_js_0.1,diffuse_blur,0.1,0.05,7,47,0.5375,0.7125,True,True,2.4000000000000004,3.1500000000000004,both_success,0.75
diffuse_blur_js_0.1,diffuse_blur,0.1,0.05,7,48,0.7625,0.6875,True,True,1.2000000000000002,3.8000000000000003,both_success,2.6
diffuse_blur_js_0.1,diffuse_blur,0.1,0.05,7,49,0.9375,0.8375,True,True,4.1000000000000005,3.9000000000000004,both_success,-0.20000000000000018
diffuse_blur_js_0.1,diffuse_blur,0.1,0.05,7,50,0.6875,0.6375,True,True,1.05,1.9000000000000001,both_success,0.8500000000000001
diffuse_blur_js_0.1,diffuse_blur,0.1,0.05,7,51,0.9375,0.7125,True,True,6.65,3.95,both_success,-2.7
diffuse_blur_js_0.1,diffuse_blur,0.1,0.05,7,52,0.0875,0.2625,False,False,,,both_timeout,
diffuse_blur_js_0.1,diffuse_blur,0.1,0.05,7,53,0.8375,0.6375,True,False,1.4500000000000002,,oracle_only,
diffuse_blur_js_0.1,diffuse_blur,0.1,0.05,7,54,0.7875,0.6125,True,True,1.3,1.7000000000000002,both_success,0.40000000000000013
diffuse_blur_js_0.1,diffuse_blur,0.1,0.05,7,55,0.8125,0.4875,True,True,2.75,1.35,both_success,-1.4
diffuse_blur_js_0.1,diffuse_blur,0.1,0.05,7,56,0.7875,0.8125,True,True,1.7000000000000002,3.7,both_success,2.0
diffuse_blur_js_0.1,diffuse_blur,0.1,0.05,7,57,0.7875,0.6375,True,False,1.25,,oracle_only,
diffuse_blur_js_0.1,diffuse_blur,0.1,0.05,7,58,0.5625,0.9625,False,False,,,both_timeout,
diffuse_blur_js_0.1,diffuse_blur,0.1,0.05,7,59,0.8625,0.7125,True,True,1.6500000000000001,3.85,both_success,2.2
diffuse_blur_js_0.1,diffuse_blur,0.1,0.05,7,60,0.4125,0.7375,False,True,,3.1,error_only,
diffuse_blur_js_0.1,diffuse_blur,0.1,0.05,7,61,0.7625,0.7375,True,True,1.25,3.7,both_success,2.45
diffuse_blur_js_0.1,diffuse_blur,0.1,0.05,7,62,0.5875,0.7625,True,True,2.3000000000000003,3.25,both_success,0.9499999999999997
diffuse_blur_js_0.1,diffuse_blur,0.1,0.05,7,63,0.8125,0.4875,True,True,2.75,1.35,both_success,-1.4
diffuse_blur_js_0.1,diffuse_blur,0.1,0.05,11,0,0.6875,0.4625,True,True,2.5,1.0,both_success,-1.5
diffuse_blur_js_0.1,diffuse_blur,0.1,0.05,11,1,0.7375,0.6875,True,True,1.1500000000000001,3.75,both_success,2.5999999999999996
diffuse_blur_js_0.1,diffuse_blur,0.1,0.05,11,2,0.9875,0.7125,True,True,6.800000000000001,4.05,both_success,-2.750000000000001
diffuse_blur_js_0.1,diffuse_blur,0.1,0.05,11,3,0.9125,0.1125,False,False,,,both_timeout,
diffuse_blur_js_0.1,diffuse_blur,0.1,0.05,11,4,0.7625,0.4875,True,True,2.5500000000000003,1.1500000000000001,both_success,-1.4000000000000001
diffuse_blur_js_0.1,diffuse_blur,0.1,0.05,11,5,0.8125,0.8875,True,True,3.7,3.7,both_success,0.0
diffuse_blur_js_0.1,diffuse_blur,0.1,0.05,11,6,0.8875,0.2875,False,False,,,both_timeout,
diffuse_blur_js_0.1,diffuse_blur,0.1,0.05,11,7,0.7125,0.4625,True,True,2.45,1.05,both_success,-1.4000000000000001
diffuse_blur_js_0.1,diffuse_blur,0.1,0.05,11,8,0.7625,0.9125,True,True,3.8000000000000003,3.6,both_success,-0.20000000000000018
diffuse_blur_js_0.1,diffuse_blur,0.1,0.05,11,9,0.6625,0.7375,True,True,1.3,3.45,both_success,2.1500000000000004
diffuse_blur_js_0.1,diffuse_blur,0.1,0.05,11,10,0.7125,0.6375,True,True,1.1,1.85,both_success,0.75
diffuse_blur_js_0.1,diffuse_blur,0.1,0.05,11,11,0.7875,0.6875,True,True,1.2000000000000002,3.8000000000000003,both_success,2.6
diffuse_blur_js_0.1,diffuse_blur,0.1,0.05,11,12,0.9125,0.7375,True,True,4.1000000000000005,3.9000000000000004,both_success,-0.20000000000000018
diffuse_blur_js_0.1,diffuse_blur,0.1,0.05,11,13,0.8125,0.5875,True,True,1.4000000000000001,1.6,both_success,0.19999999999999996
diffuse_blur_js_0.1,diffuse_blur,0.1,0.05,11,14,0.9875,0.4625,False,False,,,both_timeout,
diffuse_blur_js_0.1,diffuse_blur,0.1,0.05,11,15,0.5125,0.8125,False,True,,3.3000000000000003,error_only,
diffuse_blur_js_0.1,diffuse_blur,0.1,0.05,11,16,0.4125,0.7625,False,True,,3.1500000000000004,error_only,
diffuse_blur_js_0.1,diffuse_blur,0.1,0.05,11,17,0.7875,0.6875,True,True,1.2000000000000002,3.8000000000000003,both_success,2.6
diffuse_blur_js_0.1,diffuse_blur,0.1,0.05,11,18,0.7875,0.8125,True,True,1.7000000000000002,3.7,both_success,2.0
diffuse_blur_js_0.1,diffuse_blur,0.1,0.05,11,19,0.6125,0.7125,True,True,1.25,2.15,both_success,0.8999999999999999
diffuse_blur_js_0.1,diffuse_blur,0.1,0.05,11,20,0.6625,0.9625,True,True,5.3500000000000005,5.3500000000000005,both_success,0.0
diffuse_blur_js_0.1,diffuse_blur,0.1,0.05,11,21,0.8875,0.5375,False,False,,,both_timeout,
diffuse_blur_js_0.1,diffuse_blur,0.1,0.05,11,22,0.6625,0.7125,True,True,1.2000000000000002,2.0500000000000003,both_success,0.8500000000000001
diffuse_blur_js_0.1,diffuse_blur,0.1,0.05,11,23,0.6375,0.6875,True,True,1.1500000000000001,2.0500000000000003,both_success,0.9000000000000001
diffuse_blur_js_0.1,diffuse_blur,0.1,0.05,11,24,0.6125,0.6375,True,True,1.05,2.0500000000000003,both_success,1.0000000000000002
diffuse_blur_js_0.1,diffuse_blur,0.1,0.05,11,25,0.8625,0.7125,True,True,1.6500000000000001,3.85,both_success,2.2
diffuse_blur_js_0.1,diffuse_blur,0.1,0.05,11,26,0.8375,0.5625,True,True,1.5,2.0500000000000003,both_success,0.5500000000000003
diffuse_blur_js_0.1,diffuse_blur,0.1,0.05,11,27,0.6875,0.8125,True,True,2.0,3.4000000000000004,both_success,1.4000000000000004
diffuse_blur_js_0.1,diffuse_blur,0.1,0.05,11,28,0.8625,0.8375,True,True,3.85,3.8000000000000003,both_success,-0.04999999999999982
diffuse_blur_js_0.1,diffuse_blur,0.1,0.05,11,29,0.6875,0.4625,True,True,2.5,1.0,both_success,-1.5
diffuse_blur_js_0.1,diffuse_blur,0.1,0.05,11,30,0.9875,0.6625,False,False,,,both_timeout,
diffuse_blur_js_0.1,diffuse_blur,0.1,0.05,11,31,0.8375,0.5875,True,False,1.5,,oracle_only,
diffuse_blur_js_0.1,diffuse_blur,0.1,0.05,11,32,0.7875,0.3375,False,True,,1.4000000000000001,error_only,
diffuse_blur_js_0.1,diffuse_blur,0.1,0.05,11,33,0.7875,0.8625,True,True,1.85,3.6500000000000004,both_success,1.8000000000000003
diffuse_blur_js_0.1,diffuse_blur,0.1,0.05,11,34,0.7125,0.6625,True,True,1.1,1.9000000000000001,both_success,0.8
diffuse_blur_js_0.1,diffuse_blur,0.1,0.05,11,35,0.7625,0.4875,True,True,2.5500000000000003,1.1500000000000001,both_success,-1.4000000000000001
diffuse_blur_js_0.1,diffuse_blur,0.1,0.05,11,36,0.5375,0.7625,False,True,,3.2,error_only,
diffuse_blur_js_0.1,diffuse_blur,0.1,0.05,11,37,0.8625,0.5375,True,False,3.1500000000000004,,oracle_only,
diffuse_blur_js_0.1,diffuse_blur,0.1,0.05,11,38,0.8625,0.8625,True,True,3.85,3.8000000000000003,both_success,-0.04999999999999982
diffuse_blur_js_0.1,diffuse_blur,0.1,0.05,11,39,0.6875,0.5625,True,True,1.0,1.75,both_success,0.75
diffuse_blur_js_0.1,diffuse_blur,0.1,0.05,11,40,0.6375,0.1375,False,False,,,both_timeout,
diffuse_blur_js_0.1,diffuse_blur,0.1,0.05,11,41,0.8375,0.5375,True,True,3.0500000000000003,1.9500000000000002,both_success,-1.1
diffuse_blur_js_0.1,diffuse_blur,0.1,0.05,11,42,0.4875,0.6375,False,True,,2.35,error_only,
diffuse_blur_js_0.1,diffuse_blur,0.1,0.05,11,43,0.2375,0.6875,False,False,,,both_timeout,
diffuse_blur_js_0.1,diffuse_blur,0.1,0.05,11,44,0.9375,0.8625,True,True,4.1000000000000005,3.9000000000000004,both_success,-0.20000000000000018
diffuse_blur_js_0.1,diffuse_blur,0.1,0.05,11,45,0.7375,0.7625,True,True,1.35,3.6500000000000004,both_success,2.3000000000000003
diffuse_blur_js_0.1,diffuse_blur,0.1,0.05,11,46,0.9625,0.6125,False,False,,,both_timeout,
diffuse_blur_js_0.1,diffuse_blur,0.1,0.05,11,47,0.8875,0.0625,False,False,,,both_timeout,
diffuse_blur_js_0.1,diffuse_blur,0.1,0.05,11,48,0.6625,0.5125,True,True,1.0,1.0,both_success,0.0
diffuse_blur_js_0.1,diffuse_blur,0.1,0.05,11,49,0.7625,0.9875,True,True,5.15,5.15,both_success,0.0
diffuse_blur_js_0.1,diffuse_blur,0.1,0.05,11,50,0.8875,0.6625,True,True,1.75,6.5,both_success,4.75
diffuse_blur_js_0.1,diffuse_blur,0.1,0.05,11,51,0.6875,0.7625,True,True,1.9000000000000001,3.5,both_success,1.5999999999999999
diffuse_blur_js_0.1,diffuse_blur,0.1,0.05,11,52,0.3125,0.2375,True,True,0.15000000000000002,0.15000000000000002,both_success,0.0
diffuse_blur_js_0.1,diffuse_blur,0.1,0.05,11,53,0.8125,0.1375,False,False,,,both_timeout,
diffuse_blur_js_0.1,diffuse_blur,0.1,0.05,11,54,0.6625,0.8375,True,True,2.15,3.4000000000000004,both_success,1.2500000000000004
diffuse_blur_js_0.1,diffuse_blur,0.1,0.05,11,55,0.8375,0.7125,True,True,1.4000000000000001,3.85,both_success,2.45
diffuse_blur_js_0.1,diffuse_blur,0.1,0.05,11,56,0.7125,0.6125,True,True,1.05,1.8,both_success,0.75
diffuse_blur_js_0.1,diffuse_blur,0.1,0.05,11,57,0.7625,0.6125,True,True,1.1500000000000001,1.75,both_success,0.5999999999999999
diffuse_blur_js_0.1,diffuse_blur,0.1,0.05,11,58,0.6625,0.3625,False,True,,1.1,error_only,
diffuse_blur_js_0.1,diffuse_blur,0.1,0.05,11,59,0.8375,0.5125,True,True,2.95,1.85,both_success,-1.1
diffuse_blur_js_0.1,diffuse_blur,0.1,0.05,11,60,0.1875,0.1125,True,True,0.0,0.0,both_success,0.0
diffuse_blur_js_0.1,diffuse_blur,0.1,0.05,11,61,0.5875,0.8375,False,True,,3.4000000000000004,error_only,
diffuse_blur_js_0.1,diffuse_blur,0.1,0.05,11,62,0.9625,0.6625,True,True,6.7,6.7,both_success,0.0
diffuse_blur_js_0.1,diffuse_blur,0.1,0.05,11,63,0.6625,0.4625,True,True,1.1500000000000001,0.9,both_success,-0.2500000000000001
diffuse_blur_js_0.15,diffuse_blur,0.15,0.05,7,0,0.6875,0.7375,True,True,1.25,3.5500000000000003,both_success,2.3000000000000003
diffuse_blur_js_0.15,diffuse_blur,0.15,0.05,7,1,0.8125,0.8625,True,True,3.7,3.7,both_success,0.0
diffuse_blur_js_0.15,diffuse_blur,0.15,0.05,7,2,0.8625,0.7875,True,True,3.85,3.8000000000000003,both_success,-0.04999999999999982
diffuse_blur_js_0.15,diffuse_blur,0.15,0.05,7,3,0.7625,0.5625,True,False,1.3,,oracle_only,
diffuse_blur_js_0.15,diffuse_blur,0.15,0.05,7,4,0.6375,0.6125,True,False,1.05,,oracle_only,
diffuse_blur_js_0.15,diffuse_blur,0.15,0.05,7,5,0.0375,0.8625,False,False,,,both_timeout,
diffuse_blur_js_0.15,diffuse_blur,0.15,0.05,7,6,0.8875,0.0125,False,False,,,both_timeout,
diffuse_blur_js_0.15,diffuse_blur,0.15,0.05,7,7,0.8375,0.8125,True,True,1.6,3.75,both_success,2.15
diffuse_blur_js_0.15,diffuse_blur,0.15,0.05,7,8,0.6375,0.8125,True,True,2.2,3.35,both_success,1.15
diffuse_blur_js_0.15,diffuse_blur,0.15,0.05,7,9,0.0625,0.6875,False,False,,,both_timeout,
diffuse_blur_js_0.15,diffuse_blur,0.15,0.05,7,10,0.6625,0.6125,True,False,1.05,,oracle_only,
diffuse_blur_js_0.15,diffuse_blur,0.15,0.05,7,11,0.8625,0.5875,True,False,1.55,,oracle_only,
diffuse_blur_js_0.15,diffuse_blur,0.15,0.05,7,12,0.6625,0.5875,True,False,1.05,,oracle_only,
diffuse_blur_js_0.15,diffuse_blur,0.15,0.05,7,13,0.7875,0.6625,True,True,1.1500000000000001,3.8000000000000003,both_success,2.6500000000000004
diffuse_blur_js_0.15,diffuse_blur,0.15,0.05,7,14,0.7625,0.6875,True,True,1.2000000000000002,3.75,both_success,2.55
diffuse_blur_js_0.15,diffuse_blur,0.15,0.05,7,15,0.6625,0.7125,True,True,1.2000000000000002,3.5500000000000003,both_success,2.35
diffuse_blur_js_0.15,diffuse_blur,0.15,0.05,7,16,0.7375,0.9875,True,True,5.2,5.2,both_success,0.0
diffuse_blur_js_0.15,diffuse_blur,0.15,0.05,7,17,0.6125,0.8125,True,True,2.25,3.35,both_success,1.1
diffuse_blur_js_0.15,diffuse_blur,0.15,0.05,7,18,0.6625,0.7375,True,True,1.3,3.5,both_success,2.2
diffuse_blur_js_0.15,diffuse_blur,0.15,0.05,7,19,0.0375,0.9875,False,False,,,both_timeout,
diffuse_blur_js_0.15,diffuse_blur,0.15,0.05,7,20,0.6625,0.5625,True,True,1.0,1.8,both_success,0.8
diffuse_blur_js_0.15,diffuse_blur,0.15,0.05,7,21,0.6625,0.5125,True,True,1.0,1.7000000000000002,both_success,0.7000000000000002
diffuse_blur_js_0.15,diffuse_blur,0.15,0.05,7,22,0.5875,0.7375,True,True,2.3000000000000003,3.25,both_success,0.9499999999999997
diffuse_blur_js_0.15,diffuse_blur,0.15,0.05,7,23,0.5125,0.1875,False,False,,,both_timeout,
diffuse_blur_js_0.15,diffuse_blur,0.15,0.05,7,24,0.0875,0.1625,False,False,,,both_timeout,
diffuse_blur_js_0.15,diffuse_blur,0.15,0.05,7,25,0.8125,0.6875,True,True,1.3,3.8000000000000003,both_success,2.5
diffuse_blur_js_0.15,diffuse_blur,0.15,0.05,7,26,0.9625,0.6625,True,True,6.7,6.7,both_success,0.0
diffuse_blur_js_0.15,diffuse_blur,0.15,0.05,7,27,0.6625,0.8875,True,True,5.550000000000001,3.5500000000000003,both_success,-2.0000000000000004
diffuse_blur_js_0.15,diffuse_blur,0.15,0.05,7,28,0.7125,0.7375,True,True,1.25,3.6,both_success,2.35
diffuse_blur_js_0.15,diffuse_blur,0.15,0.05,7,29,0.8125,0.6875,True,True,1.3,3.8000000000000003,both_success,2.5
diffuse_blur_js_0.15,diffuse_blur,0.15,0.05,7,30,0.7125,0.6875,True,True,1.1500000000000001,3.6500000000000004,both_success,2.5
diffuse_blur_js_0.15,diffuse_blur,0.15,0.05,7,31,0.5875,0.5875,True,True,1.05,1.9500000000000002,both_success,0.9000000000000001
diffuse_blur_js_0.15,diffuse_blur,0.15,0.05,7,32,0.0125,0.0625,False,False,,,both_timeout,
diffuse_blur_js_0.15,diffuse_blur,0.15,0.05,7,33,0.7375,0.5375,True,False,1.25,,oracle_only,
diffuse_blur_js_0.15,diffuse_blur,0.15,0.05,7,34,0.7125,0.7625,True,True,1.35,3.6,both_success,2.25
diffuse_blur_js_0.15,diffuse_blur,0.15,0.05,7,35,0.8375,0.5375,True,False,3.0500000000000003,,oracle_only,
diffuse_blur_js_0.15,diffuse_blur,0.15,0.05,7,36,0.7125,0.6375,True,True,1.1,3.75,both_success,2.65
diffuse_blur_js_0.15,diffuse_blur,0.15,0.05,7,37,0.6375,0.0125,False,False,,,both_timeout,
diffuse_blur_js_0.15,diffuse_blur,0.15,0.05,7,38,0.9375,0.8125,True,True,4.1000000000000005,3.9000000000000004,both_success,-0.20000000000000018
diffuse_blur_js_0.15,diffuse_blur,0.15,0.05,7,39,0.9125,0.4875,False,False,,,both_timeout,
diffuse_blur_js_0.15,diffuse_blur,0.15,0.05,7,40,0.7625,0.5875,True,False,1.25,,oracle_only,
diffuse_blur_js_0.15,diffuse_blur,0.15,0.05,7,41,0.5875,0.8625,False,True,,3.45,error_only,
diffuse_blur_js_0.15,diffuse_blur,0.15,0.05,7,42,0.7875,0.6875,True,True,1.2000000000000002,3.75,both_success,2.55
diffuse_blur_js_0.15,diffuse_blur,0.15,0.05,7,43,0.6875,0.8375,True,True,2.0500000000000003,3.5,both_success,1.4499999999999997
diffuse_blur_js_0.15,diffuse_blur,0.15,0.05,7,44,0.7625,0.7375,True,True,1.25,3.7,both_success,2.45
diffuse_blur_js_0.15,diffuse_blur,0.15,0.05,7,45,0.6375,0.7875,True,True,2.15,3.4000000000000004,both_success,1.2500000000000004
diffuse_blur_js_0.15,diffuse_blur,0.15,0.05,7,46,0.8625,0.3625,False,False,,,both_timeout,
diffuse_blur_js_0.15,diffuse_blur,0.15,0.05,7,47,0.5375,0.7125,True,True,2.4000000000000004,3.1500000000000004,both_success,0.75
diffuse_blur_js_0.15,diffuse_blur,0.15,0.05,7,48,0.7625,0.6875,True,True,1.2000000000000002,3.75,both_success,2.55
diffuse_blur_js_0.15,diffuse_blur,0.15,0.05,7,49,0.9375,0.8375,True,True,4.1000000000000005,3.9000000000000004,both_success,-0.20000000000000018
diffuse_blur_js_0.15,diffuse_blur,0.15,0.05,7,50,0.6875,0.6375,True,True,1.05,3.7,both_success,2.6500000000000004
diffuse_blur_js_0.15,diffuse_blur,0.15,0.05,7,51,0.9375,0.7125,True,True,6.65,3.95,both_success,-2.7
diffuse_blur_js_0.15,diffuse_blur,0.15,0.05,7,52,0.0875,0.2625,False,False,,,both_timeout,
diffuse_blur_js_0.15,diffuse_blur,0.15,0.05,7,53,0.8375,0.6375,True,True,1.4500000000000002,3.85,both_success,2.4
diffuse_blur_js_0.15,diffuse_blur,0.15,0.05,7,54,0.7875,0.6125,True,False,1.3,,oracle_only,
diffuse_blur_js_0.15,diffuse_blur,0.15,0.05,7,55,0.8125,0.4875,True,False,2.75,,oracle_only,
diffuse_blur_js_0.15,diffuse_blur,0.15,0.05,7,56,0.7875,0.8125,True,True,1.7000000000000002,3.7,both_success,2.0
diffuse_blur_js_0.15,diffuse_blur,0.15,0.05,7,57,0.7875,0.6375,True,True,1.25,3.8000000000000003,both_success,2.5500000000000003
diffuse_blur_js_0.15,diffuse_blur,0.15,0.05,7,58,0.5625,0.9625,False,False,,,both_timeout,
diffuse_blur_js_0.15,diffuse_blur,0.15,0.05,7,59,0.8625,0.7125,True,True,1.6500000000000001,3.85,both_success,2.2
diffuse_blur_js_0.15,diffuse_blur,0.15,0.05,7,60,0.4125,0.7375,False,True,,3.1,error_only,
diffuse_blur_js_0.15,diffuse_blur,0.15,0.05,7,61,0.7625,0.7375,True,True,1.25,3.7,both_success,2.45
diffuse_blur_js_0.15,diffuse_blur,0.15,0.05,7,62,0.5875,0.7625,True,True,2.3000000000000003,3.25,both_success,0.9499999999999997
diffuse_blur_js_0.15,diffuse_blur,0.15,0.05,7,63,0.8125,0.4875,True,False,2.75,,oracle_only,
diffuse_blur_js_0.15,diffuse_blur,0.15,0.05,11,0,0.6875,0.4625,True,True,2.5,1.55,both_success,-0.95
diffuse_blur_js_0.15,diffuse_blur,0.15,0.05,11,1,0.7375,0.6875,True,True,1.1500000000000001,3.7,both_success,2.55
diffuse_blur_js_0.15,diffuse_blur,0.15,0.05,11,2,0.9875,0.7125,True,True,6.800000000000001,4.0,both_success,-2.8000000000000007
diffuse_blur_js_0.15,diffuse_blur,0.15,0.05,11,3,0.9125,0.1125,False,False,,,both_timeout,
diffuse_blur_js_0.15,diffuse_blur,0.15,0.05,11,4,0.7625,0.4875,True,False,2.5500000000000003,,oracle_only,
diffuse_blur_js_0.15,diffuse_blur,0.15,0.05,11,5,0.8125,0.8875,True,True,3.7,3.7,both_success,0.0
diffuse_blur_js_0.15,diffuse_blur,0.15,0.05,11,6,0.8875,0.2875,False,False,,,both_timeout,
diffuse_blur_js_0.15,diffuse_blur,0.15,0.05,11,7,0.7125,0.4625,True,True,2.45,1.5,both_success,-0.9500000000000002
diffuse_blur_js_0.15,diffuse_blur,0.15,0.05,11,8,0.7625,0.9125,True,True,3.8000000000000003,3.6500000000000004,both_success,-0.1499999999999999
diffuse_blur_js_0.15,diffuse_blur,0.15,0.05,11,9,0.6625,0.7375,True,True,1.3,3.5,both_success,2.2
diffuse_blur_js_0.15,diffuse_blur,0.15,0.05,11,10,0.7125,0.6375,True,True,1.1,3.75,both_success,2.65
diffuse_blur_js_0.15,diffuse_blur,0.15,0.05,11,11,0.7875,0.6875,True,True,1.2000000000000002,3.75,both_success,2.55
diffuse_blur_js_0.15,diffuse_blur,0.15,0.05,11,12,0.9125,0.7375,True,True,4.1000000000000005,3.9000000000000004,both_success,-0.20000000000000018
diffuse_blur_js_0.15,diffuse_blur,0.15,0.05,11,13,0.8125,0.5875,True,False,1.4000000000000001,,oracle_only,
diffuse_blur_js_0.15,diffuse_blur,0.15,0.05,11,14,0.9875,0.4625,False,False,,,both_timeout,
diffuse_blur_js_0.15,diffuse_blur,0.15,0.05,11,15,0.5125,0.8125,False,True,,3.3000000000000003,error_only,
diffuse_blur_js_0.15,diffuse_blur,0.15,0.05,11,16,0.4125,0.7625,False,True,,3.1,error_only,
diffuse_blur_js_0.15,diffuse_blur,0.15,0.05,11,17,0.7875,0.6875,True,True,1.2000000000000002,3.75,both_success,2.55
diffuse_blur_js_0.15,diffuse_blur,0.15,0.05,11,18,0.7875,0.8125,True,True,1.7000000000000002,3.7,both_success,2.0
diffuse_blur_js_0.15,diffuse_blur,0.15,0.05,11,19,0.6125,0.7125,True,True,1.25,3.45,both_success,2.2
diffuse_blur_js_0.15,diffuse_blur,0.15,0.05,11,20,0.6625,0.9625,True,True,5.3500000000000005,5.3500000000000005,both_success,0.0
diffuse_blur_js_0.15,diffuse_blur,0.15,0.05,11,21,0.8875,0.5375,False,False,,,both_timeout,
diffuse_blur_js_0.15,diffuse_blur,0.15,0.05,11,22,0.6625,0.7125,True,True,1.2000000000000002,3.5500000000000003,both_success,2.35
diffuse_blur_js_0.15,diffuse_blur,0.15,0.05,11,23,0.6375,0.6875,True,True,1.1500000000000001,3.5500000000000003,both_success,2.4000000000000004
diffuse_blur_js_0.15,diffuse_blur,0.15,0.05,11,24,0.6125,0.6375,True,True,1.05,3.6500000000000004,both_success,2.6000000000000005
diffuse_blur_js_0.15,diffuse_blur,0.15,0.05,11,25,0.8625,0.7125,True,True,1.6500000000000001,3.85,both_success,2.2
diffuse_blur_js_0.15,diffuse_blur,0.15,0.05,11,26,0.8375,0.5625,True,False,1.5,,oracle_only,
diffuse_blur_js_0.15,diffuse_blur,0.15,0.05,11,27,0.6875,0.8125,True,True,2.0,3.5,both_success,1.5
diffuse_blur_js_0.15,diffuse_blur,0.15,0.05,11,28,0.8625,0.8375,True,True,3.85,3.8000000000000003,both_success,-0.04999999999999982
diffuse_blur_js_0.15,diffuse_blur,0.15,0.05,11,29,0.6875,0.4625,True,True,2.5,1.55,both_success,-0.95
diffuse_blur_js_0.15,diffuse_blur,0.15,0.05,11,30,0.9875,0.6625,False,False,,,both_timeout,
diffuse_blur_js_0.15,diffuse_blur,0.15,0.05,11,31,0.8375,0.5875,True,False,1.5,,oracle_only,
diffuse_blur_js_0.15,diffuse_blur,0.15,0.05,11,32,0.7875,0.3375,False,False,,,both_timeout,
diffuse_blur_js_0.15,diffuse_blur,0.15,0.05,11,33,0.7875,0.8625,True,True,1.85,3.6500000000000004,both_success,1.8000000000000003
diffuse_blur_js_0.15,diffuse_blur,0.15,0.05,11,34,0.7125,0.6625,True,True,1.1,3.7,both_success,2.6
diffuse_blur_js_0.15,diffuse_blur,0.15,0.05,11,35,0.7625,0.4875,True,False,2.5500000000000003,,oracle_only,
diffuse_blur_js_0.15,diffuse_blur,0.15,0.05,11,36,0.5375,0.7625,False,True,,3.25,error_only,
diffuse_blur_js_0.15,diffuse_blur,0.15,0.05,11,37,0.8625,0.5375,True,False,3.1500000000000004,,oracle_only,
diffuse_blur_js_0.15,diffuse_blur,0.15,0.05,11,38,0.8625,0.8625,True,True,3.85,3.8000000000000003,both_success,-0.04999999999999982
diffuse_blur_js_0.15,diffuse_blur,0.15,0.05,11,39,0.6875,0.5625,True,False,1.0,,oracle_only,
diffuse_blur_js_0.15,diffuse_blur,0.15,0.05,11,40,0.6375,0.1375,False,False,,,both_timeout,
diffuse_blur_js_0.15,diffuse_blur,0.15,0.05,11,41,0.8375,0.5375,True,False,3.0500000000000003,,oracle_only,
diffuse_blur_js_0.15,diffuse_blur,0.15,0.05,11,42,0.4875,0.6375,False,True,,2.1,error_only,
diffuse_blur_js_0.15,diffuse_blur,0.15,0.05,11,43,0.2375,0.6875,False,False,,,both_timeout,
diffuse_blur_js_0.15,diffuse_blur,0.15,0.05,11,44,0.9375,0.8625,True,True,4.1000000000000005,3.9000000000000004,both_success,-0.20000000000000018
diffuse_blur_js_0.15,diffuse_blur,0.15,0.05,11,45,0.7375,0.7625,True,True,1.35,3.6500000000000004,both_success,2.3000000000000003
diffuse_blur_js_0.15,diffuse_blur,0.15,0.05,11,46,0.9625,0.6125,False,False,,,both_timeout,
diffuse_blur_js_0.15,diffuse_blur,0.15,0.05,11,47,0.8875,0.0625,False,False,,,both_timeout,
diffuse_blur_js_0.15,diffuse_blur,0.15,0.05,11,48,0.6625,0.5125,True,True,1.0,1.7000000000000002,both_success,0.7000000000000002
diffuse_blur_js_0.15,diffuse_blur,0.15,0.05,11,49,0.7625,0.9875,True,True,5.15,5.15,both_success,0.0
diffuse_blur_js_0.15,diffuse_blur,0.15,0.05,11,50,0.8875,0.6625,True,True,1.75,3.9000000000000004,both_success,2.1500000000000004
diffuse_blur_js_0.15,diffuse_blur,0.15,0.05,11,51,0.6875,0.7625,True,True,1.9000000000000001,3.5500000000000003,both_success,1.6500000000000001
diffuse_blur_js_0.15,diffuse_blur,0.15,0.05,11,52,0.3125,0.2375,True,True,0.15000000000000002,0.15000000000000002,both_success,0.0
diffuse_blur_js_0.15,diffuse_blur,0.15,0.05,11,53,0.8125,0.1375,False,False,,,both_timeout,
diffuse_blur_js_0.15,diffuse_blur,0.15,0.05,11,54,0.6625,0.8375,True,True,2.15,3.4000000000000004,both_success,1.2500000000000004
diffuse_blur_js_0.15,diffuse_blur,0.15,0.05,11,55,0.8375,0.7125,True,True,1.4000000000000001,3.8000000000000003,both_success,2.4000000000000004
diffuse_blur_js_0.15,diffuse_blur,0.15,0.05,11,56,0.7125,0.6125,True,False,1.05,,oracle_only,
diffuse_blur_js_0.15,diffuse_blur,0.15,0.05,11,57,0.7625,0.6125,True,False,1.1500000000000001,,oracle_only,
diffuse_blur_js_0.15,diffuse_blur,0.15,0.05,11,58,0.6625,0.3625,False,True,,0.9500000000000001,error_only,
diffuse_blur_js_0.15,diffuse_blur,0.15,0.05,11,59,0.8375,0.5125,True,False,2.95,,oracle_only,
diffuse_blur_js_0.15,diffuse_blur,0.15,0.05,11,60,0.1875,0.1125,True,True,0.0,0.0,both_success,0.0
diffuse_blur_js_0.15,diffuse_blur,0.15,0.05,11,61,0.5875,0.8375,False,True,,3.4000000000000004,error_only,
diffuse_blur_js_0.15,diffuse_blur,0.15,0.05,11,62,0.9625,0.6625,True,True,6.7,6.7,both_success,0.0
diffuse_blur_js_0.15,diffuse_blur,0.15,0.05,11,63,0.6625,0.4625,True,True,1.1500000000000001,1.6,both_success,0.44999999999999996
false_hotspot_js_0.05,false_hotspot,0.05,0.05,7,0,0.6875,0.7375,True,True,1.25,1.25,both_success,0.0
false_hotspot_js_0.05,false_hotspot,0.05,0.05,7,1,0.8125,0.8625,True,True,3.7,1.6500000000000001,both_success,-2.05
false_hotspot_js_0.05,false_hotspot,0.05,0.05,7,2,0.8625,0.7875,True,True,3.85,6.300000000000001,both_success,2.4500000000000006
false_hotspot_js_0.05,false_hotspot,0.05,0.05,7,3,0.7625,0.5625,True,True,1.3,1.35,both_success,0.050000000000000044
false_hotspot_js_0.05,false_hotspot,0.05,0.05,7,4,0.6375,0.6125,True,True,1.05,1.05,both_success,0.0
false_hotspot_js_0.05,false_hotspot,0.05,0.05,7,5,0.0375,0.8625,False,False,,,both_timeout,
false_hotspot_js_0.05,false_hotspot,0.05,0.05,7,6,0.8875,0.0125,False,False,,,both_timeout,
false_hotspot_js_0.05,false_hotspot,0.05,0.05,7,7,0.8375,0.8125,True,True,1.6,4.45,both_success,2.85
false_hotspot_js_0.05,false_hotspot,0.05,0.05,7,8,0.6375,0.8125,True,True,2.2,2.1,both_success,-0.10000000000000009
false_hotspot_js_0.05,false_hotspot,0.05,0.05,7,9,0.0625,0.6875,False,False,,,both_timeout,
false_hotspot_js_0.05,false_hotspot,0.05,0.05,7,10,0.6625,0.6125,True,True,1.05,1.05,both_success,0.0
false_hotspot_js_0.05,false_hotspot,0.05,0.05,7,11,0.8625,0.5875,True,False,1.55,,oracle_only,
false_hotspot_js_0.05,false_hotspot,0.05,0.05,7,12,0.6625,0.5875,True,True,1.05,1.05,both_success,0.0
false_hotspot_js_0.05,false_hotspot,0.05,0.05,7,13,0.7875,0.6625,True,True,1.1500000000000001,1.3,both_success,0.1499999999999999
false_hotspot_js_0.05,false_hotspot,0.05,0.05,7,14,0.7625,0.6875,True,True,1.2000000000000002,1.2000000000000002,both_success,0.0
false_hotspot_js_0.05,false_hotspot,0.05,0.05,7,15,0.6625,0.7125,True,True,1.2000000000000002,1.2000000000000002,both_success,0.0
false_hotspot_js_0.05,false_hotspot,0.05,0.05,7,16,0.7375,0.9875,True,True,5.2,4.3500000000000005,both_success,-0.8499999999999996
false_hotspot_js_0.05,false_hotspot,0.05,0.05,7,17,0.6125,0.8125,True,True,2.25,2.15,both_success,-0.10000000000000009
false_hotspot_js_0.05,false_hotspot,0.05,0.05,7,18,0.6625,0.7375,True,True,1.3,1.25,both_success,-0.050000000000000044
false_hotspot_js_0.05,false_hotspot,0.05,0.05,7,19,0.0375,0.9875,False,False,,,both_timeout,
false_hotspot_js_0.05,false_hotspot,0.05,0.05,7,20,0.6625,0.5625,True,True,1.0,1.05,both_success,0.050000000000000044
false_hotspot_js_0.05,false_hotspot,0.05,0.05,7,21,0.6625,0.5125,True,True,1.0,1.05,both_success,0.050000000000000044
false_hotspot_js_0.05,false_hotspot,0.05,0.05,7,22,0.5875,0.7375,True,True,2.3000000000000003,2.15,both_success,-0.15000000000000036
false_hotspot_js_0.05,false_hotspot,0.05,0.05,7,23,0.5125,0.1875,False,False,,,both_timeout,
false_hotspot_js_0.05,false_hotspot,0.05,0.05,7,24,0.0875,0.1625,False,False,,,both_timeout,
false_hotspot_js_0.05,false_hotspot,0.05,0.05,7,25,0.8125,0.6875,True,True,1.3,1.4000000000000001,both_success,0.10000000000000009
false_hotspot_js_0.05,false_hotspot,0.05,0.05,7,26,0.9625,0.6625,True,True,6.7,6.7,both_success,0.0
false_hotspot_js_0.05,false_hotspot,0.05,0.05,7,27,0.6625,0.8875,True,True,5.550000000000001,4.2,both_success,-1.3500000000000005
false_hotspot_js_0.05,false_hotspot,0.05,0.05,7,28,0.7125,0.7375,True,True,1.25,1.25,both_success,0.0
false_hotspot_js_0.05,false_hotspot,0.05,0.05,7,29,0.8125,0.6875,True,True,1.3,1.4000000000000001,both_success,0.10000000000000009
false_hotspot_js_0.05,false_hotspot,0.05,0.05,7,30,0.7125,0.6875,True,True,1.1500000000000001,1.1500000000000001,both_success,0.0
false_hotspot_js_0.05,false_hotspot,0.05,0.05,7,31,0.5875,0.5875,True,True,1.05,1.05,both_success,0.0
false_hotspot_js_0.05,false_hotspot,0.05,0.05,7,32,0.0125,0.0625,False,False,,,both_timeout,
false_hotspot_js_0.05,false_hotspot,0.05,0.05,7,33,0.7375,0.5375,True,True,1.25,1.3,both_success,0.050000000000000044
false_hotspot_js_0.05,false_hotspot,0.05,0.05,7,34,0.7125,0.7625,True,True,1.35,1.3,both_success,-0.050000000000000044
false_hotspot_js_0.05,false_hotspot,0.05,0.05,7,35,0.8375,0.5375,True,False,3.0500000000000003,,oracle_only,
false_hotspot_js_0.05,false_hotspot,0.05,0.05,7,36,0.7125,0.6375,True,True,1.1,1.1,both_success,0.0
false_hotspot_js_0.05,false_hotspot,0.05,0.05,7,37,0.6375,0.0125,False,False,,,both_timeout,
false_hotspot_js_0.05,false_hotspot,0.05,0.05,7,38,0.9375,0.8125,True,True,4.1000000000000005,6.800000000000001,both_success,2.7
false_hotspot_js_0.05,false_hotspot,0.05,0.05,7,39,0.9125,0.4875,False,False,,,both_timeout,
false_hotspot_js_0.05,false_hotspot,0.05,0.05,7,40,0.7625,0.5875,True,True,1.25,1.3,both_success,0.050000000000000044
false_hotspot_js_0.05,false_hotspot,0.05,0.05,7,41,0.5875,0.8625,False,True,,4.05,error_only,
false_hotspot_js_0.05,false_hotspot,0.05,0.05,7,42,0.7875,0.6875,True,True,1.2000000000000002,1.2000000000000002,both_success,0.0
false_hotspot_js_0.05,false_hotspot,0.05,0.05,7,43,0.6875,0.8375,True,True,2.0500000000000003,1.9500000000000002,both_success,-0.10000000000000009
false_hotspot_js_0.05,false_hotspot,0.05,0.05,7,44,0.7625,0.7375,True,True,1.25,1.25,both_success,0.0
false_hotspot_js_0.05,false_hotspot,0.05,0.05,7,45,0.6375,0.7875,True,True,2.15,2.0500000000000003,both_success,-0.09999999999999964
false_hotspot_js_0.05,false_hotspot,0.05,0.05,7,46,0.8625,0.3625,False,False,,,both_timeout,
false_hotspot_js_0.05,false_hotspot,0.05,0.05,7,47,0.5375,0.7125,True,True,2.4000000000000004,2.3000000000000003,both_success,-0.10000000000000009
false_hotspot_js_0.05,false_hotspot,0.05,0.05,7,48,0.7625,0.6875,True,True,1.2000000000000002,1.2000000000000002,both_success,0.0
false_hotspot_js_0.05,false_hotspot,0.05,0.05,7,49,0.9375,0.8375,True,True,4.1000000000000005,6.8500000000000005,both_success,2.75
false_hotspot_js_0.05,false_hotspot,0.05,0.05,7,50,0.6875,0.6375,True,True,1.05,1.05,both_success,0.0
false_hotspot_js_0.05,false_hotspot,0.05,0.05,7,51,0.9375,0.7125,True,True,6.65,6.65,both_success,0.0
false_hotspot_js_0.05,false_hotspot,0.05,0.05,7,52,0.0875,0.2625,False,False,,,both_timeout,
false_hotspot_js_0.05,false_hotspot,0.05,0.05,7,53,0.8375,0.6375,True,True,1.4500000000000002,1.55,both_success,0.09999999999999987
false_hotspot_js_0.05,false_hotspot,0.05,0.05,7,54,0.7875,0.6125,True,True,1.3,1.4000000000000001,both_success,0.10000000000000009
false_hotspot_js_0.05,false_hotspot,0.05,0.05,7,55,0.8125,0.4875,True,False,2.75,,oracle_only,
false_hotspot_js_0.05,false_hotspot,0.05,0.05,7,56,0.7875,0.8125,True,True,1.7000000000000002,1.4000000000000001,both_success,-0.30000000000000004
false_hotspot_js_0.05,false_hotspot,0.05,0.05,7,57,0.7875,0.6375,True,True,1.25,1.35,both_success,0.10000000000000009
false_hotspot_js_0.05,false_hotspot,0.05,0.05,7,58,0.5625,0.9625,False,True,,4.0,error_only,
false_hotspot_js_0.05,false_hotspot,0.05,0.05,7,59,0.8625,0.7125,True,True,1.6500000000000001,6.4,both_success,4.75
false_hotspot_js_0.05,false_hotspot,0.05,0.05,7,60,0.4125,0.7375,False,True,,3.5500000000000003,error_only,
false_hotspot_js_0.05,false_hotspot,0.05,0.05,7,61,0.7625,0.7375,True,True,1.25,1.25,both_success,0.0
false_hotspot_js_0.05,false_hotspot,0.05,0.05,7,62,0.5875,0.7625,True,True,2.3000000000000003,2.2,both_success,-0.10000000000000009
false_hotspot_js_0.05,false_hotspot,0.05,0.05,7,63,0.8125,0.4875,True,False,2.75,,oracle_only,
false_hotspot_js_0.05,false_hotspot,0.05,0.05,11,0,0.6875,0.4625,True,True,2.5,2.4000000000000004,both_success,-0.09999999999999964
false_hotspot_js_0.05,false_hotspot,0.05,0.05,11,1,0.7375,0.6875,True,True,1.1500000000000001,1.1500000000000001,both_success,0.0
false_hotspot_js_0.05,false_hotspot,0.05,0.05,11,2,0.9875,0.7125,True,True,6.800000000000001,6.800000000000001,both_success,0.0
false_hotspot_js_0.05,false_hotspot,0.05,0.05,11,3,0.9125,0.1125,False,False,,,both_timeout,
false_hotspot_js_0.05,false_hotspot,0.05,0.05,11,4,0.7625,0.4875,True,False,2.5500000000000003,,oracle_only,
false_hotspot_js_0.05,false_hotspot,0.05,0.05,11,5,0.8125,0.8875,True,True,3.7,4.4,both_success,0.7000000000000002
false_hotspot_js_0.05,false_hotspot,0.05,0.05,11,6,0.8875,0.2875,False,False,,,both_timeout,
false_hotspot_js_0.05,false_hotspot,0.05,0.05,11,7,0.7125,0.4625,True,True,2.45,2.45,both_success,0.0
false_hotspot_js_0.05,false_hotspot,0.05,0.05,11,8,0.7625,0.9125,True,True,3.8000000000000003,4.3500000000000005,both_success,0.5500000000000003
false_hotspot_js_0.05,false_hotspot,0.05,0.05,11,9,0.6625,0.7375,True,True,1.3,1.25,both_success,-0.050000000000000044
false_hotspot_js_0.05,false_hotspot,0.05,0.05,11,10,0.7125,0.6375,True,True,1.1,1.1,both_success,0.0
false_hotspot_js_0.05,false_hotspot,0.05,0.05,11,11,0.7875,0.6875,True,True,1.2000000000000002,1.2000000000000002,both_success,0.0
false_hotspot_js_0.05,false_hotspot,0.05,0.05,11,12,0.9125,0.7375,True,True,4.1000000000000005,6.550000000000001,both_success,2.45
false_hotspot_js_0.05,false_hotspot,0.05,0.05,11,13,0.8125,0.5875,True,True,1.4000000000000001,1.4500000000000002,both_success,0.050000000000000044
false_hotspot_js_0.05,false_hotspot,0.05,0.05,11,14,0.9875,0.4625,False,False,,,both_timeout,
false_hotspot_js_0.05,false_hotspot,0.05,0.05,11,15,0.5125,0.8125,False,True,,3.7,error_only,
false_hotspot_js_0.05,false_hotspot,0.05,0.05,11,16,0.4125,0.7625,False,True,,3.6,error_only,
false_hotspot_js_0.05,false_hotspot,0.05,0.05,11,17,0.7875,0.6875,True,True,1.2000000000000002,1.2000000000000002,both_success,0.0
false_hotspot_js_0.05,false_hotspot,0.05,0.05,11,18,0.7875,0.8125,True,True,1.7000000000000002,1.4000000000000001,both_success,-0.30000000000000004
false_hotspot_js_0.05,false_hotspot,0.05,0.05,11,19,0.6125,0.7125,True,True,1.25,1.2000000000000002,both_success,-0.04999999999999982
false_hotspot_js_0.05,false_hotspot,0.05,0.05,11,20,0.6625,0.9625,True,True,5.3500000000000005,4.2,both_success,-1.1500000000000004
false_hotspot_js_0.05,false_hotspot,0.05,0.05,11,21,0.8875,0.5375,False,False,,,both_timeout,
false_hotspot_js_0.05,false_hotspot,0.05,0.05,11,22,0.6625,0.7125,True,True,1.2000000000000002,1.2000000000000002,both_success,0.0
false_hotspot_js_0.05,false_hotspot,0.05,0.05,11,23,0.6375,0.6875,True,True,1.1500000000000001,1.1500000000000001,both_success,0.0
false_hotspot_js_0.05,false_hotspot,0.05,0.05,11,24,0.6125,0.6375,True,True,1.05,1.05,both_success,0.0
false_hotspot_js_0.05,false_hotspot,0.05,0.05,11,25,0.8625,0.7125,True,True,1.6500000000000001,6.4,both_success,4.75
false_hotspot_js_0.05,false_hotspot,0.05,0.05,11,26,0.8375,0.5625,True,False,1.5,,oracle_only,
false_hotspot_js_0.05,false_hotspot,0.05,0.05,11,27,0.6875,0.8125,True,True,2.0,1.9000000000000001,both_success,-0.09999999999999987
false_hotspot_js_0.05,false_hotspot,0.05,0.05,11,28,0.8625,0.8375,True,True,3.85,4.45,both_success,0.6000000000000001
false_hotspot_js_0.05,false_hotspot,0.05,0.05,11,29,0.6875,0.4625,True,True,2.5,2.4000000000000004,both_success,-0.09999999999999964
false_hotspot_js_0.05,false_hotspot,0.05,0.05,11,30,0.9875,0.6625,False,False,,,both_timeout,
false_hotspot_js_0.05,false_hotspot,0.05,0.05,11,31,0.8375,0.5875,True,False,1.5,,oracle_only,
false_hotspot_js_0.05,false_hotspot,0.05,0.05,11,32,0.7875,0.3375,False,False,,,both_timeout,
false_hotspot_js_0.05,false_hotspot,0.05,0.05,11,33,0.7875,0.8625,True,True,1.85,1.75,both_success,-0.10000000000000009
false_hotspot_js_0.05,false_hotspot,0.05,0.05,11,34,0.7125,0.6625,True,True,1.1,1.1,both_success,0.0
false_hotspot_js_0.05,false_hotspot,0.05,0.05,11,35,0.7625,0.4875,True,False,2.5500000000000003,,oracle_only,
false_hotspot_js_0.05,false_hotspot,0.05,0.05,11,36,0.5375,0.7625,False,True,,2.3000000000000003,error_only,
false_hotspot_js_0.05,false_hotspot,0.05,0.05,11,37,0.8625,0.5375,True,False,3.1500000000000004,,oracle_only,
false_hotspot_js_0.05,false_hotspot,0.05,0.05,11,38,0.8625,0.8625,True,True,3.85,4.5,both_success,0.6499999999999999
false_hotspot_js_0.05,false_hotspot,0.05,0.05,11,39,0.6875,0.5625,True,True,1.0,1.0,both_success,0.0
false_hotspot_js_0.05,false_hotspot,0.05,0.05,11,40,0.6375,0.1375,False,False,,,both_timeout,
false_hotspot_js_0.05,false_hotspot,0.05,0.05,11,41,0.8375,0.5375,True,False,3.0500000000000003,,oracle_only,
false_hotspot_js_0.05,false_hotspot,0.05,0.05,11,42,0.4875,0.6375,False,True,,2.5,error_only,
false_hotspot_js_0.05,false_hotspot,0.05,0.05,11,43,0.2375,0.6875,False,False,,,both_timeout,
false_hotspot_js_0.05,false_hotspot,0.05,0.05,11,44,0.9375,0.8625,True,True,4.1000000000000005,4.6000000000000005,both_success,0.5
false_hotspot_js_0.05,false_hotspot,0.05,0.05,11,45,0.7375,0.7625,True,True,1.35,1.3,both_success,-0.050000000000000044
false_hotspot_js_0.05,false_hotspot,0.05,0.05,11,46,0.9625,0.6125,False,False,,,both_timeout,
false_hotspot_js_0.05,false_hotspot,0.05,0.05,11,47,0.8875,0.0625,False,False,,,both_timeout,
false_hotspot_js_0.05,false_hotspot,0.05,0.05,11,48,0.6625,0.5125,True,True,1.0,1.05,both_success,0.050000000000000044
false_hotspot_js_0.05,false_hotspot,0.05,0.05,11,49,0.7625,0.9875,True,True,5.15,4.4,both_success,-0.75
false_hotspot_js_0.05,false_hotspot,0.05,0.05,11,50,0.8875,0.6625,True,True,1.75,6.5,both_success,4.75
false_hotspot_js_0.05,false_hotspot,0.05,0.05,11,51,0.6875,0.7625,True,True,1.9000000000000001,1.3,both_success,-0.6000000000000001
false_hotspot_js_0.05,false_hotspot,0.05,0.05,11,52,0.3125,0.2375,True,True,0.15000000000000002,0.15000000000000002,both_success,0.0
false_hotspot_js_0.05,false_hotspot,0.05,0.05,11,53,0.8125,0.1375,False,False,,,both_timeout,
false_hotspot_js_0.05,false_hotspot,0.05,0.05,11,54,0.6625,0.8375,True,True,2.15,2.0500000000000003,both_success,-0.09999999999999964
false_hotspot_js_0.05,false_hotspot,0.05,0.05,11,55,0.8375,0.7125,True,True,1.4000000000000001,1.55,both_success,0.1499999999999999
false_hotspot_js_0.05,false_hotspot,0.05,0.05,11,56,0.7125,0.6125,True,True,1.05,1.05,both_success,0.0
false_hotspot_js_0.05,false_hotspot,0.05,0.05,11,57,0.7625,0.6125,True,True,1.1500000000000001,1.25,both_success,0.09999999999999987
false_hotspot_js_0.05,false_hotspot,0.05,0.05,11,58,0.6625,0.3625,False,False,,,both_timeout,
false_hotspot_js_0.05,false_hotspot,0.05,0.05,11,59,0.8375,0.5125,True,False,2.95,,oracle_only,
false_hotspot_js_0.05,false_hotspot,0.05,0.05,11,60,0.1875,0.1125,True,True,0.0,0.0,both_success,0.0
false_hotspot_js_0.05,false_hotspot,0.05,0.05,11,61,0.5875,0.8375,False,True,,4.05,error_only,
false_hotspot_js_0.05,false_hotspot,0.05,0.05,11,62,0.9625,0.6625,True,True,6.7,6.7,both_success,0.0
false_hotspot_js_0.05,false_hotspot,0.05,0.05,11,63,0.6625,0.4625,True,True,1.1500000000000001,2.45,both_success,1.3
false_hotspot_js_0.1,false_hotspot,0.1,0.05,7,0,0.6875,0.7375,True,True,1.25,1.25,both_success,0.0
false_hotspot_js_0.1,false_hotspot,0.1,0.05,7,1,0.8125,0.8625,True,True,3.7,4.3,both_success,0.5999999999999996
false_hotspot_js_0.1,false_hotspot,0.1,0.05,7,2,0.8625,0.7875,True,True,3.85,4.3500000000000005,both_success,0.5000000000000004
false_hotspot_js_0.1,false_hotspot,0.1,0.05,7,3,0.7625,0.5625,True,False,1.3,,oracle_only,
false_hotspot_js_0.1,false_hotspot,0.1,0.05,7,4,0.6375,0.6125,True,True,1.05,1.05,both_success,0.0
false_hotspot_js_0.1,false_hotspot,0.1,0.05,7,5,0.0375,0.8625,False,False,,,both_timeout,
false_hotspot_js_0.1,false_hotspot,0.1,0.05,7,6,0.8875,0.0125,False,False,,,both_timeout,
false_hotspot_js_0.1,false_hotspot,0.1,0.05,7,7,0.8375,0.8125,True,True,1.6,4.3,both_success,2.6999999999999997
false_hotspot_js_0.1,false_hotspot,0.1,0.05,7,8,0.6375,0.8125,True,True,2.2,1.4500000000000002,both_success,-0.75
false_hotspot_js_0.1,false_hotspot,0.1,0.05,7,9,0.0625,0.6875,False,False,,,both_timeout,
false_hotspot_js_0.1,false_hotspot,0.1,0.05,7,10,0.6625,0.6125,True,True,1.05,1.05,both_success,0.0
false_hotspot_js_0.1,false_hotspot,0.1,0.05,7,11,0.8625,0.5875,True,False,1.55,,oracle_only,
false_hotspot_js_0.1,false_hotspot,0.1,0.05,7,12,0.6625,0.5875,True,True,1.05,1.05,both_success,0.0
false_hotspot_js_0.1,false_hotspot,0.1,0.05,7,13,0.7875,0.6625,True,True,1.1500000000000001,1.55,both_success,0.3999999999999999
false_hotspot_js_0.1,false_hotspot,0.1,0.05,7,14,0.7625,0.6875,True,True,1.2000000000000002,1.2000000000000002,both_success,0.0
false_hotspot_js_0.1,false_hotspot,0.1,0.05,7,15,0.6625,0.7125,True,True,1.2000000000000002,1.2000000000000002,both_success,0.0
false_hotspot_js_0.1,false_hotspot,0.1,0.05,7,16,0.7375,0.9875,True,True,5.2,4.25,both_success,-0.9500000000000002
false_hotspot_js_0.1,false_hotspot,0.1,0.05,7,17,0.6125,0.8125,True,True,2.25,1.8,both_success,-0.44999999999999996
false_hotspot_js_0.1,false_hotspot,0.1,0.05,7,18,0.6625,0.7375,True,True,1.3,1.25,both_success,-0.050000000000000044
false_hotspot_js_0.1,false_hotspot,0.1,0.05,7,19,0.0375,0.9875,False,False,,,both_timeout,
false_hotspot_js_0.1,false_hotspot,0.1,0.05,7,20,0.6625,0.5625,True,True,1.0,1.05,both_success,0.050000000000000044
false_hotspot_js_0.1,false_hotspot,0.1,0.05,7,21,0.6625,0.5125,True,True,1.0,1.1,both_success,0.10000000000000009
false_hotspot_js_0.1,false_hotspot,0.1,0.05,7,22,0.5875,0.7375,True,True,2.3000000000000003,1.25,both_success,-1.0500000000000003
false_hotspot_js_0.1,false_hotspot,0.1,0.05,7,23,0.5125,0.1875,False,False,,,both_timeout,
false_hotspot_js_0.1,false_hotspot,0.1,0.05,7,24,0.0875,0.1625,False,False,,,both_timeout,
false_hotspot_js_0.1,false_hotspot,0.1,0.05,7,25,0.8125,0.6875,True,True,1.3,6.300000000000001,both_success,5.000000000000001
false_hotspot_js_0.1,false_hotspot,0.1,0.05,7,26,0.9625,0.6625,True,True,6.7,6.7,both_success,0.0
false_hotspot_js_0.1,false_hotspot,0.1,0.05,7,27,0.6625,0.8875,True,True,5.550000000000001,4.1000000000000005,both_success,-1.4500000000000002
false_hotspot_js_0.1,false_hotspot,0.1,0.05,7,28,0.7125,0.7375,True,True,1.25,1.25,both_success,0.0
false_hotspot_js_0.1,false_hotspot,0.1,0.05,7,29,0.8125,0.6875,True,True,1.3,6.300000000000001,both_success,5.000000000000001
false_hotspot_js_0.1,false_hotspot,0.1,0.05,7,30,0.7125,0.6875,True,True,1.1500000000000001,1.1500000000000001,both_success,0.0
false_hotspot_js_0.1,false_hotspot,0.1,0.05,7,31,0.5875,0.5875,True,True,1.05,1.05,both_success,0.0
false_hotspot_js_0.1,false_hotspot,0.1,0.05,7,32,0.0125,0.0625,False,False,,,both_timeout,
false_hotspot_js_0.1,false_hotspot,0.1,0.05,7,33,0.7375,0.5375,True,False,1.25,,oracle_only,
false_hotspot_js_0.1,false_hotspot,0.1,0.05,7,34,0.7125,0.7625,True,True,1.35,1.25,both_success,-0.10000000000000009
false_hotspot_js_0.1,false_hotspot,0.1,0.05,7,35,0.8375,0.5375,True,False,3.0500000000000003,,oracle_only,
false_hotspot_js_0.1,false_hotspot,0.1,0.05,7,36,0.7125,0.6375,True,True,1.1,1.1,both_success,0.0
false_hotspot_js_0.1,false_hotspot,0.1,0.05,7,37,0.6375,0.0125,False,False,,,both_timeout,
false_hotspot_js_0.1,false_hotspot,0.1,0.05,7,38,0.9375,0.8125,True,True,4.1000000000000005,4.45,both_success,0.34999999999999964
false_hotspot_js_0.1,false_hotspot,0.1,0.05,7,39,0.9125,0.4875,False,False,,,both_timeout,
false_hotspot_js_0.1,false_hotspot,0.1,0.05,7,40,0.7625,0.5875,True,False,1.25,,oracle_only,
false_hotspot_js_0.1,false_hotspot,0.1,0.05,7,41,0.5875,0.8625,False,True,,3.95,error_only,
false_hotspot_js_0.1,false_hotspot,0.1,0.05,7,42,0.7875,0.6875,True,True,1.2000000000000002,1.55,both_success,0.34999999999999987
false_hotspot_js_0.1,false_hotspot,0.1,0.05,7,43,0.6875,0.8375,True,True,2.0500000000000003,1.5,both_success,-0.5500000000000003
false_hotspot_js_0.1,false_hotspot,0.1,0.05,7,44,0.7625,0.7375,True,True,1.25,1.25,both_success,0.0
false_hotspot_js_0.1,false_hotspot,0.1,0.05,7,45,0.6375,0.7875,True,True,2.15,1.35,both_success,-0.7999999999999998
false_hotspot_js_0.1,false_hotspot,0.1,0.05,7,46,0.8625,0.3625,False,False,,,both_timeout,
false_hotspot_js_0.1,false_hotspot,0.1,0.05,7,47,0.5375,0.7125,True,True,2.4000000000000004,1.3,both_success,-1.1000000000000003
false_hotspot_js_0.1,false_hotspot,0.1,0.05,7,48,0.7625,0.6875,True,True,1.2000000000000002,1.2000000000000002,both_success,0.0
false_hotspot_js_0.1,false_hotspot,0.1,0.05,7,49,0.9375,0.8375,True,True,4.1000000000000005,4.45,both_success,0.34999999999999964
false_hotspot_js_0.1,false_hotspot,0.1,0.05,7,50,0.6875,0.6375,True,True,1.05,1.1,both_success,0.050000000000000044
false_hotspot_js_0.1,false_hotspot,0.1,0.05,7,51,0.9375,0.7125,True,True,6.65,6.65,both_success,0.0
false_hotspot_js_0.1,false_hotspot,0.1,0.05,7,52,0.0875,0.2625,False,False,,,both_timeout,
false_hotspot_js_0.1,false_hotspot,0.1,0.05,7,53,0.8375,0.6375,True,False,1.4500000000000002,,oracle_only,
false_hotspot_js_0.1,false_hotspot,0.1,0.05,7,54,0.7875,0.6125,True,False,1.3,,oracle_only,
false_hotspot_js_0.1,false_hotspot,0.1,0.05,7,55,0.8125,0.4875,True,False,2.75,,oracle_only,
false_hotspot_js_0.1,false_hotspot,0.1,0.05,7,56,0.7875,0.8125,True,True,1.7000000000000002,1.4000000000000001,both_success,-0.30000000000000004
false_hotspot_js_0.1,false_hotspot,0.1,0.05,7,57,0.7875,0.6375,True,True,1.25,1.55,both_success,0.30000000000000004
false_hotspot_js_0.1,false_hotspot,0.1,0.05,7,58,0.5625,0.9625,False,True,,3.95,error_only,
false_hotspot_js_0.1,false_hotspot,0.1,0.05,7,59,0.8625,0.7125,True,True,1.6500000000000001,6.4,both_success,4.75
false_hotspot_js_0.1,false_hotspot,0.1,0.05,7,60,0.4125,0.7375,False,True,,2.3000000000000003,error_only,
false_hotspot_js_0.1,false_hotspot,0.1,0.05,7,61,0.7625,0.7375,True,True,1.25,1.25,both_success,0.0
false_hotspot_js_0.1,false_hotspot,0.1,0.05,7,62,0.5875,0.7625,True,True,2.3000000000000003,1.35,both_success,-0.9500000000000002
false_hotspot_js_0.1,false_hotspot,0.1,0.05,7,63,0.8125,0.4875,True,False,2.75,,oracle_only,
false_hotspot_js_0.1,false_hotspot,0.1,0.05,11,0,0.6875,0.4625,True,False,2.5,,oracle_only,
false_hotspot_js_0.1,false_hotspot,0.1,0.05,11,1,0.7375,0.6875,True,True,1.1500000000000001,1.1500000000000001,both_success,0.0
false_hotspot_js_0.1,false_hotspot,0.1,0.05,11,2,0.9875,0.7125,True,True,6.800000000000001,6.800000000000001,both_success,0.0
false_hotspot_js_0.1,false_hotspot,0.1,0.05,11,3,0.9125,0.1125,False,False,,,both_timeout,
false_hotspot_js_0.1,false_hotspot,0.1,0.05,11,4,0.7625,0.4875,True,False,2.5500000000000003,,oracle_only,
false_hotspot_js_0.1,false_hotspot,0.1,0.05,11,5,0.8125,0.8875,True,True,3.7,4.3,both_success,0.5999999999999996
false_hotspot_js_0.1,false_hotspot,0.1,0.05,11,6,0.8875,0.2875,False,False,,,both_timeout,
false_hotspot_js_0.1,false_hotspot,0.1,0.05,11,7,0.7125,0.4625,True,False,2.45,,oracle_only,
false_hotspot_js_0.1,false_hotspot,0.1,0.05,11,8,0.7625,0.9125,True,True,3.8000000000000003,4.2,both_success,0.3999999999999999
false_hotspot_js_0.1,false_hotspot,0.1,0.05,11,9,0.6625,0.7375,True,True,1.3,1.25,both_success,-0.050000000000000044
false_hotspot_js_0.1,false_hotspot,0.1,0.05,11,10,0.7125,0.6375,True,True,1.1,1.1,both_success,0.0
false_hotspot_js_0.1,false_hotspot,0.1,0.05,11,11,0.7875,0.6875,True,True,1.2000000000000002,1.55,both_success,0.34999999999999987
false_hotspot_js_0.1,false_hotspot,0.1,0.05,11,12,0.9125,0.7375,True,True,4.1000000000000005,6.550000000000001,both_success,2.45
false_hotspot_js_0.1,false_hotspot,0.1,0.05,11,13,0.8125,0.5875,True,False,1.4000000000000001,,oracle_only,
false_hotspot_js_0.1,false_hotspot,0.1,0.05,11,14,0.9875,0.4625,False,False,,,both_timeout,
false_hotspot_js_0.1,false_hotspot,0.1,0.05,11,15,0.5125,0.8125,False,True,,2.15,error_only,
false_hotspot_js_0.1,false_hotspot,0.1,0.05,11,16,0.4125,0.7625,False,True,,2.3000000000000003,error_only,
false_hotspot_js_0.1,false_hotspot,0.1,0.05,11,17,0.7875,0.6875,True,True,1.2000000000000002,1.55,both_success,0.34999999999999987
false_hotspot_js_0.1,false_hotspot,0.1,0.05,11,18,0.7875,0.8125,True,True,1.7000000000000002,1.4000000000000001,both_success,-0.30000000000000004
false_hotspot_js_0.1,false_hotspot,0.1,0.05,11,19,0.6125,0.7125,True,True,1.25,1.2000000000000002,both_success,-0.04999999999999982
false_hotspot_js_0.1,false_hotspot,0.1,0.05,11,20,0.6625,0.9625,True,True,5.3500000000000005,4.1000000000000005,both_success,-1.25
false_hotspot_js_0.1,false_hotspot,0.1,0.05,11,21,0.8875,0.5375,False,False,,,both_timeout,
false_hotspot_js_0.1,false_hotspot,0.1,0.05,11,22,0.6625,0.7125,True,True,1.2000000000000002,1.2000000000000002,both_success,0.0
false_hotspot_js_0.1,false_hotspot,0.1,0.05,11,23,0.6375,0.6875,True,True,1.1500000000000001,1.1500000000000001,both_success,0.0
false_hotspot_js_0.1,false_hotspot,0.1,0.05,11,24,0.6125,0.6375,True,True,1.05,1.05,both_success,0.0
false_hotspot_js_0.1,false_hotspot,0.1,0.05,11,25,0.8625,0.7125,True,True,1.6500000000000001,6.4,both_success,4.75
false_hotspot_js_0.1,false_hotspot,0.1,0.05,11,26,0.8375,0.5625,True,False,1.5,,oracle_only,
false_hotspot_js_0.1,false_hotspot,0.1,0.05,11,27,0.6875,0.8125,True,True,2.0,1.4000000000000001,both_success,-0.5999999999999999
false_hotspot_js_0.1,false_hotspot,0.1,0.05,11,28,0.8625,0.8375,True,True,3.85,4.3500000000000005,both_success,0.5000000000000004
false_hotspot_js_0.1,false_hotspot,0.1,0.05,11,29,0.6875,0.4625,True,False,2.5,,oracle_only,
false_hotspot_js_0.1,false_hotspot,0.1,0.05,11,30,0.9875,0.6625,False,False,,,both_timeout,
false_hotspot_js_0.1,false_hotspot,0.1,0.05,11,31,0.8375,0.5875,True,False,1.5,,oracle_only,
false_hotspot_js_0.1,false_hotspot,0.1,0.05,11,32,0.7875,0.3375,False,False,,,both_timeout,
false_hotspot_js_0.1,false_hotspot,0.1,0.05,11,33,0.7875,0.8625,True,True,1.85,4.25,both_success,2.4
false_hotspot_js_0.1,false_hotspot,0.1,0.05,11,34,0.7125,0.6625,True,True,1.1,1.1500000000000001,both_success,0.050000000000000044
false_hotspot_js_0.1,false_hotspot,0.1,0.05,11,35,0.7625,0.4875,True,False,2.5500000000000003,,oracle_only,
false_hotspot_js_0.1,false_hotspot,0.1,0.05,11,36,0.5375,0.7625,False,True,,2.0500000000000003,error_only,
false_hotspot_js_0.1,false_hotspot,0.1,0.05,11,37,0.8625,0.5375,True,False,3.1500000000000004,,oracle_only,
false_hotspot_js_0.1,false_hotspot,0.1,0.05,11,38,0.8625,0.8625,True,True,3.85,4.3500000000000005,both_success,0.5000000000000004
false_hotspot_js_0.1,false_hotspot,0.1,0.05,11,39,0.6875,0.5625,True,True,1.0,1.0,both_success,0.0
false_hotspot_js_0.1,false_hotspot,0.1,0.05,11,40,0.6375,0.1375,False,False,,,both_timeout,
false_hotspot_js_0.1,false_hotspot,0.1,0.05,11,41,0.8375,0.5375,True,False,3.0500000000000003,,oracle_only,
false_hotspot_js_0.1,false_hotspot,0.1,0.05,11,42,0.4875,0.6375,False,True,,1.25,error_only,
false_hotspot_js_0.1,false_hotspot,0.1,0.05,11,43,0.2375,0.6875,False,True,,3.3000000000000003,error_only,
false_hotspot_js_0.1,false_hotspot,0.1,0.05,11,44,0.9375,0.8625,True,True,4.1000000000000005,4.45,both_success,0.34999999999999964
false_hotspot_js_0.1,false_hotspot,0.1,0.05,11,45,0.7375,0.7625,True,True,1.35,1.3,both_success,-0.050000000000000044
false_hotspot_js_0.1,false_hotspot,0.1,0.05,11,46,0.9625,0.6125,False,False,,,both_timeout,
false_hotspot_js_0.1,false_hotspot,0.1,0.05,11,47,0.8875,0.0625,False,False,,,both_timeout,
false_hotspot_js_0.1,false_hotspot,0.1,0.05,11,48,0.6625,0.5125,True,True,1.0,1.1,both_success,0.10000000000000009
false_hotspot_js_0.1,false_hotspot,0.1,0.05,11,49,0.7625,0.9875,True,True,5.15,4.25,both_success,-0.9000000000000004
false_hotspot_js_0.1,false_hotspot,0.1,0.05,11,50,0.8875,0.6625,True,True,1.75,6.5,both_success,4.75
false_hotspot_js_0.1,false_hotspot,0.1,0.05,11,51,0.6875,0.7625,True,True,1.9000000000000001,1.25,both_success,-0.6500000000000001
false_hotspot_js_0.1,false_hotspot,0.1,0.05,11,52,0.3125,0.2375,True,True,0.15000000000000002,0.15000000000000002,both_success,0.0
false_hotspot_js_0.1,false_hotspot,0.1,0.05,11,53,0.8125,0.1375,False,False,,,both_timeout,
false_hotspot_js_0.1,false_hotspot,0.1,0.05,11,54,0.6625,0.8375,True,True,2.15,1.55,both_success,-0.5999999999999999
false_hotspot_js_0.1,false_hotspot,0.1,0.05,11,55,0.8375,0.7125,True,True,1.4000000000000001,6.300000000000001,both_success,4.9
false_hotspot_js_0.1,false_hotspot,0.1,0.05,11,56,0.7125,0.6125,True,True,1.05,1.05,both_success,0.0
false_hotspot_js_0.1,false_hotspot,0.1,0.05,11,57,0.7625,0.6125,True,True,1.1500000000000001,1.4500000000000002,both_success,0.30000000000000004
false_hotspot_js_0.1,false_hotspot,0.1,0.05,11,58,0.6625,0.3625,False,False,,,both_timeout,
false_hotspot_js_0.1,false_hotspot,0.1,0.05,11,59,0.8375,0.5125,True,False,2.95,,oracle_only,
false_hotspot_js_0.1,false_hotspot,0.1,0.05,11,60,0.1875,0.1125,True,True,0.0,0.0,both_success,0.0
false_hotspot_js_0.1,false_hotspot,0.1,0.05,11,61,0.5875,0.8375,False,True,,2.0,error_only,
false_hotspot_js_0.1,false_hotspot,0.1,0.05,11,62,0.9625,0.6625,True,True,6.7,6.7,both_success,0.0
false_hotspot_js_0.1,false_hotspot,0.1,0.05,11,63,0.6625,0.4625,True,False,1.1500000000000001,,oracle_only,
false_hotspot_js_0.15,false_hotspot,0.15,0.05,7,0,0.6875,0.7375,True,True,1.25,1.3,both_success,0.050000000000000044
false_hotspot_js_0.15,false_hotspot,0.15,0.05,7,1,0.8125,0.8625,True,True,3.7,4.7,both_success,1.0
false_hotspot_js_0.15,false_hotspot,0.15,0.05,7,2,0.8625,0.7875,True,True,3.85,4.7,both_success,0.8500000000000001
false_hotspot_js_0.15,false_hotspot,0.15,0.05,7,3,0.7625,0.5625,True,False,1.3,,oracle_only,
false_hotspot_js_0.15,false_hotspot,0.15,0.05,7,4,0.6375,0.6125,True,True,1.05,1.1,both_success,0.050000000000000044
false_hotspot_js_0.15,false_hotspot,0.15,0.05,7,5,0.0375,0.8625,False,False,,,both_timeout,
false_hotspot_js_0.15,false_hotspot,0.15,0.05,7,6,0.8875,0.0125,False,False,,,both_timeout,
false_hotspot_js_0.15,false_hotspot,0.15,0.05,7,7,0.8375,0.8125,True,True,1.6,4.65,both_success,3.0500000000000003
false_hotspot_js_0.15,false_hotspot,0.15,0.05,7,8,0.6375,0.8125,True,True,2.2,1.5,both_success,-0.7000000000000002
false_hotspot_js_0.15,false_hotspot,0.15,0.05,7,9,0.0625,0.6875,False,True,,2.8000000000000003,error_only,
false_hotspot_js_0.15,false_hotspot,0.15,0.05,7,10,0.6625,0.6125,True,True,1.05,1.05,both_success,0.0
false_hotspot_js_0.15,false_hotspot,0.15,0.05,7,11,0.8625,0.5875,True,False,1.55,,oracle_only,
false_hotspot_js_0.15,false_hotspot,0.15,0.05,7,12,0.6625,0.5875,True,True,1.05,1.05,both_success,0.0
false_hotspot_js_0.15,false_hotspot,0.15,0.05,7,13,0.7875,0.6625,True,False,1.1500000000000001,,oracle_only,
false_hotspot_js_0.15,false_hotspot,0.15,0.05,7,14,0.7625,0.6875,True,False,1.2000000000000002,,oracle_only,
false_hotspot_js_0.15,false_hotspot,0.15,0.05,7,15,0.6625,0.7125,True,True,1.2000000000000002,1.25,both_success,0.04999999999999982
false_hotspot_js_0.15,false_hotspot,0.15,0.05,7,16,0.7375,0.9875,True,True,5.2,4.800000000000001,both_success,-0.39999999999999947
false_hotspot_js_0.15,false_hotspot,0.15,0.05,7,17,0.6125,0.8125,True,True,2.25,1.55,both_success,-0.7
false_hotspot_js_0.15,false_hotspot,0.15,0.05,7,18,0.6625,0.7375,True,True,1.3,1.3,both_success,0.0
false_hotspot_js_0.15,false_hotspot,0.15,0.05,7,19,0.0375,0.9875,False,False,,,both_timeout,
false_hotspot_js_0.15,false_hotspot,0.15,0.05,7,20,0.6625,0.5625,True,True,1.0,1.05,both_success,0.050000000000000044
false_hotspot_js_0.15,false_hotspot,0.15,0.05,7,21,0.6625,0.5125,True,True,1.0,1.2000000000000002,both_success,0.20000000000000018
false_hotspot_js_0.15,false_hotspot,0.15,0.05,7,22,0.5875,0.7375,True,True,2.3000000000000003,1.3,both_success,-1.0000000000000002
false_hotspot_js_0.15,false_hotspot,0.15,0.05,7,23,0.5125,0.1875,False,False,,,both_timeout,
false_hotspot_js_0.15,false_hotspot,0.15,0.05,7,24,0.0875,0.1625,False,False,,,both_timeout,
false_hotspot_js_0.15,false_hotspot,0.15,0.05,7,25,0.8125,0.6875,True,True,1.3,6.300000000000001,both_success,5.000000000000001
false_hotspot_js_0.15,false_hotspot,0.15,0.05,7,26,0.9625,0.6625,True,True,6.7,6.7,both_success,0.0
false_hotspot_js_0.15,false_hotspot,0.15,0.05,7,27,0.6625,0.8875,True,True,5.550000000000001,4.55,both_success,-1.0000000000000009
false_hotspot_js_0.15,false_hotspot,0.15,0.05,7,28,0.7125,0.7375,True,True,1.25,1.3,both_success,0.050000000000000044
false_hotspot_js_0.15,false_hotspot,0.15,0.05,7,29,0.8125,0.6875,True,True,1.3,6.300000000000001,both_success,5.000000000000001
false_hotspot_js_0.15,false_hotspot,0.15,0.05,7,30,0.7125,0.6875,True,True,1.1500000000000001,1.2000000000000002,both_success,0.050000000000000044
false_hotspot_js_0.15,false_hotspot,0.15,0.05,7,31,0.5875,0.5875,True,True,1.05,1.1,both_success,0.050000000000000044
false_hotspot_js_0.15,false_hotspot,0.15,0.05,7,32,0.0125,0.0625,False,False,,,both_timeout,
false_hotspot_js_0.15,false_hotspot,0.15,0.05,7,33,0.7375,0.5375,True,False,1.25,,oracle_only,
false_hotspot_js_0.15,false_hotspot,0.15,0.05,7,34,0.7125,0.7625,True,True,1.35,1.35,both_success,0.0
false_hotspot_js_0.15,false_hotspot,0.15,0.05,7,35,0.8375,0.5375,True,False,3.0500000000000003,,oracle_only,
false_hotspot_js_0.15,false_hotspot,0.15,0.05,7,36,0.7125,0.6375,True,True,1.1,1.1500000000000001,both_success,0.050000000000000044
false_hotspot_js_0.15,false_hotspot,0.15,0.05,7,37,0.6375,0.0125,False,False,,,both_timeout,
false_hotspot_js_0.15,false_hotspot,0.15,0.05,7,38,0.9375,0.8125,True,True,4.1000000000000005,6.800000000000001,both_success,2.7
false_hotspot_js_0.15,false_hotspot,0.15,0.05,7,39,0.9125,0.4875,False,False,,,both_timeout,
false_hotspot_js_0.15,false_hotspot,0.15,0.05,7,40,0.7625,0.5875,True,False,1.25,,oracle_only,
false_hotspot_js_0.15,false_hotspot,0.15,0.05,7,41,0.5875,0.8625,False,True,,1.8,error_only,
false_hotspot_js_0.15,false_hotspot,0.15,0.05,7,42,0.7875,0.6875,True,True,1.2000000000000002,6.2,both_success,5.0
false_hotspot_js_0.15,false_hotspot,0.15,0.05,7,43,0.6875,0.8375,True,True,2.0500000000000003,1.5,both_success,-0.5500000000000003
false_hotspot_js_0.15,false_hotspot,0.15,0.05,7,44,0.7625,0.7375,True,True,1.25,4.55,both_success,3.3
false_hotspot_js_0.15,false_hotspot,0.15,0.05,7,45,0.6375,0.7875,True,True,2.15,1.4000000000000001,both_success,-0.7499999999999998
false_hotspot_js_0.15,false_hotspot,0.15,0.05,7,46,0.8625,0.3625,False,False,,,both_timeout,
false_hotspot_js_0.15,false_hotspot,0.15,0.05,7,47,0.5375,0.7125,True,True,2.4000000000000004,1.3,both_success,-1.1000000000000003
false_hotspot_js_0.15,false_hotspot,0.15,0.05,7,48,0.7625,0.6875,True,False,1.2000000000000002,,oracle_only,
false_hotspot_js_0.15,false_hotspot,0.15,0.05,7,49,0.9375,0.8375,True,True,4.1000000000000005,6.8500000000000005,both_success,2.75
false_hotspot_js_0.15,false_hotspot,0.15,0.05,7,50,0.6875,0.6375,True,True,1.05,1.1,both_success,0.050000000000000044
false_hotspot_js_0.15,false_hotspot,0.15,0.05,7,51,0.9375,0.7125,True,True,6.65,6.65,both_success,0.0
false_hotspot_js_0.15,false_hotspot,0.15,0.05,7,52,0.0875,0.2625,False,False,,,both_timeout,
false_hotspot_js_0.15,false_hotspot,0.15,0.05,7,53,0.8375,0.6375,True,False,1.4500000000000002,,oracle_only,
false_hotspot_js_0.15,false_hotspot,0.15,0.05,7,54,0.7875,0.6125,True,False,1.3,,oracle_only,
false_hotspot_js_0.15,false_hotspot,0.15,0.05,7,55,0.8125,0.4875,True,False,2.75,,oracle_only,
false_hotspot_js_0.15,false_hotspot,0.15,0.05,7,56,0.7875,0.8125,True,True,1.7000000000000002,4.6000000000000005,both_success,2.9000000000000004
false_hotspot_js_0.15,false_hotspot,0.15,0.05,7,57,0.7875,0.6375,True,False,1.25,,oracle_only,
false_hotspot_js_0.15,false_hotspot,0.15,0.05,7,58,0.5625,0.9625,False,False,,,both_timeout,
false_hotspot_js_0.15,false_hotspot,0.15,0.05,7,59,0.8625,0.7125,True,True,1.6500000000000001,6.4,both_success,4.75
false_hotspot_js_0.15,false_hotspot,0.15,0.05,7,60,0.4125,0.7375,False,True,,2.15,error_only,
false_hotspot_js_0.15,false_hotspot,0.15,0.05,7,61,0.7625,0.7375,True,True,1.25,4.55,both_success,3.3
false_hotspot_js_0.15,false_hotspot,0.15,0.05,7,62,0.5875,0.7625,True,True,2.3000000000000003,1.4000000000000001,both_success,-0.9000000000000001
false_hotspot_js_0.15,false_hotspot,0.15,0.05,7,63,0.8125,0.4875,True,False,2.75,,oracle_only,
false_hotspot_js_0.15,false_hotspot,0.15,0.05,11,0,0.6875,0.4625,True,False,2.5,,oracle_only,
false_hotspot_js_0.15,false_hotspot,0.15,0.05,11,1,0.7375,0.6875,True,True,1.1500000000000001,1.2000000000000002,both_success,0.050000000000000044
false_hotspot_js_0.15,false_hotspot,0.15,0.05,11,2,0.9875,0.7125,True,True,6.800000000000001,6.800000000000001,both_success,0.0
false_hotspot_js_0.15,false_hotspot,0.15,0.05,11,3,0.9125,0.1125,False,False,,,both_timeout,
false_hotspot_js_0.15,false_hotspot,0.15,0.05,11,4,0.7625,0.4875,True,False,2.5500000000000003,,oracle_only,
false_hotspot_js_0.15,false_hotspot,0.15,0.05,11,5,0.8125,0.8875,True,True,3.7,4.7,both_success,1.0
false_hotspot_js_0.15,false_hotspot,0.15,0.05,11,6,0.8875,0.2875,False,False,,,both_timeout,
false_hotspot_js_0.15,false_hotspot,0.15,0.05,11,7,0.7125,0.4625,True,False,2.45,,oracle_only,
false_hotspot_js_0.15,false_hotspot,0.15,0.05,11,8,0.7625,0.9125,True,True,3.8000000000000003,4.7,both_success,0.8999999999999999
false_hotspot_js_0.15,false_hotspot,0.15,0.05,11,9,0.6625,0.7375,True,True,1.3,1.3,both_success,0.0
false_hotspot_js_0.15,false_hotspot,0.15,0.05,11,10,0.7125,0.6375,True,True,1.1,1.1500000000000001,both_success,0.050000000000000044
false_hotspot_js_0.15,false_hotspot,0.15,0.05,11,11,0.7875,0.6875,True,True,1.2000000000000002,6.2,both_success,5.0
false_hotspot_js_0.15,false_hotspot,0.15,0.05,11,12,0.9125,0.7375,True,True,4.1000000000000005,6.550000000000001,both_success,2.45
false_hotspot_js_0.15,false_hotspot,0.15,0.05,11,13,0.8125,0.5875,True,False,1.4000000000000001,,oracle_only,
false_hotspot_js_0.15,false_hotspot,0.15,0.05,11,14,0.9875,0.4625,False,False,,,both_timeout,
false_hotspot_js_0.15,false_hotspot,0.15,0.05,11,15,0.5125,0.8125,False,True,,1.9000000000000001,error_only,
false_hotspot_js_0.15,false_hotspot,0.15,0.05,11,16,0.4125,0.7625,False,True,,2.15,error_only,
false_hotspot_js_0.15,false_hotspot,0.15,0.05,11,17,0.7875,0.6875,True,True,1.2000000000000002,6.2,both_success,5.0
false_hotspot_js_0.15,false_hotspot,0.15,0.05,11,18,0.7875,0.8125,True,True,1.7000000000000002,4.6000000000000005,both_success,2.9000000000000004
false_hotspot_js_0.15,false_hotspot,0.15,0.05,11,19,0.6125,0.7125,True,True,1.25,1.25,both_success,0.0
false_hotspot_js_0.15,false_hotspot,0.15,0.05,11,20,0.6625,0.9625,True,True,5.3500000000000005,4.7,both_success,-0.6500000000000004
false_hotspot_js_0.15,false_hotspot,0.15,0.05,11,21,0.8875,0.5375,False,False,,,both_timeout,
false_hotspot_js_0.15,false_hotspot,0.15,0.05,11,22,0.6625,0.7125,True,True,1.2000000000000002,1.25,both_success,0.04999999999999982
false_hotspot_js_0.15,false_hotspot,0.15,0.05,11,23,0.6375,0.6875,True,True,1.1500000000000001,1.1500000000000001,both_success,0.0
false_hotspot_js_0.15,false_hotspot,0.15,0.05,11,24,0.6125,0.6375,True,True,1.05,1.1,both_success,0.050000000000000044
false_hotspot_js_0.15,false_hotspot,0.15,0.05,11,25,0.8625,0.7125,True,True,1.6500000000000001,6.4,both_success,4.75
false_hotspot_js_0.15,false_hotspot,0.15,0.05,11,26,0.8375,0.5625,True,False,1.5,,oracle_only,
false_hotspot_js_0.15,false_hotspot,0.15,0.05,11,27,0.6875,0.8125,True,True,2.0,1.4500000000000002,both_success,-0.5499999999999998
false_hotspot_js_0.15,false_hotspot,0.15,0.05,11,28,0.8625,0.8375,True,True,3.85,4.7,both_success,0.8500000000000001
false_hotspot_js_0.15,false_hotspot,0.15,0.05,11,29,0.6875,0.4625,True,False,2.5,,oracle_only,
false_hotspot_js_0.15,false_hotspot,0.15,0.05,11,30,0.9875,0.6625,False,False,,,both_timeout,
false_hotspot_js_0.15,false_hotspot,0.15,0.05,11,31,0.8375,0.5875,True,False,1.5,,oracle_only,
false_hotspot_js_0.15,false_hotspot,0.15,0.05,11,32,0.7875,0.3375,False,False,,,both_timeout,
false_hotspot_js_0.15,false_hotspot,0.15,0.05,11,33,0.7875,0.8625,True,True,1.85,4.65,both_success,2.8000000000000003
false_hotspot_js_0.15,false_hotspot,0.15,0.05,11,34,0.7125,0.6625,True,True,1.1,1.1500000000000001,both_success,0.050000000000000044
false_hotspot_js_0.15,false_hotspot,0.15,0.05,11,35,0.7625,0.4875,True,False,2.5500000000000003,,oracle_only,
false_hotspot_js_0.15,false_hotspot,0.15,0.05,11,36,0.5375,0.7625,False,True,,1.7000000000000002,error_only,
false_hotspot_js_0.15,false_hotspot,0.15,0.05,11,37,0.8625,0.5375,True,False,3.1500000000000004,,oracle_only,
false_hotspot_js_0.15,false_hotspot,0.15,0.05,11,38,0.8625,0.8625,True,True,3.85,4.75,both_success,0.8999999999999999
false_hotspot_js_0.15,false_hotspot,0.15,0.05,11,39,0.6875,0.5625,True,True,1.0,1.05,both_success,0.050000000000000044
false_hotspot_js_0.15,false_hotspot,0.15,0.05,11,40,0.6375,0.1375,False,False,,,both_timeout,
false_hotspot_js_0.15,false_hotspot,0.15,0.05,11,41,0.8375,0.5375,True,False,3.0500000000000003,,oracle_only,
false_hotspot_js_0.15,false_hotspot,0.15,0.05,11,42,0.4875,0.6375,False,True,,1.3,error_only,
false_hotspot_js_0.15,false_hotspot,0.15,0.05,11,43,0.2375,0.6875,False,True,,2.5,error_only,
false_hotspot_js_0.15,false_hotspot,0.15,0.05,11,44,0.9375,0.8625,True,True,4.1000000000000005,7.0,both_success,2.8999999999999995
false_hotspot_js_0.15,false_hotspot,0.15,0.05,11,45,0.7375,0.7625,True,True,1.35,1.35,both_success,0.0
false_hotspot_js_0.15,false_hotspot,0.15,0.05,11,46,0.9625,0.6125,False,False,,,both_timeout,
false_hotspot_js_0.15,false_hotspot,0.15,0.05,11,47,0.8875,0.0625,False,False,,,both_timeout,
false_hotspot_js_0.15,false_hotspot,0.15,0.05,11,48,0.6625,0.5125,True,True,1.0,1.2000000000000002,both_success,0.20000000000000018
false_hotspot_js_0.15,false_hotspot,0.15,0.05,11,49,0.7625,0.9875,True,True,5.15,4.8500000000000005,both_success,-0.2999999999999998
false_hotspot_js_0.15,false_hotspot,0.15,0.05,11,50,0.8875,0.6625,True,True,1.75,6.5,both_success,4.75
false_hotspot_js_0.15,false_hotspot,0.15,0.05,11,51,0.6875,0.7625,True,True,1.9000000000000001,1.3,both_success,-0.6000000000000001
false_hotspot_js_0.15,false_hotspot,0.15,0.05,11,52,0.3125,0.2375,True,True,0.15000000000000002,0.15000000000000002,both_success,0.0
false_hotspot_js_0.15,false_hotspot,0.15,0.05,11,53,0.8125,0.1375,False,False,,,both_timeout,
false_hotspot_js_0.15,false_hotspot,0.15,0.05,11,54,0.6625,0.8375,True,True,2.15,1.55,both_success,-0.5999999999999999
false_hotspot_js_0.15,false_hotspot,0.15,0.05,11,55,0.8375,0.7125,True,True,1.4000000000000001,6.300000000000001,both_success,4.9
false_hotspot_js_0.15,false_hotspot,0.15,0.05,11,56,0.7125,0.6125,True,True,1.05,1.1,both_success,0.050000000000000044
false_hotspot_js_0.15,false_hotspot,0.15,0.05,11,57,0.7625,0.6125,True,False,1.1500000000000001,,oracle_only,
false_hotspot_js_0.15,false_hotspot,0.15,0.05,11,58,0.6625,0.3625,False,False,,,both_timeout,
false_hotspot_js_0.15,false_hotspot,0.15,0.05,11,59,0.8375,0.5125,True,False,2.95,,oracle_only,
false_hotspot_js_0.15,false_hotspot,0.15,0.05,11,60,0.1875,0.1125,True,True,0.0,0.0,both_success,0.0
false_hotspot_js_0.15,false_hotspot,0.15,0.05,11,61,0.5875,0.8375,False,True,,1.75,error_only,
false_hotspot_js_0.15,false_hotspot,0.15,0.05,11,62,0.9625,0.6625,True,True,6.7,6.7,both_success,0.0
false_hotspot_js_0.15,false_hotspot,0.15,0.05,11,63,0.6625,0.4625,True,False,1.1500000000000001,,oracle_only,
false_negative_suppression_js_0.05,false_negative_suppression,0.05,0.05,7,0,0.6875,0.7375,True,True,1.25,1.85,both_success,0.6000000000000001
false_negative_suppression_js_0.05,false_negative_suppression,0.05,0.05,7,1,0.8125,0.8625,True,True,3.7,3.45,both_success,-0.25
false_negative_suppression_js_0.05,false_negative_suppression,0.05,0.05,7,2,0.8625,0.7875,True,True,3.85,3.4000000000000004,both_success,-0.44999999999999973
false_negative_suppression_js_0.05,false_negative_suppression,0.05,0.05,7,3,0.7625,0.5625,True,True,1.3,1.1500000000000001,both_success,-0.1499999999999999
false_negative_suppression_js_0.05,false_negative_suppression,0.05,0.05,7,4,0.6375,0.6125,True,True,1.05,1.0,both_success,-0.050000000000000044
false_negative_suppression_js_0.05,false_negative_suppression,0.05,0.05,7,5,0.0375,0.8625,False,False,,,both_timeout,
false_negative_suppression_js_0.05,false_negative_suppression,0.05,0.05,7,6,0.8875,0.0125,False,False,,,both_timeout,
false_negative_suppression_js_0.05,false_negative_suppression,0.05,0.05,7,7,0.8375,0.8125,True,True,1.6,3.35,both_success,1.75
false_negative_suppression_js_0.05,false_negative_suppression,0.05,0.05,7,8,0.6375,0.8125,True,True,2.2,3.2,both_success,1.0
false_negative_suppression_js_0.05,false_negative_suppression,0.05,0.05,7,9,0.0625,0.6875,False,False,,,both_timeout,
false_negative_suppression_js_0.05,false_negative_suppression,0.05,0.05,7,10,0.6625,0.6125,True,True,1.05,1.05,both_success,0.0
false_negative_suppression_js_0.05,false_negative_suppression,0.05,0.05,7,11,0.8625,0.5875,True,True,1.55,1.85,both_success,0.30000000000000004
false_negative_suppression_js_0.05,false_negative_suppression,0.05,0.05,7,12,0.6625,0.5875,True,True,1.05,1.0,both_success,-0.050000000000000044
false_negative_suppression_js_0.05,false_negative_suppression,0.05,0.05,7,13,0.7875,0.6625,True,True,1.1500000000000001,1.4500000000000002,both_success,0.30000000000000004
false_negative_suppression_js_0.05,false_negative_suppression,0.05,0.05,7,14,0.7625,0.6875,True,True,1.2000000000000002,1.6,both_success,0.3999999999999999
false_negative_suppression_js_0.05,false_negative_suppression,0.05,0.05,7,15,0.6625,0.7125,True,True,1.2000000000000002,1.85,both_success,0.6499999999999999
false_negative_suppression_js_0.05,false_negative_suppression,0.05,0.05,7,16,0.7375,0.9875,True,True,5.2,5.2,both_success,0.0
false_negative_suppression_js_0.05,false_negative_suppression,0.05,0.05,7,17,0.6125,0.8125,True,True,2.25,3.1500000000000004,both_success,0.9000000000000004
false_negative_suppression_js_0.05,false_negative_suppression,0.05,0.05,7,18,0.6625,0.7375,True,True,1.3,1.9000000000000001,both_success,0.6000000000000001
false_negative_suppression_js_0.05,false_negative_suppression,0.05,0.05,7,19,0.0375,0.9875,False,False,,,both_timeout,
false_negative_suppression_js_0.05,false_negative_suppression,0.05,0.05,7,20,0.6625,0.5625,True,True,1.0,1.0,both_success,0.0
false_negative_suppression_js_0.05,false_negative_suppression,0.05,0.05,7,21,0.6625,0.5125,True,True,1.0,0.9500000000000001,both_success,-0.04999999999999993
false_negative_suppression_js_0.05,false_negative_suppression,0.05,0.05,7,22,0.5875,0.7375,True,True,2.3000000000000003,2.15,both_success,-0.15000000000000036
false_negative_suppression_js_0.05,false_negative_suppression,0.05,0.05,7,23,0.5125,0.1875,False,False,,,both_timeout,
false_negative_suppression_js_0.05,false_negative_suppression,0.05,0.05,7,24,0.0875,0.1625,False,False,,,both_timeout,
false_negative_suppression_js_0.05,false_negative_suppression,0.05,0.05,7,25,0.8125,0.6875,True,True,1.3,1.55,both_success,0.25
false_negative_suppression_js_0.05,false_negative_suppression,0.05,0.05,7,26,0.9625,0.6625,True,True,6.7,3.75,both_success,-2.95
false_negative_suppression_js_0.05,false_negative_suppression,0.05,0.05,7,27,0.6625,0.8875,True,True,5.550000000000001,5.550000000000001,both_success,0.0
false_negative_suppression_js_0.05,false_negative_suppression,0.05,0.05,7,28,0.7125,0.7375,True,True,1.25,1.8,both_success,0.55
false_negative_suppression_js_0.05,false_negative_suppression,0.05,0.05,7,29,0.8125,0.6875,True,True,1.3,1.55,both_success,0.25
false_negative_suppression_js_0.05,false_negative_suppression,0.05,0.05,7,30,0.7125,0.6875,True,True,1.1500000000000001,1.6500000000000001,both_success,0.5
false_negative_suppression_js_0.05,false_negative_suppression,0.05,0.05,7,31,0.5875,0.5875,True,True,1.05,1.05,both_success,0.0
false_negative_suppression_js_0.05,false_negative_suppression,0.05,0.05,7,32,0.0125,0.0625,False,False,,,both_timeout,
false_negative_suppression_js_0.05,false_negative_suppression,0.05,0.05,7,33,0.7375,0.5375,True,True,1.25,1.1,both_success,-0.1499999999999999
false_negative_suppression_js_0.05,false_negative_suppression,0.05,0.05,7,34,0.7125,0.7625,True,True,1.35,1.85,both_success,0.5
false_negative_suppression_js_0.05,false_negative_suppression,0.05,0.05,7,35,0.8375,0.5375,True,True,3.0500000000000003,1.6,both_success,-1.4500000000000002
false_negative_suppression_js_0.05,false_negative_suppression,0.05,0.05,7,36,0.7125,0.6375,True,True,1.1,1.3,both_success,0.19999999999999996
false_negative_suppression_js_0.05,false_negative_suppression,0.05,0.05,7,37,0.6375,0.0125,False,False,,,both_timeout,
false_negative_suppression_js_0.05,false_negative_suppression,0.05,0.05,7,38,0.9375,0.8125,True,True,4.1000000000000005,3.5500000000000003,both_success,-0.5500000000000003
false_negative_suppression_js_0.05,false_negative_suppression,0.05,0.05,7,39,0.9125,0.4875,False,False,,,both_timeout,
false_negative_suppression_js_0.05,false_negative_suppression,0.05,0.05,7,40,0.7625,0.5875,True,True,1.25,1.1,both_success,-0.1499999999999999
false_negative_suppression_js_0.05,false_negative_suppression,0.05,0.05,7,41,0.5875,0.8625,False,True,,3.25,error_only,
false_negative_suppression_js_0.05,false_negative_suppression,0.05,0.05,7,42,0.7875,0.6875,True,True,1.2000000000000002,1.55,both_success,0.34999999999999987
false_negative_suppression_js_0.05,false_negative_suppression,0.05,0.05,7,43,0.6875,0.8375,True,True,2.0500000000000003,3.3000000000000003,both_success,1.25
false_negative_suppression_js_0.05,false_negative_suppression,0.05,0.05,7,44,0.7625,0.7375,True,True,1.25,1.7000000000000002,both_success,0.4500000000000002
false_negative_suppression_js_0.05,false_negative_suppression,0.05,0.05,7,45,0.6375,0.7875,True,True,2.15,2.0500000000000003,both_success,-0.09999999999999964
false_negative_suppression_js_0.05,false_negative_suppression,0.05,0.05,7,46,0.8625,0.3625,False,False,,,both_timeout,
false_negative_suppression_js_0.05,false_negative_suppression,0.05,0.05,7,47,0.5375,0.7125,True,True,2.4000000000000004,2.25,both_success,-0.15000000000000036
false_negative_suppression_js_0.05,false_negative_suppression,0.05,0.05,7,48,0.7625,0.6875,True,True,1.2000000000000002,1.6,both_success,0.3999999999999999
false_negative_suppression_js_0.05,false_negative_suppression,0.05,0.05,7,49,0.9375,0.8375,True,True,4.1000000000000005,3.5500000000000003,both_success,-0.5500000000000003
false_negative_suppression_js_0.05,false_negative_suppression,0.05,0.05,7,50,0.6875,0.6375,True,True,1.05,1.5,both_success,0.44999999999999996
false_negative_suppression_js_0.05,false_negative_suppression,0.05,0.05,7,51,0.9375,0.7125,True,True,6.65,3.6,both_success,-3.0500000000000003
false_negative_suppression_js_0.05,false_negative_suppression,0.05,0.05,7,52,0.0875,0.2625,False,False,,,both_timeout,
false_negative_suppression_js_0.05,false_negative_suppression,0.05,0.05,7,53,0.8375,0.6375,True,True,1.4500000000000002,1.85,both_success,0.3999999999999999
false_negative_suppression_js_0.05,false_negative_suppression,0.05,0.05,7,54,0.7875,0.6125,True,True,1.3,1.2000000000000002,both_success,-0.09999999999999987
false_negative_suppression_js_0.05,false_negative_suppression,0.05,0.05,7,55,0.8125,0.4875,True,True,2.75,1.4500000000000002,both_success,-1.2999999999999998
false_negative_suppression_js_0.05,false_negative_suppression,0.05,0.05,7,56,0.7875,0.8125,True,True,1.7000000000000002,3.3000000000000003,both_success,1.6
false_negative_suppression_js_0.05,false_negative_suppression,0.05,0.05,7,57,0.7875,0.6375,True,True,1.25,1.35,both_success,0.10000000000000009
false_negative_suppression_js_0.05,false_negative_suppression,0.05,0.05,7,58,0.5625,0.9625,False,False,,,both_timeout,
false_negative_suppression_js_0.05,false_negative_suppression,0.05,0.05,7,59,0.8625,0.7125,True,True,1.6500000000000001,3.5,both_success,1.8499999999999999
false_negative_suppression_js_0.05,false_negative_suppression,0.05,0.05,7,60,0.4125,0.7375,False,False,,,both_timeout,
false_negative_suppression_js_0.05,false_negative_suppression,0.05,0.05,7,61,0.7625,0.7375,True,True,1.25,1.7000000000000002,both_success,0.4500000000000002
false_negative_suppression_js_0.05,false_negative_suppression,0.05,0.05,7,62,0.5875,0.7625,True,True,2.3000000000000003,2.15,both_success,-0.15000000000000036
false_negative_suppression_js_0.05,false_negative_suppression,0.05,0.05,7,63,0.8125,0.4875,True,True,2.75,1.4500000000000002,both_success,-1.2999999999999998
false_negative_suppression_js_0.05,false_negative_suppression,0.05,0.05,11,0,0.6875,0.4625,True,True,2.5,1.1500000000000001,both_success,-1.3499999999999999
false_negative_suppression_js_0.05,false_negative_suppression,0.05,0.05,11,1,0.7375,0.6875,True,True,1.1500000000000001,1.6,both_success,0.44999999999999996
false_negative_suppression_js_0.05,false_negative_suppression,0.05,0.05,11,2,0.9875,0.7125,True,True,6.800000000000001,3.7,both_success,-3.1000000000000005
false_negative_suppression_js_0.05,false_negative_suppression,0.05,0.05,11,3,0.9125,0.1125,False,False,,,both_timeout,
false_negative_suppression_js_0.05,false_negative_suppression,0.05,0.05,11,4,0.7625,0.4875,True,True,2.5500000000000003,1.25,both_success,-1.3000000000000003
false_negative_suppression_js_0.05,false_negative_suppression,0.05,0.05,11,5,0.8125,0.8875,True,True,3.7,5.6000000000000005,both_success,1.9000000000000004
false_negative_suppression_js_0.05,false_negative_suppression,0.05,0.05,11,6,0.8875,0.2875,False,False,,,both_timeout,
false_negative_suppression_js_0.05,false_negative_suppression,0.05,0.05,11,7,0.7125,0.4625,True,True,2.45,1.2000000000000002,both_success,-1.25
false_negative_suppression_js_0.05,false_negative_suppression,0.05,0.05,11,8,0.7625,0.9125,True,True,3.8000000000000003,5.45,both_success,1.65
false_negative_suppression_js_0.05,false_negative_suppression,0.05,0.05,11,9,0.6625,0.7375,True,True,1.3,1.9000000000000001,both_success,0.6000000000000001
false_negative_suppression_js_0.05,false_negative_suppression,0.05,0.05,11,10,0.7125,0.6375,True,True,1.1,1.3,both_success,0.19999999999999996
false_negative_suppression_js_0.05,false_negative_suppression,0.05,0.05,11,11,0.7875,0.6875,True,True,1.2000000000000002,1.55,both_success,0.34999999999999987
false_negative_suppression_js_0.05,false_negative_suppression,0.05,0.05,11,12,0.9125,0.7375,True,True,4.1000000000000005,3.5500000000000003,both_success,-0.5500000000000003
false_negative_suppression_js_0.05,false_negative_suppression,0.05,0.05,11,13,0.8125,0.5875,True,True,1.4000000000000001,1.35,both_success,-0.050000000000000044
false_negative_suppression_js_0.05,false_negative_suppression,0.05,0.05,11,14,0.9875,0.4625,False,False,,,both_timeout,
false_negative_suppression_js_0.05,false_negative_suppression,0.05,0.05,11,15,0.5125,0.8125,False,False,,,both_timeout,
false_negative_suppression_js_0.05,false_negative_suppression,0.05,0.05,11,16,0.4125,0.7625,False,False,,,both_timeout,
false_negative_suppression_js_0.05,false_negative_suppression,0.05,0.05,11,17,0.7875,0.6875,True,True,1.2000000000000002,1.55,both_success,0.34999999999999987
false_negative_suppression_js_0.05,false_negative_suppression,0.05,0.05,11,18,0.7875,0.8125,True,True,1.7000000000000002,3.3000000000000003,both_success,1.6
false_negative_suppression_js_0.05,false_negative_suppression,0.05,0.05,11,19,0.6125,0.7125,True,True,1.25,2.0500000000000003,both_success,0.8000000000000003
false_negative_suppression_js_0.05,false_negative_suppression,0.05,0.05,11,20,0.6625,0.9625,True,True,5.3500000000000005,5.3500000000000005,both_success,0.0
false_negative_suppression_js_0.05,false_negative_suppression,0.05,0.05,11,21,0.8875,0.5375,False,False,,,both_timeout,
false_negative_suppression_js_0.05,false_negative_suppression,0.05,0.05,11,22,0.6625,0.7125,True,True,1.2000000000000002,1.85,both_success,0.6499999999999999
false_negative_suppression_js_0.05,false_negative_suppression,0.05,0.05,11,23,0.6375,0.6875,True,True,1.1500000000000001,1.9000000000000001,both_success,0.75
false_negative_suppression_js_0.05,false_negative_suppression,0.05,0.05,11,24,0.6125,0.6375,True,True,1.05,2.0,both_success,0.95
false_negative_suppression_js_0.05,false_negative_suppression,0.05,0.05,11,25,0.8625,0.7125,True,True,1.6500000000000001,3.5,both_success,1.8499999999999999
false_negative_suppression_js_0.05,false_negative_suppression,0.05,0.05,11,26,0.8375,0.5625,True,True,1.5,1.6,both_success,0.10000000000000009
false_negative_suppression_js_0.05,false_negative_suppression,0.05,0.05,11,27,0.6875,0.8125,True,True,2.0,3.25,both_success,1.25
false_negative_suppression_js_0.05,false_negative_suppression,0.05,0.05,11,28,0.8625,0.8375,True,True,3.85,3.4000000000000004,both_success,-0.44999999999999973
false_negative_suppression_js_0.05,false_negative_suppression,0.05,0.05,11,29,0.6875,0.4625,True,True,2.5,1.1500000000000001,both_success,-1.3499999999999999
false_negative_suppression_js_0.05,false_negative_suppression,0.05,0.05,11,30,0.9875,0.6625,False,True,,3.8000000000000003,error_only,
false_negative_suppression_js_0.05,false_negative_suppression,0.05,0.05,11,31,0.8375,0.5875,True,True,1.5,1.6500000000000001,both_success,0.15000000000000013
false_negative_suppression_js_0.05,false_negative_suppression,0.05,0.05,11,32,0.7875,0.3375,False,False,,,both_timeout,
false_negative_suppression_js_0.05,false_negative_suppression,0.05,0.05,11,33,0.7875,0.8625,True,True,1.85,3.4000000000000004,both_success,1.5500000000000003
false_negative_suppression_js_0.05,false_negative_suppression,0.05,0.05,11,34,0.7125,0.6625,True,True,1.1,1.55,both_success,0.44999999999999996
false_negative_suppression_js_0.05,false_negative_suppression,0.05,0.05,11,35,0.7625,0.4875,True,True,2.5500000000000003,1.25,both_success,-1.3000000000000003
false_negative_suppression_js_0.05,false_negative_suppression,0.05,0.05,11,36,0.5375,0.7625,False,True,,2.9000000000000004,error_only,
false_negative_suppression_js_0.05,false_negative_suppression,0.05,0.05,11,37,0.8625,0.5375,True,True,3.1500000000000004,1.75,both_success,-1.4000000000000004
false_negative_suppression_js_0.05,false_negative_suppression,0.05,0.05,11,38,0.8625,0.8625,True,True,3.85,3.45,both_success,-0.3999999999999999
false_negative_suppression_js_0.05,false_negative_suppression,0.05,0.05,11,39,0.6875,0.5625,True,True,1.0,1.0,both_success,0.0
false_negative_suppression_js_0.05,false_negative_suppression,0.05,0.05,11,40,0.6375,0.1375,False,False,,,both_timeout,
false_negative_suppression_js_0.05,false_negative_suppression,0.05,0.05,11,41,0.8375,0.5375,True,True,3.0500000000000003,1.6,both_success,-1.4500000000000002
false_negative_suppression_js_0.05,false_negative_suppression,0.05,0.05,11,42,0.4875,0.6375,False,True,,2.35,error_only,
false_negative_suppression_js_0.05,false_negative_suppression,0.05,0.05,11,43,0.2375,0.6875,False,False,,,both_timeout,
false_negative_suppression_js_0.05,false_negative_suppression,0.05,0.05,11,44,0.9375,0.8625,True,True,4.1000000000000005,3.5,both_success,-0.6000000000000005
false_negative_suppression_js_0.05,false_negative_suppression,0.05,0.05,11,45,0.7375,0.7625,True,True,1.35,1.8,both_success,0.44999999999999996
false_negative_suppression_js_0.05,false_negative_suppression,0.05,0.05,11,46,0.9625,0.6125,False,False,,,both_timeout,
false_negative_suppression_js_0.05,false_negative_suppression,0.05,0.05,11,47,0.8875,0.0625,False,False,,,both_timeout,
false_negative_suppression_js_0.05,false_negative_suppression,0.05,0.05,11,48,0.6625,0.5125,True,True,1.0,0.9500000000000001,both_success,-0.04999999999999993
false_negative_suppression_js_0.05,false_negative_suppression,0.05,0.05,11,49,0.7625,0.9875,True,True,5.15,5.15,both_success,0.0
false_negative_suppression_js_0.05,false_negative_suppression,0.05,0.05,11,50,0.8875,0.6625,True,True,1.75,3.6,both_success,1.85
false_negative_suppression_js_0.05,false_negative_suppression,0.05,0.05,11,51,0.6875,0.7625,True,True,1.9000000000000001,1.9000000000000001,both_success,0.0
false_negative_suppression_js_0.05,false_negative_suppression,0.05,0.05,11,52,0.3125,0.2375,True,True,0.15000000000000002,0.15000000000000002,both_success,0.0
false_negative_suppression_js_0.05,false_negative_suppression,0.05,0.05,11,53,0.8125,0.1375,False,False,,,both_timeout,
false_negative_suppression_js_0.05,false_negative_suppression,0.05,0.05,11,54,0.6625,0.8375,True,True,2.15,3.25,both_success,1.1
false_negative_suppression_js_0.05,false_negative_suppression,0.05,0.05,11,55,0.8375,0.7125,True,True,1.4000000000000001,3.45,both_success,2.05
false_negative_suppression_js_0.05,false_negative_suppression,0.05,0.05,11,56,0.7125,0.6125,True,True,1.05,1.1,both_success,0.050000000000000044
false_negative_suppression_js_0.05,false_negative_suppression,0.05,0.05,11,57,0.7625,0.6125,True,True,1.1500000000000001,1.2000000000000002,both_success,0.050000000000000044
false_negative_suppression_js_0.05,false_negative_suppression,0.05,0.05,11,58,0.6625,0.3625,False,False,,,both_timeout,
false_negative_suppression_js_0.05,false_negative_suppression,0.05,0.05,11,59,0.8375,0.5125,True,True,2.95,1.6,both_success,-1.35
false_negative_suppression_js_0.05,false_negative_suppression,0.05,0.05,11,60,0.1875,0.1125,True,True,0.0,0.0,both_success,0.0
false_negative_suppression_js_0.05,false_negative_suppression,0.05,0.05,11,61,0.5875,0.8375,False,True,,3.1500000000000004,error_only,
false_negative_suppression_js_0.05,false_negative_suppression,0.05,0.05,11,62,0.9625,0.6625,True,True,6.7,3.75,both_success,-2.95
false_negative_suppression_js_0.05,false_negative_suppression,0.05,0.05,11,63,0.6625,0.4625,True,True,1.1500000000000001,1.1,both_success,-0.050000000000000044
false_negative_suppression_js_0.1,false_negative_suppression,0.1,0.05,7,0,0.6875,0.7375,True,True,1.25,1.9000000000000001,both_success,0.6500000000000001
false_negative_suppression_js_0.1,false_negative_suppression,0.1,0.05,7,1,0.8125,0.8625,True,True,3.7,3.4000000000000004,both_success,-0.2999999999999998
false_negative_suppression_js_0.1,false_negative_suppression,0.1,0.05,7,2,0.8625,0.7875,True,True,3.85,3.5,both_success,-0.3500000000000001
false_negative_suppression_js_0.1,false_negative_suppression,0.1,0.05,7,3,0.7625,0.5625,True,True,1.3,1.25,both_success,-0.050000000000000044
false_negative_suppression_js_0.1,false_negative_suppression,0.1,0.05,7,4,0.6375,0.6125,True,True,1.05,1.8,both_success,0.75
false_negative_suppression_js_0.1,false_negative_suppression,0.1,0.05,7,5,0.0375,0.8625,False,False,,,both_timeout,
false_negative_suppression_js_0.1,false_negative_suppression,0.1,0.05,7,6,0.8875,0.0125,False,False,,,both_timeout,
false_negative_suppression_js_0.1,false_negative_suppression,0.1,0.05,7,7,0.8375,0.8125,True,True,1.6,3.45,both_success,1.85
false_negative_suppression_js_0.1,false_negative_suppression,0.1,0.05,7,8,0.6375,0.8125,True,True,2.2,3.2,both_success,1.0
false_negative_suppression_js_0.1,false_negative_suppression,0.1,0.05,7,9,0.0625,0.6875,False,False,,,both_timeout,
false_negative_suppression_js_0.1,false_negative_suppression,0.1,0.05,7,10,0.6625,0.6125,True,True,1.05,1.7000000000000002,both_success,0.6500000000000001
false_negative_suppression_js_0.1,false_negative_suppression,0.1,0.05,7,11,0.8625,0.5875,True,False,1.55,,oracle_only,
false_negative_suppression_js_0.1,false_negative_suppression,0.1,0.05,7,12,0.6625,0.5875,True,True,1.05,1.6500000000000001,both_success,0.6000000000000001
false_negative_suppression_js_0.1,false_negative_suppression,0.1,0.05,7,13,0.7875,0.6625,True,True,1.1500000000000001,3.6,both_success,2.45
false_negative_suppression_js_0.1,false_negative_suppression,0.1,0.05,7,14,0.7625,0.6875,True,True,1.2000000000000002,3.5,both_success,2.3
false_negative_suppression_js_0.1,false_negative_suppression,0.1,0.05,7,15,0.6625,0.7125,True,True,1.2000000000000002,1.9000000000000001,both_success,0.7
false_negative_suppression_js_0.1,false_negative_suppression,0.1,0.05,7,16,0.7375,0.9875,True,True,5.2,5.2,both_success,0.0
false_negative_suppression_js_0.1,false_negative_suppression,0.1,0.05,7,17,0.6125,0.8125,True,True,2.25,3.2,both_success,0.9500000000000002
false_negative_suppression_js_0.1,false_negative_suppression,0.1,0.05,7,18,0.6625,0.7375,True,True,1.3,1.9500000000000002,both_success,0.6500000000000001
false_negative_suppression_js_0.1,false_negative_suppression,0.1,0.05,7,19,0.0375,0.9875,False,False,,,both_timeout,
false_negative_suppression_js_0.1,false_negative_suppression,0.1,0.05,7,20,0.6625,0.5625,True,True,1.0,1.05,both_success,0.050000000000000044
false_negative_suppression_js_0.1,false_negative_suppression,0.1,0.05,7,21,0.6625,0.5125,True,True,1.0,0.9500000000000001,both_success,-0.04999999999999993
false_negative_suppression_js_0.1,false_negative_suppression,0.1,0.05,7,22,0.5875,0.7375,True,True,2.3000000000000003,2.1,both_success,-0.20000000000000018
false_negative_suppression_js_0.1,false_negative_suppression,0.1,0.05,7,23,0.5125,0.1875,False,False,,,both_timeout,
false_negative_suppression_js_0.1,false_negative_suppression,0.1,0.05,7,24,0.0875,0.1625,False,False,,,both_timeout,
false_negative_suppression_js_0.1,false_negative_suppression,0.1,0.05,7,25,0.8125,0.6875,True,True,1.3,3.5500000000000003,both_success,2.25
false_negative_suppression_js_0.1,false_negative_suppression,0.1,0.05,7,26,0.9625,0.6625,True,True,6.7,3.85,both_success,-2.85
false_negative_suppression_js_0.1,false_negative_suppression,0.1,0.05,7,27,0.6625,0.8875,True,True,5.550000000000001,3.4000000000000004,both_success,-2.1500000000000004
false_negative_suppression_js_0.1,false_negative_suppression,0.1,0.05,7,28,0.7125,0.7375,True,True,1.25,3.1500000000000004,both_success,1.9000000000000004
false_negative_suppression_js_0.1,false_negative_suppression,0.1,0.05,7,29,0.8125,0.6875,True,True,1.3,3.5500000000000003,both_success,2.25
false_negative_suppression_js_0.1,false_negative_suppression,0.1,0.05,7,30,0.7125,0.6875,True,True,1.1500000000000001,1.8,both_success,0.6499999999999999
false_negative_suppression_js_0.1,false_negative_suppression,0.1,0.05,7,31,0.5875,0.5875,True,True,1.05,1.9500000000000002,both_success,0.9000000000000001
false_negative_suppression_js_0.1,false_negative_suppression,0.1,0.05,7,32,0.0125,0.0625,False,False,,,both_timeout,
false_negative_suppression_js_0.1,false_negative_suppression,0.1,0.05,7,33,0.7375,0.5375,True,True,1.25,1.1,both_success,-0.1499999999999999
false_negative_suppression_js_0.1,false_negative_suppression,0.1,0.05,7,34,0.7125,0.7625,True,True,1.35,3.2,both_success,1.85
false_negative_suppression_js_0.1,false_negative_suppression,0.1,0.05,7,35,0.8375,0.5375,True,False,3.0500000000000003,,oracle_only,
false_negative_suppression_js_0.1,false_negative_suppression,0.1,0.05,7,36,0.7125,0.6375,True,True,1.1,1.7000000000000002,both_success,0.6000000000000001
false_negative_suppression_js_0.1,false_negative_suppression,0.1,0.05,7,37,0.6375,0.0125,False,False,,,both_timeout,
false_negative_suppression_js_0.1,false_negative_suppression,0.1,0.05,7,38,0.9375,0.8125,True,True,4.1000000000000005,3.6500000000000004,both_success,-0.4500000000000002
false_negative_suppression_js_0.1,false_negative_suppression,0.1,0.05,7,39,0.9125,0.4875,False,False,,,both_timeout,
false_negative_suppression_js_0.1,false_negative_suppression,0.1,0.05,7,40,0.7625,0.5875,True,True,1.25,1.4000000000000001,both_success,0.15000000000000013
false_negative_suppression_js_0.1,false_negative_suppression,0.1,0.05,7,41,0.5875,0.8625,False,True,,3.25,error_only,
false_negative_suppression_js_0.1,false_negative_suppression,0.1,0.05,7,42,0.7875,0.6875,True,True,1.2000000000000002,3.5500000000000003,both_success,2.35
false_negative_suppression_js_0.1,false_negative_suppression,0.1,0.05,7,43,0.6875,0.8375,True,True,2.0500000000000003,3.3000000000000003,both_success,1.25
false_negative_suppression_js_0.1,false_negative_suppression,0.1,0.05,7,44,0.7625,0.7375,True,True,1.25,3.4000000000000004,both_success,2.1500000000000004
false_negative_suppression_js_0.1,false_negative_suppression,0.1,0.05,7,45,0.6375,0.7875,True,True,2.15,3.1500000000000004,both_success,1.0000000000000004
false_negative_suppression_js_0.1,false_negative_suppression,0.1,0.05,7,46,0.8625,0.3625,False,False,,,both_timeout,
false_negative_suppression_js_0.1,false_negative_suppression,0.1,0.05,7,47,0.5375,0.7125,True,True,2.4000000000000004,2.15,both_success,-0.25000000000000044
false_negative_suppression_js_0.1,false_negative_suppression,0.1,0.05,7,48,0.7625,0.6875,True,True,1.2000000000000002,3.5,both_success,2.3
false_negative_suppression_js_0.1,false_negative_suppression,0.1,0.05,7,49,0.9375,0.8375,True,True,4.1000000000000005,3.6,both_success,-0.5000000000000004
false_negative_suppression_js_0.1,false_negative_suppression,0.1,0.05,7,50,0.6875,0.6375,True,True,1.05,1.75,both_success,0.7
false_negative_suppression_js_0.1,false_negative_suppression,0.1,0.05,7,51,0.9375,0.7125,True,True,6.65,3.7,both_success,-2.95
false_negative_suppression_js_0.1,false_negative_suppression,0.1,0.05,7,52,0.0875,0.2625,False,False,,,both_timeout,
false_negative_suppression_js_0.1,false_negative_suppression,0.1,0.05,7,53,0.8375,0.6375,True,True,1.4500000000000002,3.7,both_success,2.25
false_negative_suppression_js_0.1,false_negative_suppression,0.1,0.05,7,54,0.7875,0.6125,True,True,1.3,1.55,both_success,0.25
false_negative_suppression_js_0.1,false_negative_suppression,0.1,0.05,7,55,0.8125,0.4875,True,True,2.75,1.6,both_success,-1.15
false_negative_suppression_js_0.1,false_negative_suppression,0.1,0.05,7,56,0.7875,0.8125,True,True,1.7000000000000002,3.35,both_success,1.65
false_negative_suppression_js_0.1,false_negative_suppression,0.1,0.05,7,57,0.7875,0.6375,True,True,1.25,1.6,both_success,0.3500000000000001
false_negative_suppression_js_0.1,false_negative_suppression,0.1,0.05,7,58,0.5625,0.9625,False,False,,,both_timeout,
false_negative_suppression_js_0.1,false_negative_suppression,0.1,0.05,7,59,0.8625,0.7125,True,True,1.6500000000000001,3.6,both_success,1.95
false_negative_suppression_js_0.1,false_negative_suppression,0.1,0.05,7,60,0.4125,0.7375,False,True,,3.0,error_only,
false_negative_suppression_js_0.1,false_negative_suppression,0.1,0.05,7,61,0.7625,0.7375,True,True,1.25,3.4000000000000004,both_success,2.1500000000000004
false_negative_suppression_js_0.1,false_negative_suppression,0.1,0.05,7,62,0.5875,0.7625,True,True,2.3000000000000003,3.1,both_success,0.7999999999999998
false_negative_suppression_js_0.1,false_negative_suppression,0.1,0.05,7,63,0.8125,0.4875,True,True,2.75,1.6,both_success,-1.15
false_negative_suppression_js_0.1,false_negative_suppression,0.1,0.05,11,0,0.6875,0.4625,True,True,2.5,1.05,both_success,-1.45
false_negative_suppression_js_0.1,false_negative_suppression,0.1,0.05,11,1,0.7375,0.6875,True,True,1.1500000000000001,1.75,both_success,0.5999999999999999
false_negative_suppression_js_0.1,false_negative_suppression,0.1,0.05,11,2,0.9875,0.7125,True,True,6.800000000000001,3.8000000000000003,both_success,-3.0000000000000004
false_negative_suppression_js_0.1,false_negative_suppression,0.1,0.05,11,3,0.9125,0.1125,False,False,,,both_timeout,
false_negative_suppression_js_0.1,false_negative_suppression,0.1,0.05,11,4,0.7625,0.4875,True,True,2.5500000000000003,1.2000000000000002,both_success,-1.35
false_negative_suppression_js_0.1,false_negative_suppression,0.1,0.05,11,5,0.8125,0.8875,True,True,3.7,3.5,both_success,-0.20000000000000018
false_negative_suppression_js_0.1,false_negative_suppression,0.1,0.05,11,6,0.8875,0.2875,False,False,,,both_timeout,
false_negative_suppression_js_0.1,false_negative_suppression,0.1,0.05,11,7,0.7125,0.4625,True,True,2.45,1.1,both_success,-1.35
false_negative_suppression_js_0.1,false_negative_suppression,0.1,0.05,11,8,0.7625,0.9125,True,True,3.8000000000000003,5.45,both_success,1.65
false_negative_suppression_js_0.1,false_negative_suppression,0.1,0.05,11,9,0.6625,0.7375,True,True,1.3,1.9500000000000002,both_success,0.6500000000000001
false_negative_suppression_js_0.1,false_negative_suppression,0.1,0.05,11,10,0.7125,0.6375,True,True,1.1,1.7000000000000002,both_success,0.6000000000000001
false_negative_suppression_js_0.1,false_negative_suppression,0.1,0.05,11,11,0.7875,0.6875,True,True,1.2000000000000002,3.5500000000000003,both_success,2.35
false_negative_suppression_js_0.1,false_negative_suppression,0.1,0.05,11,12,0.9125,0.7375,True,True,4.1000000000000005,3.6500000000000004,both_success,-0.4500000000000002
false_negative_suppression_js_0.1,false_negative_suppression,0.1,0.05,11,13,0.8125,0.5875,True,True,1.4000000000000001,2.0,both_success,0.5999999999999999
false_negative_suppression_js_0.1,false_negative_suppression,0.1,0.05,11,14,0.9875,0.4625,False,False,,,both_timeout,
false_negative_suppression_js_0.1,false_negative_suppression,0.1,0.05,11,15,0.5125,0.8125,False,True,,3.0500000000000003,error_only,
false_negative_suppression_js_0.1,false_negative_suppression,0.1,0.05,11,16,0.4125,0.7625,False,False,,,both_timeout,
false_negative_suppression_js_0.1,false_negative_suppression,0.1,0.05,11,17,0.7875,0.6875,True,True,1.2000000000000002,3.5500000000000003,both_success,2.35
false_negative_suppression_js_0.1,false_negative_suppression,0.1,0.05,11,18,0.7875,0.8125,True,True,1.7000000000000002,3.35,both_success,1.65
false_negative_suppression_js_0.1,false_negative_suppression,0.1,0.05,11,19,0.6125,0.7125,True,True,1.25,2.0,both_success,0.75
false_negative_suppression_js_0.1,false_negative_suppression,0.1,0.05,11,20,0.6625,0.9625,True,True,5.3500000000000005,5.3500000000000005,both_success,0.0
false_negative_suppression_js_0.1,false_negative_suppression,0.1,0.05,11,21,0.8875,0.5375,False,False,,,both_timeout,
false_negative_suppression_js_0.1,false_negative_suppression,0.1,0.05,11,22,0.6625,0.7125,True,True,1.2000000000000002,1.9000000000000001,both_success,0.7
false_negative_suppression_js_0.1,false_negative_suppression,0.1,0.05,11,23,0.6375,0.6875,True,True,1.1500000000000001,1.9000000000000001,both_success,0.75
false_negative_suppression_js_0.1,false_negative_suppression,0.1,0.05,11,24,0.6125,0.6375,True,True,1.05,1.9000000000000001,both_success,0.8500000000000001
false_negative_suppression_js_0.1,false_negative_suppression,0.1,0.05,11,25,0.8625,0.7125,True,True,1.6500000000000001,3.6,both_success,1.95
false_negative_suppression_js_0.1,false_negative_suppression,0.1,0.05,11,26,0.8375,0.5625,True,False,1.5,,oracle_only,
false_negative_suppression_js_0.1,false_negative_suppression,0.1,0.05,11,27,0.6875,0.8125,True,True,2.0,3.25,both_success,1.25
false_negative_suppression_js_0.1,false_negative_suppression,0.1,0.05,11,28,0.8625,0.8375,True,True,3.85,3.5,both_success,-0.3500000000000001
false_negative_suppression_js_0.1,false_negative_suppression,0.1,0.05,11,29,0.6875,0.4625,True,True,2.5,1.05,both_success,-1.45
false_negative_suppression_js_0.1,false_negative_suppression,0.1,0.05,11,30,0.9875,0.6625,False,True,,3.9000000000000004,error_only,
false_negative_suppression_js_0.1,false_negative_suppression,0.1,0.05,11,31,0.8375,0.5875,True,False,1.5,,oracle_only,
false_negative_suppression_js_0.1,false_negative_suppression,0.1,0.05,11,32,0.7875,0.3375,False,False,,,both_timeout,
false_negative_suppression_js_0.1,false_negative_suppression,0.1,0.05,11,33,0.7875,0.8625,True,True,1.85,3.4000000000000004,both_success,1.5500000000000003
false_negative_suppression_js_0.1,false_negative_suppression,0.1,0.05,11,34,0.7125,0.6625,True,True,1.1,1.75,both_success,0.6499999999999999
false_negative_suppression_js_0.1,false_negative_suppression,0.1,0.05,11,35,0.7625,0.4875,True,True,2.5500000000000003,1.2000000000000002,both_success,-1.35
false_negative_suppression_js_0.1,false_negative_suppression,0.1,0.05,11,36,0.5375,0.7625,False,True,,3.0,error_only,
false_negative_suppression_js_0.1,false_negative_suppression,0.1,0.05,11,37,0.8625,0.5375,True,False,3.1500000000000004,,oracle_only,
false_negative_suppression_js_0.1,false_negative_suppression,0.1,0.05,11,38,0.8625,0.8625,True,True,3.85,3.5,both_success,-0.3500000000000001
false_negative_suppression_js_0.1,false_negative_suppression,0.1,0.05,11,39,0.6875,0.5625,True,True,1.0,1.1,both_success,0.10000000000000009
false_negative_suppression_js_0.1,false_negative_suppression,0.1,0.05,11,40,0.6375,0.1375,False,False,,,both_timeout,
false_negative_suppression_js_0.1,false_negative_suppression,0.1,0.05,11,41,0.8375,0.5375,True,False,3.0500000000000003,,oracle_only,
false_negative_suppression_js_0.1,false_negative_suppression,0.1,0.05,11,42,0.4875,0.6375,False,True,,2.25,error_only,
false_negative_suppression_js_0.1,false_negative_suppression,0.1,0.05,11,43,0.2375,0.6875,False,False,,,both_timeout,
false_negative_suppression_js_0.1,false_negative_suppression,0.1,0.05,11,44,0.9375,0.8625,True,True,4.1000000000000005,3.6,both_success,-0.5000000000000004
false_negative_suppression_js_0.1,false_negative_suppression,0.1,0.05,11,45,0.7375,0.7625,True,True,1.35,3.2,both_success,1.85
false_negative_suppression_js_0.1,false_negative_suppression,0.1,0.05,11,46,0.9625,0.6125,False,False,,,both_timeout,
false_negative_suppression_js_0.1,false_negative_suppression,0.1,0.05,11,47,0.8875,0.0625,False,False,,,both_timeout,
false_negative_suppression_js_0.1,false_negative_suppression,0.1,0.05,11,48,0.6625,0.5125,True,True,1.0,0.9500000000000001,both_success,-0.04999999999999993
false_negative_suppression_js_0.1,false_negative_suppression,0.1,0.05,11,49,0.7625,0.9875,True,True,5.15,5.15,both_success,0.0
false_negative_suppression_js_0.1,false_negative_suppression,0.1,0.05,11,50,0.8875,0.6625,True,True,1.75,3.7,both_success,1.9500000000000002
false_negative_suppression_js_0.1,false_negative_suppression,0.1,0.05,11,51,0.6875,0.7625,True,True,1.9000000000000001,3.2,both_success,1.3
false_negative_suppression_js_0.1,false_negative_suppression,0.1,0.05,11,52,0.3125,0.2375,True,True,0.15000000000000002,0.15000000000000002,both_success,0.0
false_negative_suppression_js_0.1,false_negative_suppression,0.1,0.05,11,53,0.8125,0.1375,False,False,,,both_timeout,
false_negative_suppression_js_0.1,false_negative_suppression,0.1,0.05,11,54,0.6625,0.8375,True,True,2.15,3.3000000000000003,both_success,1.1500000000000004
false_negative_suppression_js_0.1,false_negative_suppression,0.1,0.05,11,55,0.8375,0.7125,True,True,1.4000000000000001,3.5500000000000003,both_success,2.1500000000000004
false_negative_suppression_js_0.1,false_negative_suppression,0.1,0.05,11,56,0.7125,0.6125,True,True,1.05,1.6,both_success,0.55
false_negative_suppression_js_0.1,false_negative_suppression,0.1,0.05,11,57,0.7625,0.6125,True,True,1.1500000000000001,1.55,both_success,0.3999999999999999
false_negative_suppression_js_0.1,false_negative_suppression,0.1,0.05,11,58,0.6625,0.3625,False,True,,1.1500000000000001,error_only,
false_negative_suppression_js_0.1,false_negative_suppression,0.1,0.05,11,59,0.8375,0.5125,True,False,2.95,,oracle_only,
false_negative_suppression_js_0.1,false_negative_suppression,0.1,0.05,11,60,0.1875,0.1125,True,True,0.0,0.0,both_success,0.0
false_negative_suppression_js_0.1,false_negative_suppression,0.1,0.05,11,61,0.5875,0.8375,False,True,,3.2,error_only,
false_negative_suppression_js_0.1,false_negative_suppression,0.1,0.05,11,62,0.9625,0.6625,True,True,6.7,3.85,both_success,-2.85
false_negative_suppression_js_0.1,false_negative_suppression,0.1,0.05,11,63,0.6625,0.4625,True,True,1.1500000000000001,0.9500000000000001,both_success,-0.20000000000000007
false_negative_suppression_js_0.15,false_negative_suppression,0.15,0.05,7,0,0.6875,0.7375,True,True,1.25,3.3000000000000003,both_success,2.0500000000000003
false_negative_suppression_js_0.15,false_negative_suppression,0.15,0.05,7,1,0.8125,0.8625,True,True,3.7,3.5,both_success,-0.20000000000000018
false_negative_suppression_js_0.15,false_negative_suppression,0.15,0.05,7,2,0.8625,0.7875,True,True,3.85,3.6,both_success,-0.25
false_negative_suppression_js_0.15,false_negative_suppression,0.15,0.05,7,3,0.7625,0.5625,True,True,1.3,1.55,both_success,0.25
false_negative_suppression_js_0.15,false_negative_suppression,0.15,0.05,7,4,0.6375,0.6125,True,True,1.05,1.85,both_success,0.8
false_negative_suppression_js_0.15,false_negative_suppression,0.15,0.05,7,5,0.0375,0.8625,False,False,,,both_timeout,
false_negative_suppression_js_0.15,false_negative_suppression,0.15,0.05,7,6,0.8875,0.0125,False,False,,,both_timeout,
false_negative_suppression_js_0.15,false_negative_suppression,0.15,0.05,7,7,0.8375,0.8125,True,True,1.6,3.5500000000000003,both_success,1.9500000000000002
false_negative_suppression_js_0.15,false_negative_suppression,0.15,0.05,7,8,0.6375,0.8125,True,True,2.2,3.25,both_success,1.0499999999999998
false_negative_suppression_js_0.15,false_negative_suppression,0.15,0.05,7,9,0.0625,0.6875,False,False,,,both_timeout,
false_negative_suppression_js_0.15,false_negative_suppression,0.15,0.05,7,10,0.6625,0.6125,True,True,1.05,1.8,both_success,0.75
false_negative_suppression_js_0.15,false_negative_suppression,0.15,0.05,7,11,0.8625,0.5875,True,False,1.55,,oracle_only,
false_negative_suppression_js_0.15,false_negative_suppression,0.15,0.05,7,12,0.6625,0.5875,True,True,1.05,1.75,both_success,0.7
false_negative_suppression_js_0.15,false_negative_suppression,0.15,0.05,7,13,0.7875,0.6625,True,True,1.1500000000000001,3.7,both_success,2.55
false_negative_suppression_js_0.15,false_negative_suppression,0.15,0.05,7,14,0.7625,0.6875,True,True,1.2000000000000002,3.6,both_success,2.4
false_negative_suppression_js_0.15,false_negative_suppression,0.15,0.05,7,15,0.6625,0.7125,True,True,1.2000000000000002,3.3000000000000003,both_success,2.1
false_negative_suppression_js_0.15,false_negative_suppression,0.15,0.05,7,16,0.7375,0.9875,True,True,5.2,5.2,both_success,0.0
false_negative_suppression_js_0.15,false_negative_suppression,0.15,0.05,7,17,0.6125,0.8125,True,True,2.25,3.25,both_success,1.0
false_negative_suppression_js_0.15,false_negative_suppression,0.15,0.05,7,18,0.6625,0.7375,True,True,1.3,3.1500000000000004,both_success,1.8500000000000003
false_negative_suppression_js_0.15,false_negative_suppression,0.15,0.05,7,19,0.0375,0.9875,False,False,,,both_timeout,
false_negative_suppression_js_0.15,false_negative_suppression,0.15,0.05,7,20,0.6625,0.5625,True,True,1.0,1.7000000000000002,both_success,0.7000000000000002
false_negative_suppression_js_0.15,false_negative_suppression,0.15,0.05,7,21,0.6625,0.5125,True,True,1.0,1.05,both_success,0.050000000000000044
false_negative_suppression_js_0.15,false_negative_suppression,0.15,0.05,7,22,0.5875,0.7375,True,True,2.3000000000000003,3.1,both_success,0.7999999999999998
false_negative_suppression_js_0.15,false_negative_suppression,0.15,0.05,7,23,0.5125,0.1875,False,False,,,both_timeout,
false_negative_suppression_js_0.15,false_negative_suppression,0.15,0.05,7,24,0.0875,0.1625,False,False,,,both_timeout,
false_negative_suppression_js_0.15,false_negative_suppression,0.15,0.05,7,25,0.8125,0.6875,True,True,1.3,3.6500000000000004,both_success,2.3500000000000005
false_negative_suppression_js_0.15,false_negative_suppression,0.15,0.05,7,26,0.9625,0.6625,True,True,6.7,3.9000000000000004,both_success,-2.8
false_negative_suppression_js_0.15,false_negative_suppression,0.15,0.05,7,27,0.6625,0.8875,True,True,5.550000000000001,3.4000000000000004,both_success,-2.1500000000000004
false_negative_suppression_js_0.15,false_negative_suppression,0.15,0.05,7,28,0.7125,0.7375,True,True,1.25,3.4000000000000004,both_success,2.1500000000000004
false_negative_suppression_js_0.15,false_negative_suppression,0.15,0.05,7,29,0.8125,0.6875,True,True,1.3,3.6500000000000004,both_success,2.3500000000000005
false_negative_suppression_js_0.15,false_negative_suppression,0.15,0.05,7,30,0.7125,0.6875,True,True,1.1500000000000001,3.5500000000000003,both_success,2.4000000000000004
false_negative_suppression_js_0.15,false_negative_suppression,0.15,0.05,7,31,0.5875,0.5875,True,True,1.05,1.9000000000000001,both_success,0.8500000000000001
false_negative_suppression_js_0.15,false_negative_suppression,0.15,0.05,7,32,0.0125,0.0625,False,False,,,both_timeout,
false_negative_suppression_js_0.15,false_negative_suppression,0.15,0.05,7,33,0.7375,0.5375,True,True,1.25,1.5,both_success,0.25
false_negative_suppression_js_0.15,false_negative_suppression,0.15,0.05,7,34,0.7125,0.7625,True,True,1.35,3.35,both_success,2.0
false_negative_suppression_js_0.15,false_negative_suppression,0.15,0.05,7,35,0.8375,0.5375,True,False,3.0500000000000003,,oracle_only,
false_negative_suppression_js_0.15,false_negative_suppression,0.15,0.05,7,36,0.7125,0.6375,True,True,1.1,1.8,both_success,0.7
false_negative_suppression_js_0.15,false_negative_suppression,0.15,0.05,7,37,0.6375,0.0125,False,False,,,both_timeout,
false_negative_suppression_js_0.15,false_negative_suppression,0.15,0.05,7,38,0.9375,0.8125,True,True,4.1000000000000005,3.7,both_success,-0.40000000000000036
false_negative_suppression_js_0.15,false_negative_suppression,0.15,0.05,7,39,0.9125,0.4875,False,False,,,both_timeout,
false_negative_suppression_js_0.15,false_negative_suppression,0.15,0.05,7,40,0.7625,0.5875,True,True,1.25,1.6500000000000001,both_success,0.40000000000000013
false_negative_suppression_js_0.15,false_negative_suppression,0.15,0.05,7,41,0.5875,0.8625,False,True,,3.3000000000000003,error_only,
false_negative_suppression_js_0.15,false_negative_suppression,0.15,0.05,7,42,0.7875,0.6875,True,True,1.2000000000000002,3.6500000000000004,both_success,2.45
false_negative_suppression_js_0.15,false_negative_suppression,0.15,0.05,7,43,0.6875,0.8375,True,True,2.0500000000000003,3.3000000000000003,both_success,1.25
false_negative_suppression_js_0.15,false_negative_suppression,0.15,0.05,7,44,0.7625,0.7375,True,True,1.25,3.5,both_success,2.25
false_negative_suppression_js_0.15,false_negative_suppression,0.15,0.05,7,45,0.6375,0.7875,True,True,2.15,3.2,both_success,1.0500000000000003
false_negative_suppression_js_0.15,false_negative_suppression,0.15,0.05,7,46,0.8625,0.3625,False,False,,,both_timeout,
false_negative_suppression_js_0.15,false_negative_suppression,0.15,0.05,7,47,0.5375,0.7125,True,True,2.4000000000000004,2.15,both_success,-0.25000000000000044
false_negative_suppression_js_0.15,false_negative_suppression,0.15,0.05,7,48,0.7625,0.6875,True,True,1.2000000000000002,3.6,both_success,2.4
false_negative_suppression_js_0.15,false_negative_suppression,0.15,0.05,7,49,0.9375,0.8375,True,True,4.1000000000000005,3.7,both_success,-0.40000000000000036
false_negative_suppression_js_0.15,false_negative_suppression,0.15,0.05,7,50,0.6875,0.6375,True,True,1.05,1.8,both_success,0.75
false_negative_suppression_js_0.15,false_negative_suppression,0.15,0.05,7,51,0.9375,0.7125,True,True,6.65,3.8000000000000003,both_success,-2.85
false_negative_suppression_js_0.15,false_negative_suppression,0.15,0.05,7,52,0.0875,0.2625,False,False,,,both_timeout,
false_negative_suppression_js_0.15,false_negative_suppression,0.15,0.05,7,53,0.8375,0.6375,True,False,1.4500000000000002,,oracle_only,
false_negative_suppression_js_0.15,false_negative_suppression,0.15,0.05,7,54,0.7875,0.6125,True,False,1.3,,oracle_only,
false_negative_suppression_js_0.15,false_negative_suppression,0.15,0.05,7,55,0.8125,0.4875,True,False,2.75,,oracle_only,
false_negative_suppression_js_0.15,false_negative_suppression,0.15,0.05,7,56,0.7875,0.8125,True,True,1.7000000000000002,3.45,both_success,1.75
false_negative_suppression_js_0.15,false_negative_suppression,0.15,0.05,7,57,0.7875,0.6375,True,False,1.25,,oracle_only,
false_negative_suppression_js_0.15,false_negative_suppression,0.15,0.05,7,58,0.5625,0.9625,False,False,,,both_timeout,
false_negative_suppression_js_0.15,false_negative_suppression,0.15,0.05,7,59,0.8625,0.7125,True,True,1.6500000000000001,3.7,both_success,2.05
false_negative_suppression_js_0.15,false_negative_suppression,0.15,0.05,7,60,0.4125,0.7375,False,True,,2.95,error_only,
false_negative_suppression_js_0.15,false_negative_suppression,0.15,0.05,7,61,0.7625,0.7375,True,True,1.25,3.5,both_success,2.25
false_negative_suppression_js_0.15,false_negative_suppression,0.15,0.05,7,62,0.5875,0.7625,True,True,2.3000000000000003,3.1500000000000004,both_success,0.8500000000000001
false_negative_suppression_js_0.15,false_negative_suppression,0.15,0.05,7,63,0.8125,0.4875,True,False,2.75,,oracle_only,
false_negative_suppression_js_0.15,false_negative_suppression,0.15,0.05,11,0,0.6875,0.4625,True,True,2.5,0.9500000000000001,both_success,-1.5499999999999998
false_negative_suppression_js_0.15,false_negative_suppression,0.15,0.05,11,1,0.7375,0.6875,True,True,1.1500000000000001,3.5500000000000003,both_success,2.4000000000000004
false_negative_suppression_js_0.15,false_negative_suppression,0.15,0.05,11,2,0.9875,0.7125,True,True,6.800000000000001,3.85,both_success,-2.9500000000000006
false_negative_suppression_js_0.15,false_negative_suppression,0.15,0.05,11,3,0.9125,0.1125,False,False,,,both_timeout,
false_negative_suppression_js_0.15,false_negative_suppression,0.15,0.05,11,4,0.7625,0.4875,True,True,2.5500000000000003,1.1500000000000001,both_success,-1.4000000000000001
false_negative_suppression_js_0.15,false_negative_suppression,0.15,0.05,11,5,0.8125,0.8875,True,True,3.7,3.5,both_success,-0.20000000000000018
false_negative_suppression_js_0.15,false_negative_suppression,0.15,0.05,11,6,0.8875,0.2875,False,False,,,both_timeout,
false_negative_suppression_js_0.15,false_negative_suppression,0.15,0.05,11,7,0.7125,0.4625,True,True,2.45,1.0,both_success,-1.4500000000000002
false_negative_suppression_js_0.15,false_negative_suppression,0.15,0.05,11,8,0.7625,0.9125,True,True,3.8000000000000003,3.5500000000000003,both_success,-0.25
false_negative_suppression_js_0.15,false_negative_suppression,0.15,0.05,11,9,0.6625,0.7375,True,True,1.3,3.1500000000000004,both_success,1.8500000000000003
false_negative_suppression_js_0.15,false_negative_suppression,0.15,0.05,11,10,0.7125,0.6375,True,True,1.1,1.8,both_success,0.7
false_negative_suppression_js_0.15,false_negative_suppression,0.15,0.05,11,11,0.7875,0.6875,True,True,1.2000000000000002,3.6500000000000004,both_success,2.45
false_negative_suppression_js_0.15,false_negative_suppression,0.15,0.05,11,12,0.9125,0.7375,True,True,4.1000000000000005,3.7,both_success,-0.40000000000000036
false_negative_suppression_js_0.15,false_negative_suppression,0.15,0.05,11,13,0.8125,0.5875,True,False,1.4000000000000001,,oracle_only,
false_negative_suppression_js_0.15,false_negative_suppression,0.15,0.05,11,14,0.9875,0.4625,False,False,,,both_timeout,
false_negative_suppression_js_0.15,false_negative_suppression,0.15,0.05,11,15,0.5125,0.8125,False,True,,3.1500000000000004,error_only,
false_negative_suppression_js_0.15,false_negative_suppression,0.15,0.05,11,16,0.4125,0.7625,False,True,,3.0,error_only,
false_negative_suppression_js_0.15,false_negative_suppression,0.15,0.05,11,17,0.7875,0.6875,True,True,1.2000000000000002,3.6500000000000004,both_success,2.45
false_negative_suppression_js_0.15,false_negative_suppression,0.15,0.05,11,18,0.7875,0.8125,True,True,1.7000000000000002,3.45,both_success,1.75
false_negative_suppression_js_0.15,false_negative_suppression,0.15,0.05,11,19,0.6125,0.7125,True,True,1.25,3.1,both_success,1.85
false_negative_suppression_js_0.15,false_negative_suppression,0.15,0.05,11,20,0.6625,0.9625,True,True,5.3500000000000005,5.3500000000000005,both_success,0.0
false_negative_suppression_js_0.15,false_negative_suppression,0.15,0.05,11,21,0.8875,0.5375,False,False,,,both_timeout,
false_negative_suppression_js_0.15,false_negative_suppression,0.15,0.05,11,22,0.6625,0.7125,True,True,1.2000000000000002,3.3000000000000003,both_success,2.1
false_negative_suppression_js_0.15,false_negative_suppression,0.15,0.05,11,23,0.6375,0.6875,True,True,1.1500000000000001,1.9500000000000002,both_success,0.8
false_negative_suppression_js_0.15,false_negative_suppression,0.15,0.05,11,24,0.6125,0.6375,True,True,1.05,1.9000000000000001,both_success,0.8500000000000001
false_negative_suppression_js_0.15,false_negative_suppression,0.15,0.05,11,25,0.8625,0.7125,True,True,1.6500000000000001,3.7,both_success,2.05
false_negative_suppression_js_0.15,false_negative_suppression,0.15,0.05,11,26,0.8375,0.5625,True,False,1.5,,oracle_only,
false_negative_suppression_js_0.15,false_negative_suppression,0.15,0.05,11,27,0.6875,0.8125,True,True,2.0,3.3000000000000003,both_success,1.3000000000000003
false_negative_suppression_js_0.15,false_negative_suppression,0.15,0.05,11,28,0.8625,0.8375,True,True,3.85,3.6,both_success,-0.25
false_negative_suppression_js_0.15,false_negative_suppression,0.15,0.05,11,29,0.6875,0.4625,True,True,2.5,0.9500000000000001,both_success,-1.5499999999999998
false_negative_suppression_js_0.15,false_negative_suppression,0.15,0.05,11,30,0.9875,0.6625,False,False,,,both_timeout,
false_negative_suppression_js_0.15,false_negative_suppression,0.15,0.05,11,31,0.8375,0.5875,True,False,1.5,,oracle_only,
false_negative_suppression_js_0.15,false_negative_suppression,0.15,0.05,11,32,0.7875,0.3375,False,True,,1.5,error_only,
false_negative_suppression_js_0.15,false_negative_suppression,0.15,0.05,11,33,0.7875,0.8625,True,True,1.85,3.45,both_success,1.6
false_negative_suppression_js_0.15,false_negative_suppression,0.15,0.05,11,34,0.7125,0.6625,True,True,1.1,3.6,both_success,2.5
false_negative_suppression_js_0.15,false_negative_suppression,0.15,0.05,11,35,0.7625,0.4875,True,True,2.5500000000000003,1.1500000000000001,both_success,-1.4000000000000001
false_negative_suppression_js_0.15,false_negative_suppression,0.15,0.05,11,36,0.5375,0.7625,False,True,,3.1,error_only,
false_negative_suppression_js_0.15,false_negative_suppression,0.15,0.05,11,37,0.8625,0.5375,True,False,3.1500000000000004,,oracle_only,
false_negative_suppression_js_0.15,false_negative_suppression,0.15,0.05,11,38,0.8625,0.8625,True,True,3.85,3.6,both_success,-0.25
false_negative_suppression_js_0.15,false_negative_suppression,0.15,0.05,11,39,0.6875,0.5625,True,True,1.0,1.6500000000000001,both_success,0.6500000000000001
false_negative_suppression_js_0.15,false_negative_suppression,0.15,0.05,11,40,0.6375,0.1375,False,False,,,both_timeout,
false_negative_suppression_js_0.15,false_negative_suppression,0.15,0.05,11,41,0.8375,0.5375,True,False,3.0500000000000003,,oracle_only,
false_negative_suppression_js_0.15,false_negative_suppression,0.15,0.05,11,42,0.4875,0.6375,False,True,,2.2,error_only,
false_negative_suppression_js_0.15,false_negative_suppression,0.15,0.05,11,43,0.2375,0.6875,False,False,,,both_timeout,
false_negative_suppression_js_0.15,false_negative_suppression,0.15,0.05,11,44,0.9375,0.8625,True,True,4.1000000000000005,3.7,both_success,-0.40000000000000036
false_negative_suppression_js_0.15,false_negative_suppression,0.15,0.05,11,45,0.7375,0.7625,True,True,1.35,3.4000000000000004,both_success,2.0500000000000003
false_negative_suppression_js_0.15,false_negative_suppression,0.15,0.05,11,46,0.9625,0.6125,False,False,,,both_timeout,
false_negative_suppression_js_0.15,false_negative_suppression,0.15,0.05,11,47,0.8875,0.0625,False,False,,,both_timeout,
false_negative_suppression_js_0.15,false_negative_suppression,0.15,0.05,11,48,0.6625,0.5125,True,True,1.0,1.05,both_success,0.050000000000000044
false_negative_suppression_js_0.15,false_negative_suppression,0.15,0.05,11,49,0.7625,0.9875,True,True,5.15,5.15,both_success,0.0
false_negative_suppression_js_0.15,false_negative_suppression,0.15,0.05,11,50,0.8875,0.6625,True,True,1.75,3.8000000000000003,both_success,2.0500000000000003
false_negative_suppression_js_0.15,false_negative_suppression,0.15,0.05,11,51,0.6875,0.7625,True,True,1.9000000000000001,3.2,both_success,1.3
false_negative_suppression_js_0.15,false_negative_suppression,0.15,0.05,11,52,0.3125,0.2375,True,True,0.15000000000000002,0.15000000000000002,both_success,0.0
false_negative_suppression_js_0.15,false_negative_suppression,0.15,0.05,11,53,0.8125,0.1375,False,False,,,both_timeout,
false_negative_suppression_js_0.15,false_negative_suppression,0.15,0.05,11,54,0.6625,0.8375,True,True,2.15,3.3000000000000003,both_success,1.1500000000000004
false_negative_suppression_js_0.15,false_negative_suppression,0.15,0.05,11,55,0.8375,0.7125,True,True,1.4000000000000001,3.6500000000000004,both_success,2.25
false_negative_suppression_js_0.15,false_negative_suppression,0.15,0.05,11,56,0.7125,0.6125,True,True,1.05,1.75,both_success,0.7
false_negative_suppression_js_0.15,false_negative_suppression,0.15,0.05,11,57,0.7625,0.6125,True,False,1.1500000000000001,,oracle_only,
false_negative_suppression_js_0.15,false_negative_suppression,0.15,0.05,11,58,0.6625,0.3625,False,True,,1.1,error_only,
false_negative_suppression_js_0.15,false_negative_suppression,0.15,0.05,11,59,0.8375,0.5125,True,False,2.95,,oracle_only,
false_negative_suppression_js_0.15,false_negative_suppression,0.15,0.05,11,60,0.1875,0.1125,True,True,0.0,0.0,both_success,0.0
false_negative_suppression_js_0.15,false_negative_suppression,0.15,0.05,11,61,0.5875,0.8375,False,True,,3.25,error_only,
false_negative_suppression_js_0.15,false_negative_suppression,0.15,0.05,11,62,0.9625,0.6625,True,True,6.7,3.9000000000000004,both_success,-2.8
false_negative_suppression_js_0.15,false_negative_suppression,0.15,0.05,11,63,0.6625,0.4625,True,True,1.1500000000000001,0.9500000000000001,both_success,-0.20000000000000007
