scene_id,prior_id,family,direction,target_js_nats,gamma,plan_id,actual_js_nats,valid,status,attempt_count,exact_detection_probability,exact_weighted_mean_t_find,exact_weighted_median_t_find,uniform_detection_probability,uniform_weighted_mean_t_find,uniform_weighted_median_t_find,visible_free_fraction,oracle_probability_mass_covered,trajectory_length,prior_entropy_nats
cx0.25_cy0.25_layoutA,oracle,oracle,,0.0,0.1,cx0.25_cy0.25_layoutA__gamma_0.1__oracle,0.0,True,valid,1,0.7567266795935348,0.7812306650166592,0.35000000000000003,0.43437499999999996,2.1593525179856123,2.45,0.43437499999999996,0.7567266795935348,1.3733813648154154,6.578060915954445
cx0.25_cy0.25_layoutA,uniform_prior_baseline,uniform_prior_baseline,,,0.1,cx0.25_cy0.25_layoutA__gamma_0.1__uniform_prior_baseline,0.17761808910339535,True,valid,1,0.6468014051901195,0.6050572017818807,0.30000000000000004,0.46812499999999996,2.127903871829106,2.0500000000000003,0.46812499999999996,0.6468014051901195,1.7256191719011023,7.3777589082278725
cx0.25_cy0.25_layoutA,diffuse_blur_js_0.05,diffuse_blur,,0.05,0.1,cx0.25_cy0.25_layoutA__gamma_0.1__diffuse_blur_js_0.05,0.05000000000000002,True,valid,1,0.7539596864427898,0.7851864602544757,0.4,0.45062499999999994,2.1923023578363385,2.1,0.45062499999999994,0.7539596864427898,1.5262196819016314,6.955031128033966
cx0.25_cy0.25_layoutA,diffuse_blur_js_0.1,diffuse_blur,,0.1,0.1,cx0.25_cy0.25_layoutA__gamma_0.1__diffuse_blur_js_0.1,0.10000000000000236,True,valid,1,0.71636255919873,0.7406843743760971,0.35000000000000003,0.46812499999999996,2.1747663551401875,1.85,0.46812499999999996,0.71636255919873,1.600947941668213,7.2457070933624
cx0.25_cy0.25_layoutA,diffuse_blur_js_0.15,diffuse_blur,,0.15,0.1,cx0.25_cy0.25_layoutA__gamma_0.1__diffuse_blur_js_0.15,0.15000000000000005,True,valid,1,0.6628460689197896,0.6491867805005712,0.30000000000000004,0.474375,2.1566534914361006,2.0,0.474375,0.6628460689197896,1.6833410012822754,7.363477068235514
cx0.25_cy0.25_layoutA,spatial_shift_x_js_0.05,spatial_shift,x,0.05,0.1,cx0.25_cy0.25_layoutA__gamma_0.1__spatial_shift_x_js_0.05,0.04999999999999998,True,valid,1,0.6856041886729736,0.6622023702358145,0.30000000000000004,0.39,2.1373397435897434,2.5500000000000003,0.39,0.6856041886729736,1.4856985739764113,6.608903741747892
cx0.25_cy0.25_layoutA,spatial_shift_x_js_0.1,spatial_shift,x,0.1,0.1,cx0.25_cy0.25_layoutA__gamma_0.1__spatial_shift_x_js_0.1,0.10000000000000005,True,valid,1,0.6440840759069937,0.5746961042261443,0.30000000000000004,0.39125,2.142492012779553,2.5500000000000003,0.39125,0.6440840759069937,1.4356121799476926,6.612099394116952
cx0.25_cy0.25_layoutA,spatial_shift_x_js_0.15,spatial_shift,x,0.15,0.1,cx0.25_cy0.25_layoutA__gamma_0.1__spatial_shift_x_js_0.15,0.14999999999999022,True,valid,1,0.6265750655630146,0.5627044572823806,0.30000000000000004,0.391875,2.156459330143541,2.6500000000000004,0.391875,0.6265750655630146,1.4930996738223794,6.612970172603993
cx0.25_cy0.25_layoutA,false_hotspot_x_js_0.05,false_hotspot,x,0.05,0.1,cx0.25_cy0.25_layoutA__gamma_0.1__false_hotspot_x_js_0.05,0.05,True,valid,1,0.7846148127235011,0.7880521502520814,0.4,0.4899999999999999,2.183163265306123,2.35,0.4899999999999999,0.7846148127235011,1.5622109908050807,6.822138897951181
cx0.25_cy0.25_layoutA,false_hotspot_x_js_0.1,false_hotspot,x,0.1,0.1,cx0.25_cy0.25_layoutA__gamma_0.1__false_hotspot_x_js_0.1,0.09999999999993846,True,valid,1,0.690417621919339,0.6396133108498748,0.30000000000000004,0.47937499999999994,2.0994784876140815,1.9000000000000001,0.47937499999999994,0.690417621919339,1.6209518434289425,6.825413626144936
cx0.25_cy0.25_layoutA,false_hotspot_x_js_0.15,false_hotspot,x,0.15,0.1,cx0.25_cy0.25_layoutA__gamma_0.1__false_hotspot_x_js_0.15,0.1500000000000895,True,valid,1,0.6565795233295911,0.5753078312923922,0.30000000000000004,0.46562499999999996,2.019597315436242,1.6,0.46562499999999996,0.6565795233295911,1.671181555644819,6.771836941520856
cx0.25_cy0.25_layoutA,false_negative_suppression_x_js_0.05,false_negative_suppression,x,0.05,0.1,cx0.25_cy0.25_layoutA__gamma_0.1__false_negative_suppression_x_js_0.05,0.04999999999999999,True,valid,1,0.7060887610345781,0.6579870752905552,0.4,0.46687499999999993,1.9268406961178048,2.1,0.46687499999999993,0.7060887610345781,1.3284746936919023,6.9552199536161226
cx0.25_cy0.25_layoutA,false_negative_suppression_x_js_0.1,false_negative_suppression,x,0.1,0.1,cx0.25_cy0.25_layoutA__gamma_0.1__false_negative_suppression_x_js_0.1,0.1,True,valid,1,0.6806404852340177,0.5946732147593354,0.4,0.46749999999999997,1.8057486631016046,1.9500000000000002,0.46749999999999997,0.6806404852340177,1.3365061927221649,6.987929212448616
cx0.25_cy0.25_layoutA,false_negative_suppression_x_js_0.15,false_negative_suppression,x,0.15,0.1,cx0.25_cy0.25_layoutA__gamma_0.1__false_negative_suppression_x_js_0.15,0.15000000000000027,True,valid,1,0.6495519709092877,0.5367213458082313,0.35000000000000003,0.45499999999999996,1.7004807692307693,1.75,0.45499999999999996,0.6495519709092877,1.3315573416522302,6.961200685078866
cx0.25_cy0.25_layoutA,spatial_shift_y_js_0.05,spatial_shift,y,0.05,0.1,cx0.25_cy0.25_layoutA__gamma_0.1__spatial_shift_y_js_0.05,0.049999999999999975,True,valid,1,0.7450011504624489,0.7352509540237132,0.35000000000000003,0.47,2.023404255319149,2.0500000000000003,0.47,0.7450011504624489,1.3762336627984668,6.608903741747892
cx0.25_cy0.25_layoutA,spatial_shift_y_js_0.1,spatial_shift,y,0.1,0.1,cx0.25_cy0.25_layoutA__gamma_0.1__spatial_shift_y_js_0.1,0.1,True,valid,1,0.7315954672407863,0.7263079483405439,0.35000000000000003,0.48124999999999996,1.9859740259740262,1.9500000000000002,0.48124999999999996,0.7315954672407863,1.433613036990782,6.612099394116953
cx0.25_cy0.25_layoutA,spatial_shift_y_js_0.15,spatial_shift,y,0.15,0.1,cx0.25_cy0.25_layoutA__gamma_0.1__spatial_shift_y_js_0.15,0.1499999999999902,True,valid,1,0.7061675971157643,0.6903336175308757,0.35000000000000003,0.4843749999999999,1.976064516129033,1.6,0.4843749999999999,0.7061675971157643,1.4980843698437907,6.612970172603992
cx0.25_cy0.25_layoutA,false_hotspot_y_js_0.05,false_hotspot,y,0.05,0.1,cx0.25_cy0.25_layoutA__gamma_0.1__false_hotspot_y_js_0.05,0.05000000000000001,True,valid,1,0.7008169926001393,0.668744359814482,0.35000000000000003,0.47937499999999994,2.142959582790092,2.35,0.47937499999999994,0.7008169926001393,1.5622108865063853,6.82213889795118
cx0.25_cy0.25_layoutA,false_hotspot_y_js_0.1,false_hotspot,y,0.1,0.1,cx0.25_cy0.25_layoutA__gamma_0.1__false_hotspot_y_js_0.1,0.09999999999993847,True,valid,1,0.6601516039482669,0.5860555438001219,0.30000000000000004,0.4893749999999999,2.021583652618136,1.5,0.4893749999999999,0.6601516039482669,1.6209518840916108,6.825413626144936
cx0.25_cy0.25_layoutA,false_hotspot_y_js_0.15,false_hotspot,y,0.15,0.1,cx0.25_cy0.25_layoutA__gamma_0.1__false_hotspot_y_js_0.15,0.1500000000000895,True,valid,1,0.642559782323269,0.5464771415839149,0.30000000000000004,0.4943749999999999,1.9264854614412144,1.3,0.4943749999999999,0.642559782323269,1.6709148542327927,6.771836941520855
cx0.25_cy0.25_layoutA,false_negative_suppression_y_js_0.05,false_negative_suppression,y,0.05,0.1,cx0.25_cy0.25_layoutA__gamma_0.1__false_negative_suppression_y_js_0.05,0.04999999999999996,True,valid,1,0.7254594815556851,0.7241060520933749,0.35000000000000003,0.44437499999999996,1.9817158931082988,2.15,0.44437499999999996,0.7254594815556851,1.3188751472190714,6.955219953616121
cx0.25_cy0.25_layoutA,false_negative_suppression_y_js_0.1,false_negative_suppression,y,0.1,0.1,cx0.25_cy0.25_layoutA__gamma_0.1__false_negative_suppression_y_js_0.1,0.10000000000000003,True,valid,1,0.6582320532043433,0.5959856220690211,0.30000000000000004,0.39125,1.927555910543131,2.0500000000000003,0.39125,0.6582320532043433,1.33650592297954,6.987929212448617
cx0.25_cy0.25_layoutA,false_negative_suppression_y_js_0.15,false_negative_suppression,y,0.15,0.1,cx0.25_cy0.25_layoutA__gamma_0.1__false_negative_suppression_y_js_0.15,0.15000000000000024,True,valid,1,0.6355458831038531,0.5886133586202349,0.30000000000000004,0.389375,1.8099518459069022,1.85,0.389375,0.6355458831038531,1.3315575728547857,6.9612006850788655
cx0.25_cy0.25_layoutA,oracle,oracle,,0.0,0.05,cx0.25_cy0.25_layoutA__gamma_0.05__oracle,0.0,True,valid,1,0.7993108888009939,0.9937636401833861,0.4,0.47124999999999995,2.41763925729443,3.0,0.47124999999999995,0.7993108888009939,1.8332277917268132,6.578060915954445
cx0.25_cy0.25_layoutA,uniform_prior_baseline,uniform_prior_baseline,,,0.05,cx0.25_cy0.25_layoutA__gamma_0.05__uniform_prior_baseline,0.17761808910339535,True,valid,1,0.682256069909928,0.7338614869366714,0.35000000000000003,0.5174999999999998,2.2781400966183583,2.5,0.5174999999999998,0.682256069909928,2.1475202495562047,7.3777589082278725
cx0.25_cy0.25_layoutA,diffuse_blur_js_0.05,diffuse_blur,,0.05,0.05,cx0.25_cy0.25_layoutA__gamma_0.05__diffuse_blur_js_0.05,0.05000000000000002,True,valid,1,0.8292189163546221,0.9839611788158352,0.5,0.45999999999999996,2.3655570652173914,1.9500000000000002,0.45999999999999996,0.8292189163546221,1.997877158991752,6.955031128033966
cx0.25_cy0.25_layoutA,diffuse_blur_js_0.1,diffuse_blur,,0.1,0.05,cx0.25_cy0.25_layoutA__gamma_0.05__diffuse_blur_js_0.1,0.10000000000000236,True,valid,1,0.8089837851995304,0.9868873480073261,0.4,0.50125,2.383042394014963,2.2,0.50125,0.8089837851995304,2.0284887805525273,7.2457070933624
cx0.25_cy0.25_layoutA,diffuse_blur_js_0.15,diffuse_blur,,0.15,0.05,cx0.25_cy0.25_layoutA__gamma_0.05__diffuse_blur_js_0.15,0.15000000000000005,True,valid,1,0.7192750219949567,0.8193009196550877,0.35000000000000003,0.518125,2.3425814234016897,2.5,0.518125,0.7192750219949567,2.09855035833205,7.363477068235514
cx0.25_cy0.25_layoutA,spatial_shift_x_js_0.05,spatial_shift,x,0.05,0.05,cx0.25_cy0.25_layoutA__gamma_0.05__spatial_shift_x_js_0.05,0.04999999999999998,True,valid,1,0.7348720934230054,0.7994189365758195,0.35000000000000003,0.4124999999999999,2.309469696969698,2.4000000000000004,0.4124999999999999,0.7348720934230054,1.8732411708307193,6.608903741747892
cx0.25_cy0.25_layoutA,spatial_shift_x_js_0.1,spatial_shift,x,0.1,0.05,cx0.25_cy0.25_layoutA__gamma_0.05__spatial_shift_x_js_0.1,0.10000000000000005,True,valid,1,0.6732195132019145,0.648381358305299,0.30000000000000004,0.4099999999999999,2.2513719512195127,1.6500000000000001,0.4099999999999999,0.6732195132019145,1.8906670702899624,6.612099394116952
cx0.25_cy0.25_layoutA,spatial_shift_x_js_0.15,spatial_shift,x,0.15,0.05,cx0.25_cy0.25_layoutA__gamma_0.05__spatial_shift_x_js_0.15,0.14999999999999022,True,valid,1,0.6800287324384858,0.6728100604855675,0.35000000000000003,0.45499999999999996,2.2973901098901104,1.9500000000000002,0.45499999999999996,0.6800287324384858,1.9140471666052374,6.612970172603993
cx0.25_cy0.25_layoutA,false_hotspot_x_js_0.05,false_hotspot,x,0.05,0.05,cx0.25_cy0.25_layoutA__gamma_0.05__false_hotspot_x_js_0.05,0.05,True,valid,1,0.7631753706033264,0.8387770049421249,0.4,0.525625,2.490546967895363,2.95,0.525625,0.7631753706033264,1.929683796393282,6.822138897951181
cx0.25_cy0.25_layoutA,false_hotspot_x_js_0.1,false_hotspot,x,0.1,0.05,cx0.25_cy0.25_layoutA__gamma_0.05__false_hotspot_x_js_0.1,0.09999999999993846,True,valid,1,0.7588196112903871,0.8087300394704908,0.35000000000000003,0.526875,2.4825622775800715,2.8000000000000003,0.526875,0.7588196112903871,1.921122324889056,6.825413626144936
cx0.25_cy0.25_layoutA,false_hotspot_x_js_0.15,false_hotspot,x,0.15,0.05,cx0.25_cy0.25_layoutA__gamma_0.05__false_hotspot_x_js_0.15,0.1500000000000895,True,valid,1,0.6952915119539759,0.6721302419250345,0.35000000000000003,0.5006249999999999,2.29119850187266,1.9500000000000002,0.5006249999999999,0.6952915119539759,2.132647577807503,6.771836941520856
cx0.25_cy0.25_layoutA,false_negative_suppression_x_js_0.05,false_negative_suppression,x,0.05,0.05,cx0.25_cy0.25_layoutA__gamma_0.05__false_negative_suppression_x_js_0.05,0.04999999999999999,True,valid,1,0.7621617491305661,0.8020511864521144,0.5,0.44062499999999993,2.2356028368794334,2.25,0.44062499999999993,0.7621617491305661,1.7035226802859165,6.9552199536161226
cx0.25_cy0.25_layoutA,false_negative_suppression_x_js_0.1,false_negative_suppression,x,0.1,0.05,cx0.25_cy0.25_layoutA__gamma_0.05__false_negative_suppression_x_js_0.1,0.1,True,valid,1,0.7477108152698159,0.7921163863210752,0.5,0.45562499999999995,2.244444444444445,1.6500000000000001,0.45562499999999995,0.7477108152698159,1.8245559512195777,6.987929212448616
cx0.25_cy0.25_layoutA,false_negative_suppression_x_js_0.15,false_negative_suppression,x,0.15,0.05,cx0.25_cy0.25_layoutA__gamma_0.05__false_negative_suppression_x_js_0.15,0.15000000000000027,True,valid,1,0.6652811022981749,0.9176155854814545,0.30000000000000004,0.5193749999999999,2.395728038507823,2.75,0.5193749999999999,0.6652811022981749,1.920074469116845,6.961200685078866
cx0.25_cy0.25_layoutA,spatial_shift_y_js_0.05,spatial_shift,y,0.05,0.05,cx0.25_cy0.25_layoutA__gamma_0.05__spatial_shift_y_js_0.05,0.049999999999999975,True,valid,1,0.7841958131466281,0.8269279608269555,0.4,0.46374999999999994,2.2326145552560654,1.7000000000000002,0.46374999999999994,0.7841958131466281,1.7819186334992572,6.608903741747892
cx0.25_cy0.25_layoutA,spatial_shift_y_js_0.1,spatial_shift,y,0.1,0.05,cx0.25_cy0.25_layoutA__gamma_0.05__spatial_shift_y_js_0.1,0.1,True,valid,1,0.7542516098565188,0.7840814774951036,0.35000000000000003,0.475,2.183618421052632,1.6,0.475,0.7542516098565188,1.7903515898027365,6.612099394116953
cx0.25_cy0.25_layoutA,spatial_shift_y_js_0.15,spatial_shift,y,0.15,0.05,cx0.25_cy0.25_layoutA__gamma_0.05__spatial_shift_y_js_0.15,0.1499999999999902,True,valid,1,0.7065422813053653,0.7120178373470851,0.35000000000000003,0.47,2.188896276595745,1.5,0.47,0.7065422813053653,1.786714355695818,6.612970172603992
cx0.25_cy0.25_layoutA,false_hotspot_y_js_0.05,false_hotspot,y,0.05,0.05,cx0.25_cy0.25_layoutA__gamma_0.05__false_hotspot_y_js_0.05,0.05000000000000001,True,valid,1,0.8146721760289314,0.9055491951865252,0.45,0.525625,2.444589774078478,2.85,0.525625,0.8146721760289314,1.9294789463406332,6.82213889795118
cx0.25_cy0.25_layoutA,false_hotspot_y_js_0.1,false_hotspot,y,0.1,0.05,cx0.25_cy0.25_layoutA__gamma_0.05__false_hotspot_y_js_0.1,0.09999999999993847,True,valid,1,0.7390053457444119,0.7727708940021957,0.35000000000000003,0.5187499999999998,2.413674698795182,2.7,0.5187499999999998,0.7390053457444119,1.9211026569257585,6.825413626144936
cx0.25_cy0.25_layoutA,false_hotspot_y_js_0.15,false_hotspot,y,0.15,0.05,cx0.25_cy0.25_layoutA__gamma_0.05__false_hotspot_y_js_0.15,0.1500000000000895,True,valid,1,0.6781592576730646,0.6613380983792456,0.30000000000000004,0.49874999999999986,2.30482456140351,2.0500000000000003,0.49874999999999986,0.6781592576730646,2.0245492624395376,6.771836941520855
cx0.25_cy0.25_layoutA,false_negative_suppression_y_js_0.05,false_negative_suppression,y,0.05,0.05,cx0.25_cy0.25_layoutA__gamma_0.05__false_negative_suppression_y_js_0.05,0.04999999999999996,True,valid,1,0.8019163836298292,0.9645045274323139,0.4,0.4943749999999999,2.3610619469026557,2.75,0.4943749999999999,0.8019163836298292,1.7035198180640867,6.955219953616121
cx0.25_cy0.25_layoutA,false_negative_suppression_y_js_0.1,false_negative_suppression,y,0.1,0.05,cx0.25_cy0.25_layoutA__gamma_0.05__false_negative_suppression_y_js_0.1,0.10000000000000003,True,valid,1,0.8524390512941983,1.1429370325878947,1.1,0.4881249999999999,2.3730473751600516,2.5500000000000003,0.4881249999999999,0.8524390512941983,1.8288801638342727,6.987929212448617
cx0.25_cy0.25_layoutA,false_negative_suppression_y_js_0.15,false_negative_suppression,y,0.15,0.05,cx0.25_cy0.25_layoutA__gamma_0.05__false_negative_suppression_y_js_0.15,0.15000000000000024,True,valid,1,0.8424391102045301,1.2263759599929935,1.1,0.4893749999999999,2.487547892720307,2.75,0.4893749999999999,0.8424391102045301,1.876155847161619,6.9612006850788655
cx0.25_cy0.25_layoutB,oracle,oracle,,0.0,0.1,cx0.25_cy0.25_layoutB__gamma_0.1__oracle,0.0,True,valid,1,0.8197812677402532,0.86634315944739,0.4,0.46475195822454296,2.189185393258428,2.45,0.46475195822454296,0.8197812677402532,1.4768598836421891,6.526106681399354
cx0.25_cy0.25_layoutB,uniform_prior_baseline,uniform_prior_baseline,,,0.1,cx0.25_cy0.25_layoutB__gamma_0.1__uniform_prior_baseline,0.18077981645461028,True,valid,1,0.6341570180038096,0.5718305816158171,0.25,0.45169712793733674,2.172254335260116,2.2,0.45169712793733674,0.6341570180038096,1.8224542782905755,7.334329350300537
cx0.25_cy0.25_layoutB,diffuse_blur_js_0.05,diffuse_blur,,0.05,0.1,cx0.25_cy0.25_layoutB__gamma_0.1__diffuse_blur_js_0.05,0.05,True,valid,1,0.80837131199717,0.8876191299956687,0.4,0.4921671018276762,2.2326259946949607,2.5,0.4921671018276762,0.80837131199717,1.5793656503174596,6.90964769732584
cx0.25_cy0.25_layoutB,diffuse_blur_js_0.1,diffuse_blur,,0.1,0.1,cx0.25_cy0.25_layoutB__gamma_0.1__diffuse_blur_js_0.1,0.09999999999999981,True,valid,1,0.7568771318845858,0.7645498466136954,0.35000000000000003,0.5117493472584855,2.1765306122448984,2.25,0.5117493472584855,0.7568771318845858,1.6405922965475688,7.199791948064257
cx0.25_cy0.25_layoutB,diffuse_blur_js_0.15,diffuse_blur,,0.15,0.1,cx0.25_cy0.25_layoutB__gamma_0.1__diffuse_blur_js_0.15,0.1499999999999997,True,valid,1,0.6492784147781092,0.6165837691151631,0.30000000000000004,0.46279373368146204,2.208251057827927,2.2,0.46279373368146204,0.6492784147781092,1.897549510116782,7.317556430661544
cx0.25_cy0.25_layoutB,spatial_shift_x_js_0.05,spatial_shift,x,0.05,0.1,cx0.25_cy0.25_layoutB__gamma_0.1__spatial_shift_x_js_0.05,0.05000000000000009,True,valid,1,0.736111373083222,0.6955268046874727,0.35000000000000003,0.4099216710182767,2.1913216560509556,2.5500000000000003,0.4099216710182767,0.736111373083222,1.4430155378504084,6.5391790109536245
cx0.25_cy0.25_layoutB,spatial_shift_x_js_0.1,spatial_shift,x,0.1,0.1,cx0.25_cy0.25_layoutB__gamma_0.1__spatial_shift_x_js_0.1,0.10000000000009318,True,valid,1,0.6626248094909015,0.6062476139722891,0.30000000000000004,0.3864229765013054,2.212077702702703,2.6,0.3864229765013054,0.6626248094909015,1.4695268064911284,6.537632339171867
cx0.25_cy0.25_layoutB,spatial_shift_x_js_0.15,spatial_shift,x,0.15,0.1,cx0.25_cy0.25_layoutB__gamma_0.1__spatial_shift_x_js_0.15,0.14999999999999997,True,valid,1,0.6488008036719971,0.586642368792845,0.30000000000000004,0.39229765013054824,2.1983361064891853,2.6,0.39229765013054824,0.6488008036719971,1.515840632136955,6.536697052693569
cx0.25_cy0.25_layoutB,false_hotspot_x_js_0.05,false_hotspot,x,0.05,0.1,cx0.25_cy0.25_layoutB__gamma_0.1__false_hotspot_x_js_0.05,0.050000000000000024,True,valid,1,0.7986307018262322,0.7794015198852088,0.4,0.49151436031331586,2.171713147410359,2.2,0.49151436031331586,0.7986307018262322,1.5760098814039822,6.775754850768546
cx0.25_cy0.25_layoutB,false_hotspot_x_js_0.1,false_hotspot,x,0.1,0.1,cx0.25_cy0.25_layoutB__gamma_0.1__false_hotspot_x_js_0.1,0.1,True,valid,1,0.6942266092195845,0.6247673831856895,0.30000000000000004,0.47193211488250647,2.118879668049793,1.9000000000000001,0.47193211488250647,0.6942266092195845,1.6271657374981927,6.7823702920683315
cx0.25_cy0.25_layoutB,false_hotspot_x_js_0.15,false_hotspot,x,0.15,0.1,cx0.25_cy0.25_layoutB__gamma_0.1__false_hotspot_x_js_0.15,0.15000000000008148,True,valid,1,0.6508690748148505,0.5622447363059232,0.30000000000000004,0.4523498694516971,2.0822510822510827,1.7000000000000002,0.4523498694516971,0.6508690748148505,1.669829405680894,6.731527523045912
cx0.25_cy0.25_layoutB,false_negative_suppression_x_js_0.05,false_negative_suppression,x,0.05,0.1,cx0.25_cy0.25_layoutB__gamma_0.1__false_negative_suppression_x_js_0.05,0.04999999999999997,True,valid,1,0.7405923297370689,0.7082957131811008,0.35000000000000003,0.42624020887728453,1.999081163859112,2.15,0.42624020887728453,0.7405923297370689,1.3947638055846392,6.904031800904293
cx0.25_cy0.25_layoutB,false_negative_suppression_x_js_0.1,false_negative_suppression,x,0.1,0.1,cx0.25_cy0.25_layoutB__gamma_0.1__false_negative_suppression_x_js_0.1,0.10000000000000032,True,valid,1,0.7226027859647358,0.6688738506697409,0.35000000000000003,0.4249347258485639,1.9341781874039943,1.9500000000000002,0.4249347258485639,0.7226027859647358,1.4126891300223192,6.9375034558290585
cx0.25_cy0.25_layoutB,false_negative_suppression_x_js_0.15,false_negative_suppression,x,0.15,0.1,cx0.25_cy0.25_layoutB__gamma_0.1__false_negative_suppression_x_js_0.15,0.1499999999999979,True,valid,1,0.7182474701150959,0.6713556413799057,0.35000000000000003,0.43276762402088764,1.912141779788839,1.9000000000000001,0.43276762402088764,0.7182474701150959,1.4260806621509032,6.911355894488771
cx0.25_cy0.25_layoutB,spatial_shift_y_js_0.05,spatial_shift,y,0.05,0.1,cx0.25_cy0.25_layoutB__gamma_0.1__spatial_shift_y_js_0.05,0.050000000000000086,True,valid,1,0.8451658128347181,1.102225319645891,0.45,0.6468668407310704,3.0561553985872862,3.25,0.6468668407310704,0.8451658128347181,2.1960071139850985,6.539179010953624
cx0.25_cy0.25_layoutB,spatial_shift_y_js_0.1,spatial_shift,y,0.1,0.1,cx0.25_cy0.25_layoutB__gamma_0.1__spatial_shift_y_js_0.1,0.10000000000009318,True,valid,1,0.7689044803243181,0.9970978848141464,0.35000000000000003,0.4229765013054829,2.609413580246914,2.95,0.4229765013054829,0.7689044803243181,2.420081443608697,6.537632339171866
cx0.25_cy0.25_layoutB,spatial_shift_y_js_0.15,spatial_shift,y,0.15,0.1,cx0.25_cy0.25_layoutB__gamma_0.1__spatial_shift_y_js_0.15,0.14999999999999997,True,valid,1,0.7312278697099093,0.9217085554654243,0.35000000000000003,0.41710182767624016,2.604460093896714,2.85,0.41710182767624016,0.7312278697099093,2.420586361583342,6.536697052693569
cx0.25_cy0.25_layoutB,false_hotspot_y_js_0.05,false_hotspot,y,0.05,0.1,cx0.25_cy0.25_layoutB__gamma_0.1__false_hotspot_y_js_0.05,0.05,True,valid,1,0.7669828165317455,0.8758730905718211,0.4,0.46475195822454296,3.074438202247192,3.9000000000000004,0.46475195822454296,0.7669828165317455,2.4253578791354986,6.775754850768546
cx0.25_cy0.25_layoutB,false_hotspot_y_js_0.1,false_hotspot,y,0.1,0.1,cx0.25_cy0.25_layoutB__gamma_0.1__false_hotspot_y_js_0.1,0.10000000000000002,True,valid,1,0.7235080222855989,0.7752770776861845,0.35000000000000003,0.49477806788511747,2.593073878627968,2.6500000000000004,0.49477806788511747,0.7235080222855989,2.602285390710421,6.782370292068332
cx0.25_cy0.25_layoutB,false_hotspot_y_js_0.15,false_hotspot,y,0.15,0.1,cx0.25_cy0.25_layoutB__gamma_0.1__false_hotspot_y_js_0.15,0.1500000000000815,True,valid,1,0.7054404950967103,0.7505419022032812,0.35000000000000003,0.5097911227154046,2.6566581306017936,2.6500000000000004,0.5097911227154046,0.7054404950967103,2.596613963872296,6.731527523045912
cx0.25_cy0.25_layoutB,false_negative_suppression_y_js_0.05,false_negative_suppression,y,0.05,0.1,cx0.25_cy0.25_layoutB__gamma_0.1__false_negative_suppression_y_js_0.05,0.04999999999999996,True,valid,1,0.6967344865473054,0.6209887328181631,0.30000000000000004,0.37075718015665793,2.0973591549295776,2.4000000000000004,0.37075718015665793,0.6967344865473054,1.3566435404030974,6.904031800904292
cx0.25_cy0.25_layoutB,false_negative_suppression_y_js_0.1,false_negative_suppression,y,0.1,0.1,cx0.25_cy0.25_layoutB__gamma_0.1__false_negative_suppression_y_js_0.1,0.10000000000000026,True,valid,1,0.6512278469600887,0.5542744050105788,0.30000000000000004,0.3550913838120104,2.00358455882353,2.2,0.3550913838120104,0.6512278469600887,1.3507025740550096,6.937503455829059
cx0.25_cy0.25_layoutB,false_negative_suppression_y_js_0.15,false_negative_suppression,y,0.15,0.1,cx0.25_cy0.25_layoutB__gamma_0.1__false_negative_suppression_y_js_0.15,0.14999999999999789,True,valid,1,0.6224895806493471,0.5378513465017509,0.25,0.3544386422976501,1.9034990791896873,2.0500000000000003,0.3544386422976501,0.6224895806493471,1.3419879623316948,6.9113558944887705
cx0.25_cy0.25_layoutB,oracle,oracle,,0.0,0.05,cx0.25_cy0.25_layoutB__gamma_0.05__oracle,0.0,True,valid,1,0.8047703073141987,0.9604892187495722,0.4,0.5332898172323759,2.499877600979193,3.1,0.5332898172323759,0.8047703073141987,1.7725289317458461,6.526106681399354
cx0.25_cy0.25_layoutB,uniform_prior_baseline,uniform_prior_baseline,,,0.05,cx0.25_cy0.25_layoutB__gamma_0.05__uniform_prior_baseline,0.18077981645461028,True,valid,1,0.675088945508727,0.6819864656005129,0.30000000000000004,0.4986945169712793,2.228795811518325,2.4000000000000004,0.4986945169712793,0.675088945508727,2.233883445142559,7.334329350300537
cx0.25_cy0.25_layoutB,diffuse_blur_js_0.05,diffuse_blur,,0.05,0.05,cx0.25_cy0.25_layoutB__gamma_0.05__diffuse_blur_js_0.05,0.05,True,valid,1,0.832587150020677,1.0962553666413744,0.5,0.5587467362924281,3.2830607476635523,2.9000000000000004,0.5587467362924281,0.832587150020677,2.86091030409318,6.90964769732584
cx0.25_cy0.25_layoutB,diffuse_blur_js_0.1,diffuse_blur,,0.1,0.05,cx0.25_cy0.25_layoutB__gamma_0.05__diffuse_blur_js_0.1,0.09999999999999981,True,valid,1,0.7274786227119567,0.7926675137477004,0.35000000000000003,0.56266318537859,2.4174013921113695,2.85,0.56266318537859,0.7274786227119567,2.069481769712166,7.199791948064257
cx0.25_cy0.25_layoutB,diffuse_blur_js_0.15,diffuse_blur,,0.15,0.05,cx0.25_cy0.25_layoutB__gamma_0.05__diffuse_blur_js_0.15,0.1499999999999997,True,valid,1,0.7071210509246855,0.7970780667831828,0.35000000000000003,0.5091383812010444,2.2444871794871792,2.35,0.5091383812010444,0.7071210509246855,2.3128250030494217,7.317556430661544
cx0.25_cy0.25_layoutB,spatial_shift_x_js_0.05,spatial_shift,x,0.05,0.05,cx0.25_cy0.25_layoutB__gamma_0.05__spatial_shift_x_js_0.05,0.05000000000000009,True,valid,1,0.7689989831846114,0.8566756340366052,0.35000000000000003,0.5110966057441253,2.499425287356322,3.1,0.5110966057441253,0.7689989831846114,1.7855605490291813,6.5391790109536245
cx0.25_cy0.25_layoutB,spatial_shift_x_js_0.1,spatial_shift,x,0.1,0.05,cx0.25_cy0.25_layoutB__gamma_0.05__spatial_shift_x_js_0.1,0.10000000000009318,True,valid,1,0.6918384781682176,0.7524583333071229,0.30000000000000004,0.4856396866840731,2.567876344086022,3.1500000000000004,0.4856396866840731,0.6918384781682176,1.7846508417507136,6.537632339171867
cx0.25_cy0.25_layoutB,spatial_shift_x_js_0.15,spatial_shift,x,0.15,0.05,cx0.25_cy0.25_layoutB__gamma_0.05__spatial_shift_x_js_0.15,0.14999999999999997,True,valid,1,0.6574473414548048,0.6993713220481285,0.30000000000000004,0.4732375979112271,2.6205517241379317,3.25,0.4732375979112271,0.6574473414548048,1.7927122302597918,6.536697052693569
cx0.25_cy0.25_layoutB,false_hotspot_x_js_0.05,false_hotspot,x,0.05,0.05,cx0.25_cy0.25_layoutB__gamma_0.05__false_hotspot_x_js_0.05,0.050000000000000024,True,valid,1,0.7792355171498462,0.8338434698864904,0.4,0.5456919060052219,2.4983851674641153,3.0,0.5456919060052219,0.7792355171498462,1.9299582759780078,6.775754850768546
cx0.25_cy0.25_layoutB,false_hotspot_x_js_0.1,false_hotspot,x,0.1,0.05,cx0.25_cy0.25_layoutB__gamma_0.05__false_hotspot_x_js_0.1,0.1,True,valid,1,0.7890955861117744,0.819581636631779,0.4,0.5541775456919059,2.483156654888104,2.8000000000000003,0.5541775456919059,0.7890955861117744,1.9230301427224454,6.7823702920683315
cx0.25_cy0.25_layoutB,false_hotspot_x_js_0.15,false_hotspot,x,0.15,0.05,cx0.25_cy0.25_layoutB__gamma_0.05__false_hotspot_x_js_0.15,0.15000000000008148,True,valid,1,0.7303735382462663,0.7318334334202201,0.35000000000000003,0.5228459530026109,2.4149188514357056,2.15,0.5228459530026109,0.7303735382462663,2.0296219856854942,6.731527523045912
cx0.25_cy0.25_layoutB,false_negative_suppression_x_js_0.05,false_negative_suppression,x,0.05,0.05,cx0.25_cy0.25_layoutB__gamma_0.05__false_negative_suppression_x_js_0.05,0.04999999999999997,True,valid,1,0.7722912402185377,0.9698195854300268,0.4,0.5332898172323759,2.345287637698899,2.7,0.5332898172323759,0.7722912402185377,1.7643484390205846,6.904031800904293
cx0.25_cy0.25_layoutB,false_negative_suppression_x_js_0.1,false_negative_suppression,x,0.1,0.05,cx0.25_cy0.25_layoutB__gamma_0.05__false_negative_suppression_x_js_0.1,0.10000000000000032,True,valid,1,0.7168760677990325,0.9288006982016388,0.35000000000000003,0.5411227154046997,2.3763570566948133,2.75,0.5411227154046997,0.7168760677990325,1.8539869303082632,6.9375034558290585
cx0.25_cy0.25_layoutB,false_negative_suppression_x_js_0.15,false_negative_suppression,x,0.15,0.05,cx0.25_cy0.25_layoutB__gamma_0.05__false_negative_suppression_x_js_0.15,0.1499999999999979,True,valid,1,0.7979981959349799,0.93247094825335,0.4,0.6096605744125325,2.3046038543897223,2.6500000000000004,0.6096605744125325,0.7979981959349799,2.013744790676463,6.911355894488771
cx0.25_cy0.25_layoutB,spatial_shift_y_js_0.05,spatial_shift,y,0.05,0.05,cx0.25_cy0.25_layoutB__gamma_0.05__spatial_shift_y_js_0.05,0.050000000000000086,True,valid,1,0.9188266517465359,1.1568055460307871,0.5,0.681462140992167,3.2005268199233727,2.9000000000000004,0.681462140992167,0.9188266517465359,2.876903421269993,6.539179010953624
cx0.25_cy0.25_layoutB,spatial_shift_y_js_0.1,spatial_shift,y,0.1,0.05,cx0.25_cy0.25_layoutB__gamma_0.05__spatial_shift_y_js_0.1,0.10000000000009318,True,valid,1,0.8575027571277005,1.1654998701869879,0.45,0.6853785900783289,3.1721904761904773,3.0500000000000003,0.6853785900783289,0.8575027571277005,2.917824580708106,6.537632339171866
cx0.25_cy0.25_layoutB,spatial_shift_y_js_0.15,spatial_shift,y,0.15,0.05,cx0.25_cy0.25_layoutB__gamma_0.05__spatial_shift_y_js_0.15,0.14999999999999997,True,valid,1,0.8812422916020244,1.1319186373650358,0.45,0.6827676240208876,3.0318833652007653,2.8000000000000003,0.6827676240208876,0.8812422916020244,2.861145440245011,6.536697052693569
cx0.25_cy0.25_layoutB,false_hotspot_y_js_0.05,false_hotspot,y,0.05,0.05,cx0.25_cy0.25_layoutB__gamma_0.05__false_hotspot_y_js_0.05,0.05,True,valid,1,0.8442144969392917,1.238306779601231,0.45,0.777415143603133,3.5751469353484477,3.6,0.777415143603133,0.8442144969392917,2.7761299115305036,6.775754850768546
cx0.25_cy0.25_layoutB,false_hotspot_y_js_0.1,false_hotspot,y,0.1,0.05,cx0.25_cy0.25_layoutB__gamma_0.05__false_hotspot_y_js_0.1,0.10000000000000002,True,valid,1,0.8926105172719481,1.200383008392134,0.45,0.7793733681462139,3.277721943048577,3.2,0.7793733681462139,0.8926105172719481,2.9290360120836305,6.782370292068332
cx0.25_cy0.25_layoutB,false_hotspot_y_js_0.15,false_hotspot,y,0.15,0.05,cx0.25_cy0.25_layoutB__gamma_0.05__false_hotspot_y_js_0.15,0.1500000000000815,True,valid,1,0.8844160372216597,1.2485305861633547,0.45,0.8054830287206265,3.2724878444084284,3.35,0.8054830287206265,0.8844160372216597,3.2231375621253893,6.731527523045912
cx0.25_cy0.25_layoutB,false_negative_suppression_y_js_0.05,false_negative_suppression,y,0.05,0.05,cx0.25_cy0.25_layoutB__gamma_0.05__false_negative_suppression_y_js_0.05,0.04999999999999996,True,valid,1,0.7993538128055786,0.9296030048945039,0.4,0.5104438642297651,2.3579283887468026,2.7,0.5104438642297651,0.7993538128055786,1.7225295997047243,6.904031800904292
cx0.25_cy0.25_layoutB,false_negative_suppression_y_js_0.1,false_negative_suppression,y,0.1,0.05,cx0.25_cy0.25_layoutB__gamma_0.05__false_negative_suppression_y_js_0.1,0.10000000000000026,True,valid,1,0.7370665138878715,0.8323695656192717,0.35000000000000003,0.518929503916449,2.424591194968554,2.85,0.518929503916449,0.7370665138878715,1.8261166949145158,6.937503455829059
cx0.25_cy0.25_layoutB,false_negative_suppression_y_js_0.15,false_negative_suppression,y,0.15,0.05,cx0.25_cy0.25_layoutB__gamma_0.05__false_negative_suppression_y_js_0.15,0.14999999999999789,True,valid,1,0.6984539326019827,0.7625848342712859,0.35000000000000003,0.5182767624020888,2.4982367758186403,3.0500000000000003,0.5182767624020888,0.6984539326019827,2.0120734895885244,6.9113558944887705
cx0.25_cy0.25_layoutC,oracle,oracle,,0.0,0.1,cx0.25_cy0.25_layoutC__gamma_0.1__oracle,0.0,True,valid,1,0.8166945815190139,0.8948140244946402,0.4,0.544921875,2.2932497013142172,2.5500000000000003,0.544921875,0.8166945815190139,1.7046317708581706,6.53703638917168
cx0.25_cy0.25_layoutC,uniform_prior_baseline,uniform_prior_baseline,,,0.1,cx0.25_cy0.25_layoutC__gamma_0.1__uniform_prior_baseline,0.1792154918599993,True,valid,1,0.632210844219388,0.5716849594249136,0.25,0.443359375,2.1640969162995596,2.15,0.443359375,0.632210844219388,1.8012459364073705,7.336936913707619
cx0.25_cy0.25_layoutC,diffuse_blur_js_0.05,diffuse_blur,,0.05,0.1,cx0.25_cy0.25_layoutC__gamma_0.1__diffuse_blur_js_0.05,0.049999999999999996,True,valid,1,0.7707469616259011,0.8321814280742698,0.4,0.513671875,2.256083650190114,2.45,0.513671875,0.7707469616259011,1.6678036779269065,6.9189398718058825
cx0.25_cy0.25_layoutC,diffuse_blur_js_0.1,diffuse_blur,,0.1,0.1,cx0.25_cy0.25_layoutC__gamma_0.1__diffuse_blur_js_0.1,0.09999999999999987,True,valid,1,0.7437888594994906,0.7508781798413555,0.35000000000000003,0.5065104166666667,2.1608611825192803,2.25,0.5065104166666667,0.7437888594994906,1.6350316355584487,7.207786334002389
cx0.25_cy0.25_layoutC,diffuse_blur_js_0.15,diffuse_blur,,0.15,0.1,cx0.25_cy0.25_layoutC__gamma_0.1__diffuse_blur_js_0.15,0.14999999999999997,True,valid,1,0.6443345154656345,0.6016730936232472,0.30000000000000004,0.4537760416666667,2.231850789096126,2.4000000000000004,0.4537760416666667,0.6443345154656345,1.873493317771832,7.32189624228642
cx0.25_cy0.25_layoutC,spatial_shift_x_js_0.05,spatial_shift,x,0.05,0.1,cx0.25_cy0.25_layoutC__gamma_0.1__spatial_shift_x_js_0.05,0.05000000000000003,True,valid,1,0.7635221422700824,0.7763583648435981,0.35000000000000003,0.48828125,2.246333333333333,2.5,0.48828125,0.7635221422700824,1.5846971671801413,6.5511859251146385
cx0.25_cy0.25_layoutC,spatial_shift_x_js_0.1,spatial_shift,x,0.1,0.1,cx0.25_cy0.25_layoutC__gamma_0.1__spatial_shift_x_js_0.1,0.09999999999999998,True,valid,1,0.7026661798321487,0.6913678256790446,0.35000000000000003,0.46744791666666674,2.216364902506963,2.45,0.46744791666666674,0.7026661798321487,1.5688539306229001,6.548767127257868
cx0.25_cy0.25_layoutC,spatial_shift_x_js_0.15,spatial_shift,x,0.15,0.1,cx0.25_cy0.25_layoutC__gamma_0.1__spatial_shift_x_js_0.15,0.15000000000000577,True,valid,1,0.6741141537492246,0.6496341179328031,0.30000000000000004,0.45703125,2.20491452991453,2.4000000000000004,0.45703125,0.6741141537492246,1.5698067354062202,6.55032187555887
cx0.25_cy0.25_layoutC,false_hotspot_x_js_0.05,false_hotspot,x,0.05,0.1,cx0.25_cy0.25_layoutC__gamma_0.1__false_hotspot_x_js_0.05,0.049999999999999996,True,valid,1,0.7880204309486801,0.7691654790940504,0.4,0.49218750000000006,2.1740740740740736,2.2,0.49218750000000006,0.7880204309486801,1.583537691046478,6.776919030326247
cx0.25_cy0.25_layoutC,false_hotspot_x_js_0.1,false_hotspot,x,0.1,0.1,cx0.25_cy0.25_layoutC__gamma_0.1__false_hotspot_x_js_0.1,0.10000000000002775,True,valid,1,0.7019719566803884,0.6353855477694269,0.30000000000000004,0.482421875,2.1062078272604583,1.85,0.482421875,0.7019719566803884,1.6328020287802978,6.778399024928093
cx0.25_cy0.25_layoutC,false_hotspot_x_js_0.15,false_hotspot,x,0.15,0.1,cx0.25_cy0.25_layoutC__gamma_0.1__false_hotspot_x_js_0.15,0.15000000000000002,True,valid,1,0.6583027533839766,0.5726458339017311,0.30000000000000004,0.46809895833333337,2.075104311543811,1.7000000000000002,0.46809895833333337,0.6583027533839766,1.6730185926897674,6.7230507104702255
cx0.25_cy0.25_layoutC,false_negative_suppression_x_js_0.05,false_negative_suppression,x,0.05,0.1,cx0.25_cy0.25_layoutC__gamma_0.1__false_negative_suppression_x_js_0.05,0.049999999999999975,True,valid,1,0.802494225707049,0.8347381705382787,0.4,0.48372395833333337,2.115410497981157,2.15,0.48372395833333337,0.802494225707049,1.5404431257094593,6.907592512657665
cx0.25_cy0.25_layoutC,false_negative_suppression_x_js_0.1,false_negative_suppression,x,0.1,0.1,cx0.25_cy0.25_layoutC__gamma_0.1__false_negative_suppression_x_js_0.1,0.09999999999999967,True,valid,1,0.7965608250100338,0.8093490773813715,0.4,0.482421875,2.0597840755735493,2.0500000000000003,0.482421875,0.7965608250100338,1.5427165153231748,6.938489129690199
cx0.25_cy0.25_layoutC,false_negative_suppression_x_js_0.15,false_negative_suppression,x,0.15,0.1,cx0.25_cy0.25_layoutC__gamma_0.1__false_negative_suppression_x_js_0.15,0.14999999999999963,True,valid,1,0.7919880430481568,0.8267568766135039,0.4,0.48307291666666674,2.0522237196765496,2.0,0.48307291666666674,0.7919880430481568,1.5477270386155588,6.910609787172385
cx0.25_cy0.25_layoutC,spatial_shift_y_js_0.05,spatial_shift,y,0.05,0.1,cx0.25_cy0.25_layoutC__gamma_0.1__spatial_shift_y_js_0.05,0.050000000000000044,True,valid,1,0.873577384209639,1.1365583997892885,0.45,0.7311197916666666,3.250712377560107,3.1500000000000004,0.7311197916666666,0.873577384209639,2.7755446966354045,6.551185925114639
cx0.25_cy0.25_layoutC,spatial_shift_y_js_0.1,spatial_shift,y,0.1,0.1,cx0.25_cy0.25_layoutC__gamma_0.1__spatial_shift_y_js_0.1,0.09999999999999998,True,valid,1,0.8147669294143425,0.9509377455281713,0.4,0.5865885416666666,2.9883462819089908,2.6,0.5865885416666666,0.8147669294143425,2.8026239326894538,6.548767127257866
cx0.25_cy0.25_layoutC,spatial_shift_y_js_0.15,spatial_shift,y,0.15,0.1,cx0.25_cy0.25_layoutC__gamma_0.1__spatial_shift_y_js_0.15,0.15000000000000574,False,invalid,1,,,,,,,,,,6.55032187555887
cx0.25_cy0.25_layoutC,false_hotspot_y_js_0.05,false_hotspot,y,0.05,0.1,cx0.25_cy0.25_layoutC__gamma_0.1__false_hotspot_y_js_0.05,0.05,True,valid,1,0.8708280836999793,1.078413529757681,0.45,0.6451822916666665,3.0223511604439968,2.95,0.6451822916666665,0.8708280836999793,2.6539363692611904,6.776919030326247
cx0.25_cy0.25_layoutC,false_hotspot_y_js_0.1,false_hotspot,y,0.1,0.1,cx0.25_cy0.25_layoutC__gamma_0.1__false_hotspot_y_js_0.1,0.10000000000002775,True,valid,1,0.8082391504415689,0.9047971156789565,0.4,0.5611979166666666,2.8511020881670537,2.7,0.5611979166666666,0.8082391504415689,2.745527671512887,6.778399024928092
cx0.25_cy0.25_layoutC,false_hotspot_y_js_0.15,false_hotspot,y,0.15,0.1,cx0.25_cy0.25_layoutC__gamma_0.1__false_hotspot_y_js_0.15,0.15000000000000002,True,valid,1,0.7454222591967076,0.8407243269436111,0.35000000000000003,0.51953125,2.9959899749373435,3.0500000000000003,0.51953125,0.7454222591967076,2.65331582663934,6.723050710470224
cx0.25_cy0.25_layoutC,false_negative_suppression_y_js_0.05,false_negative_suppression,y,0.05,0.1,cx0.25_cy0.25_layoutC__gamma_0.1__false_negative_suppression_y_js_0.05,0.049999999999999975,True,valid,1,0.7667844463777388,0.735508365814935,0.4,0.431640625,2.1162141779788834,2.3000000000000003,0.431640625,0.7667844463777388,1.4495960662524041,6.907592512657665
cx0.25_cy0.25_layoutC,false_negative_suppression_y_js_0.1,false_negative_suppression,y,0.1,0.1,cx0.25_cy0.25_layoutC__gamma_0.1__false_negative_suppression_y_js_0.1,0.0999999999999997,True,valid,1,0.6842161848011976,0.6027300400614407,0.30000000000000004,0.390625,2.0445833333333336,2.15,0.390625,0.6842161848011976,1.4125426388525328,6.9384891296902005
cx0.25_cy0.25_layoutC,false_negative_suppression_y_js_0.15,false_negative_suppression,y,0.15,0.1,cx0.25_cy0.25_layoutC__gamma_0.1__false_negative_suppression_y_js_0.15,0.14999999999999963,True,valid,1,0.6371816548133098,0.5543728955003141,0.30000000000000004,0.38151041666666663,1.9691126279863487,2.0,0.38151041666666663,0.6371816548133098,1.3844946401592217,6.910609787172386
cx0.25_cy0.25_layoutC,oracle,oracle,,0.0,0.05,cx0.25_cy0.25_layoutC__gamma_0.05__oracle,0.0,True,valid,1,0.8751529489161124,1.906407378420772,0.5,0.7083333333333333,4.740487132352943,5.25,0.7083333333333333,0.8751529489161124,3.370021322569037,6.53703638917168
cx0.25_cy0.25_layoutC,uniform_prior_baseline,uniform_prior_baseline,,,0.05,cx0.25_cy0.25_layoutC__gamma_0.05__uniform_prior_baseline,0.1792154918599993,True,valid,1,0.666905343357336,0.6750085502259981,0.30000000000000004,0.49609375000000006,2.2538713910761152,2.6,0.49609375000000006,0.666905343357336,2.263235993473555,7.336936913707619
cx0.25_cy0.25_layoutC,diffuse_blur_js_0.05,diffuse_blur,,0.05,0.05,cx0.25_cy0.25_layoutC__gamma_0.05__diffuse_blur_js_0.05,0.049999999999999996,True,valid,1,0.7620315319790206,1.288545092861969,0.45,0.7200520833333333,4.037025316455696,4.4,0.7200520833333333,0.7620315319790206,2.743110924265912,6.9189398718058825
cx0.25_cy0.25_layoutC,diffuse_blur_js_0.1,diffuse_blur,,0.1,0.05,cx0.25_cy0.25_layoutC__gamma_0.05__diffuse_blur_js_0.1,0.09999999999999987,True,valid,1,0.7172895796120557,0.7828067012774069,0.35000000000000003,0.5631510416666666,2.4026011560693643,2.85,0.5631510416666666,0.7172895796120557,2.0565949982718488,7.207786334002389
cx0.25_cy0.25_layoutC,diffuse_blur_js_0.15,diffuse_blur,,0.15,0.05,cx0.25_cy0.25_layoutC__gamma_0.05__diffuse_blur_js_0.15,0.14999999999999997,True,valid,1,0.7005103241085452,0.8142818546677864,0.35000000000000003,0.5110677083333333,2.3080254777070066,2.5,0.5110677083333333,0.7005103241085452,2.393194438112053,7.32189624228642
cx0.25_cy0.25_layoutC,spatial_shift_x_js_0.05,spatial_shift,x,0.05,0.05,cx0.25_cy0.25_layoutC__gamma_0.05__spatial_shift_x_js_0.05,0.05000000000000003,True,valid,1,0.7356230070061187,0.9188739941214091,0.35000000000000003,0.513671875,3.129721166032953,2.7,0.513671875,0.7356230070061187,2.5366358149025996,6.5511859251146385
cx0.25_cy0.25_layoutC,spatial_shift_x_js_0.1,spatial_shift,x,0.1,0.05,cx0.25_cy0.25_layoutC__gamma_0.05__spatial_shift_x_js_0.1,0.09999999999999998,True,valid,1,0.6711774162303857,0.844661335449169,0.30000000000000004,0.49348958333333337,3.096240105540897,2.75,0.49348958333333337,0.6711774162303857,2.3963680663663163,6.548767127257868
cx0.25_cy0.25_layoutC,spatial_shift_x_js_0.15,spatial_shift,x,0.15,0.05,cx0.25_cy0.25_layoutC__gamma_0.05__spatial_shift_x_js_0.15,0.15000000000000577,True,valid,1,0.679206630367397,0.8531438340874671,0.30000000000000004,0.5188802083333333,3.09792973651192,2.9000000000000004,0.5188802083333333,0.679206630367397,2.2922897405270763,6.55032187555887
cx0.25_cy0.25_layoutC,false_hotspot_x_js_0.05,false_hotspot,x,0.05,0.05,cx0.25_cy0.25_layoutC__gamma_0.05__false_hotspot_x_js_0.05,0.049999999999999996,True,valid,1,0.7835503448939884,1.0610415655683427,0.4,0.6425781249999999,3.371175278622087,3.7,0.6425781249999999,0.7835503448939884,2.46594140587878,6.776919030326247
cx0.25_cy0.25_layoutC,false_hotspot_x_js_0.1,false_hotspot,x,0.1,0.05,cx0.25_cy0.25_layoutC__gamma_0.05__false_hotspot_x_js_0.1,0.10000000000002775,True,valid,1,0.7720547041207657,0.8208381252359765,0.35000000000000003,0.5520833333333333,2.518455188679246,2.85,0.5520833333333333,0.7720547041207657,1.9244655742796926,6.778399024928093
cx0.25_cy0.25_layoutC,false_hotspot_x_js_0.15,false_hotspot,x,0.15,0.05,cx0.25_cy0.25_layoutC__gamma_0.05__false_hotspot_x_js_0.15,0.15000000000000002,True,valid,1,0.7371445807186305,0.7580470249293054,0.35000000000000003,0.5436197916666667,2.49251497005988,2.7,0.5436197916666667,0.7371445807186305,1.9073099744588473,6.7230507104702255
cx0.25_cy0.25_layoutC,false_negative_suppression_x_js_0.05,false_negative_suppression,x,0.05,0.05,cx0.25_cy0.25_layoutC__gamma_0.05__false_negative_suppression_x_js_0.05,0.049999999999999975,True,valid,1,0.7143792636437916,0.8719391727890848,0.35000000000000003,0.5416666666666666,2.3775240384615386,2.75,0.5416666666666666,0.7143792636437916,1.8642959241736003,6.907592512657665
cx0.25_cy0.25_layoutC,false_negative_suppression_x_js_0.1,false_negative_suppression,x,0.1,0.05,cx0.25_cy0.25_layoutC__gamma_0.05__false_negative_suppression_x_js_0.1,0.09999999999999967,True,valid,1,0.8213640446965842,0.9210505656269983,0.4,0.5989583333333333,2.3160869565217395,2.6500000000000004,0.5989583333333333,0.8213640446965842,2.0027861638920923,6.938489129690199
cx0.25_cy0.25_layoutC,false_negative_suppression_x_js_0.15,false_negative_suppression,x,0.15,0.05,cx0.25_cy0.25_layoutC__gamma_0.05__false_negative_suppression_x_js_0.15,0.14999999999999963,True,valid,1,0.7872289219987818,0.9255453076720774,0.4,0.59765625,2.3206427015250544,2.6500000000000004,0.59765625,0.7872289219987818,2.006218371347834,6.910609787172385
cx0.25_cy0.25_layoutC,spatial_shift_y_js_0.05,spatial_shift,y,0.05,0.05,cx0.25_cy0.25_layoutC__gamma_0.05__spatial_shift_y_js_0.05,0.050000000000000044,True,valid,1,0.8579689239067185,1.3519418106229437,0.45,0.7701822916666667,3.925697379543533,4.1000000000000005,0.7701822916666667,0.8579689239067185,3.125018031807156,6.551185925114639
cx0.25_cy0.25_layoutC,spatial_shift_y_js_0.1,spatial_shift,y,0.1,0.05,cx0.25_cy0.25_layoutC__gamma_0.05__spatial_shift_y_js_0.1,0.09999999999999998,True,valid,1,0.8576899658498329,1.2376008281755886,0.45,0.7584635416666666,3.5725321888412025,3.7,0.7584635416666666,0.8576899658498329,2.9712063975729293,6.548767127257866
cx0.25_cy0.25_layoutC,spatial_shift_y_js_0.15,spatial_shift,y,0.15,0.05,cx0.25_cy0.25_layoutC__gamma_0.05__spatial_shift_y_js_0.15,0.15000000000000574,True,valid,1,0.8879272147888984,1.3594586168353726,0.5,0.7493489583333333,3.6542137271937447,3.25,0.7493489583333333,0.8879272147888984,3.330378338497307,6.55032187555887
cx0.25_cy0.25_layoutC,false_hotspot_y_js_0.05,false_hotspot,y,0.05,0.05,cx0.25_cy0.25_layoutC__gamma_0.05__false_hotspot_y_js_0.05,0.05,True,valid,1,0.8086817899316651,1.2648483197449785,0.4,0.794921875,3.802416052416053,3.95,0.794921875,0.8086817899316651,2.940329704746749,6.776919030326247
cx0.25_cy0.25_layoutC,false_hotspot_y_js_0.1,false_hotspot,y,0.1,0.05,cx0.25_cy0.25_layoutC__gamma_0.05__false_hotspot_y_js_0.1,0.10000000000002775,True,valid,1,0.826152883117289,1.1908819322480817,0.45,0.8020833333333334,3.5123782467532463,3.5500000000000003,0.8020833333333334,0.826152883117289,3.1519947139562188,6.778399024928092
cx0.25_cy0.25_layoutC,false_hotspot_y_js_0.15,false_hotspot,y,0.15,0.05,cx0.25_cy0.25_layoutC__gamma_0.05__false_hotspot_y_js_0.15,0.15000000000000002,True,valid,1,0.8857051032438223,1.2748130282954648,0.45,0.8248697916666667,3.2470007892659822,3.25,0.8248697916666667,0.8857051032438223,3.505645721086021,6.723050710470224
cx0.25_cy0.25_layoutC,false_negative_suppression_y_js_0.05,false_negative_suppression,y,0.05,0.05,cx0.25_cy0.25_layoutC__gamma_0.05__false_negative_suppression_y_js_0.05,0.049999999999999975,True,valid,1,0.7421480938731002,0.8099993022066294,0.35000000000000003,0.5110677083333333,2.385350318471338,2.75,0.5110677083333333,0.7421480938731002,1.7805691634366447,6.907592512657665
cx0.25_cy0.25_layoutC,false_negative_suppression_y_js_0.1,false_negative_suppression,y,0.1,0.05,cx0.25_cy0.25_layoutC__gamma_0.05__false_negative_suppression_y_js_0.1,0.0999999999999997,True,valid,1,0.7124815524429636,0.7805128562274561,0.35000000000000003,0.5032552083333334,2.4230918499353167,2.8000000000000003,0.5032552083333334,0.7124815524429636,1.8308034989768358,6.9384891296902005
cx0.25_cy0.25_layoutC,false_negative_suppression_y_js_0.15,false_negative_suppression,y,0.15,0.05,cx0.25_cy0.25_layoutC__gamma_0.05__false_negative_suppression_y_js_0.15,0.14999999999999963,True,valid,1,0.6885971750970188,0.7481322926479975,0.30000000000000004,0.5071614583333334,2.508536585365854,3.0500000000000003,0.5071614583333334,0.6885971750970188,1.9975599815815208,6.910609787172386
cx0.25_cy0.75_layoutA,oracle,oracle,,0.0,0.1,cx0.25_cy0.75_layoutA__gamma_0.1__oracle,0.0,True,valid,1,0.8397191814297007,1.3354361911269077,1.05,0.5587499999999999,2.0215883668903807,1.25,0.5587499999999999,0.8397191814297007,2.034156815228646,6.578060915954445
cx0.25_cy0.75_layoutA,uniform_prior_baseline,uniform_prior_baseline,,,0.1,cx0.25_cy0.75_layoutA__gamma_0.1__uniform_prior_baseline,0.17761808910339535,True,valid,1,0.44296372649936916,2.1721273818230027,2.2,0.46812499999999996,2.127903871829106,2.0500000000000003,0.46812499999999996,0.44296372649936916,1.7256191719011023,7.3777589082278725
cx0.25_cy0.75_layoutA,diffuse_blur_js_0.05,diffuse_blur,,0.05,0.1,cx0.25_cy0.75_layoutA__gamma_0.1__diffuse_blur_js_0.05,0.05000000000000002,True,valid,1,0.7378240918831342,1.205215228172137,1.0,0.5018749999999998,1.856102117061022,1.1500000000000001,0.5018749999999998,0.7378240918831342,1.7241149263353013,6.955031128033966
cx0.25_cy0.75_layoutA,diffuse_blur_js_0.1,diffuse_blur,,0.1,0.1,cx0.25_cy0.75_layoutA__gamma_0.1__diffuse_blur_js_0.1,0.10000000000000238,True,valid,1,0.7453604570078418,1.172981162598413,1.0,0.5043749999999999,1.7446716232961588,1.1500000000000001,0.5043749999999999,0.7453604570078418,1.556109859167571,7.245707093362398
cx0.25_cy0.75_layoutA,diffuse_blur_js_0.15,diffuse_blur,,0.15,0.1,cx0.25_cy0.75_layoutA__gamma_0.1__diffuse_blur_js_0.15,0.15,True,valid,1,0.6784597715882951,1.7749670581105064,1.6500000000000001,0.5025,2.022699004975125,1.7000000000000002,0.5025,0.6784597715882951,1.6677612296352111,7.363477068235514
cx0.25_cy0.75_layoutA,spatial_shift_x_js_0.05,spatial_shift,x,0.05,0.1,cx0.25_cy0.75_layoutA__gamma_0.1__spatial_shift_x_js_0.05,0.04999999999999998,True,valid,1,0.8853840307892002,1.4627229685989396,1.1500000000000001,0.586875,1.8998935037273699,1.25,0.586875,0.8853840307892002,1.9127243235356082,6.608903741747893
cx0.25_cy0.75_layoutA,spatial_shift_x_js_0.1,spatial_shift,x,0.1,0.1,cx0.25_cy0.75_layoutA__gamma_0.1__spatial_shift_x_js_0.1,0.10000000000000006,True,valid,1,0.8624310798763808,1.525242985044219,1.25,0.580625,1.8474165769644784,1.25,0.580625,0.8624310798763808,1.8569558558381674,6.612099394116952
cx0.25_cy0.75_layoutA,spatial_shift_x_js_0.15,spatial_shift,x,0.15,0.1,cx0.25_cy0.75_layoutA__gamma_0.1__spatial_shift_x_js_0.15,0.14999999999999025,True,valid,1,0.8021822116140789,1.5124202672835496,1.3,0.5643749999999998,1.8232004429678856,1.2000000000000002,0.5643749999999998,0.8021822116140789,1.8020262630636328,6.612970172603993
cx0.25_cy0.75_layoutA,false_hotspot_x_js_0.05,false_hotspot,x,0.05,0.1,cx0.25_cy0.75_layoutA__gamma_0.1__false_hotspot_x_js_0.05,0.05,True,valid,1,0.7705412666673879,1.2084515865190866,1.0,0.5162499999999999,1.8298426150121072,1.1500000000000001,0.5162499999999999,0.7705412666673879,1.7064695755660926,6.82213889795118
cx0.25_cy0.75_layoutA,false_hotspot_x_js_0.1,false_hotspot,x,0.1,0.1,cx0.25_cy0.75_layoutA__gamma_0.1__false_hotspot_x_js_0.1,0.0999999999999385,True,valid,1,0.7725994849841175,1.1951111941766526,1.0,0.5399999999999999,1.890393518518519,1.2000000000000002,0.5399999999999999,0.7725994849841175,1.709155015526898,6.825413626144936
cx0.25_cy0.75_layoutA,false_hotspot_x_js_0.15,false_hotspot,x,0.15,0.1,cx0.25_cy0.75_layoutA__gamma_0.1__false_hotspot_x_js_0.15,0.1500000000000895,True,valid,1,0.5656226567964697,1.8131658542765767,2.15,0.46374999999999994,1.6495283018867926,1.0,0.46374999999999994,0.5656226567964697,2.0822352849810577,6.7718369415208555
cx0.25_cy0.75_layoutA,false_negative_suppression_x_js_0.05,false_negative_suppression,x,0.05,0.1,cx0.25_cy0.75_layoutA__gamma_0.1__false_negative_suppression_x_js_0.05,0.04999999999999999,True,valid,1,0.7054929505051697,1.2302075499780158,1.0,0.4962499999999999,1.9198362720403028,1.1500000000000001,0.4962499999999999,0.7054929505051697,1.7670364829283982,6.955219953616121
cx0.25_cy0.75_layoutA,false_negative_suppression_x_js_0.1,false_negative_suppression,x,0.1,0.1,cx0.25_cy0.75_layoutA__gamma_0.1__false_negative_suppression_x_js_0.1,0.10000000000000003,True,valid,1,0.6876651219332806,1.2380882308442827,1.0,0.4931249999999999,1.9013307984790877,1.2000000000000002,0.4931249999999999,0.6876651219332806,1.753217388149694,6.987929212448619
cx0.25_cy0.75_layoutA,false_negative_suppression_x_js_0.15,false_negative_suppression,x,0.15,0.1,cx0.25_cy0.75_layoutA__gamma_0.1__false_negative_suppression_x_js_0.15,0.15000000000000024,True,valid,1,0.6536863600032992,1.2572765130318673,0.9500000000000001,0.4849999999999999,1.9194587628865987,1.2000000000000002,0.4849999999999999,0.6536863600032992,1.7566103602862728,6.961200685078865
cx0.25_cy0.75_layoutA,spatial_shift_y_js_0.05,spatial_shift,y,0.05,0.1,cx0.25_cy0.75_layoutA__gamma_0.1__spatial_shift_y_js_0.05,0.04999999999999992,True,valid,1,0.8291229566444571,1.2814384099352305,1.05,0.580625,1.9828848223896665,1.4000000000000001,0.580625,0.8291229566444571,1.898126196494679,6.608903741747893
cx0.25_cy0.75_layoutA,spatial_shift_y_js_0.1,spatial_shift,y,0.1,0.1,cx0.25_cy0.75_layoutA__gamma_0.1__spatial_shift_y_js_0.1,0.10000000000000006,True,valid,1,0.8050365141525854,1.2622390147137628,1.05,0.5831249999999999,1.9548231511254028,1.4500000000000002,0.5831249999999999,0.8050365141525854,1.8295804970052039,6.612099394116952
cx0.25_cy0.75_layoutA,spatial_shift_y_js_0.15,spatial_shift,y,0.15,0.1,cx0.25_cy0.75_layoutA__gamma_0.1__spatial_shift_y_js_0.15,0.14999999999999022,True,valid,1,0.7402244568635026,1.2394046234019254,1.05,0.5618749999999999,1.9380422691879873,1.4500000000000002,0.5618749999999999,0.7402244568635026,1.744546875371736,6.612970172603993
cx0.25_cy0.75_layoutA,false_hotspot_y_js_0.05,false_hotspot,y,0.05,0.1,cx0.25_cy0.75_layoutA__gamma_0.1__false_hotspot_y_js_0.05,0.05,True,valid,1,0.7407806019906501,1.2101495462125047,1.0,0.5099999999999999,1.8444852941176475,1.2000000000000002,0.5099999999999999,0.7407806019906501,1.6748556417401252,6.82213889795118
cx0.25_cy0.75_layoutA,false_hotspot_y_js_0.1,false_hotspot,y,0.1,0.1,cx0.25_cy0.75_layoutA__gamma_0.1__false_hotspot_y_js_0.1,0.09999999999993844,True,valid,1,0.6189744255152514,1.4516836601169376,1.25,0.4906249999999999,1.9535031847133761,1.35,0.4906249999999999,0.6189744255152514,1.6336468704783738,6.825413626144936
cx0.25_cy0.75_layoutA,false_hotspot_y_js_0.15,false_hotspot,y,0.15,0.1,cx0.25_cy0.75_layoutA__gamma_0.1__false_hotspot_y_js_0.15,0.1500000000000895,True,valid,1,0.5262969932644441,1.9744089541112717,2.15,0.4899999999999999,2.130548469387756,2.3000000000000003,0.4899999999999999,0.5262969932644441,1.6375164871064043,6.771836941520855
cx0.25_cy0.75_layoutA,false_negative_suppression_y_js_0.05,false_negative_suppression,y,0.05,0.1,cx0.25_cy0.75_layoutA__gamma_0.1__false_negative_suppression_y_js_0.05,0.05,True,valid,1,0.7541609292251457,1.1812495296299423,1.0,0.5037499999999999,1.829280397022333,1.1500000000000001,0.5037499999999999,0.7541609292251457,1.7664837201371157,6.9552199536161226
cx0.25_cy0.75_layoutA,false_negative_suppression_y_js_0.1,false_negative_suppression,y,0.1,0.1,cx0.25_cy0.75_layoutA__gamma_0.1__false_negative_suppression_y_js_0.1,0.10000000000000003,True,valid,1,0.7494141387597733,1.1638614759749182,1.0,0.5043749999999999,1.8062577447335817,1.1,0.5043749999999999,0.7494141387597733,1.755340014583354,6.987929212448617
cx0.25_cy0.75_layoutA,false_negative_suppression_y_js_0.15,false_negative_suppression,y,0.15,0.1,cx0.25_cy0.75_layoutA__gamma_0.1__false_negative_suppression_y_js_0.15,0.15000000000000022,True,valid,1,0.753721715301712,1.1672103122464883,1.0,0.505625,1.8069221260815824,1.1,0.505625,0.753721715301712,1.7634947058751693,6.961200685078866
cx0.25_cy0.75_layoutA,oracle,oracle,,0.0,0.05,cx0.25_cy0.75_layoutA__gamma_0.05__oracle,0.0,True,valid,1,0.8865725505688045,1.5276814811890929,1.1,0.5687499999999999,2.2569230769230777,1.3,0.5687499999999999,0.8865725505688045,2.1611976445832917,6.578060915954445
cx0.25_cy0.75_layoutA,uniform_prior_baseline,uniform_prior_baseline,,,0.05,cx0.25_cy0.75_layoutA__gamma_0.05__uniform_prior_baseline,0.17761808910339535,True,valid,1,0.4806752429624427,2.6775083374236894,2.9000000000000004,0.5174999999999998,2.2781400966183583,2.5,0.5174999999999998,0.4806752429624427,2.1475202495562047,7.3777589082278725
cx0.25_cy0.75_layoutA,diffuse_blur_js_0.05,diffuse_blur,,0.05,0.05,cx0.25_cy0.75_layoutA__gamma_0.05__diffuse_blur_js_0.05,0.05000000000000002,True,valid,1,0.7374195471263735,1.3021419190900487,1.1500000000000001,0.5043749999999999,1.9696406443618346,1.2000000000000002,0.5043749999999999,0.7374195471263735,2.0349701259358346,6.955031128033966
cx0.25_cy0.75_layoutA,diffuse_blur_js_0.1,diffuse_blur,,0.1,0.05,cx0.25_cy0.75_layoutA__gamma_0.05__diffuse_blur_js_0.1,0.10000000000000238,True,valid,1,0.7356951241040044,1.6731703231363613,1.6,0.516875,1.9840991535671106,1.6,0.516875,0.7356951241040044,1.9639270267890707,7.245707093362398
cx0.25_cy0.75_layoutA,diffuse_blur_js_0.15,diffuse_blur,,0.15,0.05,cx0.25_cy0.75_layoutA__gamma_0.05__diffuse_blur_js_0.15,0.15,True,valid,1,0.6352321298122993,2.469084079311275,2.6500000000000004,0.5299999999999999,2.2473466981132084,2.2,0.5299999999999999,0.6352321298122993,2.0995035968349796,7.363477068235514
cx0.25_cy0.75_layoutA,spatial_shift_x_js_0.05,spatial_shift,x,0.05,0.05,cx0.25_cy0.75_layoutA__gamma_0.05__spatial_shift_x_js_0.05,0.04999999999999998,True,valid,1,0.8905510283898892,1.604301301915934,1.25,0.59625,2.0028301886792454,1.25,0.59625,0.8905510283898892,2.1109941135932697,6.608903741747893
cx0.25_cy0.75_layoutA,spatial_shift_x_js_0.1,spatial_shift,x,0.1,0.05,cx0.25_cy0.75_layoutA__gamma_0.05__spatial_shift_x_js_0.1,0.10000000000000006,True,valid,1,0.8926573078032107,1.6979306929390927,1.55,0.6012500000000001,2.004989604989605,1.3,0.6012500000000001,0.8926573078032107,2.0524060040780427,6.612099394116952
cx0.25_cy0.75_layoutA,spatial_shift_x_js_0.15,spatial_shift,x,0.15,0.05,cx0.25_cy0.75_layoutA__gamma_0.05__spatial_shift_x_js_0.15,0.14999999999999025,True,valid,1,0.861932974277668,1.7551060723794933,1.8,0.59,1.9798199152542377,1.25,0.59,0.861932974277668,2.012234676760253,6.612970172603993
cx0.25_cy0.75_layoutA,false_hotspot_x_js_0.05,false_hotspot,x,0.05,0.05,cx0.25_cy0.75_layoutA__gamma_0.05__false_hotspot_x_js_0.05,0.05,True,valid,1,0.8246847651386151,1.491634753206717,1.1,0.6074999999999999,2.0504115226337456,1.3,0.6074999999999999,0.8246847651386151,2.191678792859185,6.82213889795118
cx0.25_cy0.75_layoutA,false_hotspot_x_js_0.1,false_hotspot,x,0.1,0.05,cx0.25_cy0.75_layoutA__gamma_0.05__false_hotspot_x_js_0.1,0.0999999999999385,True,valid,1,0.7571717141224577,2.392226124251318,2.45,0.53125,2.1111764705882354,1.3,0.53125,0.7571717141224577,2.4978716456097234,6.825413626144936
cx0.25_cy0.75_layoutA,false_hotspot_x_js_0.15,false_hotspot,x,0.15,0.05,cx0.25_cy0.75_layoutA__gamma_0.05__false_hotspot_x_js_0.15,0.1500000000000895,True,valid,1,0.6501594960416082,2.497661620886679,2.85,0.5025,2.0646144278606973,1.1,0.5025,0.6501594960416082,2.514887840386058,6.7718369415208555
cx0.25_cy0.75_layoutA,false_negative_suppression_x_js_0.05,false_negative_suppression,x,0.05,0.05,cx0.25_cy0.75_layoutA__gamma_0.05__false_negative_suppression_x_js_0.05,0.04999999999999999,True,valid,1,0.7116978698484905,1.2759150200759284,1.05,0.4918749999999999,2.0698221092757314,1.2000000000000002,0.4918749999999999,0.7116978698484905,2.038671267794864,6.955219953616121
cx0.25_cy0.75_layoutA,false_negative_suppression_x_js_0.1,false_negative_suppression,x,0.1,0.05,cx0.25_cy0.75_layoutA__gamma_0.05__false_negative_suppression_x_js_0.1,0.10000000000000003,True,valid,1,0.7594764105626735,1.547866293568894,1.35,0.5162499999999999,2.0418280871670706,1.4000000000000001,0.5162499999999999,0.7594764105626735,2.120133068033675,6.987929212448619
cx0.25_cy0.75_layoutA,false_negative_suppression_x_js_0.15,false_negative_suppression,x,0.15,0.05,cx0.25_cy0.75_layoutA__gamma_0.05__false_negative_suppression_x_js_0.15,0.15000000000000024,True,valid,1,0.8263547775376356,2.081248749413378,1.7000000000000002,0.555625,2.250787401574803,1.75,0.555625,0.8263547775376356,2.267345140151113,6.961200685078865
cx0.25_cy0.75_layoutA,spatial_shift_y_js_0.05,spatial_shift,y,0.05,0.05,cx0.25_cy0.75_layoutA__gamma_0.05__spatial_shift_y_js_0.05,0.04999999999999992,True,valid,1,0.8168384399115884,1.4052048479494155,1.1,0.578125,2.186594594594595,1.7000000000000002,0.578125,0.8168384399115884,2.0937442722417257,6.608903741747893
cx0.25_cy0.75_layoutA,spatial_shift_y_js_0.1,spatial_shift,y,0.1,0.05,cx0.25_cy0.75_layoutA__gamma_0.05__spatial_shift_y_js_0.1,0.10000000000000006,True,valid,1,0.7870663382947263,1.3726072196614445,1.1,0.579375,2.1874865156418557,1.75,0.579375,0.7870663382947263,2.023611436925011,6.612099394116952
cx0.25_cy0.75_layoutA,spatial_shift_y_js_0.15,spatial_shift,y,0.15,0.05,cx0.25_cy0.75_layoutA__gamma_0.05__spatial_shift_y_js_0.15,0.14999999999999022,True,valid,1,0.7435117880345505,1.3952101476609624,1.1500000000000001,0.5725,2.191539301310044,1.8,0.5725,0.7435117880345505,1.9765405074055973,6.612970172603993
cx0.25_cy0.75_layoutA,false_hotspot_y_js_0.05,false_hotspot,y,0.05,0.05,cx0.25_cy0.75_layoutA__gamma_0.05__false_hotspot_y_js_0.05,0.05,True,valid,1,0.6379239649006222,1.3976295943498527,1.1500000000000001,0.49874999999999986,2.1865288220551387,1.35,0.49874999999999986,0.6379239649006222,1.9414141511849399,6.82213889795118
cx0.25_cy0.75_layoutA,false_hotspot_y_js_0.1,false_hotspot,y,0.1,0.05,cx0.25_cy0.75_layoutA__gamma_0.05__false_hotspot_y_js_0.1,0.09999999999993844,True,valid,1,0.5393643581329483,2.2238748116356803,2.45,0.5018749999999998,2.367123287671234,2.45,0.5018749999999998,0.5393643581329483,1.9501833041572376,6.825413626144936
cx0.25_cy0.75_layoutA,false_hotspot_y_js_0.15,false_hotspot,y,0.15,0.05,cx0.25_cy0.75_layoutA__gamma_0.05__false_hotspot_y_js_0.15,0.1500000000000895,True,valid,1,0.573381675828389,2.740554716367924,3.0,0.53375,2.4461358313817336,2.8000000000000003,0.53375,0.573381675828389,1.966704739270327,6.771836941520855
cx0.25_cy0.75_layoutA,false_negative_suppression_y_js_0.05,false_negative_suppression,y,0.05,0.05,cx0.25_cy0.75_layoutA__gamma_0.05__false_negative_suppression_y_js_0.05,0.05,True,valid,1,0.7733493161950165,1.3111501927277474,1.1,0.518125,1.9413751507840775,1.2000000000000002,0.518125,0.7733493161950165,2.0324243028130398,6.9552199536161226
cx0.25_cy0.75_layoutA,false_negative_suppression_y_js_0.1,false_negative_suppression,y,0.1,0.05,cx0.25_cy0.75_layoutA__gamma_0.05__false_negative_suppression_y_js_0.1,0.10000000000000003,True,valid,1,0.8106994396395566,1.6163706090269514,1.55,0.549375,1.8911831626848699,1.5,0.549375,0.8106994396395566,2.245934045413999,6.987929212448617
cx0.25_cy0.75_layoutA,false_negative_suppression_y_js_0.15,false_negative_suppression,y,0.15,0.05,cx0.25_cy0.75_layoutA__gamma_0.05__false_negative_suppression_y_js_0.15,0.15000000000000022,True,valid,1,0.8146499889040384,1.7793136922369188,1.75,0.5525,1.9322963800904984,1.6500000000000001,0.5525,0.8146499889040384,2.29436125760063,6.961200685078866
cx0.25_cy0.75_layoutB,oracle,oracle,,0.0,0.1,cx0.25_cy0.75_layoutB__gamma_0.1__oracle,0.0,True,valid,1,0.8034025548804454,2.3352576551977156,1.1,0.7088772845953002,2.9665285451197057,3.0500000000000003,0.7088772845953002,0.8034025548804454,3.0768748914861073,6.526106681399354
cx0.25_cy0.75_layoutB,uniform_prior_baseline,uniform_prior_baseline,,,0.1,cx0.25_cy0.75_layoutB__gamma_0.1__uniform_prior_baseline,0.18077981645461028,True,valid,1,0.3685225108876255,2.252176069462046,2.25,0.45169712793733674,2.172254335260116,2.2,0.45169712793733674,0.3685225108876255,1.8224542782905755,7.334329350300537
cx0.25_cy0.75_layoutB,diffuse_blur_js_0.05,diffuse_blur,,0.05,0.1,cx0.25_cy0.75_layoutB__gamma_0.1__diffuse_blur_js_0.05,0.05000000000000002,True,valid,1,0.8817741830209158,2.0867112818972755,2.0500000000000003,0.5587467362924281,2.137792056074767,2.0,0.5587467362924281,0.8817741830209158,2.3982257331602876,6.909647697325839
cx0.25_cy0.75_layoutB,diffuse_blur_js_0.1,diffuse_blur,,0.1,0.1,cx0.25_cy0.75_layoutB__gamma_0.1__diffuse_blur_js_0.1,0.09999999999999987,True,valid,1,0.669576864528997,2.0425590475058093,2.0,0.4830287206266318,2.122027027027027,1.9500000000000002,0.4830287206266318,0.669576864528997,1.9385905747972922,7.199791948064258
cx0.25_cy0.75_layoutB,diffuse_blur_js_0.15,diffuse_blur,,0.15,0.1,cx0.25_cy0.75_layoutB__gamma_0.1__diffuse_blur_js_0.15,0.14999999999999966,True,valid,1,0.5395458575096954,2.082254363694024,2.0500000000000003,0.466710182767624,2.1293006993006998,2.0,0.466710182767624,0.5395458575096954,1.8317990321305357,7.3175564306615435
cx0.25_cy0.75_layoutB,spatial_shift_x_js_0.05,spatial_shift,x,0.05,0.1,cx0.25_cy0.75_layoutB__gamma_0.1__spatial_shift_x_js_0.05,0.05000000000000008,True,valid,1,0.8819334917913869,2.112378501762843,2.0500000000000003,0.5554830287206265,2.2538777908343133,2.0,0.5554830287206265,0.8819334917913869,2.263566858400442,6.539179010953625
cx0.25_cy0.75_layoutB,spatial_shift_x_js_0.1,spatial_shift,x,0.1,0.1,cx0.25_cy0.75_layoutB__gamma_0.1__spatial_shift_x_js_0.1,0.10000000000009318,True,valid,1,0.8488628370282782,2.0778367175941086,2.0500000000000003,0.5306788511749347,2.0610086100861014,1.9000000000000001,0.5306788511749347,0.8488628370282782,2.132645761841937,6.537632339171866
cx0.25_cy0.75_layoutB,spatial_shift_x_js_0.15,spatial_shift,x,0.15,0.1,cx0.25_cy0.75_layoutB__gamma_0.1__spatial_shift_x_js_0.15,0.1500000000000001,True,valid,1,0.8006108269204015,2.0697343331356586,2.0500000000000003,0.5274151436031331,2.0865717821782184,1.85,0.5274151436031331,0.8006108269204015,2.0412483158227666,6.536697052693568
cx0.25_cy0.75_layoutB,false_hotspot_x_js_0.05,false_hotspot,x,0.05,0.1,cx0.25_cy0.75_layoutB__gamma_0.1__false_hotspot_x_js_0.05,0.05,True,valid,1,0.8820912053087671,2.0783474411192584,2.0500000000000003,0.5561357702349868,2.102464788732395,2.0,0.5561357702349868,0.8820912053087671,2.299110720436603,6.775754850768546
cx0.25_cy0.75_layoutB,false_hotspot_x_js_0.1,false_hotspot,x,0.1,0.1,cx0.25_cy0.75_layoutB__gamma_0.1__false_hotspot_x_js_0.1,0.1,True,valid,1,0.8895450705366621,2.1670549602945957,2.2,0.5822454308093994,2.140526905829597,2.0,0.5822454308093994,0.8895450705366621,2.2722492184275658,6.782370292068332
cx0.25_cy0.75_layoutB,false_hotspot_x_js_0.15,false_hotspot,x,0.15,0.1,cx0.25_cy0.75_layoutB__gamma_0.1__false_hotspot_x_js_0.15,0.1500000000000815,True,valid,1,0.7653273546400349,2.318134395045565,2.4000000000000004,0.5385117493472584,2.040606060606061,1.9500000000000002,0.5385117493472584,0.7653273546400349,2.285430153253128,6.731527523045913
cx0.25_cy0.75_layoutB,false_negative_suppression_x_js_0.05,false_negative_suppression,x,0.05,0.1,cx0.25_cy0.75_layoutB__gamma_0.1__false_negative_suppression_x_js_0.05,0.049999999999999975,True,valid,1,0.8849701424039398,2.15831788185265,2.0500000000000003,0.5783289817232375,2.2503386004514674,2.0500000000000003,0.5783289817232375,0.8849701424039398,2.6646457013396625,6.904031800904292
cx0.25_cy0.75_layoutB,false_negative_suppression_x_js_0.1,false_negative_suppression,x,0.1,0.1,cx0.25_cy0.75_layoutB__gamma_0.1__false_negative_suppression_x_js_0.1,0.10000000000000032,True,valid,1,0.8799796730823539,2.1912922190516295,2.0500000000000003,0.5874673629242819,2.3018333333333336,2.15,0.5874673629242819,0.8799796730823539,2.5986675721803767,6.93750345582906
cx0.25_cy0.75_layoutB,false_negative_suppression_x_js_0.15,false_negative_suppression,x,0.15,0.1,cx0.25_cy0.75_layoutB__gamma_0.1__false_negative_suppression_x_js_0.15,0.1499999999999979,True,valid,1,0.873113719373086,2.1938338396542876,2.0500000000000003,0.5985639686684072,2.3245365321701206,2.15,0.5985639686684072,0.873113719373086,2.630688090573961,6.911355894488771
cx0.25_cy0.75_layoutB,spatial_shift_y_js_0.05,spatial_shift,y,0.05,0.1,cx0.25_cy0.75_layoutB__gamma_0.1__spatial_shift_y_js_0.05,0.050000000000000065,True,valid,1,0.8793544930966004,2.362818419832028,1.3,0.6886422976501304,2.8440758293838866,2.75,0.6886422976501304,0.8793544930966004,2.6774804087902737,6.5391790109536245
cx0.25_cy0.75_layoutB,spatial_shift_y_js_0.1,spatial_shift,y,0.1,0.1,cx0.25_cy0.75_layoutB__gamma_0.1__spatial_shift_y_js_0.1,0.10000000000009318,False,invalid,1,,,,,,,,,,6.537632339171866
cx0.25_cy0.75_layoutB,spatial_shift_y_js_0.15,spatial_shift,y,0.15,0.1,cx0.25_cy0.75_layoutB__gamma_0.1__spatial_shift_y_js_0.15,0.1500000000000001,True,valid,1,0.5046247687694787,2.4555743514929134,1.5,0.46801566579634457,2.8225941422594145,3.0500000000000003,0.46801566579634457,0.5046247687694787,2.4281425427978407,6.536697052693567
cx0.25_cy0.75_layoutB,false_hotspot_y_js_0.05,false_hotspot,y,0.05,0.1,cx0.25_cy0.75_layoutB__gamma_0.1__false_hotspot_y_js_0.05,0.050000000000000024,True,valid,1,0.8642234663854269,2.1460875118047693,2.0500000000000003,0.5776762402088773,2.276836158192091,2.1,0.5776762402088773,0.8642234663854269,2.5261568517347106,6.775754850768547
cx0.25_cy0.75_layoutB,false_hotspot_y_js_0.1,false_hotspot,y,0.1,0.1,cx0.25_cy0.75_layoutB__gamma_0.1__false_hotspot_y_js_0.1,0.10000000000000002,True,valid,1,0.7298259138800635,2.4225243401540633,2.35,0.5280678851174934,2.569839307787393,2.5500000000000003,0.5280678851174934,0.7298259138800635,2.655444950025413,6.782370292068332
cx0.25_cy0.75_layoutB,false_hotspot_y_js_0.15,false_hotspot,y,0.15,0.1,cx0.25_cy0.75_layoutB__gamma_0.1__false_hotspot_y_js_0.15,0.15000000000008148,True,valid,1,0.6772562362174784,3.4954426427705396,3.75,0.4954308093994778,2.9753623188405793,3.6500000000000004,0.4954308093994778,0.6772562362174784,2.4513863737080412,6.731527523045912
cx0.25_cy0.75_layoutB,false_negative_suppression_y_js_0.05,false_negative_suppression,y,0.05,0.1,cx0.25_cy0.75_layoutB__gamma_0.1__false_negative_suppression_y_js_0.05,0.049999999999999975,True,valid,1,0.8793227716865819,2.154919472090127,2.1,0.5593994778067884,2.1401983663943995,2.0,0.5593994778067884,0.8793227716865819,2.4060413386620882,6.904031800904293
cx0.25_cy0.75_layoutB,false_negative_suppression_y_js_0.1,false_negative_suppression,y,0.1,0.1,cx0.25_cy0.75_layoutB__gamma_0.1__false_negative_suppression_y_js_0.1,0.10000000000000031,True,valid,1,0.8465573741207751,2.170731470994098,2.0500000000000003,0.5535248041775456,2.170754716981133,1.9500000000000002,0.5535248041775456,0.8465573741207751,2.2998543741327624,6.93750345582906
cx0.25_cy0.75_layoutB,false_negative_suppression_y_js_0.15,false_negative_suppression,y,0.15,0.1,cx0.25_cy0.75_layoutB__gamma_0.1__false_negative_suppression_y_js_0.15,0.1499999999999979,True,valid,1,0.8000960270771207,2.1515016280954984,2.0,0.5385117493472584,2.1660606060606065,1.9000000000000001,0.5385117493472584,0.8000960270771207,2.247834590953407,6.911355894488771
cx0.25_cy0.75_layoutB,oracle,oracle,,0.0,0.05,cx0.25_cy0.75_layoutB__gamma_0.05__oracle,0.0,True,valid,1,0.8917490484808746,2.2788915940584533,1.1,0.7467362924281984,3.275437062937063,3.2,0.7467362924281984,0.8917490484808746,3.3596179409584828,6.526106681399354
cx0.25_cy0.75_layoutB,uniform_prior_baseline,uniform_prior_baseline,,,0.05,cx0.25_cy0.75_layoutB__gamma_0.05__uniform_prior_baseline,0.18077981645461028,True,valid,1,0.4624237737375839,2.6610541415254207,2.95,0.4986945169712793,2.228795811518325,2.4000000000000004,0.4986945169712793,0.4624237737375839,2.233883445142559,7.334329350300537
cx0.25_cy0.75_layoutB,diffuse_blur_js_0.05,diffuse_blur,,0.05,0.05,cx0.25_cy0.75_layoutB__gamma_0.05__diffuse_blur_js_0.05,0.05000000000000002,True,valid,1,0.8743793261009418,2.5935850870786163,3.0500000000000003,0.6083550913838119,2.91711373390558,2.85,0.6083550913838119,0.8743793261009418,2.8011651604263443,6.909647697325839
cx0.25_cy0.75_layoutB,diffuse_blur_js_0.1,diffuse_blur,,0.1,0.05,cx0.25_cy0.75_layoutB__gamma_0.05__diffuse_blur_js_0.1,0.09999999999999987,True,valid,1,0.7334540744508484,2.130601783081715,2.0500000000000003,0.5104438642297651,2.1080562659846547,2.0,0.5104438642297651,0.7334540744508484,2.1839588961267054,7.199791948064258
cx0.25_cy0.75_layoutB,diffuse_blur_js_0.15,diffuse_blur,,0.15,0.05,cx0.25_cy0.75_layoutB__gamma_0.05__diffuse_blur_js_0.15,0.14999999999999966,True,valid,1,0.6158323556248497,2.4030932119442174,2.25,0.5117493472584855,2.200063775510205,2.2,0.5117493472584855,0.6158323556248497,2.1811794201012553,7.3175564306615435
cx0.25_cy0.75_layoutB,spatial_shift_x_js_0.05,spatial_shift,x,0.05,0.05,cx0.25_cy0.75_layoutB__gamma_0.05__spatial_shift_x_js_0.05,0.05000000000000008,True,valid,1,0.9372129720860233,1.7835285214180074,1.1,0.748041775456919,2.982853403141362,2.95,0.748041775456919,0.9372129720860233,3.2199176325708505,6.539179010953625
cx0.25_cy0.75_layoutB,spatial_shift_x_js_0.1,spatial_shift,x,0.1,0.05,cx0.25_cy0.75_layoutB__gamma_0.05__spatial_shift_x_js_0.1,0.10000000000009318,True,valid,1,0.8434237763996344,2.258670942183984,2.15,0.5339425587467362,2.578973105134475,1.9000000000000001,0.5339425587467362,0.8434237763996344,2.377443323743708,6.537632339171866
cx0.25_cy0.75_layoutB,spatial_shift_x_js_0.15,spatial_shift,x,0.15,0.05,cx0.25_cy0.75_layoutB__gamma_0.05__spatial_shift_x_js_0.15,0.1500000000000001,True,valid,1,0.8472467641813859,2.2403174048407304,2.3000000000000003,0.5411227154046997,2.399336550060314,1.9000000000000001,0.5411227154046997,0.8472467641813859,2.3497655795753163,6.536697052693568
cx0.25_cy0.75_layoutB,false_hotspot_x_js_0.05,false_hotspot,x,0.05,0.05,cx0.25_cy0.75_layoutB__gamma_0.05__false_hotspot_x_js_0.05,0.05,True,valid,1,0.9276150797733038,3.089031274987434,3.6,0.7265013054830286,3.017924528301888,2.8000000000000003,0.7265013054830286,0.9276150797733038,3.091908670555492,6.775754850768546
cx0.25_cy0.75_layoutB,false_hotspot_x_js_0.1,false_hotspot,x,0.1,0.05,cx0.25_cy0.75_layoutB__gamma_0.05__false_hotspot_x_js_0.1,0.1,True,valid,1,0.782256848739274,2.4775474117304515,2.5500000000000003,0.5261096605744124,2.2124689826302735,2.0500000000000003,0.5261096605744124,0.782256848739274,2.682601842786683,6.782370292068332
cx0.25_cy0.75_layoutB,false_hotspot_x_js_0.15,false_hotspot,x,0.15,0.05,cx0.25_cy0.75_layoutB__gamma_0.05__false_hotspot_x_js_0.15,0.1500000000000815,True,valid,1,0.6261398163005576,2.7876176937709127,2.95,0.4791122715404699,2.3025204359673026,1.5,0.4791122715404699,0.6261398163005576,2.6774271361190354,6.731527523045913
cx0.25_cy0.75_layoutB,false_negative_suppression_x_js_0.05,false_negative_suppression,x,0.05,0.05,cx0.25_cy0.75_layoutB__gamma_0.05__false_negative_suppression_x_js_0.05,0.049999999999999975,True,valid,1,0.9337783238466378,2.448307086918223,1.9500000000000002,0.7402088772845952,2.9665784832451503,3.0,0.7402088772845952,0.9337783238466378,2.9855275301976407,6.904031800904292
cx0.25_cy0.75_layoutB,false_negative_suppression_x_js_0.1,false_negative_suppression,x,0.1,0.05,cx0.25_cy0.75_layoutB__gamma_0.05__false_negative_suppression_x_js_0.1,0.10000000000000032,True,valid,1,0.8783813013819276,2.6813861239652965,3.45,0.6945169712793733,2.9415413533834593,3.0,0.6945169712793733,0.8783813013819276,3.0404579442944706,6.93750345582906
cx0.25_cy0.75_layoutB,false_negative_suppression_x_js_0.15,false_negative_suppression,x,0.15,0.05,cx0.25_cy0.75_layoutB__gamma_0.05__false_negative_suppression_x_js_0.15,0.1499999999999979,True,valid,1,0.8664580882749745,2.8869926471158256,3.4000000000000004,0.6566579634464751,3.054174950298212,3.0,0.6566579634464751,0.8664580882749745,3.0008734525255805,6.911355894488771
cx0.25_cy0.75_layoutB,spatial_shift_y_js_0.05,spatial_shift,y,0.05,0.05,cx0.25_cy0.75_layoutB__gamma_0.05__spatial_shift_y_js_0.05,0.050000000000000065,True,valid,1,0.9260197660998668,1.7535565263343331,1.05,0.7382506527415142,2.9431918656056597,2.7,0.7382506527415142,0.9260197660998668,3.27701777500469,6.5391790109536245
cx0.25_cy0.75_layoutB,spatial_shift_y_js_0.1,spatial_shift,y,0.1,0.05,cx0.25_cy0.75_layoutB__gamma_0.05__spatial_shift_y_js_0.1,0.10000000000009318,True,valid,1,0.9186929486042805,2.8162530661167526,3.5,0.6788511749347257,3.361250000000001,2.9000000000000004,0.6788511749347257,0.9186929486042805,2.886053409264493,6.537632339171866
cx0.25_cy0.75_layoutB,spatial_shift_y_js_0.15,spatial_shift,y,0.15,0.05,cx0.25_cy0.75_layoutB__gamma_0.05__spatial_shift_y_js_0.15,0.1500000000000001,True,valid,1,0.9331561309004539,2.499168741571651,1.2000000000000002,0.7421671018276761,3.217678100263853,2.95,0.7421671018276761,0.9331561309004539,2.9363462648895102,6.536697052693567
cx0.25_cy0.75_layoutB,false_hotspot_y_js_0.05,false_hotspot,y,0.05,0.05,cx0.25_cy0.75_layoutB__gamma_0.05__false_hotspot_y_js_0.05,0.050000000000000024,True,valid,1,0.8352035012071284,2.5939336763625187,1.25,0.723237597911227,2.9727436823104703,3.1,0.723237597911227,0.8352035012071284,2.9949350700213406,6.775754850768547
cx0.25_cy0.75_layoutB,false_hotspot_y_js_0.1,false_hotspot,y,0.1,0.05,cx0.25_cy0.75_layoutB__gamma_0.05__false_hotspot_y_js_0.1,0.10000000000000002,True,valid,1,0.8607665377188742,3.0819945335355787,3.95,0.7754569190600521,3.1829966329966335,3.25,0.7754569190600521,0.8607665377188742,3.0204028499346807,6.782370292068332
cx0.25_cy0.75_layoutB,false_hotspot_y_js_0.15,false_hotspot,y,0.15,0.05,cx0.25_cy0.75_layoutB__gamma_0.05__false_hotspot_y_js_0.15,0.15000000000008148,True,valid,1,0.881610261292966,3.7945977244960245,4.25,0.7754569190600521,3.447769360269361,3.45,0.7754569190600521,0.881610261292966,2.9385089355096947,6.731527523045912
cx0.25_cy0.75_layoutB,false_negative_suppression_y_js_0.05,false_negative_suppression,y,0.05,0.05,cx0.25_cy0.75_layoutB__gamma_0.05__false_negative_suppression_y_js_0.05,0.049999999999999975,True,valid,1,0.7490618951448391,1.964195558220026,1.05,0.6964751958224542,2.89423617619494,3.0,0.6964751958224542,0.7490618951448391,3.0549111602741483,6.904031800904293
cx0.25_cy0.75_layoutB,false_negative_suppression_y_js_0.1,false_negative_suppression,y,0.1,0.05,cx0.25_cy0.75_layoutB__gamma_0.05__false_negative_suppression_y_js_0.1,0.10000000000000031,True,valid,1,0.875134130569964,2.310500965229332,2.1,0.5698433420365534,2.300458190148912,2.0,0.5698433420365534,0.875134130569964,2.5667431766262707,6.93750345582906
cx0.25_cy0.75_layoutB,false_negative_suppression_y_js_0.15,false_negative_suppression,y,0.15,0.05,cx0.25_cy0.75_layoutB__gamma_0.05__false_negative_suppression_y_js_0.15,0.1499999999999979,True,valid,1,0.8537011375473478,2.251568283822468,2.1,0.5574412532637075,2.1687939110070262,1.9500000000000002,0.5574412532637075,0.8537011375473478,2.5301542411869535,6.911355894488771
cx0.25_cy0.75_layoutC,oracle,oracle,,0.0,0.1,cx0.25_cy0.75_layoutC__gamma_0.1__oracle,0.0,True,valid,1,0.9224177045644054,2.541261416218629,1.1500000000000001,0.7727864583333333,3.1417017691659646,3.1500000000000004,0.7727864583333333,0.9224177045644054,3.481838141047932,6.520700128259975
cx0.25_cy0.75_layoutC,uniform_prior_baseline,uniform_prior_baseline,,,0.1,cx0.25_cy0.75_layoutC__gamma_0.1__uniform_prior_baseline,0.179960700072785,True,valid,1,0.28140858658143564,2.3253108699423186,2.5,0.443359375,2.1640969162995596,2.15,0.443359375,0.28140858658143564,1.8012459364073705,7.336936913707619
cx0.25_cy0.75_layoutC,diffuse_blur_js_0.05,diffuse_blur,,0.05,0.1,cx0.25_cy0.75_layoutC__gamma_0.1__diffuse_blur_js_0.05,0.05000000000000002,True,valid,1,0.8050846137207699,2.4136210646480616,2.3000000000000003,0.5540364583333333,2.479142185663925,2.3000000000000003,0.5540364583333333,0.8050846137207699,2.657482191725617,6.893784521055852
cx0.25_cy0.75_layoutC,diffuse_blur_js_0.1,diffuse_blur,,0.1,0.1,cx0.25_cy0.75_layoutC__gamma_0.1__diffuse_blur_js_0.1,0.10000000000000304,True,valid,1,0.6039003089570222,2.3344175106112237,2.3000000000000003,0.48958333333333337,2.1565159574468082,2.25,0.48958333333333337,0.6039003089570222,2.0871816714398634,7.19479437902474
cx0.25_cy0.75_layoutC,diffuse_blur_js_0.15,diffuse_blur,,0.15,0.1,cx0.25_cy0.75_layoutC__gamma_0.1__diffuse_blur_js_0.15,0.14999999999999997,True,valid,1,0.4452466690573963,2.3509040247615665,2.45,0.4615885416666667,2.1705923836389283,2.3000000000000003,0.4615885416666667,0.4452466690573963,1.8644668353143603,7.319970171854802
cx0.25_cy0.75_layoutC,spatial_shift_x_js_0.05,spatial_shift,x,0.05,0.1,cx0.25_cy0.75_layoutC__gamma_0.1__spatial_shift_x_js_0.05,0.0499999999999998,True,valid,1,0.7536957897564587,2.484838641316258,2.3000000000000003,0.5169270833333333,2.6814861460957182,2.2,0.5169270833333333,0.7536957897564587,2.36648810655687,6.562893679621976
cx0.25_cy0.75_layoutC,spatial_shift_x_js_0.1,spatial_shift,x,0.1,0.1,cx0.25_cy0.75_layoutC__gamma_0.1__spatial_shift_x_js_0.1,0.1,False,invalid,1,,,,,,,,,,6.56660028550296
cx0.25_cy0.75_layoutC,spatial_shift_x_js_0.15,spatial_shift,x,0.15,0.1,cx0.25_cy0.75_layoutC__gamma_0.1__spatial_shift_x_js_0.15,0.15000000000007424,True,valid,1,0.7123866734948524,2.313495808448713,2.3000000000000003,0.4947916666666667,2.138552631578947,1.9500000000000002,0.4947916666666667,0.7123866734948524,2.2045232554610226,6.562569700196127
cx0.25_cy0.75_layoutC,false_hotspot_x_js_0.05,false_hotspot,x,0.05,0.1,cx0.25_cy0.75_layoutC__gamma_0.1__false_hotspot_x_js_0.05,0.04999999999999999,True,valid,1,0.785686912065843,2.384093631119647,2.35,0.5546875,2.307746478873239,2.2,0.5546875,0.785686912065843,2.523009077016526,6.773389695498581
cx0.25_cy0.75_layoutC,false_hotspot_x_js_0.1,false_hotspot,x,0.1,0.1,cx0.25_cy0.75_layoutC__gamma_0.1__false_hotspot_x_js_0.1,0.10000000000004004,True,valid,1,0.8328080821117281,2.3795339015032644,2.45,0.564453125,2.094982698961938,2.0,0.564453125,0.8328080821117281,2.48353749459871,6.7813331111231525
cx0.25_cy0.75_layoutC,false_hotspot_x_js_0.15,false_hotspot,x,0.15,0.1,cx0.25_cy0.75_layoutC__gamma_0.1__false_hotspot_x_js_0.15,0.15,True,valid,1,0.6663853002975255,2.4802576774077205,2.5500000000000003,0.5247395833333333,1.9890198511166255,1.8,0.5247395833333333,0.6663853002975255,2.4887208240814793,6.731733125248906
cx0.25_cy0.75_layoutC,false_negative_suppression_x_js_0.05,false_negative_suppression,x,0.05,0.1,cx0.25_cy0.75_layoutC__gamma_0.1__false_negative_suppression_x_js_0.05,0.04999999999999994,True,valid,1,0.8672873102584282,2.6926835813204812,2.4000000000000004,0.57421875,2.599773242630386,2.4000000000000004,0.57421875,0.8672873102584282,2.6653864563035476,6.906218483901882
cx0.25_cy0.75_layoutC,false_negative_suppression_x_js_0.1,false_negative_suppression,x,0.1,0.1,cx0.25_cy0.75_layoutC__gamma_0.1__false_negative_suppression_x_js_0.1,0.09999999999999974,True,valid,1,0.8397653775179725,2.70468398656981,2.45,0.58203125,2.4855145413870243,2.4000000000000004,0.58203125,0.8397653775179725,2.583240607117488,6.940888065170363
cx0.25_cy0.75_layoutC,false_negative_suppression_x_js_0.15,false_negative_suppression,x,0.15,0.1,cx0.25_cy0.75_layoutC__gamma_0.1__false_negative_suppression_x_js_0.15,0.1500000000000001,True,valid,1,0.8307944141947156,2.722736225587739,2.45,0.5833333333333333,2.47109375,2.4000000000000004,0.5833333333333333,0.8307944141947156,2.552203559888538,6.915320588258955
cx0.25_cy0.75_layoutC,spatial_shift_y_js_0.05,spatial_shift,y,0.05,0.1,cx0.25_cy0.75_layoutC__gamma_0.1__spatial_shift_y_js_0.05,0.049999999999999836,False,invalid,1,,,,,,,,,,6.562893679621978
cx0.25_cy0.75_layoutC,spatial_shift_y_js_0.1,spatial_shift,y,0.1,0.1,cx0.25_cy0.75_layoutC__gamma_0.1__spatial_shift_y_js_0.1,0.1,True,valid,1,0.8239256203209936,2.8054787632053415,3.6,0.6705729166666665,2.94616504854369,2.85,0.6705729166666665,0.8239256203209936,2.791391963306048,6.566600285502961
cx0.25_cy0.75_layoutC,spatial_shift_y_js_0.15,spatial_shift,y,0.15,0.1,cx0.25_cy0.75_layoutC__gamma_0.1__spatial_shift_y_js_0.15,0.1500000000000743,True,valid,1,0.6839887807645462,2.858616520611135,3.5500000000000003,0.5774739583333333,2.891375422773394,2.45,0.5774739583333333,0.6839887807645462,2.699245070560529,6.562569700196127
cx0.25_cy0.75_layoutC,false_hotspot_y_js_0.05,false_hotspot,y,0.05,0.1,cx0.25_cy0.75_layoutC__gamma_0.1__false_hotspot_y_js_0.05,0.05,True,valid,1,0.7648273253381963,2.9640826315801934,3.5500000000000003,0.5475260416666666,2.863495838287753,2.6,0.5475260416666666,0.7648273253381963,2.685406727071718,6.773389695498581
cx0.25_cy0.75_layoutC,false_hotspot_y_js_0.1,false_hotspot,y,0.1,0.1,cx0.25_cy0.75_layoutC__gamma_0.1__false_hotspot_y_js_0.1,0.10000000000004008,True,valid,1,0.7409963940465667,3.373130486049488,3.7,0.5403645833333334,2.900240963855422,3.0500000000000003,0.5403645833333334,0.7409963940465667,2.6611395633686046,6.781333111123153
cx0.25_cy0.75_layoutC,false_hotspot_y_js_0.15,false_hotspot,y,0.15,0.1,cx0.25_cy0.75_layoutC__gamma_0.1__false_hotspot_y_js_0.15,0.14999999999999997,True,valid,1,0.7015916619948974,3.307780168560682,3.5,0.6360677083333333,2.903787103377687,2.85,0.6360677083333333,0.7015916619948974,2.7753059184007607,6.731733125248906
cx0.25_cy0.75_layoutC,false_negative_suppression_y_js_0.05,false_negative_suppression,y,0.05,0.1,cx0.25_cy0.75_layoutC__gamma_0.1__false_negative_suppression_y_js_0.05,0.04999999999999996,True,valid,1,0.8174482617537764,2.401375753990451,2.3000000000000003,0.546875,2.335714285714286,2.2,0.546875,0.8174482617537764,2.5751250212395336,6.906218483901882
cx0.25_cy0.75_layoutC,false_negative_suppression_y_js_0.1,false_negative_suppression,y,0.1,0.1,cx0.25_cy0.75_layoutC__gamma_0.1__false_negative_suppression_y_js_0.1,0.09999999999999967,True,valid,1,0.650133438192828,1.7243193449509637,1.05,0.6998697916666665,2.791255813953489,2.9000000000000004,0.6998697916666665,0.650133438192828,2.8625945693079085,6.940888065170364
cx0.25_cy0.75_layoutC,false_negative_suppression_y_js_0.15,false_negative_suppression,y,0.15,0.1,cx0.25_cy0.75_layoutC__gamma_0.1__false_negative_suppression_y_js_0.15,0.1500000000000001,False,invalid,1,,,,,,,,,,6.915320588258956
cx0.25_cy0.75_layoutC,oracle,oracle,,0.0,0.05,cx0.25_cy0.75_layoutC__gamma_0.05__oracle,0.0,True,valid,1,0.9438541284418073,2.4527528799617557,1.1500000000000001,0.791015625,3.2049794238683127,3.0500000000000003,0.791015625,0.9438541284418073,3.61305418069086,6.520700128259975
cx0.25_cy0.75_layoutC,uniform_prior_baseline,uniform_prior_baseline,,,0.05,cx0.25_cy0.75_layoutC__gamma_0.05__uniform_prior_baseline,0.179960700072785,True,valid,1,0.4582508883072793,2.7236939472662507,2.95,0.49609375000000006,2.2538713910761152,2.6,0.49609375000000006,0.4582508883072793,2.263235993473555,7.336936913707619
cx0.25_cy0.75_layoutC,diffuse_blur_js_0.05,diffuse_blur,,0.05,0.05,cx0.25_cy0.75_layoutC__gamma_0.05__diffuse_blur_js_0.05,0.05000000000000002,True,valid,1,0.8482620990961245,2.8141900291548647,3.4000000000000004,0.7200520833333333,3.0942585895117545,3.0,0.7200520833333333,0.8482620990961245,3.065464360974305,6.893784521055852
cx0.25_cy0.75_layoutC,diffuse_blur_js_0.1,diffuse_blur,,0.1,0.05,cx0.25_cy0.75_layoutC__gamma_0.05__diffuse_blur_js_0.1,0.10000000000000304,True,valid,1,0.7105441711090097,2.470496904727659,2.35,0.529296875,2.225092250922509,2.3000000000000003,0.529296875,0.7105441711090097,2.331451875481882,7.19479437902474
cx0.25_cy0.75_layoutC,diffuse_blur_js_0.15,diffuse_blur,,0.15,0.05,cx0.25_cy0.75_layoutC__gamma_0.05__diffuse_blur_js_0.15,0.14999999999999997,True,valid,1,0.5904234901913846,2.4658967382629573,2.4000000000000004,0.509765625,2.2098339719029374,2.35,0.509765625,0.5904234901913846,2.2062441451948502,7.319970171854802
cx0.25_cy0.75_layoutC,spatial_shift_x_js_0.05,spatial_shift,x,0.05,0.05,cx0.25_cy0.75_layoutC__gamma_0.05__spatial_shift_x_js_0.05,0.0499999999999998,True,valid,1,0.9469266818181585,1.8581166799813442,1.1500000000000001,0.7975260416666667,3.0371428571428565,2.9000000000000004,0.7975260416666667,0.9469266818181585,3.3818249078632157,6.562893679621976
cx0.25_cy0.75_layoutC,spatial_shift_x_js_0.1,spatial_shift,x,0.1,0.05,cx0.25_cy0.75_layoutC__gamma_0.05__spatial_shift_x_js_0.1,0.1,True,valid,1,0.9270025024847498,2.0422824497715295,1.1,0.7766927083333334,3.1918692372170994,3.1500000000000004,0.7766927083333334,0.9270025024847498,3.4224647251486773,6.56660028550296
cx0.25_cy0.75_layoutC,spatial_shift_x_js_0.15,spatial_shift,x,0.15,0.05,cx0.25_cy0.75_layoutC__gamma_0.05__spatial_shift_x_js_0.15,0.15000000000007424,True,valid,1,0.834110430625713,2.759166606862507,1.4000000000000001,0.7233072916666666,3.1131413141314135,3.0,0.7233072916666666,0.834110430625713,2.927896735345943,6.562569700196127
cx0.25_cy0.75_layoutC,false_hotspot_x_js_0.05,false_hotspot,x,0.05,0.05,cx0.25_cy0.75_layoutC__gamma_0.05__false_hotspot_x_js_0.05,0.04999999999999999,True,valid,1,0.9281378014049798,2.87448382582454,2.45,0.7942708333333334,2.9746311475409835,3.0,0.7942708333333334,0.9281378014049798,3.302266413878614,6.773389695498581
cx0.25_cy0.75_layoutC,false_hotspot_x_js_0.1,false_hotspot,x,0.1,0.05,cx0.25_cy0.75_layoutC__gamma_0.05__false_hotspot_x_js_0.1,0.10000000000004004,True,valid,1,0.7721350649079732,2.754321983829175,2.75,0.5598958333333333,2.4655232558139537,2.0500000000000003,0.5598958333333333,0.7721350649079732,2.8789228553875104,6.7813331111231525
cx0.25_cy0.75_layoutC,false_hotspot_x_js_0.15,false_hotspot,x,0.15,0.05,cx0.25_cy0.75_layoutC__gamma_0.05__false_hotspot_x_js_0.15,0.15,True,valid,1,0.6406851659829951,2.8857172007062157,3.0,0.5208333333333333,2.3844375,1.75,0.5208333333333333,0.6406851659829951,2.8835862252300397,6.731733125248906
cx0.25_cy0.75_layoutC,false_negative_suppression_x_js_0.05,false_negative_suppression,x,0.05,0.05,cx0.25_cy0.75_layoutC__gamma_0.05__false_negative_suppression_x_js_0.05,0.04999999999999994,True,valid,1,0.8978012324867135,2.521954416024313,2.0500000000000003,0.7799479166666667,3.039732888146911,3.1,0.7799479166666667,0.8978012324867135,3.1660250707564943,6.906218483901882
cx0.25_cy0.75_layoutC,false_negative_suppression_x_js_0.1,false_negative_suppression,x,0.1,0.05,cx0.25_cy0.75_layoutC__gamma_0.05__false_negative_suppression_x_js_0.1,0.09999999999999974,True,valid,1,0.9278512076415135,2.9078592446054294,3.7,0.7545572916666666,3.0874460742018983,3.1500000000000004,0.7545572916666666,0.9278512076415135,3.1080179084967803,6.940888065170363
cx0.25_cy0.75_layoutC,false_negative_suppression_x_js_0.15,false_negative_suppression,x,0.15,0.05,cx0.25_cy0.75_layoutC__gamma_0.05__false_negative_suppression_x_js_0.15,0.1500000000000001,True,valid,1,0.876639776116614,2.972114796520431,3.5,0.6888020833333333,3.0647448015122873,3.0,0.6888020833333333,0.876639776116614,3.06894568410069,6.915320588258955
cx0.25_cy0.75_layoutC,spatial_shift_y_js_0.05,spatial_shift,y,0.05,0.05,cx0.25_cy0.75_layoutC__gamma_0.05__spatial_shift_y_js_0.05,0.049999999999999836,True,valid,1,0.9099690649988986,2.9692212308805526,3.1,0.7565104166666666,3.399010327022375,3.4000000000000004,0.7565104166666666,0.9099690649988986,3.432863616204683,6.562893679621978
cx0.25_cy0.75_layoutC,spatial_shift_y_js_0.1,spatial_shift,y,0.1,0.05,cx0.25_cy0.75_layoutC__gamma_0.05__spatial_shift_y_js_0.1,0.1,True,valid,1,0.8902299055259876,2.169060426213076,1.1500000000000001,0.748046875,3.1310269799825936,2.9000000000000004,0.748046875,0.8902299055259876,3.2652692244119854,6.566600285502961
cx0.25_cy0.75_layoutC,spatial_shift_y_js_0.15,spatial_shift,y,0.15,0.05,cx0.25_cy0.75_layoutC__gamma_0.05__spatial_shift_y_js_0.15,0.1500000000000743,True,valid,1,0.924740351923054,2.47070278740118,1.3,0.7747395833333333,3.191764705882353,3.2,0.7747395833333333,0.924740351923054,3.1172554764466307,6.562569700196127
cx0.25_cy0.75_layoutC,false_hotspot_y_js_0.05,false_hotspot,y,0.05,0.05,cx0.25_cy0.75_layoutC__gamma_0.05__false_hotspot_y_js_0.05,0.05,True,valid,1,0.9426698795750039,2.0833092054319047,1.1,0.7955729166666667,3.0007364975450077,3.0,0.7955729166666667,0.9426698795750039,3.2768962753403157,6.773389695498581
cx0.25_cy0.75_layoutC,false_hotspot_y_js_0.1,false_hotspot,y,0.1,0.05,cx0.25_cy0.75_layoutC__gamma_0.05__false_hotspot_y_js_0.1,0.10000000000004008,True,valid,1,0.9296007622608692,3.860189514961394,4.15,0.8020833333333334,3.4044642857142855,3.35,0.8020833333333334,0.9296007622608692,3.175039129718651,6.781333111123153
cx0.25_cy0.75_layoutC,false_hotspot_y_js_0.15,false_hotspot,y,0.15,0.05,cx0.25_cy0.75_layoutC__gamma_0.05__false_hotspot_y_js_0.15,0.14999999999999997,True,valid,1,0.8998762846457773,4.5049690906545345,4.9,0.818359375,3.777963404932379,3.8000000000000003,0.818359375,0.8998762846457773,3.1755002910685493,6.731733125248906
cx0.25_cy0.75_layoutC,false_negative_suppression_y_js_0.05,false_negative_suppression,y,0.05,0.05,cx0.25_cy0.75_layoutC__gamma_0.05__false_negative_suppression_y_js_0.05,0.04999999999999996,True,valid,1,0.8838225057560787,3.0201796721102614,3.35,0.728515625,3.2032171581769435,3.1,0.728515625,0.8838225057560787,3.0729390604195346,6.906218483901882
cx0.25_cy0.75_layoutC,false_negative_suppression_y_js_0.1,false_negative_suppression,y,0.1,0.05,cx0.25_cy0.75_layoutC__gamma_0.05__false_negative_suppression_y_js_0.1,0.09999999999999967,False,invalid,1,,,,,,,,,,6.940888065170364
cx0.25_cy0.75_layoutC,false_negative_suppression_y_js_0.15,false_negative_suppression,y,0.15,0.05,cx0.25_cy0.75_layoutC__gamma_0.05__false_negative_suppression_y_js_0.15,0.1500000000000001,True,valid,1,0.7838198798097644,2.392005998739051,2.3000000000000003,0.5442708333333333,2.3419258373205745,2.15,0.5442708333333333,0.7838198798097644,2.5901011267840737,6.915320588258956
cx0.75_cy0.25_layoutA,oracle,oracle,,0.0,0.1,cx0.75_cy0.25_layoutA__gamma_0.1__oracle,0.0,True,valid,1,0.7774559323410147,1.7682963533206473,1.7000000000000002,0.4999999999999999,2.0696250000000003,1.7000000000000002,0.4999999999999999,0.7774559323410147,2.034187145775567,6.578060915954445
cx0.75_cy0.25_layoutA,uniform_prior_baseline,uniform_prior_baseline,,,0.1,cx0.75_cy0.25_layoutA__gamma_0.1__uniform_prior_baseline,0.17761808910339535,True,valid,1,0.2284305032069632,1.5983126880589953,1.1,0.46812499999999996,2.127903871829106,2.0500000000000003,0.46812499999999996,0.2284305032069632,1.7256191719011023,7.3777589082278725
cx0.75_cy0.25_layoutA,diffuse_blur_js_0.05,diffuse_blur,,0.05,0.1,cx0.75_cy0.25_layoutA__gamma_0.1__diffuse_blur_js_0.05,0.05000000000000003,True,valid,1,0.6693379646258385,1.5588634923024152,1.4000000000000001,0.46249999999999997,1.9530405405405413,1.4000000000000001,0.46249999999999997,0.6693379646258385,1.7234661815431966,6.955031128033966
cx0.75_cy0.25_layoutA,diffuse_blur_js_0.1,diffuse_blur,,0.1,0.1,cx0.75_cy0.25_layoutA__gamma_0.1__diffuse_blur_js_0.1,0.1000000000000024,True,valid,1,0.48783754598391665,1.4271695594519387,1.3,0.43187499999999995,1.8393632416787271,1.35,0.43187499999999995,0.48783754598391665,1.5561228363972475,7.245707093362399
cx0.75_cy0.25_layoutA,diffuse_blur_js_0.15,diffuse_blur,,0.15,0.1,cx0.75_cy0.25_layoutA__gamma_0.1__diffuse_blur_js_0.15,0.14999999999999997,True,valid,1,0.33272566004355136,1.4459577453199044,1.1500000000000001,0.43812499999999993,2.0455777460770337,2.0,0.43812499999999993,0.33272566004355136,1.6518216533046173,7.363477068235514
cx0.75_cy0.25_layoutA,spatial_shift_x_js_0.05,spatial_shift,x,0.05,0.1,cx0.75_cy0.25_layoutA__gamma_0.1__spatial_shift_x_js_0.05,0.04999999999999995,True,valid,1,0.570314772336584,1.6360198219771878,1.55,0.47062499999999996,1.9936254980079684,1.6,0.47062499999999996,0.570314772336584,1.8981273862532264,6.608903741747894
cx0.75_cy0.25_layoutA,spatial_shift_x_js_0.1,spatial_shift,x,0.1,0.1,cx0.75_cy0.25_layoutA__gamma_0.1__spatial_shift_x_js_0.1,0.10000000000000006,True,valid,1,0.45235153137124373,1.6187749140512095,1.4500000000000002,0.45374999999999993,1.9721763085399457,1.5,0.45374999999999993,0.45235153137124373,1.829648017503125,6.612099394116953
cx0.75_cy0.25_layoutA,spatial_shift_x_js_0.15,spatial_shift,x,0.15,0.1,cx0.75_cy0.25_layoutA__gamma_0.1__spatial_shift_x_js_0.15,0.1499999999999902,True,valid,1,0.3499626483497208,1.6456405952922475,1.35,0.43249999999999994,1.9760838150289022,1.4500000000000002,0.43249999999999994,0.3499626483497208,1.7445470026677234,6.612970172603993
cx0.75_cy0.25_layoutA,false_hotspot_x_js_0.05,false_hotspot,x,0.05,0.1,cx0.75_cy0.25_layoutA__gamma_0.1__false_hotspot_x_js_0.05,0.04999999999999999,True,valid,1,0.5664601661154757,1.4725207842205161,1.35,0.45249999999999996,1.925552486187846,1.4000000000000001,0.45249999999999996,0.5664601661154757,1.6753602020744607,6.822138897951177
cx0.75_cy0.25_layoutA,false_hotspot_x_js_0.1,false_hotspot,x,0.1,0.1,cx0.75_cy0.25_layoutA__gamma_0.1__false_hotspot_x_js_0.1,0.09999999999993847,True,valid,1,0.5531777122950883,1.862732858946007,1.6500000000000001,0.46562499999999996,2.0453691275167785,1.7000000000000002,0.46562499999999996,0.5531777122950883,1.633646875732063,6.825413626144936
cx0.75_cy0.25_layoutA,false_hotspot_x_js_0.15,false_hotspot,x,0.15,0.1,cx0.75_cy0.25_layoutA__gamma_0.1__false_hotspot_x_js_0.15,0.15000000000008953,True,valid,1,0.5626743863688884,2.271074711432196,2.35,0.5018749999999998,2.1653175591531766,2.2,0.5018749999999998,0.5626743863688884,1.6375241553707596,6.7718369415208555
cx0.75_cy0.25_layoutA,false_negative_suppression_x_js_0.05,false_negative_suppression,x,0.05,0.1,cx0.75_cy0.25_layoutA__gamma_0.1__false_negative_suppression_x_js_0.05,0.04999999999999996,True,valid,1,0.723037289391383,1.520589413845693,1.35,0.46687499999999993,1.9185408299866136,1.35,0.46687499999999993,0.723037289391383,1.766483803991321,6.955219953616121
cx0.75_cy0.25_layoutA,false_negative_suppression_x_js_0.1,false_negative_suppression,x,0.1,0.1,cx0.75_cy0.25_layoutA__gamma_0.1__false_negative_suppression_x_js_0.1,0.1,True,valid,1,0.6985329939047886,1.4397283618506724,1.3,0.46124999999999994,1.8999322493224937,1.35,0.46124999999999994,0.6985329939047886,1.7554932864919888,6.987929212448616
cx0.75_cy0.25_layoutA,false_negative_suppression_x_js_0.15,false_negative_suppression,x,0.15,0.1,cx0.75_cy0.25_layoutA__gamma_0.1__false_negative_suppression_x_js_0.15,0.15000000000000024,True,valid,1,0.6964873538905221,1.4343769062627534,1.3,0.45999999999999996,1.893478260869566,1.3,0.45999999999999996,0.6964873538905221,1.7634946283638806,6.961200685078866
cx0.75_cy0.25_layoutA,spatial_shift_y_js_0.05,spatial_shift,y,0.05,0.1,cx0.75_cy0.25_layoutA__gamma_0.1__spatial_shift_y_js_0.05,0.049999999999999954,True,valid,1,0.7335400178171286,1.8302213987971014,1.8,0.5143749999999998,1.9050425273390048,1.55,0.5143749999999998,0.7335400178171286,1.9127244354200126,6.608903741747893
cx0.75_cy0.25_layoutA,spatial_shift_y_js_0.1,spatial_shift,y,0.1,0.1,cx0.75_cy0.25_layoutA__gamma_0.1__spatial_shift_y_js_0.1,0.09999999999999999,True,valid,1,0.6521345659180573,1.8304493879988815,1.8,0.5031249999999998,1.8322981366459639,1.35,0.5031249999999998,0.6521345659180573,1.8569557511094656,6.612099394116952
cx0.75_cy0.25_layoutA,spatial_shift_y_js_0.15,spatial_shift,y,0.15,0.1,cx0.75_cy0.25_layoutA__gamma_0.1__spatial_shift_y_js_0.15,0.14999999999999022,True,valid,1,0.5465423662714498,1.8177596818556427,1.85,0.4837499999999999,1.7539405684754528,1.2000000000000002,0.4837499999999999,0.5465423662714498,1.8020262563639713,6.612970172603994
cx0.75_cy0.25_layoutA,false_hotspot_y_js_0.05,false_hotspot,y,0.05,0.1,cx0.75_cy0.25_layoutA__gamma_0.1__false_hotspot_y_js_0.05,0.05,True,valid,1,0.6793130398670155,1.6198380293607153,1.4500000000000002,0.46374999999999994,1.921091644204852,1.4000000000000001,0.46374999999999994,0.6793130398670155,1.7064696961511223,6.82213889795118
cx0.75_cy0.25_layoutA,false_hotspot_y_js_0.1,false_hotspot,y,0.1,0.1,cx0.75_cy0.25_layoutA__gamma_0.1__false_hotspot_y_js_0.1,0.09999999999993847,True,valid,1,0.554127240266398,1.4253563370405355,1.3,0.43937499999999996,1.886486486486487,1.25,0.43937499999999996,0.554127240266398,1.7090279463000044,6.825413626144936
cx0.75_cy0.25_layoutA,false_hotspot_y_js_0.15,false_hotspot,y,0.15,0.1,cx0.75_cy0.25_layoutA__gamma_0.1__false_hotspot_y_js_0.15,0.1500000000000895,True,valid,1,0.44195137477435453,1.3854232442589864,1.25,0.43187499999999995,1.8489869753979744,1.25,0.43187499999999995,0.44195137477435453,1.7451288287348674,6.771836941520855
cx0.75_cy0.25_layoutA,false_negative_suppression_y_js_0.05,false_negative_suppression,y,0.05,0.1,cx0.75_cy0.25_layoutA__gamma_0.1__false_negative_suppression_y_js_0.05,0.04999999999999996,True,valid,1,0.6490145647422567,1.5129366074250898,1.3,0.45562499999999995,1.9934842249657068,1.4500000000000002,0.45562499999999995,0.6490145647422567,1.7680548626616148,6.9552199536161226
cx0.75_cy0.25_layoutA,false_negative_suppression_y_js_0.1,false_negative_suppression,y,0.1,0.1,cx0.75_cy0.25_layoutA__gamma_0.1__false_negative_suppression_y_js_0.1,0.1,True,valid,1,0.6385835396478057,1.505317282610864,1.3,0.46562499999999996,1.9719463087248326,1.4500000000000002,0.46562499999999996,0.6385835396478057,1.7532174004373837,6.987929212448617
cx0.75_cy0.25_layoutA,false_negative_suppression_y_js_0.15,false_negative_suppression,y,0.15,0.1,cx0.75_cy0.25_layoutA__gamma_0.1__false_negative_suppression_y_js_0.15,0.15000000000000024,True,valid,1,0.6246892300116369,1.5528019703498643,1.3,0.46812499999999996,1.9851134846461957,1.5,0.46812499999999996,0.6246892300116369,1.7566103711352186,6.961200685078865
cx0.75_cy0.25_layoutA,oracle,oracle,,0.0,0.05,cx0.75_cy0.25_layoutA__gamma_0.05__oracle,0.0,True,valid,1,0.7759022890083237,2.0913923084088992,1.9500000000000002,0.5043749999999999,2.2802354399008675,1.9000000000000001,0.5043749999999999,0.7759022890083237,2.1615634706974634,6.578060915954445
cx0.75_cy0.25_layoutA,uniform_prior_baseline,uniform_prior_baseline,,,0.05,cx0.75_cy0.25_layoutA__gamma_0.05__uniform_prior_baseline,0.17761808910339535,True,valid,1,0.3545614369691842,1.5244243522442358,1.1500000000000001,0.5174999999999998,2.2781400966183583,2.5,0.5174999999999998,0.3545614369691842,2.1475202495562047,7.3777589082278725
cx0.75_cy0.25_layoutA,diffuse_blur_js_0.05,diffuse_blur,,0.05,0.05,cx0.75_cy0.25_layoutA__gamma_0.05__diffuse_blur_js_0.05,0.05000000000000003,True,valid,1,0.7911447560236207,1.9140931478606136,1.75,0.4949999999999999,2.163762626262627,1.6500000000000001,0.4949999999999999,0.7911447560236207,2.028052909288541,6.955031128033966
cx0.75_cy0.25_layoutA,diffuse_blur_js_0.1,diffuse_blur,,0.1,0.05,cx0.75_cy0.25_layoutA__gamma_0.05__diffuse_blur_js_0.1,0.1000000000000024,True,valid,1,0.6060547533906588,1.4695248275373003,1.2000000000000002,0.43562499999999993,2.1553802008608325,1.5,0.43562499999999993,0.6060547533906588,1.9667250539812513,7.245707093362399
cx0.75_cy0.25_layoutA,diffuse_blur_js_0.15,diffuse_blur,,0.15,0.05,cx0.75_cy0.25_layoutA__gamma_0.05__diffuse_blur_js_0.15,0.14999999999999997,True,valid,1,0.4499843398957189,1.4570589937258074,1.1500000000000001,0.475,2.221447368421053,2.25,0.475,0.4499843398957189,2.0906155145546594,7.363477068235514
cx0.75_cy0.25_layoutA,spatial_shift_x_js_0.05,spatial_shift,x,0.05,0.05,cx0.75_cy0.25_layoutA__gamma_0.05__spatial_shift_x_js_0.05,0.04999999999999995,True,valid,1,0.6938642734433809,2.2176312233378375,2.0500000000000003,0.48687499999999995,2.232477535301669,1.9500000000000002,0.48687499999999995,0.6938642734433809,2.0937451030270915,6.608903741747894
cx0.75_cy0.25_layoutA,spatial_shift_x_js_0.1,spatial_shift,x,0.1,0.05,cx0.75_cy0.25_layoutA__gamma_0.05__spatial_shift_x_js_0.1,0.10000000000000006,True,valid,1,0.5867130080671142,2.1681356140300356,1.9000000000000001,0.48624999999999996,2.22487146529563,1.9000000000000001,0.48624999999999996,0.5867130080671142,2.021300127469533,6.612099394116953
cx0.75_cy0.25_layoutA,spatial_shift_x_js_0.15,spatial_shift,x,0.15,0.05,cx0.75_cy0.25_layoutA__gamma_0.05__spatial_shift_x_js_0.15,0.1499999999999902,True,valid,1,0.4847162195421378,2.1622323324031956,1.85,0.47312499999999996,2.2166446499339503,1.85,0.47312499999999996,0.4847162195421378,1.9788149444493264,6.612970172603993
cx0.75_cy0.25_layoutA,false_hotspot_x_js_0.05,false_hotspot,x,0.05,0.05,cx0.75_cy0.25_layoutA__gamma_0.05__false_hotspot_x_js_0.05,0.04999999999999999,True,valid,1,0.7254539221598277,1.8559993039113287,1.8,0.4843749999999999,2.1263870967741942,1.8,0.4843749999999999,0.7254539221598277,2.099225696654641,6.822138897951177
cx0.75_cy0.25_layoutA,false_hotspot_x_js_0.1,false_hotspot,x,0.1,0.05,cx0.75_cy0.25_layoutA__gamma_0.05__false_hotspot_x_js_0.1,0.09999999999993847,True,valid,1,0.7218303994607969,2.8403737466314407,3.1500000000000004,0.516875,2.4292019347037486,2.45,0.516875,0.7218303994607969,1.9501833371710213,6.825413626144936
cx0.75_cy0.25_layoutA,false_hotspot_x_js_0.15,false_hotspot,x,0.15,0.05,cx0.75_cy0.25_layoutA__gamma_0.05__false_hotspot_x_js_0.15,0.15000000000008953,True,valid,1,0.6039801486664688,3.100727450795451,3.4000000000000004,0.5287499999999998,2.534101654846337,2.85,0.5287499999999998,0.6039801486664688,1.9667043276650908,6.7718369415208555
cx0.75_cy0.25_layoutA,false_negative_suppression_x_js_0.05,false_negative_suppression,x,0.05,0.05,cx0.75_cy0.25_layoutA__gamma_0.05__false_negative_suppression_x_js_0.05,0.04999999999999996,True,valid,1,0.8811952715221374,2.0792166259276077,1.8,0.556875,2.1826038159371497,1.75,0.556875,0.8811952715221374,2.043306633799547,6.955219953616121
cx0.75_cy0.25_layoutA,false_negative_suppression_x_js_0.1,false_negative_suppression,x,0.1,0.05,cx0.75_cy0.25_layoutA__gamma_0.05__false_negative_suppression_x_js_0.1,0.1,True,valid,1,0.8193216710484891,1.6773214931505442,1.4000000000000001,0.5043749999999999,2.1032837670384144,1.4500000000000002,0.5043749999999999,0.8193216710484891,2.12902001071053,6.987929212448616
cx0.75_cy0.25_layoutA,false_negative_suppression_x_js_0.15,false_negative_suppression,x,0.15,0.05,cx0.75_cy0.25_layoutA__gamma_0.05__false_negative_suppression_x_js_0.15,0.15000000000000024,True,valid,1,0.8023399654115054,1.601405383517177,1.35,0.50125,2.113216957605985,1.4500000000000002,0.50125,0.8023399654115054,2.2366099011585914,6.961200685078866
cx0.75_cy0.25_layoutA,spatial_shift_y_js_0.05,spatial_shift,y,0.05,0.05,cx0.75_cy0.25_layoutA__gamma_0.05__spatial_shift_y_js_0.05,0.049999999999999954,True,valid,1,0.7552498142428614,2.1072932806854183,2.1,0.5343749999999998,2.0339181286549715,1.55,0.5343749999999998,0.7552498142428614,2.1110066220846324,6.608903741747893
cx0.75_cy0.25_layoutA,spatial_shift_y_js_0.1,spatial_shift,y,0.1,0.05,cx0.75_cy0.25_layoutA__gamma_0.05__spatial_shift_y_js_0.1,0.09999999999999999,True,valid,1,0.7487861224756465,2.1348254940154217,2.15,0.54125,1.9605080831408777,1.55,0.54125,0.7487861224756465,2.052406772389133,6.612099394116952
cx0.75_cy0.25_layoutA,spatial_shift_y_js_0.15,spatial_shift,y,0.15,0.05,cx0.75_cy0.25_layoutA__gamma_0.05__spatial_shift_y_js_0.15,0.14999999999999022,True,valid,1,0.733539643928085,2.1839089455579668,2.25,0.5374999999999999,1.9241860465116285,1.4500000000000002,0.5374999999999999,0.733539643928085,2.0120439795930714,6.612970172603994
cx0.75_cy0.25_layoutA,false_hotspot_y_js_0.05,false_hotspot,y,0.05,0.05,cx0.75_cy0.25_layoutA__gamma_0.05__false_hotspot_y_js_0.05,0.05,True,valid,1,0.8280386423063193,2.3099197676530756,2.15,0.5925,2.1950421940928275,2.0,0.5925,0.8280386423063193,2.0577343912938773,6.82213889795118
cx0.75_cy0.25_layoutA,false_hotspot_y_js_0.1,false_hotspot,y,0.1,0.05,cx0.75_cy0.25_layoutA__gamma_0.05__false_hotspot_y_js_0.1,0.09999999999993847,True,valid,1,0.8967301552364122,2.1430212512175295,2.1,0.6056250000000001,2.0891124871001034,1.9000000000000001,0.6056250000000001,0.8967301552364122,2.132642574719479,6.825413626144936
cx0.75_cy0.25_layoutA,false_hotspot_y_js_0.15,false_hotspot,y,0.15,0.05,cx0.75_cy0.25_layoutA__gamma_0.05__false_hotspot_y_js_0.15,0.1500000000000895,True,valid,1,0.6689747746418304,1.6485707329054609,1.4500000000000002,0.48124999999999996,2.0742207792207794,1.4500000000000002,0.48124999999999996,0.6689747746418304,2.1169076469436927,6.771836941520855
cx0.75_cy0.25_layoutA,false_negative_suppression_y_js_0.05,false_negative_suppression,y,0.05,0.05,cx0.75_cy0.25_layoutA__gamma_0.05__false_negative_suppression_y_js_0.05,0.04999999999999996,True,valid,1,0.8148496523911741,2.606433859529501,3.0500000000000003,0.5618749999999999,2.33364849833148,2.25,0.5618749999999999,0.8148496523911741,2.038673391660571,6.9552199536161226
cx0.75_cy0.25_layoutA,false_negative_suppression_y_js_0.1,false_negative_suppression,y,0.1,0.05,cx0.75_cy0.25_layoutA__gamma_0.05__false_negative_suppression_y_js_0.1,0.1,True,valid,1,0.6772494370339739,1.9762447723336836,1.7000000000000002,0.48749999999999993,2.238012820512821,1.7000000000000002,0.48749999999999993,0.6772494370339739,2.1944946535051533,6.987929212448617
cx0.75_cy0.25_layoutA,false_negative_suppression_y_js_0.15,false_negative_suppression,y,0.15,0.05,cx0.75_cy0.25_layoutA__gamma_0.05__false_negative_suppression_y_js_0.15,0.15000000000000024,True,valid,1,0.5944884072300267,1.659459887225185,1.3,0.47687499999999994,2.273197903014417,1.7000000000000002,0.47687499999999994,0.5944884072300267,2.27716685636816,6.961200685078865
cx0.75_cy0.25_layoutB,oracle,oracle,,0.0,0.1,cx0.75_cy0.25_layoutB__gamma_0.1__oracle,0.0,True,valid,1,0.7936406855176067,1.8100108101758083,1.7000000000000002,0.4967362924281984,2.1687910643889623,1.85,0.4967362924281984,0.7936406855176067,2.032845956130951,6.526106681399355
cx0.75_cy0.25_layoutB,uniform_prior_baseline,uniform_prior_baseline,,,0.1,cx0.75_cy0.25_layoutB__gamma_0.1__uniform_prior_baseline,0.18077981645461028,True,valid,1,0.2958633603155106,1.4744239851437537,1.1,0.45169712793733674,2.172254335260116,2.2,0.45169712793733674,0.2958633603155106,1.8224542782905755,7.334329350300537
cx0.75_cy0.25_layoutB,diffuse_blur_js_0.05,diffuse_blur,,0.05,0.1,cx0.75_cy0.25_layoutB__gamma_0.1__diffuse_blur_js_0.05,0.05000000000000002,True,valid,1,0.6622345861813801,1.5286026179070293,1.35,0.4490861618798955,2.0000000000000004,1.5,0.4490861618798955,0.6622345861813801,1.715652265658528,6.909647697325839
cx0.75_cy0.25_layoutB,diffuse_blur_js_0.1,diffuse_blur,,0.1,0.1,cx0.75_cy0.25_layoutB__gamma_0.1__diffuse_blur_js_0.1,0.09999999999999984,True,valid,1,0.47667653977554064,1.3479237967528654,1.2000000000000002,0.41318537859007826,1.8340442338072676,1.4500000000000002,0.41318537859007826,0.47667653977554064,1.5373400677212623,7.199791948064258
cx0.75_cy0.25_layoutB,diffuse_blur_js_0.15,diffuse_blur,,0.15,0.1,cx0.75_cy0.25_layoutB__gamma_0.1__diffuse_blur_js_0.15,0.14999999999999974,True,valid,1,0.3764350005446767,1.396992978450082,1.1500000000000001,0.4118798955613576,2.0535657686212367,1.8,0.4118798955613576,0.3764350005446767,1.6858128591719392,7.3175564306615435
cx0.75_cy0.25_layoutB,spatial_shift_x_js_0.05,spatial_shift,x,0.05,0.1,cx0.75_cy0.25_layoutB__gamma_0.1__spatial_shift_x_js_0.05,0.050000000000000086,True,valid,1,0.7573832228795363,2.386586753494513,2.7,0.5006527415143603,2.283181225554107,2.4000000000000004,0.5006527415143603,0.7573832228795363,1.7450440377709497,6.539179010953625
cx0.75_cy0.25_layoutB,spatial_shift_x_js_0.1,spatial_shift,x,0.1,0.1,cx0.75_cy0.25_layoutB__gamma_0.1__spatial_shift_x_js_0.1,0.10000000000009318,True,valid,1,0.5706910462000694,2.3304587633933727,2.6,0.4654046997389033,2.2353436185133244,2.4000000000000004,0.4654046997389033,0.5706910462000694,1.6814172975634618,6.537632339171867
cx0.75_cy0.25_layoutB,spatial_shift_x_js_0.15,spatial_shift,x,0.15,0.1,cx0.75_cy0.25_layoutB__gamma_0.1__spatial_shift_x_js_0.15,0.14999999999999997,True,valid,1,0.39450403100229825,2.2619461936435483,2.5500000000000003,0.43146214099216706,2.208547655068079,2.35,0.43146214099216706,0.39450403100229825,1.6345763829048834,6.536697052693569
cx0.75_cy0.25_layoutB,false_hotspot_x_js_0.05,false_hotspot,x,0.05,0.1,cx0.75_cy0.25_layoutB__gamma_0.1__false_hotspot_x_js_0.05,0.049999999999999996,True,valid,1,0.5744141845183335,1.4971610247265341,1.35,0.43603133159268925,1.9742514970059883,1.4500000000000002,0.43603133159268925,0.5744141845183335,1.6818556116290078,6.775754850768547
cx0.75_cy0.25_layoutB,false_hotspot_x_js_0.1,false_hotspot,x,0.1,0.1,cx0.75_cy0.25_layoutB__gamma_0.1__false_hotspot_x_js_0.1,0.1,True,valid,1,0.5545523558743841,1.8744559585622336,1.6500000000000001,0.45365535248041766,2.078992805755396,1.75,0.45365535248041766,0.5545523558743841,1.6422815852539976,6.782370292068332
cx0.75_cy0.25_layoutB,false_hotspot_x_js_0.15,false_hotspot,x,0.15,0.1,cx0.75_cy0.25_layoutB__gamma_0.1__false_hotspot_x_js_0.15,0.15000000000008157,True,valid,1,0.5787235909409411,2.276795843937274,2.35,0.5013054830287206,2.1621093750000004,2.1,0.5013054830287206,0.5787235909409411,1.6464063233368873,6.731527523045912
cx0.75_cy0.25_layoutB,false_negative_suppression_x_js_0.05,false_negative_suppression,x,0.05,0.1,cx0.75_cy0.25_layoutB__gamma_0.1__false_negative_suppression_x_js_0.05,0.04999999999999996,True,valid,1,0.7339775598803734,1.5511960614863314,1.4000000000000001,0.4634464751958224,1.9933098591549296,1.4500000000000002,0.4634464751958224,0.7339775598803734,1.7660922326020432,6.904031800904293
cx0.75_cy0.25_layoutB,false_negative_suppression_x_js_0.1,false_negative_suppression,x,0.1,0.1,cx0.75_cy0.25_layoutB__gamma_0.1__false_negative_suppression_x_js_0.1,0.10000000000000031,True,valid,1,0.7037906442716415,1.454935494916499,1.3,0.4530026109660574,1.958789625360231,1.4000000000000001,0.4530026109660574,0.7037906442716415,1.7526020464716552,6.93750345582906
cx0.75_cy0.25_layoutB,false_negative_suppression_x_js_0.15,false_negative_suppression,x,0.15,0.1,cx0.75_cy0.25_layoutB__gamma_0.1__false_negative_suppression_x_js_0.15,0.1499999999999979,True,valid,1,0.7008786116451391,1.4469995635152209,1.3,0.4523498694516971,1.9583694083694088,1.4000000000000001,0.4523498694516971,0.7008786116451391,1.7614277779956287,6.911355894488772
cx0.75_cy0.25_layoutB,spatial_shift_y_js_0.05,spatial_shift,y,0.05,0.1,cx0.75_cy0.25_layoutB__gamma_0.1__spatial_shift_y_js_0.05,0.05000000000000007,True,valid,1,0.7435117911637026,1.8834859979780236,1.85,0.48955613577023493,2.0352,1.75,0.48955613577023493,0.7435117911637026,1.9095236399075708,6.539179010953624
cx0.75_cy0.25_layoutB,spatial_shift_y_js_0.1,spatial_shift,y,0.1,0.1,cx0.75_cy0.25_layoutB__gamma_0.1__spatial_shift_y_js_0.1,0.10000000000009318,True,valid,1,0.6699731886824619,1.9006937043762906,1.85,0.47258485639686676,1.9812845303867408,1.6500000000000001,0.47258485639686676,0.6699731886824619,1.8389760962880768,6.537632339171867
cx0.75_cy0.25_layoutB,spatial_shift_y_js_0.15,spatial_shift,y,0.15,0.1,cx0.75_cy0.25_layoutB__gamma_0.1__spatial_shift_y_js_0.15,0.14999999999999997,True,valid,1,0.4213408565101261,1.77766717681904,1.5,0.40274151436031325,1.9974068071312807,1.3,0.40274151436031325,0.4213408565101261,1.6554412800217122,6.536697052693569
cx0.75_cy0.25_layoutB,false_hotspot_y_js_0.05,false_hotspot,y,0.05,0.1,cx0.75_cy0.25_layoutB__gamma_0.1__false_hotspot_y_js_0.05,0.05000000000000002,True,valid,1,0.6763419064406877,1.6043188122928451,1.4500000000000002,0.4477806788511749,2.0134110787172013,1.5,0.4477806788511749,0.6763419064406877,1.7065426628687432,6.775754850768547
cx0.75_cy0.25_layoutB,false_hotspot_y_js_0.1,false_hotspot,y,0.1,0.1,cx0.75_cy0.25_layoutB__gamma_0.1__false_hotspot_y_js_0.1,0.10000000000000002,True,valid,1,0.5522815231536367,1.4428139252148653,1.3,0.41710182767624016,1.9639280125195624,1.35,0.41710182767624016,0.5522815231536367,1.7118954358236436,6.782370292068332
cx0.75_cy0.25_layoutB,false_hotspot_y_js_0.15,false_hotspot,y,0.15,0.1,cx0.75_cy0.25_layoutB__gamma_0.1__false_hotspot_y_js_0.15,0.15000000000008154,True,valid,1,0.46266553281983536,1.4051750378011703,1.25,0.41253263707571797,1.9129746835443042,1.4000000000000001,0.41253263707571797,0.46266553281983536,1.7477394812294234,6.731527523045912
cx0.75_cy0.25_layoutB,false_negative_suppression_y_js_0.05,false_negative_suppression,y,0.05,0.1,cx0.75_cy0.25_layoutB__gamma_0.1__false_negative_suppression_y_js_0.05,0.04999999999999996,True,valid,1,0.6607743217065097,1.5384228598713239,1.3,0.4556135770234986,2.019699140401147,1.5,0.4556135770234986,0.6607743217065097,1.765560501270911,6.904031800904293
cx0.75_cy0.25_layoutB,false_negative_suppression_y_js_0.1,false_negative_suppression,y,0.1,0.1,cx0.75_cy0.25_layoutB__gamma_0.1__false_negative_suppression_y_js_0.1,0.10000000000000032,True,valid,1,0.6345893595891201,1.4926185332346305,1.25,0.4549608355091383,1.9799139167862272,1.4500000000000002,0.4549608355091383,0.6345893595891201,1.7546893360468294,6.937503455829059
cx0.75_cy0.25_layoutB,false_negative_suppression_y_js_0.15,false_negative_suppression,y,0.15,0.1,cx0.75_cy0.25_layoutB__gamma_0.1__false_negative_suppression_y_js_0.15,0.1499999999999979,True,valid,1,0.6264092780453456,1.5169690826896567,1.25,0.45626631853785893,1.980257510729614,1.4500000000000002,0.45626631853785893,0.6264092780453456,1.7535391956211406,6.911355894488771
cx0.75_cy0.25_layoutB,oracle,oracle,,0.0,0.05,cx0.75_cy0.25_layoutB__gamma_0.05__oracle,0.0,True,valid,1,0.7804488929680997,2.1004719051889587,1.9000000000000001,0.49347258485639683,2.4234126984126987,2.0500000000000003,0.49347258485639683,0.7804488929680997,2.15799478834826,6.526106681399355
cx0.75_cy0.25_layoutB,uniform_prior_baseline,uniform_prior_baseline,,,0.05,cx0.75_cy0.25_layoutB__gamma_0.05__uniform_prior_baseline,0.18077981645461028,True,valid,1,0.40497551394916403,1.4358894044354447,1.1500000000000001,0.4986945169712793,2.228795811518325,2.4000000000000004,0.4986945169712793,0.40497551394916403,2.233883445142559,7.334329350300537
cx0.75_cy0.25_layoutB,diffuse_blur_js_0.05,diffuse_blur,,0.05,0.05,cx0.75_cy0.25_layoutB__gamma_0.05__diffuse_blur_js_0.05,0.05000000000000002,True,valid,1,0.8452929799448787,2.1901086118465103,2.15,0.5280678851174934,2.2677997527812117,2.0,0.5280678851174934,0.8452929799448787,1.963340357112122,6.909647697325839
cx0.75_cy0.25_layoutB,diffuse_blur_js_0.1,diffuse_blur,,0.1,0.05,cx0.75_cy0.25_layoutB__gamma_0.05__diffuse_blur_js_0.1,0.09999999999999984,True,valid,1,0.7000213047427939,1.7900698791306684,1.6,0.46605744125326365,2.177450980392157,1.6500000000000001,0.46605744125326365,0.7000213047427939,1.9226236110309638,7.199791948064258
cx0.75_cy0.25_layoutB,diffuse_blur_js_0.15,diffuse_blur,,0.15,0.05,cx0.75_cy0.25_layoutB__gamma_0.05__diffuse_blur_js_0.15,0.14999999999999974,True,valid,1,0.5315777493655105,1.4219241919219925,1.2000000000000002,0.4712793733681461,2.178047091412743,2.3000000000000003,0.4712793733681461,0.5315777493655105,2.2122978277318706,7.3175564306615435
cx0.75_cy0.25_layoutB,spatial_shift_x_js_0.05,spatial_shift,x,0.05,0.05,cx0.75_cy0.25_layoutB__gamma_0.05__spatial_shift_x_js_0.05,0.050000000000000086,True,valid,1,0.7026014311683737,2.3286546336646605,2.1,0.4640992167101827,2.4135021097046416,2.2,0.4640992167101827,0.7026014311683737,2.1275336045399933,6.539179010953625
cx0.75_cy0.25_layoutB,spatial_shift_x_js_0.1,spatial_shift,x,0.1,0.05,cx0.75_cy0.25_layoutB__gamma_0.05__spatial_shift_x_js_0.1,0.10000000000009318,True,valid,1,0.6334824861116917,2.3952105194989604,2.0500000000000003,0.466710182767624,2.412797202797203,2.15,0.466710182767624,0.6334824861116917,2.021208987396319,6.537632339171867
cx0.75_cy0.25_layoutB,spatial_shift_x_js_0.15,spatial_shift,x,0.15,0.05,cx0.75_cy0.25_layoutB__gamma_0.05__spatial_shift_x_js_0.15,0.14999999999999997,True,valid,1,0.6990794879941903,3.0321099256058957,3.3000000000000003,0.48890339425587465,2.6050066755674233,3.2,0.48890339425587465,0.6990794879941903,1.8548673934978883,6.536697052693569
cx0.75_cy0.25_layoutB,false_hotspot_x_js_0.05,false_hotspot,x,0.05,0.05,cx0.75_cy0.25_layoutB__gamma_0.05__false_hotspot_x_js_0.05,0.049999999999999996,True,valid,1,0.7501898692616579,2.099080161237427,1.8,0.4856396866840731,2.279166666666667,1.8,0.4856396866840731,0.7501898692616579,1.9428661485164143,6.775754850768547
cx0.75_cy0.25_layoutB,false_hotspot_x_js_0.1,false_hotspot,x,0.1,0.05,cx0.75_cy0.25_layoutB__gamma_0.05__false_hotspot_x_js_0.1,0.1,True,valid,1,0.740480319014882,2.8548408630943443,3.2,0.5385117493472584,2.4423030303030306,2.5,0.5385117493472584,0.740480319014882,1.957802608392208,6.782370292068332
cx0.75_cy0.25_layoutB,false_hotspot_x_js_0.15,false_hotspot,x,0.15,0.05,cx0.75_cy0.25_layoutB__gamma_0.05__false_hotspot_x_js_0.15,0.15000000000008157,True,valid,1,0.6194641958285072,3.10285568028041,3.4000000000000004,0.5574412532637075,2.5464285714285717,2.9000000000000004,0.5574412532637075,0.6194641958285072,1.9694494999955514,6.731527523045912
cx0.75_cy0.25_layoutB,false_negative_suppression_x_js_0.05,false_negative_suppression,x,0.05,0.05,cx0.75_cy0.25_layoutB__gamma_0.05__false_negative_suppression_x_js_0.05,0.04999999999999996,True,valid,1,0.8691023573463716,2.192288369572399,1.9500000000000002,0.5515665796344646,2.313076923076924,2.0500000000000003,0.5515665796344646,0.8691023573463716,2.0073076297693335,6.904031800904293
cx0.75_cy0.25_layoutB,false_negative_suppression_x_js_0.1,false_negative_suppression,x,0.1,0.05,cx0.75_cy0.25_layoutB__gamma_0.05__false_negative_suppression_x_js_0.1,0.10000000000000031,True,valid,1,0.8661532998650375,1.933449663067891,1.55,0.5300261096605744,2.2331280788177343,1.75,0.5300261096605744,0.8661532998650375,2.0904627233207833,6.93750345582906
cx0.75_cy0.25_layoutB,false_negative_suppression_x_js_0.15,false_negative_suppression,x,0.15,0.05,cx0.75_cy0.25_layoutB__gamma_0.05__false_negative_suppression_x_js_0.15,0.1499999999999979,True,valid,1,0.8340202974718118,1.691677064971517,1.35,0.5150130548302871,2.2189480354879594,1.6,0.5150130548302871,0.8340202974718118,2.1798440785864286,6.911355894488772
cx0.75_cy0.25_layoutB,spatial_shift_y_js_0.05,spatial_shift,y,0.05,0.05,cx0.75_cy0.25_layoutB__gamma_0.05__spatial_shift_y_js_0.05,0.05000000000000007,True,valid,1,0.751716110819212,2.12886668492554,2.0500000000000003,0.5097911227154046,2.2044814340588994,1.9500000000000002,0.5097911227154046,0.751716110819212,2.1414004860305047,6.539179010953624
cx0.75_cy0.25_layoutB,spatial_shift_y_js_0.1,spatial_shift,y,0.1,0.05,cx0.75_cy0.25_layoutB__gamma_0.05__spatial_shift_y_js_0.1,0.10000000000009318,True,valid,1,0.752617291979595,2.166842149595688,2.1,0.5130548302872062,2.131552162849873,1.9500000000000002,0.5130548302872062,0.752617291979595,2.0583030010003074,6.537632339171867
cx0.75_cy0.25_layoutB,spatial_shift_y_js_0.15,spatial_shift,y,0.15,0.05,cx0.75_cy0.25_layoutB__gamma_0.05__spatial_shift_y_js_0.15,0.14999999999999997,True,valid,1,0.732449615566808,1.9812466193630687,1.9500000000000002,0.4902088772845953,2.181757656458056,1.85,0.4902088772845953,0.732449615566808,1.8985681189697212,6.536697052693569
cx0.75_cy0.25_layoutB,false_hotspot_y_js_0.05,false_hotspot,y,0.05,0.05,cx0.75_cy0.25_layoutB__gamma_0.05__false_hotspot_y_js_0.05,0.05000000000000002,True,valid,1,0.7980848057875134,2.3041779083899456,2.1,0.5633159268929503,2.30034762456547,2.15,0.5633159268929503,0.7980848057875134,2.055103664144365,6.775754850768547
cx0.75_cy0.25_layoutB,false_hotspot_y_js_0.1,false_hotspot,y,0.1,0.05,cx0.75_cy0.25_layoutB__gamma_0.05__false_hotspot_y_js_0.1,0.10000000000000002,True,valid,1,0.8877191798653752,2.1691863700805256,2.15,0.5802872062663185,2.1978627671541062,2.2,0.5802872062663185,0.8877191798653752,2.1445962474302647,6.782370292068332
cx0.75_cy0.25_layoutB,false_hotspot_y_js_0.15,false_hotspot,y,0.15,0.05,cx0.75_cy0.25_layoutB__gamma_0.05__false_hotspot_y_js_0.15,0.15000000000008154,True,valid,1,0.6655904833596356,1.6492337503975822,1.4000000000000001,0.4634464751958224,2.1673239436619722,1.55,0.4634464751958224,0.6655904833596356,2.1132712079754548,6.731527523045912
cx0.75_cy0.25_layoutB,false_negative_suppression_y_js_0.05,false_negative_suppression,y,0.05,0.05,cx0.75_cy0.25_layoutB__gamma_0.05__false_negative_suppression_y_js_0.05,0.04999999999999996,True,valid,1,0.8064106930384722,2.594900050596622,3.1,0.5469973890339426,2.4217183770883053,2.6500000000000004,0.5469973890339426,0.8064106930384722,2.009862955136249,6.904031800904293
cx0.75_cy0.25_layoutB,false_negative_suppression_y_js_0.1,false_negative_suppression,y,0.1,0.05,cx0.75_cy0.25_layoutB__gamma_0.05__false_negative_suppression_y_js_0.1,0.10000000000000032,True,valid,1,0.8220445855916857,2.5576675051311595,3.0,0.531331592689295,2.3960687960687967,2.5,0.531331592689295,0.8220445855916857,2.09040677292956,6.937503455829059
cx0.75_cy0.25_layoutB,false_negative_suppression_y_js_0.15,false_negative_suppression,y,0.15,0.05,cx0.75_cy0.25_layoutB__gamma_0.05__false_negative_suppression_y_js_0.15,0.1499999999999979,True,valid,1,0.7805058944742961,2.9177700277688663,3.4000000000000004,0.5424281984334204,2.5571600481347776,3.25,0.5424281984334204,0.7805058944742961,2.1551609618402834,6.911355894488771
cx0.75_cy0.25_layoutC,oracle,oracle,,0.0,0.1,cx0.75_cy0.25_layoutC__gamma_0.1__oracle,0.0,True,valid,1,0.7919273475090425,1.8516128519378894,1.7000000000000002,0.5026041666666667,2.1709196891191707,1.85,0.5026041666666667,0.7919273475090425,2.0318302013795138,6.520700128259975
cx0.75_cy0.25_layoutC,uniform_prior_baseline,uniform_prior_baseline,,,0.1,cx0.75_cy0.25_layoutC__gamma_0.1__uniform_prior_baseline,0.17996070007278503,True,valid,1,0.2883299468207706,1.5239643884268501,1.1500000000000001,0.443359375,2.1640969162995596,2.15,0.443359375,0.2883299468207706,1.8012459364073705,7.336936913707619
cx0.75_cy0.25_layoutC,diffuse_blur_js_0.05,diffuse_blur,,0.05,0.1,cx0.75_cy0.25_layoutC__gamma_0.1__diffuse_blur_js_0.05,0.04999999999999999,True,valid,1,0.6683396764120262,1.593516974753565,1.4000000000000001,0.4576822916666667,2.0187766714082502,1.55,0.4576822916666667,0.6683396764120262,1.7258024647508952,6.893784521055853
cx0.75_cy0.25_layoutC,diffuse_blur_js_0.1,diffuse_blur,,0.1,0.1,cx0.75_cy0.25_layoutC__gamma_0.1__diffuse_blur_js_0.1,0.10000000000000311,True,valid,1,0.4738463640863448,1.3999537209160131,1.25,0.42578125,1.844954128440367,1.55,0.42578125,0.4738463640863448,1.545674983277671,7.194794379024742
cx0.75_cy0.25_layoutC,diffuse_blur_js_0.15,diffuse_blur,,0.15,0.1,cx0.75_cy0.25_layoutC__gamma_0.1__diffuse_blur_js_0.15,0.15000000000000002,True,valid,1,0.3516220993017064,1.4563129338147167,1.2000000000000002,0.4127604166666667,2.0674290220820186,2.0500000000000003,0.4127604166666667,0.3516220993017064,1.6683722253699664,7.319970171854803
cx0.75_cy0.25_layoutC,spatial_shift_x_js_0.05,spatial_shift,x,0.05,0.1,cx0.75_cy0.25_layoutC__gamma_0.1__spatial_shift_x_js_0.05,0.04999999999999974,True,valid,1,0.6752848085761943,2.309237576905803,2.5500000000000003,0.486328125,2.213253012048193,2.0500000000000003,0.486328125,0.6752848085761943,1.7130004998011528,6.562893679621976
cx0.75_cy0.25_layoutC,spatial_shift_x_js_0.1,spatial_shift,x,0.1,0.1,cx0.75_cy0.25_layoutC__gamma_0.1__spatial_shift_x_js_0.1,0.1,True,valid,1,0.5748765006555445,2.3252079099275007,2.5500000000000003,0.47591145833333337,2.184610123119015,2.2,0.47591145833333337,0.5748765006555445,1.6787395047168023,6.56660028550296
cx0.75_cy0.25_layoutC,spatial_shift_x_js_0.15,spatial_shift,x,0.15,0.1,cx0.75_cy0.25_layoutC__gamma_0.1__spatial_shift_x_js_0.15,0.1500000000000743,True,valid,1,0.5045168286372476,2.3119396072032776,2.5,0.46744791666666674,2.1651810584958215,2.25,0.46744791666666674,0.5045168286372476,1.6475305800082907,6.562569700196127
cx0.75_cy0.25_layoutC,false_hotspot_x_js_0.05,false_hotspot,x,0.05,0.1,cx0.75_cy0.25_layoutC__gamma_0.1__false_hotspot_x_js_0.05,0.05,True,valid,1,0.574902137999881,1.5532411150495211,1.35,0.453125,1.9938936781609198,1.55,0.453125,0.574902137999881,1.6817919764359726,6.773389695498581
cx0.75_cy0.25_layoutC,false_hotspot_x_js_0.1,false_hotspot,x,0.1,0.1,cx0.75_cy0.25_layoutC__gamma_0.1__false_hotspot_x_js_0.1,0.10000000000004006,True,valid,1,0.5473396744100223,1.8926024136553339,1.7000000000000002,0.46679687500000006,2.068828451882845,1.75,0.46679687500000006,0.5473396744100223,1.6433865986548697,6.7813331111231525
cx0.75_cy0.25_layoutC,false_hotspot_x_js_0.15,false_hotspot,x,0.15,0.1,cx0.75_cy0.25_layoutC__gamma_0.1__false_hotspot_x_js_0.15,0.15,True,valid,1,0.5679538573157158,2.26119250987049,2.35,0.49934895833333337,2.14973924380704,2.0,0.49934895833333337,0.5679538573157158,1.6502115977154348,6.731733125248906
cx0.75_cy0.25_layoutC,false_negative_suppression_x_js_0.05,false_negative_suppression,x,0.05,0.1,cx0.75_cy0.25_layoutC__gamma_0.1__false_negative_suppression_x_js_0.05,0.04999999999999995,True,valid,1,0.7111265364067366,1.534753449395671,1.35,0.46484375000000006,1.9761904761904763,1.4500000000000002,0.46484375000000006,0.7111265364067366,1.7606939399135004,6.906218483901882
cx0.75_cy0.25_layoutC,false_negative_suppression_x_js_0.1,false_negative_suppression,x,0.1,0.1,cx0.75_cy0.25_layoutC__gamma_0.1__false_negative_suppression_x_js_0.1,0.09999999999999967,True,valid,1,0.6987478666081961,1.490222690607321,1.35,0.4635416666666667,1.9571629213483148,1.4000000000000001,0.4635416666666667,0.6987478666081961,1.7514243212228184,6.940888065170364
cx0.75_cy0.25_layoutC,false_negative_suppression_x_js_0.15,false_negative_suppression,x,0.15,0.1,cx0.75_cy0.25_layoutC__gamma_0.1__false_negative_suppression_x_js_0.15,0.15000000000000008,True,valid,1,0.6931867864370377,1.4822700379967906,1.35,0.46223958333333337,1.952887323943662,1.4000000000000001,0.46223958333333337,0.6931867864370377,1.759359300524122,6.915320588258953
cx0.75_cy0.25_layoutC,spatial_shift_y_js_0.05,spatial_shift,y,0.05,0.1,cx0.75_cy0.25_layoutC__gamma_0.1__spatial_shift_y_js_0.05,0.04999999999999978,True,valid,1,0.6415813214782886,1.7311376788536736,1.55,0.4440104166666667,2.063856304985337,1.4500000000000002,0.4440104166666667,0.6415813214782886,1.715444254042579,6.562893679621977
cx0.75_cy0.25_layoutC,spatial_shift_y_js_0.1,spatial_shift,y,0.1,0.1,cx0.75_cy0.25_layoutC__gamma_0.1__spatial_shift_y_js_0.1,0.1,True,valid,1,0.5029582063740116,1.7249158274157346,1.4500000000000002,0.4166666666666667,2.0174999999999996,1.3,0.4166666666666667,0.5029582063740116,1.6921373975047893,6.566600285502961
cx0.75_cy0.25_layoutC,spatial_shift_y_js_0.15,spatial_shift,y,0.15,0.1,cx0.75_cy0.25_layoutC__gamma_0.1__spatial_shift_y_js_0.15,0.15000000000007424,True,valid,1,0.3888274975976372,1.7002389168180563,1.4000000000000001,0.39973958333333337,1.966449511400651,1.25,0.39973958333333337,0.3888274975976372,1.6745235273552619,6.562569700196127
cx0.75_cy0.25_layoutC,false_hotspot_y_js_0.05,false_hotspot,y,0.05,0.1,cx0.75_cy0.25_layoutC__gamma_0.1__false_hotspot_y_js_0.05,0.049999999999999996,True,valid,1,0.6596618272469834,1.6165425682292278,1.4000000000000001,0.45247395833333337,2.003741007194244,1.4500000000000002,0.45247395833333337,0.6596618272469834,1.7066575985018866,6.773389695498581
cx0.75_cy0.25_layoutC,false_hotspot_y_js_0.1,false_hotspot,y,0.1,0.1,cx0.75_cy0.25_layoutC__gamma_0.1__false_hotspot_y_js_0.1,0.10000000000004006,True,valid,1,0.5523599995617947,1.469463021865795,1.35,0.43684895833333337,1.9508196721311473,1.4000000000000001,0.43684895833333337,0.5523599995617947,1.7162147255021896,6.781333111123153
cx0.75_cy0.25_layoutC,false_hotspot_y_js_0.15,false_hotspot,y,0.15,0.1,cx0.75_cy0.25_layoutC__gamma_0.1__false_hotspot_y_js_0.15,0.14999999999999997,True,valid,1,0.45737141780352714,1.4470083500634034,1.3,0.43098958333333337,1.9104229607250751,1.4500000000000002,0.43098958333333337,0.45737141780352714,1.755065161106945,6.731733125248906
cx0.75_cy0.25_layoutC,false_negative_suppression_y_js_0.05,false_negative_suppression,y,0.05,0.1,cx0.75_cy0.25_layoutC__gamma_0.1__false_negative_suppression_y_js_0.05,0.04999999999999996,True,valid,1,0.6466943022370719,1.5921535437266994,1.3,0.4609375,2.0385593220338984,1.55,0.4609375,0.6466943022370719,1.7609044500440256,6.906218483901882
cx0.75_cy0.25_layoutC,false_negative_suppression_y_js_0.1,false_negative_suppression,y,0.1,0.1,cx0.75_cy0.25_layoutC__gamma_0.1__false_negative_suppression_y_js_0.1,0.09999999999999967,True,valid,1,0.621041120529623,1.5257613781272354,1.3,0.462890625,1.9997890295358647,1.5,0.462890625,0.621041120529623,1.7518652163254682,6.9408880651703635
cx0.75_cy0.25_layoutC,false_negative_suppression_y_js_0.15,false_negative_suppression,y,0.15,0.1,cx0.75_cy0.25_layoutC__gamma_0.1__false_negative_suppression_y_js_0.15,0.15000000000000008,True,valid,1,0.6169798288370029,1.552994725026213,1.3,0.46484375000000006,2.005112044817927,1.5,0.46484375000000006,0.6169798288370029,1.7520834401648433,6.915320588258956
cx0.75_cy0.25_layoutC,oracle,oracle,,0.0,0.05,cx0.75_cy0.25_layoutC__gamma_0.05__oracle,0.0,True,valid,1,0.7833591294617754,2.158274713642195,2.0,0.49739583333333337,2.39044502617801,2.1,0.49739583333333337,0.7833591294617754,2.161145713463085,6.520700128259975
cx0.75_cy0.25_layoutC,uniform_prior_baseline,uniform_prior_baseline,,,0.05,cx0.75_cy0.25_layoutC__gamma_0.05__uniform_prior_baseline,0.17996070007278503,True,valid,1,0.40546044849572926,1.4915803810078485,1.2000000000000002,0.49609375000000006,2.2538713910761152,2.6,0.49609375000000006,0.40546044849572926,2.263235993473555,7.336936913707619
cx0.75_cy0.25_layoutC,diffuse_blur_js_0.05,diffuse_blur,,0.05,0.05,cx0.75_cy0.25_layoutC__gamma_0.05__diffuse_blur_js_0.05,0.04999999999999999,True,valid,1,0.8648638153713936,2.368326232700766,2.45,0.5501302083333333,2.3048520710059175,2.2,0.5501302083333333,0.8648638153713936,1.965193452569551,6.893784521055853
cx0.75_cy0.25_layoutC,diffuse_blur_js_0.1,diffuse_blur,,0.1,0.05,cx0.75_cy0.25_layoutC__gamma_0.05__diffuse_blur_js_0.1,0.10000000000000311,True,valid,1,0.6501333737028342,1.6640534735498733,1.4500000000000002,0.45247395833333337,2.177122302158273,1.55,0.45247395833333337,0.6501333737028342,1.9242301783298048,7.194794379024742
cx0.75_cy0.25_layoutC,diffuse_blur_js_0.15,diffuse_blur,,0.15,0.05,cx0.75_cy0.25_layoutC__gamma_0.05__diffuse_blur_js_0.15,0.15000000000000002,True,valid,1,0.5275496034980391,1.5123422273454283,1.25,0.47591145833333337,2.2602599179206564,2.5,0.47591145833333337,0.5275496034980391,2.201826715337288,7.319970171854803
cx0.75_cy0.25_layoutC,spatial_shift_x_js_0.05,spatial_shift,x,0.05,0.05,cx0.75_cy0.25_layoutC__gamma_0.05__spatial_shift_x_js_0.05,0.04999999999999974,True,valid,1,0.6951322986058215,2.918160943413439,3.4000000000000004,0.537109375,2.530060606060606,3.0,0.537109375,0.6951322986058215,2.002710853494355,6.562893679621976
cx0.75_cy0.25_layoutC,spatial_shift_x_js_0.1,spatial_shift,x,0.1,0.05,cx0.75_cy0.25_layoutC__gamma_0.05__spatial_shift_x_js_0.1,0.1,True,valid,1,0.6958267905444512,3.050507516005057,3.45,0.5299479166666666,2.5587837837837837,3.1500000000000004,0.5299479166666666,0.6958267905444512,1.969273381277278,6.56660028550296
cx0.75_cy0.25_layoutC,spatial_shift_x_js_0.15,spatial_shift,x,0.15,0.05,cx0.75_cy0.25_layoutC__gamma_0.05__spatial_shift_x_js_0.15,0.1500000000000743,True,valid,1,0.675583831287536,3.17798503996631,3.4000000000000004,0.5846354166666666,3.1988864142538977,3.5,0.5846354166666666,0.675583831287536,2.265402951272023,6.562569700196127
cx0.75_cy0.25_layoutC,false_hotspot_x_js_0.05,false_hotspot,x,0.05,0.05,cx0.75_cy0.25_layoutC__gamma_0.05__false_hotspot_x_js_0.05,0.05,True,valid,1,0.8118210304710154,2.435064163090636,2.25,0.5247395833333333,2.3219602977667497,2.0,0.5247395833333333,0.8118210304710154,1.9069576276332174,6.773389695498581
cx0.75_cy0.25_layoutC,false_hotspot_x_js_0.1,false_hotspot,x,0.1,0.05,cx0.75_cy0.25_layoutC__gamma_0.05__false_hotspot_x_js_0.1,0.10000000000004006,True,valid,1,0.7257430518719395,2.927449454970917,3.25,0.541015625,2.473766546329723,2.7,0.541015625,0.7257430518719395,1.910960281801051,6.7813331111231525
cx0.75_cy0.25_layoutC,false_hotspot_x_js_0.15,false_hotspot,x,0.15,0.05,cx0.75_cy0.25_layoutC__gamma_0.05__false_hotspot_x_js_0.15,0.15,True,valid,1,0.621131247614803,3.10620610679186,3.4000000000000004,0.5475260416666666,2.5522592152199763,2.95,0.5475260416666666,0.621131247614803,1.9765903427499394,6.731733125248906
cx0.75_cy0.25_layoutC,false_negative_suppression_x_js_0.05,false_negative_suppression,x,0.05,0.05,cx0.75_cy0.25_layoutC__gamma_0.05__false_negative_suppression_x_js_0.05,0.04999999999999995,True,valid,1,0.879625927493501,2.1922614426023594,1.9500000000000002,0.5553385416666666,2.2770222743259088,1.9500000000000002,0.5553385416666666,0.879625927493501,2.0028111889370117,6.906218483901882
cx0.75_cy0.25_layoutC,false_negative_suppression_x_js_0.1,false_negative_suppression,x,0.1,0.05,cx0.75_cy0.25_layoutC__gamma_0.05__false_negative_suppression_x_js_0.1,0.09999999999999967,True,valid,1,0.839614025757859,1.846010431696178,1.5,0.517578125,2.1872327044025157,1.6500000000000001,0.517578125,0.839614025757859,2.0903605216381136,6.940888065170364
cx0.75_cy0.25_layoutC,false_negative_suppression_x_js_0.15,false_negative_suppression,x,0.15,0.05,cx0.75_cy0.25_layoutC__gamma_0.05__false_negative_suppression_x_js_0.15,0.15000000000000008,True,valid,1,0.8125270310467898,1.6894326128681236,1.35,0.5071614583333334,2.185430038510911,1.55,0.5071614583333334,0.8125270310467898,2.1768835217436693,6.915320588258953
cx0.75_cy0.25_layoutC,spatial_shift_y_js_0.05,spatial_shift,y,0.05,0.05,cx0.75_cy0.25_layoutC__gamma_0.05__spatial_shift_y_js_0.05,0.04999999999999978,True,valid,1,0.8285943036244771,2.0011113200702995,1.85,0.51953125,2.2541979949874693,1.85,0.51953125,0.8285943036244771,2.063292981816084,6.562893679621977
cx0.75_cy0.25_layoutC,spatial_shift_y_js_0.1,spatial_shift,y,0.1,0.05,cx0.75_cy0.25_layoutC__gamma_0.05__spatial_shift_y_js_0.1,0.1,True,valid,1,0.7084598244252511,1.889596915230509,1.6,0.47265625000000006,2.1919421487603303,1.6,0.47265625000000006,0.7084598244252511,2.0264233858461913,6.566600285502961
cx0.75_cy0.25_layoutC,spatial_shift_y_js_0.15,spatial_shift,y,0.15,0.05,cx0.75_cy0.25_layoutC__gamma_0.05__spatial_shift_y_js_0.15,0.15000000000007424,True,valid,1,0.6080765620353029,2.0260341558973947,1.55,0.451171875,2.166161616161616,1.4500000000000002,0.451171875,0.6080765620353029,1.983918683038922,6.562569700196127
cx0.75_cy0.25_layoutC,false_hotspot_y_js_0.05,false_hotspot,y,0.05,0.05,cx0.75_cy0.25_layoutC__gamma_0.05__false_hotspot_y_js_0.05,0.049999999999999996,True,valid,1,0.8561938271283093,2.342835292671847,2.25,0.5651041666666667,2.288997695852534,2.3000000000000003,0.5651041666666667,0.8561938271283093,2.0453623992445777,6.773389695498581
cx0.75_cy0.25_layoutC,false_hotspot_y_js_0.1,false_hotspot,y,0.1,0.05,cx0.75_cy0.25_layoutC__gamma_0.05__false_hotspot_y_js_0.1,0.10000000000004006,True,valid,1,0.8301925569810927,1.9916610650371025,1.85,0.541015625,2.14705174488568,1.9000000000000001,0.541015625,0.8301925569810927,2.0540818845322386,6.781333111123153
cx0.75_cy0.25_layoutC,false_hotspot_y_js_0.15,false_hotspot,y,0.15,0.05,cx0.75_cy0.25_layoutC__gamma_0.05__false_hotspot_y_js_0.15,0.14999999999999997,True,valid,1,0.6397309034746708,1.6332590790186297,1.4000000000000001,0.46614583333333337,2.149790502793296,1.5,0.46614583333333337,0.6397309034746708,2.114943816928089,6.731733125248906
cx0.75_cy0.25_layoutC,false_negative_suppression_y_js_0.05,false_negative_suppression,y,0.05,0.05,cx0.75_cy0.25_layoutC__gamma_0.05__false_negative_suppression_y_js_0.05,0.04999999999999996,True,valid,1,0.7652677629610349,2.665711614377498,3.1500000000000004,0.546875,2.4051785714285714,2.6500000000000004,0.546875,0.7652677629610349,2.004872896167762,6.906218483901882
cx0.75_cy0.25_layoutC,false_negative_suppression_y_js_0.1,false_negative_suppression,y,0.1,0.05,cx0.75_cy0.25_layoutC__gamma_0.05__false_negative_suppression_y_js_0.1,0.09999999999999967,True,valid,1,0.7376702168098441,2.8732371337534426,3.35,0.544921875,2.472939068100358,2.9000000000000004,0.544921875,0.7376702168098441,2.0780373704267032,6.9408880651703635
cx0.75_cy0.25_layoutC,false_negative_suppression_y_js_0.15,false_negative_suppression,y,0.15,0.05,cx0.75_cy0.25_layoutC__gamma_0.05__false_negative_suppression_y_js_0.15,0.15000000000000008,True,valid,1,0.7784315896409271,2.895920067496056,3.35,0.5592447916666666,2.542025611175786,3.2,0.5592447916666666,0.7784315896409271,2.1394902824138087,6.915320588258956
cx0.75_cy0.75_layoutA,oracle,oracle,,0.0,0.1,cx0.75_cy0.75_layoutA__gamma_0.1__oracle,0.0,True,valid,1,0.7471515223123313,2.0154090835422447,1.35,0.39375,1.4114285714285717,0.8500000000000001,0.39375,0.7471515223123313,1.498458579255745,6.578060915954445
cx0.75_cy0.75_layoutA,uniform_prior_baseline,uniform_prior_baseline,,,0.1,cx0.75_cy0.75_layoutA__gamma_0.1__uniform_prior_baseline,0.17761808910339535,True,valid,1,0.7611534475951551,3.5109764646618324,3.2,0.46812499999999996,2.127903871829106,2.0500000000000003,0.46812499999999996,0.7611534475951551,1.7256191719011023,7.3777589082278725
cx0.75_cy0.75_layoutA,diffuse_blur_js_0.05,diffuse_blur,,0.05,0.1,cx0.75_cy0.75_layoutA__gamma_0.1__diffuse_blur_js_0.05,0.05000000000000003,True,valid,1,0.7765538428252632,2.3344869954093097,1.9500000000000002,0.40249999999999997,1.586413043478261,0.9,0.40249999999999997,0.7765538428252632,1.6401466869206554,6.955031128033966
cx0.75_cy0.75_layoutA,diffuse_blur_js_0.1,diffuse_blur,,0.1,0.1,cx0.75_cy0.75_layoutA__gamma_0.1__diffuse_blur_js_0.1,0.10000000000000238,True,valid,1,0.7865082196982949,2.9252304534922713,3.0500000000000003,0.43374999999999997,1.8325648414985591,1.25,0.43374999999999997,0.7865082196982949,1.6656491264172493,7.245707093362399
cx0.75_cy0.75_layoutA,diffuse_blur_js_0.15,diffuse_blur,,0.15,0.1,cx0.75_cy0.75_layoutA__gamma_0.1__diffuse_blur_js_0.15,0.14999999999999997,True,valid,1,0.7774213763134068,3.3607055958765977,3.1500000000000004,0.4618749999999999,2.04810554803789,1.9500000000000002,0.4618749999999999,0.7774213763134068,1.7101187203881976,7.363477068235513
cx0.75_cy0.75_layoutA,spatial_shift_x_js_0.05,spatial_shift,x,0.05,0.1,cx0.75_cy0.75_layoutA__gamma_0.1__spatial_shift_x_js_0.05,0.05000000000000003,True,valid,1,0.8525350097241244,2.9147041387857993,2.85,0.5025,1.7416666666666671,1.05,0.5025,0.8525350097241244,1.5630336803192553,6.608903741747893
cx0.75_cy0.75_layoutA,spatial_shift_x_js_0.1,spatial_shift,x,0.1,0.1,cx0.75_cy0.75_layoutA__gamma_0.1__spatial_shift_x_js_0.1,0.10000000000000005,True,valid,1,0.8007491835933418,2.762380843456806,2.9000000000000004,0.46374999999999994,1.678706199460917,1.0,0.46374999999999994,0.8007491835933418,1.504623402229583,6.612099394116953
cx0.75_cy0.75_layoutA,spatial_shift_x_js_0.15,spatial_shift,x,0.15,0.1,cx0.75_cy0.75_layoutA__gamma_0.1__spatial_shift_x_js_0.15,0.1499999999999903,True,valid,1,0.8126916545457004,2.906385375471222,2.95,0.4924999999999999,1.717385786802031,1.05,0.4924999999999999,0.8126916545457004,1.5502572825636556,6.612970172603993
cx0.75_cy0.75_layoutA,false_hotspot_x_js_0.05,false_hotspot,x,0.05,0.1,cx0.75_cy0.75_layoutA__gamma_0.1__false_hotspot_x_js_0.05,0.05,True,valid,1,0.7467061516087034,2.2590791979452063,1.55,0.41374999999999995,1.5642749244712995,0.9,0.41374999999999995,0.7467061516087034,1.9084068862077037,6.82213889795118
cx0.75_cy0.75_layoutA,false_hotspot_x_js_0.1,false_hotspot,x,0.1,0.1,cx0.75_cy0.75_layoutA__gamma_0.1__false_hotspot_x_js_0.1,0.09999999999993846,True,valid,1,0.8070806136595186,2.9489429141045185,3.5,0.538125,1.80150987224158,1.25,0.538125,0.8070806136595186,2.041543930309227,6.825413626144936
cx0.75_cy0.75_layoutA,false_hotspot_x_js_0.15,false_hotspot,x,0.15,0.1,cx0.75_cy0.75_layoutA__gamma_0.1__false_hotspot_x_js_0.15,0.15000000000008956,True,valid,1,0.7444434900004421,3.560962470121714,3.2,0.5318749999999999,1.8813160987074036,1.2000000000000002,0.5318749999999999,0.7444434900004421,1.7269688013385505,6.771836941520855
cx0.75_cy0.75_layoutA,false_negative_suppression_x_js_0.05,false_negative_suppression,x,0.05,0.1,cx0.75_cy0.75_layoutA__gamma_0.1__false_negative_suppression_x_js_0.05,0.049999999999999975,True,valid,1,0.7530314317415098,2.0148331919170595,1.4500000000000002,0.3825,1.4161764705882351,0.8500000000000001,0.3825,0.7530314317415098,1.4047684875810384,6.9552199536161226
cx0.75_cy0.75_layoutA,false_negative_suppression_x_js_0.1,false_negative_suppression,x,0.1,0.1,cx0.75_cy0.75_layoutA__gamma_0.1__false_negative_suppression_x_js_0.1,0.10000000000000002,True,valid,1,0.7623276297804836,2.0333113107925667,1.7000000000000002,0.38687499999999997,1.4135702746365106,0.8500000000000001,0.38687499999999997,0.7623276297804836,1.4072810465060817,6.987929212448616
cx0.75_cy0.75_layoutA,false_negative_suppression_x_js_0.15,false_negative_suppression,x,0.15,0.1,cx0.75_cy0.75_layoutA__gamma_0.1__false_negative_suppression_x_js_0.15,0.15000000000000022,True,valid,1,0.75899970031061,2.0390033461434824,1.8,0.3875,1.41,0.8500000000000001,0.3875,0.75899970031061,1.3937388311157795,6.961200685078865
cx0.75_cy0.75_layoutA,spatial_shift_y_js_0.05,spatial_shift,y,0.05,0.1,cx0.75_cy0.75_layoutA__gamma_0.1__spatial_shift_y_js_0.05,0.05000000000000004,True,valid,1,0.7561053315761274,2.608240728720492,1.85,0.399375,1.6656494522691705,0.9,0.399375,0.7561053315761274,1.486733696788125,6.608903741747893
cx0.75_cy0.75_layoutA,spatial_shift_y_js_0.1,spatial_shift,y,0.1,0.1,cx0.75_cy0.75_layoutA__gamma_0.1__spatial_shift_y_js_0.1,0.10000000000000003,True,valid,1,0.7370834257149429,2.911256883367722,3.0500000000000003,0.4075,1.751226993865031,0.9500000000000001,0.4075,0.7370834257149429,1.521271805095932,6.612099394116952
cx0.75_cy0.75_layoutA,spatial_shift_y_js_0.15,spatial_shift,y,0.15,0.1,cx0.75_cy0.75_layoutA__gamma_0.1__spatial_shift_y_js_0.15,0.1499999999999903,True,valid,1,0.6986723995997954,3.113294597841077,3.1,0.41062499999999996,1.7778538812785394,0.9500000000000001,0.41062499999999996,0.6986723995997954,1.5640058575979818,6.612970172603992
cx0.75_cy0.75_layoutA,false_hotspot_y_js_0.05,false_hotspot,y,0.05,0.1,cx0.75_cy0.75_layoutA__gamma_0.1__false_hotspot_y_js_0.05,0.05,True,valid,1,0.7739222212699387,2.784926011173664,2.95,0.4262499999999999,1.7427419354838716,1.1500000000000001,0.4262499999999999,0.7739222212699387,1.6907021533722908,6.822138897951179
cx0.75_cy0.75_layoutA,false_hotspot_y_js_0.1,false_hotspot,y,0.1,0.1,cx0.75_cy0.75_layoutA__gamma_0.1__false_hotspot_y_js_0.1,0.09999999999993846,True,valid,1,0.7319240366167924,3.2656181606080135,3.0500000000000003,0.43812499999999993,1.8771754636233957,1.3,0.43812499999999993,0.7319240366167924,1.7211947020561025,6.825413626144936
cx0.75_cy0.75_layoutA,false_hotspot_y_js_0.15,false_hotspot,y,0.15,0.1,cx0.75_cy0.75_layoutA__gamma_0.1__false_hotspot_y_js_0.15,0.15000000000008953,True,valid,1,0.6774191124016115,3.53388586101214,3.2,0.459375,1.9088435374149664,1.4000000000000001,0.459375,0.6774191124016115,1.72711287521438,6.771836941520855
cx0.75_cy0.75_layoutA,false_negative_suppression_y_js_0.05,false_negative_suppression,y,0.05,0.1,cx0.75_cy0.75_layoutA__gamma_0.1__false_negative_suppression_y_js_0.05,0.04999999999999998,True,valid,1,0.7518659940020158,2.2435298829174393,2.5500000000000003,0.4206249999999999,1.4920505200594358,0.9,0.4206249999999999,0.7518659940020158,1.377371056008232,6.9552199536161226
cx0.75_cy0.75_layoutA,false_negative_suppression_y_js_0.1,false_negative_suppression,y,0.1,0.1,cx0.75_cy0.75_layoutA__gamma_0.1__false_negative_suppression_y_js_0.1,0.10000000000000002,True,valid,1,0.8133034565846315,2.5386104273336585,2.35,0.47687499999999994,1.5467889908256882,1.0,0.47687499999999994,0.8133034565846315,1.4072799098211255,6.987929212448617
cx0.75_cy0.75_layoutA,false_negative_suppression_y_js_0.15,false_negative_suppression,y,0.15,0.1,cx0.75_cy0.75_layoutA__gamma_0.1__false_negative_suppression_y_js_0.15,0.15000000000000027,True,valid,1,0.7849611987373862,2.37387420033531,2.3000000000000003,0.47124999999999995,1.4684350132626,1.0,0.47124999999999995,0.7849611987373862,1.3937389122994772,6.961200685078866
cx0.75_cy0.75_layoutA,oracle,oracle,,0.0,0.05,cx0.75_cy0.75_layoutA__gamma_0.05__oracle,0.0,True,valid,1,0.7827316178627678,1.997044389551514,1.3,0.40812499999999996,1.5077335375191425,0.9,0.40812499999999996,0.7827316178627678,1.89995692192391,6.578060915954445
cx0.75_cy0.75_layoutA,uniform_prior_baseline,uniform_prior_baseline,,,0.05,cx0.75_cy0.75_layoutA__gamma_0.05__uniform_prior_baseline,0.17761808910339535,True,valid,1,0.7869670396186361,3.563964611421948,3.6500000000000004,0.5174999999999998,2.2781400966183583,2.5,0.5174999999999998,0.7869670396186361,2.1475202495562047,7.3777589082278725
cx0.75_cy0.75_layoutA,diffuse_blur_js_0.05,diffuse_blur,,0.05,0.05,cx0.75_cy0.75_layoutA__gamma_0.05__diffuse_blur_js_0.05,0.05000000000000003,True,valid,1,0.8282313105559755,2.484711241712048,1.9500000000000002,0.43749999999999994,1.7542142857142857,1.05,0.43749999999999994,0.8282313105559755,2.19254205770682,6.955031128033966
cx0.75_cy0.75_layoutA,diffuse_blur_js_0.1,diffuse_blur,,0.1,0.05,cx0.75_cy0.75_layoutA__gamma_0.05__diffuse_blur_js_0.1,0.10000000000000238,True,valid,1,0.8042539144656562,2.9640613220617418,3.5,0.46749999999999997,1.9236631016042784,1.4500000000000002,0.46749999999999997,0.8042539144656562,2.1621594968403914,7.245707093362399
cx0.75_cy0.75_layoutA,diffuse_blur_js_0.15,diffuse_blur,,0.15,0.05,cx0.75_cy0.75_layoutA__gamma_0.05__diffuse_blur_js_0.15,0.14999999999999997,True,valid,1,0.7810626581535991,3.388097775356881,3.6,0.5018749999999998,2.1593399750934004,2.2,0.5018749999999998,0.7810626581535991,2.1443762332679066,7.363477068235513
cx0.75_cy0.75_layoutA,spatial_shift_x_js_0.05,spatial_shift,x,0.05,0.05,cx0.75_cy0.75_layoutA__gamma_0.05__spatial_shift_x_js_0.05,0.05000000000000003,True,valid,1,0.7197059609169645,2.4108433158053484,1.85,0.39999999999999997,1.5653125000000003,0.8500000000000001,0.39999999999999997,0.7197059609169645,1.853834479543738,6.608903741747893
cx0.75_cy0.75_layoutA,spatial_shift_x_js_0.1,spatial_shift,x,0.1,0.05,cx0.75_cy0.75_layoutA__gamma_0.05__spatial_shift_x_js_0.1,0.10000000000000005,True,valid,1,0.7376011151949821,2.65928910840444,3.5,0.42999999999999994,1.6568313953488374,0.9,0.42999999999999994,0.7376011151949821,1.8676297789463894,6.612099394116953
cx0.75_cy0.75_layoutA,spatial_shift_x_js_0.15,spatial_shift,x,0.15,0.05,cx0.75_cy0.75_layoutA__gamma_0.05__spatial_shift_x_js_0.15,0.1499999999999903,True,valid,1,0.7838156889627611,2.9212481732829905,3.5,0.47,1.7762632978723405,1.05,0.47,0.7838156889627611,1.854865615960416,6.612970172603993
cx0.75_cy0.75_layoutA,false_hotspot_x_js_0.05,false_hotspot,x,0.05,0.05,cx0.75_cy0.75_layoutA__gamma_0.05__false_hotspot_x_js_0.05,0.05,True,valid,1,0.7868297811462243,2.341077443816568,1.35,0.47812499999999997,1.9275816993464054,1.05,0.47812499999999997,0.7868297811462243,2.456738059727933,6.82213889795118
cx0.75_cy0.75_layoutA,false_hotspot_x_js_0.1,false_hotspot,x,0.1,0.05,cx0.75_cy0.75_layoutA__gamma_0.05__false_hotspot_x_js_0.1,0.09999999999993846,True,valid,1,0.7488113222117941,2.869418455291744,1.55,0.5093749999999999,2.028466257668712,1.1500000000000001,0.5093749999999999,0.7488113222117941,2.4459391586711945,6.825413626144936
cx0.75_cy0.75_layoutA,false_hotspot_x_js_0.15,false_hotspot,x,0.15,0.05,cx0.75_cy0.75_layoutA__gamma_0.05__false_hotspot_x_js_0.15,0.15000000000008956,True,valid,1,0.8254833122021398,3.5233916287229285,3.5,0.6018749999999999,2.0096573208722743,1.3,0.6018749999999999,0.8254833122021398,2.240115504127361,6.771836941520855
cx0.75_cy0.75_layoutA,false_negative_suppression_x_js_0.05,false_negative_suppression,x,0.05,0.05,cx0.75_cy0.75_layoutA__gamma_0.05__false_negative_suppression_x_js_0.05,0.049999999999999975,True,valid,1,0.7621653038365703,2.0812193279514046,1.7000000000000002,0.39375,1.4563492063492065,0.9,0.39375,0.7621653038365703,1.8806613259824543,6.9552199536161226
cx0.75_cy0.75_layoutA,false_negative_suppression_x_js_0.1,false_negative_suppression,x,0.1,0.05,cx0.75_cy0.75_layoutA__gamma_0.05__false_negative_suppression_x_js_0.1,0.10000000000000002,True,valid,1,0.7679161041042379,2.3441544462881345,2.0,0.40437499999999993,1.559428129829985,1.05,0.40437499999999993,0.7679161041042379,1.9365518031378697,6.987929212448616
cx0.75_cy0.75_layoutA,false_negative_suppression_x_js_0.15,false_negative_suppression,x,0.15,0.05,cx0.75_cy0.75_layoutA__gamma_0.05__false_negative_suppression_x_js_0.15,0.15000000000000022,True,valid,1,0.8556010438947241,3.1691791412053494,2.15,0.6225,2.036194779116466,1.7000000000000002,0.6225,0.8556010438947241,2.085417559115624,6.961200685078865
cx0.75_cy0.75_layoutA,spatial_shift_y_js_0.05,spatial_shift,y,0.05,0.05,cx0.75_cy0.75_layoutA__gamma_0.05__spatial_shift_y_js_0.05,0.05000000000000004,True,valid,1,0.7529906519575048,2.5686320682752593,1.9500000000000002,0.423125,1.7149187592319055,0.9500000000000001,0.423125,0.7529906519575048,1.8855761748630397,6.608903741747893
cx0.75_cy0.75_layoutA,spatial_shift_y_js_0.1,spatial_shift,y,0.1,0.05,cx0.75_cy0.75_layoutA__gamma_0.05__spatial_shift_y_js_0.1,0.10000000000000003,True,valid,1,0.7180085102212788,3.0668248465566883,3.75,0.42874999999999996,1.8445335276967934,1.05,0.42874999999999996,0.7180085102212788,1.8753780593055225,6.612099394116952
cx0.75_cy0.75_layoutA,spatial_shift_y_js_0.15,spatial_shift,y,0.15,0.05,cx0.75_cy0.75_layoutA__gamma_0.05__spatial_shift_y_js_0.15,0.1499999999999903,True,valid,1,0.7679370237553571,3.2369077684697993,3.75,0.5087499999999998,1.9683046683046697,1.6500000000000001,0.5087499999999998,0.7679370237553571,1.8598219444846078,6.612970172603992
cx0.75_cy0.75_layoutA,false_hotspot_y_js_0.05,false_hotspot,y,0.05,0.05,cx0.75_cy0.75_layoutA__gamma_0.05__false_hotspot_y_js_0.05,0.05,True,valid,1,0.7397082155965445,3.3185661750871494,3.7,0.4306249999999999,1.9486937590711177,1.3,0.4306249999999999,0.7397082155965445,2.061023967004366,6.822138897951179
cx0.75_cy0.75_layoutA,false_hotspot_y_js_0.1,false_hotspot,y,0.1,0.05,cx0.75_cy0.75_layoutA__gamma_0.05__false_hotspot_y_js_0.1,0.09999999999993846,True,valid,1,0.7562851814088317,3.368354929708108,3.7,0.5587499999999999,2.036744966442954,1.75,0.5587499999999999,0.7562851814088317,2.09259402506798,6.825413626144936
cx0.75_cy0.75_layoutA,false_hotspot_y_js_0.15,false_hotspot,y,0.15,0.05,cx0.75_cy0.75_layoutA__gamma_0.05__false_hotspot_y_js_0.15,0.15000000000008953,True,valid,1,0.7365867516821767,3.330204534353736,3.8000000000000003,0.5943749999999999,2.13080967402734,1.9500000000000002,0.5943749999999999,0.7365867516821767,2.17897169684206,6.771836941520855
cx0.75_cy0.75_layoutA,false_negative_suppression_y_js_0.05,false_negative_suppression,y,0.05,0.05,cx0.75_cy0.75_layoutA__gamma_0.05__false_negative_suppression_y_js_0.05,0.04999999999999998,True,valid,1,0.7782091049534615,2.013309708902887,1.5,0.4099999999999999,1.4691310975609764,0.9,0.4099999999999999,0.7782091049534615,1.89558090001371,6.9552199536161226
cx0.75_cy0.75_layoutA,false_negative_suppression_y_js_0.1,false_negative_suppression,y,0.1,0.05,cx0.75_cy0.75_layoutA__gamma_0.05__false_negative_suppression_y_js_0.1,0.10000000000000002,True,valid,1,0.8038435795200911,2.2901866448643764,1.6500000000000001,0.4468749999999999,1.6490909090909094,1.25,0.4468749999999999,0.8038435795200911,2.00688334707064,6.987929212448617
cx0.75_cy0.75_layoutA,false_negative_suppression_y_js_0.15,false_negative_suppression,y,0.15,0.05,cx0.75_cy0.75_layoutA__gamma_0.05__false_negative_suppression_y_js_0.15,0.15000000000000027,True,valid,1,0.8159554959610016,2.4565232014507434,1.75,0.46687499999999993,1.7678045515394916,1.4500000000000002,0.46687499999999993,0.8159554959610016,2.0854175507137764,6.961200685078866
cx0.75_cy0.75_layoutB,oracle,oracle,,0.0,0.1,cx0.75_cy0.75_layoutB__gamma_0.1__oracle,0.0,True,valid,1,0.7439954190029322,1.968032468753788,1.4000000000000001,0.35770234986945165,1.5237226277372269,1.1,0.35770234986945165,0.7439954190029322,1.6138724276228404,6.526106681399355
cx0.75_cy0.75_layoutB,uniform_prior_baseline,uniform_prior_baseline,,,0.1,cx0.75_cy0.75_layoutB__gamma_0.1__uniform_prior_baseline,0.18077981645461025,True,valid,1,0.7731836101576505,3.5156197630960455,3.25,0.45169712793733674,2.172254335260116,2.2,0.45169712793733674,0.7731836101576505,1.8224542782905755,7.334329350300537
cx0.75_cy0.75_layoutB,diffuse_blur_js_0.05,diffuse_blur,,0.05,0.1,cx0.75_cy0.75_layoutB__gamma_0.1__diffuse_blur_js_0.05,0.05,True,valid,1,0.7856206151521845,2.381766557844206,1.9000000000000001,0.38381201044386415,1.730697278911565,1.2000000000000002,0.38381201044386415,0.7856206151521845,1.6971305318837517,6.909647697325839
cx0.75_cy0.75_layoutB,diffuse_blur_js_0.1,diffuse_blur,,0.1,0.1,cx0.75_cy0.75_layoutB__gamma_0.1__diffuse_blur_js_0.1,0.09999999999999987,True,valid,1,0.79244134524951,2.9600264411212436,3.0500000000000003,0.41318537859007826,1.9457345971563986,1.8,0.41318537859007826,0.79244134524951,1.7027754900625731,7.199791948064258
cx0.75_cy0.75_layoutB,diffuse_blur_js_0.15,diffuse_blur,,0.15,0.1,cx0.75_cy0.75_layoutB__gamma_0.1__diffuse_blur_js_0.15,0.1499999999999997,True,valid,1,0.7756401227056589,3.3997621183203823,3.1500000000000004,0.44255874673629236,2.1193952802359886,2.15,0.44255874673629236,0.7756401227056589,1.758739637330804,7.317556430661544
cx0.75_cy0.75_layoutB,spatial_shift_x_js_0.05,spatial_shift,x,0.05,0.1,cx0.75_cy0.75_layoutB__gamma_0.1__spatial_shift_x_js_0.05,0.050000000000000086,True,valid,1,0.7862631460013496,2.4754394380742273,2.1,0.41383812010443854,1.7648264984227136,1.3,0.41383812010443854,0.7862631460013496,1.6720376164580306,6.539179010953625
cx0.75_cy0.75_layoutB,spatial_shift_x_js_0.1,spatial_shift,x,0.1,0.1,cx0.75_cy0.75_layoutB__gamma_0.1__spatial_shift_x_js_0.1,0.10000000000009317,True,valid,1,0.7922810001678421,2.6737472571586856,3.1500000000000004,0.44060052219321144,1.8352592592592594,1.4500000000000002,0.44060052219321144,0.7922810001678421,1.7425936230641608,6.537632339171868
cx0.75_cy0.75_layoutB,spatial_shift_x_js_0.15,spatial_shift,x,0.15,0.1,cx0.75_cy0.75_layoutB__gamma_0.1__spatial_shift_x_js_0.15,0.15000000000000008,True,valid,1,0.8508497961268637,3.0465279782079544,3.3000000000000003,0.518929503916449,2.0285534591194976,1.75,0.518929503916449,0.8508497961268637,1.9332887098314897,6.536697052693568
cx0.75_cy0.75_layoutB,false_hotspot_x_js_0.05,false_hotspot,x,0.05,0.1,cx0.75_cy0.75_layoutB__gamma_0.1__false_hotspot_x_js_0.05,0.05,True,valid,1,0.7495006640365067,2.238529257862579,1.5,0.3994778067885117,1.7157679738562095,1.25,0.3994778067885117,0.7495006640365067,1.9898203325488661,6.775754850768547
cx0.75_cy0.75_layoutB,false_hotspot_x_js_0.1,false_hotspot,x,0.1,0.1,cx0.75_cy0.75_layoutB__gamma_0.1__false_hotspot_x_js_0.1,0.10000000000000002,True,valid,1,0.8660764537974546,3.033977704559936,3.6500000000000004,0.5757180156657963,2.128287981859411,2.0,0.5757180156657963,0.8660764537974546,2.2855866353862484,6.782370292068332
cx0.75_cy0.75_layoutB,false_hotspot_x_js_0.15,false_hotspot,x,0.15,0.1,cx0.75_cy0.75_layoutB__gamma_0.1__false_hotspot_x_js_0.15,0.1500000000000815,True,valid,1,0.8114291486685778,3.1717329210087564,3.7,0.577023498694517,2.1089366515837105,2.0,0.577023498694517,0.8114291486685778,2.3082437699332905,6.731527523045912
cx0.75_cy0.75_layoutB,false_negative_suppression_x_js_0.05,false_negative_suppression,x,0.05,0.1,cx0.75_cy0.75_layoutB__gamma_0.1__false_negative_suppression_x_js_0.05,0.049999999999999975,True,valid,1,0.7459245852978383,2.1080448767523716,1.7000000000000002,0.34921671018276756,1.5484112149532714,1.05,0.34921671018276756,0.7459245852978383,1.4361379601704878,6.904031800904292
cx0.75_cy0.75_layoutB,false_negative_suppression_x_js_0.1,false_negative_suppression,x,0.1,0.1,cx0.75_cy0.75_layoutB__gamma_0.1__false_negative_suppression_x_js_0.1,0.10000000000000034,True,valid,1,0.7552170516326149,2.1420416558193094,1.75,0.3557441253263707,1.5455963302752298,1.1,0.3557441253263707,0.7552170516326149,1.4233646074625852,6.937503455829061
cx0.75_cy0.75_layoutB,false_negative_suppression_x_js_0.15,false_negative_suppression,x,0.15,0.1,cx0.75_cy0.75_layoutB__gamma_0.1__false_negative_suppression_x_js_0.15,0.1499999999999979,True,valid,1,0.7450029212480082,2.1526212947383394,1.8,0.35770234986945165,1.5306569343065697,1.1,0.35770234986945165,0.7450029212480082,1.4111310419673517,6.911355894488771
cx0.75_cy0.75_layoutB,spatial_shift_y_js_0.05,spatial_shift,y,0.05,0.1,cx0.75_cy0.75_layoutB__gamma_0.1__spatial_shift_y_js_0.05,0.050000000000000114,True,valid,1,0.7398973495799747,2.5974753033213833,1.85,0.36161879895561355,1.7901624548736468,1.1,0.36161879895561355,0.7398973495799747,1.5531316865898166,6.539179010953624
cx0.75_cy0.75_layoutB,spatial_shift_y_js_0.1,spatial_shift,y,0.1,0.1,cx0.75_cy0.75_layoutB__gamma_0.1__spatial_shift_y_js_0.1,0.1000000000000932,True,valid,1,0.736492532816951,2.9494561627341422,3.0500000000000003,0.3779373368146214,1.8954231433506048,1.2000000000000002,0.3779373368146214,0.736492532816951,1.5662186330255536,6.537632339171868
cx0.75_cy0.75_layoutB,spatial_shift_y_js_0.15,spatial_shift,y,0.15,0.1,cx0.75_cy0.75_layoutB__gamma_0.1__spatial_shift_y_js_0.15,0.14999999999999994,True,valid,1,0.6769070581530555,3.257659677433045,3.1500000000000004,0.3759791122715404,1.9339409722222227,1.2000000000000002,0.3759791122715404,0.6769070581530555,1.592342914382822,6.536697052693568
cx0.75_cy0.75_layoutB,false_hotspot_y_js_0.05,false_hotspot,y,0.05,0.1,cx0.75_cy0.75_layoutB__gamma_0.1__false_hotspot_y_js_0.05,0.05000000000000001,True,valid,1,0.7730139669932141,2.79832615402752,3.0,0.4040469973890339,1.82172859450727,1.35,0.4040469973890339,0.7730139669932141,1.7076257458892592,6.775754850768548
cx0.75_cy0.75_layoutB,false_hotspot_y_js_0.1,false_hotspot,y,0.1,0.1,cx0.75_cy0.75_layoutB__gamma_0.1__false_hotspot_y_js_0.1,0.10000000000000003,True,valid,1,0.7275113174748862,3.312128373101549,3.1,0.41840731070496073,1.9464118564742596,1.4000000000000001,0.41840731070496073,0.7275113174748862,1.7211118782533632,6.7823702920683315
cx0.75_cy0.75_layoutB,false_hotspot_y_js_0.15,false_hotspot,y,0.15,0.1,cx0.75_cy0.75_layoutB__gamma_0.1__false_hotspot_y_js_0.15,0.1500000000000815,True,valid,1,0.6747493972343634,3.560125608359904,3.2,0.44255874673629236,1.9890855457227141,1.5,0.44255874673629236,0.6747493972343634,1.7258560078810476,6.731527523045912
cx0.75_cy0.75_layoutB,false_negative_suppression_y_js_0.05,false_negative_suppression,y,0.05,0.1,cx0.75_cy0.75_layoutB__gamma_0.1__false_negative_suppression_y_js_0.05,0.049999999999999975,True,valid,1,0.7471667046269885,2.185088231685098,1.6500000000000001,0.3740208877284595,1.5922338568935428,1.2000000000000002,0.3740208877284595,0.7471667046269885,1.460456392346385,6.904031800904293
cx0.75_cy0.75_layoutB,false_negative_suppression_y_js_0.1,false_negative_suppression,y,0.1,0.1,cx0.75_cy0.75_layoutB__gamma_0.1__false_negative_suppression_y_js_0.1,0.10000000000000034,True,valid,1,0.7638611602659683,2.3203003931972157,2.6,0.4007832898172323,1.6276058631921828,1.35,0.4007832898172323,0.7638611602659683,1.461581734841612,6.93750345582906
cx0.75_cy0.75_layoutB,false_negative_suppression_y_js_0.15,false_negative_suppression,y,0.15,0.1,cx0.75_cy0.75_layoutB__gamma_0.1__false_negative_suppression_y_js_0.15,0.1499999999999979,True,valid,1,0.7422973710459144,2.3244032258172105,2.5500000000000003,0.4020887728459529,1.606006493506494,1.4000000000000001,0.4020887728459529,0.7422973710459144,1.4584869216684477,6.911355894488772
cx0.75_cy0.75_layoutB,oracle,oracle,,0.0,0.05,cx0.75_cy0.75_layoutB__gamma_0.05__oracle,0.0,True,valid,1,0.7732562541133707,2.1001992658275186,1.4500000000000002,0.3714099216710182,1.6759226713532518,1.1500000000000001,0.3714099216710182,0.7732562541133707,1.9143972526372883,6.526106681399355
cx0.75_cy0.75_layoutB,uniform_prior_baseline,uniform_prior_baseline,,,0.05,cx0.75_cy0.75_layoutB__gamma_0.05__uniform_prior_baseline,0.18077981645461025,True,valid,1,0.7513489170442422,3.5203645439946056,3.7,0.4986945169712793,2.228795811518325,2.4000000000000004,0.4986945169712793,0.7513489170442422,2.233883445142559,7.334329350300537
cx0.75_cy0.75_layoutB,diffuse_blur_js_0.05,diffuse_blur,,0.05,0.05,cx0.75_cy0.75_layoutB__gamma_0.05__diffuse_blur_js_0.05,0.05,True,valid,1,0.8334546522650894,2.596532766342691,2.1,0.41840731070496073,1.910920436817473,1.35,0.41840731070496073,0.8334546522650894,2.192205917334573,6.909647697325839
cx0.75_cy0.75_layoutB,diffuse_blur_js_0.1,diffuse_blur,,0.1,0.05,cx0.75_cy0.75_layoutB__gamma_0.05__diffuse_blur_js_0.1,0.09999999999999987,True,valid,1,0.8034140769687895,3.0398733536466636,3.5500000000000003,0.4503916449086161,2.0286231884057977,1.85,0.4503916449086161,0.8034140769687895,2.197615271901276,7.199791948064258
cx0.75_cy0.75_layoutB,diffuse_blur_js_0.15,diffuse_blur,,0.15,0.05,cx0.75_cy0.75_layoutB__gamma_0.05__diffuse_blur_js_0.15,0.1499999999999997,True,valid,1,0.7516156633577639,3.406930700273108,3.6500000000000004,0.4823759791122715,2.1654262516914753,2.35,0.4823759791122715,0.7516156633577639,2.18797858243944,7.317556430661544
cx0.75_cy0.75_layoutB,spatial_shift_x_js_0.05,spatial_shift,x,0.05,0.05,cx0.75_cy0.75_layoutB__gamma_0.05__spatial_shift_x_js_0.05,0.050000000000000086,True,valid,1,0.7300608988305262,2.6095840823866805,1.55,0.3779373368146214,1.8394645941278067,1.2000000000000002,0.3779373368146214,0.7300608988305262,1.8860453110069406,6.539179010953625
cx0.75_cy0.75_layoutB,spatial_shift_x_js_0.1,spatial_shift,x,0.1,0.05,cx0.75_cy0.75_layoutB__gamma_0.05__spatial_shift_x_js_0.1,0.10000000000009317,True,valid,1,0.7982035940330982,2.77545425271553,3.5,0.4595300261096605,1.9891335227272733,1.55,0.4595300261096605,0.7982035940330982,2.0208802537916184,6.537632339171868
cx0.75_cy0.75_layoutB,spatial_shift_x_js_0.15,spatial_shift,x,0.15,0.05,cx0.75_cy0.75_layoutB__gamma_0.05__spatial_shift_x_js_0.15,0.15000000000000008,True,valid,1,0.7928998915190699,3.0160930414407257,3.7,0.49477806788511747,2.057189973614776,1.6500000000000001,0.49477806788511747,0.7928998915190699,2.110091729264103,6.536697052693568
cx0.75_cy0.75_layoutB,false_hotspot_x_js_0.05,false_hotspot,x,0.05,0.05,cx0.75_cy0.75_layoutB__gamma_0.05__false_hotspot_x_js_0.05,0.05,True,valid,1,0.78956611753217,2.4378553432999026,1.4500000000000002,0.44386422976501294,2.136250000000001,1.35,0.44386422976501294,0.78956611753217,2.5657046276679614,6.775754850768547
cx0.75_cy0.75_layoutB,false_hotspot_x_js_0.1,false_hotspot,x,0.1,0.05,cx0.75_cy0.75_layoutB__gamma_0.05__false_hotspot_x_js_0.1,0.10000000000000002,True,valid,1,0.7891216571138109,2.579890427159752,1.5,0.5019582245430809,2.1418725617685306,2.0,0.5019582245430809,0.7891216571138109,2.6836805028181367,6.782370292068332
cx0.75_cy0.75_layoutB,false_hotspot_x_js_0.15,false_hotspot,x,0.15,0.05,cx0.75_cy0.75_layoutB__gamma_0.05__false_hotspot_x_js_0.15,0.1500000000000815,True,valid,1,0.7721840940555464,3.291233121292595,1.9000000000000001,0.5424281984334204,2.368772563176895,2.0500000000000003,0.5424281984334204,0.7721840940555464,2.7010820894174947,6.731527523045912
cx0.75_cy0.75_layoutB,false_negative_suppression_x_js_0.05,false_negative_suppression,x,0.05,0.05,cx0.75_cy0.75_layoutB__gamma_0.05__false_negative_suppression_x_js_0.05,0.049999999999999975,True,valid,1,0.7588355275551444,2.1652590952888944,1.75,0.36684073107049603,1.5822953736654808,1.1,0.36684073107049603,0.7588355275551444,1.8865607888764513,6.904031800904292
cx0.75_cy0.75_layoutB,false_negative_suppression_x_js_0.1,false_negative_suppression,x,0.1,0.05,cx0.75_cy0.75_layoutB__gamma_0.05__false_negative_suppression_x_js_0.1,0.10000000000000034,True,valid,1,0.7592722839727115,2.3990451763703207,2.0500000000000003,0.3779373368146214,1.6521588946459416,1.1500000000000001,0.3779373368146214,0.7592722839727115,1.9343212005731876,6.937503455829061
cx0.75_cy0.75_layoutB,false_negative_suppression_x_js_0.15,false_negative_suppression,x,0.15,0.05,cx0.75_cy0.75_layoutB__gamma_0.05__false_negative_suppression_x_js_0.15,0.1499999999999979,True,valid,1,0.7649268042766568,2.698616890907364,2.5,0.3929503916449085,1.7681063122923593,1.3,0.3929503916449085,0.7649268042766568,2.082422091814583,6.911355894488771
cx0.75_cy0.75_layoutB,spatial_shift_y_js_0.05,spatial_shift,y,0.05,0.05,cx0.75_cy0.75_layoutB__gamma_0.05__spatial_shift_y_js_0.05,0.050000000000000114,True,valid,1,0.7492115209862251,2.591863985834182,2.0,0.38772845953002605,1.836279461279462,1.2000000000000002,0.38772845953002605,0.7492115209862251,1.8704956888655515,6.539179010953624
cx0.75_cy0.75_layoutB,spatial_shift_y_js_0.1,spatial_shift,y,0.1,0.05,cx0.75_cy0.75_layoutB__gamma_0.05__spatial_shift_y_js_0.1,0.1000000000000932,True,valid,1,0.7123208141626477,3.0543115097257867,3.7,0.4020887728459529,1.958522727272728,1.25,0.4020887728459529,0.7123208141626477,1.8746835203619683,6.537632339171868
cx0.75_cy0.75_layoutB,spatial_shift_y_js_0.15,spatial_shift,y,0.15,0.05,cx0.75_cy0.75_layoutB__gamma_0.05__spatial_shift_y_js_0.15,0.14999999999999994,True,valid,1,0.6795497223793072,3.5280102397547286,3.9000000000000004,0.41253263707571797,2.0829905063291143,1.35,0.41253263707571797,0.6795497223793072,1.8606548423917662,6.536697052693568
cx0.75_cy0.75_layoutB,false_hotspot_y_js_0.05,false_hotspot,y,0.05,0.05,cx0.75_cy0.75_layoutB__gamma_0.05__false_hotspot_y_js_0.05,0.05000000000000001,True,valid,1,0.7456675505389797,3.34424991842183,3.7,0.4223237597911227,2.0242658423493047,1.4000000000000001,0.4223237597911227,0.7456675505389797,2.0618036523680354,6.775754850768548
cx0.75_cy0.75_layoutB,false_hotspot_y_js_0.1,false_hotspot,y,0.1,0.05,cx0.75_cy0.75_layoutB__gamma_0.05__false_hotspot_y_js_0.1,0.10000000000000003,True,valid,1,0.7399334386154994,3.4644445680450247,3.75,0.5352480417754569,2.1351219512195123,1.9500000000000002,0.5352480417754569,0.7399334386154994,2.0997091574198037,6.7823702920683315
cx0.75_cy0.75_layoutB,false_hotspot_y_js_0.15,false_hotspot,y,0.15,0.05,cx0.75_cy0.75_layoutB__gamma_0.05__false_hotspot_y_js_0.15,0.1500000000000815,True,valid,1,0.703540805975226,3.453309103428218,3.85,0.5639686684073106,2.235590277777778,2.1,0.5639686684073106,0.703540805975226,2.1815800769992895,6.731527523045912
cx0.75_cy0.75_layoutB,false_negative_suppression_y_js_0.05,false_negative_suppression,y,0.05,0.05,cx0.75_cy0.75_layoutB__gamma_0.05__false_negative_suppression_y_js_0.05,0.049999999999999975,True,valid,1,0.7837183295699945,2.070342028015232,1.6,0.3909921671018276,1.6301335559265446,1.2000000000000002,0.3909921671018276,0.7837183295699945,1.9440870274506352,6.904031800904293
cx0.75_cy0.75_layoutB,false_negative_suppression_y_js_0.1,false_negative_suppression,y,0.1,0.05,cx0.75_cy0.75_layoutB__gamma_0.05__false_negative_suppression_y_js_0.1,0.10000000000000034,True,valid,1,0.806181110373933,2.2533463136620457,1.7000000000000002,0.42167101827676234,1.7117647058823535,1.4500000000000002,0.42167101827676234,0.806181110373933,2.0252114640224286,6.93750345582906
cx0.75_cy0.75_layoutB,false_negative_suppression_y_js_0.15,false_negative_suppression,y,0.15,0.05,cx0.75_cy0.75_layoutB__gamma_0.05__false_negative_suppression_y_js_0.15,0.1499999999999979,True,valid,1,0.8180469353555105,2.4407654865477473,1.75,0.44516971279373363,1.8126832844574785,1.55,0.44516971279373363,0.8180469353555105,2.095042260599478,6.911355894488772
cx0.75_cy0.75_layoutC,oracle,oracle,,0.0,0.1,cx0.75_cy0.75_layoutC__gamma_0.1__oracle,0.0,True,valid,1,0.7815081287798751,2.0905191048220697,1.6,0.392578125,1.5808457711442787,1.25,0.392578125,0.7815081287798751,1.7964728893347042,6.537036389171679
cx0.75_cy0.75_layoutC,uniform_prior_baseline,uniform_prior_baseline,,,0.1,cx0.75_cy0.75_layoutC__gamma_0.1__uniform_prior_baseline,0.17921549185999927,True,valid,1,0.7757491390130553,3.469051894951666,3.2,0.443359375,2.1640969162995596,2.15,0.443359375,0.7757491390130553,1.8012459364073705,7.336936913707619
cx0.75_cy0.75_layoutC,diffuse_blur_js_0.05,diffuse_blur,,0.05,0.1,cx0.75_cy0.75_layoutC__gamma_0.1__diffuse_blur_js_0.05,0.04999999999999998,True,valid,1,0.7993833631477195,2.4033495970072134,1.9000000000000001,0.412109375,1.7092417061611374,1.3,0.412109375,0.7993833631477195,1.7939793798915744,6.9189398718058825
cx0.75_cy0.75_layoutC,diffuse_blur_js_0.1,diffuse_blur,,0.1,0.1,cx0.75_cy0.75_layoutC__gamma_0.1__diffuse_blur_js_0.1,0.09999999999999983,True,valid,1,0.7921101575980145,2.9346782344416114,3.0500000000000003,0.42122395833333337,1.8961360123647604,1.6,0.42122395833333337,0.7921101575980145,1.7013612868794648,7.207786334002389
cx0.75_cy0.75_layoutC,diffuse_blur_js_0.15,diffuse_blur,,0.15,0.1,cx0.75_cy0.75_layoutC__gamma_0.1__diffuse_blur_js_0.15,0.15000000000000002,True,valid,1,0.7761991183681112,3.3949623118166823,3.1500000000000004,0.43684895833333337,2.1067809239940383,2.0500000000000003,0.43684895833333337,0.7761991183681112,1.742508847354661,7.321896242286419
cx0.75_cy0.75_layoutC,spatial_shift_x_js_0.05,spatial_shift,x,0.05,0.1,cx0.75_cy0.75_layoutC__gamma_0.1__spatial_shift_x_js_0.05,0.05000000000000003,True,valid,1,0.7885039265011059,2.530813985629298,1.9500000000000002,0.416015625,1.7655712050078247,1.4000000000000001,0.416015625,0.7885039265011059,1.8518602423261943,6.551185925114639
cx0.75_cy0.75_layoutC,spatial_shift_x_js_0.1,spatial_shift,x,0.1,0.1,cx0.75_cy0.75_layoutC__gamma_0.1__spatial_shift_x_js_0.1,0.09999999999999998,True,valid,1,0.7694081215948039,2.7406205298652817,3.4000000000000004,0.42643229166666663,1.8167175572519085,1.5,0.42643229166666663,0.7694081215948039,1.9087736343528148,6.548767127257867
cx0.75_cy0.75_layoutC,spatial_shift_x_js_0.15,spatial_shift,x,0.15,0.1,cx0.75_cy0.75_layoutC__gamma_0.1__spatial_shift_x_js_0.15,0.15000000000000574,True,valid,1,0.7654461202703056,2.933743270033782,3.6,0.439453125,1.8962962962962961,1.6,0.439453125,0.7654461202703056,1.9822605776824387,6.55032187555887
cx0.75_cy0.75_layoutC,false_hotspot_x_js_0.05,false_hotspot,x,0.05,0.1,cx0.75_cy0.75_layoutC__gamma_0.1__false_hotspot_x_js_0.05,0.04999999999999999,True,valid,1,0.8396506130704641,2.361825118894345,1.7000000000000002,0.47395833333333337,1.888392857142857,1.55,0.47395833333333337,0.8396506130704641,2.332459717145827,6.776919030326245
cx0.75_cy0.75_layoutC,false_hotspot_x_js_0.1,false_hotspot,x,0.1,0.1,cx0.75_cy0.75_layoutC__gamma_0.1__false_hotspot_x_js_0.1,0.10000000000002776,True,valid,1,0.8437104504039904,2.860992621573373,3.35,0.5546875,2.080223004694836,1.9500000000000002,0.5546875,0.8437104504039904,2.478214279997767,6.778399024928093
cx0.75_cy0.75_layoutC,false_hotspot_x_js_0.15,false_hotspot,x,0.15,0.1,cx0.75_cy0.75_layoutC__gamma_0.1__false_hotspot_x_js_0.15,0.14999999999999997,True,valid,1,0.8080321985485202,3.0762995421637904,4.0,0.5735677083333333,2.1413734392735533,2.0500000000000003,0.5735677083333333,0.8080321985485202,2.5857415232582954,6.723050710470225
cx0.75_cy0.75_layoutC,false_negative_suppression_x_js_0.05,false_negative_suppression,x,0.05,0.1,cx0.75_cy0.75_layoutC__gamma_0.1__false_negative_suppression_x_js_0.05,0.049999999999999975,True,valid,1,0.7632474785085178,2.179041694177534,1.75,0.3821614583333333,1.561499148211244,1.2000000000000002,0.3821614583333333,0.7632474785085178,1.5286521112411349,6.907592512657665
cx0.75_cy0.75_layoutC,false_negative_suppression_x_js_0.1,false_negative_suppression,x,0.1,0.1,cx0.75_cy0.75_layoutC__gamma_0.1__false_negative_suppression_x_js_0.1,0.09999999999999966,True,valid,1,0.7562762847424134,2.243941225800486,1.8,0.38346354166666663,1.560356536502547,1.2000000000000002,0.38346354166666663,0.7562762847424134,1.4829812115317917,6.9384891296902005
cx0.75_cy0.75_layoutC,false_negative_suppression_x_js_0.15,false_negative_suppression,x,0.15,0.1,cx0.75_cy0.75_layoutC__gamma_0.1__false_negative_suppression_x_js_0.15,0.14999999999999963,True,valid,1,0.7443928906246049,2.2521255406420684,1.85,0.3782552083333333,1.5486230636833047,1.1500000000000001,0.3782552083333333,0.7443928906246049,1.4540495991246216,6.910609787172385
cx0.75_cy0.75_layoutC,spatial_shift_y_js_0.05,spatial_shift,y,0.05,0.1,cx0.75_cy0.75_layoutC__gamma_0.1__spatial_shift_y_js_0.05,0.050000000000000044,True,valid,1,0.7454144227545199,2.5648106194094216,1.8,0.384765625,1.741539763113367,1.2000000000000002,0.384765625,0.7454144227545199,1.6982727762972099,6.5511859251146385
cx0.75_cy0.75_layoutC,spatial_shift_y_js_0.1,spatial_shift,y,0.1,0.1,cx0.75_cy0.75_layoutC__gamma_0.1__spatial_shift_y_js_0.1,0.09999999999999996,True,valid,1,0.7261261840504885,2.905636177697247,2.1,0.38932291666666663,1.826086956521739,1.2000000000000002,0.38932291666666663,0.7261261840504885,1.6627810318079261,6.548767127257867
cx0.75_cy0.75_layoutC,spatial_shift_y_js_0.15,spatial_shift,y,0.15,0.1,cx0.75_cy0.75_layoutC__gamma_0.1__spatial_shift_y_js_0.15,0.15000000000000574,True,valid,1,0.7002396338860349,3.2616432652813736,3.25,0.390625,1.9171666666666667,1.25,0.390625,0.7002396338860349,1.6550465591843266,6.55032187555887
cx0.75_cy0.75_layoutC,false_hotspot_y_js_0.05,false_hotspot,y,0.05,0.1,cx0.75_cy0.75_layoutC__gamma_0.1__false_hotspot_y_js_0.05,0.05,True,valid,1,0.7758345851636644,2.789849071897869,3.0,0.41731770833333337,1.8078003120124804,1.4000000000000001,0.41731770833333337,0.7758345851636644,1.713555385079432,6.776919030326248
cx0.75_cy0.75_layoutC,false_hotspot_y_js_0.1,false_hotspot,y,0.1,0.1,cx0.75_cy0.75_layoutC__gamma_0.1__false_hotspot_y_js_0.1,0.10000000000002776,True,valid,1,0.7359897914023877,3.2936553144627534,3.0500000000000003,0.4381510416666667,1.938707280832095,1.4500000000000002,0.4381510416666667,0.7359897914023877,1.730725646108143,6.778399024928093
cx0.75_cy0.75_layoutC,false_hotspot_y_js_0.15,false_hotspot,y,0.15,0.1,cx0.75_cy0.75_layoutC__gamma_0.1__false_hotspot_y_js_0.15,0.14999999999999994,True,valid,1,0.6811497221172168,3.5607246894925,3.2,0.4453125,1.9799707602339178,1.4000000000000001,0.4453125,0.6811497221172168,1.7162323949998601,6.723050710470225
cx0.75_cy0.75_layoutC,false_negative_suppression_y_js_0.05,false_negative_suppression,y,0.05,0.1,cx0.75_cy0.75_layoutC__gamma_0.1__false_negative_suppression_y_js_0.05,0.04999999999999997,True,valid,1,0.7835726011688482,2.24149471669712,1.8,0.40950520833333337,1.6152623211446737,1.35,0.40950520833333337,0.7835726011688482,1.614111639478902,6.907592512657665
cx0.75_cy0.75_layoutC,false_negative_suppression_y_js_0.1,false_negative_suppression,y,0.1,0.1,cx0.75_cy0.75_layoutC__gamma_0.1__false_negative_suppression_y_js_0.1,0.09999999999999967,True,valid,1,0.7792134141130694,2.3121952850719274,2.25,0.41731770833333337,1.6185647425897034,1.4000000000000001,0.41731770833333337,0.7792134141130694,1.5991502903901302,6.9384891296902005
cx0.75_cy0.75_layoutC,false_negative_suppression_y_js_0.15,false_negative_suppression,y,0.15,0.1,cx0.75_cy0.75_layoutC__gamma_0.1__false_negative_suppression_y_js_0.15,0.1499999999999996,True,valid,1,0.7571365492777729,2.363043678206739,2.75,0.42122395833333337,1.6259659969088098,1.5,0.42122395833333337,0.7571365492777729,1.578556224543745,6.910609787172385
cx0.75_cy0.75_layoutC,oracle,oracle,,0.0,0.05,cx0.75_cy0.75_layoutC__gamma_0.05__oracle,0.0,True,valid,1,0.7876921339717422,2.2067513907359126,1.6500000000000001,0.396484375,1.7007389162561577,1.25,0.396484375,0.7876921339717422,2.043770090951913,6.537036389171679
cx0.75_cy0.75_layoutC,uniform_prior_baseline,uniform_prior_baseline,,,0.05,cx0.75_cy0.75_layoutC__gamma_0.05__uniform_prior_baseline,0.17921549185999927,True,valid,1,0.7411906613538393,3.535462943426217,3.75,0.49609375000000006,2.2538713910761152,2.6,0.49609375000000006,0.7411906613538393,2.263235993473555,7.336936913707619
cx0.75_cy0.75_layoutC,diffuse_blur_js_0.05,diffuse_blur,,0.05,0.05,cx0.75_cy0.75_layoutC__gamma_0.05__diffuse_blur_js_0.05,0.04999999999999998,True,valid,1,0.8465314296263253,2.6713225145943067,2.1,0.44596354166666663,1.9470802919708032,1.4000000000000001,0.44596354166666663,0.8465314296263253,2.2429051465194245,6.9189398718058825
cx0.75_cy0.75_layoutC,diffuse_blur_js_0.1,diffuse_blur,,0.1,0.05,cx0.75_cy0.75_layoutC__gamma_0.05__diffuse_blur_js_0.1,0.09999999999999983,True,valid,1,0.8089953959174048,3.005176554436892,3.5,0.453125,1.98125,1.6500000000000001,0.453125,0.8089953959174048,2.184823157960038,7.207786334002389
cx0.75_cy0.75_layoutC,diffuse_blur_js_0.15,diffuse_blur,,0.15,0.05,cx0.75_cy0.75_layoutC__gamma_0.05__diffuse_blur_js_0.15,0.15000000000000002,True,valid,1,0.7651145989978435,3.434863270845419,3.6500000000000004,0.48046875,2.1872628726287267,2.2,0.48046875,0.7651145989978435,2.1844910519729686,7.321896242286419
cx0.75_cy0.75_layoutC,spatial_shift_x_js_0.05,spatial_shift,x,0.05,0.05,cx0.75_cy0.75_layoutC__gamma_0.05__spatial_shift_x_js_0.05,0.05000000000000003,True,valid,1,0.8152712959639266,2.8685534035910236,1.9000000000000001,0.4322916666666667,2.074246987951807,1.4500000000000002,0.4322916666666667,0.8152712959639266,2.135578616210599,6.551185925114639
cx0.75_cy0.75_layoutC,spatial_shift_x_js_0.1,spatial_shift,x,0.1,0.05,cx0.75_cy0.75_layoutC__gamma_0.05__spatial_shift_x_js_0.1,0.09999999999999998,True,valid,1,0.7942487176868436,3.355988657656001,3.85,0.44205729166666663,2.2521354933726068,1.55,0.44205729166666663,0.7942487176868436,2.1712033292729718,6.548767127257867
cx0.75_cy0.75_layoutC,spatial_shift_x_js_0.15,spatial_shift,x,0.15,0.05,cx0.75_cy0.75_layoutC__gamma_0.05__spatial_shift_x_js_0.15,0.15000000000000574,True,valid,1,0.7713009754180322,3.811551721322697,4.3500000000000005,0.44921875,2.381811594202899,1.6,0.44921875,0.7713009754180322,2.3222195652929574,6.55032187555887
cx0.75_cy0.75_layoutC,false_hotspot_x_js_0.05,false_hotspot,x,0.05,0.05,cx0.75_cy0.75_layoutC__gamma_0.05__false_hotspot_x_js_0.05,0.04999999999999999,True,valid,1,0.8366325248623834,2.676066351337622,1.7000000000000002,0.4752604166666667,2.3030821917808217,1.55,0.4752604166666667,0.8366325248623834,2.7289644131135544,6.776919030326245
cx0.75_cy0.75_layoutC,false_hotspot_x_js_0.1,false_hotspot,x,0.1,0.05,cx0.75_cy0.75_layoutC__gamma_0.05__false_hotspot_x_js_0.1,0.10000000000002776,True,valid,1,0.841063469515159,2.86690514573099,1.75,0.5384114583333334,2.4049576783555016,1.9000000000000001,0.5384114583333334,0.841063469515159,2.866482806886467,6.778399024928093
cx0.75_cy0.75_layoutC,false_hotspot_x_js_0.15,false_hotspot,x,0.15,0.05,cx0.75_cy0.75_layoutC__gamma_0.05__false_hotspot_x_js_0.15,0.14999999999999997,True,valid,1,0.8712163821098818,4.901018343408251,3.9000000000000004,0.7389322916666666,3.071233480176211,2.85,0.7389322916666666,0.8712163821098818,3.4873277582120097,6.723050710470225
cx0.75_cy0.75_layoutC,false_negative_suppression_x_js_0.05,false_negative_suppression,x,0.05,0.05,cx0.75_cy0.75_layoutC__gamma_0.05__false_negative_suppression_x_js_0.05,0.049999999999999975,True,valid,1,0.7729289405001993,2.2385285543117184,1.8,0.396484375,1.608128078817734,1.2000000000000002,0.396484375,0.7729289405001993,1.9217320885611284,6.907592512657665
cx0.75_cy0.75_layoutC,false_negative_suppression_x_js_0.1,false_negative_suppression,x,0.1,0.05,cx0.75_cy0.75_layoutC__gamma_0.05__false_negative_suppression_x_js_0.1,0.09999999999999966,True,valid,1,0.7674242095061234,2.3964742733714517,2.0500000000000003,0.400390625,1.6509756097560975,1.25,0.400390625,0.7674242095061234,1.9383244618623217,6.9384891296902005
cx0.75_cy0.75_layoutC,false_negative_suppression_x_js_0.15,false_negative_suppression,x,0.15,0.05,cx0.75_cy0.75_layoutC__gamma_0.05__false_negative_suppression_x_js_0.15,0.14999999999999963,True,valid,1,0.7664955922635782,2.661478882060455,2.4000000000000004,0.40625,1.7403846153846152,1.25,0.40625,0.7664955922635782,2.051960269073708,6.910609787172385
cx0.75_cy0.75_layoutC,spatial_shift_y_js_0.05,spatial_shift,y,0.05,0.05,cx0.75_cy0.75_layoutC__gamma_0.05__spatial_shift_y_js_0.05,0.050000000000000044,True,valid,1,0.7663952230929465,2.669349885155356,2.0500000000000003,0.41796875,1.8801401869158878,1.3,0.41796875,0.7663952230929465,2.0237105783044576,6.5511859251146385
cx0.75_cy0.75_layoutC,spatial_shift_y_js_0.1,spatial_shift,y,0.1,0.05,cx0.75_cy0.75_layoutC__gamma_0.05__spatial_shift_y_js_0.1,0.09999999999999996,True,valid,1,0.731352253275489,2.9538777818908346,2.7,0.41927083333333337,1.929891304347826,1.3,0.41927083333333337,0.731352253275489,1.9548525057468913,6.548767127257867
cx0.75_cy0.75_layoutC,spatial_shift_y_js_0.15,spatial_shift,y,0.15,0.05,cx0.75_cy0.75_layoutC__gamma_0.05__spatial_shift_y_js_0.15,0.15000000000000574,True,valid,1,0.7037675509351977,3.2836790190195035,3.9000000000000004,0.4342447916666667,2.009895052473763,1.35,0.4342447916666667,0.7037675509351977,1.9875732689156724,6.55032187555887
cx0.75_cy0.75_layoutC,false_hotspot_y_js_0.05,false_hotspot,y,0.05,0.05,cx0.75_cy0.75_layoutC__gamma_0.05__false_hotspot_y_js_0.05,0.05,True,valid,1,0.7429464219606835,3.3508081561604084,3.7,0.42903645833333337,2.0138088012139606,1.4000000000000001,0.42903645833333337,0.7429464219606835,2.0651436430543058,6.776919030326248
cx0.75_cy0.75_layoutC,false_hotspot_y_js_0.1,false_hotspot,y,0.1,0.05,cx0.75_cy0.75_layoutC__gamma_0.05__false_hotspot_y_js_0.1,0.10000000000002776,True,valid,1,0.7195293731663998,3.5997118226381497,3.8000000000000003,0.48372395833333337,2.1309555854643336,1.6,0.48372395833333337,0.7195293731663998,2.081161991162355,6.778399024928093
cx0.75_cy0.75_layoutC,false_hotspot_y_js_0.15,false_hotspot,y,0.15,0.05,cx0.75_cy0.75_layoutC__gamma_0.05__false_hotspot_y_js_0.15,0.14999999999999994,True,valid,1,0.6609635969963852,3.6501126949106233,3.9000000000000004,0.5390625,2.1823671497584547,1.9000000000000001,0.5390625,0.6609635969963852,2.04042195815229,6.723050710470225
cx0.75_cy0.75_layoutC,false_negative_suppression_y_js_0.05,false_negative_suppression,y,0.05,0.05,cx0.75_cy0.75_layoutC__gamma_0.05__false_negative_suppression_y_js_0.05,0.04999999999999997,True,valid,1,0.8132831308666796,2.1608554360433745,1.7000000000000002,0.41927083333333337,1.6419254658385094,1.3,0.41927083333333337,0.8132831308666796,2.0603937607737386,6.907592512657665
cx0.75_cy0.75_layoutC,false_negative_suppression_y_js_0.1,false_negative_suppression,y,0.1,0.05,cx0.75_cy0.75_layoutC__gamma_0.05__false_negative_suppression_y_js_0.1,0.09999999999999967,True,valid,1,0.8201696649171781,2.3182045480067472,1.75,0.439453125,1.7207407407407407,1.4000000000000001,0.439453125,0.8201696649171781,2.0534360113556245,6.9384891296902005
cx0.75_cy0.75_layoutC,false_negative_suppression_y_js_0.15,false_negative_suppression,y,0.15,0.05,cx0.75_cy0.75_layoutC__gamma_0.05__false_negative_suppression_y_js_0.15,0.1499999999999996,True,valid,1,0.8219172545887947,2.3748466496259795,1.75,0.451171875,1.7610389610389612,1.5,0.451171875,0.8219172545887947,2.092836358125594,6.910609787172385
