scene_id,gamma,direction,target_js_nats,contrast_type,family_left,family_right,prior_left,prior_right,planned_pairs,available_valid_pairs,left_valid,right_valid,delta_exact_detection_probability,delta_exact_weighted_mean_t_find,delta_exact_weighted_median_t_find,delta_uniform_detection_probability,delta_uniform_weighted_mean_t_find,delta_uniform_weighted_median_t_find
cx0.25_cy0.25_layoutA,0.1,shared,,baseline_minus_oracle,uniform_prior_baseline,oracle,uniform_prior_baseline,oracle,1,1,True,True,-0.10992527440341526,-0.17617346323477845,-0.04999999999999999,0.03375,-0.03144864615650622,-0.3999999999999999
cx0.25_cy0.25_layoutA,0.1,x,0.05,error_minus_oracle,spatial_shift,oracle,spatial_shift_x_js_0.05,oracle,1,1,True,True,-0.07112249092056122,-0.11902829478084465,-0.04999999999999999,-0.04437499999999994,-0.022012774395868906,0.10000000000000009
cx0.25_cy0.25_layoutA,0.1,x,0.05,error_minus_oracle,diffuse_blur,oracle,diffuse_blur_js_0.05,oracle,1,1,True,True,-0.002766993150745023,0.003955795237816528,0.04999999999999999,0.016249999999999987,0.03294983985072619,-0.3500000000000001
cx0.25_cy0.25_layoutA,0.1,x,0.05,error_minus_oracle,false_hotspot,oracle,false_hotspot_x_js_0.05,oracle,1,1,True,True,0.027888133129966297,0.006821485235422253,0.04999999999999999,0.055624999999999925,0.023810747320510472,-0.10000000000000009
cx0.25_cy0.25_layoutA,0.1,x,0.05,error_minus_oracle,false_negative_suppression,oracle,false_negative_suppression_x_js_0.05,oracle,1,1,True,True,-0.05063791855895672,-0.12324358972610394,0.04999999999999999,0.03249999999999997,-0.2325118218678075,-0.3500000000000001
cx0.25_cy0.25_layoutA,0.1,x,0.05,family_pair,spatial_shift,diffuse_blur,spatial_shift_x_js_0.05,diffuse_blur_js_0.05,1,1,True,True,-0.0683554977698162,-0.12298409001866117,-0.09999999999999998,-0.06062499999999993,-0.0549626142465951,0.4500000000000002
cx0.25_cy0.25_layoutA,0.1,x,0.05,family_pair,spatial_shift,false_hotspot,spatial_shift_x_js_0.05,false_hotspot_x_js_0.05,1,1,True,True,-0.09901062405052752,-0.1258497800162669,-0.09999999999999998,-0.09999999999999987,-0.04582352171637938,0.20000000000000018
cx0.25_cy0.25_layoutA,0.1,x,0.05,family_pair,spatial_shift,false_negative_suppression,spatial_shift_x_js_0.05,false_negative_suppression_x_js_0.05,1,1,True,True,-0.020484572361604503,0.004215294945259296,-0.09999999999999998,-0.07687499999999992,0.2104990474719386,0.4500000000000002
cx0.25_cy0.25_layoutA,0.1,x,0.05,family_pair,diffuse_blur,false_hotspot,diffuse_blur_js_0.05,false_hotspot_x_js_0.05,1,1,True,True,-0.03065512628071132,-0.002865689997605725,0.0,-0.03937499999999994,0.00913909253021572,-0.25
cx0.25_cy0.25_layoutA,0.1,x,0.05,family_pair,diffuse_blur,false_negative_suppression,diffuse_blur_js_0.05,false_negative_suppression_x_js_0.05,1,1,True,True,0.047870925408211695,0.12719938496392047,0.0,-0.016249999999999987,0.2654616617185337,0.0
cx0.25_cy0.25_layoutA,0.1,x,0.05,family_pair,false_hotspot,false_negative_suppression,false_hotspot_x_js_0.05,false_negative_suppression_x_js_0.05,1,1,True,True,0.07852605168892302,0.1300650749615262,0.0,0.02312499999999995,0.256322569188318,0.25
cx0.25_cy0.25_layoutA,0.1,y,0.05,error_minus_oracle,spatial_shift,oracle,spatial_shift_y_js_0.05,oracle,1,1,True,True,-0.011725529131085932,-0.045979710992945955,0.0,0.03562500000000002,-0.1359482626664632,-0.3999999999999999
cx0.25_cy0.25_layoutA,0.1,y,0.05,error_minus_oracle,diffuse_blur,oracle,diffuse_blur_js_0.05,oracle,1,1,True,True,-0.002766993150745023,0.003955795237816528,0.04999999999999999,0.016249999999999987,0.03294983985072619,-0.3500000000000001
cx0.25_cy0.25_layoutA,0.1,y,0.05,error_minus_oracle,false_hotspot,oracle,false_hotspot_y_js_0.05,oracle,1,1,True,True,-0.05590968699339549,-0.11248630520217717,0.0,0.044999999999999984,-0.01639293519552032,-0.10000000000000009
cx0.25_cy0.25_layoutA,0.1,y,0.05,error_minus_oracle,false_negative_suppression,oracle,false_negative_suppression_y_js_0.05,oracle,1,1,True,True,-0.03126719803784972,-0.0571246129232843,0.0,0.010000000000000009,-0.17763662487731358,-0.30000000000000027
cx0.25_cy0.25_layoutA,0.1,y,0.05,family_pair,spatial_shift,diffuse_blur,spatial_shift_y_js_0.05,diffuse_blur_js_0.05,1,1,True,True,-0.00895853598034091,-0.04993550623076248,-0.04999999999999999,0.01937500000000003,-0.1688981025171894,-0.04999999999999982
cx0.25_cy0.25_layoutA,0.1,y,0.05,family_pair,spatial_shift,false_hotspot,spatial_shift_y_js_0.05,false_hotspot_y_js_0.05,1,1,True,True,0.04418415786230956,0.06650659420923122,0.0,-0.009374999999999967,-0.11955532747094288,-0.2999999999999998
cx0.25_cy0.25_layoutA,0.1,y,0.05,family_pair,spatial_shift,false_negative_suppression,spatial_shift_y_js_0.05,false_negative_suppression_y_js_0.05,1,1,True,True,0.019541668906763787,0.011144901930338347,0.0,0.02562500000000001,0.04168836221085037,-0.09999999999999964
cx0.25_cy0.25_layoutA,0.1,y,0.05,family_pair,diffuse_blur,false_hotspot,diffuse_blur_js_0.05,false_hotspot_y_js_0.05,1,1,True,True,0.05314269384265047,0.1164421004399937,0.04999999999999999,-0.028749999999999998,0.04934277504624651,-0.25
cx0.25_cy0.25_layoutA,0.1,y,0.05,family_pair,diffuse_blur,false_negative_suppression,diffuse_blur_js_0.05,false_negative_suppression_y_js_0.05,1,1,True,True,0.028500204887104696,0.06108040816110083,0.04999999999999999,0.006249999999999978,0.21058646472803977,-0.04999999999999982
cx0.25_cy0.25_layoutA,0.1,y,0.05,family_pair,false_hotspot,false_negative_suppression,false_hotspot_y_js_0.05,false_negative_suppression_y_js_0.05,1,1,True,True,-0.02464248895554577,-0.05536169227889287,0.0,0.034999999999999976,0.16124368968179326,0.20000000000000018
cx0.25_cy0.25_layoutA,0.1,x,0.1,error_minus_oracle,spatial_shift,oracle,spatial_shift_x_js_0.1,oracle,1,1,True,True,-0.11264260368654111,-0.2065345607905149,-0.04999999999999999,-0.04312499999999997,-0.01686050520605953,0.10000000000000009
cx0.25_cy0.25_layoutA,0.1,x,0.1,error_minus_oracle,diffuse_blur,oracle,diffuse_blur_js_0.1,oracle,1,1,True,True,-0.04036412039480475,-0.04054629064056203,0.0,0.03375,0.015413837154575116,-0.6000000000000001
cx0.25_cy0.25_layoutA,0.1,x,0.1,error_minus_oracle,false_hotspot,oracle,false_hotspot_x_js_0.1,oracle,1,1,True,True,-0.06630905767419581,-0.14161735416678434,-0.04999999999999999,0.044999999999999984,-0.05987403037153083,-0.55
cx0.25_cy0.25_layoutA,0.1,x,0.1,error_minus_oracle,false_negative_suppression,oracle,false_negative_suppression_x_js_0.1,oracle,1,1,True,True,-0.07608619435951713,-0.18655745025732373,0.04999999999999999,0.033125000000000016,-0.3536038548840077,-0.5
cx0.25_cy0.25_layoutA,0.1,x,0.1,family_pair,spatial_shift,diffuse_blur,spatial_shift_x_js_0.1,diffuse_blur_js_0.1,1,1,True,True,-0.07227848329173636,-0.16598827014995288,-0.04999999999999999,-0.07687499999999997,-0.032274342360634645,0.7000000000000002
cx0.25_cy0.25_layoutA,0.1,x,0.1,family_pair,spatial_shift,false_hotspot,spatial_shift_x_js_0.1,false_hotspot_x_js_0.1,1,1,True,True,-0.046333546012345295,-0.06491720662373057,0.0,-0.08812499999999995,0.0430135251654713,0.6500000000000001
cx0.25_cy0.25_layoutA,0.1,x,0.1,family_pair,spatial_shift,false_negative_suppression,spatial_shift_x_js_0.1,false_negative_suppression_x_js_0.1,1,1,True,True,-0.036556409327023975,-0.019977110533191178,-0.09999999999999998,-0.07624999999999998,0.33674334967794817,0.6000000000000001
cx0.25_cy0.25_layoutA,0.1,x,0.1,family_pair,diffuse_blur,false_hotspot,diffuse_blur_js_0.1,false_hotspot_x_js_0.1,1,1,True,True,0.025944937279391067,0.1010710635262223,0.04999999999999999,-0.011249999999999982,0.07528786752610594,-0.050000000000000044
cx0.25_cy0.25_layoutA,0.1,x,0.1,family_pair,diffuse_blur,false_negative_suppression,diffuse_blur_js_0.1,false_negative_suppression_x_js_0.1,1,1,True,True,0.035722073964712386,0.1460111596167617,-0.04999999999999999,0.0006249999999999867,0.3690176920385828,-0.10000000000000009
cx0.25_cy0.25_layoutA,0.1,x,0.1,family_pair,false_hotspot,false_negative_suppression,false_hotspot_x_js_0.1,false_negative_suppression_x_js_0.1,1,1,True,True,0.00977713668532132,0.044940096090539394,-0.09999999999999998,0.011874999999999969,0.29372982451247687,-0.050000000000000044
cx0.25_cy0.25_layoutA,0.1,y,0.1,error_minus_oracle,spatial_shift,oracle,spatial_shift_y_js_0.1,oracle,1,1,True,True,-0.02513121235274851,-0.05492271667611526,0.0,0.046875,-0.17337849201158617,-0.5
cx0.25_cy0.25_layoutA,0.1,y,0.1,error_minus_oracle,diffuse_blur,oracle,diffuse_blur_js_0.1,oracle,1,1,True,True,-0.04036412039480475,-0.04054629064056203,0.0,0.03375,0.015413837154575116,-0.6000000000000001
cx0.25_cy0.25_layoutA,0.1,y,0.1,error_minus_oracle,false_hotspot,oracle,false_hotspot_y_js_0.1,oracle,1,1,True,True,-0.0965750756452679,-0.19517512121653724,-0.04999999999999999,0.05499999999999994,-0.13776886536747623,-0.9500000000000002
cx0.25_cy0.25_layoutA,0.1,y,0.1,error_minus_oracle,false_negative_suppression,oracle,false_negative_suppression_y_js_0.1,oracle,1,1,True,True,-0.09849462638919149,-0.1852450429476381,-0.04999999999999999,-0.04312499999999997,-0.23179660744248132,-0.3999999999999999
cx0.25_cy0.25_layoutA,0.1,y,0.1,family_pair,spatial_shift,diffuse_blur,spatial_shift_y_js_0.1,diffuse_blur_js_0.1,1,1,True,True,0.015232908042056237,-0.014376426035553225,0.0,0.013124999999999998,-0.1887923291661613,0.10000000000000009
cx0.25_cy0.25_layoutA,0.1,y,0.1,family_pair,spatial_shift,false_hotspot,spatial_shift_y_js_0.1,false_hotspot_y_js_0.1,1,1,True,True,0.0714438632925194,0.14025240454042198,0.04999999999999999,-0.008124999999999938,-0.03560962664410994,0.4500000000000002
cx0.25_cy0.25_layoutA,0.1,y,0.1,family_pair,spatial_shift,false_negative_suppression,spatial_shift_y_js_0.1,false_negative_suppression_y_js_0.1,1,1,True,True,0.07336341403644298,0.13032232627152285,0.04999999999999999,0.08999999999999997,0.058418115430895146,-0.10000000000000009
cx0.25_cy0.25_layoutA,0.1,y,0.1,family_pair,diffuse_blur,false_hotspot,diffuse_blur_js_0.1,false_hotspot_y_js_0.1,1,1,True,True,0.05621095525046316,0.1546288305759752,0.04999999999999999,-0.021249999999999936,0.15318270252205135,0.3500000000000001
cx0.25_cy0.25_layoutA,0.1,y,0.1,family_pair,diffuse_blur,false_negative_suppression,diffuse_blur_js_0.1,false_negative_suppression_y_js_0.1,1,1,True,True,0.05813050599438674,0.14469875230707607,0.04999999999999999,0.07687499999999997,0.24721044459705643,-0.20000000000000018
cx0.25_cy0.25_layoutA,0.1,y,0.1,family_pair,false_hotspot,false_negative_suppression,false_hotspot_y_js_0.1,false_negative_suppression_y_js_0.1,1,1,True,True,0.0019195507439235815,-0.009930078268899134,0.0,0.0981249999999999,0.09402774207500508,-0.5500000000000003
cx0.25_cy0.25_layoutA,0.1,x,0.15,error_minus_oracle,spatial_shift,oracle,spatial_shift_x_js_0.15,oracle,1,1,True,True,-0.13015161403052022,-0.21852620773427855,-0.04999999999999999,-0.04249999999999998,-0.0028931878420714874,0.20000000000000018
cx0.25_cy0.25_layoutA,0.1,x,0.15,error_minus_oracle,diffuse_blur,oracle,diffuse_blur_js_0.15,oracle,1,1,True,True,-0.0938806106737452,-0.13204388451608795,-0.04999999999999999,0.040000000000000036,-0.002699026549511707,-0.4500000000000002
cx0.25_cy0.25_layoutA,0.1,x,0.15,error_minus_oracle,false_hotspot,oracle,false_hotspot_x_js_0.15,oracle,1,1,True,True,-0.10014715626394366,-0.205922833724267,-0.04999999999999999,0.03125,-0.13975520254937024,-0.8500000000000001
cx0.25_cy0.25_layoutA,0.1,x,0.15,error_minus_oracle,false_negative_suppression,oracle,false_negative_suppression_x_js_0.15,oracle,1,1,True,True,-0.10717470868424706,-0.2445093192084279,0.0,0.020625000000000004,-0.45887174875484305,-0.7000000000000002
cx0.25_cy0.25_layoutA,0.1,x,0.15,family_pair,spatial_shift,diffuse_blur,spatial_shift_x_js_0.15,diffuse_blur_js_0.15,1,1,True,True,-0.03627100335677502,-0.0864823232181906,0.0,-0.08250000000000002,-0.0001941612925597802,0.6500000000000004
cx0.25_cy0.25_layoutA,0.1,x,0.15,family_pair,spatial_shift,false_hotspot,spatial_shift_x_js_0.15,false_hotspot_x_js_0.15,1,1,True,True,-0.030004457766576564,-0.012603374010011548,0.0,-0.07374999999999998,0.13686201470729875,1.0500000000000003
cx0.25_cy0.25_layoutA,0.1,x,0.15,family_pair,spatial_shift,false_negative_suppression,spatial_shift_x_js_0.15,false_negative_suppression_x_js_0.15,1,1,True,True,-0.02297690534627317,0.025983111474149334,-0.04999999999999999,-0.06312499999999999,0.45597856091277156,0.9000000000000004
cx0.25_cy0.25_layoutA,0.1,x,0.15,family_pair,diffuse_blur,false_hotspot,diffuse_blur_js_0.15,false_hotspot_x_js_0.15,1,1,True,True,0.006266545590198458,0.07387894920817906,0.0,0.008750000000000036,0.13705617599985853,0.3999999999999999
cx0.25_cy0.25_layoutA,0.1,x,0.15,family_pair,diffuse_blur,false_negative_suppression,diffuse_blur_js_0.15,false_negative_suppression_x_js_0.15,1,1,True,True,0.013294098010501854,0.11246543469233994,-0.04999999999999999,0.01937500000000003,0.45617272220533134,0.25
cx0.25_cy0.25_layoutA,0.1,x,0.15,family_pair,false_hotspot,false_negative_suppression,false_hotspot_x_js_0.15,false_negative_suppression_x_js_0.15,1,1,True,True,0.007027552420303396,0.03858648548416088,-0.04999999999999999,0.010624999999999996,0.3191165462054728,-0.1499999999999999
cx0.25_cy0.25_layoutA,0.1,y,0.15,error_minus_oracle,spatial_shift,oracle,spatial_shift_y_js_0.15,oracle,1,1,True,True,-0.05055908247777052,-0.09089704748578342,0.0,0.04999999999999993,-0.18328800185657923,-0.8500000000000001
cx0.25_cy0.25_layoutA,0.1,y,0.15,error_minus_oracle,diffuse_blur,oracle,diffuse_blur_js_0.15,oracle,1,1,True,True,-0.0938806106737452,-0.13204388451608795,-0.04999999999999999,0.040000000000000036,-0.002699026549511707,-0.4500000000000002
cx0.25_cy0.25_layoutA,0.1,y,0.15,error_minus_oracle,false_hotspot,oracle,false_hotspot_y_js_0.15,oracle,1,1,True,True,-0.11416689727026574,-0.23475352343274425,-0.04999999999999999,0.05999999999999994,-0.232867056544398,-1.1500000000000001
cx0.25_cy0.25_layoutA,0.1,y,0.15,error_minus_oracle,false_negative_suppression,oracle,false_negative_suppression_y_js_0.15,oracle,1,1,True,True,-0.12118079648968172,-0.19261730639642427,-0.04999999999999999,-0.04499999999999993,-0.3494006720787102,-0.6000000000000001
cx0.25_cy0.25_layoutA,0.1,y,0.15,family_pair,spatial_shift,diffuse_blur,spatial_shift_y_js_0.15,diffuse_blur_js_0.15,1,1,True,True,0.04332152819597468,0.04114683703030453,0.04999999999999999,0.009999999999999898,-0.18058897530706752,-0.3999999999999999
cx0.25_cy0.25_layoutA,0.1,y,0.15,family_pair,spatial_shift,false_hotspot,spatial_shift_y_js_0.15,false_hotspot_y_js_0.15,1,1,True,True,0.06360781479249522,0.14385647594696083,0.04999999999999999,-0.010000000000000009,0.04957905468781876,0.30000000000000004
cx0.25_cy0.25_layoutA,0.1,y,0.15,family_pair,spatial_shift,false_negative_suppression,spatial_shift_y_js_0.15,false_negative_suppression_y_js_0.15,1,1,True,True,0.0706217140119112,0.10172025891064085,0.04999999999999999,0.09499999999999986,0.16611267022213094,-0.25
cx0.25_cy0.25_layoutA,0.1,y,0.15,family_pair,diffuse_blur,false_hotspot,diffuse_blur_js_0.15,false_hotspot_y_js_0.15,1,1,True,True,0.020286286596520542,0.1027096389166563,0.0,-0.019999999999999907,0.23016802999488628,0.7
cx0.25_cy0.25_layoutA,0.1,y,0.15,family_pair,diffuse_blur,false_negative_suppression,diffuse_blur_js_0.15,false_negative_suppression_y_js_0.15,1,1,True,True,0.027300185815936517,0.06057342188033632,0.0,0.08499999999999996,0.34670164552919847,0.1499999999999999
cx0.25_cy0.25_layoutA,0.1,y,0.15,family_pair,false_hotspot,false_negative_suppression,false_hotspot_y_js_0.15,false_negative_suppression_y_js_0.15,1,1,True,True,0.0070138992194159755,-0.04213621703631998,0.0,0.10499999999999987,0.11653361553431218,-0.55
cx0.25_cy0.25_layoutA,0.05,shared,,baseline_minus_oracle,uniform_prior_baseline,oracle,uniform_prior_baseline,oracle,1,1,True,True,-0.11705481889106584,-0.25990215324671473,-0.04999999999999999,0.0462499999999999,-0.13949916067607182,-0.5
cx0.25_cy0.25_layoutA,0.05,x,0.05,error_minus_oracle,spatial_shift,oracle,spatial_shift_x_js_0.05,oracle,1,1,True,True,-0.06443879537798847,-0.19434470360756662,-0.04999999999999999,-0.058750000000000024,-0.10816956032473213,-0.5999999999999996
cx0.25_cy0.25_layoutA,0.05,x,0.05,error_minus_oracle,diffuse_blur,oracle,diffuse_blur_js_0.05,oracle,1,1,True,True,0.029908027553628203,-0.009802461367550919,0.09999999999999998,-0.011249999999999982,-0.05208219207703868,-1.0499999999999998
cx0.25_cy0.25_layoutA,0.05,x,0.05,error_minus_oracle,false_hotspot,oracle,false_hotspot_x_js_0.05,oracle,1,1,True,True,-0.03613551819766747,-0.15498663524126122,0.0,0.05437500000000006,0.07290771060093304,-0.04999999999999982
cx0.25_cy0.25_layoutA,0.05,x,0.05,error_minus_oracle,false_negative_suppression,oracle,false_negative_suppression_x_js_0.05,oracle,1,1,True,True,-0.03714913967042777,-0.19171245373127177,0.09999999999999998,-0.030625000000000013,-0.18203642041499668,-0.75
cx0.25_cy0.25_layoutA,0.05,x,0.05,family_pair,spatial_shift,diffuse_blur,spatial_shift_x_js_0.05,diffuse_blur_js_0.05,1,1,True,True,-0.09434682293161667,-0.1845422422400157,-0.14999999999999997,-0.04750000000000004,-0.05608736824769345,0.4500000000000002
cx0.25_cy0.25_layoutA,0.05,x,0.05,family_pair,spatial_shift,false_hotspot,spatial_shift_x_js_0.05,false_hotspot_x_js_0.05,1,1,True,True,-0.028303277180320996,-0.0393580683663054,-0.04999999999999999,-0.11312500000000009,-0.18107727092566517,-0.5499999999999998
cx0.25_cy0.25_layoutA,0.05,x,0.05,family_pair,spatial_shift,false_negative_suppression,spatial_shift_x_js_0.05,false_negative_suppression_x_js_0.05,1,1,True,True,-0.0272896557075607,-0.0026322498762948454,-0.14999999999999997,-0.02812500000000001,0.07386686009026455,0.15000000000000036
cx0.25_cy0.25_layoutA,0.05,x,0.05,family_pair,diffuse_blur,false_hotspot,diffuse_blur_js_0.05,false_hotspot_x_js_0.05,1,1,True,True,0.06604354575129567,0.1451841738737103,0.09999999999999998,-0.06562500000000004,-0.12498990267797172,-1.0
cx0.25_cy0.25_layoutA,0.05,x,0.05,family_pair,diffuse_blur,false_negative_suppression,diffuse_blur_js_0.05,false_negative_suppression_x_js_0.05,1,1,True,True,0.06705716722405597,0.18190999236372085,0.0,0.01937500000000003,0.129954228337958,-0.2999999999999998
cx0.25_cy0.25_layoutA,0.05,x,0.05,family_pair,false_hotspot,false_negative_suppression,false_hotspot_x_js_0.05,false_negative_suppression_x_js_0.05,1,1,True,True,0.0010136214727602955,0.03672581849001055,-0.09999999999999998,0.08500000000000008,0.2549441310159297,0.7000000000000002
cx0.25_cy0.25_layoutA,0.05,y,0.05,error_minus_oracle,spatial_shift,oracle,spatial_shift_y_js_0.05,oracle,1,1,True,True,-0.015115075654365762,-0.16683567935643062,0.0,-0.007500000000000007,-0.18502470203836463,-1.2999999999999998
cx0.25_cy0.25_layoutA,0.05,y,0.05,error_minus_oracle,diffuse_blur,oracle,diffuse_blur_js_0.05,oracle,1,1,True,True,0.029908027553628203,-0.009802461367550919,0.09999999999999998,-0.011249999999999982,-0.05208219207703868,-1.0499999999999998
cx0.25_cy0.25_layoutA,0.05,y,0.05,error_minus_oracle,false_hotspot,oracle,false_hotspot_y_js_0.05,oracle,1,1,True,True,0.015361287227937503,-0.08821444499686093,0.04999999999999999,0.05437500000000006,0.026950516784047807,-0.1499999999999999
cx0.25_cy0.25_layoutA,0.05,y,0.05,error_minus_oracle,false_negative_suppression,oracle,false_negative_suppression_y_js_0.05,oracle,1,1,True,True,0.0026054948288353197,-0.02925911275107229,0.0,0.02312499999999995,-0.05657731039177438,-0.25
cx0.25_cy0.25_layoutA,0.05,y,0.05,family_pair,spatial_shift,diffuse_blur,spatial_shift_y_js_0.05,diffuse_blur_js_0.05,1,1,True,True,-0.045023103207993964,-0.1570332179888797,-0.09999999999999998,0.0037499999999999756,-0.13294250996132595,-0.25
cx0.25_cy0.25_layoutA,0.05,y,0.05,family_pair,spatial_shift,false_hotspot,spatial_shift_y_js_0.05,false_hotspot_y_js_0.05,1,1,True,True,-0.030476362882303265,-0.07862123435956969,-0.04999999999999999,-0.06187500000000007,-0.21197521882241244,-1.15
cx0.25_cy0.25_layoutA,0.05,y,0.05,family_pair,spatial_shift,false_negative_suppression,spatial_shift_y_js_0.05,false_negative_suppression_y_js_0.05,1,1,True,True,-0.01772057048320108,-0.13757656660535833,0.0,-0.030624999999999958,-0.12844739164659025,-1.0499999999999998
cx0.25_cy0.25_layoutA,0.05,y,0.05,family_pair,diffuse_blur,false_hotspot,diffuse_blur_js_0.05,false_hotspot_y_js_0.05,1,1,True,True,0.014546740325690699,0.07841198362931001,0.04999999999999999,-0.06562500000000004,-0.07903270886108649,-0.8999999999999999
cx0.25_cy0.25_layoutA,0.05,y,0.05,family_pair,diffuse_blur,false_negative_suppression,diffuse_blur_js_0.05,false_negative_suppression_y_js_0.05,1,1,True,True,0.027302532724792883,0.019456651383521373,0.09999999999999998,-0.03437499999999993,0.004495118314735702,-0.7999999999999998
cx0.25_cy0.25_layoutA,0.05,y,0.05,family_pair,false_hotspot,false_negative_suppression,false_hotspot_y_js_0.05,false_negative_suppression_y_js_0.05,1,1,True,True,0.012755792399102184,-0.05895533224578864,0.04999999999999999,0.03125000000000011,0.08352782717582219,0.10000000000000009
cx0.25_cy0.25_layoutA,0.05,x,0.1,error_minus_oracle,spatial_shift,oracle,spatial_shift_x_js_0.1,oracle,1,1,True,True,-0.12609137559907935,-0.34538228187808717,-0.09999999999999998,-0.06125000000000003,-0.16626730607491735,-1.3499999999999999
cx0.25_cy0.25_layoutA,0.05,x,0.1,error_minus_oracle,diffuse_blur,oracle,diffuse_blur_js_0.1,oracle,1,1,True,True,0.009672896398536523,-0.006876292176060006,0.0,0.030000000000000027,-0.034596863279467094,-0.7999999999999998
cx0.25_cy0.25_layoutA,0.05,x,0.1,error_minus_oracle,false_hotspot,oracle,false_hotspot_x_js_0.1,oracle,1,1,True,True,-0.04049127751060677,-0.18503360071289532,-0.04999999999999999,0.055625000000000036,0.06492302028564145,-0.19999999999999973
cx0.25_cy0.25_layoutA,0.05,x,0.1,error_minus_oracle,false_negative_suppression,oracle,false_negative_suppression_x_js_0.1,oracle,1,1,True,True,-0.051600073531178015,-0.20164725386231097,0.09999999999999998,-0.015625,-0.17319481284998517,-1.3499999999999999
cx0.25_cy0.25_layoutA,0.05,x,0.1,family_pair,spatial_shift,diffuse_blur,spatial_shift_x_js_0.1,diffuse_blur_js_0.1,1,1,True,True,-0.13576427199761587,-0.33850598970202717,-0.09999999999999998,-0.09125000000000005,-0.13167044279545026,-0.55
cx0.25_cy0.25_layoutA,0.05,x,0.1,family_pair,spatial_shift,false_hotspot,spatial_shift_x_js_0.1,false_hotspot_x_js_0.1,1,1,True,True,-0.08560009808847258,-0.16034868116519185,-0.04999999999999999,-0.11687500000000006,-0.2311903263605588,-1.1500000000000001
cx0.25_cy0.25_layoutA,0.05,x,0.1,family_pair,spatial_shift,false_negative_suppression,spatial_shift_x_js_0.1,false_negative_suppression_x_js_0.1,1,1,True,True,-0.07449130206790133,-0.1437350280157762,-0.19999999999999996,-0.04562500000000003,0.006927506775067815,0.0
cx0.25_cy0.25_layoutA,0.05,x,0.1,family_pair,diffuse_blur,false_hotspot,diffuse_blur_js_0.1,false_hotspot_x_js_0.1,1,1,True,True,0.050164173909143295,0.1781573085368353,0.04999999999999999,-0.02562500000000001,-0.09951988356510855,-0.6000000000000001
cx0.25_cy0.25_layoutA,0.05,x,0.1,family_pair,diffuse_blur,false_negative_suppression,diffuse_blur_js_0.1,false_negative_suppression_x_js_0.1,1,1,True,True,0.06127296992971454,0.19477096168625097,-0.09999999999999998,0.04562500000000003,0.13859794957051808,0.55
cx0.25_cy0.25_layoutA,0.05,x,0.1,family_pair,false_hotspot,false_negative_suppression,false_hotspot_x_js_0.1,false_negative_suppression_x_js_0.1,1,1,True,True,0.011108796020571243,0.016613653149415653,-0.14999999999999997,0.07125000000000004,0.23811783313562662,1.1500000000000001
cx0.25_cy0.25_layoutA,0.05,y,0.1,error_minus_oracle,spatial_shift,oracle,spatial_shift_y_js_0.1,oracle,1,1,True,True,-0.045059278944475034,-0.20968216268828255,-0.04999999999999999,0.003750000000000031,-0.23402083624179815,-1.4
cx0.25_cy0.25_layoutA,0.05,y,0.1,error_minus_oracle,diffuse_blur,oracle,diffuse_blur_js_0.1,oracle,1,1,True,True,0.009672896398536523,-0.006876292176060006,0.0,0.030000000000000027,-0.034596863279467094,-0.7999999999999998
cx0.25_cy0.25_layoutA,0.05,y,0.1,error_minus_oracle,false_hotspot,oracle,false_hotspot_y_js_0.1,oracle,1,1,True,True,-0.06030554305658198,-0.22099274618119047,-0.04999999999999999,0.047499999999999876,-0.003964558499248039,-0.2999999999999998
cx0.25_cy0.25_layoutA,0.05,y,0.1,error_minus_oracle,false_negative_suppression,oracle,false_negative_suppression_y_js_0.1,oracle,1,1,True,True,0.0531281624932044,0.14917339240450855,0.7000000000000001,0.016874999999999973,-0.04459188213437848,-0.44999999999999973
cx0.25_cy0.25_layoutA,0.05,y,0.1,family_pair,spatial_shift,diffuse_blur,spatial_shift_y_js_0.1,diffuse_blur_js_0.1,1,1,True,True,-0.05473217534301156,-0.20280587051222254,-0.04999999999999999,-0.026249999999999996,-0.19942397296233105,-0.6000000000000001
cx0.25_cy0.25_layoutA,0.05,y,0.1,family_pair,spatial_shift,false_hotspot,spatial_shift_y_js_0.1,false_hotspot_y_js_0.1,1,1,True,True,0.015246264112106944,0.011310583492907922,0.0,-0.043749999999999845,-0.2300562777425501,-1.1
cx0.25_cy0.25_layoutA,0.05,y,0.1,family_pair,spatial_shift,false_negative_suppression,spatial_shift_y_js_0.1,false_negative_suppression_y_js_0.1,1,1,True,True,-0.09818744143767943,-0.3588555550927911,-0.75,-0.013124999999999942,-0.18942895410741967,-0.9500000000000002
cx0.25_cy0.25_layoutA,0.05,y,0.1,family_pair,diffuse_blur,false_hotspot,diffuse_blur_js_0.1,false_hotspot_y_js_0.1,1,1,True,True,0.0699784394551185,0.21411645400513046,0.04999999999999999,-0.01749999999999985,-0.030632304780219055,-0.5
cx0.25_cy0.25_layoutA,0.05,y,0.1,family_pair,diffuse_blur,false_negative_suppression,diffuse_blur_js_0.1,false_negative_suppression_y_js_0.1,1,1,True,True,-0.04345526609466788,-0.15604968458056856,-0.7000000000000001,0.013125000000000053,0.009995018854911386,-0.3500000000000001
cx0.25_cy0.25_layoutA,0.05,y,0.1,family_pair,false_hotspot,false_negative_suppression,false_hotspot_y_js_0.1,false_negative_suppression_y_js_0.1,1,1,True,True,-0.11343370554978638,-0.370166138585699,-0.75,0.030624999999999902,0.04062732363513044,0.1499999999999999
cx0.25_cy0.25_layoutA,0.05,x,0.15,error_minus_oracle,spatial_shift,oracle,spatial_shift_x_js_0.15,oracle,1,1,True,True,-0.11928215636250805,-0.3209535796978187,-0.04999999999999999,-0.016249999999999987,-0.12024914740431969,-1.0499999999999998
cx0.25_cy0.25_layoutA,0.05,x,0.15,error_minus_oracle,diffuse_blur,oracle,diffuse_blur_js_0.15,oracle,1,1,True,True,-0.08003586680603714,-0.17446272052829848,-0.04999999999999999,0.046875,-0.07505783389274034,-0.5
cx0.25_cy0.25_layoutA,0.05,x,0.15,error_minus_oracle,false_hotspot,oracle,false_hotspot_x_js_0.15,oracle,1,1,True,True,-0.10401937684701801,-0.3216333982583517,-0.04999999999999999,0.02937499999999993,-0.12644075542177013,-1.0499999999999998
cx0.25_cy0.25_layoutA,0.05,x,0.15,error_minus_oracle,false_negative_suppression,oracle,false_negative_suppression_x_js_0.15,oracle,1,1,True,True,-0.13402978650281894,-0.07614805470193164,-0.09999999999999998,0.04812499999999997,-0.02191121878660729,-0.25
cx0.25_cy0.25_layoutA,0.05,x,0.15,family_pair,spatial_shift,diffuse_blur,spatial_shift_x_js_0.15,diffuse_blur_js_0.15,1,1,True,True,-0.039246289556470915,-0.1464908591695202,0.0,-0.06312499999999999,-0.045191313511579345,-0.5499999999999998
cx0.25_cy0.25_layoutA,0.05,x,0.15,family_pair,spatial_shift,false_hotspot,spatial_shift_x_js_0.15,false_hotspot_x_js_0.15,1,1,True,True,-0.015262779515490044,0.0006798185605330076,0.0,-0.045624999999999916,0.006191608017450445,0.0
cx0.25_cy0.25_layoutA,0.05,x,0.15,family_pair,spatial_shift,false_negative_suppression,spatial_shift_x_js_0.15,false_negative_suppression_x_js_0.15,1,1,True,True,0.014747630140310886,-0.24480552499588704,0.04999999999999999,-0.06437499999999996,-0.0983379286177124,-0.7999999999999998
cx0.25_cy0.25_layoutA,0.05,x,0.15,family_pair,diffuse_blur,false_hotspot,diffuse_blur_js_0.15,false_hotspot_x_js_0.15,1,1,True,True,0.02398351004098087,0.1471706777300532,0.0,0.01750000000000007,0.05138292152902979,0.5499999999999998
cx0.25_cy0.25_layoutA,0.05,x,0.15,family_pair,diffuse_blur,false_negative_suppression,diffuse_blur_js_0.15,false_negative_suppression_x_js_0.15,1,1,True,True,0.0539939196967818,-0.09831466582636683,0.04999999999999999,-0.0012499999999999734,-0.053146615106133055,-0.25
cx0.25_cy0.25_layoutA,0.05,x,0.15,family_pair,false_hotspot,false_negative_suppression,false_hotspot_x_js_0.15,false_negative_suppression_x_js_0.15,1,1,True,True,0.03001040965580093,-0.24548534355642004,0.04999999999999999,-0.018750000000000044,-0.10452953663516285,-0.7999999999999998
cx0.25_cy0.25_layoutA,0.05,y,0.15,error_minus_oracle,spatial_shift,oracle,spatial_shift_y_js_0.15,oracle,1,1,True,True,-0.09276860749562854,-0.281745802836301,-0.04999999999999999,-0.0012499999999999734,-0.22874298069868493,-1.5
cx0.25_cy0.25_layoutA,0.05,y,0.15,error_minus_oracle,diffuse_blur,oracle,diffuse_blur_js_0.15,oracle,1,1,True,True,-0.08003586680603714,-0.17446272052829848,-0.04999999999999999,0.046875,-0.07505783389274034,-0.5
cx0.25_cy0.25_layoutA,0.05,y,0.15,error_minus_oracle,false_hotspot,oracle,false_hotspot_y_js_0.15,oracle,1,1,True,True,-0.12115163112792926,-0.3324255418041405,-0.09999999999999998,0.027499999999999913,-0.11281469589092019,-0.9499999999999997
cx0.25_cy0.25_layoutA,0.05,y,0.15,error_minus_oracle,false_negative_suppression,oracle,false_negative_suppression_y_js_0.15,oracle,1,1,True,True,0.04312822140353623,0.2326123198096074,0.7000000000000001,0.018124999999999947,0.06990863542587711,-0.25
cx0.25_cy0.25_layoutA,0.05,y,0.15,family_pair,spatial_shift,diffuse_blur,spatial_shift_y_js_0.15,diffuse_blur_js_0.15,1,1,True,True,-0.012732740689591404,-0.10728308230800254,0.0,-0.04812499999999997,-0.15368514680594458,-1.0
cx0.25_cy0.25_layoutA,0.05,y,0.15,family_pair,spatial_shift,false_hotspot,spatial_shift_y_js_0.15,false_hotspot_y_js_0.15,1,1,True,True,0.02838302363230072,0.050679738967839505,0.04999999999999999,-0.028749999999999887,-0.11592828480776474,-0.5500000000000003
cx0.25_cy0.25_layoutA,0.05,y,0.15,family_pair,spatial_shift,false_negative_suppression,spatial_shift_y_js_0.15,false_negative_suppression_y_js_0.15,1,1,True,True,-0.13589682889916477,-0.5143581226459084,-0.75,-0.01937499999999992,-0.29865161612456204,-1.25
cx0.25_cy0.25_layoutA,0.05,y,0.15,family_pair,diffuse_blur,false_hotspot,diffuse_blur_js_0.15,false_hotspot_y_js_0.15,1,1,True,True,0.04111576432189212,0.15796282127584205,0.04999999999999999,0.019375000000000087,0.03775686199817985,0.44999999999999973
cx0.25_cy0.25_layoutA,0.05,y,0.15,family_pair,diffuse_blur,false_negative_suppression,diffuse_blur_js_0.15,false_negative_suppression_y_js_0.15,1,1,True,True,-0.12316408820957336,-0.40707504033790587,-0.75,0.028750000000000053,-0.14496646931861745,-0.25
cx0.25_cy0.25_layoutA,0.05,y,0.15,family_pair,false_hotspot,false_negative_suppression,false_hotspot_y_js_0.15,false_negative_suppression_y_js_0.15,1,1,True,True,-0.1642798525314655,-0.5650378616137479,-0.8,0.009374999999999967,-0.1827233313167973,-0.6999999999999997
cx0.25_cy0.25_layoutB,0.1,shared,,baseline_minus_oracle,uniform_prior_baseline,oracle,uniform_prior_baseline,oracle,1,1,True,True,-0.18562424973644354,-0.2945125778315729,-0.15000000000000002,-0.01305483028720622,-0.016931057998312404,-0.25
cx0.25_cy0.25_layoutB,0.1,x,0.05,error_minus_oracle,spatial_shift,oracle,spatial_shift_x_js_0.05,oracle,1,1,True,True,-0.08366989465703112,-0.1708163547599173,-0.04999999999999999,-0.05483028720626626,0.0021362627925274325,0.10000000000000009
cx0.25_cy0.25_layoutB,0.1,x,0.05,error_minus_oracle,diffuse_blur,oracle,diffuse_blur_js_0.05,oracle,1,1,True,True,-0.011409955743083122,0.021275970548278678,0.0,0.02741514360313324,0.0434406014365325,0.04999999999999982
cx0.25_cy0.25_layoutB,0.1,x,0.05,error_minus_oracle,false_hotspot,oracle,false_hotspot_x_js_0.05,oracle,1,1,True,True,-0.02115056591402098,-0.08694163956218126,0.0,0.026762402088772896,-0.017472245848069168,-0.25
cx0.25_cy0.25_layoutB,0.1,x,0.05,error_minus_oracle,false_negative_suppression,oracle,false_negative_suppression_x_js_0.05,oracle,1,1,True,True,-0.07918893800318427,-0.1580474462662892,-0.04999999999999999,-0.03851174934725843,-0.19010422939931626,-0.30000000000000027
cx0.25_cy0.25_layoutB,0.1,x,0.05,family_pair,spatial_shift,diffuse_blur,spatial_shift_x_js_0.05,diffuse_blur_js_0.05,1,1,True,True,-0.072259938913948,-0.19209232530819598,-0.04999999999999999,-0.0822454308093995,-0.04130433864400507,0.050000000000000266
cx0.25_cy0.25_layoutB,0.1,x,0.05,family_pair,spatial_shift,false_hotspot,spatial_shift_x_js_0.05,false_hotspot_x_js_0.05,1,1,True,True,-0.06251932874301014,-0.08387471519773604,-0.04999999999999999,-0.08159268929503916,0.0196085086405966,0.3500000000000001
cx0.25_cy0.25_layoutB,0.1,x,0.05,family_pair,spatial_shift,false_negative_suppression,spatial_shift_x_js_0.05,false_negative_suppression_x_js_0.05,1,1,True,True,-0.004480956653846846,-0.012768908493628106,0.0,-0.01631853785900783,0.1922404921918437,0.40000000000000036
cx0.25_cy0.25_layoutB,0.1,x,0.05,family_pair,diffuse_blur,false_hotspot,diffuse_blur_js_0.05,false_hotspot_x_js_0.05,1,1,True,True,0.009740610170937858,0.10821761011045994,0.0,0.0006527415143603443,0.06091284728460167,0.2999999999999998
cx0.25_cy0.25_layoutB,0.1,x,0.05,family_pair,diffuse_blur,false_negative_suppression,diffuse_blur_js_0.05,false_negative_suppression_x_js_0.05,1,1,True,True,0.06777898226010115,0.17932341681456787,0.04999999999999999,0.06592689295039167,0.23354483083584876,0.3500000000000001
cx0.25_cy0.25_layoutB,0.1,x,0.05,family_pair,false_hotspot,false_negative_suppression,false_hotspot_x_js_0.05,false_negative_suppression_x_js_0.05,1,1,True,True,0.05803837208916329,0.07110580670410793,0.04999999999999999,0.06527415143603132,0.1726319835512471,0.050000000000000266
cx0.25_cy0.25_layoutB,0.1,y,0.05,error_minus_oracle,spatial_shift,oracle,spatial_shift_y_js_0.05,oracle,1,1,True,True,0.025384545094464972,0.23588216019850106,0.04999999999999999,0.1821148825065274,0.866970005328858,0.7999999999999998
cx0.25_cy0.25_layoutB,0.1,y,0.05,error_minus_oracle,diffuse_blur,oracle,diffuse_blur_js_0.05,oracle,1,1,True,True,-0.011409955743083122,0.021275970548278678,0.0,0.02741514360313324,0.0434406014365325,0.04999999999999982
cx0.25_cy0.25_layoutB,0.1,y,0.05,error_minus_oracle,false_hotspot,oracle,false_hotspot_y_js_0.05,oracle,1,1,True,True,-0.05279845120850768,0.009529931124431013,0.0,0.0,0.8852528089887639,1.4500000000000002
cx0.25_cy0.25_layoutB,0.1,y,0.05,error_minus_oracle,false_negative_suppression,oracle,false_negative_suppression_y_js_0.05,oracle,1,1,True,True,-0.12304678119294776,-0.2453544266292269,-0.09999999999999998,-0.09399477806788503,-0.09182623832885062,-0.04999999999999982
cx0.25_cy0.25_layoutB,0.1,y,0.05,family_pair,spatial_shift,diffuse_blur,spatial_shift_y_js_0.05,diffuse_blur_js_0.05,1,1,True,True,0.036794500837548094,0.21460618965022238,0.04999999999999999,0.15469973890339417,0.8235294038923255,0.75
cx0.25_cy0.25_layoutB,0.1,y,0.05,family_pair,spatial_shift,false_hotspot,spatial_shift_y_js_0.05,false_hotspot_y_js_0.05,1,1,True,True,0.07818299630297265,0.22635222907407004,0.04999999999999999,0.1821148825065274,-0.018282803659905866,-0.6500000000000004
cx0.25_cy0.25_layoutB,0.1,y,0.05,family_pair,spatial_shift,false_negative_suppression,spatial_shift_y_js_0.05,false_negative_suppression_y_js_0.05,1,1,True,True,0.14843132628741273,0.48123658682772796,0.14999999999999997,0.27610966057441244,0.9587962436577087,0.8499999999999996
cx0.25_cy0.25_layoutB,0.1,y,0.05,family_pair,diffuse_blur,false_hotspot,diffuse_blur_js_0.05,false_hotspot_y_js_0.05,1,1,True,True,0.04138849546542456,0.011746039423847665,0.0,0.02741514360313324,-0.8418122075522314,-1.4000000000000004
cx0.25_cy0.25_layoutB,0.1,y,0.05,family_pair,diffuse_blur,false_negative_suppression,diffuse_blur_js_0.05,false_negative_suppression_y_js_0.05,1,1,True,True,0.11163682544986464,0.2666303971775056,0.09999999999999998,0.12140992167101827,0.13526683976538312,0.09999999999999964
cx0.25_cy0.25_layoutB,0.1,y,0.05,family_pair,false_hotspot,false_negative_suppression,false_hotspot_y_js_0.05,false_negative_suppression_y_js_0.05,1,1,True,True,0.07024832998444008,0.2548843577536579,0.09999999999999998,0.09399477806788503,0.9770790473176145,1.5
cx0.25_cy0.25_layoutB,0.1,x,0.1,error_minus_oracle,spatial_shift,oracle,spatial_shift_x_js_0.1,oracle,1,1,True,True,-0.15715645824935165,-0.26009554547510094,-0.09999999999999998,-0.07832898172323755,0.022892309444274783,0.1499999999999999
cx0.25_cy0.25_layoutB,0.1,x,0.1,error_minus_oracle,diffuse_blur,oracle,diffuse_blur_js_0.1,oracle,1,1,True,True,-0.06290413585566734,-0.10179331283369464,-0.04999999999999999,0.04699738903394257,-0.012654781013529792,-0.20000000000000018
cx0.25_cy0.25_layoutB,0.1,x,0.1,error_minus_oracle,false_hotspot,oracle,false_hotspot_x_js_0.1,oracle,1,1,True,True,-0.12555465852066872,-0.24157577626170057,-0.09999999999999998,0.00718015665796351,-0.0703057252086352,-0.55
cx0.25_cy0.25_layoutB,0.1,x,0.1,error_minus_oracle,false_negative_suppression,oracle,false_negative_suppression_x_js_0.1,oracle,1,1,True,True,-0.09717848177551736,-0.19746930877764912,-0.04999999999999999,-0.03981723237597906,-0.2550072058544339,-0.5
cx0.25_cy0.25_layoutB,0.1,x,0.1,family_pair,spatial_shift,diffuse_blur,spatial_shift_x_js_0.1,diffuse_blur_js_0.1,1,1,True,True,-0.0942523223936843,-0.1583022326414063,-0.04999999999999999,-0.12532637075718012,0.035547090457804575,0.3500000000000001
cx0.25_cy0.25_layoutB,0.1,x,0.1,family_pair,spatial_shift,false_hotspot,spatial_shift_x_js_0.1,false_hotspot_x_js_0.1,1,1,True,True,-0.03160179972868293,-0.018519769213400372,0.0,-0.08550913838120106,0.09319803465290999,0.7
cx0.25_cy0.25_layoutB,0.1,x,0.1,family_pair,spatial_shift,false_negative_suppression,spatial_shift_x_js_0.1,false_negative_suppression_x_js_0.1,1,1,True,True,-0.059977976473834294,-0.06262623669745182,-0.04999999999999999,-0.038511749347258484,0.2778995152987087,0.6499999999999999
cx0.25_cy0.25_layoutB,0.1,x,0.1,family_pair,diffuse_blur,false_hotspot,diffuse_blur_js_0.1,false_hotspot_x_js_0.1,1,1,True,True,0.06265052266500137,0.13978246342800593,0.04999999999999999,0.03981723237597906,0.057650944195105414,0.34999999999999987
cx0.25_cy0.25_layoutB,0.1,x,0.1,family_pair,diffuse_blur,false_negative_suppression,diffuse_blur_js_0.1,false_negative_suppression_x_js_0.1,1,1,True,True,0.03427434591985001,0.09567599594395448,0.0,0.08681462140992163,0.24235242484090413,0.2999999999999998
cx0.25_cy0.25_layoutB,0.1,x,0.1,family_pair,false_hotspot,false_negative_suppression,false_hotspot_x_js_0.1,false_negative_suppression_x_js_0.1,1,1,True,True,-0.02837617674515136,-0.04410646748405145,-0.04999999999999999,0.04699738903394257,0.18470148064579872,-0.050000000000000044
cx0.25_cy0.25_layoutB,0.1,y,0.1,error_minus_oracle,spatial_shift,oracle,spatial_shift_y_js_0.1,oracle,1,1,True,True,-0.05087678741593504,0.13075472536675636,-0.04999999999999999,-0.04177545691906004,0.42022818698848585,0.5
cx0.25_cy0.25_layoutB,0.1,y,0.1,error_minus_oracle,diffuse_blur,oracle,diffuse_blur_js_0.1,oracle,1,1,True,True,-0.06290413585566734,-0.10179331283369464,-0.04999999999999999,0.04699738903394257,-0.012654781013529792,-0.20000000000000018
cx0.25_cy0.25_layoutB,0.1,y,0.1,error_minus_oracle,false_hotspot,oracle,false_hotspot_y_js_0.1,oracle,1,1,True,True,-0.09627324545465432,-0.09106608176120556,-0.04999999999999999,0.030026109660574507,0.4038884853695399,0.20000000000000018
cx0.25_cy0.25_layoutB,0.1,y,0.1,error_minus_oracle,false_negative_suppression,oracle,false_negative_suppression_y_js_0.1,oracle,1,1,True,True,-0.16855342078016444,-0.31206875443681126,-0.09999999999999998,-0.10966057441253257,-0.18560083443489805,-0.25
cx0.25_cy0.25_layoutB,0.1,y,0.1,family_pair,spatial_shift,diffuse_blur,spatial_shift_y_js_0.1,diffuse_blur_js_0.1,1,1,True,True,0.0120273484397323,0.232548038200451,0.0,-0.08877284595300261,0.43288296800201564,0.7000000000000002
cx0.25_cy0.25_layoutB,0.1,y,0.1,family_pair,spatial_shift,false_hotspot,spatial_shift_y_js_0.1,false_hotspot_y_js_0.1,1,1,True,True,0.04539645803871928,0.22182080712796193,0.0,-0.07180156657963455,0.016339701618945934,0.2999999999999998
cx0.25_cy0.25_layoutB,0.1,y,0.1,family_pair,spatial_shift,false_negative_suppression,spatial_shift_y_js_0.1,false_negative_suppression_y_js_0.1,1,1,True,True,0.1176766333642294,0.4428234798035676,0.04999999999999999,0.06788511749347254,0.6058290214233839,0.75
cx0.25_cy0.25_layoutB,0.1,y,0.1,family_pair,diffuse_blur,false_hotspot,diffuse_blur_js_0.1,false_hotspot_y_js_0.1,1,1,True,True,0.03336910959898698,-0.010727231072489074,0.0,0.016971279373368064,-0.4165432663830697,-0.40000000000000036
cx0.25_cy0.25_layoutB,0.1,y,0.1,family_pair,diffuse_blur,false_negative_suppression,diffuse_blur_js_0.1,false_negative_suppression_y_js_0.1,1,1,True,True,0.1056492849244971,0.21027544160311662,0.04999999999999999,0.15665796344647515,0.17294605342136826,0.04999999999999982
cx0.25_cy0.25_layoutB,0.1,y,0.1,family_pair,false_hotspot,false_negative_suppression,false_hotspot_y_js_0.1,false_negative_suppression_y_js_0.1,1,1,True,True,0.07228017532551012,0.2210026726756057,0.04999999999999999,0.13968668407310708,0.589489319804438,0.4500000000000002
cx0.25_cy0.25_layoutB,0.1,x,0.15,error_minus_oracle,spatial_shift,oracle,spatial_shift_x_js_0.15,oracle,1,1,True,True,-0.17098046406825607,-0.279700790654545,-0.09999999999999998,-0.07245430809399472,0.009150713230757113,0.1499999999999999
cx0.25_cy0.25_layoutB,0.1,x,0.15,error_minus_oracle,diffuse_blur,oracle,diffuse_blur_js_0.15,oracle,1,1,True,True,-0.17050285296214396,-0.24975939033222694,-0.09999999999999998,-0.001958224543080922,0.019065664569498875,-0.25
cx0.25_cy0.25_layoutB,0.1,x,0.15,error_minus_oracle,false_hotspot,oracle,false_hotspot_x_js_0.15,oracle,1,1,True,True,-0.16891219292540272,-0.30409842314146684,-0.09999999999999998,-0.012402088772845876,-0.10693431100734552,-0.75
cx0.25_cy0.25_layoutB,0.1,x,0.15,error_minus_oracle,false_negative_suppression,oracle,false_negative_suppression_x_js_0.15,oracle,1,1,True,True,-0.10153379762515724,-0.19498751806748438,-0.04999999999999999,-0.03198433420365532,-0.2770436134695893,-0.55
cx0.25_cy0.25_layoutB,0.1,x,0.15,family_pair,spatial_shift,diffuse_blur,spatial_shift_x_js_0.15,diffuse_blur_js_0.15,1,1,True,True,-0.000477611106112108,-0.029941400322318068,0.0,-0.0704960835509138,-0.009914951338741762,0.3999999999999999
cx0.25_cy0.25_layoutB,0.1,x,0.15,family_pair,spatial_shift,false_hotspot,spatial_shift_x_js_0.15,false_hotspot_x_js_0.15,1,1,True,True,-0.0020682711428533507,0.02439763248692184,0.0,-0.06005221932114885,0.11608502423810263,0.8999999999999999
cx0.25_cy0.25_layoutB,0.1,x,0.15,family_pair,spatial_shift,false_negative_suppression,spatial_shift_x_js_0.15,false_negative_suppression_x_js_0.15,1,1,True,True,-0.06944666644309883,-0.08471327258706063,-0.04999999999999999,-0.040469973890339406,0.2861943267003464,0.7
cx0.25_cy0.25_layoutB,0.1,x,0.15,family_pair,diffuse_blur,false_hotspot,diffuse_blur_js_0.15,false_hotspot_x_js_0.15,1,1,True,True,-0.0015906600367412427,0.05433903280923991,0.0,0.010443864229764954,0.1259999755768444,0.5
cx0.25_cy0.25_layoutB,0.1,x,0.15,family_pair,diffuse_blur,false_negative_suppression,diffuse_blur_js_0.15,false_negative_suppression_x_js_0.15,1,1,True,True,-0.06896905533698672,-0.05477187226474256,-0.04999999999999999,0.030026109660574396,0.29610927803908815,0.30000000000000004
cx0.25_cy0.25_layoutB,0.1,x,0.15,family_pair,false_hotspot,false_negative_suppression,false_hotspot_x_js_0.15,false_negative_suppression_x_js_0.15,1,1,True,True,-0.06737839530024547,-0.10911090507398247,-0.04999999999999999,0.019582245430809442,0.17010930246224376,-0.19999999999999996
cx0.25_cy0.25_layoutB,0.1,y,0.15,error_minus_oracle,spatial_shift,oracle,spatial_shift_y_js_0.15,oracle,1,1,True,True,-0.0885533980303439,0.05536539601803425,-0.04999999999999999,-0.047650130548302805,0.41527470063828575,0.3999999999999999
cx0.25_cy0.25_layoutB,0.1,y,0.15,error_minus_oracle,diffuse_blur,oracle,diffuse_blur_js_0.15,oracle,1,1,True,True,-0.17050285296214396,-0.24975939033222694,-0.09999999999999998,-0.001958224543080922,0.019065664569498875,-0.25
cx0.25_cy0.25_layoutB,0.1,y,0.15,error_minus_oracle,false_hotspot,oracle,false_hotspot_y_js_0.15,oracle,1,1,True,True,-0.11434077264354292,-0.11580125724410884,-0.04999999999999999,0.04503916449086165,0.46747273734336536,0.20000000000000018
cx0.25_cy0.25_layoutB,0.1,y,0.15,error_minus_oracle,false_negative_suppression,oracle,false_negative_suppression_y_js_0.15,oracle,1,1,True,True,-0.19729168709090605,-0.3284918129456391,-0.15000000000000002,-0.11031331592689286,-0.2856863140687409,-0.3999999999999999
cx0.25_cy0.25_layoutB,0.1,y,0.15,family_pair,spatial_shift,diffuse_blur,spatial_shift_y_js_0.15,diffuse_blur_js_0.15,1,1,True,True,0.08194945493180006,0.3051247863502612,0.04999999999999999,-0.04569190600522188,0.3962090360687869,0.6499999999999999
cx0.25_cy0.25_layoutB,0.1,y,0.15,family_pair,spatial_shift,false_hotspot,spatial_shift_y_js_0.15,false_hotspot_y_js_0.15,1,1,True,True,0.02578737461319902,0.1711666532621431,0.0,-0.09268929503916445,-0.05219803670507961,0.19999999999999973
cx0.25_cy0.25_layoutB,0.1,y,0.15,family_pair,spatial_shift,false_negative_suppression,spatial_shift_y_js_0.15,false_negative_suppression_y_js_0.15,1,1,True,True,0.10873828906056215,0.38385720896367337,0.10000000000000003,0.06266318537859006,0.7009610147070267,0.7999999999999998
cx0.25_cy0.25_layoutB,0.1,y,0.15,family_pair,diffuse_blur,false_hotspot,diffuse_blur_js_0.15,false_hotspot_y_js_0.15,1,1,True,True,-0.05616208031860104,-0.1339581330881181,-0.04999999999999999,-0.04699738903394257,-0.4484070727738665,-0.4500000000000002
cx0.25_cy0.25_layoutB,0.1,y,0.15,family_pair,diffuse_blur,false_negative_suppression,diffuse_blur_js_0.15,false_negative_suppression_y_js_0.15,1,1,True,True,0.026788834128762096,0.07873242261341218,0.050000000000000044,0.10835509138381194,0.3047519786382398,0.1499999999999999
cx0.25_cy0.25_layoutB,0.1,y,0.15,family_pair,false_hotspot,false_negative_suppression,false_hotspot_y_js_0.15,false_negative_suppression_y_js_0.15,1,1,True,True,0.08295091444736313,0.21269055570153028,0.10000000000000003,0.1553524804177545,0.7531590514121063,0.6000000000000001
cx0.25_cy0.25_layoutB,0.05,shared,,baseline_minus_oracle,uniform_prior_baseline,oracle,uniform_prior_baseline,oracle,1,1,True,True,-0.12968136180547174,-0.27850275314905926,-0.09999999999999998,-0.034595300261096584,-0.27108178946086836,-0.6999999999999997
cx0.25_cy0.25_layoutB,0.05,x,0.05,error_minus_oracle,spatial_shift,oracle,spatial_shift_x_js_0.05,oracle,1,1,True,True,-0.03577132412958739,-0.10381358471296698,-0.04999999999999999,-0.022193211488250597,-0.0004523136228713476,0.0
cx0.25_cy0.25_layoutB,0.05,x,0.05,error_minus_oracle,diffuse_blur,oracle,diffuse_blur_js_0.05,oracle,1,1,True,True,0.027816842706478218,0.1357661478918022,0.09999999999999998,0.025456919060052208,0.7831831466843591,-0.19999999999999973
cx0.25_cy0.25_layoutB,0.05,x,0.05,error_minus_oracle,false_hotspot,oracle,false_hotspot_x_js_0.05,oracle,1,1,True,True,-0.02553479016435256,-0.12664574886308178,0.0,0.012402088772845987,-0.0014924335150778845,-0.10000000000000009
cx0.25_cy0.25_layoutB,0.05,x,0.05,error_minus_oracle,false_negative_suppression,oracle,false_negative_suppression_x_js_0.05,oracle,1,1,True,True,-0.03247906709566106,0.009330366680454616,0.0,0.0,-0.15458996328029428,-0.3999999999999999
cx0.25_cy0.25_layoutB,0.05,x,0.05,family_pair,spatial_shift,diffuse_blur,spatial_shift_x_js_0.05,diffuse_blur_js_0.05,1,1,True,True,-0.06358816683606561,-0.23957973260476917,-0.14999999999999997,-0.047650130548302805,-0.7836354603072304,0.19999999999999973
cx0.25_cy0.25_layoutB,0.05,x,0.05,family_pair,spatial_shift,false_hotspot,spatial_shift_x_js_0.05,false_hotspot_x_js_0.05,1,1,True,True,-0.010236533965234829,0.022832164150114798,-0.04999999999999999,-0.034595300261096584,0.0010401198922065369,0.10000000000000009
cx0.25_cy0.25_layoutB,0.05,x,0.05,family_pair,spatial_shift,false_negative_suppression,spatial_shift_x_js_0.05,false_negative_suppression_x_js_0.05,1,1,True,True,-0.003292257033926327,-0.1131439513934216,-0.04999999999999999,-0.022193211488250597,0.15413764965742294,0.3999999999999999
cx0.25_cy0.25_layoutB,0.05,x,0.05,family_pair,diffuse_blur,false_hotspot,diffuse_blur_js_0.05,false_hotspot_x_js_0.05,1,1,True,True,0.05335163287083078,0.26241189675488397,0.09999999999999998,0.01305483028720622,0.784675580199437,-0.09999999999999964
cx0.25_cy0.25_layoutB,0.05,x,0.05,family_pair,diffuse_blur,false_negative_suppression,diffuse_blur_js_0.05,false_negative_suppression_x_js_0.05,1,1,True,True,0.06029590980213928,0.12643578121134758,0.09999999999999998,0.025456919060052208,0.9377731099646534,0.20000000000000018
cx0.25_cy0.25_layoutB,0.05,x,0.05,family_pair,false_hotspot,false_negative_suppression,false_hotspot_x_js_0.05,false_negative_suppression_x_js_0.05,1,1,True,True,0.006944276931308502,-0.1359761155435364,0.0,0.012402088772845987,0.1530975297652164,0.2999999999999998
cx0.25_cy0.25_layoutB,0.05,y,0.05,error_minus_oracle,spatial_shift,oracle,spatial_shift_y_js_0.05,oracle,1,1,True,True,0.11405634443233714,0.19631632728121495,0.09999999999999998,0.14817232375979106,0.7006492189441795,-0.19999999999999973
cx0.25_cy0.25_layoutB,0.05,y,0.05,error_minus_oracle,diffuse_blur,oracle,diffuse_blur_js_0.05,oracle,1,1,True,True,0.027816842706478218,0.1357661478918022,0.09999999999999998,0.025456919060052208,0.7831831466843591,-0.19999999999999973
cx0.25_cy0.25_layoutB,0.05,y,0.05,error_minus_oracle,false_hotspot,oracle,false_hotspot_y_js_0.05,oracle,1,1,True,True,0.039444189625092996,0.2778175608516589,0.04999999999999999,0.24412532637075712,1.0752693343692545,0.5
cx0.25_cy0.25_layoutB,0.05,y,0.05,error_minus_oracle,false_negative_suppression,oracle,false_negative_suppression_y_js_0.05,oracle,1,1,True,True,-0.00541649450862014,-0.03088621385506829,0.0,-0.02284595300261083,-0.14194921223239065,-0.3999999999999999
cx0.25_cy0.25_layoutB,0.05,y,0.05,family_pair,spatial_shift,diffuse_blur,spatial_shift_y_js_0.05,diffuse_blur_js_0.05,1,1,True,True,0.08623950172585892,0.06055017938941276,0.0,0.12271540469973885,-0.08253392774017954,0.0
cx0.25_cy0.25_layoutB,0.05,y,0.05,family_pair,spatial_shift,false_hotspot,spatial_shift_y_js_0.05,false_hotspot_y_js_0.05,1,1,True,True,0.07461215480724415,-0.08150123357044392,0.04999999999999999,-0.09595300261096606,-0.374620115425075,-0.6999999999999997
cx0.25_cy0.25_layoutB,0.05,y,0.05,family_pair,spatial_shift,false_negative_suppression,spatial_shift_y_js_0.05,false_negative_suppression_y_js_0.05,1,1,True,True,0.11947283894095728,0.22720254113628324,0.09999999999999998,0.1710182767624019,0.8425984311765702,0.20000000000000018
cx0.25_cy0.25_layoutB,0.05,y,0.05,family_pair,diffuse_blur,false_hotspot,diffuse_blur_js_0.05,false_hotspot_y_js_0.05,1,1,True,True,-0.011627346918614778,-0.14205141295985668,0.04999999999999999,-0.21866840731070492,-0.29208618768489547,-0.6999999999999997
cx0.25_cy0.25_layoutB,0.05,y,0.05,family_pair,diffuse_blur,false_negative_suppression,diffuse_blur_js_0.05,false_negative_suppression_y_js_0.05,1,1,True,True,0.03323333721509836,0.16665236174687048,0.09999999999999998,0.04830287206266304,0.9251323589167497,0.20000000000000018
cx0.25_cy0.25_layoutB,0.05,y,0.05,family_pair,false_hotspot,false_negative_suppression,false_hotspot_y_js_0.05,false_negative_suppression_y_js_0.05,1,1,True,True,0.044860684133713136,0.30870377470672716,0.04999999999999999,0.26697127937336795,1.2172185466016452,0.8999999999999999
cx0.25_cy0.25_layoutB,0.05,x,0.1,error_minus_oracle,spatial_shift,oracle,spatial_shift_x_js_0.1,oracle,1,1,True,True,-0.1129318291459811,-0.2080308854424493,-0.09999999999999998,-0.047650130548302805,0.06799874310682874,0.050000000000000266
cx0.25_cy0.25_layoutB,0.05,x,0.1,error_minus_oracle,diffuse_blur,oracle,diffuse_blur_js_0.1,oracle,1,1,True,True,-0.077291684602242,-0.16782170500187177,-0.04999999999999999,0.02937336814621405,-0.0824762088678237,-0.25
cx0.25_cy0.25_layoutB,0.05,x,0.1,error_minus_oracle,false_hotspot,oracle,false_hotspot_x_js_0.1,oracle,1,1,True,True,-0.015674721202424302,-0.1409075821177932,0.0,0.02088772845953002,-0.016720946091089317,-0.2999999999999998
cx0.25_cy0.25_layoutB,0.05,x,0.1,error_minus_oracle,false_negative_suppression,oracle,false_negative_suppression_x_js_0.1,oracle,1,1,True,True,-0.08789423951516628,-0.03168852054793336,-0.04999999999999999,0.007832898172323799,-0.12352054428437986,-0.3500000000000001
cx0.25_cy0.25_layoutB,0.05,x,0.1,family_pair,spatial_shift,diffuse_blur,spatial_shift_x_js_0.1,diffuse_blur_js_0.1,1,1,True,True,-0.035640144543739094,-0.04020918044057753,-0.04999999999999999,-0.07702349869451686,0.15047495197465244,0.30000000000000027
cx0.25_cy0.25_layoutB,0.05,x,0.1,family_pair,spatial_shift,false_hotspot,spatial_shift_x_js_0.1,false_hotspot_x_js_0.1,1,1,True,True,-0.0972571079435568,-0.0671233033246561,-0.09999999999999998,-0.06853785900783282,0.08471968919791806,0.3500000000000001
cx0.25_cy0.25_layoutB,0.05,x,0.1,family_pair,spatial_shift,false_negative_suppression,spatial_shift_x_js_0.1,false_negative_suppression_x_js_0.1,1,1,True,True,-0.025037589630814816,-0.17634236489451593,-0.04999999999999999,-0.055483028720626604,0.1915192873912086,0.40000000000000036
cx0.25_cy0.25_layoutB,0.05,x,0.1,family_pair,diffuse_blur,false_hotspot,diffuse_blur_js_0.1,false_hotspot_x_js_0.1,1,1,True,True,-0.061616963399817704,-0.026914122884078573,-0.04999999999999999,0.008485639686684032,-0.06575526277673438,0.04999999999999982
cx0.25_cy0.25_layoutB,0.05,x,0.1,family_pair,diffuse_blur,false_negative_suppression,diffuse_blur_js_0.1,false_negative_suppression_x_js_0.1,1,1,True,True,0.010602554912924278,-0.1361331844539384,0.0,0.021540469973890253,0.041044335416556166,0.10000000000000009
cx0.25_cy0.25_layoutB,0.05,x,0.1,family_pair,false_hotspot,false_negative_suppression,false_hotspot_x_js_0.1,false_negative_suppression_x_js_0.1,1,1,True,True,0.07221951831274198,-0.10921906156985983,0.04999999999999999,0.01305483028720622,0.10679959819329055,0.050000000000000266
cx0.25_cy0.25_layoutB,0.05,y,0.1,error_minus_oracle,spatial_shift,oracle,spatial_shift_y_js_0.1,oracle,1,1,True,True,0.05273244981350178,0.2050106514374157,0.04999999999999999,0.152088772845953,0.6723128752112841,-0.04999999999999982
cx0.25_cy0.25_layoutB,0.05,y,0.1,error_minus_oracle,diffuse_blur,oracle,diffuse_blur_js_0.1,oracle,1,1,True,True,-0.077291684602242,-0.16782170500187177,-0.04999999999999999,0.02937336814621405,-0.0824762088678237,-0.25
cx0.25_cy0.25_layoutB,0.05,y,0.1,error_minus_oracle,false_hotspot,oracle,false_hotspot_y_js_0.1,oracle,1,1,True,True,0.08784020995774933,0.23989378964256192,0.04999999999999999,0.24608355091383805,0.7778443420693839,0.10000000000000009
cx0.25_cy0.25_layoutB,0.05,y,0.1,error_minus_oracle,false_negative_suppression,oracle,false_negative_suppression_y_js_0.1,oracle,1,1,True,True,-0.06770379342632726,-0.1281196531303005,-0.04999999999999999,-0.01436031331592691,-0.07528640601063907,-0.25
cx0.25_cy0.25_layoutB,0.05,y,0.1,family_pair,spatial_shift,diffuse_blur,spatial_shift_y_js_0.1,diffuse_blur_js_0.1,1,1,True,True,0.1300241344157438,0.37283235643928747,0.09999999999999998,0.12271540469973896,0.7547890840791078,0.20000000000000018
cx0.25_cy0.25_layoutB,0.05,y,0.1,family_pair,spatial_shift,false_hotspot,spatial_shift_y_js_0.1,false_hotspot_y_js_0.1,1,1,True,True,-0.035107760144247546,-0.034883138205146214,0.0,-0.09399477806788503,-0.10553146685809978,-0.1499999999999999
cx0.25_cy0.25_layoutB,0.05,y,0.1,family_pair,spatial_shift,false_negative_suppression,spatial_shift_y_js_0.1,false_negative_suppression_y_js_0.1,1,1,True,True,0.12043624323982904,0.3331303045677162,0.09999999999999998,0.16644908616187992,0.7475992812219232,0.20000000000000018
cx0.25_cy0.25_layoutB,0.05,y,0.1,family_pair,diffuse_blur,false_hotspot,diffuse_blur_js_0.1,false_hotspot_y_js_0.1,1,1,True,True,-0.16513189455999133,-0.4077154946444337,-0.09999999999999998,-0.216710182767624,-0.8603205509372076,-0.3500000000000001
cx0.25_cy0.25_layoutB,0.05,y,0.1,family_pair,diffuse_blur,false_negative_suppression,diffuse_blur_js_0.1,false_negative_suppression_y_js_0.1,1,1,True,True,-0.009587891175914742,-0.039702051871571276,0.0,0.04373368146214096,-0.007189802857184624,0.0
cx0.25_cy0.25_layoutB,0.05,y,0.1,family_pair,false_hotspot,false_negative_suppression,false_hotspot_y_js_0.1,false_negative_suppression_y_js_0.1,1,1,True,True,0.1555440033840766,0.3680134427728624,0.09999999999999998,0.26044386422976495,0.853130748080023,0.3500000000000001
cx0.25_cy0.25_layoutB,0.05,x,0.15,error_minus_oracle,spatial_shift,oracle,spatial_shift_x_js_0.15,oracle,1,1,True,True,-0.14732296585939397,-0.2611178967014437,-0.09999999999999998,-0.06005221932114879,0.12067412315873849,0.1499999999999999
cx0.25_cy0.25_layoutB,0.05,x,0.15,error_minus_oracle,diffuse_blur,oracle,diffuse_blur_js_0.15,oracle,1,1,True,True,-0.09764925638951327,-0.16341115196638933,-0.04999999999999999,-0.02415143603133152,-0.25539042149201396,-0.75
cx0.25_cy0.25_layoutB,0.05,x,0.15,error_minus_oracle,false_hotspot,oracle,false_hotspot_x_js_0.15,oracle,1,1,True,True,-0.07439676906793247,-0.22865578532935205,-0.04999999999999999,-0.010443864229764954,-0.08495874954348759,-0.9500000000000002
cx0.25_cy0.25_layoutB,0.05,x,0.15,error_minus_oracle,false_negative_suppression,oracle,false_negative_suppression_x_js_0.15,oracle,1,1,True,True,-0.006772111379218848,-0.028018270496222186,0.0,0.07637075718015662,-0.19527374658947094,-0.44999999999999973
cx0.25_cy0.25_layoutB,0.05,x,0.15,family_pair,spatial_shift,diffuse_blur,spatial_shift_x_js_0.15,diffuse_blur_js_0.15,1,1,True,True,-0.0496737094698807,-0.09770674473505436,-0.04999999999999999,-0.03590078328981727,0.37606454465075245,0.8999999999999999
cx0.25_cy0.25_layoutB,0.05,x,0.15,family_pair,spatial_shift,false_hotspot,spatial_shift_x_js_0.15,false_hotspot_x_js_0.15,1,1,True,True,-0.0729261967914615,-0.03246211137209165,-0.04999999999999999,-0.04960835509138384,0.20563287270222608,1.1
cx0.25_cy0.25_layoutB,0.05,x,0.15,family_pair,spatial_shift,false_negative_suppression,spatial_shift_x_js_0.15,false_negative_suppression_x_js_0.15,1,1,True,True,-0.14055085448017512,-0.2330996262052215,-0.09999999999999998,-0.13642297650130542,0.31594786974820943,0.5999999999999996
cx0.25_cy0.25_layoutB,0.05,x,0.15,family_pair,diffuse_blur,false_hotspot,diffuse_blur_js_0.15,false_hotspot_x_js_0.15,1,1,True,True,-0.023252487321580806,0.06524463336296271,0.0,-0.013707571801566565,-0.17043167194852638,0.20000000000000018
cx0.25_cy0.25_layoutB,0.05,x,0.15,family_pair,diffuse_blur,false_negative_suppression,diffuse_blur_js_0.15,false_negative_suppression_x_js_0.15,1,1,True,True,-0.09087714501029442,-0.13539288147016715,-0.04999999999999999,-0.10052219321148814,-0.06011667490254302,-0.30000000000000027
cx0.25_cy0.25_layoutB,0.05,x,0.15,family_pair,false_hotspot,false_negative_suppression,false_hotspot_x_js_0.15,false_negative_suppression_x_js_0.15,1,1,True,True,-0.06762465768871362,-0.20063751483312986,-0.04999999999999999,-0.08681462140992158,0.11031499704598335,-0.5000000000000004
cx0.25_cy0.25_layoutB,0.05,y,0.15,error_minus_oracle,spatial_shift,oracle,spatial_shift_y_js_0.15,oracle,1,1,True,True,0.07647198428782565,0.17142941861546368,0.04999999999999999,0.14947780678851175,0.5320057642215721,-0.2999999999999998
cx0.25_cy0.25_layoutB,0.05,y,0.15,error_minus_oracle,diffuse_blur,oracle,diffuse_blur_js_0.15,oracle,1,1,True,True,-0.09764925638951327,-0.16341115196638933,-0.04999999999999999,-0.02415143603133152,-0.25539042149201396,-0.75
cx0.25_cy0.25_layoutB,0.05,y,0.15,error_minus_oracle,false_hotspot,oracle,false_hotspot_y_js_0.15,oracle,1,1,True,True,0.079645729907461,0.2880413674137825,0.04999999999999999,0.2721932114882506,0.7726102434292352,0.25
cx0.25_cy0.25_layoutB,0.05,y,0.15,error_minus_oracle,false_negative_suppression,oracle,false_negative_suppression_y_js_0.15,oracle,1,1,True,True,-0.106316374712216,-0.1979043844782863,-0.04999999999999999,-0.015013054830287142,-0.0016408251605528612,-0.04999999999999982
cx0.25_cy0.25_layoutB,0.05,y,0.15,family_pair,spatial_shift,diffuse_blur,spatial_shift_y_js_0.15,diffuse_blur_js_0.15,1,1,True,True,0.17412124067733892,0.334840570581853,0.09999999999999998,0.17362924281984327,0.787396185713586,0.4500000000000002
cx0.25_cy0.25_layoutB,0.05,y,0.15,family_pair,spatial_shift,false_hotspot,spatial_shift_y_js_0.15,false_hotspot_y_js_0.15,1,1,True,True,-0.0031737456196353486,-0.11661194879831882,0.0,-0.12271540469973885,-0.24060447920766315,-0.5499999999999998
cx0.25_cy0.25_layoutB,0.05,y,0.15,family_pair,spatial_shift,false_negative_suppression,spatial_shift_y_js_0.15,false_negative_suppression_y_js_0.15,1,1,True,True,0.18278835900004164,0.36933380309374997,0.09999999999999998,0.1644908616187989,0.533646589382125,-0.25
cx0.25_cy0.25_layoutB,0.05,y,0.15,family_pair,diffuse_blur,false_hotspot,diffuse_blur_js_0.15,false_hotspot_y_js_0.15,1,1,True,True,-0.17729498629697427,-0.45145251938017184,-0.09999999999999998,-0.2963446475195821,-1.0280006649212492,-1.0
cx0.25_cy0.25_layoutB,0.05,y,0.15,family_pair,diffuse_blur,false_negative_suppression,diffuse_blur_js_0.15,false_negative_suppression_y_js_0.15,1,1,True,True,0.008667118322702727,0.034493232511896954,0.0,-0.009138381201044377,-0.2537495963314611,-0.7000000000000002
cx0.25_cy0.25_layoutB,0.05,y,0.15,family_pair,false_hotspot,false_negative_suppression,false_hotspot_y_js_0.15,false_negative_suppression_y_js_0.15,1,1,True,True,0.185962104619677,0.4859457518920688,0.09999999999999998,0.28720626631853774,0.7742510685897881,0.2999999999999998
cx0.25_cy0.25_layoutC,0.1,shared,,baseline_minus_oracle,uniform_prior_baseline,oracle,uniform_prior_baseline,oracle,1,1,True,True,-0.18448373729962586,-0.3231290650697266,-0.15000000000000002,-0.1015625,-0.12915278501465766,-0.40000000000000036
cx0.25_cy0.25_layoutC,0.1,x,0.05,error_minus_oracle,spatial_shift,oracle,spatial_shift_x_js_0.05,oracle,1,1,True,True,-0.05317243924893145,-0.1184556596510421,-0.04999999999999999,-0.056640625,-0.04691636798088439,-0.050000000000000266
cx0.25_cy0.25_layoutC,0.1,x,0.05,error_minus_oracle,diffuse_blur,oracle,diffuse_blur_js_0.05,oracle,1,1,True,True,-0.0459476198931128,-0.06263259642037045,0.0,-0.03125,-0.037166051124103205,-0.10000000000000009
cx0.25_cy0.25_layoutC,0.1,x,0.05,error_minus_oracle,false_hotspot,oracle,false_hotspot_x_js_0.05,oracle,1,1,True,True,-0.028674150570333734,-0.12564854540058978,0.0,-0.052734374999999944,-0.11917562724014363,-0.3500000000000001
cx0.25_cy0.25_layoutC,0.1,x,0.05,error_minus_oracle,false_negative_suppression,oracle,false_negative_suppression_x_js_0.05,oracle,1,1,True,True,-0.014200355811964882,-0.0600758539563615,0.0,-0.06119791666666663,-0.17783920333306025,-0.40000000000000036
cx0.25_cy0.25_layoutC,0.1,x,0.05,family_pair,spatial_shift,diffuse_blur,spatial_shift_x_js_0.05,diffuse_blur_js_0.05,1,1,True,True,-0.007224819355818646,-0.055823063230671655,-0.04999999999999999,-0.025390625,-0.009750316856781183,0.04999999999999982
cx0.25_cy0.25_layoutC,0.1,x,0.05,family_pair,spatial_shift,false_hotspot,spatial_shift_x_js_0.05,false_hotspot_x_js_0.05,1,1,True,True,-0.024498288678597713,0.007192885749547684,-0.04999999999999999,-0.0039062500000000555,0.07225925925925925,0.2999999999999998
cx0.25_cy0.25_layoutC,0.1,x,0.05,family_pair,spatial_shift,false_negative_suppression,spatial_shift_x_js_0.05,false_negative_suppression_x_js_0.05,1,1,True,True,-0.038972083436966565,-0.0583798056946806,-0.04999999999999999,0.00455729166666663,0.13092283535217586,0.3500000000000001
cx0.25_cy0.25_layoutC,0.1,x,0.05,family_pair,diffuse_blur,false_hotspot,diffuse_blur_js_0.05,false_hotspot_x_js_0.05,1,1,True,True,-0.017273469322779067,0.06301594898021934,0.0,0.021484374999999944,0.08200957611604043,0.25
cx0.25_cy0.25_layoutC,0.1,x,0.05,family_pair,diffuse_blur,false_negative_suppression,diffuse_blur_js_0.05,false_negative_suppression_x_js_0.05,1,1,True,True,-0.03174726408114792,-0.002556742464008943,0.0,0.02994791666666663,0.14067315220895704,0.30000000000000027
cx0.25_cy0.25_layoutC,0.1,x,0.05,family_pair,false_hotspot,false_negative_suppression,false_hotspot_x_js_0.05,false_negative_suppression_x_js_0.05,1,1,True,True,-0.014473794758368852,-0.06557269144422828,0.0,0.008463541666666685,0.058663576092916614,0.050000000000000266
cx0.25_cy0.25_layoutC,0.1,y,0.05,error_minus_oracle,spatial_shift,oracle,spatial_shift_y_js_0.05,oracle,1,1,True,True,0.05688280269062518,0.24174437529464832,0.04999999999999999,0.18619791666666663,0.9574626762458895,0.6000000000000001
cx0.25_cy0.25_layoutC,0.1,y,0.05,error_minus_oracle,diffuse_blur,oracle,diffuse_blur_js_0.05,oracle,1,1,True,True,-0.0459476198931128,-0.06263259642037045,0.0,-0.03125,-0.037166051124103205,-0.10000000000000009
cx0.25_cy0.25_layoutC,0.1,y,0.05,error_minus_oracle,false_hotspot,oracle,false_hotspot_y_js_0.05,oracle,1,1,True,True,0.054133502180965465,0.1835995052630407,0.04999999999999999,0.10026041666666652,0.7291014591297795,0.3999999999999999
cx0.25_cy0.25_layoutC,0.1,y,0.05,error_minus_oracle,false_negative_suppression,oracle,false_negative_suppression_y_js_0.05,oracle,1,1,True,True,-0.04991013514127507,-0.15930565867970525,0.0,-0.11328125,-0.1770355233353338,-0.25
cx0.25_cy0.25_layoutC,0.1,y,0.05,family_pair,spatial_shift,diffuse_blur,spatial_shift_y_js_0.05,diffuse_blur_js_0.05,1,1,True,True,0.10283042258373798,0.30437697171501876,0.04999999999999999,0.21744791666666663,0.9946287273699927,0.7000000000000002
cx0.25_cy0.25_layoutC,0.1,y,0.05,family_pair,spatial_shift,false_hotspot,spatial_shift_y_js_0.05,false_hotspot_y_js_0.05,1,1,True,True,0.0027493005096597134,0.05814487003160762,0.0,0.08593750000000011,0.22836121711611002,0.20000000000000018
cx0.25_cy0.25_layoutC,0.1,y,0.05,family_pair,spatial_shift,false_negative_suppression,spatial_shift_y_js_0.05,false_negative_suppression_y_js_0.05,1,1,True,True,0.10679293783190025,0.40105003397435357,0.04999999999999999,0.29947916666666663,1.1344981995812233,0.8500000000000001
cx0.25_cy0.25_layoutC,0.1,y,0.05,family_pair,diffuse_blur,false_hotspot,diffuse_blur_js_0.05,false_hotspot_y_js_0.05,1,1,True,True,-0.10008112207407827,-0.24623210168341114,-0.04999999999999999,-0.13151041666666652,-0.7662675102538827,-0.5
cx0.25_cy0.25_layoutC,0.1,y,0.05,family_pair,diffuse_blur,false_negative_suppression,diffuse_blur_js_0.05,false_negative_suppression_y_js_0.05,1,1,True,True,0.003962515248162268,0.09667306225933481,0.0,0.08203125,0.13986947221123058,0.1499999999999999
cx0.25_cy0.25_layoutC,0.1,y,0.05,family_pair,false_hotspot,false_negative_suppression,false_hotspot_y_js_0.05,false_negative_suppression_y_js_0.05,1,1,True,True,0.10404363732224053,0.34290516394274595,0.04999999999999999,0.21354166666666652,0.9061369824651133,0.6499999999999999
cx0.25_cy0.25_layoutC,0.1,x,0.1,error_minus_oracle,spatial_shift,oracle,spatial_shift_x_js_0.1,oracle,1,1,True,True,-0.11402840168686512,-0.20344619881559556,-0.04999999999999999,-0.07747395833333326,-0.0768847988072543,-0.10000000000000009
cx0.25_cy0.25_layoutC,0.1,x,0.1,error_minus_oracle,diffuse_blur,oracle,diffuse_blur_js_0.1,oracle,1,1,True,True,-0.07290572201952328,-0.14393584465328468,-0.04999999999999999,-0.03841145833333326,-0.13238851879493696,-0.30000000000000027
cx0.25_cy0.25_layoutC,0.1,x,0.1,error_minus_oracle,false_hotspot,oracle,false_hotspot_x_js_0.1,oracle,1,1,True,True,-0.1147226248386255,-0.2594284767252133,-0.09999999999999998,-0.0625,-0.18704187405375894,-0.7000000000000002
cx0.25_cy0.25_layoutC,0.1,x,0.1,error_minus_oracle,false_negative_suppression,oracle,false_negative_suppression_x_js_0.1,oracle,1,1,True,True,-0.020133756508980083,-0.08546494711326869,0.0,-0.0625,-0.23346562574066798,-0.5
cx0.25_cy0.25_layoutC,0.1,x,0.1,family_pair,spatial_shift,diffuse_blur,spatial_shift_x_js_0.1,diffuse_blur_js_0.1,1,1,True,True,-0.041122679667341844,-0.059510354162310874,0.0,-0.0390625,0.055503719987682665,0.20000000000000018
cx0.25_cy0.25_layoutC,0.1,x,0.1,family_pair,spatial_shift,false_hotspot,spatial_shift_x_js_0.1,false_hotspot_x_js_0.1,1,1,True,True,0.0006942231517603759,0.05598227790961774,0.04999999999999999,-0.01497395833333326,0.11015707524650464,0.6000000000000001
cx0.25_cy0.25_layoutC,0.1,x,0.1,family_pair,spatial_shift,false_negative_suppression,spatial_shift_x_js_0.1,false_negative_suppression_x_js_0.1,1,1,True,True,-0.09389464517788504,-0.11798125170232687,-0.04999999999999999,-0.01497395833333326,0.15658082693341369,0.3999999999999999
cx0.25_cy0.25_layoutC,0.1,x,0.1,family_pair,diffuse_blur,false_hotspot,diffuse_blur_js_0.1,false_hotspot_x_js_0.1,1,1,True,True,0.04181690281910222,0.11549263207192861,0.04999999999999999,0.02408854166666674,0.05465335525882198,0.3999999999999999
cx0.25_cy0.25_layoutC,0.1,x,0.1,family_pair,diffuse_blur,false_negative_suppression,diffuse_blur_js_0.1,false_negative_suppression_x_js_0.1,1,1,True,True,-0.052771965510543195,-0.058470897540016,-0.04999999999999999,0.02408854166666674,0.10107710694573102,0.19999999999999973
cx0.25_cy0.25_layoutC,0.1,x,0.1,family_pair,false_hotspot,false_negative_suppression,false_hotspot_x_js_0.1,false_negative_suppression_x_js_0.1,1,1,True,True,-0.09458886832964541,-0.1739635296119446,-0.09999999999999998,0.0,0.04642375168690904,-0.20000000000000018
cx0.25_cy0.25_layoutC,0.1,y,0.1,error_minus_oracle,spatial_shift,oracle,spatial_shift_y_js_0.1,oracle,1,1,True,True,-0.0019276521046713846,0.05612372103353114,0.0,0.04166666666666663,0.6950965805947735,0.04999999999999982
cx0.25_cy0.25_layoutC,0.1,y,0.1,error_minus_oracle,diffuse_blur,oracle,diffuse_blur_js_0.1,oracle,1,1,True,True,-0.07290572201952328,-0.14393584465328468,-0.04999999999999999,-0.03841145833333326,-0.13238851879493696,-0.30000000000000027
cx0.25_cy0.25_layoutC,0.1,y,0.1,error_minus_oracle,false_hotspot,oracle,false_hotspot_y_js_0.1,oracle,1,1,True,True,-0.008455431077444953,0.009983091184316284,0.0,0.01627604166666663,0.5578523868528364,0.1499999999999999
cx0.25_cy0.25_layoutC,0.1,y,0.1,error_minus_oracle,false_negative_suppression,oracle,false_negative_suppression_y_js_0.1,oracle,1,1,True,True,-0.13247839671781625,-0.2920839844331995,-0.09999999999999998,-0.154296875,-0.2486663679808836,-0.40000000000000036
cx0.25_cy0.25_layoutC,0.1,y,0.1,family_pair,spatial_shift,diffuse_blur,spatial_shift_y_js_0.1,diffuse_blur_js_0.1,1,1,True,True,0.0709780699148519,0.20005956568681582,0.04999999999999999,0.08007812499999989,0.8274850993897105,0.3500000000000001
cx0.25_cy0.25_layoutC,0.1,y,0.1,family_pair,spatial_shift,false_hotspot,spatial_shift_y_js_0.1,false_hotspot_y_js_0.1,1,1,True,True,0.006527778972773568,0.046140629849214854,0.0,0.025390625,0.13724419374193708,-0.10000000000000009
cx0.25_cy0.25_layoutC,0.1,y,0.1,family_pair,spatial_shift,false_negative_suppression,spatial_shift_y_js_0.1,false_negative_suppression_y_js_0.1,1,1,True,True,0.13055074461314486,0.34820770546673063,0.09999999999999998,0.19596354166666663,0.9437629485756571,0.4500000000000002
cx0.25_cy0.25_layoutC,0.1,y,0.1,family_pair,diffuse_blur,false_hotspot,diffuse_blur_js_0.1,false_hotspot_y_js_0.1,1,1,True,True,-0.06445029094207833,-0.15391893583760097,-0.04999999999999999,-0.05468749999999989,-0.6902409056477734,-0.4500000000000002
cx0.25_cy0.25_layoutC,0.1,y,0.1,family_pair,diffuse_blur,false_negative_suppression,diffuse_blur_js_0.1,false_negative_suppression_y_js_0.1,1,1,True,True,0.05957267469829297,0.1481481397799148,0.04999999999999999,0.11588541666666674,0.11627784918594664,0.10000000000000009
cx0.25_cy0.25_layoutC,0.1,y,0.1,family_pair,false_hotspot,false_negative_suppression,false_hotspot_y_js_0.1,false_negative_suppression_y_js_0.1,1,1,True,True,0.1240229656403713,0.3020670756175158,0.09999999999999998,0.17057291666666663,0.80651875483372,0.5500000000000003
cx0.25_cy0.25_layoutC,0.1,x,0.15,error_minus_oracle,spatial_shift,oracle,spatial_shift_x_js_0.15,oracle,1,1,True,True,-0.1425804277697893,-0.24517990656183708,-0.09999999999999998,-0.087890625,-0.08833517139968716,-0.1499999999999999
cx0.25_cy0.25_layoutC,0.1,x,0.15,error_minus_oracle,diffuse_blur,oracle,diffuse_blur_js_0.15,oracle,1,1,True,True,-0.1723600660533794,-0.29314093087139304,-0.09999999999999998,-0.09114583333333331,-0.06139891221809135,-0.1499999999999999
cx0.25_cy0.25_layoutC,0.1,x,0.15,error_minus_oracle,false_hotspot,oracle,false_hotspot_x_js_0.15,oracle,1,1,True,True,-0.15839182813503727,-0.32216819059290913,-0.09999999999999998,-0.07682291666666663,-0.21814538977040643,-0.8500000000000001
cx0.25_cy0.25_layoutC,0.1,x,0.15,error_minus_oracle,false_negative_suppression,oracle,false_negative_suppression_x_js_0.15,oracle,1,1,True,True,-0.02470653847085702,-0.06805714788113626,0.0,-0.06184895833333326,-0.24102598163766764,-0.5500000000000003
cx0.25_cy0.25_layoutC,0.1,x,0.15,family_pair,spatial_shift,diffuse_blur,spatial_shift_x_js_0.15,diffuse_blur_js_0.15,1,1,True,True,0.029779638283590093,0.047961024309555955,0.0,0.003255208333333315,-0.026936259181595812,0.0
cx0.25_cy0.25_layoutC,0.1,x,0.15,family_pair,spatial_shift,false_hotspot,spatial_shift_x_js_0.15,false_hotspot_x_js_0.15,1,1,True,True,0.015811400365247974,0.07698828403107205,0.0,-0.01106770833333337,0.12981021837071927,0.7000000000000002
cx0.25_cy0.25_layoutC,0.1,x,0.15,family_pair,spatial_shift,false_negative_suppression,spatial_shift_x_js_0.15,false_negative_suppression_x_js_0.15,1,1,True,True,-0.11787388929893228,-0.17712275868070082,-0.09999999999999998,-0.02604166666666674,0.15269081023798048,0.40000000000000036
cx0.25_cy0.25_layoutC,0.1,x,0.15,family_pair,diffuse_blur,false_hotspot,diffuse_blur_js_0.15,false_hotspot_x_js_0.15,1,1,True,True,-0.013968237918342119,0.029027259721516097,0.0,-0.014322916666666685,0.15674647755231508,0.7000000000000002
cx0.25_cy0.25_layoutC,0.1,x,0.15,family_pair,diffuse_blur,false_negative_suppression,diffuse_blur_js_0.15,false_negative_suppression_x_js_0.15,1,1,True,True,-0.14765352758252237,-0.22508378299025678,-0.09999999999999998,-0.029296875000000056,0.1796270694195763,0.40000000000000036
cx0.25_cy0.25_layoutC,0.1,x,0.15,family_pair,false_hotspot,false_negative_suppression,false_hotspot_x_js_0.15,false_negative_suppression_x_js_0.15,1,1,True,True,-0.13368528966418025,-0.25411104271177287,-0.09999999999999998,-0.01497395833333337,0.022880591867261213,-0.2999999999999998
cx0.25_cy0.25_layoutC,0.1,y,0.15,error_minus_oracle,spatial_shift,oracle,spatial_shift_y_js_0.15,oracle,1,0,False,True,,,,,,
cx0.25_cy0.25_layoutC,0.1,y,0.15,error_minus_oracle,diffuse_blur,oracle,diffuse_blur_js_0.15,oracle,1,1,True,True,-0.1723600660533794,-0.29314093087139304,-0.09999999999999998,-0.09114583333333331,-0.06139891221809135,-0.1499999999999999
cx0.25_cy0.25_layoutC,0.1,y,0.15,error_minus_oracle,false_hotspot,oracle,false_hotspot_y_js_0.15,oracle,1,1,True,True,-0.07127232232230629,-0.0540896975510291,-0.04999999999999999,-0.025390625,0.7027402736231263,0.5
cx0.25_cy0.25_layoutC,0.1,y,0.15,error_minus_oracle,false_negative_suppression,oracle,false_negative_suppression_y_js_0.15,oracle,1,1,True,True,-0.17951292670570407,-0.3404411289943261,-0.09999999999999998,-0.16341145833333337,-0.32413707332786856,-0.5500000000000003
cx0.25_cy0.25_layoutC,0.1,y,0.15,family_pair,spatial_shift,diffuse_blur,spatial_shift_y_js_0.15,diffuse_blur_js_0.15,1,0,False,True,,,,,,
cx0.25_cy0.25_layoutC,0.1,y,0.15,family_pair,spatial_shift,false_hotspot,spatial_shift_y_js_0.15,false_hotspot_y_js_0.15,1,0,False,True,,,,,,
cx0.25_cy0.25_layoutC,0.1,y,0.15,family_pair,spatial_shift,false_negative_suppression,spatial_shift_y_js_0.15,false_negative_suppression_y_js_0.15,1,0,False,True,,,,,,
cx0.25_cy0.25_layoutC,0.1,y,0.15,family_pair,diffuse_blur,false_hotspot,diffuse_blur_js_0.15,false_hotspot_y_js_0.15,1,1,True,True,-0.1010877437310731,-0.23905123332036393,-0.04999999999999999,-0.06575520833333331,-0.7641391858412176,-0.6499999999999999
cx0.25_cy0.25_layoutC,0.1,y,0.15,family_pair,diffuse_blur,false_negative_suppression,diffuse_blur_js_0.15,false_negative_suppression_y_js_0.15,1,1,True,True,0.007152860652324677,0.04730019812293307,0.0,0.07226562500000006,0.2627381611097772,0.40000000000000036
cx0.25_cy0.25_layoutC,0.1,y,0.15,family_pair,false_hotspot,false_negative_suppression,false_hotspot_y_js_0.15,false_negative_suppression_y_js_0.15,1,1,True,True,0.10824060438339778,0.286351431443297,0.04999999999999999,0.13802083333333337,1.0268773469509949,1.0500000000000003
cx0.25_cy0.25_layoutC,0.05,shared,,baseline_minus_oracle,uniform_prior_baseline,oracle,uniform_prior_baseline,oracle,1,1,True,True,-0.20824760555877642,-1.2313988281947739,-0.19999999999999996,-0.2122395833333332,-2.4866157412768275,-2.65
cx0.25_cy0.25_layoutC,0.05,x,0.05,error_minus_oracle,spatial_shift,oracle,spatial_shift_x_js_0.05,oracle,1,1,True,True,-0.13952994190999368,-0.9875333842993629,-0.14999999999999997,-0.19466145833333326,-1.6107659663199896,-2.55
cx0.25_cy0.25_layoutC,0.05,x,0.05,error_minus_oracle,diffuse_blur,oracle,diffuse_blur_js_0.05,oracle,1,1,True,True,-0.11312141693709177,-0.617862285558803,-0.04999999999999999,0.01171875,-0.7034618158972465,-0.8499999999999996
cx0.25_cy0.25_layoutC,0.05,x,0.05,error_minus_oracle,false_hotspot,oracle,false_hotspot_x_js_0.05,oracle,1,1,True,True,-0.09160260402212395,-0.8453658128524293,-0.09999999999999998,-0.06575520833333337,-1.3693118537308555,-1.5499999999999998
cx0.25_cy0.25_layoutC,0.05,x,0.05,error_minus_oracle,false_negative_suppression,oracle,false_negative_suppression_x_js_0.05,oracle,1,1,True,True,-0.16077368527232083,-1.0344682056316872,-0.14999999999999997,-0.16666666666666663,-2.362963093891404,-2.5
cx0.25_cy0.25_layoutC,0.05,x,0.05,family_pair,spatial_shift,diffuse_blur,spatial_shift_x_js_0.05,diffuse_blur_js_0.05,1,1,True,True,-0.026408524972901914,-0.3696710987405599,-0.09999999999999998,-0.20638020833333326,-0.907304150422743,-1.7000000000000002
cx0.25_cy0.25_layoutC,0.05,x,0.05,family_pair,spatial_shift,false_hotspot,spatial_shift_x_js_0.05,false_hotspot_x_js_0.05,1,1,True,True,-0.047927337887869736,-0.1421675714469336,-0.04999999999999999,-0.1289062499999999,-0.24145411258913407,-1.0
cx0.25_cy0.25_layoutC,0.05,x,0.05,family_pair,spatial_shift,false_negative_suppression,spatial_shift_x_js_0.05,false_negative_suppression_x_js_0.05,1,1,True,True,0.02124374336232715,0.046934821332324295,0.0,-0.02799479166666663,0.7521971275714145,-0.04999999999999982
cx0.25_cy0.25_layoutC,0.05,x,0.05,family_pair,diffuse_blur,false_hotspot,diffuse_blur_js_0.05,false_hotspot_x_js_0.05,1,1,True,True,-0.021518812914967822,0.22750352729362633,0.04999999999999999,0.07747395833333337,0.665850037833609,0.7000000000000002
cx0.25_cy0.25_layoutC,0.05,x,0.05,family_pair,diffuse_blur,false_negative_suppression,diffuse_blur_js_0.05,false_negative_suppression_x_js_0.05,1,1,True,True,0.047652268335229064,0.4166059200728842,0.09999999999999998,0.17838541666666663,1.6595012779941576,1.6500000000000004
cx0.25_cy0.25_layoutC,0.05,x,0.05,family_pair,false_hotspot,false_negative_suppression,false_hotspot_x_js_0.05,false_negative_suppression_x_js_0.05,1,1,True,True,0.06917108125019689,0.1891023927792579,0.04999999999999999,0.10091145833333326,0.9936512401605486,0.9500000000000002
cx0.25_cy0.25_layoutC,0.05,y,0.05,error_minus_oracle,spatial_shift,oracle,spatial_shift_y_js_0.05,oracle,1,1,True,True,-0.017184025009393866,-0.5544655677978283,-0.04999999999999999,0.06184895833333348,-0.8147897528094097,-1.1499999999999995
cx0.25_cy0.25_layoutC,0.05,y,0.05,error_minus_oracle,diffuse_blur,oracle,diffuse_blur_js_0.05,oracle,1,1,True,True,-0.11312141693709177,-0.617862285558803,-0.04999999999999999,0.01171875,-0.7034618158972465,-0.8499999999999996
cx0.25_cy0.25_layoutC,0.05,y,0.05,error_minus_oracle,false_hotspot,oracle,false_hotspot_y_js_0.05,oracle,1,1,True,True,-0.06647115898444733,-0.6415590586757935,-0.09999999999999998,0.08658854166666674,-0.9380710799368899,-1.2999999999999998
cx0.25_cy0.25_layoutC,0.05,y,0.05,error_minus_oracle,false_negative_suppression,oracle,false_negative_suppression_y_js_0.05,oracle,1,1,True,True,-0.13300485504301218,-1.0964080762141426,-0.14999999999999997,-0.197265625,-2.3551368138816047,-2.5
cx0.25_cy0.25_layoutC,0.05,y,0.05,family_pair,spatial_shift,diffuse_blur,spatial_shift_y_js_0.05,diffuse_blur_js_0.05,1,1,True,True,0.0959373919276979,0.06339671776097466,0.0,0.05013020833333348,-0.11132793691216314,-0.2999999999999998
cx0.25_cy0.25_layoutC,0.05,y,0.05,family_pair,spatial_shift,false_hotspot,spatial_shift_y_js_0.05,false_hotspot_y_js_0.05,1,1,True,True,0.049287133975053465,0.08709349087796525,0.04999999999999999,-0.02473958333333326,0.12328132712748019,0.15000000000000036
cx0.25_cy0.25_layoutC,0.05,y,0.05,family_pair,spatial_shift,false_negative_suppression,spatial_shift_y_js_0.05,false_negative_suppression_y_js_0.05,1,1,True,True,0.11582083003361832,0.5419425084163143,0.09999999999999998,0.2591145833333335,1.540347061072195,1.3500000000000005
cx0.25_cy0.25_layoutC,0.05,y,0.05,family_pair,diffuse_blur,false_hotspot,diffuse_blur_js_0.05,false_hotspot_y_js_0.05,1,1,True,True,-0.046650257952644436,0.023696773116990588,0.04999999999999999,-0.07486979166666674,0.23460926403964333,0.4500000000000002
cx0.25_cy0.25_layoutC,0.05,y,0.05,family_pair,diffuse_blur,false_negative_suppression,diffuse_blur_js_0.05,false_negative_suppression_y_js_0.05,1,1,True,True,0.019883438105920415,0.47854579065533964,0.09999999999999998,0.208984375,1.6516749979843581,1.6500000000000004
cx0.25_cy0.25_layoutC,0.05,y,0.05,family_pair,false_hotspot,false_negative_suppression,false_hotspot_y_js_0.05,false_negative_suppression_y_js_0.05,1,1,True,True,0.06653369605856485,0.45484901753834905,0.04999999999999999,0.28385416666666674,1.4170657339447148,1.2000000000000002
cx0.25_cy0.25_layoutC,0.05,x,0.1,error_minus_oracle,spatial_shift,oracle,spatial_shift_x_js_0.1,oracle,1,1,True,True,-0.20397553268572666,-1.061746042971603,-0.19999999999999996,-0.2148437499999999,-1.644247026812046,-2.5
cx0.25_cy0.25_layoutC,0.05,x,0.1,error_minus_oracle,diffuse_blur,oracle,diffuse_blur_js_0.1,oracle,1,1,True,True,-0.15786336930405664,-1.123600677143365,-0.14999999999999997,-0.14518229166666663,-2.3378859762835784,-2.4
cx0.25_cy0.25_layoutC,0.05,x,0.1,error_minus_oracle,false_hotspot,oracle,false_hotspot_x_js_0.1,oracle,1,1,True,True,-0.10309824479534668,-1.0855692531847954,-0.14999999999999997,-0.15625,-2.222031943673697,-2.4
cx0.25_cy0.25_layoutC,0.05,x,0.1,error_minus_oracle,false_negative_suppression,oracle,false_negative_suppression_x_js_0.1,oracle,1,1,True,True,-0.0537889042195282,-0.9853568127937737,-0.09999999999999998,-0.109375,-2.4244001758312033,-2.5999999999999996
cx0.25_cy0.25_layoutC,0.05,x,0.1,family_pair,spatial_shift,diffuse_blur,spatial_shift_x_js_0.1,diffuse_blur_js_0.1,1,1,True,True,-0.04611216338167001,0.06185463417176207,-0.04999999999999999,-0.06966145833333326,0.6936389494715325,-0.10000000000000009
cx0.25_cy0.25_layoutC,0.05,x,0.1,family_pair,spatial_shift,false_hotspot,spatial_shift_x_js_0.1,false_hotspot_x_js_0.1,1,1,True,True,-0.10087728789037997,0.023823210213192447,-0.04999999999999999,-0.05859374999999989,0.5777849168616509,-0.10000000000000009
cx0.25_cy0.25_layoutC,0.05,x,0.1,family_pair,spatial_shift,false_negative_suppression,spatial_shift_x_js_0.1,false_negative_suppression_x_js_0.1,1,1,True,True,-0.15018662846619846,-0.07638923017782928,-0.09999999999999998,-0.10546874999999989,0.7801531490191573,0.09999999999999964
cx0.25_cy0.25_layoutC,0.05,x,0.1,family_pair,diffuse_blur,false_hotspot,diffuse_blur_js_0.1,false_hotspot_x_js_0.1,1,1,True,True,-0.05476512450870996,-0.03803142395856962,0.0,0.01106770833333337,-0.11585403260988159,0.0
cx0.25_cy0.25_layoutC,0.05,x,0.1,family_pair,diffuse_blur,false_negative_suppression,diffuse_blur_js_0.1,false_negative_suppression_x_js_0.1,1,1,True,True,-0.10407446508452844,-0.13824386434959135,-0.04999999999999999,-0.03580729166666663,0.08651419954762485,0.19999999999999973
cx0.25_cy0.25_layoutC,0.05,x,0.1,family_pair,false_hotspot,false_negative_suppression,false_hotspot_x_js_0.1,false_negative_suppression_x_js_0.1,1,1,True,True,-0.04930934057581848,-0.10021244039102173,-0.04999999999999999,-0.046875,0.20236823215750643,0.19999999999999973
cx0.25_cy0.25_layoutC,0.05,y,0.1,error_minus_oracle,spatial_shift,oracle,spatial_shift_y_js_0.1,oracle,1,1,True,True,-0.01746298306627947,-0.6688065502451834,-0.04999999999999999,0.05013020833333337,-1.1679549435117402,-1.5499999999999998
cx0.25_cy0.25_layoutC,0.05,y,0.1,error_minus_oracle,diffuse_blur,oracle,diffuse_blur_js_0.1,oracle,1,1,True,True,-0.15786336930405664,-1.123600677143365,-0.14999999999999997,-0.14518229166666663,-2.3378859762835784,-2.4
cx0.25_cy0.25_layoutC,0.05,y,0.1,error_minus_oracle,false_hotspot,oracle,false_hotspot_y_js_0.1,oracle,1,1,True,True,-0.04900006579882343,-0.7155254461726903,-0.04999999999999999,0.09375000000000011,-1.2281088855996964,-1.6999999999999997
cx0.25_cy0.25_layoutC,0.05,y,0.1,error_minus_oracle,false_negative_suppression,oracle,false_negative_suppression_y_js_0.1,oracle,1,1,True,True,-0.16267139647314877,-1.1258945221933159,-0.14999999999999997,-0.2050781249999999,-2.317395282417626,-2.4499999999999997
cx0.25_cy0.25_layoutC,0.05,y,0.1,family_pair,spatial_shift,diffuse_blur,spatial_shift_y_js_0.1,diffuse_blur_js_0.1,1,1,True,True,0.14040038623777717,0.45479412689818166,0.09999999999999998,0.1953125,1.1699310327718382,0.8500000000000001
cx0.25_cy0.25_layoutC,0.05,y,0.1,family_pair,spatial_shift,false_hotspot,spatial_shift_y_js_0.1,false_hotspot_y_js_0.1,1,1,True,True,0.031537082732543964,0.04671889592750689,0.0,-0.04361979166666674,0.060153942087956214,0.1499999999999999
cx0.25_cy0.25_layoutC,0.05,y,0.1,family_pair,spatial_shift,false_negative_suppression,spatial_shift_y_js_0.1,false_negative_suppression_y_js_0.1,1,1,True,True,0.1452084134068693,0.45708797194813244,0.09999999999999998,0.25520833333333326,1.1494403389058858,0.8999999999999999
cx0.25_cy0.25_layoutC,0.05,y,0.1,family_pair,diffuse_blur,false_hotspot,diffuse_blur_js_0.1,false_hotspot_y_js_0.1,1,1,True,True,-0.10886330350523321,-0.4080752309706748,-0.09999999999999998,-0.23893229166666674,-1.109777090683882,-0.7000000000000002
cx0.25_cy0.25_layoutC,0.05,y,0.1,family_pair,diffuse_blur,false_negative_suppression,diffuse_blur_js_0.1,false_negative_suppression_y_js_0.1,1,1,True,True,0.004808027169092122,0.0022938450499507823,0.0,0.05989583333333326,-0.02049069386595237,0.04999999999999982
cx0.25_cy0.25_layoutC,0.05,y,0.1,family_pair,false_hotspot,false_negative_suppression,false_hotspot_y_js_0.1,false_negative_suppression_y_js_0.1,1,1,True,True,0.11367133067432533,0.41036907602062556,0.09999999999999998,0.298828125,1.0892863968179296,0.75
cx0.25_cy0.25_layoutC,0.05,x,0.15,error_minus_oracle,spatial_shift,oracle,spatial_shift_x_js_0.15,oracle,1,1,True,True,-0.19594631854871536,-1.053263544333305,-0.19999999999999996,-0.189453125,-1.6425573958410227,-2.3499999999999996
cx0.25_cy0.25_layoutC,0.05,x,0.15,error_minus_oracle,diffuse_blur,oracle,diffuse_blur_js_0.15,oracle,1,1,True,True,-0.1746426248075672,-1.0921255237529857,-0.14999999999999997,-0.197265625,-2.432461654645936,-2.75
cx0.25_cy0.25_layoutC,0.05,x,0.15,error_minus_oracle,false_hotspot,oracle,false_hotspot_x_js_0.15,oracle,1,1,True,True,-0.13800836819748186,-1.1483603534914666,-0.14999999999999997,-0.16471354166666652,-2.247972162293063,-2.55
cx0.25_cy0.25_layoutC,0.05,x,0.15,error_minus_oracle,false_negative_suppression,oracle,false_negative_suppression_x_js_0.15,oracle,1,1,True,True,-0.08792402691733059,-0.9808620707486946,-0.09999999999999998,-0.11067708333333326,-2.4198444308278884,-2.5999999999999996
cx0.25_cy0.25_layoutC,0.05,x,0.15,family_pair,spatial_shift,diffuse_blur,spatial_shift_x_js_0.15,diffuse_blur_js_0.15,1,1,True,True,-0.021303693741148155,0.038861979419680726,-0.04999999999999999,0.0078125,0.7899042588049134,0.40000000000000036
cx0.25_cy0.25_layoutC,0.05,x,0.15,family_pair,spatial_shift,false_hotspot,spatial_shift_x_js_0.15,false_hotspot_x_js_0.15,1,1,True,True,-0.0579379503512335,0.09509680915816165,-0.04999999999999999,-0.02473958333333348,0.6054147664520402,0.20000000000000018
cx0.25_cy0.25_layoutC,0.05,x,0.15,family_pair,spatial_shift,false_negative_suppression,spatial_shift_x_js_0.15,false_negative_suppression_x_js_0.15,1,1,True,True,-0.10802229163138477,-0.07240147358461035,-0.09999999999999998,-0.07877604166666674,0.7772870349868657,0.25
cx0.25_cy0.25_layoutC,0.05,x,0.15,family_pair,diffuse_blur,false_hotspot,diffuse_blur_js_0.15,false_hotspot_x_js_0.15,1,1,True,True,-0.03663425661008535,0.05623482973848093,0.0,-0.03255208333333348,-0.18448949235287326,-0.20000000000000018
cx0.25_cy0.25_layoutC,0.05,x,0.15,family_pair,diffuse_blur,false_negative_suppression,diffuse_blur_js_0.15,false_negative_suppression_x_js_0.15,1,1,True,True,-0.08671859789023662,-0.11126345300429108,-0.04999999999999999,-0.08658854166666674,-0.012617223818047751,-0.15000000000000036
cx0.25_cy0.25_layoutC,0.05,x,0.15,family_pair,false_hotspot,false_negative_suppression,false_hotspot_x_js_0.15,false_negative_suppression_x_js_0.15,1,1,True,True,-0.05008434128015127,-0.167498282742772,-0.04999999999999999,-0.05403645833333326,0.1718722685348255,0.04999999999999982
cx0.25_cy0.25_layoutC,0.05,y,0.15,error_minus_oracle,spatial_shift,oracle,spatial_shift_y_js_0.15,oracle,1,1,True,True,0.012774265872785961,-0.5469487615853994,0.0,0.041015625,-1.086273405159198,-2.0
cx0.25_cy0.25_layoutC,0.05,y,0.15,error_minus_oracle,diffuse_blur,oracle,diffuse_blur_js_0.15,oracle,1,1,True,True,-0.1746426248075672,-1.0921255237529857,-0.14999999999999997,-0.197265625,-2.432461654645936,-2.75
cx0.25_cy0.25_layoutC,0.05,y,0.15,error_minus_oracle,false_hotspot,oracle,false_hotspot_y_js_0.15,oracle,1,1,True,True,0.01055215432770995,-0.6315943501253072,-0.04999999999999999,0.11653645833333348,-1.4934863430869605,-2.0
cx0.25_cy0.25_layoutC,0.05,y,0.15,error_minus_oracle,false_negative_suppression,oracle,false_negative_suppression_y_js_0.15,oracle,1,1,True,True,-0.1865557738190936,-1.1582750857727744,-0.19999999999999996,-0.2011718749999999,-2.231950546987089,-2.1999999999999997
cx0.25_cy0.25_layoutC,0.05,y,0.15,family_pair,spatial_shift,diffuse_blur,spatial_shift_y_js_0.15,diffuse_blur_js_0.15,1,1,True,True,0.18741689068035317,0.5451767621675863,0.14999999999999997,0.23828125,1.346188249486738,0.75
cx0.25_cy0.25_layoutC,0.05,y,0.15,family_pair,spatial_shift,false_hotspot,spatial_shift_y_js_0.15,false_hotspot_y_js_0.15,1,1,True,True,0.002222111545076011,0.08464558853990778,0.04999999999999999,-0.07552083333333348,0.4072129379277625,0.0
cx0.25_cy0.25_layoutC,0.05,y,0.15,family_pair,spatial_shift,false_negative_suppression,spatial_shift_y_js_0.15,false_negative_suppression_y_js_0.15,1,1,True,True,0.19933003969187957,0.6113263241873751,0.19999999999999996,0.2421874999999999,1.1456771418278908,0.19999999999999973
cx0.25_cy0.25_layoutC,0.05,y,0.15,family_pair,diffuse_blur,false_hotspot,diffuse_blur_js_0.15,false_hotspot_y_js_0.15,1,1,True,True,-0.18519477913527715,-0.4605311736276785,-0.09999999999999998,-0.3138020833333335,-0.9389753115589756,-0.75
cx0.25_cy0.25_layoutC,0.05,y,0.15,family_pair,diffuse_blur,false_negative_suppression,diffuse_blur_js_0.15,false_negative_suppression_y_js_0.15,1,1,True,True,0.011913149011526403,0.06614956201978883,0.04999999999999999,0.003906249999999889,-0.20051110765884728,-0.5500000000000003
cx0.25_cy0.25_layoutC,0.05,y,0.15,family_pair,false_hotspot,false_negative_suppression,false_hotspot_y_js_0.15,false_negative_suppression_y_js_0.15,1,1,True,True,0.19710792814680356,0.5266807356474673,0.14999999999999997,0.31770833333333337,0.7384642039001283,0.19999999999999973
cx0.25_cy0.75_layoutA,0.1,shared,,baseline_minus_oracle,uniform_prior_baseline,oracle,uniform_prior_baseline,oracle,1,1,True,True,-0.39675545493033154,0.836691190696095,1.1500000000000001,-0.0906249999999999,0.10631550493872544,0.8000000000000003
cx0.25_cy0.75_layoutA,0.1,x,0.05,error_minus_oracle,spatial_shift,oracle,spatial_shift_x_js_0.05,oracle,1,1,True,True,0.04566484935949955,0.12728677747203188,0.10000000000000009,0.028125000000000178,-0.12169486316301081,0.0
cx0.25_cy0.75_layoutA,0.1,x,0.05,error_minus_oracle,diffuse_blur,oracle,diffuse_blur_js_0.05,oracle,1,1,True,True,-0.10189508954656645,-0.1302209629547706,-0.050000000000000044,-0.05687500000000001,-0.16548624982935878,-0.09999999999999987
cx0.25_cy0.75_layoutA,0.1,x,0.05,error_minus_oracle,false_hotspot,oracle,false_hotspot_x_js_0.05,oracle,1,1,True,True,-0.06917791476231283,-0.12698460460782113,-0.050000000000000044,-0.04249999999999998,-0.19174575187827347,-0.09999999999999987
cx0.25_cy0.75_layoutA,0.1,x,0.05,error_minus_oracle,false_negative_suppression,oracle,false_negative_suppression_x_js_0.05,oracle,1,1,True,True,-0.134226230924531,-0.10522864114889185,-0.050000000000000044,-0.062499999999999944,-0.10175209485007786,-0.09999999999999987
cx0.25_cy0.75_layoutA,0.1,x,0.05,family_pair,spatial_shift,diffuse_blur,spatial_shift_x_js_0.05,diffuse_blur_js_0.05,1,1,True,True,0.147559938906066,0.25750774042680247,0.15000000000000013,0.08500000000000019,0.043791386666347965,0.09999999999999987
cx0.25_cy0.75_layoutA,0.1,x,0.05,family_pair,spatial_shift,false_hotspot,spatial_shift_x_js_0.05,false_hotspot_x_js_0.05,1,1,True,True,0.11484276412181238,0.254271382079853,0.15000000000000013,0.07062500000000016,0.07005088871526266,0.09999999999999987
cx0.25_cy0.75_layoutA,0.1,x,0.05,family_pair,spatial_shift,false_negative_suppression,spatial_shift_x_js_0.05,false_negative_suppression_x_js_0.05,1,1,True,True,0.17989108028403056,0.23251541862092373,0.15000000000000013,0.09062500000000012,-0.019942768312932957,0.09999999999999987
cx0.25_cy0.75_layoutA,0.1,x,0.05,family_pair,diffuse_blur,false_hotspot,diffuse_blur_js_0.05,false_hotspot_x_js_0.05,1,1,True,True,-0.03271717478425362,-0.003236358346949464,0.0,-0.014375000000000027,0.026259502048914696,0.0
cx0.25_cy0.75_layoutA,0.1,x,0.05,family_pair,diffuse_blur,false_negative_suppression,diffuse_blur_js_0.05,false_negative_suppression_x_js_0.05,1,1,True,True,0.032331141377964556,-0.024992321805878737,0.0,0.005624999999999936,-0.06373415497928092,0.0
cx0.25_cy0.75_layoutA,0.1,x,0.05,family_pair,false_hotspot,false_negative_suppression,false_hotspot_x_js_0.05,false_negative_suppression_x_js_0.05,1,1,True,True,0.06504831616221818,-0.021755963458929273,0.0,0.019999999999999962,-0.08999365702819562,0.0
cx0.25_cy0.75_layoutA,0.1,y,0.05,error_minus_oracle,spatial_shift,oracle,spatial_shift_y_js_0.05,oracle,1,1,True,True,-0.01059622478524358,-0.0539977811916772,0.0,0.02187500000000009,-0.038703544500714226,0.15000000000000013
cx0.25_cy0.75_layoutA,0.1,y,0.05,error_minus_oracle,diffuse_blur,oracle,diffuse_blur_js_0.05,oracle,1,1,True,True,-0.10189508954656645,-0.1302209629547706,-0.050000000000000044,-0.05687500000000001,-0.16548624982935878,-0.09999999999999987
cx0.25_cy0.75_layoutA,0.1,y,0.05,error_minus_oracle,false_hotspot,oracle,false_hotspot_y_js_0.05,oracle,1,1,True,True,-0.0989385794390506,-0.125286644914403,-0.050000000000000044,-0.04874999999999996,-0.17710307277273318,-0.04999999999999982
cx0.25_cy0.75_layoutA,0.1,y,0.05,error_minus_oracle,false_negative_suppression,oracle,false_negative_suppression_y_js_0.05,oracle,1,1,True,True,-0.08555825220455504,-0.15418666149696536,-0.050000000000000044,-0.05499999999999994,-0.19230796986804766,-0.09999999999999987
cx0.25_cy0.75_layoutA,0.1,y,0.05,family_pair,spatial_shift,diffuse_blur,spatial_shift_y_js_0.05,diffuse_blur_js_0.05,1,1,True,True,0.09129886476132287,0.0762231817630934,0.050000000000000044,0.0787500000000001,0.12678270532864455,0.25
cx0.25_cy0.75_layoutA,0.1,y,0.05,family_pair,spatial_shift,false_hotspot,spatial_shift_y_js_0.05,false_hotspot_y_js_0.05,1,1,True,True,0.08834235465380702,0.0712888637227258,0.050000000000000044,0.07062500000000005,0.13839952827201896,0.19999999999999996
cx0.25_cy0.75_layoutA,0.1,y,0.05,family_pair,spatial_shift,false_negative_suppression,spatial_shift_y_js_0.05,false_negative_suppression_y_js_0.05,1,1,True,True,0.07496202741931146,0.10018888030528816,0.050000000000000044,0.07687500000000003,0.15360442536733343,0.25
cx0.25_cy0.75_layoutA,0.1,y,0.05,family_pair,diffuse_blur,false_hotspot,diffuse_blur_js_0.05,false_hotspot_y_js_0.05,1,1,True,True,-0.002956510107515853,-0.004934318040367591,0.0,-0.008125000000000049,0.011616822943374405,-0.050000000000000044
cx0.25_cy0.75_layoutA,0.1,y,0.05,family_pair,diffuse_blur,false_negative_suppression,diffuse_blur_js_0.05,false_negative_suppression_y_js_0.05,1,1,True,True,-0.016336837342011412,0.02396569854219477,0.0,-0.001875000000000071,0.02682172003868888,0.0
cx0.25_cy0.75_layoutA,0.1,y,0.05,family_pair,false_hotspot,false_negative_suppression,false_hotspot_y_js_0.05,false_negative_suppression_y_js_0.05,1,1,True,True,-0.01338032723449556,0.02890001658256236,0.0,0.006249999999999978,0.015204897095314474,0.050000000000000044
cx0.25_cy0.75_layoutA,0.1,x,0.1,error_minus_oracle,spatial_shift,oracle,spatial_shift_x_js_0.1,oracle,1,1,True,True,0.02271189844668009,0.18980679391731137,0.19999999999999996,0.02187500000000009,-0.17417178992590232,0.0
cx0.25_cy0.75_layoutA,0.1,x,0.1,error_minus_oracle,diffuse_blur,oracle,diffuse_blur_js_0.1,oracle,1,1,True,True,-0.09435872442185889,-0.1624550285284947,-0.050000000000000044,-0.05437499999999995,-0.2769167435942219,-0.09999999999999987
cx0.25_cy0.75_layoutA,0.1,x,0.1,error_minus_oracle,false_hotspot,oracle,false_hotspot_x_js_0.1,oracle,1,1,True,True,-0.06711969644558324,-0.14032499695025513,-0.050000000000000044,-0.018749999999999933,-0.13119484837186168,-0.04999999999999982
cx0.25_cy0.75_layoutA,0.1,x,0.1,error_minus_oracle,false_negative_suppression,oracle,false_negative_suppression_x_js_0.1,oracle,1,1,True,True,-0.15205405949642015,-0.09734796028262505,-0.050000000000000044,-0.06562499999999993,-0.12025756841129298,-0.04999999999999982
cx0.25_cy0.75_layoutA,0.1,x,0.1,family_pair,spatial_shift,diffuse_blur,spatial_shift_x_js_0.1,diffuse_blur_js_0.1,1,1,True,True,0.11707062286853898,0.35226182244580606,0.25,0.07625000000000004,0.1027449536683196,0.09999999999999987
cx0.25_cy0.75_layoutA,0.1,x,0.1,family_pair,spatial_shift,false_hotspot,spatial_shift_x_js_0.1,false_hotspot_x_js_0.1,1,1,True,True,0.08983159489226333,0.3301317908675665,0.25,0.04062500000000002,-0.04297694155404064,0.04999999999999982
cx0.25_cy0.75_layoutA,0.1,x,0.1,family_pair,spatial_shift,false_negative_suppression,spatial_shift_x_js_0.1,false_negative_suppression_x_js_0.1,1,1,True,True,0.17476595794310024,0.2871547541999364,0.25,0.08750000000000002,-0.05391422151460934,0.04999999999999982
cx0.25_cy0.75_layoutA,0.1,x,0.1,family_pair,diffuse_blur,false_hotspot,diffuse_blur_js_0.1,false_hotspot_x_js_0.1,1,1,True,True,-0.027239027976275643,-0.022130031578239562,0.0,-0.03562500000000002,-0.14572189522236023,-0.050000000000000044
cx0.25_cy0.75_layoutA,0.1,x,0.1,family_pair,diffuse_blur,false_negative_suppression,diffuse_blur_js_0.1,false_negative_suppression_x_js_0.1,1,1,True,True,0.05769533507456126,-0.06510706824586965,0.0,0.011249999999999982,-0.15665917518292893,-0.050000000000000044
cx0.25_cy0.75_layoutA,0.1,x,0.1,family_pair,false_hotspot,false_negative_suppression,false_hotspot_x_js_0.1,false_negative_suppression_x_js_0.1,1,1,True,True,0.0849343630508369,-0.042977036667630086,0.0,0.046875,-0.010937279960568702,0.0
cx0.25_cy0.75_layoutA,0.1,y,0.1,error_minus_oracle,spatial_shift,oracle,spatial_shift_y_js_0.1,oracle,1,1,True,True,-0.03468266727711533,-0.07319717641314494,0.0,0.024375000000000036,-0.06676521576497785,0.20000000000000018
cx0.25_cy0.75_layoutA,0.1,y,0.1,error_minus_oracle,diffuse_blur,oracle,diffuse_blur_js_0.1,oracle,1,1,True,True,-0.09435872442185889,-0.1624550285284947,-0.050000000000000044,-0.05437499999999995,-0.2769167435942219,-0.09999999999999987
cx0.25_cy0.75_layoutA,0.1,y,0.1,error_minus_oracle,false_hotspot,oracle,false_hotspot_y_js_0.1,oracle,1,1,True,True,-0.2207447559144493,0.11624746899002991,0.19999999999999996,-0.06812499999999994,-0.06808518217700454,0.10000000000000009
cx0.25_cy0.75_layoutA,0.1,y,0.1,error_minus_oracle,false_negative_suppression,oracle,false_negative_suppression_y_js_0.1,oracle,1,1,True,True,-0.09030504266992745,-0.17157471515198952,-0.050000000000000044,-0.05437499999999995,-0.215330622156799,-0.1499999999999999
cx0.25_cy0.75_layoutA,0.1,y,0.1,family_pair,spatial_shift,diffuse_blur,spatial_shift_y_js_0.1,diffuse_blur_js_0.1,1,1,True,True,0.059676057144743555,0.08925785211534976,0.050000000000000044,0.07874999999999999,0.21015152782924407,0.30000000000000004
cx0.25_cy0.75_layoutA,0.1,y,0.1,family_pair,spatial_shift,false_hotspot,spatial_shift_y_js_0.1,false_hotspot_y_js_0.1,1,1,True,True,0.18606208863733398,-0.18944464540317485,-0.19999999999999996,0.09249999999999997,0.0013199664120266963,0.10000000000000009
cx0.25_cy0.75_layoutA,0.1,y,0.1,family_pair,spatial_shift,false_negative_suppression,spatial_shift_y_js_0.1,false_negative_suppression_y_js_0.1,1,1,True,True,0.05562237539281212,0.09837753873884458,0.050000000000000044,0.07874999999999999,0.14856540639182114,0.3500000000000001
cx0.25_cy0.75_layoutA,0.1,y,0.1,family_pair,diffuse_blur,false_hotspot,diffuse_blur_js_0.1,false_hotspot_y_js_0.1,1,1,True,True,0.12638603149259042,-0.2787024975185246,-0.25,0.013749999999999984,-0.20883156141721737,-0.19999999999999996
cx0.25_cy0.75_layoutA,0.1,y,0.1,family_pair,diffuse_blur,false_negative_suppression,diffuse_blur_js_0.1,false_negative_suppression_y_js_0.1,1,1,True,True,-0.004053681751931437,0.009119686623494827,0.0,0.0,-0.061586121437422925,0.050000000000000044
cx0.25_cy0.75_layoutA,0.1,y,0.1,family_pair,false_hotspot,false_negative_suppression,false_hotspot_y_js_0.1,false_negative_suppression_y_js_0.1,1,1,True,True,-0.13043971324452186,0.28782218414201943,0.25,-0.013749999999999984,0.14724543997979445,0.25
cx0.25_cy0.75_layoutA,0.1,x,0.15,error_minus_oracle,spatial_shift,oracle,spatial_shift_x_js_0.15,oracle,1,1,True,True,-0.03753696981562182,0.1769840761566419,0.25,0.005624999999999991,-0.19838792392249505,-0.04999999999999982
cx0.25_cy0.75_layoutA,0.1,x,0.15,error_minus_oracle,diffuse_blur,oracle,diffuse_blur_js_0.15,oracle,1,1,True,True,-0.16125940984140563,0.43953086698359867,0.6000000000000001,-0.05624999999999991,0.0011106380847443198,0.4500000000000002
cx0.25_cy0.75_layoutA,0.1,x,0.15,error_minus_oracle,false_hotspot,oracle,false_hotspot_x_js_0.15,oracle,1,1,True,True,-0.274096524633231,0.477729663149669,1.0999999999999999,-0.09499999999999992,-0.3720600650035881,-0.25
cx0.25_cy0.75_layoutA,0.1,x,0.15,error_minus_oracle,false_negative_suppression,oracle,false_negative_suppression_x_js_0.15,oracle,1,1,True,True,-0.18603282142640154,-0.07815967809504043,-0.09999999999999998,-0.07374999999999998,-0.10212960400378202,-0.04999999999999982
cx0.25_cy0.75_layoutA,0.1,x,0.15,family_pair,spatial_shift,diffuse_blur,spatial_shift_x_js_0.15,diffuse_blur_js_0.15,1,1,True,True,0.12372244002578381,-0.26254679082695676,-0.3500000000000001,0.0618749999999999,-0.19949856200723937,-0.5
cx0.25_cy0.75_layoutA,0.1,x,0.15,family_pair,spatial_shift,false_hotspot,spatial_shift_x_js_0.15,false_hotspot_x_js_0.15,1,1,True,True,0.23655955481760915,-0.3007455869930271,-0.8499999999999999,0.10062499999999991,0.17367214108109308,0.20000000000000018
cx0.25_cy0.75_layoutA,0.1,x,0.15,family_pair,spatial_shift,false_negative_suppression,spatial_shift_x_js_0.15,false_negative_suppression_x_js_0.15,1,1,True,True,0.14849585161077972,0.25514375425168234,0.35,0.07937499999999997,-0.09625831991871303,0.0
cx0.25_cy0.75_layoutA,0.1,x,0.15,family_pair,diffuse_blur,false_hotspot,diffuse_blur_js_0.15,false_hotspot_x_js_0.15,1,1,True,True,0.11283711479182534,-0.03819879616607036,-0.4999999999999998,0.03875000000000001,0.37317070308833244,0.7000000000000002
cx0.25_cy0.75_layoutA,0.1,x,0.15,family_pair,diffuse_blur,false_negative_suppression,diffuse_blur_js_0.15,false_negative_suppression_x_js_0.15,1,1,True,True,0.024773411584995908,0.5176905450786391,0.7000000000000001,0.01750000000000007,0.10324024208852633,0.5
cx0.25_cy0.75_layoutA,0.1,x,0.15,family_pair,false_hotspot,false_negative_suppression,false_hotspot_x_js_0.15,false_negative_suppression_x_js_0.15,1,1,True,True,-0.08806370320682944,0.5558893412447095,1.1999999999999997,-0.021249999999999936,-0.2699304609998061,-0.20000000000000018
cx0.25_cy0.75_layoutA,0.1,y,0.15,error_minus_oracle,spatial_shift,oracle,spatial_shift_y_js_0.15,oracle,1,1,True,True,-0.09949472456619812,-0.09603156772498234,0.0,0.0031250000000000444,-0.08354609770239341,0.20000000000000018
cx0.25_cy0.75_layoutA,0.1,y,0.15,error_minus_oracle,diffuse_blur,oracle,diffuse_blur_js_0.15,oracle,1,1,True,True,-0.16125940984140563,0.43953086698359867,0.6000000000000001,-0.05624999999999991,0.0011106380847443198,0.4500000000000002
cx0.25_cy0.75_layoutA,0.1,y,0.15,error_minus_oracle,false_hotspot,oracle,false_hotspot_y_js_0.15,oracle,1,1,True,True,-0.3134221881652566,0.638972762984364,1.0999999999999999,-0.06874999999999998,0.1089601024973752,1.0500000000000003
cx0.25_cy0.75_layoutA,0.1,y,0.15,error_minus_oracle,false_negative_suppression,oracle,false_negative_suppression_y_js_0.15,oracle,1,1,True,True,-0.08599746612798875,-0.1682258788804194,-0.050000000000000044,-0.05312499999999987,-0.21466624080879826,-0.1499999999999999
cx0.25_cy0.75_layoutA,0.1,y,0.15,family_pair,spatial_shift,diffuse_blur,spatial_shift_y_js_0.15,diffuse_blur_js_0.15,1,1,True,True,0.06176468527520751,-0.535562434708581,-0.6000000000000001,0.059374999999999956,-0.08465673578713773,-0.25
cx0.25_cy0.75_layoutA,0.1,y,0.15,family_pair,spatial_shift,false_hotspot,spatial_shift_y_js_0.15,false_hotspot_y_js_0.15,1,1,True,True,0.21392746359905845,-0.7350043307093463,-1.0999999999999999,0.07187500000000002,-0.1925062001997686,-0.8500000000000001
cx0.25_cy0.75_layoutA,0.1,y,0.15,family_pair,spatial_shift,false_negative_suppression,spatial_shift_y_js_0.15,false_negative_suppression_y_js_0.15,1,1,True,True,-0.01349725843820937,0.07219431115543706,0.050000000000000044,0.05624999999999991,0.13112014310640485,0.3500000000000001
cx0.25_cy0.75_layoutA,0.1,y,0.15,family_pair,diffuse_blur,false_hotspot,diffuse_blur_js_0.15,false_hotspot_y_js_0.15,1,1,True,True,0.15216277832385094,-0.19944189600076534,-0.4999999999999998,0.012500000000000067,-0.10784946441263088,-0.6000000000000001
cx0.25_cy0.75_layoutA,0.1,y,0.15,family_pair,diffuse_blur,false_negative_suppression,diffuse_blur_js_0.15,false_negative_suppression_y_js_0.15,1,1,True,True,-0.07526194371341688,0.6077567458640181,0.6500000000000001,-0.0031250000000000444,0.21577687889354258,0.6000000000000001
cx0.25_cy0.75_layoutA,0.1,y,0.15,family_pair,false_hotspot,false_negative_suppression,false_hotspot_y_js_0.15,false_negative_suppression_y_js_0.15,1,1,True,True,-0.22742472203726782,0.8071986418647834,1.15,-0.01562500000000011,0.32362634330617346,1.2000000000000002
cx0.25_cy0.75_layoutA,0.05,shared,,baseline_minus_oracle,uniform_prior_baseline,oracle,uniform_prior_baseline,oracle,1,1,True,True,-0.4058973076063618,1.1498268562345966,1.8000000000000003,-0.05125000000000002,0.02121701969528056,1.2
cx0.25_cy0.75_layoutA,0.05,x,0.05,error_minus_oracle,spatial_shift,oracle,spatial_shift_x_js_0.05,oracle,1,1,True,True,0.003978477821084736,0.07661982072684115,0.1499999999999999,0.02750000000000008,-0.25409288824383225,-0.050000000000000044
cx0.25_cy0.75_layoutA,0.05,x,0.05,error_minus_oracle,diffuse_blur,oracle,diffuse_blur_js_0.05,oracle,1,1,True,True,-0.149153003442431,-0.22553956209904413,0.050000000000000044,-0.06437499999999996,-0.2872824325612431,-0.09999999999999987
cx0.25_cy0.75_layoutA,0.05,x,0.05,error_minus_oracle,false_hotspot,oracle,false_hotspot_x_js_0.05,oracle,1,1,True,True,-0.06188778543018936,-0.03604672798237596,0.0,0.03875000000000006,-0.2065115542893321,0.0
cx0.25_cy0.75_layoutA,0.05,x,0.05,error_minus_oracle,false_negative_suppression,oracle,false_negative_suppression_x_js_0.05,oracle,1,1,True,True,-0.17487468072031398,-0.2517664611131645,-0.050000000000000044,-0.07687499999999997,-0.1871009676473463,-0.09999999999999987
cx0.25_cy0.75_layoutA,0.05,x,0.05,family_pair,spatial_shift,diffuse_blur,spatial_shift_x_js_0.05,diffuse_blur_js_0.05,1,1,True,True,0.15313148126351572,0.3021593828258853,0.09999999999999987,0.09187500000000004,0.033189544317410835,0.04999999999999982
cx0.25_cy0.75_layoutA,0.05,x,0.05,family_pair,spatial_shift,false_hotspot,spatial_shift_x_js_0.05,false_hotspot_x_js_0.05,1,1,True,True,0.0658662632512741,0.11266654870921711,0.1499999999999999,-0.011249999999999982,-0.04758133395450015,-0.050000000000000044
cx0.25_cy0.75_layoutA,0.05,x,0.05,family_pair,spatial_shift,false_negative_suppression,spatial_shift_x_js_0.05,false_negative_suppression_x_js_0.05,1,1,True,True,0.17885315854139872,0.3283862818400056,0.19999999999999996,0.10437500000000005,-0.06699192059648595,0.04999999999999982
cx0.25_cy0.75_layoutA,0.05,x,0.05,family_pair,diffuse_blur,false_hotspot,diffuse_blur_js_0.05,false_hotspot_x_js_0.05,1,1,True,True,-0.08726521801224163,-0.18949283411666817,0.050000000000000044,-0.10312500000000002,-0.08077087827191098,-0.09999999999999987
cx0.25_cy0.75_layoutA,0.05,x,0.05,family_pair,diffuse_blur,false_negative_suppression,diffuse_blur_js_0.05,false_negative_suppression_x_js_0.05,1,1,True,True,0.025721677277882993,0.026226899014120342,0.10000000000000009,0.012500000000000011,-0.10018146491389679,0.0
cx0.25_cy0.75_layoutA,0.05,x,0.05,family_pair,false_hotspot,false_negative_suppression,false_hotspot_x_js_0.05,false_negative_suppression_x_js_0.05,1,1,True,True,0.11298689529012462,0.21571973313078852,0.050000000000000044,0.11562500000000003,-0.019410586641985805,0.09999999999999987
cx0.25_cy0.75_layoutA,0.05,y,0.05,error_minus_oracle,spatial_shift,oracle,spatial_shift_y_js_0.05,oracle,1,1,True,True,-0.06973411065721602,-0.12247663323967739,0.0,0.009375000000000133,-0.07032848232848288,0.40000000000000013
cx0.25_cy0.75_layoutA,0.05,y,0.05,error_minus_oracle,diffuse_blur,oracle,diffuse_blur_js_0.05,oracle,1,1,True,True,-0.149153003442431,-0.22553956209904413,0.050000000000000044,-0.06437499999999996,-0.2872824325612431,-0.09999999999999987
cx0.25_cy0.75_layoutA,0.05,y,0.05,error_minus_oracle,false_hotspot,oracle,false_hotspot_y_js_0.05,oracle,1,1,True,True,-0.24864858566818226,-0.13005188683924018,0.050000000000000044,-0.07,-0.07039425486793904,0.050000000000000044
cx0.25_cy0.75_layoutA,0.05,y,0.05,error_minus_oracle,false_negative_suppression,oracle,false_negative_suppression_y_js_0.05,oracle,1,1,True,True,-0.113223234373788,-0.2165312884613455,0.0,-0.05062499999999992,-0.3155479261390002,-0.09999999999999987
cx0.25_cy0.75_layoutA,0.05,y,0.05,family_pair,spatial_shift,diffuse_blur,spatial_shift_y_js_0.05,diffuse_blur_js_0.05,1,1,True,True,0.07941889278521497,0.10306292885936674,-0.050000000000000044,0.0737500000000001,0.2169539502327602,0.5
cx0.25_cy0.75_layoutA,0.05,y,0.05,family_pair,spatial_shift,false_hotspot,spatial_shift_y_js_0.05,false_hotspot_y_js_0.05,1,1,True,True,0.17891447501096625,0.007575253599562792,-0.050000000000000044,0.07937500000000014,6.57725394561659e-05,0.3500000000000001
cx0.25_cy0.75_layoutA,0.05,y,0.05,family_pair,spatial_shift,false_negative_suppression,spatial_shift_y_js_0.05,false_negative_suppression_y_js_0.05,1,1,True,True,0.04348912371657199,0.09405465522166812,0.0,0.06000000000000005,0.2452194438105173,0.5
cx0.25_cy0.75_layoutA,0.05,y,0.05,family_pair,diffuse_blur,false_hotspot,diffuse_blur_js_0.05,false_hotspot_y_js_0.05,1,1,True,True,0.09949558222575128,-0.09548767525980395,0.0,0.005625000000000047,-0.21688817769330404,-0.1499999999999999
cx0.25_cy0.75_layoutA,0.05,y,0.05,family_pair,diffuse_blur,false_negative_suppression,diffuse_blur_js_0.05,false_negative_suppression_y_js_0.05,1,1,True,True,-0.03592976906864298,-0.009008273637698627,0.050000000000000044,-0.01375000000000004,0.028265493577757095,0.0
cx0.25_cy0.75_layoutA,0.05,y,0.05,family_pair,false_hotspot,false_negative_suppression,false_hotspot_y_js_0.05,false_negative_suppression_y_js_0.05,1,1,True,True,-0.13542535129439426,0.08647940162210532,0.050000000000000044,-0.019375000000000087,0.24515367127106114,0.1499999999999999
cx0.25_cy0.75_layoutA,0.05,x,0.1,error_minus_oracle,spatial_shift,oracle,spatial_shift_x_js_0.1,oracle,1,1,True,True,0.006084757234406268,0.17024921174999985,0.44999999999999996,0.032500000000000195,-0.2519334719334725,0.0
cx0.25_cy0.75_layoutA,0.05,x,0.1,error_minus_oracle,diffuse_blur,oracle,diffuse_blur_js_0.1,oracle,1,1,True,True,-0.15087742646480007,0.1454888419472684,0.5,-0.05187499999999989,-0.27282392335596706,0.30000000000000004
cx0.25_cy0.75_layoutA,0.05,x,0.1,error_minus_oracle,false_hotspot,oracle,false_hotspot_x_js_0.1,oracle,1,1,True,True,-0.1294008364463468,0.8645446430622252,1.35,-0.03749999999999987,-0.14574660633484227,0.0
cx0.25_cy0.75_layoutA,0.05,x,0.1,error_minus_oracle,false_negative_suppression,oracle,false_negative_suppression_x_js_0.1,oracle,1,1,True,True,-0.127096140006131,0.020184812379801187,0.25,-0.05249999999999999,-0.21509498975600705,0.10000000000000009
cx0.25_cy0.75_layoutA,0.05,x,0.1,family_pair,spatial_shift,diffuse_blur,spatial_shift_x_js_0.1,diffuse_blur_js_0.1,1,1,True,True,0.15696218369920634,0.02476036980273144,-0.050000000000000044,0.08437500000000009,0.02089045142249457,-0.30000000000000004
cx0.25_cy0.75_layoutA,0.05,x,0.1,family_pair,spatial_shift,false_hotspot,spatial_shift_x_js_0.1,false_hotspot_x_js_0.1,1,1,True,True,0.13548559368075308,-0.6942954313122254,-0.9000000000000001,0.07000000000000006,-0.10618686559863022,0.0
cx0.25_cy0.75_layoutA,0.05,x,0.1,family_pair,spatial_shift,false_negative_suppression,spatial_shift_x_js_0.1,false_negative_suppression_x_js_0.1,1,1,True,True,0.13318089724053728,0.15006439937019866,0.19999999999999996,0.08500000000000019,-0.03683848217746544,-0.10000000000000009
cx0.25_cy0.75_layoutA,0.05,x,0.1,family_pair,diffuse_blur,false_hotspot,diffuse_blur_js_0.1,false_hotspot_x_js_0.1,1,1,True,True,-0.021476590018453257,-0.7190558011149568,-0.8500000000000001,-0.014375000000000027,-0.1270773170211248,0.30000000000000004
cx0.25_cy0.75_layoutA,0.05,x,0.1,family_pair,diffuse_blur,false_negative_suppression,diffuse_blur_js_0.1,false_negative_suppression_x_js_0.1,1,1,True,True,-0.02378128645866906,0.12530402956746722,0.25,0.0006250000000000977,-0.05772893359996001,0.19999999999999996
cx0.25_cy0.75_layoutA,0.05,x,0.1,family_pair,false_hotspot,false_negative_suppression,false_hotspot_x_js_0.1,false_negative_suppression_x_js_0.1,1,1,True,True,-0.0023046964402158032,0.844359830682424,1.1,0.015000000000000124,0.06934838342116478,-0.10000000000000009
cx0.25_cy0.75_layoutA,0.05,y,0.1,error_minus_oracle,spatial_shift,oracle,spatial_shift_y_js_0.1,oracle,1,1,True,True,-0.09950621227407819,-0.15507426152764836,0.0,0.010625000000000107,-0.069436561281222,0.44999999999999996
cx0.25_cy0.75_layoutA,0.05,y,0.1,error_minus_oracle,diffuse_blur,oracle,diffuse_blur_js_0.1,oracle,1,1,True,True,-0.15087742646480007,0.1454888419472684,0.5,-0.05187499999999989,-0.27282392335596706,0.30000000000000004
cx0.25_cy0.75_layoutA,0.05,y,0.1,error_minus_oracle,false_hotspot,oracle,false_hotspot_y_js_0.1,oracle,1,1,True,True,-0.3472081924358562,0.6961933304465875,1.35,-0.06687500000000002,0.11020021074815611,1.1500000000000001
cx0.25_cy0.75_layoutA,0.05,y,0.1,error_minus_oracle,false_negative_suppression,oracle,false_negative_suppression_y_js_0.1,oracle,1,1,True,True,-0.07587311092924787,0.08868912783785854,0.44999999999999996,-0.01937499999999992,-0.36573991423820784,0.19999999999999996
cx0.25_cy0.75_layoutA,0.05,y,0.1,family_pair,spatial_shift,diffuse_blur,spatial_shift_y_js_0.1,diffuse_blur_js_0.1,1,1,True,True,0.05137121419072188,-0.30056310347491677,-0.5,0.0625,0.20338736207474506,0.1499999999999999
cx0.25_cy0.75_layoutA,0.05,y,0.1,family_pair,spatial_shift,false_hotspot,spatial_shift_y_js_0.1,false_hotspot_y_js_0.1,1,1,True,True,0.24770198016177802,-0.8512675919742358,-1.35,0.07750000000000012,-0.1796367720293781,-0.7000000000000002
cx0.25_cy0.75_layoutA,0.05,y,0.1,family_pair,spatial_shift,false_negative_suppression,spatial_shift_y_js_0.1,false_negative_suppression_y_js_0.1,1,1,True,True,-0.02363310134483032,-0.2437633893655069,-0.44999999999999996,0.030000000000000027,0.29630335295698584,0.25
cx0.25_cy0.75_layoutA,0.05,y,0.1,family_pair,diffuse_blur,false_hotspot,diffuse_blur_js_0.1,false_hotspot_y_js_0.1,1,1,True,True,0.19633076597105614,-0.5507044884993191,-0.8500000000000001,0.015000000000000124,-0.38302413410412317,-0.8500000000000001
cx0.25_cy0.75_layoutA,0.05,y,0.1,family_pair,diffuse_blur,false_negative_suppression,diffuse_blur_js_0.1,false_negative_suppression_y_js_0.1,1,1,True,True,-0.0750043155355522,0.05679971410940987,0.050000000000000044,-0.03249999999999997,0.09291599088224078,0.10000000000000009
cx0.25_cy0.75_layoutA,0.05,y,0.1,family_pair,false_hotspot,false_negative_suppression,false_hotspot_y_js_0.1,false_negative_suppression_y_js_0.1,1,1,True,True,-0.27133508150660834,0.607504202608729,0.9000000000000001,-0.0475000000000001,0.47594012498636395,0.9500000000000002
cx0.25_cy0.75_layoutA,0.05,x,0.15,error_minus_oracle,spatial_shift,oracle,spatial_shift_x_js_0.15,oracle,1,1,True,True,-0.024639576291136445,0.22742459119040048,0.7,0.021250000000000102,-0.27710316166883997,-0.050000000000000044
cx0.25_cy0.75_layoutA,0.05,x,0.15,error_minus_oracle,diffuse_blur,oracle,diffuse_blur_js_0.15,oracle,1,1,True,True,-0.2513404207565052,0.9414025981221821,1.5500000000000003,-0.03874999999999995,-0.00957637880986928,0.9000000000000001
cx0.25_cy0.75_layoutA,0.05,x,0.15,error_minus_oracle,false_hotspot,oracle,false_hotspot_x_js_0.15,oracle,1,1,True,True,-0.2364130545271963,0.969980139697586,1.75,-0.06624999999999992,-0.19230864906238043,-0.19999999999999996
cx0.25_cy0.75_layoutA,0.05,x,0.15,error_minus_oracle,false_negative_suppression,oracle,false_negative_suppression_x_js_0.15,oracle,1,1,True,True,-0.06021777303116882,0.5535672682242851,0.6000000000000001,-0.013124999999999831,-0.0061356753482746385,0.44999999999999996
cx0.25_cy0.75_layoutA,0.05,x,0.15,family_pair,spatial_shift,diffuse_blur,spatial_shift_x_js_0.15,diffuse_blur_js_0.15,1,1,True,True,0.22670084446536876,-0.7139780069317816,-0.8500000000000003,0.06000000000000005,-0.2675267828589707,-0.9500000000000002
cx0.25_cy0.75_layoutA,0.05,x,0.15,family_pair,spatial_shift,false_hotspot,spatial_shift_x_js_0.15,false_hotspot_x_js_0.15,1,1,True,True,0.21177347823605985,-0.7425555485071855,-1.05,0.08750000000000002,-0.08479451260645954,0.1499999999999999
cx0.25_cy0.75_layoutA,0.05,x,0.15,family_pair,spatial_shift,false_negative_suppression,spatial_shift_x_js_0.15,false_negative_suppression_x_js_0.15,1,1,True,True,0.035578196740032375,-0.32614267703388466,0.09999999999999987,0.03437499999999993,-0.27096748632056533,-0.5
cx0.25_cy0.75_layoutA,0.05,x,0.15,family_pair,diffuse_blur,false_hotspot,diffuse_blur_js_0.15,false_hotspot_x_js_0.15,1,1,True,True,-0.014927366229308903,-0.02857754157540393,-0.19999999999999973,0.02749999999999997,0.18273227025251115,1.1
cx0.25_cy0.75_layoutA,0.05,x,0.15,family_pair,diffuse_blur,false_negative_suppression,diffuse_blur_js_0.15,false_negative_suppression_x_js_0.15,1,1,True,True,-0.19112264772533638,0.38783532989789693,0.9500000000000002,-0.02562500000000012,-0.003440703461594641,0.4500000000000002
cx0.25_cy0.75_layoutA,0.05,x,0.15,family_pair,false_hotspot,false_negative_suppression,false_hotspot_x_js_0.15,false_negative_suppression_x_js_0.15,1,1,True,True,-0.17619528149602748,0.41641287147330086,1.15,-0.05312500000000009,-0.1861729737141058,-0.6499999999999999
cx0.25_cy0.75_layoutA,0.05,y,0.15,error_minus_oracle,spatial_shift,oracle,spatial_shift_y_js_0.15,oracle,1,1,True,True,-0.14306076253425393,-0.13247133352813045,0.050000000000000044,0.003750000000000142,-0.06538377561303355,0.5
cx0.25_cy0.75_layoutA,0.05,y,0.15,error_minus_oracle,diffuse_blur,oracle,diffuse_blur_js_0.15,oracle,1,1,True,True,-0.2513404207565052,0.9414025981221821,1.5500000000000003,-0.03874999999999995,-0.00957637880986928,0.9000000000000001
cx0.25_cy0.75_layoutA,0.05,y,0.15,error_minus_oracle,false_hotspot,oracle,false_hotspot_y_js_0.15,oracle,1,1,True,True,-0.3131908747404155,1.2128732351788312,1.9,-0.03499999999999992,0.18921275445865593,1.5000000000000002
cx0.25_cy0.75_layoutA,0.05,y,0.15,error_minus_oracle,false_negative_suppression,oracle,false_negative_suppression_y_js_0.15,oracle,1,1,True,True,-0.07192256166476607,0.25163221104782596,0.6499999999999999,-0.016249999999999876,-0.3246266968325793,0.3500000000000001
cx0.25_cy0.75_layoutA,0.05,y,0.15,family_pair,spatial_shift,diffuse_blur,spatial_shift_y_js_0.15,diffuse_blur_js_0.15,1,1,True,True,0.10827965822225127,-1.0738739316503125,-1.5000000000000002,0.04250000000000009,-0.055807396803164266,-0.40000000000000013
cx0.25_cy0.75_layoutA,0.05,y,0.15,family_pair,spatial_shift,false_hotspot,spatial_shift_y_js_0.15,false_hotspot_y_js_0.15,1,1,True,True,0.1701301122061616,-1.3453445687069616,-1.8499999999999999,0.03875000000000006,-0.2545965300716895,-1.0000000000000002
cx0.25_cy0.75_layoutA,0.05,y,0.15,family_pair,spatial_shift,false_negative_suppression,spatial_shift_y_js_0.15,false_negative_suppression_y_js_0.15,1,1,True,True,-0.07113820086948786,-0.3841035445759564,-0.5999999999999999,0.020000000000000018,0.25924292121954573,0.1499999999999999
cx0.25_cy0.75_layoutA,0.05,y,0.15,family_pair,diffuse_blur,false_hotspot,diffuse_blur_js_0.15,false_hotspot_y_js_0.15,1,1,True,True,0.061850453983910314,-0.2714706370566491,-0.34999999999999964,-0.003750000000000031,-0.1987891332685252,-0.6000000000000001
cx0.25_cy0.75_layoutA,0.05,y,0.15,family_pair,diffuse_blur,false_negative_suppression,diffuse_blur_js_0.15,false_negative_suppression_y_js_0.15,1,1,True,True,-0.17941785909173913,0.6897703870743561,0.9000000000000004,-0.022500000000000075,0.31505031802271,0.55
cx0.25_cy0.75_layoutA,0.05,y,0.15,family_pair,false_hotspot,false_negative_suppression,false_hotspot_y_js_0.15,false_negative_suppression_y_js_0.15,1,1,True,True,-0.24126831307564944,0.9612410241310052,1.25,-0.018750000000000044,0.5138394512912352,1.1500000000000001
cx0.25_cy0.75_layoutB,0.1,shared,,baseline_minus_oracle,uniform_prior_baseline,oracle,uniform_prior_baseline,oracle,1,1,True,True,-0.43488004399281993,-0.0830815857356697,1.15,-0.25718015665796345,-0.7942742098595899,-0.8500000000000001
cx0.25_cy0.75_layoutB,0.1,x,0.05,error_minus_oracle,spatial_shift,oracle,spatial_shift_x_js_0.05,oracle,1,1,True,True,0.07853093691094148,-0.22287915343487263,0.9500000000000002,-0.1533942558746737,-0.7126507542853924,-1.0500000000000003
cx0.25_cy0.75_layoutB,0.1,x,0.05,error_minus_oracle,diffuse_blur,oracle,diffuse_blur_js_0.05,oracle,1,1,True,True,0.07837162814047038,-0.24854637330044005,0.9500000000000002,-0.1501305483028721,-0.8287364890449385,-1.0500000000000003
cx0.25_cy0.75_layoutB,0.1,x,0.05,error_minus_oracle,false_hotspot,oracle,false_hotspot_x_js_0.05,oracle,1,1,True,True,0.07868865042832163,-0.25691021407845716,0.9500000000000002,-0.15274151436031336,-0.8640637563873108,-1.0500000000000003
cx0.25_cy0.75_layoutB,0.1,x,0.05,error_minus_oracle,false_negative_suppression,oracle,false_negative_suppression_x_js_0.05,oracle,1,1,True,True,0.08156758752349436,-0.17693977334506572,0.9500000000000002,-0.13054830287206265,-0.7161899446682383,-1.0
cx0.25_cy0.75_layoutB,0.1,x,0.05,family_pair,spatial_shift,diffuse_blur,spatial_shift_x_js_0.05,diffuse_blur_js_0.05,1,1,True,True,0.00015930877047110048,0.025667219865567414,0.0,-0.0032637075718016106,0.11608573475954609,0.0
cx0.25_cy0.75_layoutB,0.1,x,0.05,family_pair,spatial_shift,false_hotspot,spatial_shift_x_js_0.05,false_hotspot_x_js_0.05,1,1,True,True,-0.0001577135173801425,0.03403106064358452,0.0,-0.0006527415143603443,0.15141300210191844,0.0
cx0.25_cy0.75_layoutB,0.1,x,0.05,family_pair,spatial_shift,false_negative_suppression,spatial_shift_x_js_0.05,false_negative_suppression_x_js_0.05,1,1,True,True,-0.0030366506125528714,-0.045939380089806914,0.0,-0.022845953002611052,0.0035391903828458915,-0.050000000000000266
cx0.25_cy0.75_layoutB,0.1,x,0.05,family_pair,diffuse_blur,false_hotspot,diffuse_blur_js_0.05,false_hotspot_x_js_0.05,1,1,True,True,-0.000317022287851243,0.008363840778017106,0.0,0.0026109660574412663,0.03532726734237235,0.0
cx0.25_cy0.75_layoutB,0.1,x,0.05,family_pair,diffuse_blur,false_negative_suppression,diffuse_blur_js_0.05,false_negative_suppression_x_js_0.05,1,1,True,True,-0.003195959383023972,-0.07160659995537433,0.0,-0.019582245430809442,-0.1125465443767002,-0.050000000000000266
cx0.25_cy0.75_layoutB,0.1,x,0.05,family_pair,false_hotspot,false_negative_suppression,false_hotspot_x_js_0.05,false_negative_suppression_x_js_0.05,1,1,True,True,-0.002878937095172729,-0.07997044073339143,0.0,-0.022193211488250708,-0.14787381171907255,-0.050000000000000266
cx0.25_cy0.75_layoutB,0.1,y,0.05,error_minus_oracle,spatial_shift,oracle,spatial_shift_y_js_0.05,oracle,1,1,True,True,0.07595193821615498,0.027560764634312562,0.19999999999999996,-0.020234986945169786,-0.12245271573581906,-0.30000000000000027
cx0.25_cy0.75_layoutB,0.1,y,0.05,error_minus_oracle,diffuse_blur,oracle,diffuse_blur_js_0.05,oracle,1,1,True,True,0.07837162814047038,-0.24854637330044005,0.9500000000000002,-0.1501305483028721,-0.8287364890449385,-1.0500000000000003
cx0.25_cy0.75_layoutB,0.1,y,0.05,error_minus_oracle,false_hotspot,oracle,false_hotspot_y_js_0.05,oracle,1,1,True,True,0.06082091150498148,-0.18917014339294624,0.9500000000000002,-0.13120104438642288,-0.6896923869276148,-0.9500000000000002
cx0.25_cy0.75_layoutB,0.1,y,0.05,error_minus_oracle,false_negative_suppression,oracle,false_negative_suppression_y_js_0.05,oracle,1,1,True,True,0.07592021680613648,-0.18033818310758853,1.0,-0.14947780678851175,-0.8263301787253061,-1.0500000000000003
cx0.25_cy0.75_layoutB,0.1,y,0.05,family_pair,spatial_shift,diffuse_blur,spatial_shift_y_js_0.05,diffuse_blur_js_0.05,1,1,True,True,-0.0024196899243154046,0.2761071379347526,-0.7500000000000002,0.1298955613577023,0.7062837733091194,0.75
cx0.25_cy0.75_layoutB,0.1,y,0.05,family_pair,spatial_shift,false_hotspot,spatial_shift_y_js_0.05,false_hotspot_y_js_0.05,1,1,True,True,0.0151310267111735,0.2167309080272588,-0.7500000000000002,0.1109660574412531,0.5672396711917957,0.6499999999999999
cx0.25_cy0.75_layoutB,0.1,y,0.05,family_pair,spatial_shift,false_negative_suppression,spatial_shift_y_js_0.05,false_negative_suppression_y_js_0.05,1,1,True,True,3.1721410018503704e-05,0.2078989477419011,-0.8,0.12924281984334196,0.7038774629894871,0.75
cx0.25_cy0.75_layoutB,0.1,y,0.05,family_pair,diffuse_blur,false_hotspot,diffuse_blur_js_0.05,false_hotspot_y_js_0.05,1,1,True,True,0.017550716635488905,-0.059376229907493805,0.0,-0.01892950391644921,-0.13904410211732365,-0.10000000000000009
cx0.25_cy0.75_layoutB,0.1,y,0.05,family_pair,diffuse_blur,false_negative_suppression,diffuse_blur_js_0.05,false_negative_suppression_y_js_0.05,1,1,True,True,0.0024514113343339083,-0.06820819019285151,-0.04999999999999982,-0.0006527415143603443,-0.002406310319632343,0.0
cx0.25_cy0.75_layoutB,0.1,y,0.05,family_pair,false_hotspot,false_negative_suppression,false_hotspot_y_js_0.05,false_negative_suppression_y_js_0.05,1,1,True,True,-0.015099305301154997,-0.00883196028535771,-0.04999999999999982,0.018276762402088864,0.1366377917976913,0.10000000000000009
cx0.25_cy0.75_layoutB,0.1,x,0.1,error_minus_oracle,spatial_shift,oracle,spatial_shift_x_js_0.1,oracle,1,1,True,True,0.04546028214783282,-0.25742093760360696,0.9500000000000002,-0.17819843342036545,-0.9055199350336043,-1.1500000000000001
cx0.25_cy0.75_layoutB,0.1,x,0.1,error_minus_oracle,diffuse_blur,oracle,diffuse_blur_js_0.1,oracle,1,1,True,True,-0.13382569035144842,-0.29269860769190625,0.8999999999999999,-0.22584856396866837,-0.8445015180926787,-1.1
cx0.25_cy0.75_layoutB,0.1,x,0.1,error_minus_oracle,false_hotspot,oracle,false_hotspot_x_js_0.1,oracle,1,1,True,True,0.08614251565621667,-0.1682026949031199,1.1,-0.1266318537859008,-0.8260016392901086,-1.0500000000000003
cx0.25_cy0.75_layoutB,0.1,x,0.1,error_minus_oracle,false_negative_suppression,oracle,false_negative_suppression_x_js_0.1,oracle,1,1,True,True,0.07657711820190849,-0.14396543614608603,0.9500000000000002,-0.12140992167101827,-0.664695211786372,-0.9000000000000004
cx0.25_cy0.75_layoutB,0.1,x,0.1,family_pair,spatial_shift,diffuse_blur,spatial_shift_x_js_0.1,diffuse_blur_js_0.1,1,1,True,True,0.17928597249928124,0.035277670088299296,0.050000000000000266,0.047650130548302916,-0.06101841694092558,-0.050000000000000044
cx0.25_cy0.75_layoutB,0.1,x,0.1,family_pair,spatial_shift,false_hotspot,spatial_shift_x_js_0.1,false_hotspot_x_js_0.1,1,1,True,True,-0.04068223350838385,-0.08921824270048706,-0.1499999999999999,-0.05156657963446465,-0.07951829574349567,-0.09999999999999987
cx0.25_cy0.75_layoutB,0.1,x,0.1,family_pair,spatial_shift,false_negative_suppression,spatial_shift_x_js_0.1,false_negative_suppression_x_js_0.1,1,1,True,True,-0.03111683605407567,-0.11345550145752092,0.0,-0.05678851174934718,-0.24082472324723225,-0.24999999999999978
cx0.25_cy0.75_layoutB,0.1,x,0.1,family_pair,diffuse_blur,false_hotspot,diffuse_blur_js_0.1,false_hotspot_x_js_0.1,1,1,True,True,-0.2199682060076651,-0.12449591278878636,-0.20000000000000018,-0.09921671018276756,-0.01849987880257009,-0.04999999999999982
cx0.25_cy0.75_layoutB,0.1,x,0.1,family_pair,diffuse_blur,false_negative_suppression,diffuse_blur_js_0.1,false_negative_suppression_x_js_0.1,1,1,True,True,-0.2104028085533569,-0.14873317154582022,-0.050000000000000266,-0.1044386422976501,-0.17980630630630667,-0.19999999999999973
cx0.25_cy0.75_layoutB,0.1,x,0.1,family_pair,false_hotspot,false_negative_suppression,false_hotspot_x_js_0.1,false_negative_suppression_x_js_0.1,1,1,True,True,0.009565397454308178,-0.024237258757033864,0.1499999999999999,-0.005221932114882533,-0.16130642750373658,-0.1499999999999999
cx0.25_cy0.75_layoutB,0.1,y,0.1,error_minus_oracle,spatial_shift,oracle,spatial_shift_y_js_0.1,oracle,1,0,False,True,,,,,,
cx0.25_cy0.75_layoutB,0.1,y,0.1,error_minus_oracle,diffuse_blur,oracle,diffuse_blur_js_0.1,oracle,1,1,True,True,-0.13382569035144842,-0.29269860769190625,0.8999999999999999,-0.22584856396866837,-0.8445015180926787,-1.1
cx0.25_cy0.75_layoutB,0.1,y,0.1,error_minus_oracle,false_hotspot,oracle,false_hotspot_y_js_0.1,oracle,1,1,True,True,-0.07357664100038197,0.0872666849563477,1.25,-0.18080939947780683,-0.39668923733231276,-0.5
cx0.25_cy0.75_layoutB,0.1,y,0.1,error_minus_oracle,false_negative_suppression,oracle,false_negative_suppression_y_js_0.1,oracle,1,1,True,True,0.04315481924032971,-0.16452618420361764,0.9500000000000002,-0.15535248041775462,-0.7957738281385724,-1.1
cx0.25_cy0.75_layoutB,0.1,y,0.1,family_pair,spatial_shift,diffuse_blur,spatial_shift_y_js_0.1,diffuse_blur_js_0.1,1,0,False,True,,,,,,
cx0.25_cy0.75_layoutB,0.1,y,0.1,family_pair,spatial_shift,false_hotspot,spatial_shift_y_js_0.1,false_hotspot_y_js_0.1,1,0,False,True,,,,,,
cx0.25_cy0.75_layoutB,0.1,y,0.1,family_pair,spatial_shift,false_negative_suppression,spatial_shift_y_js_0.1,false_negative_suppression_y_js_0.1,1,0,False,True,,,,,,
cx0.25_cy0.75_layoutB,0.1,y,0.1,family_pair,diffuse_blur,false_hotspot,diffuse_blur_js_0.1,false_hotspot_y_js_0.1,1,1,True,True,-0.06024904935106645,-0.37996529264825396,-0.3500000000000001,-0.04503916449086154,-0.44781228076036594,-0.6000000000000001
cx0.25_cy0.75_layoutB,0.1,y,0.1,family_pair,diffuse_blur,false_negative_suppression,diffuse_blur_js_0.1,false_negative_suppression_y_js_0.1,1,1,True,True,-0.17698050959177813,-0.1281724234882886,-0.050000000000000266,-0.07049608355091375,-0.04872768995410626,0.0
cx0.25_cy0.75_layoutB,0.1,y,0.1,family_pair,false_hotspot,false_negative_suppression,false_hotspot_y_js_0.1,false_negative_suppression_y_js_0.1,1,1,True,True,-0.11673146024071168,0.25179286915996535,0.2999999999999998,-0.025456919060052208,0.3990845908062597,0.6000000000000001
cx0.25_cy0.75_layoutB,0.1,x,0.15,error_minus_oracle,spatial_shift,oracle,spatial_shift_x_js_0.15,oracle,1,1,True,True,-0.0027917279600438993,-0.265523322062057,0.9500000000000002,-0.18146214099216706,-0.8799567629414873,-1.2000000000000002
cx0.25_cy0.75_layoutB,0.1,x,0.15,error_minus_oracle,diffuse_blur,oracle,diffuse_blur_js_0.15,oracle,1,1,True,True,-0.26385669737075,-0.2530032915036915,0.9500000000000002,-0.2421671018276762,-0.8372278458190059,-1.0500000000000003
cx0.25_cy0.75_layoutB,0.1,x,0.15,error_minus_oracle,false_hotspot,oracle,false_hotspot_x_js_0.15,oracle,1,1,True,True,-0.038075200240410556,-0.01712326015215071,1.3000000000000003,-0.17036553524804177,-0.9259224845136447,-1.1
cx0.25_cy0.75_layoutB,0.1,x,0.15,error_minus_oracle,false_negative_suppression,oracle,false_negative_suppression_x_js_0.15,oracle,1,1,True,True,0.06971116449264059,-0.14142381554342798,0.9500000000000002,-0.11031331592689297,-0.6419920129495851,-0.9000000000000004
cx0.25_cy0.75_layoutB,0.1,x,0.15,family_pair,spatial_shift,diffuse_blur,spatial_shift_x_js_0.15,diffuse_blur_js_0.15,1,1,True,True,0.2610649694107061,-0.01252003055836548,0.0,0.060704960835509136,-0.04272891712248139,-0.1499999999999999
cx0.25_cy0.75_layoutB,0.1,x,0.15,family_pair,spatial_shift,false_hotspot,spatial_shift_x_js_0.15,false_hotspot_x_js_0.15,1,1,True,True,0.03528347228036666,-0.24840006190990627,-0.3500000000000001,-0.011096605744125299,0.04596572157215739,-0.10000000000000009
cx0.25_cy0.75_layoutB,0.1,x,0.15,family_pair,spatial_shift,false_negative_suppression,spatial_shift_x_js_0.15,false_negative_suppression_x_js_0.15,1,1,True,True,-0.07250289245268449,-0.124099506518629,0.0,-0.07114882506527409,-0.2379647499919022,-0.2999999999999998
cx0.25_cy0.75_layoutB,0.1,x,0.15,family_pair,diffuse_blur,false_hotspot,diffuse_blur_js_0.15,false_hotspot_x_js_0.15,1,1,True,True,-0.22578149713033946,-0.2358800313515408,-0.3500000000000001,-0.07180156657963443,0.08869463869463878,0.04999999999999982
cx0.25_cy0.75_layoutB,0.1,x,0.15,family_pair,diffuse_blur,false_negative_suppression,diffuse_blur_js_0.15,false_negative_suppression_x_js_0.15,1,1,True,True,-0.3335678618633906,-0.11157947596026352,0.0,-0.13185378590078323,-0.1952358328694208,-0.1499999999999999
cx0.25_cy0.75_layoutB,0.1,x,0.15,family_pair,false_hotspot,false_negative_suppression,false_hotspot_x_js_0.15,false_negative_suppression_x_js_0.15,1,1,True,True,-0.10778636473305114,0.12430055539127727,0.3500000000000001,-0.06005221932114879,-0.2839304715640596,-0.19999999999999973
cx0.25_cy0.75_layoutB,0.1,y,0.15,error_minus_oracle,spatial_shift,oracle,spatial_shift_y_js_0.15,oracle,1,1,True,True,-0.2987777861109667,0.12031669629519781,0.3999999999999999,-0.24086161879895562,-0.14393440286029113,0.0
cx0.25_cy0.75_layoutB,0.1,y,0.15,error_minus_oracle,diffuse_blur,oracle,diffuse_blur_js_0.15,oracle,1,1,True,True,-0.26385669737075,-0.2530032915036915,0.9500000000000002,-0.2421671018276762,-0.8372278458190059,-1.0500000000000003
cx0.25_cy0.75_layoutB,0.1,y,0.15,error_minus_oracle,false_hotspot,oracle,false_hotspot_y_js_0.15,oracle,1,1,True,True,-0.126146318662967,1.160184987572824,2.65,-0.21344647519582238,0.008833773720873683,0.6000000000000001
cx0.25_cy0.75_layoutB,0.1,y,0.15,error_minus_oracle,false_negative_suppression,oracle,false_negative_suppression_y_js_0.15,oracle,1,1,True,True,-0.0033065278033247436,-0.18375602710221717,0.8999999999999999,-0.17036553524804177,-0.8004679390590992,-1.1500000000000001
cx0.25_cy0.75_layoutB,0.1,y,0.15,family_pair,spatial_shift,diffuse_blur,spatial_shift_y_js_0.15,diffuse_blur_js_0.15,1,1,True,True,-0.03492108874021671,0.3733199877988893,-0.5500000000000003,0.0013054830287205776,0.6932934429587148,1.0500000000000003
cx0.25_cy0.75_layoutB,0.1,y,0.15,family_pair,spatial_shift,false_hotspot,spatial_shift_y_js_0.15,false_hotspot_y_js_0.15,1,1,True,True,-0.17263146744799973,-1.0398682912776263,-2.25,-0.02741514360313324,-0.15276817658116482,-0.6000000000000001
cx0.25_cy0.75_layoutB,0.1,y,0.15,family_pair,spatial_shift,false_negative_suppression,spatial_shift_y_js_0.15,false_negative_suppression_y_js_0.15,1,1,True,True,-0.295471258307642,0.304072723397415,-0.5,-0.07049608355091386,0.656533536198808,1.1500000000000001
cx0.25_cy0.75_layoutB,0.1,y,0.15,family_pair,diffuse_blur,false_hotspot,diffuse_blur_js_0.15,false_hotspot_y_js_0.15,1,1,True,True,-0.13771037870778302,-1.4131882790765156,-1.6999999999999997,-0.02872062663185382,-0.8460616195398796,-1.6500000000000004
cx0.25_cy0.75_layoutB,0.1,y,0.15,family_pair,diffuse_blur,false_negative_suppression,diffuse_blur_js_0.15,false_negative_suppression_y_js_0.15,1,1,True,True,-0.26055016956742527,-0.06924726440147433,0.050000000000000266,-0.07180156657963443,-0.0367599067599067,0.09999999999999987
cx0.25_cy0.75_layoutB,0.1,y,0.15,family_pair,false_hotspot,false_negative_suppression,false_hotspot_y_js_0.15,false_negative_suppression_y_js_0.15,1,1,True,True,-0.12283979085964225,1.3439410146750412,1.75,-0.043080939947780617,0.8093017127799729,1.7500000000000002
cx0.25_cy0.75_layoutB,0.05,shared,,baseline_minus_oracle,uniform_prior_baseline,oracle,uniform_prior_baseline,oracle,1,1,True,True,-0.42932527474329063,0.38216254746696743,1.85,-0.24804177545691908,-1.046641251418738,-0.7999999999999998
cx0.25_cy0.75_layoutB,0.05,x,0.05,error_minus_oracle,spatial_shift,oracle,spatial_shift_x_js_0.05,oracle,1,1,True,True,0.045463923605148726,-0.4953630726404459,0.0,0.0013054830287205776,-0.2925836597957008,-0.25
cx0.25_cy0.75_layoutB,0.05,x,0.05,error_minus_oracle,diffuse_blur,oracle,diffuse_blur_js_0.05,oracle,1,1,True,True,-0.01736972237993273,0.31469349302016303,1.9500000000000002,-0.13838120104438645,-0.3583233290314829,-0.3500000000000001
cx0.25_cy0.75_layoutB,0.05,x,0.05,error_minus_oracle,false_hotspot,oracle,false_hotspot_x_js_0.05,oracle,1,1,True,True,0.03586603129242927,0.8101396809289807,2.5,-0.020234986945169786,-0.257512534635175,-0.3999999999999999
cx0.25_cy0.75_layoutB,0.05,x,0.05,error_minus_oracle,false_negative_suppression,oracle,false_negative_suppression_x_js_0.05,oracle,1,1,True,True,0.042029275365763286,0.16941549285976976,0.8500000000000001,-0.006527415143603221,-0.30885857969191255,-0.20000000000000018
cx0.25_cy0.75_layoutB,0.05,x,0.05,family_pair,spatial_shift,diffuse_blur,spatial_shift_x_js_0.05,diffuse_blur_js_0.05,1,1,True,True,0.06283364598508145,-0.8100565656606089,-1.9500000000000002,0.13968668407310703,0.06573966923578212,0.10000000000000009
cx0.25_cy0.75_layoutB,0.05,x,0.05,family_pair,spatial_shift,false_hotspot,spatial_shift_x_js_0.05,false_hotspot_x_js_0.05,1,1,True,True,0.009597892312719458,-1.3055027535694266,-2.5,0.021540469973890364,-0.035071125160525796,0.1499999999999999
cx0.25_cy0.75_layoutB,0.05,x,0.05,family_pair,spatial_shift,false_negative_suppression,spatial_shift_x_js_0.05,false_negative_suppression_x_js_0.05,1,1,True,True,0.0034346482393854405,-0.6647785655002156,-0.8500000000000001,0.007832898172323799,0.01627491989621177,-0.04999999999999982
cx0.25_cy0.75_layoutB,0.05,x,0.05,family_pair,diffuse_blur,false_hotspot,diffuse_blur_js_0.05,false_hotspot_x_js_0.05,1,1,True,True,-0.053235753672361996,-0.49544618790881767,-0.5499999999999998,-0.11814621409921666,-0.10081079439630791,0.04999999999999982
cx0.25_cy0.75_layoutB,0.05,x,0.05,family_pair,diffuse_blur,false_negative_suppression,diffuse_blur_js_0.05,false_negative_suppression_x_js_0.05,1,1,True,True,-0.059398997745696014,0.14527800016039327,1.1,-0.13185378590078323,-0.049464749339570346,-0.1499999999999999
cx0.25_cy0.75_layoutB,0.05,x,0.05,family_pair,false_hotspot,false_negative_suppression,false_hotspot_x_js_0.05,false_negative_suppression_x_js_0.05,1,1,True,True,-0.006163244073334018,0.6407241880692109,1.65,-0.013707571801566565,0.051346045056737566,-0.19999999999999973
cx0.25_cy0.75_layoutB,0.05,y,0.05,error_minus_oracle,spatial_shift,oracle,spatial_shift_y_js_0.05,oracle,1,1,True,True,0.03427071761899225,-0.5253350677241202,-0.050000000000000044,-0.008485639686684143,-0.3322451973314031,-0.5
cx0.25_cy0.75_layoutB,0.05,y,0.05,error_minus_oracle,diffuse_blur,oracle,diffuse_blur_js_0.05,oracle,1,1,True,True,-0.01736972237993273,0.31469349302016303,1.9500000000000002,-0.13838120104438645,-0.3583233290314829,-0.3500000000000001
cx0.25_cy0.75_layoutB,0.05,y,0.05,error_minus_oracle,false_hotspot,oracle,false_hotspot_y_js_0.05,oracle,1,1,True,True,-0.056545547273746166,0.3150420823040654,0.1499999999999999,-0.023498694516971397,-0.30269338062659257,-0.10000000000000009
cx0.25_cy0.75_layoutB,0.05,y,0.05,error_minus_oracle,false_negative_suppression,oracle,false_negative_suppression_y_js_0.05,oracle,1,1,True,True,-0.14268715333603543,-0.3146960358384274,-0.050000000000000044,-0.05026109660574418,-0.38120088674212305,-0.20000000000000018
cx0.25_cy0.75_layoutB,0.05,y,0.05,family_pair,spatial_shift,diffuse_blur,spatial_shift_y_js_0.05,diffuse_blur_js_0.05,1,1,True,True,0.05164043999892498,-0.8400285607442832,-2.0,0.1298955613577023,0.026078131700079776,-0.1499999999999999
cx0.25_cy0.75_layoutB,0.05,y,0.05,family_pair,spatial_shift,false_hotspot,spatial_shift_y_js_0.05,false_hotspot_y_js_0.05,1,1,True,True,0.09081626489273842,-0.8403771500281856,-0.19999999999999996,0.015013054830287254,-0.029551816704810552,-0.3999999999999999
cx0.25_cy0.75_layoutB,0.05,y,0.05,family_pair,spatial_shift,false_negative_suppression,spatial_shift_y_js_0.05,false_negative_suppression_y_js_0.05,1,1,True,True,0.17695787095502769,-0.21063903188569277,0.0,0.04177545691906004,0.04895568941071993,-0.2999999999999998
cx0.25_cy0.75_layoutB,0.05,y,0.05,family_pair,diffuse_blur,false_hotspot,diffuse_blur_js_0.05,false_hotspot_y_js_0.05,1,1,True,True,0.03917582489381344,-0.00034858928390235633,1.8000000000000003,-0.11488250652741505,-0.05562994840489033,-0.25
cx0.25_cy0.75_layoutB,0.05,y,0.05,family_pair,diffuse_blur,false_negative_suppression,diffuse_blur_js_0.05,false_negative_suppression_y_js_0.05,1,1,True,True,0.1253174309561027,0.6293895288585905,2.0,-0.08812010443864227,0.02287755771064015,-0.1499999999999999
cx0.25_cy0.75_layoutB,0.05,y,0.05,family_pair,false_hotspot,false_negative_suppression,false_hotspot_y_js_0.05,false_negative_suppression_y_js_0.05,1,1,True,True,0.08614160606228927,0.6297381181424928,0.19999999999999996,0.026762402088772785,0.07850750611553048,0.10000000000000009
cx0.25_cy0.75_layoutB,0.05,x,0.1,error_minus_oracle,spatial_shift,oracle,spatial_shift_x_js_0.1,oracle,1,1,True,True,-0.048325272081240156,-0.020220651874469198,1.0499999999999998,-0.21279373368146215,-0.696463957802588,-1.3
cx0.25_cy0.75_layoutB,0.05,x,0.1,error_minus_oracle,diffuse_blur,oracle,diffuse_blur_js_0.1,oracle,1,1,True,True,-0.15829497403002613,-0.14828981097673832,0.9500000000000002,-0.23629242819843332,-1.1673807969524082,-1.2000000000000002
cx0.25_cy0.75_layoutB,0.05,x,0.1,error_minus_oracle,false_hotspot,oracle,false_hotspot_x_js_0.1,oracle,1,1,True,True,-0.10949219974160052,0.19865581767199814,1.4500000000000002,-0.22062663185378595,-1.0629680803067894,-1.15
cx0.25_cy0.75_layoutB,0.05,x,0.1,error_minus_oracle,false_negative_suppression,oracle,false_negative_suppression_x_js_0.1,oracle,1,1,True,True,-0.013367747098946947,0.4024945299068432,2.35,-0.052219321148825104,-0.3338957095536035,-0.20000000000000018
cx0.25_cy0.75_layoutB,0.05,x,0.1,family_pair,spatial_shift,diffuse_blur,spatial_shift_x_js_0.1,diffuse_blur_js_0.1,1,1,True,True,0.10996970194878597,0.12806915910226913,0.09999999999999964,0.023498694516971175,0.4709168391498202,-0.09999999999999987
cx0.25_cy0.75_layoutB,0.05,x,0.1,family_pair,spatial_shift,false_hotspot,spatial_shift_x_js_0.1,false_hotspot_x_js_0.1,1,1,True,True,0.06116692766036036,-0.21887646954646733,-0.40000000000000036,0.007832898172323799,0.3665041225042014,-0.15000000000000013
cx0.25_cy0.75_layoutB,0.05,x,0.1,family_pair,spatial_shift,false_negative_suppression,spatial_shift_x_js_0.1,false_negative_suppression_x_js_0.1,1,1,True,True,-0.03495752498229321,-0.4227151817813124,-1.3000000000000003,-0.16057441253263705,-0.3625682482489845,-1.0999999999999999
cx0.25_cy0.75_layoutB,0.05,x,0.1,family_pair,diffuse_blur,false_hotspot,diffuse_blur_js_0.1,false_hotspot_x_js_0.1,1,1,True,True,-0.04880277428842561,-0.34694562864873646,-0.5,-0.015665796344647376,-0.1044127166456188,-0.050000000000000266
cx0.25_cy0.75_layoutB,0.05,x,0.1,family_pair,diffuse_blur,false_negative_suppression,diffuse_blur_js_0.1,false_negative_suppression_x_js_0.1,1,1,True,True,-0.14492722693107918,-0.5507843408835815,-1.4,-0.18407310704960822,-0.8334850873988047,-1.0
cx0.25_cy0.75_layoutB,0.05,x,0.1,family_pair,false_hotspot,false_negative_suppression,false_hotspot_x_js_0.1,false_negative_suppression_x_js_0.1,1,1,True,True,-0.09612445264265357,-0.20383871223484507,-0.8999999999999999,-0.16840731070496084,-0.7290723707531859,-0.9499999999999997
cx0.25_cy0.75_layoutB,0.05,y,0.1,error_minus_oracle,spatial_shift,oracle,spatial_shift_y_js_0.1,oracle,1,1,True,True,0.026943900123405973,0.5373614720582993,2.4,-0.0678851174934727,0.08581293706293813,-0.2999999999999998
cx0.25_cy0.75_layoutB,0.05,y,0.1,error_minus_oracle,diffuse_blur,oracle,diffuse_blur_js_0.1,oracle,1,1,True,True,-0.15829497403002613,-0.14828981097673832,0.9500000000000002,-0.23629242819843332,-1.1673807969524082,-1.2000000000000002
cx0.25_cy0.75_layoutB,0.05,y,0.1,error_minus_oracle,false_hotspot,oracle,false_hotspot_y_js_0.1,oracle,1,1,True,True,-0.030982510762000315,0.8031029394771254,2.85,0.028720626631853707,-0.09244042994042934,0.04999999999999982
cx0.25_cy0.75_layoutB,0.05,y,0.1,error_minus_oracle,false_negative_suppression,oracle,false_negative_suppression_y_js_0.1,oracle,1,1,True,True,-0.01661491791091052,0.031609371170878475,1.0,-0.176892950391645,-0.9749788727881508,-1.2000000000000002
cx0.25_cy0.75_layoutB,0.05,y,0.1,family_pair,spatial_shift,diffuse_blur,spatial_shift_y_js_0.1,diffuse_blur_js_0.1,1,1,True,True,0.1852388741534321,0.6856512830350376,1.4499999999999997,0.16840731070496062,1.2531937340153463,0.9000000000000004
cx0.25_cy0.75_layoutB,0.05,y,0.1,family_pair,spatial_shift,false_hotspot,spatial_shift_y_js_0.1,false_hotspot_y_js_0.1,1,1,True,True,0.05792641088540629,-0.2657414674188261,-0.4500000000000002,-0.09660574412532641,0.17825336700336747,-0.34999999999999964
cx0.25_cy0.75_layoutB,0.05,y,0.1,family_pair,spatial_shift,false_negative_suppression,spatial_shift_y_js_0.1,false_negative_suppression_y_js_0.1,1,1,True,True,0.04355881803431649,0.5057521008874208,1.4,0.10900783289817229,1.060791809851089,0.9000000000000004
cx0.25_cy0.75_layoutB,0.05,y,0.1,family_pair,diffuse_blur,false_hotspot,diffuse_blur_js_0.1,false_hotspot_y_js_0.1,1,1,True,True,-0.1273124632680258,-0.9513927504538637,-1.9,-0.26501305483028703,-1.0749403670119788,-1.25
cx0.25_cy0.75_layoutB,0.05,y,0.1,family_pair,diffuse_blur,false_negative_suppression,diffuse_blur_js_0.1,false_negative_suppression_y_js_0.1,1,1,True,True,-0.1416800561191156,-0.1798991821476168,-0.04999999999999982,-0.05939947780678834,-0.1924019241642574,0.0
cx0.25_cy0.75_layoutB,0.05,y,0.1,family_pair,false_hotspot,false_negative_suppression,false_hotspot_y_js_0.1,false_negative_suppression_y_js_0.1,1,1,True,True,-0.014367592851089794,0.7714935683062469,1.85,0.2056135770234987,0.8825384428477214,1.25
cx0.25_cy0.75_layoutB,0.05,x,0.15,error_minus_oracle,spatial_shift,oracle,spatial_shift_x_js_0.15,oracle,1,1,True,True,-0.04450228429948866,-0.03857418921772293,1.2000000000000002,-0.2056135770234987,-0.8761005128767487,-1.3
cx0.25_cy0.75_layoutB,0.05,x,0.15,error_minus_oracle,diffuse_blur,oracle,diffuse_blur_js_0.15,oracle,1,1,True,True,-0.2759166928560248,0.12420161788576412,1.15,-0.23498694516971286,-1.0753732874268578,-1.0
cx0.25_cy0.75_layoutB,0.05,x,0.15,error_minus_oracle,false_hotspot,oracle,false_hotspot_x_js_0.15,oracle,1,1,True,True,-0.26560923218031696,0.5087260997124594,1.85,-0.26762402088772846,-0.9729166269697602,-1.7000000000000002
cx0.25_cy0.75_layoutB,0.05,x,0.15,error_minus_oracle,false_negative_suppression,oracle,false_negative_suppression_x_js_0.15,oracle,1,1,True,True,-0.025290960205900048,0.6081010530573723,2.3000000000000003,-0.0900783289817233,-0.22126211263885098,-0.20000000000000018
cx0.25_cy0.75_layoutB,0.05,x,0.15,family_pair,spatial_shift,diffuse_blur,spatial_shift_x_js_0.15,diffuse_blur_js_0.15,1,1,True,True,0.23141440855653617,-0.16277580710348705,0.050000000000000266,0.029373368146214163,0.19927277455010906,-0.30000000000000004
cx0.25_cy0.75_layoutB,0.05,x,0.15,family_pair,spatial_shift,false_hotspot,spatial_shift_x_js_0.15,false_hotspot_x_js_0.15,1,1,True,True,0.2211069478808283,-0.5473002889301823,-0.6499999999999999,0.06201044386422977,0.0968161140930115,0.40000000000000013
cx0.25_cy0.75_layoutB,0.05,x,0.15,family_pair,spatial_shift,false_negative_suppression,spatial_shift_x_js_0.15,false_negative_suppression_x_js_0.15,1,1,True,True,-0.01921132409358861,-0.6466752422750952,-1.1,-0.1155352480417754,-0.6548384002378977,-1.0999999999999999
cx0.25_cy0.75_layoutB,0.05,x,0.15,family_pair,diffuse_blur,false_hotspot,diffuse_blur_js_0.15,false_hotspot_x_js_0.15,1,1,True,True,-0.010307460675707869,-0.3845244818266953,-0.7000000000000002,0.03263707571801561,-0.10245666045709756,0.7000000000000002
cx0.25_cy0.75_layoutB,0.05,x,0.15,family_pair,diffuse_blur,false_negative_suppression,diffuse_blur_js_0.15,false_negative_suppression_x_js_0.15,1,1,True,True,-0.2506257326501248,-0.48389943517160816,-1.1500000000000004,-0.14490861618798956,-0.8541111747880068,-0.7999999999999998
cx0.25_cy0.75_layoutB,0.05,x,0.15,family_pair,false_hotspot,false_negative_suppression,false_hotspot_x_js_0.15,false_negative_suppression_x_js_0.15,1,1,True,True,-0.2403182719744169,-0.09937495334491286,-0.4500000000000002,-0.17754569190600517,-0.7516545143309092,-1.5
cx0.25_cy0.75_layoutB,0.05,y,0.15,error_minus_oracle,spatial_shift,oracle,spatial_shift_y_js_0.15,oracle,1,1,True,True,0.041407082419579355,0.2202771475131975,0.10000000000000009,-0.004569190600522299,-0.05775896267320979,-0.25
cx0.25_cy0.75_layoutB,0.05,y,0.15,error_minus_oracle,diffuse_blur,oracle,diffuse_blur_js_0.15,oracle,1,1,True,True,-0.2759166928560248,0.12420161788576412,1.15,-0.23498694516971286,-1.0753732874268578,-1.0
cx0.25_cy0.75_layoutB,0.05,y,0.15,error_minus_oracle,false_hotspot,oracle,false_hotspot_y_js_0.15,oracle,1,1,True,True,-0.010138787187908505,1.5157061304375712,3.15,0.028720626631853707,0.17233229733229827,0.25
cx0.25_cy0.75_layoutB,0.05,y,0.15,error_minus_oracle,false_negative_suppression,oracle,false_negative_suppression_y_js_0.15,oracle,1,1,True,True,-0.038047910933526774,-0.027323310235985332,1.0,-0.18929503916449086,-1.1066431519300366,-1.25
cx0.25_cy0.75_layoutB,0.05,y,0.15,family_pair,spatial_shift,diffuse_blur,spatial_shift_y_js_0.15,diffuse_blur_js_0.15,1,1,True,True,0.3173237752756042,0.09607552962743338,-1.0499999999999998,0.23041775456919056,1.017614324753648,0.75
cx0.25_cy0.75_layoutB,0.05,y,0.15,family_pair,spatial_shift,false_hotspot,spatial_shift_y_js_0.15,false_hotspot_y_js_0.15,1,1,True,True,0.05154586960748786,-1.2954289829243737,-3.05,-0.03328981723237601,-0.23009126000550806,-0.5
cx0.25_cy0.75_layoutB,0.05,y,0.15,family_pair,spatial_shift,false_negative_suppression,spatial_shift_y_js_0.15,false_negative_suppression_y_js_0.15,1,1,True,True,0.07945499335310613,0.24760045774918282,-0.8999999999999999,0.18472584856396856,1.0488841892568268,1.0
cx0.25_cy0.75_layoutB,0.05,y,0.15,family_pair,diffuse_blur,false_hotspot,diffuse_blur_js_0.15,false_hotspot_y_js_0.15,1,1,True,True,-0.2657779056681163,-1.391504512551807,-2.0,-0.26370757180156656,-1.247705584759156,-1.25
cx0.25_cy0.75_layoutB,0.05,y,0.15,family_pair,diffuse_blur,false_negative_suppression,diffuse_blur_js_0.15,false_negative_suppression_y_js_0.15,1,1,True,True,-0.23786878192249805,0.15152492812174945,0.1499999999999999,-0.045691906005221994,0.03126986450317881,0.25
cx0.25_cy0.75_layoutB,0.05,y,0.15,family_pair,false_hotspot,false_negative_suppression,false_hotspot_y_js_0.15,false_negative_suppression_y_js_0.15,1,1,True,True,0.02790912374561827,1.5430294406735565,2.15,0.21801566579634457,1.2789754492623349,1.5
cx0.25_cy0.75_layoutC,0.1,shared,,baseline_minus_oracle,uniform_prior_baseline,oracle,uniform_prior_baseline,oracle,1,1,True,True,-0.6410091179829698,-0.21595054627631027,1.3499999999999999,-0.32942708333333326,-0.977604852866405,-1.0000000000000004
cx0.25_cy0.75_layoutC,0.1,x,0.05,error_minus_oracle,spatial_shift,oracle,spatial_shift_x_js_0.05,oracle,1,1,True,True,-0.16872191480794674,-0.05642277490237069,1.1500000000000001,-0.255859375,-0.4602156230702463,-0.9500000000000002
cx0.25_cy0.75_layoutC,0.1,x,0.05,error_minus_oracle,diffuse_blur,oracle,diffuse_blur_js_0.05,oracle,1,1,True,True,-0.11733309084363552,-0.1276403515705673,1.1500000000000001,-0.21875,-0.6625595835020395,-0.8500000000000001
cx0.25_cy0.75_layoutC,0.1,x,0.05,error_minus_oracle,false_hotspot,oracle,false_hotspot_x_js_0.05,oracle,1,1,True,True,-0.13673079249856246,-0.1571677850989821,1.2,-0.21809895833333326,-0.8339552902927254,-0.9500000000000002
cx0.25_cy0.75_layoutC,0.1,x,0.05,error_minus_oracle,false_negative_suppression,oracle,false_negative_suppression_x_js_0.05,oracle,1,1,True,True,-0.055130394305977215,0.15142216510185236,1.2500000000000002,-0.19856770833333326,-0.5419285265355787,-0.75
cx0.25_cy0.75_layoutC,0.1,x,0.05,family_pair,spatial_shift,diffuse_blur,spatial_shift_x_js_0.05,diffuse_blur_js_0.05,1,1,True,True,-0.051388823964311214,0.07121757666819661,0.0,-0.037109375,0.20234396043179315,-0.10000000000000009
cx0.25_cy0.75_layoutC,0.1,x,0.05,family_pair,spatial_shift,false_hotspot,spatial_shift_x_js_0.05,false_hotspot_x_js_0.05,1,1,True,True,-0.03199112230938428,0.10074501019661142,-0.04999999999999982,-0.03776041666666674,0.3737396672224791,0.0
cx0.25_cy0.75_layoutC,0.1,x,0.05,family_pair,spatial_shift,false_negative_suppression,spatial_shift_x_js_0.05,false_negative_suppression_x_js_0.05,1,1,True,True,-0.11359152050196952,-0.20784494000422304,-0.10000000000000009,-0.05729166666666674,0.08171290346533233,-0.20000000000000018
cx0.25_cy0.75_layoutC,0.1,x,0.05,family_pair,diffuse_blur,false_hotspot,diffuse_blur_js_0.05,false_hotspot_x_js_0.05,1,1,True,True,0.019397701654926935,0.029527433528414804,-0.04999999999999982,-0.0006510416666667407,0.17139570679068594,0.10000000000000009
cx0.25_cy0.75_layoutC,0.1,x,0.05,family_pair,diffuse_blur,false_negative_suppression,diffuse_blur_js_0.05,false_negative_suppression_x_js_0.05,1,1,True,True,-0.06220269653765831,-0.27906251667241966,-0.10000000000000009,-0.02018229166666674,-0.12063105696646081,-0.10000000000000009
cx0.25_cy0.75_layoutC,0.1,x,0.05,family_pair,false_hotspot,false_negative_suppression,false_hotspot_x_js_0.05,false_negative_suppression_x_js_0.05,1,1,True,True,-0.08160039819258524,-0.30858995020083446,-0.050000000000000266,-0.01953125,-0.29202676375714676,-0.20000000000000018
cx0.25_cy0.75_layoutC,0.1,y,0.05,error_minus_oracle,spatial_shift,oracle,spatial_shift_y_js_0.05,oracle,1,0,False,True,,,,,,
cx0.25_cy0.75_layoutC,0.1,y,0.05,error_minus_oracle,diffuse_blur,oracle,diffuse_blur_js_0.05,oracle,1,1,True,True,-0.11733309084363552,-0.1276403515705673,1.1500000000000001,-0.21875,-0.6625595835020395,-0.8500000000000001
cx0.25_cy0.75_layoutC,0.1,y,0.05,error_minus_oracle,false_hotspot,oracle,false_hotspot_y_js_0.05,oracle,1,1,True,True,-0.1575903792262091,0.4228212153615645,2.4000000000000004,-0.22526041666666663,-0.27820593087821166,-0.5500000000000003
cx0.25_cy0.75_layoutC,0.1,y,0.05,error_minus_oracle,false_negative_suppression,oracle,false_negative_suppression_y_js_0.05,oracle,1,1,True,True,-0.10496944281062903,-0.1398856622281781,1.1500000000000001,-0.22591145833333326,-0.8059874834516787,-0.9500000000000002
cx0.25_cy0.75_layoutC,0.1,y,0.05,family_pair,spatial_shift,diffuse_blur,spatial_shift_y_js_0.05,diffuse_blur_js_0.05,1,0,False,True,,,,,,
cx0.25_cy0.75_layoutC,0.1,y,0.05,family_pair,spatial_shift,false_hotspot,spatial_shift_y_js_0.05,false_hotspot_y_js_0.05,1,0,False,True,,,,,,
cx0.25_cy0.75_layoutC,0.1,y,0.05,family_pair,spatial_shift,false_negative_suppression,spatial_shift_y_js_0.05,false_negative_suppression_y_js_0.05,1,0,False,True,,,,,,
cx0.25_cy0.75_layoutC,0.1,y,0.05,family_pair,diffuse_blur,false_hotspot,diffuse_blur_js_0.05,false_hotspot_y_js_0.05,1,1,True,True,0.040257288382573586,-0.5504615669321318,-1.25,0.00651041666666663,-0.3843536526238278,-0.2999999999999998
cx0.25_cy0.75_layoutC,0.1,y,0.05,family_pair,diffuse_blur,false_negative_suppression,diffuse_blur_js_0.05,false_negative_suppression_y_js_0.05,1,1,True,True,-0.012363648033006491,0.012245310657610808,0.0,0.007161458333333259,0.14342789994963923,0.10000000000000009
cx0.25_cy0.75_layoutC,0.1,y,0.05,family_pair,false_hotspot,false_negative_suppression,false_hotspot_y_js_0.05,false_negative_suppression_y_js_0.05,1,1,True,True,-0.05262093641558008,0.5627068775897426,1.25,0.0006510416666666297,0.527781552573467,0.3999999999999999
cx0.25_cy0.75_layoutC,0.1,x,0.1,error_minus_oracle,spatial_shift,oracle,spatial_shift_x_js_0.1,oracle,1,0,False,True,,,,,,
cx0.25_cy0.75_layoutC,0.1,x,0.1,error_minus_oracle,diffuse_blur,oracle,diffuse_blur_js_0.1,oracle,1,1,True,True,-0.31851739560738324,-0.20684390560740518,1.1500000000000001,-0.2832031249999999,-0.9851858117191563,-0.9000000000000004
cx0.25_cy0.75_layoutC,0.1,x,0.1,error_minus_oracle,false_hotspot,oracle,false_hotspot_x_js_0.1,oracle,1,1,True,True,-0.08960962245267734,-0.1617275147153645,1.3,-0.20833333333333326,-1.0467190702040265,-1.1500000000000004
cx0.25_cy0.75_layoutC,0.1,x,0.1,error_minus_oracle,false_negative_suppression,oracle,false_negative_suppression_x_js_0.1,oracle,1,1,True,True,-0.08265232704643288,0.16342257035118113,1.3,-0.19075520833333326,-0.6561872277789402,-0.75
cx0.25_cy0.75_layoutC,0.1,x,0.1,family_pair,spatial_shift,diffuse_blur,spatial_shift_x_js_0.1,diffuse_blur_js_0.1,1,0,False,True,,,,,,
cx0.25_cy0.75_layoutC,0.1,x,0.1,family_pair,spatial_shift,false_hotspot,spatial_shift_x_js_0.1,false_hotspot_x_js_0.1,1,0,False,True,,,,,,
cx0.25_cy0.75_layoutC,0.1,x,0.1,family_pair,spatial_shift,false_negative_suppression,spatial_shift_x_js_0.1,false_negative_suppression_x_js_0.1,1,0,False,True,,,,,,
cx0.25_cy0.75_layoutC,0.1,x,0.1,family_pair,diffuse_blur,false_hotspot,diffuse_blur_js_0.1,false_hotspot_x_js_0.1,1,1,True,True,-0.2289077731547059,-0.04511639089204067,-0.1499999999999999,-0.07486979166666663,0.061533258484870235,0.25
cx0.25_cy0.75_layoutC,0.1,x,0.1,family_pair,diffuse_blur,false_negative_suppression,diffuse_blur_js_0.1,false_negative_suppression_x_js_0.1,1,1,True,True,-0.23586506856095035,-0.3702664759585863,-0.1499999999999999,-0.09244791666666663,-0.3289985839402161,-0.15000000000000036
cx0.25_cy0.75_layoutC,0.1,x,0.1,family_pair,false_hotspot,false_negative_suppression,false_hotspot_x_js_0.1,false_negative_suppression_x_js_0.1,1,1,True,True,-0.006957295406244457,-0.32515008506654564,0.0,-0.017578125,-0.3905318424250863,-0.40000000000000036
cx0.25_cy0.75_layoutC,0.1,y,0.1,error_minus_oracle,spatial_shift,oracle,spatial_shift_y_js_0.1,oracle,1,1,True,True,-0.09849208424341183,0.2642173469867126,2.45,-0.10221354166666674,-0.19553672062227445,-0.30000000000000027
cx0.25_cy0.75_layoutC,0.1,y,0.1,error_minus_oracle,diffuse_blur,oracle,diffuse_blur_js_0.1,oracle,1,1,True,True,-0.31851739560738324,-0.20684390560740518,1.1500000000000001,-0.2832031249999999,-0.9851858117191563,-0.9000000000000004
cx0.25_cy0.75_layoutC,0.1,y,0.1,error_minus_oracle,false_hotspot,oracle,false_hotspot_y_js_0.1,oracle,1,1,True,True,-0.18142131051783872,0.8318690698308591,2.55,-0.2324218749999999,-0.2414608053105427,-0.10000000000000009
cx0.25_cy0.75_layoutC,0.1,y,0.1,error_minus_oracle,false_negative_suppression,oracle,false_negative_suppression_y_js_0.1,oracle,1,1,True,True,-0.27228426637157743,-0.8169420712676652,-0.10000000000000009,-0.07291666666666674,-0.35044595521247546,-0.25
cx0.25_cy0.75_layoutC,0.1,y,0.1,family_pair,spatial_shift,diffuse_blur,spatial_shift_y_js_0.1,diffuse_blur_js_0.1,1,1,True,True,0.2200253113639714,0.4710612525941178,1.2999999999999998,0.18098958333333315,0.7896490910968819,0.6000000000000001
cx0.25_cy0.75_layoutC,0.1,y,0.1,family_pair,spatial_shift,false_hotspot,spatial_shift_y_js_0.1,false_hotspot_y_js_0.1,1,1,True,True,0.08292922627442689,-0.5676517228441464,-0.10000000000000009,0.13020833333333315,0.04592408468826825,-0.20000000000000018
cx0.25_cy0.75_layoutC,0.1,y,0.1,family_pair,spatial_shift,false_negative_suppression,spatial_shift_y_js_0.1,false_negative_suppression_y_js_0.1,1,1,True,True,0.1737921821281656,1.0811594182543778,2.55,-0.029296875,0.154909234590201,-0.050000000000000266
cx0.25_cy0.75_layoutC,0.1,y,0.1,family_pair,diffuse_blur,false_hotspot,diffuse_blur_js_0.1,false_hotspot_y_js_0.1,1,1,True,True,-0.13709608508954452,-1.0387129754382642,-1.4,-0.05078125,-0.7437250064086136,-0.8000000000000003
cx0.25_cy0.75_layoutC,0.1,y,0.1,family_pair,diffuse_blur,false_negative_suppression,diffuse_blur_js_0.1,false_negative_suppression_y_js_0.1,1,1,True,True,-0.0462331292358058,0.61009816566026,1.2500000000000002,-0.21028645833333315,-0.6347398565066809,-0.6500000000000004
cx0.25_cy0.75_layoutC,0.1,y,0.1,family_pair,false_hotspot,false_negative_suppression,false_hotspot_y_js_0.1,false_negative_suppression_y_js_0.1,1,1,True,True,0.09086295585373871,1.6488111410985242,2.6500000000000004,-0.15950520833333315,0.10898514990193275,0.1499999999999999
cx0.25_cy0.75_layoutC,0.1,x,0.15,error_minus_oracle,spatial_shift,oracle,spatial_shift_x_js_0.15,oracle,1,1,True,True,-0.210031031069553,-0.22776560776991595,1.1500000000000001,-0.2779947916666666,-1.0031491375870174,-1.2000000000000002
cx0.25_cy0.75_layoutC,0.1,x,0.15,error_minus_oracle,diffuse_blur,oracle,diffuse_blur_js_0.15,oracle,1,1,True,True,-0.4771710355070091,-0.19035739145706243,1.3,-0.3111979166666666,-0.9711093855270363,-0.8500000000000001
cx0.25_cy0.75_layoutC,0.1,x,0.15,error_minus_oracle,false_hotspot,oracle,false_hotspot_x_js_0.15,oracle,1,1,True,True,-0.2560324042668799,-0.06100373881090837,1.4000000000000001,-0.248046875,-1.152681918049339,-1.3500000000000003
cx0.25_cy0.75_layoutC,0.1,x,0.15,error_minus_oracle,false_negative_suppression,oracle,false_negative_suppression_x_js_0.15,oracle,1,1,True,True,-0.09162329036968986,0.1814748093691101,1.3,-0.189453125,-0.6706080191659645,-0.75
cx0.25_cy0.75_layoutC,0.1,x,0.15,family_pair,spatial_shift,diffuse_blur,spatial_shift_x_js_0.15,diffuse_blur_js_0.15,1,1,True,True,0.2671400044374561,-0.037408216312853515,-0.1499999999999999,0.033203125,-0.03203975205998111,-0.3500000000000001
cx0.25_cy0.75_layoutC,0.1,x,0.15,family_pair,spatial_shift,false_hotspot,spatial_shift_x_js_0.15,false_hotspot_x_js_0.15,1,1,True,True,0.04600137319732689,-0.16676186895900758,-0.25,-0.029947916666666574,0.14953278046232166,0.15000000000000013
cx0.25_cy0.75_layoutC,0.1,x,0.15,family_pair,spatial_shift,false_negative_suppression,spatial_shift_x_js_0.15,false_negative_suppression_x_js_0.15,1,1,True,True,-0.11840774069986315,-0.40924041713902604,-0.1499999999999999,-0.08854166666666657,-0.33254111842105294,-0.4500000000000002
cx0.25_cy0.75_layoutC,0.1,x,0.15,family_pair,diffuse_blur,false_hotspot,diffuse_blur_js_0.15,false_hotspot_x_js_0.15,1,1,True,True,-0.22113863124012922,-0.12935365264615406,-0.10000000000000009,-0.06315104166666657,0.18157253252230277,0.5000000000000002
cx0.25_cy0.75_layoutC,0.1,x,0.15,family_pair,diffuse_blur,false_negative_suppression,diffuse_blur_js_0.15,false_negative_suppression_x_js_0.15,1,1,True,True,-0.38554774513731926,-0.3718322008261725,0.0,-0.12174479166666657,-0.30050136636107183,-0.10000000000000009
cx0.25_cy0.75_layoutC,0.1,x,0.15,family_pair,false_hotspot,false_negative_suppression,false_hotspot_x_js_0.15,false_negative_suppression_x_js_0.15,1,1,True,True,-0.16440911389719004,-0.24247854818001846,0.10000000000000009,-0.05859375,-0.4820738988833746,-0.6000000000000003
cx0.25_cy0.75_layoutC,0.1,y,0.15,error_minus_oracle,spatial_shift,oracle,spatial_shift_y_js_0.15,oracle,1,1,True,True,-0.23842892379985925,0.31735510439250625,2.4000000000000004,-0.1953125,-0.25032634639257045,-0.7000000000000002
cx0.25_cy0.75_layoutC,0.1,y,0.15,error_minus_oracle,diffuse_blur,oracle,diffuse_blur_js_0.15,oracle,1,1,True,True,-0.4771710355070091,-0.19035739145706243,1.3,-0.3111979166666666,-0.9711093855270363,-0.8500000000000001
cx0.25_cy0.75_layoutC,0.1,y,0.15,error_minus_oracle,false_hotspot,oracle,false_hotspot_y_js_0.15,oracle,1,1,True,True,-0.220826042569508,0.7665187523420531,2.3499999999999996,-0.13671875,-0.23791466578827736,-0.30000000000000027
cx0.25_cy0.75_layoutC,0.1,y,0.15,error_minus_oracle,false_negative_suppression,oracle,false_negative_suppression_y_js_0.15,oracle,1,0,False,True,,,,,,
cx0.25_cy0.75_layoutC,0.1,y,0.15,family_pair,spatial_shift,diffuse_blur,spatial_shift_y_js_0.15,diffuse_blur_js_0.15,1,1,True,True,0.23874211170714987,0.5077124958495687,1.1,0.11588541666666657,0.7207830391344658,0.1499999999999999
cx0.25_cy0.75_layoutC,0.1,y,0.15,family_pair,spatial_shift,false_hotspot,spatial_shift_y_js_0.15,false_hotspot_y_js_0.15,1,1,True,True,-0.017602881230351253,-0.4491636479495469,0.050000000000000266,-0.05859375,-0.012411680604293096,-0.3999999999999999
cx0.25_cy0.75_layoutC,0.1,y,0.15,family_pair,spatial_shift,false_negative_suppression,spatial_shift_y_js_0.15,false_negative_suppression_y_js_0.15,1,0,True,False,,,,,,
cx0.25_cy0.75_layoutC,0.1,y,0.15,family_pair,diffuse_blur,false_hotspot,diffuse_blur_js_0.15,false_hotspot_y_js_0.15,1,1,True,True,-0.2563449929375011,-0.9568761437991156,-1.0499999999999998,-0.17447916666666657,-0.7331947197387589,-0.5499999999999998
cx0.25_cy0.75_layoutC,0.1,y,0.15,family_pair,diffuse_blur,false_negative_suppression,diffuse_blur_js_0.15,false_negative_suppression_y_js_0.15,1,0,True,False,,,,,,
cx0.25_cy0.75_layoutC,0.1,y,0.15,family_pair,false_hotspot,false_negative_suppression,false_hotspot_y_js_0.15,false_negative_suppression_y_js_0.15,1,0,True,False,,,,,,
cx0.25_cy0.75_layoutC,0.05,shared,,baseline_minus_oracle,uniform_prior_baseline,oracle,uniform_prior_baseline,oracle,1,1,True,True,-0.485603240134528,0.27094106730449496,1.8,-0.29492187499999994,-0.9511080327921975,-0.4500000000000002
cx0.25_cy0.75_layoutC,0.05,x,0.05,error_minus_oracle,spatial_shift,oracle,spatial_shift_x_js_0.05,oracle,1,1,True,True,0.0030725533763512614,-0.5946361999804115,0.0,0.006510416666666741,-0.16783656672545622,-0.1499999999999999
cx0.25_cy0.75_layoutC,0.05,x,0.05,error_minus_oracle,diffuse_blur,oracle,diffuse_blur_js_0.05,oracle,1,1,True,True,-0.09559202934568278,0.361437149193109,2.25,-0.07096354166666674,-0.11072083435655822,-0.050000000000000266
cx0.25_cy0.75_layoutC,0.05,x,0.05,error_minus_oracle,false_hotspot,oracle,false_hotspot_x_js_0.05,oracle,1,1,True,True,-0.01571632703682746,0.42173094586278426,1.3,0.0032552083333333703,-0.23034827632732924,-0.050000000000000266
cx0.25_cy0.75_layoutC,0.05,x,0.05,error_minus_oracle,false_negative_suppression,oracle,false_negative_suppression_x_js_0.05,oracle,1,1,True,True,-0.046052895955093764,0.06920153606255708,0.9000000000000001,-0.01106770833333326,-0.1652465357214017,0.04999999999999982
cx0.25_cy0.75_layoutC,0.05,x,0.05,family_pair,spatial_shift,diffuse_blur,spatial_shift_x_js_0.05,diffuse_blur_js_0.05,1,1,True,True,0.09866458272203404,-0.9560733491735205,-2.25,0.07747395833333348,-0.057115732368898,-0.09999999999999964
cx0.25_cy0.75_layoutC,0.05,x,0.05,family_pair,spatial_shift,false_hotspot,spatial_shift_x_js_0.05,false_hotspot_x_js_0.05,1,1,True,True,0.01878888041317872,-1.0163671458431958,-1.3,0.0032552083333333703,0.06251170960187302,-0.09999999999999964
cx0.25_cy0.75_layoutC,0.05,x,0.05,family_pair,spatial_shift,false_negative_suppression,spatial_shift_x_js_0.05,false_negative_suppression_x_js_0.05,1,1,True,True,0.049125449331445026,-0.6638377360429686,-0.9000000000000001,0.017578125,-0.002590031004054527,-0.19999999999999973
cx0.25_cy0.75_layoutC,0.05,x,0.05,family_pair,diffuse_blur,false_hotspot,diffuse_blur_js_0.05,false_hotspot_x_js_0.05,1,1,True,True,-0.07987570230885532,-0.06029379666967527,0.9500000000000002,-0.07421875000000011,0.11962744197077102,0.0
cx0.25_cy0.75_layoutC,0.05,x,0.05,family_pair,diffuse_blur,false_negative_suppression,diffuse_blur_js_0.05,false_negative_suppression_x_js_0.05,1,1,True,True,-0.04953913339058902,0.2922356131305519,1.35,-0.05989583333333348,0.05452570136484347,-0.10000000000000009
cx0.25_cy0.75_layoutC,0.05,x,0.05,family_pair,false_hotspot,false_negative_suppression,false_hotspot_x_js_0.05,false_negative_suppression_x_js_0.05,1,1,True,True,0.030336568918266305,0.3525294098002272,0.3999999999999999,0.01432291666666663,-0.06510174060592755,-0.10000000000000009
cx0.25_cy0.75_layoutC,0.05,y,0.05,error_minus_oracle,spatial_shift,oracle,spatial_shift_y_js_0.05,oracle,1,1,True,True,-0.03388506344290865,0.5164683509187968,1.95,-0.03450520833333337,0.19403090315406235,0.3500000000000001
cx0.25_cy0.75_layoutC,0.05,y,0.05,error_minus_oracle,diffuse_blur,oracle,diffuse_blur_js_0.05,oracle,1,1,True,True,-0.09559202934568278,0.361437149193109,2.25,-0.07096354166666674,-0.11072083435655822,-0.050000000000000266
cx0.25_cy0.75_layoutC,0.05,y,0.05,error_minus_oracle,false_hotspot,oracle,false_hotspot_y_js_0.05,oracle,1,1,True,True,-0.0011842488668033502,-0.36944367452985105,-0.050000000000000044,0.004557291666666741,-0.20424292632330499,-0.050000000000000266
cx0.25_cy0.75_layoutC,0.05,y,0.05,error_minus_oracle,false_negative_suppression,oracle,false_negative_suppression_y_js_0.05,oracle,1,1,True,True,-0.06003162268572859,0.5674267921485057,2.2,-0.0625,-0.0017622656913691692,0.04999999999999982
cx0.25_cy0.75_layoutC,0.05,y,0.05,family_pair,spatial_shift,diffuse_blur,spatial_shift_y_js_0.05,diffuse_blur_js_0.05,1,1,True,True,0.061706965902774136,0.15503120172568785,-0.30000000000000027,0.03645833333333337,0.30475173751062057,0.40000000000000036
cx0.25_cy0.75_layoutC,0.05,y,0.05,family_pair,spatial_shift,false_hotspot,spatial_shift_y_js_0.05,false_hotspot_y_js_0.05,1,1,True,True,-0.0327008145761053,0.8859120254486479,2.0,-0.03906250000000011,0.39827382947736734,0.40000000000000036
cx0.25_cy0.75_layoutC,0.05,y,0.05,family_pair,spatial_shift,false_negative_suppression,spatial_shift_y_js_0.05,false_negative_suppression_y_js_0.05,1,1,True,True,0.026146559242819944,-0.05095844122970883,-0.25,0.02799479166666663,0.19579316884543152,0.30000000000000027
cx0.25_cy0.75_layoutC,0.05,y,0.05,family_pair,diffuse_blur,false_hotspot,diffuse_blur_js_0.05,false_hotspot_y_js_0.05,1,1,True,True,-0.09440778047887943,0.73088082372296,2.3000000000000003,-0.07552083333333348,0.09352209196674677,0.0
cx0.25_cy0.75_layoutC,0.05,y,0.05,family_pair,diffuse_blur,false_negative_suppression,diffuse_blur_js_0.05,false_negative_suppression_y_js_0.05,1,1,True,True,-0.03556040665995419,-0.20598964295539668,0.050000000000000266,-0.00846354166666674,-0.10895856866518905,-0.10000000000000009
cx0.25_cy0.75_layoutC,0.05,y,0.05,family_pair,false_hotspot,false_negative_suppression,false_hotspot_y_js_0.05,false_negative_suppression_y_js_0.05,1,1,True,True,0.05884737381892524,-0.9368704666783567,-2.25,0.06705729166666674,-0.20248066063193582,-0.10000000000000009
cx0.25_cy0.75_layoutC,0.05,x,0.1,error_minus_oracle,spatial_shift,oracle,spatial_shift_x_js_0.1,oracle,1,1,True,True,-0.01685162595705747,-0.4104704301902262,-0.050000000000000044,-0.01432291666666663,-0.01311018665121333,0.10000000000000009
cx0.25_cy0.75_layoutC,0.05,x,0.1,error_minus_oracle,diffuse_blur,oracle,diffuse_blur_js_0.1,oracle,1,1,True,True,-0.23330995733279758,0.017744024765903088,1.2,-0.26171875,-0.9798871729458036,-0.75
cx0.25_cy0.75_layoutC,0.05,x,0.1,error_minus_oracle,false_hotspot,oracle,false_hotspot_x_js_0.1,oracle,1,1,True,True,-0.17171906353383404,0.3015691038674193,1.5999999999999999,-0.23111979166666674,-0.739456168054359,-1.0
cx0.25_cy0.75_layoutC,0.05,x,0.1,error_minus_oracle,false_negative_suppression,oracle,false_negative_suppression_x_js_0.1,oracle,1,1,True,True,-0.016002920800293752,0.4551063646436737,2.55,-0.03645833333333337,-0.11753334966641438,0.10000000000000009
cx0.25_cy0.75_layoutC,0.05,x,0.1,family_pair,spatial_shift,diffuse_blur,spatial_shift_x_js_0.1,diffuse_blur_js_0.1,1,1,True,True,0.2164583313757401,-0.4282144549561293,-1.25,0.24739583333333337,0.9667769862945903,0.8500000000000001
cx0.25_cy0.75_layoutC,0.05,x,0.1,family_pair,spatial_shift,false_hotspot,spatial_shift_x_js_0.1,false_hotspot_x_js_0.1,1,1,True,True,0.15486743757677657,-0.7120395340576455,-1.65,0.2167968750000001,0.7263459814031457,1.1
cx0.25_cy0.75_layoutC,0.05,x,0.1,family_pair,spatial_shift,false_negative_suppression,spatial_shift_x_js_0.1,false_negative_suppression_x_js_0.1,1,1,True,True,-0.0008487051567637183,-0.8655767948338999,-2.6,0.02213541666666674,0.10442316301520105,0.0
cx0.25_cy0.75_layoutC,0.05,x,0.1,family_pair,diffuse_blur,false_hotspot,diffuse_blur_js_0.1,false_hotspot_x_js_0.1,1,1,True,True,-0.06159089379896354,-0.2838250791015162,-0.3999999999999999,-0.03059895833333326,-0.24043100489144464,0.25
cx0.25_cy0.75_layoutC,0.05,x,0.1,family_pair,diffuse_blur,false_negative_suppression,diffuse_blur_js_0.1,false_negative_suppression_x_js_0.1,1,1,True,True,-0.21730703653250383,-0.4373623398777706,-1.35,-0.22526041666666663,-0.8623538232793893,-0.8500000000000001
cx0.25_cy0.75_layoutC,0.05,x,0.1,family_pair,false_hotspot,false_negative_suppression,false_hotspot_x_js_0.1,false_negative_suppression_x_js_0.1,1,1,True,True,-0.15571614273354029,-0.1535372607762544,-0.9500000000000002,-0.19466145833333337,-0.6219228183879446,-1.1
cx0.25_cy0.75_layoutC,0.05,y,0.1,error_minus_oracle,spatial_shift,oracle,spatial_shift_y_js_0.1,oracle,1,1,True,True,-0.0536242229158197,-0.2836924537486798,0.0,-0.04296875,-0.07395244388571909,-0.1499999999999999
cx0.25_cy0.75_layoutC,0.05,y,0.1,error_minus_oracle,diffuse_blur,oracle,diffuse_blur_js_0.1,oracle,1,1,True,True,-0.23330995733279758,0.017744024765903088,1.2,-0.26171875,-0.9798871729458036,-0.75
cx0.25_cy0.75_layoutC,0.05,y,0.1,error_minus_oracle,false_hotspot,oracle,false_hotspot_y_js_0.1,oracle,1,1,True,True,-0.014253366180938087,1.4074366349996383,3.0,0.01106770833333337,0.1994848618459728,0.2999999999999998
cx0.25_cy0.75_layoutC,0.05,y,0.1,error_minus_oracle,false_negative_suppression,oracle,false_negative_suppression_y_js_0.1,oracle,1,0,False,True,,,,,,
cx0.25_cy0.75_layoutC,0.05,y,0.1,family_pair,spatial_shift,diffuse_blur,spatial_shift_y_js_0.1,diffuse_blur_js_0.1,1,1,True,True,0.17968573441697788,-0.3014364785145829,-1.2,0.21875,0.9059347290600845,0.6000000000000001
cx0.25_cy0.75_layoutC,0.05,y,0.1,family_pair,spatial_shift,false_hotspot,spatial_shift_y_js_0.1,false_hotspot_y_js_0.1,1,1,True,True,-0.03937085673488161,-1.6911290887483181,-3.0,-0.05403645833333337,-0.2734373057316919,-0.44999999999999973
cx0.25_cy0.75_layoutC,0.05,y,0.1,family_pair,spatial_shift,false_negative_suppression,spatial_shift_y_js_0.1,false_negative_suppression_y_js_0.1,1,0,True,False,,,,,,
cx0.25_cy0.75_layoutC,0.05,y,0.1,family_pair,diffuse_blur,false_hotspot,diffuse_blur_js_0.1,false_hotspot_y_js_0.1,1,1,True,True,-0.2190565911518595,-1.3896926102337352,-1.8000000000000003,-0.27278645833333337,-1.1793720347917764,-1.0499999999999998
cx0.25_cy0.75_layoutC,0.05,y,0.1,family_pair,diffuse_blur,false_negative_suppression,diffuse_blur_js_0.1,false_negative_suppression_y_js_0.1,1,0,True,False,,,,,,
cx0.25_cy0.75_layoutC,0.05,y,0.1,family_pair,false_hotspot,false_negative_suppression,false_hotspot_y_js_0.1,false_negative_suppression_y_js_0.1,1,0,True,False,,,,,,
cx0.25_cy0.75_layoutC,0.05,x,0.15,error_minus_oracle,spatial_shift,oracle,spatial_shift_x_js_0.15,oracle,1,1,True,True,-0.10974369781609428,0.3064137269007512,0.25,-0.06770833333333337,-0.09183810973689921,-0.050000000000000266
cx0.25_cy0.75_layoutC,0.05,x,0.15,error_minus_oracle,diffuse_blur,oracle,diffuse_blur_js_0.15,oracle,1,1,True,True,-0.35343063825042265,0.013143858301201572,1.2500000000000002,-0.28125,-0.9951454519653753,-0.7000000000000002
cx0.25_cy0.75_layoutC,0.05,x,0.15,error_minus_oracle,false_hotspot,oracle,false_hotspot_x_js_0.15,oracle,1,1,True,True,-0.3031689624588122,0.43296432074446,1.8499999999999999,-0.27018229166666674,-0.8205419238683125,-1.3000000000000003
cx0.25_cy0.75_layoutC,0.05,x,0.15,error_minus_oracle,false_negative_suppression,oracle,false_negative_suppression_x_js_0.15,oracle,1,1,True,True,-0.06721435232519324,0.5193619165586751,2.3499999999999996,-0.10221354166666674,-0.14023462235602535,-0.050000000000000266
cx0.25_cy0.75_layoutC,0.05,x,0.15,family_pair,spatial_shift,diffuse_blur,spatial_shift_x_js_0.15,diffuse_blur_js_0.15,1,1,True,True,0.24368694043432837,0.2932698685995496,-1.0000000000000002,0.21354166666666663,0.9033073422284761,0.6499999999999999
cx0.25_cy0.75_layoutC,0.05,x,0.15,family_pair,spatial_shift,false_hotspot,spatial_shift_x_js_0.15,false_hotspot_x_js_0.15,1,1,True,True,0.19342526464271792,-0.12655059384370881,-1.5999999999999999,0.20247395833333337,0.7287038141314133,1.25
cx0.25_cy0.75_layoutC,0.05,x,0.15,family_pair,spatial_shift,false_negative_suppression,spatial_shift_x_js_0.15,false_negative_suppression_x_js_0.15,1,1,True,True,-0.04252934549090104,-0.21294818965792395,-2.0999999999999996,0.03450520833333337,0.04839651261912614,0.0
cx0.25_cy0.75_layoutC,0.05,x,0.15,family_pair,diffuse_blur,false_hotspot,diffuse_blur_js_0.15,false_hotspot_x_js_0.15,1,1,True,True,-0.05026167579161045,-0.41982046244325844,-0.5999999999999996,-0.01106770833333326,-0.1746035280970628,0.6000000000000001
cx0.25_cy0.75_layoutC,0.05,x,0.15,family_pair,diffuse_blur,false_negative_suppression,diffuse_blur_js_0.15,false_negative_suppression_x_js_0.15,1,1,True,True,-0.2862162859252294,-0.5062180582574736,-1.0999999999999996,-0.17903645833333326,-0.8549108296093499,-0.6499999999999999
cx0.25_cy0.75_layoutC,0.05,x,0.15,family_pair,false_hotspot,false_negative_suppression,false_hotspot_x_js_0.15,false_negative_suppression_x_js_0.15,1,1,True,True,-0.23595461013361896,-0.08639759581421513,-0.5,-0.16796875,-0.6803073015122871,-1.25
cx0.25_cy0.75_layoutC,0.05,y,0.15,error_minus_oracle,spatial_shift,oracle,spatial_shift_y_js_0.15,oracle,1,1,True,True,-0.019113776518753234,0.017949907439424262,0.1499999999999999,-0.01627604166666674,-0.013214717985959634,0.1499999999999999
cx0.25_cy0.75_layoutC,0.05,y,0.15,error_minus_oracle,diffuse_blur,oracle,diffuse_blur_js_0.15,oracle,1,1,True,True,-0.35343063825042265,0.013143858301201572,1.2500000000000002,-0.28125,-0.9951454519653753,-0.7000000000000002
cx0.25_cy0.75_layoutC,0.05,y,0.15,error_minus_oracle,false_hotspot,oracle,false_hotspot_y_js_0.15,oracle,1,1,True,True,-0.04397784379602998,2.052216210692779,3.75,0.02734375,0.5729839810640662,0.75
cx0.25_cy0.75_layoutC,0.05,y,0.15,error_minus_oracle,false_negative_suppression,oracle,false_negative_suppression_y_js_0.15,oracle,1,1,True,True,-0.16003424863204285,-0.06074688122270455,1.1500000000000001,-0.24674479166666674,-0.8630535865477382,-0.9000000000000004
cx0.25_cy0.75_layoutC,0.05,y,0.15,family_pair,spatial_shift,diffuse_blur,spatial_shift_y_js_0.15,diffuse_blur_js_0.15,1,1,True,True,0.3343168617316694,0.00480604913822269,-1.1000000000000003,0.26497395833333326,0.9819307339794157,0.8500000000000001
cx0.25_cy0.75_layoutC,0.05,y,0.15,family_pair,spatial_shift,false_hotspot,spatial_shift_y_js_0.15,false_hotspot_y_js_0.15,1,1,True,True,0.024864067277276747,-2.0342663032533546,-3.6000000000000005,-0.04361979166666674,-0.5861986990500259,-0.6000000000000001
cx0.25_cy0.75_layoutC,0.05,y,0.15,family_pair,spatial_shift,false_negative_suppression,spatial_shift_y_js_0.15,false_negative_suppression_y_js_0.15,1,1,True,True,0.14092047211328962,0.07869678866212881,-1.0000000000000002,0.23046875,0.8498388685617786,1.0500000000000003
cx0.25_cy0.75_layoutC,0.05,y,0.15,family_pair,diffuse_blur,false_hotspot,diffuse_blur_js_0.15,false_hotspot_y_js_0.15,1,1,True,True,-0.30945279445439267,-2.0390723523915772,-2.5,-0.30859375,-1.5681294330294415,-1.4500000000000002
cx0.25_cy0.75_layoutC,0.05,y,0.15,family_pair,diffuse_blur,false_negative_suppression,diffuse_blur_js_0.15,false_negative_suppression_y_js_0.15,1,1,True,True,-0.1933963896183798,0.07389073952390612,0.10000000000000009,-0.03450520833333326,-0.13209186541763707,0.20000000000000018
cx0.25_cy0.75_layoutC,0.05,y,0.15,family_pair,false_hotspot,false_negative_suppression,false_hotspot_y_js_0.15,false_negative_suppression_y_js_0.15,1,1,True,True,0.11605640483601287,2.1129630919154834,2.6,0.27408854166666674,1.4360375676118045,1.6500000000000004
cx0.75_cy0.25_layoutA,0.1,shared,,baseline_minus_oracle,uniform_prior_baseline,oracle,uniform_prior_baseline,oracle,1,1,True,True,-0.5490254291340515,-0.16998366526165198,-0.6000000000000001,-0.03187499999999993,0.05827887182910585,0.3500000000000001
cx0.75_cy0.25_layoutA,0.1,x,0.05,error_minus_oracle,spatial_shift,oracle,spatial_shift_x_js_0.05,oracle,1,1,True,True,-0.20714116000443072,-0.1322765313434595,-0.15000000000000013,-0.02937499999999993,-0.07599950199203187,-0.10000000000000009
cx0.75_cy0.25_layoutA,0.1,x,0.05,error_minus_oracle,diffuse_blur,oracle,diffuse_blur_js_0.05,oracle,1,1,True,True,-0.10811796771517623,-0.2094328610182321,-0.30000000000000004,-0.03749999999999992,-0.11658445945945894,-0.30000000000000004
cx0.75_cy0.25_layoutA,0.1,x,0.05,error_minus_oracle,false_hotspot,oracle,false_hotspot_x_js_0.05,oracle,1,1,True,True,-0.21099576622553906,-0.29577556910013114,-0.3500000000000001,-0.04749999999999993,-0.14407251381215436,-0.30000000000000004
cx0.75_cy0.25_layoutA,0.1,x,0.05,error_minus_oracle,false_negative_suppression,oracle,false_negative_suppression_x_js_0.05,oracle,1,1,True,True,-0.054418642949631724,-0.24770693947495426,-0.3500000000000001,-0.03312499999999996,-0.1510841700133867,-0.3500000000000001
cx0.75_cy0.25_layoutA,0.1,x,0.05,family_pair,spatial_shift,diffuse_blur,spatial_shift_x_js_0.05,diffuse_blur_js_0.05,1,1,True,True,-0.09902319228925449,0.0771563296747726,0.1499999999999999,0.008124999999999993,0.040584957467427074,0.19999999999999996
cx0.75_cy0.25_layoutA,0.1,x,0.05,family_pair,spatial_shift,false_hotspot,spatial_shift_x_js_0.05,false_hotspot_x_js_0.05,1,1,True,True,0.0038546062211083365,0.16349903775667163,0.19999999999999996,0.018125000000000002,0.06807301182012249,0.19999999999999996
cx0.75_cy0.25_layoutA,0.1,x,0.05,family_pair,spatial_shift,false_negative_suppression,spatial_shift_x_js_0.05,false_negative_suppression_x_js_0.05,1,1,True,True,-0.152722517054799,0.11543040813149474,0.19999999999999996,0.003750000000000031,0.07508466802135483,0.25
cx0.75_cy0.25_layoutA,0.1,x,0.05,family_pair,diffuse_blur,false_hotspot,diffuse_blur_js_0.05,false_hotspot_x_js_0.05,1,1,True,True,0.10287779851036283,0.08634270808189903,0.050000000000000044,0.010000000000000009,0.027488054352695412,0.0
cx0.75_cy0.25_layoutA,0.1,x,0.05,family_pair,diffuse_blur,false_negative_suppression,diffuse_blur_js_0.05,false_negative_suppression_x_js_0.05,1,1,True,True,-0.05369932476554451,0.03827407845672215,0.050000000000000044,-0.004374999999999962,0.034499710553927754,0.050000000000000044
cx0.75_cy0.25_layoutA,0.1,x,0.05,family_pair,false_hotspot,false_negative_suppression,false_hotspot_x_js_0.05,false_negative_suppression_x_js_0.05,1,1,True,True,-0.15657712327590734,-0.048068629625176884,0.0,-0.014374999999999971,0.007011656201232341,0.050000000000000044
cx0.75_cy0.25_layoutA,0.1,y,0.05,error_minus_oracle,spatial_shift,oracle,spatial_shift_y_js_0.05,oracle,1,1,True,True,-0.0439159145238861,0.061925045476454166,0.09999999999999987,0.014374999999999916,-0.16458247266099546,-0.15000000000000013
cx0.75_cy0.25_layoutA,0.1,y,0.05,error_minus_oracle,diffuse_blur,oracle,diffuse_blur_js_0.05,oracle,1,1,True,True,-0.10811796771517623,-0.2094328610182321,-0.30000000000000004,-0.03749999999999992,-0.11658445945945894,-0.30000000000000004
cx0.75_cy0.25_layoutA,0.1,y,0.05,error_minus_oracle,false_hotspot,oracle,false_hotspot_y_js_0.05,oracle,1,1,True,True,-0.09814289247399921,-0.14845832395993197,-0.25,-0.03624999999999995,-0.14853335579514826,-0.30000000000000004
cx0.75_cy0.25_layoutA,0.1,y,0.05,error_minus_oracle,false_negative_suppression,oracle,false_negative_suppression_y_js_0.05,oracle,1,1,True,True,-0.12844136759875802,-0.25535974589555743,-0.40000000000000013,-0.04437499999999994,-0.0761407750342935,-0.25
cx0.75_cy0.25_layoutA,0.1,y,0.05,family_pair,spatial_shift,diffuse_blur,spatial_shift_y_js_0.05,diffuse_blur_js_0.05,1,1,True,True,0.06420205319129013,0.2713579064946863,0.3999999999999999,0.05187499999999984,-0.047998013201536516,0.1499999999999999
cx0.75_cy0.25_layoutA,0.1,y,0.05,family_pair,spatial_shift,false_hotspot,spatial_shift_y_js_0.05,false_hotspot_y_js_0.05,1,1,True,True,0.05422697795011311,0.21038336943638614,0.34999999999999987,0.050624999999999865,-0.0160491168658472,0.1499999999999999
cx0.75_cy0.25_layoutA,0.1,y,0.05,family_pair,spatial_shift,false_negative_suppression,spatial_shift_y_js_0.05,false_negative_suppression_y_js_0.05,1,1,True,True,0.08452545307487191,0.3172847913720116,0.5,0.05874999999999986,-0.08844169762670195,0.09999999999999987
cx0.75_cy0.25_layoutA,0.1,y,0.05,family_pair,diffuse_blur,false_hotspot,diffuse_blur_js_0.05,false_hotspot_y_js_0.05,1,1,True,True,-0.009975075241177023,-0.06097453705830014,-0.050000000000000044,-0.0012499999999999734,0.031948896335689314,0.0
cx0.75_cy0.25_layoutA,0.1,y,0.05,family_pair,diffuse_blur,false_negative_suppression,diffuse_blur_js_0.05,false_negative_suppression_y_js_0.05,1,1,True,True,0.020323399883581783,0.045926884877325325,0.10000000000000009,0.00687500000000002,-0.04044368442516544,-0.050000000000000044
cx0.75_cy0.25_layoutA,0.1,y,0.05,family_pair,false_hotspot,false_negative_suppression,false_hotspot_y_js_0.05,false_negative_suppression_y_js_0.05,1,1,True,True,0.030298475124758806,0.10690142193562546,0.15000000000000013,0.008124999999999993,-0.07239258076085475,-0.050000000000000044
cx0.75_cy0.25_layoutA,0.1,x,0.1,error_minus_oracle,spatial_shift,oracle,spatial_shift_x_js_0.1,oracle,1,1,True,True,-0.325104400969771,-0.14952143926943773,-0.25,-0.04624999999999996,-0.09744869146005453,-0.20000000000000018
cx0.75_cy0.25_layoutA,0.1,x,0.1,error_minus_oracle,diffuse_blur,oracle,diffuse_blur_js_0.1,oracle,1,1,True,True,-0.2896183863570981,-0.3411267938687086,-0.40000000000000013,-0.06812499999999994,-0.23026175832127316,-0.3500000000000001
cx0.75_cy0.25_layoutA,0.1,x,0.1,error_minus_oracle,false_hotspot,oracle,false_hotspot_x_js_0.1,oracle,1,1,True,True,-0.22427822004592646,0.09443650562535977,-0.050000000000000044,-0.03437499999999993,-0.024255872483221808,0.0
cx0.75_cy0.25_layoutA,0.1,x,0.1,error_minus_oracle,false_negative_suppression,oracle,false_negative_suppression_x_js_0.1,oracle,1,1,True,True,-0.07892293843622611,-0.32856799146997484,-0.40000000000000013,-0.03874999999999995,-0.16969275067750655,-0.3500000000000001
cx0.75_cy0.25_layoutA,0.1,x,0.1,family_pair,spatial_shift,diffuse_blur,spatial_shift_x_js_0.1,diffuse_blur_js_0.1,1,1,True,True,-0.03548601461267292,0.19160535459927086,0.15000000000000013,0.021874999999999978,0.13281306686121863,0.1499999999999999
cx0.75_cy0.25_layoutA,0.1,x,0.1,family_pair,spatial_shift,false_hotspot,spatial_shift_x_js_0.1,false_hotspot_x_js_0.1,1,1,True,True,-0.10082618092384454,-0.2439579448947975,-0.19999999999999996,-0.011875000000000024,-0.07319281897683272,-0.20000000000000018
cx0.75_cy0.25_layoutA,0.1,x,0.1,family_pair,spatial_shift,false_negative_suppression,spatial_shift_x_js_0.1,false_negative_suppression_x_js_0.1,1,1,True,True,-0.2461814625335449,0.1790465522005371,0.15000000000000013,-0.007500000000000007,0.07224405921745203,0.1499999999999999
cx0.75_cy0.25_layoutA,0.1,x,0.1,family_pair,diffuse_blur,false_hotspot,diffuse_blur_js_0.1,false_hotspot_x_js_0.1,1,1,True,True,-0.06534016631117162,-0.43556329949406836,-0.3500000000000001,-0.03375,-0.20600588583805135,-0.3500000000000001
cx0.75_cy0.25_layoutA,0.1,x,0.1,family_pair,diffuse_blur,false_negative_suppression,diffuse_blur_js_0.1,false_negative_suppression_x_js_0.1,1,1,True,True,-0.21069544792087197,-0.012558802398733748,0.0,-0.029374999999999984,-0.060569007643766604,0.0
cx0.75_cy0.25_layoutA,0.1,x,0.1,family_pair,false_hotspot,false_negative_suppression,false_hotspot_x_js_0.1,false_negative_suppression_x_js_0.1,1,1,True,True,-0.14535528160970035,0.4230044970953346,0.3500000000000001,0.004375000000000018,0.14543687819428475,0.3500000000000001
cx0.75_cy0.25_layoutA,0.1,y,0.1,error_minus_oracle,spatial_shift,oracle,spatial_shift_y_js_0.1,oracle,1,1,True,True,-0.12532136642295744,0.06215303467823419,0.09999999999999987,0.0031249999999999334,-0.2373268633540364,-0.3500000000000001
cx0.75_cy0.25_layoutA,0.1,y,0.1,error_minus_oracle,diffuse_blur,oracle,diffuse_blur_js_0.1,oracle,1,1,True,True,-0.2896183863570981,-0.3411267938687086,-0.40000000000000013,-0.06812499999999994,-0.23026175832127316,-0.3500000000000001
cx0.75_cy0.25_layoutA,0.1,y,0.1,error_minus_oracle,false_hotspot,oracle,false_hotspot_y_js_0.1,oracle,1,1,True,True,-0.2233286920746167,-0.3429400162801117,-0.40000000000000013,-0.06062499999999993,-0.1831385135135133,-0.4500000000000002
cx0.75_cy0.25_layoutA,0.1,y,0.1,error_minus_oracle,false_negative_suppression,oracle,false_negative_suppression_y_js_0.1,oracle,1,1,True,True,-0.13887239269320906,-0.2629790707097832,-0.40000000000000013,-0.03437499999999993,-0.0976786912751677,-0.25
cx0.75_cy0.25_layoutA,0.1,y,0.1,family_pair,spatial_shift,diffuse_blur,spatial_shift_y_js_0.1,diffuse_blur_js_0.1,1,1,True,True,0.16429701993414064,0.4032798285469428,0.5,0.07124999999999987,-0.0070651050327632525,0.0
cx0.75_cy0.25_layoutA,0.1,y,0.1,family_pair,spatial_shift,false_hotspot,spatial_shift_y_js_0.1,false_hotspot_y_js_0.1,1,1,True,True,0.09800732565165926,0.4050930509583459,0.5,0.06374999999999986,-0.05418834984052312,0.10000000000000009
cx0.75_cy0.25_layoutA,0.1,y,0.1,family_pair,spatial_shift,false_negative_suppression,spatial_shift_y_js_0.1,false_negative_suppression_y_js_0.1,1,1,True,True,0.01355102627025162,0.3251321053880174,0.5,0.03749999999999987,-0.1396481720788687,-0.10000000000000009
cx0.75_cy0.25_layoutA,0.1,y,0.1,family_pair,diffuse_blur,false_hotspot,diffuse_blur_js_0.1,false_hotspot_y_js_0.1,1,1,True,True,-0.06628969428248138,0.001813222411403137,0.0,-0.007500000000000007,-0.04712324480775987,0.10000000000000009
cx0.75_cy0.25_layoutA,0.1,y,0.1,family_pair,diffuse_blur,false_negative_suppression,diffuse_blur_js_0.1,false_negative_suppression_y_js_0.1,1,1,True,True,-0.15074599366388902,-0.07814772315892538,0.0,-0.03375,-0.13258306704610545,-0.10000000000000009
cx0.75_cy0.25_layoutA,0.1,y,0.1,family_pair,false_hotspot,false_negative_suppression,false_hotspot_y_js_0.1,false_negative_suppression_y_js_0.1,1,1,True,True,-0.08445629938140764,-0.07996094557032851,0.0,-0.026249999999999996,-0.08545982223834558,-0.20000000000000018
cx0.75_cy0.25_layoutA,0.1,x,0.15,error_minus_oracle,spatial_shift,oracle,spatial_shift_x_js_0.15,oracle,1,1,True,True,-0.42749328399129394,-0.12265575802839979,-0.3500000000000001,-0.06749999999999995,-0.09354118497109809,-0.25
cx0.75_cy0.25_layoutA,0.1,x,0.15,error_minus_oracle,diffuse_blur,oracle,diffuse_blur_js_0.15,oracle,1,1,True,True,-0.44473027229746337,-0.3223386080007429,-0.55,-0.06187499999999996,-0.024047253922966583,0.2999999999999998
cx0.75_cy0.25_layoutA,0.1,x,0.15,error_minus_oracle,false_hotspot,oracle,false_hotspot_x_js_0.15,oracle,1,1,True,True,-0.2147815459721263,0.5027783581115486,0.6499999999999999,0.00187499999999996,0.09569255915317632,0.5
cx0.75_cy0.25_layoutA,0.1,x,0.15,error_minus_oracle,false_negative_suppression,oracle,false_negative_suppression_x_js_0.15,oracle,1,1,True,True,-0.08096857845049266,-0.3339194470578939,-0.40000000000000013,-0.039999999999999925,-0.17614673913043433,-0.40000000000000013
cx0.75_cy0.25_layoutA,0.1,x,0.15,family_pair,spatial_shift,diffuse_blur,spatial_shift_x_js_0.15,diffuse_blur_js_0.15,1,1,True,True,0.017236988306169432,0.1996828499723431,0.19999999999999996,-0.005624999999999991,-0.06949393104813151,-0.5499999999999998
cx0.75_cy0.25_layoutA,0.1,x,0.15,family_pair,spatial_shift,false_hotspot,spatial_shift_x_js_0.15,false_hotspot_x_js_0.15,1,1,True,True,-0.21271173801916765,-0.6254341161399484,-1.0,-0.06937499999999991,-0.1892337441242744,-0.75
cx0.75_cy0.25_layoutA,0.1,x,0.15,family_pair,spatial_shift,false_negative_suppression,spatial_shift_x_js_0.15,false_negative_suppression_x_js_0.15,1,1,True,True,-0.3465247055408013,0.2112636890294941,0.050000000000000044,-0.027500000000000024,0.08260555415933624,0.15000000000000013
cx0.75_cy0.25_layoutA,0.1,x,0.15,family_pair,diffuse_blur,false_hotspot,diffuse_blur_js_0.15,false_hotspot_x_js_0.15,1,1,True,True,-0.22994872632533708,-0.8251169661122915,-1.2,-0.06374999999999992,-0.1197398130761429,-0.20000000000000018
cx0.75_cy0.25_layoutA,0.1,x,0.15,family_pair,diffuse_blur,false_negative_suppression,diffuse_blur_js_0.15,false_negative_suppression_x_js_0.15,1,1,True,True,-0.3637616938469707,0.011580839057151016,-0.1499999999999999,-0.021875000000000033,0.15209948520746774,0.7
cx0.75_cy0.25_layoutA,0.1,x,0.15,family_pair,false_hotspot,false_negative_suppression,false_hotspot_x_js_0.15,false_negative_suppression_x_js_0.15,1,1,True,True,-0.13381296752163363,0.8366978051694425,1.05,0.041874999999999885,0.27183929828361064,0.9000000000000001
cx0.75_cy0.25_layoutA,0.1,y,0.15,error_minus_oracle,spatial_shift,oracle,spatial_shift_y_js_0.15,oracle,1,1,True,True,-0.23091356606956492,0.049463328534995465,0.1499999999999999,-0.016249999999999987,-0.3156844315245475,-0.5
cx0.75_cy0.25_layoutA,0.1,y,0.15,error_minus_oracle,diffuse_blur,oracle,diffuse_blur_js_0.15,oracle,1,1,True,True,-0.44473027229746337,-0.3223386080007429,-0.55,-0.06187499999999996,-0.024047253922966583,0.2999999999999998
cx0.75_cy0.25_layoutA,0.1,y,0.15,error_minus_oracle,false_hotspot,oracle,false_hotspot_y_js_0.15,oracle,1,1,True,True,-0.3355045575666602,-0.38287310906166083,-0.4500000000000002,-0.06812499999999994,-0.22063802460202586,-0.4500000000000002
cx0.75_cy0.25_layoutA,0.1,y,0.15,error_minus_oracle,false_negative_suppression,oracle,false_negative_suppression_y_js_0.15,oracle,1,1,True,True,-0.15276670232937783,-0.21549438297078294,-0.40000000000000013,-0.03187499999999993,-0.08451151535380452,-0.20000000000000018
cx0.75_cy0.25_layoutA,0.1,y,0.15,family_pair,spatial_shift,diffuse_blur,spatial_shift_y_js_0.15,diffuse_blur_js_0.15,1,1,True,True,0.21381670622789845,0.37180193653573834,0.7,0.04562499999999997,-0.2916371776015809,-0.7999999999999998
cx0.75_cy0.25_layoutA,0.1,y,0.15,family_pair,spatial_shift,false_hotspot,spatial_shift_y_js_0.15,false_hotspot_y_js_0.15,1,1,True,True,0.10459099149709528,0.4323364375966563,0.6000000000000001,0.05187499999999995,-0.09504640692252164,-0.04999999999999982
cx0.75_cy0.25_layoutA,0.1,y,0.15,family_pair,spatial_shift,false_negative_suppression,spatial_shift_y_js_0.15,false_negative_suppression_y_js_0.15,1,1,True,True,-0.07814686374018709,0.2649577115057784,0.55,0.015624999999999944,-0.23117291617074298,-0.2999999999999998
cx0.75_cy0.25_layoutA,0.1,y,0.15,family_pair,diffuse_blur,false_hotspot,diffuse_blur_js_0.15,false_hotspot_y_js_0.15,1,1,True,True,-0.10922571473080317,0.060534501060917956,-0.09999999999999987,0.006249999999999978,0.19659077067905928,0.75
cx0.75_cy0.25_layoutA,0.1,y,0.15,family_pair,diffuse_blur,false_negative_suppression,diffuse_blur_js_0.15,false_negative_suppression_y_js_0.15,1,1,True,True,-0.29196356996808553,-0.10684422502995994,-0.1499999999999999,-0.030000000000000027,0.06046426143083794,0.5
cx0.75_cy0.25_layoutA,0.1,y,0.15,family_pair,false_hotspot,false_negative_suppression,false_hotspot_y_js_0.15,false_negative_suppression_y_js_0.15,1,1,True,True,-0.18273785523728237,-0.1673787260908779,-0.050000000000000044,-0.036250000000000004,-0.13612650924822134,-0.25
cx0.75_cy0.25_layoutA,0.05,shared,,baseline_minus_oracle,uniform_prior_baseline,oracle,uniform_prior_baseline,oracle,1,1,True,True,-0.4213408520391395,-0.5669679561646634,-0.8,0.013124999999999942,-0.0020953432825092655,0.5999999999999999
cx0.75_cy0.25_layoutA,0.05,x,0.05,error_minus_oracle,spatial_shift,oracle,spatial_shift_x_js_0.05,oracle,1,1,True,True,-0.08203801556494283,0.12623891492893824,0.10000000000000009,-0.01749999999999996,-0.047757904599198486,0.050000000000000044
cx0.75_cy0.25_layoutA,0.05,x,0.05,error_minus_oracle,diffuse_blur,oracle,diffuse_blur_js_0.05,oracle,1,1,True,True,0.015242467015296968,-0.17729916054828565,-0.20000000000000018,-0.009375000000000022,-0.11647281363824069,-0.25
cx0.75_cy0.25_layoutA,0.05,x,0.05,error_minus_oracle,false_hotspot,oracle,false_hotspot_x_js_0.05,oracle,1,1,True,True,-0.05044836684849596,-0.2353930044975705,-0.15000000000000013,-0.020000000000000018,-0.15384834312667328,-0.10000000000000009
cx0.75_cy0.25_layoutA,0.05,x,0.05,error_minus_oracle,false_negative_suppression,oracle,false_negative_suppression_x_js_0.05,oracle,1,1,True,True,0.1052929825138137,-0.012175682481291528,-0.15000000000000013,0.0525000000000001,-0.09763162396371783,-0.15000000000000013
cx0.75_cy0.25_layoutA,0.05,x,0.05,family_pair,spatial_shift,diffuse_blur,spatial_shift_x_js_0.05,diffuse_blur_js_0.05,1,1,True,True,-0.0972804825802398,0.3035380754772239,0.30000000000000027,-0.008124999999999938,0.0687149090390422,0.30000000000000004
cx0.75_cy0.25_layoutA,0.05,x,0.05,family_pair,spatial_shift,false_hotspot,spatial_shift_x_js_0.05,false_hotspot_x_js_0.05,1,1,True,True,-0.03158964871644687,0.36163191942650874,0.2500000000000002,0.0025000000000000577,0.1060904385274748,0.15000000000000013
cx0.75_cy0.25_layoutA,0.05,x,0.05,family_pair,spatial_shift,false_negative_suppression,spatial_shift_x_js_0.05,false_negative_suppression_x_js_0.05,1,1,True,True,-0.18733099807875653,0.13841459741022977,0.2500000000000002,-0.07000000000000006,0.04987371936451934,0.20000000000000018
cx0.75_cy0.25_layoutA,0.05,x,0.05,family_pair,diffuse_blur,false_hotspot,diffuse_blur_js_0.05,false_hotspot_x_js_0.05,1,1,True,True,0.06569083386379293,0.05809384394928485,-0.050000000000000044,0.010624999999999996,0.03737552948843259,-0.1499999999999999
cx0.75_cy0.25_layoutA,0.05,x,0.05,family_pair,diffuse_blur,false_negative_suppression,diffuse_blur_js_0.05,false_negative_suppression_x_js_0.05,1,1,True,True,-0.09005051549851673,-0.16512347806699412,-0.050000000000000044,-0.061875000000000124,-0.018841189674522862,-0.09999999999999987
cx0.75_cy0.25_layoutA,0.05,x,0.05,family_pair,false_hotspot,false_negative_suppression,false_hotspot_x_js_0.05,false_negative_suppression_x_js_0.05,1,1,True,True,-0.15574134936230966,-0.22321732201627897,0.0,-0.07250000000000012,-0.05621671916295545,0.050000000000000044
cx0.75_cy0.25_layoutA,0.05,y,0.05,error_minus_oracle,spatial_shift,oracle,spatial_shift_y_js_0.05,oracle,1,1,True,True,-0.02065247476546228,0.0159009722765191,0.1499999999999999,0.029999999999999916,-0.24631731124589606,-0.3500000000000001
cx0.75_cy0.25_layoutA,0.05,y,0.05,error_minus_oracle,diffuse_blur,oracle,diffuse_blur_js_0.05,oracle,1,1,True,True,0.015242467015296968,-0.17729916054828565,-0.20000000000000018,-0.009375000000000022,-0.11647281363824069,-0.25
cx0.75_cy0.25_layoutA,0.05,y,0.05,error_minus_oracle,false_hotspot,oracle,false_hotspot_y_js_0.05,oracle,1,1,True,True,0.0521363532979956,0.21852745924417638,0.19999999999999973,0.08812500000000012,-0.08519324580804,0.09999999999999987
cx0.75_cy0.25_layoutA,0.05,y,0.05,error_minus_oracle,false_negative_suppression,oracle,false_negative_suppression_y_js_0.05,oracle,1,1,True,True,0.03894736338285043,0.5150415511206017,1.1,0.057499999999999996,0.05341305843061228,0.34999999999999987
cx0.75_cy0.25_layoutA,0.05,y,0.05,family_pair,spatial_shift,diffuse_blur,spatial_shift_y_js_0.05,diffuse_blur_js_0.05,1,1,True,True,-0.03589494178075925,0.19320013282480475,0.3500000000000001,0.03937499999999994,-0.12984449760765537,-0.10000000000000009
cx0.75_cy0.25_layoutA,0.05,y,0.05,family_pair,spatial_shift,false_hotspot,spatial_shift_y_js_0.05,false_hotspot_y_js_0.05,1,1,True,True,-0.07278882806345788,-0.20262648696765728,-0.04999999999999982,-0.058125000000000204,-0.16112406543785607,-0.44999999999999996
cx0.75_cy0.25_layoutA,0.05,y,0.05,family_pair,spatial_shift,false_negative_suppression,spatial_shift_y_js_0.05,false_negative_suppression_y_js_0.05,1,1,True,True,-0.05959983814831271,-0.4991405788440826,-0.9500000000000002,-0.02750000000000008,-0.29973036967650835,-0.7
cx0.75_cy0.25_layoutA,0.05,y,0.05,family_pair,diffuse_blur,false_hotspot,diffuse_blur_js_0.05,false_hotspot_y_js_0.05,1,1,True,True,-0.03689388628269863,-0.39582661979246203,-0.3999999999999999,-0.09750000000000014,-0.031279567830200694,-0.34999999999999987
cx0.75_cy0.25_layoutA,0.05,y,0.05,family_pair,diffuse_blur,false_negative_suppression,diffuse_blur_js_0.05,false_negative_suppression_y_js_0.05,1,1,True,True,-0.023704896367553463,-0.6923407116688873,-1.3000000000000003,-0.06687500000000002,-0.16988587206885297,-0.5999999999999999
cx0.75_cy0.25_layoutA,0.05,y,0.05,family_pair,false_hotspot,false_negative_suppression,false_hotspot_y_js_0.05,false_negative_suppression_y_js_0.05,1,1,True,True,0.013188989915145166,-0.2965140918764253,-0.9000000000000004,0.030625000000000124,-0.13860630423865228,-0.25
cx0.75_cy0.25_layoutA,0.05,x,0.1,error_minus_oracle,spatial_shift,oracle,spatial_shift_x_js_0.1,oracle,1,1,True,True,-0.18918928094120946,0.0767433056211364,-0.050000000000000044,-0.018124999999999947,-0.055363974605237676,0.0
cx0.75_cy0.25_layoutA,0.05,x,0.1,error_minus_oracle,diffuse_blur,oracle,diffuse_blur_js_0.1,oracle,1,1,True,True,-0.16984753561766486,-0.6218674808715989,-0.75,-0.06874999999999998,-0.12485523904003504,-0.40000000000000013
cx0.75_cy0.25_layoutA,0.05,x,0.1,error_minus_oracle,false_hotspot,oracle,false_hotspot_x_js_0.1,oracle,1,1,True,True,-0.05407188954752684,0.7489814382225415,1.2000000000000002,0.012500000000000067,0.14896649480288104,0.55
cx0.75_cy0.25_layoutA,0.05,x,0.1,error_minus_oracle,false_negative_suppression,oracle,false_negative_suppression_x_js_0.1,oracle,1,1,True,True,0.04341938204016538,-0.414070815258355,-0.55,0.0,-0.17695167286245317,-0.44999999999999996
cx0.75_cy0.25_layoutA,0.05,x,0.1,family_pair,spatial_shift,diffuse_blur,spatial_shift_x_js_0.1,diffuse_blur_js_0.1,1,1,True,True,-0.0193417453235446,0.6986107864927353,0.7,0.05062500000000003,0.06949126443479736,0.40000000000000013
cx0.75_cy0.25_layoutA,0.05,x,0.1,family_pair,spatial_shift,false_hotspot,spatial_shift_x_js_0.1,false_hotspot_x_js_0.1,1,1,True,True,-0.13511739139368262,-0.6722381326014051,-1.2500000000000002,-0.030625000000000013,-0.20433046940811872,-0.55
cx0.75_cy0.25_layoutA,0.05,x,0.1,family_pair,spatial_shift,false_negative_suppression,spatial_shift_x_js_0.1,false_negative_suppression_x_js_0.1,1,1,True,True,-0.23260866298137484,0.4908141208794914,0.5,-0.018124999999999947,0.12158769825721549,0.44999999999999996
cx0.75_cy0.25_layoutA,0.05,x,0.1,family_pair,diffuse_blur,false_hotspot,diffuse_blur_js_0.1,false_hotspot_x_js_0.1,1,1,True,True,-0.11577564607013802,-1.3708489190941404,-1.9500000000000002,-0.08125000000000004,-0.2738217338429161,-0.9500000000000002
cx0.75_cy0.25_layoutA,0.05,x,0.1,family_pair,diffuse_blur,false_negative_suppression,diffuse_blur_js_0.1,false_negative_suppression_x_js_0.1,1,1,True,True,-0.21326691765783024,-0.20779666561324395,-0.19999999999999996,-0.06874999999999998,0.05209643382241813,0.04999999999999982
cx0.75_cy0.25_layoutA,0.05,x,0.1,family_pair,false_hotspot,false_negative_suppression,false_hotspot_x_js_0.1,false_negative_suppression_x_js_0.1,1,1,True,True,-0.09749127158769222,1.1630522534808965,1.7500000000000002,0.012500000000000067,0.3259181676653342,1.0
cx0.75_cy0.25_layoutA,0.05,y,0.1,error_minus_oracle,spatial_shift,oracle,spatial_shift_y_js_0.1,oracle,1,1,True,True,-0.027116166532677233,0.04343318560652243,0.19999999999999973,0.0368750000000001,-0.31972735675998987,-0.3500000000000001
cx0.75_cy0.25_layoutA,0.05,y,0.1,error_minus_oracle,diffuse_blur,oracle,diffuse_blur_js_0.1,oracle,1,1,True,True,-0.16984753561766486,-0.6218674808715989,-0.75,-0.06874999999999998,-0.12485523904003504,-0.40000000000000013
cx0.75_cy0.25_layoutA,0.05,y,0.1,error_minus_oracle,false_hotspot,oracle,false_hotspot_y_js_0.1,oracle,1,1,True,True,0.1208278662280885,0.051628942808630285,0.1499999999999999,0.10125000000000017,-0.19112295280076408,0.0
cx0.75_cy0.25_layoutA,0.05,y,0.1,error_minus_oracle,false_negative_suppression,oracle,false_negative_suppression_y_js_0.1,oracle,1,1,True,True,-0.09865285197434981,-0.11514753607521566,-0.25,-0.016874999999999973,-0.04222261938804639,-0.19999999999999996
cx0.75_cy0.25_layoutA,0.05,y,0.1,family_pair,spatial_shift,diffuse_blur,spatial_shift_y_js_0.1,diffuse_blur_js_0.1,1,1,True,True,0.14273136908498762,0.6653006664781214,0.9499999999999997,0.10562500000000008,-0.19487211771995483,0.050000000000000044
cx0.75_cy0.25_layoutA,0.05,y,0.1,family_pair,spatial_shift,false_hotspot,spatial_shift_y_js_0.1,false_hotspot_y_js_0.1,1,1,True,True,-0.14794403276076573,-0.008195757202107856,0.04999999999999982,-0.06437500000000007,-0.1286044039592258,-0.3500000000000001
cx0.75_cy0.25_layoutA,0.05,y,0.1,family_pair,spatial_shift,false_negative_suppression,spatial_shift_y_js_0.1,false_negative_suppression_y_js_0.1,1,1,True,True,0.07153668544167258,0.1585807216817381,0.44999999999999973,0.053750000000000075,-0.2775047373719435,-0.15000000000000013
cx0.75_cy0.25_layoutA,0.05,y,0.1,family_pair,diffuse_blur,false_hotspot,diffuse_blur_js_0.1,false_hotspot_y_js_0.1,1,1,True,True,-0.29067540184575336,-0.6734964236802292,-0.8999999999999999,-0.17000000000000015,0.06626771376072904,-0.40000000000000013
cx0.75_cy0.25_layoutA,0.05,y,0.1,family_pair,diffuse_blur,false_negative_suppression,diffuse_blur_js_0.1,false_negative_suppression_y_js_0.1,1,1,True,True,-0.07119468364331505,-0.5067199447963833,-0.5,-0.051875000000000004,-0.08263261965198865,-0.20000000000000018
cx0.75_cy0.25_layoutA,0.05,y,0.1,family_pair,false_hotspot,false_negative_suppression,false_hotspot_y_js_0.1,false_negative_suppression_y_js_0.1,1,1,True,True,0.2194807182024383,0.16677647888384595,0.3999999999999999,0.11812500000000015,-0.1489003334127177,0.19999999999999996
cx0.75_cy0.25_layoutA,0.05,x,0.15,error_minus_oracle,spatial_shift,oracle,spatial_shift_x_js_0.15,oracle,1,1,True,True,-0.2911860694661859,0.07084002399429634,-0.10000000000000009,-0.031249999999999944,-0.06359078996691725,-0.050000000000000044
cx0.75_cy0.25_layoutA,0.05,x,0.15,error_minus_oracle,diffuse_blur,oracle,diffuse_blur_js_0.15,oracle,1,1,True,True,-0.3259179491126048,-0.6343333146830918,-0.8,-0.02937499999999993,-0.05878807147981435,0.34999999999999987
cx0.75_cy0.25_layoutA,0.05,x,0.15,error_minus_oracle,false_hotspot,oracle,false_hotspot_x_js_0.15,oracle,1,1,True,True,-0.17192214034185493,1.009335142386552,1.4500000000000002,0.024374999999999925,0.25386621494546935,0.95
cx0.75_cy0.25_layoutA,0.05,x,0.15,error_minus_oracle,false_negative_suppression,oracle,false_negative_suppression_x_js_0.15,oracle,1,1,True,True,0.02643767640318173,-0.48998692489172213,-0.6000000000000001,-0.0031249999999999334,-0.16701848229488236,-0.44999999999999996
cx0.75_cy0.25_layoutA,0.05,x,0.15,family_pair,spatial_shift,diffuse_blur,spatial_shift_x_js_0.15,diffuse_blur_js_0.15,1,1,True,True,0.034731879646418884,0.7051733386773882,0.7,-0.0018750000000000155,-0.004802718487102897,-0.3999999999999999
cx0.75_cy0.25_layoutA,0.05,x,0.15,family_pair,spatial_shift,false_hotspot,spatial_shift_x_js_0.15,false_hotspot_x_js_0.15,1,1,True,True,-0.11926392912433098,-0.9384951183922556,-1.5500000000000003,-0.05562499999999987,-0.3174570049123866,-1.0
cx0.75_cy0.25_layoutA,0.05,x,0.15,family_pair,spatial_shift,false_negative_suppression,spatial_shift_x_js_0.15,false_negative_suppression_x_js_0.15,1,1,True,True,-0.31762374586936765,0.5608269488860185,0.5,-0.02812500000000001,0.10342769232796512,0.3999999999999999
cx0.75_cy0.25_layoutA,0.05,x,0.15,family_pair,diffuse_blur,false_hotspot,diffuse_blur_js_0.15,false_hotspot_x_js_0.15,1,1,True,True,-0.15399580877074986,-1.6436684570696438,-2.25,-0.05374999999999985,-0.3126542864252837,-0.6000000000000001
cx0.75_cy0.25_layoutA,0.05,x,0.15,family_pair,diffuse_blur,false_negative_suppression,diffuse_blur_js_0.15,false_negative_suppression_x_js_0.15,1,1,True,True,-0.35235562551578653,-0.1443463897913697,-0.19999999999999996,-0.026249999999999996,0.10823041081506801,0.7999999999999998
cx0.75_cy0.25_layoutA,0.05,x,0.15,family_pair,false_hotspot,false_negative_suppression,false_hotspot_x_js_0.15,false_negative_suppression_x_js_0.15,1,1,True,True,-0.19835981674503667,1.499322067278274,2.0500000000000003,0.027499999999999858,0.4208846972403517,1.4
cx0.75_cy0.25_layoutA,0.05,y,0.15,error_minus_oracle,spatial_shift,oracle,spatial_shift_y_js_0.15,oracle,1,1,True,True,-0.04236264508023868,0.09251663714906755,0.2999999999999998,0.03312499999999996,-0.356049393389239,-0.44999999999999996
cx0.75_cy0.25_layoutA,0.05,y,0.15,error_minus_oracle,diffuse_blur,oracle,diffuse_blur_js_0.15,oracle,1,1,True,True,-0.3259179491126048,-0.6343333146830918,-0.8,-0.02937499999999993,-0.05878807147981435,0.34999999999999987
cx0.75_cy0.25_layoutA,0.05,y,0.15,error_minus_oracle,false_hotspot,oracle,false_hotspot_y_js_0.15,oracle,1,1,True,True,-0.10692751436649328,-0.44282157550343837,-0.5,-0.02312499999999995,-0.2060146606800881,-0.44999999999999996
cx0.75_cy0.25_layoutA,0.05,y,0.15,error_minus_oracle,false_negative_suppression,oracle,false_negative_suppression_y_js_0.15,oracle,1,1,True,True,-0.18141388177829698,-0.43193242118371433,-0.6500000000000001,-0.02749999999999997,-0.0070375368864503685,-0.19999999999999996
cx0.75_cy0.25_layoutA,0.05,y,0.15,family_pair,spatial_shift,diffuse_blur,spatial_shift_y_js_0.15,diffuse_blur_js_0.15,1,1,True,True,0.2835553040323661,0.7268499518321594,1.0999999999999999,0.06249999999999989,-0.29726132190942467,-0.7999999999999998
cx0.75_cy0.25_layoutA,0.05,y,0.15,family_pair,spatial_shift,false_hotspot,spatial_shift_y_js_0.15,false_hotspot_y_js_0.15,1,1,True,True,0.0645648692862546,0.5353382126525059,0.7999999999999998,0.05624999999999991,-0.1500347327091509,0.0
cx0.75_cy0.25_layoutA,0.05,y,0.15,family_pair,spatial_shift,false_negative_suppression,spatial_shift_y_js_0.15,false_negative_suppression_y_js_0.15,1,1,True,True,0.1390512366980583,0.5244490583327819,0.95,0.06062499999999993,-0.34901185650278865,-0.25
cx0.75_cy0.25_layoutA,0.05,y,0.15,family_pair,diffuse_blur,false_hotspot,diffuse_blur_js_0.15,false_hotspot_y_js_0.15,1,1,True,True,-0.21899043474611152,-0.19151173917965347,-0.30000000000000004,-0.006249999999999978,0.14722658920027376,0.7999999999999998
cx0.75_cy0.25_layoutA,0.05,y,0.15,family_pair,diffuse_blur,false_negative_suppression,diffuse_blur_js_0.15,false_negative_suppression_y_js_0.15,1,1,True,True,-0.14450406733430782,-0.2024008934993775,-0.1499999999999999,-0.00187499999999996,-0.051750534593363984,0.5499999999999998
cx0.75_cy0.25_layoutA,0.05,y,0.15,family_pair,false_hotspot,false_negative_suppression,false_hotspot_y_js_0.15,false_negative_suppression_y_js_0.15,1,1,True,True,0.0744863674118037,-0.010889154319724037,0.15000000000000013,0.004375000000000018,-0.19897712379363774,-0.25
cx0.75_cy0.25_layoutB,0.1,shared,,baseline_minus_oracle,uniform_prior_baseline,oracle,uniform_prior_baseline,oracle,1,1,True,True,-0.4977773252020961,-0.3355868250320546,-0.6000000000000001,-0.04503916449086165,0.003463270871153501,0.3500000000000001
cx0.75_cy0.25_layoutB,0.1,x,0.05,error_minus_oracle,spatial_shift,oracle,spatial_shift_x_js_0.05,oracle,1,1,True,True,-0.03625746263807039,0.5765759433187045,1.0,0.003916449086161955,0.11439016116514455,0.5500000000000003
cx0.75_cy0.25_layoutB,0.1,x,0.05,error_minus_oracle,diffuse_blur,oracle,diffuse_blur_js_0.05,oracle,1,1,True,True,-0.1314060993362266,-0.281408192268779,-0.3500000000000001,-0.047650130548302916,-0.16879106438896185,-0.3500000000000001
cx0.75_cy0.25_layoutB,0.1,x,0.05,error_minus_oracle,false_hotspot,oracle,false_hotspot_x_js_0.05,oracle,1,1,True,True,-0.2192265009992732,-0.3128497854492742,-0.3500000000000001,-0.060704960835509136,-0.19453956738297395,-0.3999999999999999
cx0.75_cy0.25_layoutB,0.1,x,0.05,error_minus_oracle,false_negative_suppression,oracle,false_negative_suppression_x_js_0.05,oracle,1,1,True,True,-0.059663125637233305,-0.25881474868947696,-0.30000000000000004,-0.03328981723237601,-0.17548120523403266,-0.3999999999999999
cx0.75_cy0.25_layoutB,0.1,x,0.05,family_pair,spatial_shift,diffuse_blur,spatial_shift_x_js_0.05,diffuse_blur_js_0.05,1,1,True,True,0.09514863669815621,0.8579841355874835,1.35,0.05156657963446487,0.2831812255541064,0.9000000000000004
cx0.75_cy0.25_layoutB,0.1,x,0.05,family_pair,spatial_shift,false_hotspot,spatial_shift_x_js_0.05,false_hotspot_x_js_0.05,1,1,True,True,0.18296903836120282,0.8894257287679788,1.35,0.06462140992167109,0.3089297285481185,0.9500000000000002
cx0.75_cy0.25_layoutB,0.1,x,0.05,family_pair,spatial_shift,false_negative_suppression,spatial_shift_x_js_0.05,false_negative_suppression_x_js_0.05,1,1,True,True,0.023405662999162913,0.8353906920081815,1.3,0.03720626631853796,0.2898713663991772,0.9500000000000002
cx0.75_cy0.25_layoutB,0.1,x,0.05,family_pair,diffuse_blur,false_hotspot,diffuse_blur_js_0.05,false_hotspot_x_js_0.05,1,1,True,True,0.08782040166304661,0.03144159318049522,0.0,0.01305483028720622,0.0257485029940121,0.04999999999999982
cx0.75_cy0.25_layoutB,0.1,x,0.05,family_pair,diffuse_blur,false_negative_suppression,diffuse_blur_js_0.05,false_negative_suppression_x_js_0.05,1,1,True,True,-0.0717429736989933,-0.02259344357930204,-0.050000000000000044,-0.01436031331592691,0.006690140845070802,0.04999999999999982
cx0.75_cy0.25_layoutB,0.1,x,0.05,family_pair,false_hotspot,false_negative_suppression,false_hotspot_x_js_0.05,false_negative_suppression_x_js_0.05,1,1,True,True,-0.1595633753620399,-0.05403503675979726,-0.050000000000000044,-0.02741514360313313,-0.0190583621489413,0.0
cx0.75_cy0.25_layoutB,0.1,y,0.05,error_minus_oracle,spatial_shift,oracle,spatial_shift_y_js_0.05,oracle,1,1,True,True,-0.05012889435390411,0.07347518780221529,0.1499999999999999,-0.007180156657963455,-0.13359106438896218,-0.10000000000000009
cx0.75_cy0.25_layoutB,0.1,y,0.05,error_minus_oracle,diffuse_blur,oracle,diffuse_blur_js_0.05,oracle,1,1,True,True,-0.1314060993362266,-0.281408192268779,-0.3500000000000001,-0.047650130548302916,-0.16879106438896185,-0.3500000000000001
cx0.75_cy0.25_layoutB,0.1,y,0.05,error_minus_oracle,false_hotspot,oracle,false_hotspot_y_js_0.05,oracle,1,1,True,True,-0.11729877907691899,-0.20569199788296322,-0.25,-0.048955613577023493,-0.15537998567176103,-0.3500000000000001
cx0.75_cy0.25_layoutB,0.1,y,0.05,error_minus_oracle,false_negative_suppression,oracle,false_negative_suppression_y_js_0.05,oracle,1,1,True,True,-0.13286636381109695,-0.27158795030448446,-0.40000000000000013,-0.041122715404699806,-0.14909192398781546,-0.3500000000000001
cx0.75_cy0.25_layoutB,0.1,y,0.05,family_pair,spatial_shift,diffuse_blur,spatial_shift_y_js_0.05,diffuse_blur_js_0.05,1,1,True,True,0.08127720498232249,0.3548833800709943,0.5,0.04046997389033946,0.035199999999999676,0.25
cx0.75_cy0.25_layoutB,0.1,y,0.05,family_pair,spatial_shift,false_hotspot,spatial_shift_y_js_0.05,false_hotspot_y_js_0.05,1,1,True,True,0.06716988472301488,0.2791671856851785,0.3999999999999999,0.04177545691906004,0.021788921282798857,0.25
cx0.75_cy0.25_layoutB,0.1,y,0.05,family_pair,spatial_shift,false_negative_suppression,spatial_shift_y_js_0.05,false_negative_suppression_y_js_0.05,1,1,True,True,0.08273746945719285,0.34506313810669975,0.55,0.03394255874673635,0.015500859598853278,0.25
cx0.75_cy0.25_layoutB,0.1,y,0.05,family_pair,diffuse_blur,false_hotspot,diffuse_blur_js_0.05,false_hotspot_y_js_0.05,1,1,True,True,-0.01410732025930761,-0.07571619438581578,-0.10000000000000009,0.0013054830287205776,-0.01341107871720082,0.0
cx0.75_cy0.25_layoutB,0.1,y,0.05,family_pair,diffuse_blur,false_negative_suppression,diffuse_blur_js_0.05,false_negative_suppression_y_js_0.05,1,1,True,True,0.0014602644748703542,-0.00982024196429454,0.050000000000000044,-0.00652741514360311,-0.019699140401146398,0.0
cx0.75_cy0.25_layoutB,0.1,y,0.05,family_pair,false_hotspot,false_negative_suppression,false_hotspot_y_js_0.05,false_negative_suppression_y_js_0.05,1,1,True,True,0.015567584734177964,0.06589595242152124,0.15000000000000013,-0.007832898172323688,-0.006288061683945578,0.0
cx0.75_cy0.25_layoutB,0.1,x,0.1,error_minus_oracle,spatial_shift,oracle,spatial_shift_x_js_0.1,oracle,1,1,True,True,-0.2229496393175373,0.5204479532175643,0.8999999999999999,-0.031331592689295085,0.06655255412436212,0.5500000000000003
cx0.75_cy0.25_layoutB,0.1,x,0.1,error_minus_oracle,diffuse_blur,oracle,diffuse_blur_js_0.1,oracle,1,1,True,True,-0.31696414574206605,-0.4620870134229429,-0.5,-0.08355091383812013,-0.33474683058169474,-0.3999999999999999
cx0.75_cy0.25_layoutB,0.1,x,0.1,error_minus_oracle,false_hotspot,oracle,false_hotspot_x_js_0.1,oracle,1,1,True,True,-0.23908832964322257,0.06444514838642523,-0.050000000000000044,-0.04308093994778073,-0.08979825863356616,-0.10000000000000009
cx0.75_cy0.25_layoutB,0.1,x,0.1,error_minus_oracle,false_negative_suppression,oracle,false_negative_suppression_x_js_0.1,oracle,1,1,True,True,-0.08985004124596518,-0.35507531525930935,-0.40000000000000013,-0.043733681462141016,-0.21000143902873125,-0.44999999999999996
cx0.75_cy0.25_layoutB,0.1,x,0.1,family_pair,spatial_shift,diffuse_blur,spatial_shift_x_js_0.1,diffuse_blur_js_0.1,1,1,True,True,0.09401450642452874,0.9825349666405072,1.4,0.05221932114882505,0.40129938470605686,0.9500000000000002
cx0.75_cy0.25_layoutB,0.1,x,0.1,family_pair,spatial_shift,false_hotspot,spatial_shift_x_js_0.1,false_hotspot_x_js_0.1,1,1,True,True,0.016138690325685268,0.4560028048311391,0.95,0.011749347258485643,0.15635081275792828,0.6500000000000004
cx0.75_cy0.25_layoutB,0.1,x,0.1,family_pair,spatial_shift,false_negative_suppression,spatial_shift_x_js_0.1,false_negative_suppression_x_js_0.1,1,1,True,True,-0.13309959807157212,0.8755232684768737,1.3,0.012402088772845932,0.27655399315309337,1.0000000000000002
cx0.75_cy0.25_layoutB,0.1,x,0.1,family_pair,diffuse_blur,false_hotspot,diffuse_blur_js_0.1,false_hotspot_x_js_0.1,1,1,True,True,-0.07787581609884348,-0.5265321618093681,-0.44999999999999996,-0.040469973890339406,-0.24494857194812858,-0.2999999999999998
cx0.75_cy0.25_layoutB,0.1,x,0.1,family_pair,diffuse_blur,false_negative_suppression,diffuse_blur_js_0.1,false_negative_suppression_x_js_0.1,1,1,True,True,-0.22711410449610087,-0.10701169816363354,-0.09999999999999987,-0.03981723237597912,-0.12474539155296349,0.050000000000000044
cx0.75_cy0.25_layoutB,0.1,x,0.1,family_pair,false_hotspot,false_negative_suppression,false_hotspot_x_js_0.1,false_negative_suppression_x_js_0.1,1,1,True,True,-0.1492382883972574,0.4195204636457346,0.3500000000000001,0.0006527415143602888,0.12020318039516509,0.34999999999999987
cx0.75_cy0.25_layoutB,0.1,y,0.1,error_minus_oracle,spatial_shift,oracle,spatial_shift_y_js_0.1,oracle,1,1,True,True,-0.12366749683514477,0.09068289420048226,0.1499999999999999,-0.02415143603133163,-0.1875065340022215,-0.19999999999999996
cx0.75_cy0.25_layoutB,0.1,y,0.1,error_minus_oracle,diffuse_blur,oracle,diffuse_blur_js_0.1,oracle,1,1,True,True,-0.31696414574206605,-0.4620870134229429,-0.5,-0.08355091383812013,-0.33474683058169474,-0.3999999999999999
cx0.75_cy0.25_layoutB,0.1,y,0.1,error_minus_oracle,false_hotspot,oracle,false_hotspot_y_js_0.1,oracle,1,1,True,True,-0.24135916236397004,-0.36719688496094305,-0.40000000000000013,-0.07963446475195823,-0.2048630518693999,-0.5
cx0.75_cy0.25_layoutB,0.1,y,0.1,error_minus_oracle,false_negative_suppression,oracle,false_negative_suppression_y_js_0.1,oracle,1,1,True,True,-0.1590513259284866,-0.3173922769411779,-0.4500000000000002,-0.041775456919060094,-0.1888771476027351,-0.3999999999999999
cx0.75_cy0.25_layoutB,0.1,y,0.1,family_pair,spatial_shift,diffuse_blur,spatial_shift_y_js_0.1,diffuse_blur_js_0.1,1,1,True,True,0.19329664890692128,0.5527699076234251,0.6499999999999999,0.0593994778067885,0.14724029657947324,0.19999999999999996
cx0.75_cy0.25_layoutB,0.1,y,0.1,family_pair,spatial_shift,false_hotspot,spatial_shift_y_js_0.1,false_hotspot_y_js_0.1,1,1,True,True,0.11769166552882526,0.4578797791614253,0.55,0.055483028720626604,0.0173565178671784,0.30000000000000004
cx0.75_cy0.25_layoutB,0.1,y,0.1,family_pair,spatial_shift,false_negative_suppression,spatial_shift_y_js_0.1,false_negative_suppression_y_js_0.1,1,1,True,True,0.03538382909334181,0.40807517114166014,0.6000000000000001,0.017624020887728464,0.0013706136005136038,0.19999999999999996
cx0.75_cy0.25_layoutB,0.1,y,0.1,family_pair,diffuse_blur,false_hotspot,diffuse_blur_js_0.1,false_hotspot_y_js_0.1,1,1,True,True,-0.07560498337809601,-0.09489012846199985,-0.09999999999999987,-0.0039164490861618995,-0.12988377871229484,0.10000000000000009
cx0.75_cy0.25_layoutB,0.1,y,0.1,family_pair,diffuse_blur,false_negative_suppression,diffuse_blur_js_0.1,false_negative_suppression_y_js_0.1,1,1,True,True,-0.15791281981357946,-0.144694736481765,-0.04999999999999982,-0.04177545691906004,-0.14586968297895964,0.0
cx0.75_cy0.25_layoutB,0.1,y,0.1,family_pair,false_hotspot,false_negative_suppression,false_hotspot_y_js_0.1,false_negative_suppression_y_js_0.1,1,1,True,True,-0.08230783643548345,-0.04980460801976516,0.050000000000000044,-0.03785900783289814,-0.015985904266664797,-0.10000000000000009
cx0.75_cy0.25_layoutB,0.1,x,0.15,error_minus_oracle,spatial_shift,oracle,spatial_shift_x_js_0.15,oracle,1,1,True,True,-0.39913665451530844,0.45193538346774,0.8500000000000001,-0.06527415143603132,0.039756590679116854,0.5
cx0.75_cy0.25_layoutB,0.1,x,0.15,error_minus_oracle,diffuse_blur,oracle,diffuse_blur_js_0.15,oracle,1,1,True,True,-0.41720568497293,-0.41301783172572626,-0.55,-0.08485639686684077,-0.11522529576772556,-0.050000000000000044
cx0.75_cy0.25_layoutB,0.1,x,0.15,error_minus_oracle,false_hotspot,oracle,false_hotspot_x_js_0.15,oracle,1,1,True,True,-0.21491709457666563,0.46678503376146585,0.6499999999999999,0.004569190600522188,-0.006681689388961853,0.25
cx0.75_cy0.25_layoutB,0.1,x,0.15,error_minus_oracle,false_negative_suppression,oracle,false_negative_suppression_x_js_0.15,oracle,1,1,True,True,-0.0927620738724676,-0.3630112466605875,-0.40000000000000013,-0.044386422976501305,-0.21042165601955354,-0.44999999999999996
cx0.75_cy0.25_layoutB,0.1,x,0.15,family_pair,spatial_shift,diffuse_blur,spatial_shift_x_js_0.15,diffuse_blur_js_0.15,1,1,True,True,0.018069030457621538,0.8649532151934662,1.4000000000000001,0.019582245430809442,0.1549818864468424,0.55
cx0.75_cy0.25_layoutB,0.1,x,0.15,family_pair,spatial_shift,false_hotspot,spatial_shift_x_js_0.15,false_hotspot_x_js_0.15,1,1,True,True,-0.1842195599386428,-0.014849650293725869,0.20000000000000018,-0.06984334203655351,0.04643828006807871,0.25
cx0.75_cy0.25_layoutB,0.1,x,0.15,family_pair,spatial_shift,false_negative_suppression,spatial_shift_x_js_0.15,false_negative_suppression_x_js_0.15,1,1,True,True,-0.30637458064284084,0.8149466301283275,1.2500000000000002,-0.02088772845953002,0.2501782466986704,0.95
cx0.75_cy0.25_layoutB,0.1,x,0.15,family_pair,diffuse_blur,false_hotspot,diffuse_blur_js_0.15,false_hotspot_x_js_0.15,1,1,True,True,-0.20228859039626435,-0.8798028654871921,-1.2,-0.08942558746736295,-0.1085436063787637,-0.30000000000000004
cx0.75_cy0.25_layoutB,0.1,x,0.15,family_pair,diffuse_blur,false_negative_suppression,diffuse_blur_js_0.15,false_negative_suppression_x_js_0.15,1,1,True,True,-0.3244436111004624,-0.050006585065138776,-0.1499999999999999,-0.04046997389033946,0.09519636025182798,0.3999999999999999
cx0.75_cy0.25_layoutB,0.1,x,0.15,family_pair,false_hotspot,false_negative_suppression,false_hotspot_x_js_0.15,false_negative_suppression_x_js_0.15,1,1,True,True,-0.12215502070419804,0.8297962804220533,1.05,0.048955613577023493,0.20373996663059168,0.7
cx0.75_cy0.25_layoutB,0.1,y,0.15,error_minus_oracle,spatial_shift,oracle,spatial_shift_y_js_0.15,oracle,1,1,True,True,-0.3722998290074806,-0.032343633356768375,-0.20000000000000018,-0.09399477806788514,-0.17138425725768158,-0.55
cx0.75_cy0.25_layoutB,0.1,y,0.15,error_minus_oracle,diffuse_blur,oracle,diffuse_blur_js_0.15,oracle,1,1,True,True,-0.41720568497293,-0.41301783172572626,-0.55,-0.08485639686684077,-0.11522529576772556,-0.050000000000000044
cx0.75_cy0.25_layoutB,0.1,y,0.15,error_minus_oracle,false_hotspot,oracle,false_hotspot_y_js_0.15,oracle,1,1,True,True,-0.33097515269777134,-0.4048357723746381,-0.4500000000000002,-0.08420365535248042,-0.2558163808446581,-0.44999999999999996
cx0.75_cy0.25_layoutB,0.1,y,0.15,error_minus_oracle,false_negative_suppression,oracle,false_negative_suppression_y_js_0.15,oracle,1,1,True,True,-0.16723140747226106,-0.29304172748615165,-0.4500000000000002,-0.04046997389033946,-0.1885335536593482,-0.3999999999999999
cx0.75_cy0.25_layoutB,0.1,y,0.15,family_pair,spatial_shift,diffuse_blur,spatial_shift_y_js_0.15,diffuse_blur_js_0.15,1,1,True,True,0.04490585596544938,0.3806741983689579,0.34999999999999987,-0.009138381201044377,-0.05615896148995603,-0.5
cx0.75_cy0.25_layoutB,0.1,y,0.15,family_pair,spatial_shift,false_hotspot,spatial_shift_y_js_0.15,false_hotspot_y_js_0.15,1,1,True,True,-0.04132467630970926,0.3724921390178697,0.25,-0.009791122715404721,0.08443212358697649,-0.10000000000000009
cx0.75_cy0.25_layoutB,0.1,y,0.15,family_pair,spatial_shift,false_negative_suppression,spatial_shift_y_js_0.15,false_negative_suppression_y_js_0.15,1,1,True,True,-0.20506842153521954,0.2606980941293833,0.25,-0.05352480417754568,0.017149296401666625,-0.15000000000000013
cx0.75_cy0.25_layoutB,0.1,y,0.15,family_pair,diffuse_blur,false_hotspot,diffuse_blur_js_0.15,false_hotspot_y_js_0.15,1,1,True,True,-0.08623053227515864,-0.008182059351088178,-0.09999999999999987,-0.0006527415143603443,0.14059108507693252,0.3999999999999999
cx0.75_cy0.25_layoutB,0.1,y,0.15,family_pair,diffuse_blur,false_negative_suppression,diffuse_blur_js_0.15,false_negative_suppression_y_js_0.15,1,1,True,True,-0.24997427750066892,-0.11997610423957461,-0.09999999999999987,-0.044386422976501305,0.07330825789162265,0.34999999999999987
cx0.75_cy0.25_layoutB,0.1,y,0.15,family_pair,false_hotspot,false_negative_suppression,false_hotspot_y_js_0.15,false_negative_suppression_y_js_0.15,1,1,True,True,-0.16374374522551027,-0.11179404488848643,0.0,-0.04373368146214096,-0.06728282718530987,-0.050000000000000044
cx0.75_cy0.25_layoutB,0.05,shared,,baseline_minus_oracle,uniform_prior_baseline,oracle,uniform_prior_baseline,oracle,1,1,True,True,-0.3754733790189357,-0.664582500753514,-0.75,0.005221932114882477,-0.19461688689437384,0.3500000000000001
cx0.75_cy0.25_layoutB,0.05,x,0.05,error_minus_oracle,spatial_shift,oracle,spatial_shift_x_js_0.05,oracle,1,1,True,True,-0.07784746179972601,0.22818272847570187,0.19999999999999996,-0.029373368146214107,-0.009910588708057055,0.1499999999999999
cx0.75_cy0.25_layoutB,0.05,x,0.05,error_minus_oracle,diffuse_blur,oracle,diffuse_blur_js_0.05,oracle,1,1,True,True,0.06484408697677901,0.08963670665755163,0.24999999999999978,0.03459530026109653,-0.15561294563148698,-0.050000000000000266
cx0.75_cy0.25_layoutB,0.05,x,0.05,error_minus_oracle,false_hotspot,oracle,false_hotspot_x_js_0.05,oracle,1,1,True,True,-0.030259023706441845,-0.0013917439515318542,-0.10000000000000009,-0.007832898172323743,-0.1442460317460319,-0.2500000000000002
cx0.75_cy0.25_layoutB,0.05,x,0.05,error_minus_oracle,false_negative_suppression,oracle,false_negative_suppression_x_js_0.05,oracle,1,1,True,True,0.08865346437827193,0.09181646438344027,0.050000000000000044,0.058093994778067815,-0.11033577533577477,0.0
cx0.75_cy0.25_layoutB,0.05,x,0.05,family_pair,spatial_shift,diffuse_blur,spatial_shift_x_js_0.05,diffuse_blur_js_0.05,1,1,True,True,-0.14269154877650503,0.13854602181815023,-0.04999999999999982,-0.06396866840731064,0.14570235692342992,0.20000000000000018
cx0.75_cy0.25_layoutB,0.05,x,0.05,family_pair,spatial_shift,false_hotspot,spatial_shift_x_js_0.05,false_hotspot_x_js_0.05,1,1,True,True,-0.04758843809328417,0.22957447242723372,0.30000000000000004,-0.021540469973890364,0.13433544303797484,0.40000000000000013
cx0.75_cy0.25_layoutB,0.05,x,0.05,family_pair,spatial_shift,false_negative_suppression,spatial_shift_x_js_0.05,false_negative_suppression_x_js_0.05,1,1,True,True,-0.16650092617799794,0.1363662640922616,0.1499999999999999,-0.08746736292428192,0.10042518662771771,0.1499999999999999
cx0.75_cy0.25_layoutB,0.05,x,0.05,family_pair,diffuse_blur,false_hotspot,diffuse_blur_js_0.05,false_hotspot_x_js_0.05,1,1,True,True,0.09510311068322086,0.09102845060908349,0.34999999999999987,0.04242819843342027,-0.011366913885455077,0.19999999999999996
cx0.75_cy0.25_layoutB,0.05,x,0.05,family_pair,diffuse_blur,false_negative_suppression,diffuse_blur_js_0.05,false_negative_suppression_x_js_0.05,1,1,True,True,-0.023809377401492915,-0.0021797577258886314,0.19999999999999973,-0.023498694516971286,-0.04527717029571221,-0.050000000000000266
cx0.75_cy0.25_layoutB,0.05,x,0.05,family_pair,false_hotspot,false_negative_suppression,false_hotspot_x_js_0.05,false_negative_suppression_x_js_0.05,1,1,True,True,-0.11891248808471377,-0.09320820833497212,-0.15000000000000013,-0.06592689295039156,-0.033910256410257134,-0.2500000000000002
cx0.75_cy0.25_layoutB,0.05,y,0.05,error_minus_oracle,spatial_shift,oracle,spatial_shift_y_js_0.05,oracle,1,1,True,True,-0.028732782148887748,0.028394779736581555,0.15000000000000013,0.016318537859007776,-0.21893126435379928,-0.10000000000000009
cx0.75_cy0.25_layoutB,0.05,y,0.05,error_minus_oracle,diffuse_blur,oracle,diffuse_blur_js_0.05,oracle,1,1,True,True,0.06484408697677901,0.08963670665755163,0.24999999999999978,0.03459530026109653,-0.15561294563148698,-0.050000000000000266
cx0.75_cy0.25_layoutB,0.05,y,0.05,error_minus_oracle,false_hotspot,oracle,false_hotspot_y_js_0.05,oracle,1,1,True,True,0.01763591281941368,0.20370600320098697,0.19999999999999996,0.06984334203655346,-0.12306507384722876,0.09999999999999964
cx0.75_cy0.25_layoutB,0.05,y,0.05,error_minus_oracle,false_negative_suppression,oracle,false_negative_suppression_y_js_0.05,oracle,1,1,True,True,0.02596180007037252,0.49442814540766333,1.2,0.05352480417754574,-0.0016943213243933997,0.6000000000000001
cx0.75_cy0.25_layoutB,0.05,y,0.05,family_pair,spatial_shift,diffuse_blur,spatial_shift_y_js_0.05,diffuse_blur_js_0.05,1,1,True,True,-0.09357686912566676,-0.06124192692097008,-0.09999999999999964,-0.018276762402088753,-0.0633183187223123,-0.04999999999999982
cx0.75_cy0.25_layoutB,0.05,y,0.05,family_pair,spatial_shift,false_hotspot,spatial_shift_y_js_0.05,false_hotspot_y_js_0.05,1,1,True,True,-0.04636869496830143,-0.17531122346440542,-0.04999999999999982,-0.05352480417754568,-0.09586619050657053,-0.19999999999999973
cx0.75_cy0.25_layoutB,0.05,y,0.05,family_pair,spatial_shift,false_negative_suppression,spatial_shift_y_js_0.05,false_negative_suppression_y_js_0.05,1,1,True,True,-0.05469458221926027,-0.4660333656710818,-1.0499999999999998,-0.03720626631853796,-0.21723694302940588,-0.7000000000000002
cx0.75_cy0.25_layoutB,0.05,y,0.05,family_pair,diffuse_blur,false_hotspot,diffuse_blur_js_0.05,false_hotspot_y_js_0.05,1,1,True,True,0.047208174157365335,-0.11406929654343534,0.04999999999999982,-0.03524804177545693,-0.03254787178425822,-0.1499999999999999
cx0.75_cy0.25_layoutB,0.05,y,0.05,family_pair,diffuse_blur,false_negative_suppression,diffuse_blur_js_0.05,false_negative_suppression_y_js_0.05,1,1,True,True,0.038882286906406494,-0.4047914387501117,-0.9500000000000002,-0.01892950391644921,-0.15391862430709358,-0.6500000000000004
cx0.75_cy0.25_layoutB,0.05,y,0.05,family_pair,false_hotspot,false_negative_suppression,false_hotspot_y_js_0.05,false_negative_suppression_y_js_0.05,1,1,True,True,-0.008325887250958841,-0.29072214220667636,-1.0,0.01631853785900772,-0.12137075252283536,-0.5000000000000004
cx0.75_cy0.25_layoutB,0.05,x,0.1,error_minus_oracle,spatial_shift,oracle,spatial_shift_x_js_0.1,oracle,1,1,True,True,-0.14696640685640805,0.2947386143100017,0.15000000000000013,-0.02676240208877284,-0.010615495615495796,0.09999999999999964
cx0.75_cy0.25_layoutB,0.05,x,0.1,error_minus_oracle,diffuse_blur,oracle,diffuse_blur_js_0.1,oracle,1,1,True,True,-0.08042758822530582,-0.31040202605829026,-0.30000000000000004,-0.027415143603133185,-0.24596171802054156,-0.40000000000000013
cx0.75_cy0.25_layoutB,0.05,x,0.1,error_minus_oracle,false_hotspot,oracle,false_hotspot_x_js_0.1,oracle,1,1,True,True,-0.039968573953217734,0.7543689579053856,1.3,0.045039164490861594,0.018890331890331957,0.44999999999999973
cx0.75_cy0.25_layoutB,0.05,x,0.1,error_minus_oracle,false_negative_suppression,oracle,false_negative_suppression_x_js_0.1,oracle,1,1,True,True,0.08570440689693781,-0.16702224212106764,-0.3500000000000001,0.03655352480417756,-0.19028461959496434,-0.30000000000000027
cx0.75_cy0.25_layoutB,0.05,x,0.1,family_pair,spatial_shift,diffuse_blur,spatial_shift_x_js_0.1,diffuse_blur_js_0.1,1,1,True,True,-0.06653881863110223,0.605140640368292,0.4500000000000002,0.0006527415143603443,0.23534622240504577,0.4999999999999998
cx0.75_cy0.25_layoutB,0.05,x,0.1,family_pair,spatial_shift,false_hotspot,spatial_shift_x_js_0.1,false_hotspot_x_js_0.1,1,1,True,True,-0.10699783290319032,-0.4596303435953839,-1.15,-0.07180156657963443,-0.029505827505827753,-0.3500000000000001
cx0.75_cy0.25_layoutB,0.05,x,0.1,family_pair,spatial_shift,false_negative_suppression,spatial_shift_x_js_0.1,false_negative_suppression_x_js_0.1,1,1,True,True,-0.23267081375334586,0.46176085643106934,0.5000000000000002,-0.0633159268929504,0.17966912397946855,0.3999999999999999
cx0.75_cy0.25_layoutB,0.05,x,0.1,family_pair,diffuse_blur,false_hotspot,diffuse_blur_js_0.1,false_hotspot_x_js_0.1,1,1,True,True,-0.04045901427208809,-1.0647709839636759,-1.6,-0.07245430809399478,-0.2648520499108735,-0.8499999999999999
cx0.75_cy0.25_layoutB,0.05,x,0.1,family_pair,diffuse_blur,false_negative_suppression,diffuse_blur_js_0.1,false_negative_suppression_x_js_0.1,1,1,True,True,-0.16613199512224364,-0.14337978393722262,0.050000000000000044,-0.06396866840731075,-0.05567709842557722,-0.09999999999999987
cx0.75_cy0.25_layoutB,0.05,x,0.1,family_pair,false_hotspot,false_negative_suppression,false_hotspot_x_js_0.1,false_negative_suppression_x_js_0.1,1,1,True,True,-0.12567298085015555,0.9213912000264532,1.6500000000000001,0.008485639686684032,0.2091749514852963,0.75
cx0.75_cy0.25_layoutB,0.05,y,0.1,error_minus_oracle,spatial_shift,oracle,spatial_shift_y_js_0.1,oracle,1,1,True,True,-0.02783160098850468,0.06637024440672956,0.19999999999999996,0.019582245430809386,-0.2918605355628259,-0.10000000000000009
cx0.75_cy0.25_layoutB,0.05,y,0.1,error_minus_oracle,diffuse_blur,oracle,diffuse_blur_js_0.1,oracle,1,1,True,True,-0.08042758822530582,-0.31040202605829026,-0.30000000000000004,-0.027415143603133185,-0.24596171802054156,-0.40000000000000013
cx0.75_cy0.25_layoutB,0.05,y,0.1,error_minus_oracle,false_hotspot,oracle,false_hotspot_y_js_0.1,oracle,1,1,True,True,0.10727028689727547,0.06871446489156696,0.24999999999999978,0.08681462140992163,-0.22554993125859246,0.1499999999999999
cx0.75_cy0.25_layoutB,0.05,y,0.1,error_minus_oracle,false_negative_suppression,oracle,false_negative_suppression_y_js_0.1,oracle,1,1,True,True,0.04159569262358598,0.4571955999422008,1.0999999999999999,0.03785900783289814,-0.027343902343901938,0.44999999999999973
cx0.75_cy0.25_layoutB,0.05,y,0.1,family_pair,spatial_shift,diffuse_blur,spatial_shift_y_js_0.1,diffuse_blur_js_0.1,1,1,True,True,0.052595987236801145,0.3767722704650198,0.5,0.04699738903394257,-0.04589881754228431,0.30000000000000004
cx0.75_cy0.25_layoutB,0.05,y,0.1,family_pair,spatial_shift,false_hotspot,spatial_shift_y_js_0.1,false_hotspot_y_js_0.1,1,1,True,True,-0.13510188788578015,-0.0023442204848374004,-0.04999999999999982,-0.06723237597911225,-0.06631060430423341,-0.25
cx0.75_cy0.25_layoutB,0.05,y,0.1,family_pair,spatial_shift,false_negative_suppression,spatial_shift_y_js_0.1,false_negative_suppression_y_js_0.1,1,1,True,True,-0.06942729361209066,-0.39082535553547126,-0.8999999999999999,-0.018276762402088753,-0.26451663321892394,-0.5499999999999998
cx0.75_cy0.25_layoutB,0.05,y,0.1,family_pair,diffuse_blur,false_hotspot,diffuse_blur_js_0.1,false_hotspot_y_js_0.1,1,1,True,True,-0.1876978751225813,-0.3791164909498572,-0.5499999999999998,-0.11422976501305482,-0.020411786761949102,-0.55
cx0.75_cy0.25_layoutB,0.05,y,0.1,family_pair,diffuse_blur,false_negative_suppression,diffuse_blur_js_0.1,false_negative_suppression_y_js_0.1,1,1,True,True,-0.1220232808488918,-0.7675976260004911,-1.4,-0.06527415143603132,-0.21861781567663963,-0.8499999999999999
cx0.75_cy0.25_layoutB,0.05,y,0.1,family_pair,false_hotspot,false_negative_suppression,false_hotspot_y_js_0.1,false_negative_suppression_y_js_0.1,1,1,True,True,0.06567459427368949,-0.38848113505063386,-0.8500000000000001,0.048955613577023493,-0.19820602891469052,-0.2999999999999998
cx0.75_cy0.25_layoutB,0.05,x,0.15,error_minus_oracle,spatial_shift,oracle,spatial_shift_x_js_0.15,oracle,1,1,True,True,-0.08136940497390943,0.931638020416937,1.4000000000000001,-0.004569190600522188,0.18159397715472458,1.15
cx0.75_cy0.25_layoutB,0.05,x,0.15,error_minus_oracle,diffuse_blur,oracle,diffuse_blur_js_0.15,oracle,1,1,True,True,-0.24887114360258922,-0.6785477132669662,-0.7,-0.022193211488250708,-0.2453656069999557,0.25
cx0.75_cy0.25_layoutB,0.05,x,0.15,error_minus_oracle,false_hotspot,oracle,false_hotspot_x_js_0.15,oracle,1,1,True,True,-0.16098469713959251,1.0023837750914515,1.5000000000000002,0.06396866840731069,0.12301587301587302,0.8500000000000001
cx0.75_cy0.25_layoutB,0.05,x,0.15,error_minus_oracle,false_negative_suppression,oracle,false_negative_suppression_x_js_0.15,oracle,1,1,True,True,0.05357140450371212,-0.4087948402174417,-0.55,0.021540469973890308,-0.2044646629247393,-0.4500000000000002
cx0.75_cy0.25_layoutB,0.05,x,0.15,family_pair,spatial_shift,diffuse_blur,spatial_shift_x_js_0.15,diffuse_blur_js_0.15,1,1,True,True,0.16750173862867979,1.6101857336839032,2.1,0.01762402088772852,0.42695958415468027,0.8999999999999999
cx0.75_cy0.25_layoutB,0.05,x,0.15,family_pair,spatial_shift,false_hotspot,spatial_shift_x_js_0.15,false_hotspot_x_js_0.15,1,1,True,True,0.07961529216568308,-0.0707457546745145,-0.10000000000000009,-0.06853785900783288,0.05857810413885156,0.2999999999999998
cx0.75_cy0.25_layoutB,0.05,x,0.15,family_pair,spatial_shift,false_negative_suppression,spatial_shift_x_js_0.15,false_negative_suppression_x_js_0.15,1,1,True,True,-0.13494080947762155,1.3404328606343787,1.9500000000000002,-0.026109660574412497,0.3860586400794639,1.6
cx0.75_cy0.25_layoutB,0.05,x,0.15,family_pair,diffuse_blur,false_hotspot,diffuse_blur_js_0.15,false_hotspot_x_js_0.15,1,1,True,True,-0.0878864464629967,-1.6809314883584177,-2.2,-0.0861618798955614,-0.3683814800158287,-0.6000000000000001
cx0.75_cy0.25_layoutB,0.05,x,0.15,family_pair,diffuse_blur,false_negative_suppression,diffuse_blur_js_0.15,false_negative_suppression_x_js_0.15,1,1,True,True,-0.30244254810630133,-0.26975287304952444,-0.1499999999999999,-0.043733681462141016,-0.04090094407521638,0.7000000000000002
cx0.75_cy0.25_layoutB,0.05,x,0.15,family_pair,false_hotspot,false_negative_suppression,false_hotspot_x_js_0.15,false_negative_suppression_x_js_0.15,1,1,True,True,-0.21455610164330463,1.4111786153088932,2.0500000000000003,0.04242819843342038,0.3274805359406123,1.3000000000000003
cx0.75_cy0.25_layoutB,0.05,y,0.15,error_minus_oracle,spatial_shift,oracle,spatial_shift_y_js_0.15,oracle,1,1,True,True,-0.04799927740129173,-0.11922528582588998,0.050000000000000044,-0.003263707571801555,-0.2416550419546426,-0.20000000000000018
cx0.75_cy0.25_layoutB,0.05,y,0.15,error_minus_oracle,diffuse_blur,oracle,diffuse_blur_js_0.15,oracle,1,1,True,True,-0.24887114360258922,-0.6785477132669662,-0.7,-0.022193211488250708,-0.2453656069999557,0.25
cx0.75_cy0.25_layoutB,0.05,y,0.15,error_minus_oracle,false_hotspot,oracle,false_hotspot_y_js_0.15,oracle,1,1,True,True,-0.11485840960846416,-0.4512381547913764,-0.5,-0.03002610966057445,-0.25608875475072646,-0.5000000000000002
cx0.75_cy0.25_layoutB,0.05,y,0.15,error_minus_oracle,false_negative_suppression,oracle,false_negative_suppression_y_js_0.15,oracle,1,1,True,True,5.700150619636357e-05,0.8172981225799076,1.5000000000000002,0.04895561357702355,0.1337473497220789,1.1999999999999997
cx0.75_cy0.25_layoutB,0.05,y,0.15,family_pair,spatial_shift,diffuse_blur,spatial_shift_y_js_0.15,diffuse_blur_js_0.15,1,1,True,True,0.2008718662012975,0.5593224274410762,0.75,0.018929503916449153,0.0037105650453130856,-0.4500000000000002
cx0.75_cy0.25_layoutB,0.05,y,0.15,family_pair,spatial_shift,false_hotspot,spatial_shift_y_js_0.15,false_hotspot_y_js_0.15,1,1,True,True,0.06685913220717243,0.33201286896548643,0.55,0.026762402088772896,0.014433712796083853,0.30000000000000004
cx0.75_cy0.25_layoutB,0.05,y,0.15,family_pair,spatial_shift,false_negative_suppression,spatial_shift_y_js_0.15,false_negative_suppression_y_js_0.15,1,1,True,True,-0.04805627890748809,-0.9365234084057976,-1.4500000000000002,-0.052219321148825104,-0.3754023916767215,-1.4
cx0.75_cy0.25_layoutB,0.05,y,0.15,family_pair,diffuse_blur,false_hotspot,diffuse_blur_js_0.15,false_hotspot_y_js_0.15,1,1,True,True,-0.13401273399412506,-0.22730955847558976,-0.19999999999999996,0.007832898172323743,0.010723147750770767,0.7500000000000002
cx0.75_cy0.25_layoutB,0.05,y,0.15,family_pair,diffuse_blur,false_negative_suppression,diffuse_blur_js_0.15,false_negative_suppression_y_js_0.15,1,1,True,True,-0.24892814510878558,-1.4958458358468738,-2.2,-0.07114882506527426,-0.3791129567220346,-0.9499999999999997
cx0.75_cy0.25_layoutB,0.05,y,0.15,family_pair,false_hotspot,false_negative_suppression,false_hotspot_y_js_0.15,false_negative_suppression_y_js_0.15,1,1,True,True,-0.11491541111466053,-1.268536277371284,-2.0,-0.078981723237598,-0.38983610447280537,-1.7
cx0.75_cy0.25_layoutC,0.1,shared,,baseline_minus_oracle,uniform_prior_baseline,oracle,uniform_prior_baseline,oracle,1,1,True,True,-0.5035974006882719,-0.32764846351103927,-0.55,-0.05924479166666674,-0.006822772819611078,0.2999999999999998
cx0.75_cy0.25_layoutC,0.1,x,0.05,error_minus_oracle,spatial_shift,oracle,spatial_shift_x_js_0.05,oracle,1,1,True,True,-0.11664253893284815,0.45762472496791373,0.8500000000000001,-0.01627604166666674,0.042333322929022366,0.20000000000000018
cx0.75_cy0.25_layoutC,0.1,x,0.05,error_minus_oracle,diffuse_blur,oracle,diffuse_blur_js_0.05,oracle,1,1,True,True,-0.1235876710970163,-0.2580958771843245,-0.30000000000000004,-0.044921875000000056,-0.15214301771092043,-0.30000000000000004
cx0.75_cy0.25_layoutC,0.1,x,0.05,error_minus_oracle,false_hotspot,oracle,false_hotspot_x_js_0.05,oracle,1,1,True,True,-0.2170252095091615,-0.29837173688836827,-0.3500000000000001,-0.04947916666666674,-0.17702601095825088,-0.30000000000000004
cx0.75_cy0.25_layoutC,0.1,x,0.05,error_minus_oracle,false_negative_suppression,oracle,false_negative_suppression_x_js_0.05,oracle,1,1,True,True,-0.08080081110230586,-0.31685940254221845,-0.3500000000000001,-0.037760416666666685,-0.19472921292869438,-0.3999999999999999
cx0.75_cy0.25_layoutC,0.1,x,0.05,family_pair,spatial_shift,diffuse_blur,spatial_shift_x_js_0.05,diffuse_blur_js_0.05,1,1,True,True,0.006945132164168144,0.7157206021522382,1.1500000000000001,0.028645833333333315,0.1944763406399428,0.5000000000000002
cx0.75_cy0.25_layoutC,0.1,x,0.05,family_pair,spatial_shift,false_hotspot,spatial_shift_x_js_0.05,false_hotspot_x_js_0.05,1,1,True,True,0.10038267057631334,0.755996461856282,1.2000000000000002,0.033203125,0.21935933388727324,0.5000000000000002
cx0.75_cy0.25_layoutC,0.1,x,0.05,family_pair,spatial_shift,false_negative_suppression,spatial_shift_x_js_0.05,false_negative_suppression_x_js_0.05,1,1,True,True,-0.03584172783054229,0.7744841275101322,1.2000000000000002,0.021484374999999944,0.23706253585771675,0.6000000000000001
cx0.75_cy0.25_layoutC,0.1,x,0.05,family_pair,diffuse_blur,false_hotspot,diffuse_blur_js_0.05,false_hotspot_x_js_0.05,1,1,True,True,0.0934375384121452,0.04027585970404379,0.050000000000000044,0.004557291666666685,0.024882993247330454,0.0
cx0.75_cy0.25_layoutC,0.1,x,0.05,family_pair,diffuse_blur,false_negative_suppression,diffuse_blur_js_0.05,false_negative_suppression_x_js_0.05,1,1,True,True,-0.042786859994710436,0.058763525357893975,0.050000000000000044,-0.00716145833333337,0.04258619521777396,0.09999999999999987
cx0.75_cy0.25_layoutC,0.1,x,0.05,family_pair,false_hotspot,false_negative_suppression,false_hotspot_x_js_0.05,false_negative_suppression_x_js_0.05,1,1,True,True,-0.13622439840685563,0.018487665653850183,0.0,-0.011718750000000056,0.017703201970443505,0.09999999999999987
cx0.75_cy0.25_layoutC,0.1,y,0.05,error_minus_oracle,spatial_shift,oracle,spatial_shift_y_js_0.05,oracle,1,1,True,True,-0.15034602603075387,-0.12047517308421574,-0.15000000000000013,-0.058593750000000056,-0.10706338413383376,-0.3999999999999999
cx0.75_cy0.25_layoutC,0.1,y,0.05,error_minus_oracle,diffuse_blur,oracle,diffuse_blur_js_0.05,oracle,1,1,True,True,-0.1235876710970163,-0.2580958771843245,-0.30000000000000004,-0.044921875000000056,-0.15214301771092043,-0.30000000000000004
cx0.75_cy0.25_layoutC,0.1,y,0.05,error_minus_oracle,false_hotspot,oracle,false_hotspot_y_js_0.05,oracle,1,1,True,True,-0.13226552026205907,-0.23507028370866156,-0.30000000000000004,-0.05013020833333337,-0.16717868192492658,-0.3999999999999999
cx0.75_cy0.25_layoutC,0.1,y,0.05,error_minus_oracle,false_negative_suppression,oracle,false_negative_suppression_y_js_0.05,oracle,1,1,True,True,-0.14523304527197056,-0.25945930821119,-0.40000000000000013,-0.04166666666666674,-0.1323603670852722,-0.30000000000000004
cx0.75_cy0.25_layoutC,0.1,y,0.05,family_pair,spatial_shift,diffuse_blur,spatial_shift_y_js_0.05,diffuse_blur_js_0.05,1,1,True,True,-0.02675835493373757,0.13762070410010874,0.1499999999999999,-0.013671875,0.045079633577086664,-0.09999999999999987
cx0.75_cy0.25_layoutC,0.1,y,0.05,family_pair,spatial_shift,false_hotspot,spatial_shift_y_js_0.05,false_hotspot_y_js_0.05,1,1,True,True,-0.0180805057686948,0.11459511062444583,0.1499999999999999,-0.008463541666666685,0.060115297791092814,0.0
cx0.75_cy0.25_layoutC,0.1,y,0.05,family_pair,spatial_shift,false_negative_suppression,spatial_shift_y_js_0.05,false_negative_suppression_y_js_0.05,1,1,True,True,-0.005112980758783303,0.13898413512697427,0.25,-0.016927083333333315,0.02529698295143845,-0.09999999999999987
cx0.75_cy0.25_layoutC,0.1,y,0.05,family_pair,diffuse_blur,false_hotspot,diffuse_blur_js_0.05,false_hotspot_y_js_0.05,1,1,True,True,0.008677849165042772,-0.02302559347566291,0.0,0.005208333333333315,0.01503566421400615,0.09999999999999987
cx0.75_cy0.25_layoutC,0.1,y,0.05,family_pair,diffuse_blur,false_negative_suppression,diffuse_blur_js_0.05,false_negative_suppression_y_js_0.05,1,1,True,True,0.02164537417495427,0.0013634310268655359,0.10000000000000009,-0.003255208333333315,-0.019782650625648213,0.0
cx0.75_cy0.25_layoutC,0.1,y,0.05,family_pair,false_hotspot,false_negative_suppression,false_hotspot_y_js_0.05,false_negative_suppression_y_js_0.05,1,1,True,True,0.012967525009911496,0.024389024502528445,0.10000000000000009,-0.00846354166666663,-0.03481831483965436,-0.09999999999999987
cx0.75_cy0.25_layoutC,0.1,x,0.1,error_minus_oracle,spatial_shift,oracle,spatial_shift_x_js_0.1,oracle,1,1,True,True,-0.21705084685349796,0.4735950579896113,0.8500000000000001,-0.02669270833333337,0.013690433999844487,0.3500000000000001
cx0.75_cy0.25_layoutC,0.1,x,0.1,error_minus_oracle,diffuse_blur,oracle,diffuse_blur_js_0.1,oracle,1,1,True,True,-0.3180809834226977,-0.45165913102187627,-0.4500000000000002,-0.07682291666666674,-0.32596556067880367,-0.30000000000000004
cx0.75_cy0.25_layoutC,0.1,x,0.1,error_minus_oracle,false_hotspot,oracle,false_hotspot_x_js_0.1,oracle,1,1,True,True,-0.2445876730990202,0.0409895617174445,0.0,-0.035807291666666685,-0.10209123723632585,-0.10000000000000009
cx0.75_cy0.25_layoutC,0.1,x,0.1,error_minus_oracle,false_negative_suppression,oracle,false_negative_suppression_x_js_0.1,oracle,1,1,True,True,-0.09317948090084638,-0.36139016133056834,-0.3500000000000001,-0.039062500000000056,-0.21375676777085584,-0.44999999999999996
cx0.75_cy0.25_layoutC,0.1,x,0.1,family_pair,spatial_shift,diffuse_blur,spatial_shift_x_js_0.1,diffuse_blur_js_0.1,1,1,True,True,0.10103013656919974,0.9252541890114876,1.3000000000000003,0.05013020833333337,0.33965599467864815,0.6500000000000001
cx0.75_cy0.25_layoutC,0.1,x,0.1,family_pair,spatial_shift,false_hotspot,spatial_shift_x_js_0.1,false_hotspot_x_js_0.1,1,1,True,True,0.027536826245522228,0.4326054962721668,0.8500000000000001,0.009114583333333315,0.11578167123617034,0.4500000000000002
cx0.75_cy0.25_layoutC,0.1,x,0.1,family_pair,spatial_shift,false_negative_suppression,spatial_shift_x_js_0.1,false_negative_suppression_x_js_0.1,1,1,True,True,-0.12387136595265158,0.8349852193201797,1.2000000000000002,0.012369791666666685,0.22744720177070032,0.8
cx0.75_cy0.25_layoutC,0.1,x,0.1,family_pair,diffuse_blur,false_hotspot,diffuse_blur_js_0.1,false_hotspot_x_js_0.1,1,1,True,True,-0.07349331032367751,-0.49264869273932077,-0.4500000000000002,-0.041015625000000056,-0.22387432344247782,-0.19999999999999996
cx0.75_cy0.25_layoutC,0.1,x,0.1,family_pair,diffuse_blur,false_negative_suppression,diffuse_blur_js_0.1,false_negative_suppression_x_js_0.1,1,1,True,True,-0.22490150252185132,-0.09026896969130793,-0.10000000000000009,-0.037760416666666685,-0.11220879290794783,0.1499999999999999
cx0.75_cy0.25_layoutC,0.1,x,0.1,family_pair,false_hotspot,false_negative_suppression,false_hotspot_x_js_0.1,false_negative_suppression_x_js_0.1,1,1,True,True,-0.1514081921981738,0.40237972304801284,0.3500000000000001,0.0032552083333333703,0.11166553053452999,0.34999999999999987
cx0.75_cy0.25_layoutC,0.1,y,0.1,error_minus_oracle,spatial_shift,oracle,spatial_shift_y_js_0.1,oracle,1,1,True,True,-0.2889691411350309,-0.1266970245221548,-0.25,-0.08593750000000006,-0.15341968911917103,-0.55
cx0.75_cy0.25_layoutC,0.1,y,0.1,error_minus_oracle,diffuse_blur,oracle,diffuse_blur_js_0.1,oracle,1,1,True,True,-0.3180809834226977,-0.45165913102187627,-0.4500000000000002,-0.07682291666666674,-0.32596556067880367,-0.30000000000000004
cx0.75_cy0.25_layoutC,0.1,y,0.1,error_minus_oracle,false_hotspot,oracle,false_hotspot_y_js_0.1,oracle,1,1,True,True,-0.23956734794724777,-0.38214983007209447,-0.3500000000000001,-0.06575520833333337,-0.2201000169880234,-0.44999999999999996
cx0.75_cy0.25_layoutC,0.1,y,0.1,error_minus_oracle,false_negative_suppression,oracle,false_negative_suppression_y_js_0.1,oracle,1,1,True,True,-0.17088622697941946,-0.32585147381065394,-0.40000000000000013,-0.03971354166666674,-0.17113065958330598,-0.3500000000000001
cx0.75_cy0.25_layoutC,0.1,y,0.1,family_pair,spatial_shift,diffuse_blur,spatial_shift_y_js_0.1,diffuse_blur_js_0.1,1,1,True,True,0.029111842287666778,0.32496210649972146,0.20000000000000018,-0.009114583333333315,0.17254587155963264,-0.25
cx0.75_cy0.25_layoutC,0.1,y,0.1,family_pair,spatial_shift,false_hotspot,spatial_shift_y_js_0.1,false_hotspot_y_js_0.1,1,1,True,True,-0.04940179318778315,0.25545280554993965,0.10000000000000009,-0.020182291666666685,0.06668032786885236,-0.10000000000000009
cx0.75_cy0.25_layoutC,0.1,y,0.1,family_pair,spatial_shift,false_negative_suppression,spatial_shift_y_js_0.1,false_negative_suppression_y_js_0.1,1,1,True,True,-0.11808291415561145,0.19915444928849912,0.15000000000000013,-0.046223958333333315,0.017710970464134945,-0.19999999999999996
cx0.75_cy0.25_layoutC,0.1,y,0.1,family_pair,diffuse_blur,false_hotspot,diffuse_blur_js_0.1,false_hotspot_y_js_0.1,1,1,True,True,-0.07851363547544993,-0.0695093009497818,-0.10000000000000009,-0.01106770833333337,-0.10586554369078027,0.1499999999999999
cx0.75_cy0.25_layoutC,0.1,y,0.1,family_pair,diffuse_blur,false_negative_suppression,diffuse_blur_js_0.1,false_negative_suppression_y_js_0.1,1,1,True,True,-0.14719475644327823,-0.12580765721122233,-0.050000000000000044,-0.037109375,-0.1548349010954977,0.050000000000000044
cx0.75_cy0.25_layoutC,0.1,y,0.1,family_pair,false_hotspot,false_negative_suppression,false_hotspot_y_js_0.1,false_negative_suppression_y_js_0.1,1,1,True,True,-0.0686811209678283,-0.05629835626144053,0.050000000000000044,-0.02604166666666663,-0.04896935740471742,-0.09999999999999987
cx0.75_cy0.25_layoutC,0.1,x,0.15,error_minus_oracle,spatial_shift,oracle,spatial_shift_x_js_0.15,oracle,1,1,True,True,-0.2874105188717949,0.46032675526538824,0.7999999999999998,-0.03515625,-0.005738630623349117,0.3999999999999999
cx0.75_cy0.25_layoutC,0.1,x,0.15,error_minus_oracle,diffuse_blur,oracle,diffuse_blur_js_0.15,oracle,1,1,True,True,-0.4403052482073361,-0.39529991812317267,-0.5,-0.08984375000000006,-0.10349066703715204,0.20000000000000018
cx0.75_cy0.25_layoutC,0.1,x,0.15,error_minus_oracle,false_hotspot,oracle,false_hotspot_x_js_0.15,oracle,1,1,True,True,-0.22397349019332669,0.40957965793260076,0.6499999999999999,-0.0032552083333333703,-0.02118044531213048,0.1499999999999999
cx0.75_cy0.25_layoutC,0.1,x,0.15,error_minus_oracle,false_negative_suppression,oracle,false_negative_suppression_x_js_0.15,oracle,1,1,True,True,-0.0987405610720048,-0.3693428139410988,-0.3500000000000001,-0.04036458333333337,-0.21803236517550872,-0.44999999999999996
cx0.75_cy0.25_layoutC,0.1,x,0.15,family_pair,spatial_shift,diffuse_blur,spatial_shift_x_js_0.15,diffuse_blur_js_0.15,1,1,True,True,0.15289472933554116,0.8556266733885609,1.2999999999999998,0.054687500000000056,0.09775203641380292,0.19999999999999973
cx0.75_cy0.25_layoutC,0.1,x,0.15,family_pair,spatial_shift,false_hotspot,spatial_shift_x_js_0.15,false_hotspot_x_js_0.15,1,1,True,True,-0.06343702867846823,0.05074709733278748,0.1499999999999999,-0.03190104166666663,0.015441814688781363,0.25
cx0.75_cy0.25_layoutC,0.1,x,0.15,family_pair,spatial_shift,false_negative_suppression,spatial_shift_x_js_0.15,false_negative_suppression_x_js_0.15,1,1,True,True,-0.18866995779979012,0.829669569206487,1.15,0.00520833333333337,0.2122937345521596,0.8499999999999999
cx0.75_cy0.25_layoutC,0.1,x,0.15,family_pair,diffuse_blur,false_hotspot,diffuse_blur_js_0.15,false_hotspot_x_js_0.15,1,1,True,True,-0.2163317580140094,-0.8048795760557734,-1.15,-0.08658854166666669,-0.08231022172502156,0.050000000000000266
cx0.75_cy0.25_layoutC,0.1,x,0.15,family_pair,diffuse_blur,false_negative_suppression,diffuse_blur_js_0.15,false_negative_suppression_x_js_0.15,1,1,True,True,-0.3415646871353313,-0.025957104182073865,-0.1499999999999999,-0.049479166666666685,0.11454169813835668,0.6500000000000001
cx0.75_cy0.25_layoutC,0.1,x,0.15,family_pair,false_hotspot,false_negative_suppression,false_hotspot_x_js_0.15,false_negative_suppression_x_js_0.15,1,1,True,True,-0.1252329291213219,0.7789224718736996,1.0,0.037109375,0.19685191986337824,0.5999999999999999
cx0.75_cy0.25_layoutC,0.1,y,0.15,error_minus_oracle,spatial_shift,oracle,spatial_shift_y_js_0.15,oracle,1,1,True,True,-0.4030998499114053,-0.1513739351198331,-0.30000000000000004,-0.10286458333333337,-0.2044701777185196,-0.6000000000000001
cx0.75_cy0.25_layoutC,0.1,y,0.15,error_minus_oracle,diffuse_blur,oracle,diffuse_blur_js_0.15,oracle,1,1,True,True,-0.4403052482073361,-0.39529991812317267,-0.5,-0.08984375000000006,-0.10349066703715204,0.20000000000000018
cx0.75_cy0.25_layoutC,0.1,y,0.15,error_minus_oracle,false_hotspot,oracle,false_hotspot_y_js_0.15,oracle,1,1,True,True,-0.33455592970551534,-0.40460450187448593,-0.40000000000000013,-0.07161458333333337,-0.26049672839409554,-0.3999999999999999
cx0.75_cy0.25_layoutC,0.1,y,0.15,error_minus_oracle,false_negative_suppression,oracle,false_negative_suppression_y_js_0.15,oracle,1,1,True,True,-0.17494751867203961,-0.29861812691167633,-0.40000000000000013,-0.037760416666666685,-0.1658076443012435,-0.3500000000000001
cx0.75_cy0.25_layoutC,0.1,y,0.15,family_pair,spatial_shift,diffuse_blur,spatial_shift_y_js_0.15,diffuse_blur_js_0.15,1,1,True,True,0.03720539829593078,0.24392598300333956,0.19999999999999996,-0.013020833333333315,-0.10097951068136757,-0.8000000000000003
cx0.75_cy0.25_layoutC,0.1,y,0.15,family_pair,spatial_shift,false_hotspot,spatial_shift_y_js_0.15,false_hotspot_y_js_0.15,1,1,True,True,-0.06854392020588995,0.25323056675465283,0.10000000000000009,-0.03125,0.05602655067557594,-0.20000000000000018
cx0.75_cy0.25_layoutC,0.1,y,0.15,family_pair,spatial_shift,false_negative_suppression,spatial_shift_y_js_0.15,false_negative_suppression_y_js_0.15,1,1,True,True,-0.22815233123936568,0.14724419179184323,0.10000000000000009,-0.06510416666666669,-0.0386625334172761,-0.25
cx0.75_cy0.25_layoutC,0.1,y,0.15,family_pair,diffuse_blur,false_hotspot,diffuse_blur_js_0.15,false_hotspot_y_js_0.15,1,1,True,True,-0.10574931850182073,0.009304583751313267,-0.09999999999999987,-0.018229166666666685,0.1570060613569435,0.6000000000000001
cx0.75_cy0.25_layoutC,0.1,y,0.15,family_pair,diffuse_blur,false_negative_suppression,diffuse_blur_js_0.15,false_negative_suppression_y_js_0.15,1,1,True,True,-0.26535772953529646,-0.09668179121149634,-0.09999999999999987,-0.05208333333333337,0.06231697726409147,0.5500000000000003
cx0.75_cy0.25_layoutC,0.1,y,0.15,family_pair,false_hotspot,false_negative_suppression,false_hotspot_y_js_0.15,false_negative_suppression_y_js_0.15,1,1,True,True,-0.15960841103347573,-0.1059863749628096,0.0,-0.033854166666666685,-0.09468908409285204,-0.04999999999999982
cx0.75_cy0.25_layoutC,0.05,shared,,baseline_minus_oracle,uniform_prior_baseline,oracle,uniform_prior_baseline,oracle,1,1,True,True,-0.3778986809660462,-0.6666943326343466,-0.7999999999999998,-0.0013020833333333148,-0.1365736351018949,0.5
cx0.75_cy0.25_layoutC,0.05,x,0.05,error_minus_oracle,spatial_shift,oracle,spatial_shift_x_js_0.05,oracle,1,1,True,True,-0.08822683085595395,0.7598862297712436,1.4000000000000004,0.03971354166666663,0.13961557988259576,0.8999999999999999
cx0.75_cy0.25_layoutC,0.05,x,0.05,error_minus_oracle,diffuse_blur,oracle,diffuse_blur_js_0.05,oracle,1,1,True,True,0.08150468590961812,0.21005151905857078,0.4500000000000002,0.05273437499999989,-0.08559295517209264,0.10000000000000009
cx0.75_cy0.25_layoutC,0.05,x,0.05,error_minus_oracle,false_hotspot,oracle,false_hotspot_x_js_0.05,oracle,1,1,True,True,0.028461901009239954,0.27678944944844064,0.25,0.02734374999999989,-0.06848472841126041,-0.10000000000000009
cx0.75_cy0.25_layoutC,0.05,x,0.05,error_minus_oracle,false_negative_suppression,oracle,false_negative_suppression_x_js_0.05,oracle,1,1,True,True,0.09626679803172555,0.0339867289601643,-0.04999999999999982,0.05794270833333326,-0.11342275185210138,-0.1499999999999999
cx0.75_cy0.25_layoutC,0.05,x,0.05,family_pair,spatial_shift,diffuse_blur,spatial_shift_x_js_0.05,diffuse_blur_js_0.05,1,1,True,True,-0.16973151676557208,0.5498347107126729,0.9500000000000002,-0.01302083333333326,0.2252085350546884,0.7999999999999998
cx0.75_cy0.25_layoutC,0.05,x,0.05,family_pair,spatial_shift,false_hotspot,spatial_shift_x_js_0.05,false_hotspot_x_js_0.05,1,1,True,True,-0.1166887318651939,0.483096780322803,1.1500000000000004,0.01236979166666674,0.20810030829385617,1.0
cx0.75_cy0.25_layoutC,0.05,x,0.05,family_pair,spatial_shift,false_negative_suppression,spatial_shift_x_js_0.05,false_negative_suppression_x_js_0.05,1,1,True,True,-0.1844936288876795,0.7258995008110793,1.4500000000000002,-0.01822916666666663,0.25303833173469714,1.0499999999999998
cx0.75_cy0.25_layoutC,0.05,x,0.05,family_pair,diffuse_blur,false_hotspot,diffuse_blur_js_0.05,false_hotspot_x_js_0.05,1,1,True,True,0.05304278490037817,-0.06673793038986986,0.20000000000000018,0.025390625,-0.017108226760832235,0.20000000000000018
cx0.75_cy0.25_layoutC,0.05,x,0.05,family_pair,diffuse_blur,false_negative_suppression,diffuse_blur_js_0.05,false_negative_suppression_x_js_0.05,1,1,True,True,-0.01476211212210743,0.17606479009840648,0.5,-0.00520833333333337,0.027829796680008734,0.25
cx0.75_cy0.25_layoutC,0.05,x,0.05,family_pair,false_hotspot,false_negative_suppression,false_hotspot_x_js_0.05,false_negative_suppression_x_js_0.05,1,1,True,True,-0.0678048970224856,0.24280272048827634,0.2999999999999998,-0.03059895833333337,0.04493802344084097,0.04999999999999982
cx0.75_cy0.25_layoutC,0.05,y,0.05,error_minus_oracle,spatial_shift,oracle,spatial_shift_y_js_0.05,oracle,1,1,True,True,0.04523517416270162,-0.15716339357189568,-0.1499999999999999,0.02213541666666663,-0.13624703119054082,-0.25
cx0.75_cy0.25_layoutC,0.05,y,0.05,error_minus_oracle,diffuse_blur,oracle,diffuse_blur_js_0.05,oracle,1,1,True,True,0.08150468590961812,0.21005151905857078,0.4500000000000002,0.05273437499999989,-0.08559295517209264,0.10000000000000009
cx0.75_cy0.25_layoutC,0.05,y,0.05,error_minus_oracle,false_hotspot,oracle,false_hotspot_y_js_0.05,oracle,1,1,True,True,0.07283469766653383,0.18456057902965206,0.25,0.06770833333333337,-0.10144733032547615,0.20000000000000018
cx0.75_cy0.25_layoutC,0.05,y,0.05,error_minus_oracle,false_negative_suppression,oracle,false_negative_suppression_y_js_0.05,oracle,1,1,True,True,-0.018091366500740502,0.507436900735303,1.1500000000000004,0.04947916666666663,0.014733545250561253,0.5500000000000003
cx0.75_cy0.25_layoutC,0.05,y,0.05,family_pair,spatial_shift,diffuse_blur,spatial_shift_y_js_0.05,diffuse_blur_js_0.05,1,1,True,True,-0.036269511746916505,-0.36721491263046646,-0.6000000000000001,-0.03059895833333326,-0.05065407601844818,-0.3500000000000001
cx0.75_cy0.25_layoutC,0.05,y,0.05,family_pair,spatial_shift,false_hotspot,spatial_shift_y_js_0.05,false_hotspot_y_js_0.05,1,1,True,True,-0.027599523503832213,-0.34172397260154774,-0.3999999999999999,-0.04557291666666674,-0.034799700865064676,-0.4500000000000002
cx0.75_cy0.25_layoutC,0.05,y,0.05,family_pair,spatial_shift,false_negative_suppression,spatial_shift_y_js_0.05,false_negative_suppression_y_js_0.05,1,1,True,True,0.06332654066344212,-0.6646002943071987,-1.3000000000000003,-0.02734375,-0.15098057644110208,-0.8000000000000003
cx0.75_cy0.25_layoutC,0.05,y,0.05,family_pair,diffuse_blur,false_hotspot,diffuse_blur_js_0.05,false_hotspot_y_js_0.05,1,1,True,True,0.008669988243084292,0.025490940028918718,0.20000000000000018,-0.014973958333333481,0.015854375153383504,-0.10000000000000009
cx0.75_cy0.25_layoutC,0.05,y,0.05,family_pair,diffuse_blur,false_negative_suppression,diffuse_blur_js_0.05,false_negative_suppression_y_js_0.05,1,1,True,True,0.09959605241035863,-0.29738538167673223,-0.7000000000000002,0.0032552083333332593,-0.1003265004226539,-0.4500000000000002
cx0.75_cy0.25_layoutC,0.05,y,0.05,family_pair,false_hotspot,false_negative_suppression,false_hotspot_y_js_0.05,false_negative_suppression_y_js_0.05,1,1,True,True,0.09092606416727433,-0.32287632170565095,-0.9000000000000004,0.01822916666666674,-0.1161808755760374,-0.3500000000000001
cx0.75_cy0.25_layoutC,0.05,x,0.1,error_minus_oracle,spatial_shift,oracle,spatial_shift_x_js_0.1,oracle,1,1,True,True,-0.08753233891732426,0.8922328023628618,1.4500000000000002,0.03255208333333326,0.16833875760577355,1.0500000000000003
cx0.75_cy0.25_layoutC,0.05,x,0.1,error_minus_oracle,diffuse_blur,oracle,diffuse_blur_js_0.1,oracle,1,1,True,True,-0.13322575575894124,-0.4942212400923218,-0.5499999999999998,-0.044921875,-0.2133227240197373,-0.55
cx0.75_cy0.25_layoutC,0.05,x,0.1,error_minus_oracle,false_hotspot,oracle,false_hotspot_x_js_0.1,oracle,1,1,True,True,-0.05761607758983589,0.769174741328722,1.25,0.04361979166666663,0.08332152015171301,0.6000000000000001
cx0.75_cy0.25_layoutC,0.05,x,0.1,error_minus_oracle,false_negative_suppression,oracle,false_negative_suppression_x_js_0.1,oracle,1,1,True,True,0.0562548962960836,-0.3122642819460171,-0.5,0.02018229166666663,-0.20321232177549442,-0.44999999999999996
cx0.75_cy0.25_layoutC,0.05,x,0.1,family_pair,spatial_shift,diffuse_blur,spatial_shift_x_js_0.1,diffuse_blur_js_0.1,1,1,True,True,0.045693416841616985,1.3864540424551837,2.0,0.07747395833333326,0.38166148162551083,1.6000000000000003
cx0.75_cy0.25_layoutC,0.05,x,0.1,family_pair,spatial_shift,false_hotspot,spatial_shift_x_js_0.1,false_hotspot_x_js_0.1,1,1,True,True,-0.02991626132748837,0.12305806103413985,0.20000000000000018,-0.01106770833333337,0.08501723745406053,0.4500000000000002
cx0.75_cy0.25_layoutC,0.05,x,0.1,family_pair,spatial_shift,false_negative_suppression,spatial_shift_x_js_0.1,false_negative_suppression_x_js_0.1,1,1,True,True,-0.14378723521340786,1.204497084308879,1.9500000000000002,0.01236979166666663,0.37155107938126797,1.5000000000000002
cx0.75_cy0.25_layoutC,0.05,x,0.1,family_pair,diffuse_blur,false_hotspot,diffuse_blur_js_0.1,false_hotspot_x_js_0.1,1,1,True,True,-0.07560967816910535,-1.2633959814210438,-1.7999999999999998,-0.08854166666666663,-0.2966442441714503,-1.1500000000000001
cx0.75_cy0.25_layoutC,0.05,x,0.1,family_pair,diffuse_blur,false_negative_suppression,diffuse_blur_js_0.1,false_negative_suppression_x_js_0.1,1,1,True,True,-0.18948065205502485,-0.18195695814630475,-0.04999999999999982,-0.06510416666666663,-0.010110402244242866,-0.10000000000000009
cx0.75_cy0.25_layoutC,0.05,x,0.1,family_pair,false_hotspot,false_negative_suppression,false_hotspot_x_js_0.1,false_negative_suppression_x_js_0.1,1,1,True,True,-0.11387097388591949,1.081439023274739,1.75,0.0234375,0.28653384192720743,1.05
cx0.75_cy0.25_layoutC,0.05,y,0.1,error_minus_oracle,spatial_shift,oracle,spatial_shift_y_js_0.1,oracle,1,1,True,True,-0.07489930503652431,-0.26867779841168615,-0.3999999999999999,-0.024739583333333315,-0.1985028774176798,-0.5
cx0.75_cy0.25_layoutC,0.05,y,0.1,error_minus_oracle,diffuse_blur,oracle,diffuse_blur_js_0.1,oracle,1,1,True,True,-0.13322575575894124,-0.4942212400923218,-0.5499999999999998,-0.044921875,-0.2133227240197373,-0.55
cx0.75_cy0.25_layoutC,0.05,y,0.1,error_minus_oracle,false_hotspot,oracle,false_hotspot_y_js_0.1,oracle,1,1,True,True,0.046833427519317294,-0.16661364860509265,-0.1499999999999999,0.04361979166666663,-0.24339328129233007,-0.19999999999999996
cx0.75_cy0.25_layoutC,0.05,y,0.1,error_minus_oracle,false_negative_suppression,oracle,false_negative_suppression_y_js_0.1,oracle,1,1,True,True,-0.04568891265193131,0.7149624201112474,1.35,0.04752604166666663,0.08249404192234788,0.8000000000000003
cx0.75_cy0.25_layoutC,0.05,y,0.1,family_pair,spatial_shift,diffuse_blur,spatial_shift_y_js_0.1,diffuse_blur_js_0.1,1,1,True,True,0.058326450722416934,0.22554344168063567,0.1499999999999999,0.020182291666666685,0.014819846602057485,0.050000000000000044
cx0.75_cy0.25_layoutC,0.05,y,0.1,family_pair,spatial_shift,false_hotspot,spatial_shift_y_js_0.1,false_hotspot_y_js_0.1,1,1,True,True,-0.1217327325558416,-0.10206414980659351,-0.25,-0.06835937499999994,0.044890403874650264,-0.30000000000000004
cx0.75_cy0.25_layoutC,0.05,y,0.1,family_pair,spatial_shift,false_negative_suppression,spatial_shift_y_js_0.1,false_negative_suppression_y_js_0.1,1,1,True,True,-0.029210392384592998,-0.9836402185229336,-1.75,-0.07226562499999994,-0.2809969193400277,-1.3000000000000003
cx0.75_cy0.25_layoutC,0.05,y,0.1,family_pair,diffuse_blur,false_hotspot,diffuse_blur_js_0.1,false_hotspot_y_js_0.1,1,1,True,True,-0.18005918327825854,-0.3276075914872292,-0.3999999999999999,-0.08854166666666663,0.03007055727259278,-0.3500000000000001
cx0.75_cy0.25_layoutC,0.05,y,0.1,family_pair,diffuse_blur,false_negative_suppression,diffuse_blur_js_0.1,false_negative_suppression_y_js_0.1,1,1,True,True,-0.08753684310700993,-1.2091836602035693,-1.9,-0.09244791666666663,-0.29581676594208517,-1.3500000000000003
cx0.75_cy0.25_layoutC,0.05,y,0.1,family_pair,false_hotspot,false_negative_suppression,false_hotspot_y_js_0.1,false_negative_suppression_y_js_0.1,1,1,True,True,0.09252234017124861,-0.8815760687163401,-1.5,-0.00390625,-0.32588732321467795,-1.0000000000000002
cx0.75_cy0.25_layoutC,0.05,x,0.15,error_minus_oracle,spatial_shift,oracle,spatial_shift_x_js_0.15,oracle,1,1,True,True,-0.10777529817423948,1.0197103263241147,1.4000000000000004,0.08723958333333326,0.8084413880758876,1.4
cx0.75_cy0.25_layoutC,0.05,x,0.15,error_minus_oracle,diffuse_blur,oracle,diffuse_blur_js_0.15,oracle,1,1,True,True,-0.2558095259637363,-0.6459324862967668,-0.75,-0.021484375,-0.13018510825735374,0.3999999999999999
cx0.75_cy0.25_layoutC,0.05,x,0.15,error_minus_oracle,false_hotspot,oracle,false_hotspot_x_js_0.15,oracle,1,1,True,True,-0.16222788184697245,0.9479313931496649,1.4000000000000004,0.05013020833333326,0.1618141890419662,0.8500000000000001
cx0.75_cy0.25_layoutC,0.05,x,0.15,error_minus_oracle,false_negative_suppression,oracle,false_negative_suppression_x_js_0.15,oracle,1,1,True,True,0.029167901585014366,-0.4688421007740715,-0.6499999999999999,0.009765625,-0.20501498766709902,-0.55
cx0.75_cy0.25_layoutC,0.05,x,0.15,family_pair,spatial_shift,diffuse_blur,spatial_shift_x_js_0.15,diffuse_blur_js_0.15,1,1,True,True,0.14803422778949682,1.6656428126208815,2.1500000000000004,0.10872395833333326,0.9386264963332414,1.0
cx0.75_cy0.25_layoutC,0.05,x,0.15,family_pair,spatial_shift,false_hotspot,spatial_shift_x_js_0.15,false_hotspot_x_js_0.15,1,1,True,True,0.05445258367273298,0.07177893317444983,0.0,0.037109375,0.6466271990339214,0.5499999999999998
cx0.75_cy0.25_layoutC,0.05,x,0.15,family_pair,spatial_shift,false_negative_suppression,spatial_shift_x_js_0.15,false_negative_suppression_x_js_0.15,1,1,True,True,-0.13694319975925384,1.4885524270981862,2.0500000000000003,0.07747395833333326,1.0134563757429866,1.95
cx0.75_cy0.25_layoutC,0.05,x,0.15,family_pair,diffuse_blur,false_hotspot,diffuse_blur_js_0.15,false_hotspot_x_js_0.15,1,1,True,True,-0.09358164411676384,-1.5938638794464317,-2.1500000000000004,-0.07161458333333326,-0.29199929729931995,-0.4500000000000002
cx0.75_cy0.25_layoutC,0.05,x,0.15,family_pair,diffuse_blur,false_negative_suppression,diffuse_blur_js_0.15,false_negative_suppression_x_js_0.15,1,1,True,True,-0.28497742754875066,-0.1770903855226953,-0.10000000000000009,-0.03125,0.07482987940974528,0.95
cx0.75_cy0.25_layoutC,0.05,x,0.15,family_pair,false_hotspot,false_negative_suppression,false_hotspot_x_js_0.15,false_negative_suppression_x_js_0.15,1,1,True,True,-0.19139578343198682,1.4167734939237364,2.0500000000000003,0.04036458333333326,0.36682917670906523,1.4000000000000001
cx0.75_cy0.25_layoutC,0.05,y,0.15,error_minus_oracle,spatial_shift,oracle,spatial_shift_y_js_0.15,oracle,1,1,True,True,-0.17528256742647252,-0.13224055774480048,-0.44999999999999996,-0.04622395833333337,-0.22428341001639396,-0.6499999999999999
cx0.75_cy0.25_layoutC,0.05,y,0.15,error_minus_oracle,diffuse_blur,oracle,diffuse_blur_js_0.15,oracle,1,1,True,True,-0.2558095259637363,-0.6459324862967668,-0.75,-0.021484375,-0.13018510825735374,0.3999999999999999
cx0.75_cy0.25_layoutC,0.05,y,0.15,error_minus_oracle,false_hotspot,oracle,false_hotspot_y_js_0.15,oracle,1,1,True,True,-0.14362822598710467,-0.5250156346235655,-0.5999999999999999,-0.03125,-0.24065452338471394,-0.6000000000000001
cx0.75_cy0.25_layoutC,0.05,y,0.15,error_minus_oracle,false_negative_suppression,oracle,false_negative_suppression_y_js_0.15,oracle,1,1,True,True,-0.00492753982084837,0.737645353853861,1.35,0.06184895833333326,0.15158058499777605,1.1
cx0.75_cy0.25_layoutC,0.05,y,0.15,family_pair,spatial_shift,diffuse_blur,spatial_shift_y_js_0.15,diffuse_blur_js_0.15,1,1,True,True,0.08052695853726377,0.5136919285519663,0.30000000000000004,-0.02473958333333337,-0.09409830175904021,-1.0499999999999998
cx0.75_cy0.25_layoutC,0.05,y,0.15,family_pair,spatial_shift,false_hotspot,spatial_shift_y_js_0.15,false_hotspot_y_js_0.15,1,1,True,True,-0.03165434143936785,0.392775076878765,0.1499999999999999,-0.01497395833333337,0.01637111336831998,-0.04999999999999982
cx0.75_cy0.25_layoutC,0.05,y,0.15,family_pair,spatial_shift,false_negative_suppression,spatial_shift_y_js_0.15,false_negative_suppression_y_js_0.15,1,1,True,True,-0.17035502760562415,-0.8698859115986615,-1.8,-0.10807291666666663,-0.37586399501417,-1.75
cx0.75_cy0.25_layoutC,0.05,y,0.15,family_pair,diffuse_blur,false_hotspot,diffuse_blur_js_0.15,false_hotspot_y_js_0.15,1,1,True,True,-0.11218129997663162,-0.12091685167320132,-0.15000000000000013,0.009765625,0.1104694151273602,1.0
cx0.75_cy0.25_layoutC,0.05,y,0.15,family_pair,diffuse_blur,false_negative_suppression,diffuse_blur_js_0.15,false_negative_suppression_y_js_0.15,1,1,True,True,-0.2508819861428879,-1.3835778401506278,-2.1,-0.08333333333333326,-0.2817656932551298,-0.7000000000000002
cx0.75_cy0.25_layoutC,0.05,y,0.15,family_pair,false_hotspot,false_negative_suppression,false_hotspot_y_js_0.15,false_negative_suppression_y_js_0.15,1,1,True,True,-0.1387006861662563,-1.2626609884774265,-1.95,-0.09309895833333326,-0.39223510838249,-1.7000000000000002
cx0.75_cy0.75_layoutA,0.1,shared,,baseline_minus_oracle,uniform_prior_baseline,oracle,uniform_prior_baseline,oracle,1,1,True,True,0.014001925282823846,1.4955673811195878,1.85,0.07437499999999997,0.7164753004005344,1.2000000000000002
cx0.75_cy0.75_layoutA,0.1,x,0.05,error_minus_oracle,spatial_shift,oracle,spatial_shift_x_js_0.05,oracle,1,1,True,True,0.10538348741179315,0.8992950552435546,1.5,0.10874999999999996,0.33023809523809544,0.19999999999999996
cx0.75_cy0.75_layoutA,0.1,x,0.05,error_minus_oracle,diffuse_blur,oracle,diffuse_blur_js_0.05,oracle,1,1,True,True,0.0294023205129319,0.319077911867065,0.6000000000000001,0.00874999999999998,0.17498447204968937,0.04999999999999993
cx0.75_cy0.75_layoutA,0.1,x,0.05,error_minus_oracle,false_hotspot,oracle,false_hotspot_x_js_0.05,oracle,1,1,True,True,-0.0004453707036279342,0.2436701144029616,0.19999999999999996,0.019999999999999962,0.15284635304272776,0.04999999999999993
cx0.75_cy0.75_layoutA,0.1,x,0.05,error_minus_oracle,false_negative_suppression,oracle,false_negative_suppression_x_js_0.05,oracle,1,1,True,True,0.005879909429178487,-0.000575891625185232,0.10000000000000009,-0.011249999999999982,0.004747899159663449,0.0
cx0.75_cy0.75_layoutA,0.1,x,0.05,family_pair,spatial_shift,diffuse_blur,spatial_shift_x_js_0.05,diffuse_blur_js_0.05,1,1,True,True,0.07598116689886125,0.5802171433764896,0.8999999999999999,0.09999999999999998,0.15525362318840608,0.15000000000000002
cx0.75_cy0.75_layoutA,0.1,x,0.05,family_pair,spatial_shift,false_hotspot,spatial_shift_x_js_0.05,false_hotspot_x_js_0.05,1,1,True,True,0.10582885811542109,0.655624940840593,1.3,0.08875,0.17739174219536769,0.15000000000000002
cx0.75_cy0.75_layoutA,0.1,x,0.05,family_pair,spatial_shift,false_negative_suppression,spatial_shift_x_js_0.05,false_negative_suppression_x_js_0.05,1,1,True,True,0.09950357798261467,0.8998709468687398,1.4,0.11999999999999994,0.325490196078432,0.19999999999999996
cx0.75_cy0.75_layoutA,0.1,x,0.05,family_pair,diffuse_blur,false_hotspot,diffuse_blur_js_0.05,false_hotspot_x_js_0.05,1,1,True,True,0.029847691216559835,0.07540779746410342,0.40000000000000013,-0.011249999999999982,0.02213811900696161,0.0
cx0.75_cy0.75_layoutA,0.1,x,0.05,family_pair,diffuse_blur,false_negative_suppression,diffuse_blur_js_0.05,false_negative_suppression_x_js_0.05,1,1,True,True,0.023522411083753414,0.31965380349225025,0.5,0.019999999999999962,0.17023657289002592,0.04999999999999993
cx0.75_cy0.75_layoutA,0.1,x,0.05,family_pair,false_hotspot,false_negative_suppression,false_hotspot_x_js_0.05,false_negative_suppression_x_js_0.05,1,1,True,True,-0.006325280132806421,0.24424600602814683,0.09999999999999987,0.031249999999999944,0.1480984538830643,0.04999999999999993
cx0.75_cy0.75_layoutA,0.1,y,0.05,error_minus_oracle,spatial_shift,oracle,spatial_shift_y_js_0.05,oracle,1,1,True,True,0.008953809263796075,0.5928316451782472,0.5,0.005624999999999991,0.2542208808405988,0.04999999999999993
cx0.75_cy0.75_layoutA,0.1,y,0.05,error_minus_oracle,diffuse_blur,oracle,diffuse_blur_js_0.05,oracle,1,1,True,True,0.0294023205129319,0.319077911867065,0.6000000000000001,0.00874999999999998,0.17498447204968937,0.04999999999999993
cx0.75_cy0.75_layoutA,0.1,y,0.05,error_minus_oracle,false_hotspot,oracle,false_hotspot_y_js_0.05,oracle,1,1,True,True,0.02677069895760742,0.7695169276314191,1.6,0.03249999999999992,0.3313133640552999,0.30000000000000004
cx0.75_cy0.75_layoutA,0.1,y,0.05,error_minus_oracle,false_negative_suppression,oracle,false_negative_suppression_y_js_0.05,oracle,1,1,True,True,0.0047144716896845296,0.22812079937519458,1.2000000000000002,0.026874999999999927,0.08062194863086414,0.04999999999999993
cx0.75_cy0.75_layoutA,0.1,y,0.05,family_pair,spatial_shift,diffuse_blur,spatial_shift_y_js_0.05,diffuse_blur_js_0.05,1,1,True,True,-0.020448511249135826,0.27375373331118213,-0.10000000000000009,-0.003124999999999989,0.07923640879090943,0.0
cx0.75_cy0.75_layoutA,0.1,y,0.05,family_pair,spatial_shift,false_hotspot,spatial_shift_y_js_0.05,false_hotspot_y_js_0.05,1,1,True,True,-0.017816889693811344,-0.17668528245317194,-1.1,-0.026874999999999927,-0.07709248321470108,-0.2500000000000001
cx0.75_cy0.75_layoutA,0.1,y,0.05,family_pair,spatial_shift,false_negative_suppression,spatial_shift_y_js_0.05,false_negative_suppression_y_js_0.05,1,1,True,True,0.004239337574111546,0.3647108458030526,-0.7000000000000002,-0.021249999999999936,0.17359893220973466,0.0
cx0.75_cy0.75_layoutA,0.1,y,0.05,family_pair,diffuse_blur,false_hotspot,diffuse_blur_js_0.05,false_hotspot_y_js_0.05,1,1,True,True,0.0026316215553244815,-0.4504390157643541,-1.0,-0.023749999999999938,-0.1563288920056105,-0.2500000000000001
cx0.75_cy0.75_layoutA,0.1,y,0.05,family_pair,diffuse_blur,false_negative_suppression,diffuse_blur_js_0.05,false_negative_suppression_y_js_0.05,1,1,True,True,0.02468784882324737,0.09095711249187044,-0.6000000000000001,-0.018124999999999947,0.09436252341882523,0.0
cx0.75_cy0.75_layoutA,0.1,y,0.05,family_pair,false_hotspot,false_negative_suppression,false_hotspot_y_js_0.05,false_negative_suppression_y_js_0.05,1,1,True,True,0.02205622726792289,0.5413961282562245,0.3999999999999999,0.005624999999999991,0.25069141542443574,0.2500000000000001
cx0.75_cy0.75_layoutA,0.1,x,0.1,error_minus_oracle,spatial_shift,oracle,spatial_shift_x_js_0.1,oracle,1,1,True,True,0.05359766128101051,0.7469717599145613,1.5500000000000003,0.06999999999999995,0.2672776280323452,0.1499999999999999
cx0.75_cy0.75_layoutA,0.1,x,0.1,error_minus_oracle,diffuse_blur,oracle,diffuse_blur_js_0.1,oracle,1,1,True,True,0.03935669738596359,0.9098213699500266,1.7000000000000002,0.03999999999999998,0.42113627006998744,0.3999999999999999
cx0.75_cy0.75_layoutA,0.1,x,0.1,error_minus_oracle,false_hotspot,oracle,false_hotspot_x_js_0.1,oracle,1,1,True,True,0.05992909134718727,0.9335338305622738,2.15,0.14437499999999998,0.3900813008130084,0.3999999999999999
cx0.75_cy0.75_layoutA,0.1,x,0.1,error_minus_oracle,false_negative_suppression,oracle,false_negative_suppression_x_js_0.1,oracle,1,1,True,True,0.015176107468152344,0.017902227250321978,0.3500000000000001,-0.00687500000000002,0.0021417032079389386,0.0
cx0.75_cy0.75_layoutA,0.1,x,0.1,family_pair,spatial_shift,diffuse_blur,spatial_shift_x_js_0.1,diffuse_blur_js_0.1,1,1,True,True,0.01424096389504692,-0.16284961003546528,-0.1499999999999999,0.02999999999999997,-0.1538586420376422,-0.25
cx0.75_cy0.75_layoutA,0.1,x,0.1,family_pair,spatial_shift,false_hotspot,spatial_shift_x_js_0.1,false_hotspot_x_js_0.1,1,1,True,True,-0.0063314300661767575,-0.18656207064771246,-0.5999999999999996,-0.07437500000000002,-0.12280367278066318,-0.25
cx0.75_cy0.75_layoutA,0.1,x,0.1,family_pair,spatial_shift,false_negative_suppression,spatial_shift_x_js_0.1,false_negative_suppression_x_js_0.1,1,1,True,True,0.03842155381285817,0.7290695326642394,1.2000000000000002,0.07687499999999997,0.2651359248244063,0.1499999999999999
cx0.75_cy0.75_layoutA,0.1,x,0.1,family_pair,diffuse_blur,false_hotspot,diffuse_blur_js_0.1,false_hotspot_x_js_0.1,1,1,True,True,-0.02057239396122368,-0.023712460612247188,-0.44999999999999973,-0.104375,0.031054969256979037,0.0
cx0.75_cy0.75_layoutA,0.1,x,0.1,family_pair,diffuse_blur,false_negative_suppression,diffuse_blur_js_0.1,false_negative_suppression_x_js_0.1,1,1,True,True,0.024180589917811246,0.8919191426997046,1.35,0.046875,0.4189945668620485,0.3999999999999999
cx0.75_cy0.75_layoutA,0.1,x,0.1,family_pair,false_hotspot,false_negative_suppression,false_hotspot_x_js_0.1,false_negative_suppression_x_js_0.1,1,1,True,True,0.044752983879034924,0.9156316033119518,1.7999999999999998,0.15125,0.38793959760506946,0.3999999999999999
cx0.75_cy0.75_layoutA,0.1,y,0.1,error_minus_oracle,spatial_shift,oracle,spatial_shift_y_js_0.1,oracle,1,1,True,True,-0.010068096597388387,0.8958477998254772,1.7000000000000002,0.013749999999999984,0.3397984224364592,0.09999999999999998
cx0.75_cy0.75_layoutA,0.1,y,0.1,error_minus_oracle,diffuse_blur,oracle,diffuse_blur_js_0.1,oracle,1,1,True,True,0.03935669738596359,0.9098213699500266,1.7000000000000002,0.03999999999999998,0.42113627006998744,0.3999999999999999
cx0.75_cy0.75_layoutA,0.1,y,0.1,error_minus_oracle,false_hotspot,oracle,false_hotspot_y_js_0.1,oracle,1,1,True,True,-0.01522748569553889,1.2502090770657688,1.7000000000000002,0.04437499999999994,0.465746892194824,0.44999999999999996
cx0.75_cy0.75_layoutA,0.1,y,0.1,error_minus_oracle,false_negative_suppression,oracle,false_negative_suppression_y_js_0.1,oracle,1,1,True,True,0.06615193427230026,0.5232013437914138,1.0,0.08312499999999995,0.13536041939711652,0.1499999999999999
cx0.75_cy0.75_layoutA,0.1,y,0.1,family_pair,spatial_shift,diffuse_blur,spatial_shift_y_js_0.1,diffuse_blur_js_0.1,1,1,True,True,-0.04942479398335198,-0.013973570124549362,0.0,-0.026249999999999996,-0.08133784763352825,-0.29999999999999993
cx0.75_cy0.75_layoutA,0.1,y,0.1,family_pair,spatial_shift,false_hotspot,spatial_shift_y_js_0.1,false_hotspot_y_js_0.1,1,1,True,True,0.005159389098150502,-0.35436127724029154,0.0,-0.030624999999999958,-0.12594846975836482,-0.35
cx0.75_cy0.75_layoutA,0.1,y,0.1,family_pair,spatial_shift,false_negative_suppression,spatial_shift_y_js_0.1,false_negative_suppression_y_js_0.1,1,1,True,True,-0.07622003086968865,0.37264645603406343,0.7000000000000002,-0.06937499999999996,0.20443800303934268,-0.04999999999999993
cx0.75_cy0.75_layoutA,0.1,y,0.1,family_pair,diffuse_blur,false_hotspot,diffuse_blur_js_0.1,false_hotspot_y_js_0.1,1,1,True,True,0.05458418308150248,-0.3403877071157422,0.0,-0.004374999999999962,-0.044610622124836574,-0.050000000000000044
cx0.75_cy0.75_layoutA,0.1,y,0.1,family_pair,diffuse_blur,false_negative_suppression,diffuse_blur_js_0.1,false_negative_suppression_y_js_0.1,1,1,True,True,-0.02679523688633667,0.3866200261586128,0.7000000000000002,-0.04312499999999997,0.2857758506728709,0.25
cx0.75_cy0.75_layoutA,0.1,y,0.1,family_pair,false_hotspot,false_negative_suppression,false_hotspot_y_js_0.1,false_negative_suppression_y_js_0.1,1,1,True,True,-0.08137941996783915,0.727007733274355,0.7000000000000002,-0.03875000000000001,0.3303864727977075,0.30000000000000004
cx0.75_cy0.75_layoutA,0.1,x,0.15,error_minus_oracle,spatial_shift,oracle,spatial_shift_x_js_0.15,oracle,1,1,True,True,0.06554013223336908,0.8909762919289772,1.6,0.0987499999999999,0.3059572153734593,0.19999999999999996
cx0.75_cy0.75_layoutA,0.1,x,0.15,error_minus_oracle,diffuse_blur,oracle,diffuse_blur_js_0.15,oracle,1,1,True,True,0.030269854001075513,1.345296512334353,1.8000000000000003,0.06812499999999994,0.6366769766093181,1.1
cx0.75_cy0.75_layoutA,0.1,x,0.15,error_minus_oracle,false_hotspot,oracle,false_hotspot_x_js_0.15,oracle,1,1,True,True,-0.002708032311889208,1.5455533865794693,1.85,0.1381249999999999,0.4698875272788319,0.3500000000000001
cx0.75_cy0.75_layoutA,0.1,x,0.15,error_minus_oracle,false_negative_suppression,oracle,false_negative_suppression_x_js_0.15,oracle,1,1,True,True,0.011848177998278753,0.02359426260123776,0.44999999999999996,-0.006249999999999978,-0.0014285714285717788,0.0
cx0.75_cy0.75_layoutA,0.1,x,0.15,family_pair,spatial_shift,diffuse_blur,spatial_shift_x_js_0.15,diffuse_blur_js_0.15,1,1,True,True,0.03527027823229356,-0.4543202204053758,-0.20000000000000018,0.030624999999999958,-0.3307197612358588,-0.9000000000000001
cx0.75_cy0.75_layoutA,0.1,x,0.15,family_pair,spatial_shift,false_hotspot,spatial_shift_x_js_0.15,false_hotspot_x_js_0.15,1,1,True,True,0.06824816454525828,-0.6545770946504921,-0.25,-0.03937499999999999,-0.16393031190537255,-0.15000000000000013
cx0.75_cy0.75_layoutA,0.1,x,0.15,family_pair,spatial_shift,false_negative_suppression,spatial_shift_x_js_0.15,false_negative_suppression_x_js_0.15,1,1,True,True,0.05369195423509032,0.8673820293277394,1.1500000000000001,0.10499999999999987,0.3073857868020311,0.19999999999999996
cx0.75_cy0.75_layoutA,0.1,x,0.15,family_pair,diffuse_blur,false_hotspot,diffuse_blur_js_0.15,false_hotspot_x_js_0.15,1,1,True,True,0.03297788631296472,-0.2002568742451163,-0.04999999999999982,-0.06999999999999995,0.16678944933048623,0.75
cx0.75_cy0.75_layoutA,0.1,x,0.15,family_pair,diffuse_blur,false_negative_suppression,diffuse_blur_js_0.15,false_negative_suppression_x_js_0.15,1,1,True,True,0.01842167600279676,1.3217022497331152,1.3500000000000003,0.07437499999999991,0.6381055480378899,1.1
cx0.75_cy0.75_layoutA,0.1,x,0.15,family_pair,false_hotspot,false_negative_suppression,false_hotspot_x_js_0.15,false_negative_suppression_x_js_0.15,1,1,True,True,-0.01455621031016796,1.5219591239782315,1.4000000000000001,0.14437499999999986,0.47131609870740365,0.3500000000000001
cx0.75_cy0.75_layoutA,0.1,y,0.15,error_minus_oracle,spatial_shift,oracle,spatial_shift_y_js_0.15,oracle,1,1,True,True,-0.04847912271253585,1.0978855142988322,1.75,0.016874999999999973,0.3664253098499677,0.09999999999999998
cx0.75_cy0.75_layoutA,0.1,y,0.15,error_minus_oracle,diffuse_blur,oracle,diffuse_blur_js_0.15,oracle,1,1,True,True,0.030269854001075513,1.345296512334353,1.8000000000000003,0.06812499999999994,0.6366769766093181,1.1
cx0.75_cy0.75_layoutA,0.1,y,0.15,error_minus_oracle,false_hotspot,oracle,false_hotspot_y_js_0.15,oracle,1,1,True,True,-0.06973240991071983,1.5184767774698953,1.85,0.06562499999999999,0.4974149659863947,0.55
cx0.75_cy0.75_layoutA,0.1,y,0.15,error_minus_oracle,false_negative_suppression,oracle,false_negative_suppression_y_js_0.15,oracle,1,1,True,True,0.03780967642505495,0.35846511679306525,0.9500000000000002,0.07749999999999996,0.057006441834028365,0.1499999999999999
cx0.75_cy0.75_layoutA,0.1,y,0.15,family_pair,spatial_shift,diffuse_blur,spatial_shift_y_js_0.15,diffuse_blur_js_0.15,1,1,True,True,-0.07874897671361136,-0.2474109980355208,-0.050000000000000266,-0.05124999999999996,-0.2702516667593504,-1.0
cx0.75_cy0.75_layoutA,0.1,y,0.15,family_pair,spatial_shift,false_hotspot,spatial_shift_y_js_0.15,false_hotspot_y_js_0.15,1,1,True,True,0.02125328719818398,-0.4205912631710631,-0.10000000000000009,-0.048750000000000016,-0.130989656136427,-0.45000000000000007
cx0.75_cy0.75_layoutA,0.1,y,0.15,family_pair,spatial_shift,false_negative_suppression,spatial_shift_y_js_0.15,false_negative_suppression_y_js_0.15,1,1,True,True,-0.0862887991375908,0.7394203975057669,0.7999999999999998,-0.060624999999999984,0.3094188680159393,-0.04999999999999993
cx0.75_cy0.75_layoutA,0.1,y,0.15,family_pair,diffuse_blur,false_hotspot,diffuse_blur_js_0.15,false_hotspot_y_js_0.15,1,1,True,True,0.10000226391179534,-0.1731802651355423,-0.04999999999999982,0.0024999999999999467,0.13926201062292343,0.55
cx0.75_cy0.75_layoutA,0.1,y,0.15,family_pair,diffuse_blur,false_negative_suppression,diffuse_blur_js_0.15,false_negative_suppression_y_js_0.15,1,1,True,True,-0.0075398224239794365,0.9868313955412877,0.8500000000000001,-0.009375000000000022,0.5796705347752897,0.9500000000000002
cx0.75_cy0.75_layoutA,0.1,y,0.15,family_pair,false_hotspot,false_negative_suppression,false_hotspot_y_js_0.15,false_negative_suppression_y_js_0.15,1,1,True,True,-0.10754208633577478,1.16001166067683,0.8999999999999999,-0.011874999999999969,0.4404085241523663,0.40000000000000013
cx0.75_cy0.75_layoutA,0.05,shared,,baseline_minus_oracle,uniform_prior_baseline,oracle,uniform_prior_baseline,oracle,1,1,True,True,0.004235421755868329,1.5669202218704341,2.3500000000000005,0.10937499999999989,0.7704065590992157,1.6
cx0.75_cy0.75_layoutA,0.05,x,0.05,error_minus_oracle,spatial_shift,oracle,spatial_shift_x_js_0.05,oracle,1,1,True,True,-0.06302565694580331,0.4137989262538344,0.55,-0.008124999999999993,0.05757896248085781,-0.04999999999999993
cx0.75_cy0.75_layoutA,0.05,x,0.05,error_minus_oracle,diffuse_blur,oracle,diffuse_blur_js_0.05,oracle,1,1,True,True,0.04549969269320775,0.48766685216053407,0.6500000000000001,0.029374999999999984,0.2464807481951432,0.15000000000000002
cx0.75_cy0.75_layoutA,0.05,x,0.05,error_minus_oracle,false_hotspot,oracle,false_hotspot_x_js_0.05,oracle,1,1,True,True,0.0040981632834564685,0.3440330542650538,0.050000000000000044,0.07,0.4198481618272629,0.15000000000000002
cx0.75_cy0.75_layoutA,0.05,x,0.05,error_minus_oracle,false_negative_suppression,oracle,false_negative_suppression_x_js_0.05,oracle,1,1,True,True,-0.020566314026197463,0.08417493839989065,0.40000000000000013,-0.014374999999999971,-0.051384331169936015,0.0
cx0.75_cy0.75_layoutA,0.05,x,0.05,family_pair,spatial_shift,diffuse_blur,spatial_shift_x_js_0.05,diffuse_blur_js_0.05,1,1,True,True,-0.10852534963901106,-0.07386792590669966,-0.10000000000000009,-0.03749999999999998,-0.1889017857142854,-0.19999999999999996
cx0.75_cy0.75_layoutA,0.05,x,0.05,family_pair,spatial_shift,false_hotspot,spatial_shift_x_js_0.05,false_hotspot_x_js_0.05,1,1,True,True,-0.06712382022925978,0.06976587198878059,0.5,-0.078125,-0.3622691993464051,-0.19999999999999996
cx0.75_cy0.75_layoutA,0.05,x,0.05,family_pair,spatial_shift,false_negative_suppression,spatial_shift_x_js_0.05,false_negative_suppression_x_js_0.05,1,1,True,True,-0.04245934291960585,0.32962398785394376,0.1499999999999999,0.006249999999999978,0.10896329365079382,-0.04999999999999993
cx0.75_cy0.75_layoutA,0.05,x,0.05,family_pair,diffuse_blur,false_hotspot,diffuse_blur_js_0.05,false_hotspot_x_js_0.05,1,1,True,True,0.04140152940975128,0.14363379789548025,0.6000000000000001,-0.04062500000000002,-0.17336741363211972,0.0
cx0.75_cy0.75_layoutA,0.05,x,0.05,family_pair,diffuse_blur,false_negative_suppression,diffuse_blur_js_0.05,false_negative_suppression_x_js_0.05,1,1,True,True,0.06606600671940521,0.4034919137606434,0.25,0.043749999999999956,0.2978650793650792,0.15000000000000002
cx0.75_cy0.75_layoutA,0.05,x,0.05,family_pair,false_hotspot,false_negative_suppression,false_hotspot_x_js_0.05,false_negative_suppression_x_js_0.05,1,1,True,True,0.02466447730965393,0.25985811586516316,-0.3500000000000001,0.08437499999999998,0.47123249299719894,0.15000000000000002
cx0.75_cy0.75_layoutA,0.05,y,0.05,error_minus_oracle,spatial_shift,oracle,spatial_shift_y_js_0.05,oracle,1,1,True,True,-0.029740965905262984,0.5715876787237453,0.6500000000000001,0.015000000000000013,0.207185221712763,0.050000000000000044
cx0.75_cy0.75_layoutA,0.05,y,0.05,error_minus_oracle,diffuse_blur,oracle,diffuse_blur_js_0.05,oracle,1,1,True,True,0.04549969269320775,0.48766685216053407,0.6500000000000001,0.029374999999999984,0.2464807481951432,0.15000000000000002
cx0.75_cy0.75_layoutA,0.05,y,0.05,error_minus_oracle,false_hotspot,oracle,false_hotspot_y_js_0.05,oracle,1,1,True,True,-0.043023402266223254,1.3215217855356354,2.4000000000000004,0.022499999999999964,0.44096022155197523,0.4
cx0.75_cy0.75_layoutA,0.05,y,0.05,error_minus_oracle,false_negative_suppression,oracle,false_negative_suppression_y_js_0.05,oracle,1,1,True,True,-0.0045225129093062755,0.016265319351373098,0.19999999999999996,0.00187499999999996,-0.038602439958166146,0.0
cx0.75_cy0.75_layoutA,0.05,y,0.05,family_pair,spatial_shift,diffuse_blur,spatial_shift_y_js_0.05,diffuse_blur_js_0.05,1,1,True,True,-0.07524065859847073,0.0839208265632112,0.0,-0.014374999999999971,-0.039295526482380216,-0.09999999999999998
cx0.75_cy0.75_layoutA,0.05,y,0.05,family_pair,spatial_shift,false_hotspot,spatial_shift_y_js_0.05,false_hotspot_y_js_0.05,1,1,True,True,0.01328243636096027,-0.7499341068118901,-1.75,-0.007499999999999951,-0.23377499983921224,-0.35
cx0.75_cy0.75_layoutA,0.05,y,0.05,family_pair,spatial_shift,false_negative_suppression,spatial_shift_y_js_0.05,false_negative_suppression_y_js_0.05,1,1,True,True,-0.02521845299595671,0.5553223593723722,0.4500000000000002,0.013125000000000053,0.24578766167092914,0.050000000000000044
cx0.75_cy0.75_layoutA,0.05,y,0.05,family_pair,diffuse_blur,false_hotspot,diffuse_blur_js_0.05,false_hotspot_y_js_0.05,1,1,True,True,0.088523094959431,-0.8338549333751013,-1.75,0.00687500000000002,-0.19447947335683202,-0.25
cx0.75_cy0.75_layoutA,0.05,y,0.05,family_pair,diffuse_blur,false_negative_suppression,diffuse_blur_js_0.05,false_negative_suppression_y_js_0.05,1,1,True,True,0.050022205602514025,0.471401532809161,0.4500000000000002,0.027500000000000024,0.28508318815330935,0.15000000000000002
cx0.75_cy0.75_layoutA,0.05,y,0.05,family_pair,false_hotspot,false_negative_suppression,false_hotspot_y_js_0.05,false_negative_suppression_y_js_0.05,1,1,True,True,-0.03850088935691698,1.3052564661842623,2.2,0.020625000000000004,0.4795626615101414,0.4
cx0.75_cy0.75_layoutA,0.05,x,0.1,error_minus_oracle,spatial_shift,oracle,spatial_shift_x_js_0.1,oracle,1,1,True,True,-0.04513050266778573,0.6622447188529259,2.2,0.021874999999999978,0.14909785782969487,0.0
cx0.75_cy0.75_layoutA,0.05,x,0.1,error_minus_oracle,diffuse_blur,oracle,diffuse_blur_js_0.1,oracle,1,1,True,True,0.021522296602888402,0.9670169325102278,2.2,0.05937500000000001,0.4159295640851359,0.5500000000000002
cx0.75_cy0.75_layoutA,0.05,x,0.1,error_minus_oracle,false_hotspot,oracle,false_hotspot_x_js_0.1,oracle,1,1,True,True,-0.03392029565097365,0.8723740657402299,0.25,0.10124999999999995,0.5207327201495695,0.2500000000000001
cx0.75_cy0.75_layoutA,0.05,x,0.1,error_minus_oracle,false_negative_suppression,oracle,false_negative_suppression_x_js_0.1,oracle,1,1,True,True,-0.014815513758529852,0.34711005673662054,0.7,-0.003750000000000031,0.0516945923108425,0.15000000000000002
cx0.75_cy0.75_layoutA,0.05,x,0.1,family_pair,spatial_shift,diffuse_blur,spatial_shift_x_js_0.1,diffuse_blur_js_0.1,1,1,True,True,-0.06665279927067413,-0.3047722136573019,0.0,-0.03750000000000003,-0.26683170625544106,-0.5500000000000002
cx0.75_cy0.75_layoutA,0.05,x,0.1,family_pair,spatial_shift,false_hotspot,spatial_shift_x_js_0.1,false_hotspot_x_js_0.1,1,1,True,True,-0.01121020701681208,-0.210129346887304,1.95,-0.07937499999999997,-0.37163486231987464,-0.2500000000000001
cx0.75_cy0.75_layoutA,0.05,x,0.1,family_pair,spatial_shift,false_negative_suppression,spatial_shift_x_js_0.1,false_negative_suppression_x_js_0.1,1,1,True,True,-0.03031498890925588,0.31513466211630536,1.5,0.02562500000000001,0.09740326551885237,-0.15000000000000002
cx0.75_cy0.75_layoutA,0.05,x,0.1,family_pair,diffuse_blur,false_hotspot,diffuse_blur_js_0.1,false_hotspot_x_js_0.1,1,1,True,True,0.055442592253862055,0.09464286676999789,1.95,-0.04187499999999994,-0.10480315606443358,0.30000000000000004
cx0.75_cy0.75_layoutA,0.05,x,0.1,family_pair,diffuse_blur,false_negative_suppression,diffuse_blur_js_0.1,false_negative_suppression_x_js_0.1,1,1,True,True,0.036337810361418255,0.6199068757736073,1.5,0.06312500000000004,0.3642349717742934,0.40000000000000013
cx0.75_cy0.75_layoutA,0.05,x,0.1,family_pair,false_hotspot,false_negative_suppression,false_hotspot_x_js_0.1,false_negative_suppression_x_js_0.1,1,1,True,True,-0.0191047818924438,0.5252640090036094,-0.44999999999999996,0.10499999999999998,0.469038127838727,0.10000000000000009
cx0.75_cy0.75_layoutA,0.05,y,0.1,error_minus_oracle,spatial_shift,oracle,spatial_shift_y_js_0.1,oracle,1,1,True,True,-0.06472310764148903,1.0697804570051743,2.45,0.020625000000000004,0.33679999017765083,0.15000000000000002
cx0.75_cy0.75_layoutA,0.05,y,0.1,error_minus_oracle,diffuse_blur,oracle,diffuse_blur_js_0.1,oracle,1,1,True,True,0.021522296602888402,0.9670169325102278,2.2,0.05937500000000001,0.4159295640851359,0.5500000000000002
cx0.75_cy0.75_layoutA,0.05,y,0.1,error_minus_oracle,false_hotspot,oracle,false_hotspot_y_js_0.1,oracle,1,1,True,True,-0.026446436453936073,1.371310540156594,2.4000000000000004,0.1506249999999999,0.5290114289238117,0.85
cx0.75_cy0.75_layoutA,0.05,y,0.1,error_minus_oracle,false_negative_suppression,oracle,false_negative_suppression_y_js_0.1,oracle,1,1,True,True,0.02111196165732332,0.2931422553128624,0.3500000000000001,0.03874999999999995,0.14135737157176687,0.35
cx0.75_cy0.75_layoutA,0.05,y,0.1,family_pair,spatial_shift,diffuse_blur,spatial_shift_y_js_0.1,diffuse_blur_js_0.1,1,1,True,True,-0.08624540424437743,0.10276352449494652,0.25,-0.03875000000000001,-0.0791295739074851,-0.40000000000000013
cx0.75_cy0.75_layoutA,0.05,y,0.1,family_pair,spatial_shift,false_hotspot,spatial_shift_y_js_0.1,false_hotspot_y_js_0.1,1,1,True,True,-0.03827667118755296,-0.3015300831514196,0.04999999999999982,-0.1299999999999999,-0.19221143874616087,-0.7
cx0.75_cy0.75_layoutA,0.05,y,0.1,family_pair,spatial_shift,false_negative_suppression,spatial_shift_y_js_0.1,false_negative_suppression_y_js_0.1,1,1,True,True,-0.08583506929881235,0.7766382016923119,2.0999999999999996,-0.018124999999999947,0.19544261860588397,-0.19999999999999996
cx0.75_cy0.75_layoutA,0.05,y,0.1,family_pair,diffuse_blur,false_hotspot,diffuse_blur_js_0.1,false_hotspot_y_js_0.1,1,1,True,True,0.047968733056824475,-0.4042936076463661,-0.20000000000000018,-0.09124999999999989,-0.11308186483867577,-0.2999999999999998
cx0.75_cy0.75_layoutA,0.05,y,0.1,family_pair,diffuse_blur,false_negative_suppression,diffuse_blur_js_0.1,false_negative_suppression_y_js_0.1,1,1,True,True,0.0004103349455650829,0.6738746771973654,1.8499999999999999,0.02062500000000006,0.27457219251336906,0.20000000000000018
cx0.75_cy0.75_layoutA,0.05,y,0.1,family_pair,false_hotspot,false_negative_suppression,false_hotspot_y_js_0.1,false_negative_suppression_y_js_0.1,1,1,True,True,-0.04755839811125939,1.0781682848437315,2.05,0.11187499999999995,0.38765405735204483,0.5
cx0.75_cy0.75_layoutA,0.05,x,0.15,error_minus_oracle,spatial_shift,oracle,spatial_shift_x_js_0.15,oracle,1,1,True,True,0.0010840710999933112,0.9242037837314765,2.2,0.06187500000000001,0.268529760353198,0.15000000000000002
cx0.75_cy0.75_layoutA,0.05,x,0.15,error_minus_oracle,diffuse_blur,oracle,diffuse_blur_js_0.15,oracle,1,1,True,True,-0.0016689597091686936,1.391053385805367,2.3,0.09374999999999989,0.6516064375742578,1.3000000000000003
cx0.75_cy0.75_layoutA,0.05,x,0.15,error_minus_oracle,false_hotspot,oracle,false_hotspot_x_js_0.15,oracle,1,1,True,True,0.04275169433937198,1.5263472391714146,2.2,0.19374999999999998,0.5019237833531318,0.4
cx0.75_cy0.75_layoutA,0.05,x,0.15,error_minus_oracle,false_negative_suppression,oracle,false_negative_suppression_x_js_0.15,oracle,1,1,True,True,0.07286942603195634,1.1721347516538354,0.8499999999999999,0.2143750000000001,0.5284612415973235,0.8000000000000002
cx0.75_cy0.75_layoutA,0.05,x,0.15,family_pair,spatial_shift,diffuse_blur,spatial_shift_x_js_0.15,diffuse_blur_js_0.15,1,1,True,True,0.002753030809162005,-0.4668496020738906,-0.10000000000000009,-0.031874999999999876,-0.38307667722105987,-1.1500000000000001
cx0.75_cy0.75_layoutA,0.05,x,0.15,family_pair,spatial_shift,false_hotspot,spatial_shift_x_js_0.15,false_hotspot_x_js_0.15,1,1,True,True,-0.04166762323937867,-0.6021434554399381,0.0,-0.13187499999999996,-0.23339402299993384,-0.25
cx0.75_cy0.75_layoutA,0.05,x,0.15,family_pair,spatial_shift,false_negative_suppression,spatial_shift_x_js_0.15,false_negative_suppression_x_js_0.15,1,1,True,True,-0.07178535493196303,-0.2479309679223589,1.35,-0.15250000000000008,-0.2599314812441256,-0.6500000000000001
cx0.75_cy0.75_layoutA,0.05,x,0.15,family_pair,diffuse_blur,false_hotspot,diffuse_blur_js_0.15,false_hotspot_x_js_0.15,1,1,True,True,-0.044420654048540675,-0.1352938533660475,0.10000000000000009,-0.10000000000000009,0.14968265422112603,0.9000000000000001
cx0.75_cy0.75_layoutA,0.05,x,0.15,family_pair,diffuse_blur,false_negative_suppression,diffuse_blur_js_0.15,false_negative_suppression_x_js_0.15,1,1,True,True,-0.07453838574112504,0.21891863415153168,1.4500000000000002,-0.1206250000000002,0.1231451959769343,0.5
cx0.75_cy0.75_layoutA,0.05,x,0.15,family_pair,false_hotspot,false_negative_suppression,false_hotspot_x_js_0.15,false_negative_suppression_x_js_0.15,1,1,True,True,-0.03011773169258436,0.35421248751757917,1.35,-0.020625000000000115,-0.026537458244191736,-0.40000000000000013
cx0.75_cy0.75_layoutA,0.05,y,0.15,error_minus_oracle,spatial_shift,oracle,spatial_shift_y_js_0.15,oracle,1,1,True,True,-0.014794594107410686,1.2398633789182854,2.45,0.10062499999999985,0.46057113078552714,0.7500000000000001
cx0.75_cy0.75_layoutA,0.05,y,0.15,error_minus_oracle,diffuse_blur,oracle,diffuse_blur_js_0.15,oracle,1,1,True,True,-0.0016689597091686936,1.391053385805367,2.3,0.09374999999999989,0.6516064375742578,1.3000000000000003
cx0.75_cy0.75_layoutA,0.05,y,0.15,error_minus_oracle,false_hotspot,oracle,false_hotspot_y_js_0.15,oracle,1,1,True,True,-0.046144866180591104,1.3331601448022221,2.5,0.18624999999999992,0.6230761365081974,1.0500000000000003
cx0.75_cy0.75_layoutA,0.05,y,0.15,error_minus_oracle,false_negative_suppression,oracle,false_negative_suppression_y_js_0.15,oracle,1,1,True,True,0.033223878098233794,0.45947881189922946,0.44999999999999996,0.05874999999999997,0.26007101402034905,0.5500000000000002
cx0.75_cy0.75_layoutA,0.05,y,0.15,family_pair,spatial_shift,diffuse_blur,spatial_shift_y_js_0.15,diffuse_blur_js_0.15,1,1,True,True,-0.013125634398241992,-0.15119000688708173,0.1499999999999999,0.0068749999999999645,-0.1910353067887307,-0.55
cx0.75_cy0.75_layoutA,0.05,y,0.15,family_pair,spatial_shift,false_hotspot,spatial_shift_y_js_0.15,false_hotspot_y_js_0.15,1,1,True,True,0.03135027207318042,-0.09329676588393676,-0.050000000000000266,-0.08562500000000006,-0.16250500572267024,-0.30000000000000004
cx0.75_cy0.75_layoutA,0.05,y,0.15,family_pair,spatial_shift,false_negative_suppression,spatial_shift_y_js_0.15,false_negative_suppression_y_js_0.15,1,1,True,True,-0.04801847220564448,0.7803845670190559,2.0,0.041874999999999885,0.2005001167651781,0.19999999999999996
cx0.75_cy0.75_layoutA,0.05,y,0.15,family_pair,diffuse_blur,false_hotspot,diffuse_blur_js_0.15,false_hotspot_y_js_0.15,1,1,True,True,0.04447590647142241,0.05789324100314497,-0.20000000000000018,-0.09250000000000003,0.02853030106606047,0.25
cx0.75_cy0.75_layoutA,0.05,y,0.15,family_pair,diffuse_blur,false_negative_suppression,diffuse_blur_js_0.15,false_negative_suppression_y_js_0.15,1,1,True,True,-0.03489283780740249,0.9315745739061376,1.85,0.03499999999999992,0.3915354235539088,0.75
cx0.75_cy0.75_layoutA,0.05,y,0.15,family_pair,false_hotspot,false_negative_suppression,false_hotspot_y_js_0.15,false_negative_suppression_y_js_0.15,1,1,True,True,-0.0793687442788249,0.8736813329029927,2.0500000000000003,0.12749999999999995,0.36300512248784833,0.5
cx0.75_cy0.75_layoutB,0.1,shared,,baseline_minus_oracle,uniform_prior_baseline,oracle,uniform_prior_baseline,oracle,1,1,True,True,0.029188191154718268,1.5475872943422575,1.8499999999999999,0.09399477806788509,0.6485317075228889,1.1
cx0.75_cy0.75_layoutB,0.1,x,0.05,error_minus_oracle,spatial_shift,oracle,spatial_shift_x_js_0.05,oracle,1,1,True,True,0.04226772699841741,0.5074069693204393,0.7,0.05613577023498689,0.24110387068548667,0.19999999999999996
cx0.75_cy0.75_layoutB,0.1,x,0.05,error_minus_oracle,diffuse_blur,oracle,diffuse_blur_js_0.05,oracle,1,1,True,True,0.04162519614925231,0.4137340890904182,0.5,0.026109660574412497,0.20697465117433822,0.10000000000000009
cx0.75_cy0.75_layoutB,0.1,x,0.05,error_minus_oracle,false_hotspot,oracle,false_hotspot_x_js_0.05,oracle,1,1,True,True,0.005505245033574524,0.27049678910879105,0.09999999999999987,0.04177545691906004,0.1920453461189826,0.1499999999999999
cx0.75_cy0.75_layoutB,0.1,x,0.05,error_minus_oracle,false_negative_suppression,oracle,false_negative_suppression_x_js_0.05,oracle,1,1,True,True,0.0019291662949061372,0.1400124079985836,0.30000000000000004,-0.008485639686684088,0.0246885872160445,-0.050000000000000044
cx0.75_cy0.75_layoutB,0.1,x,0.05,family_pair,spatial_shift,diffuse_blur,spatial_shift_x_js_0.05,diffuse_blur_js_0.05,1,1,True,True,0.0006425308491651016,0.09367288023002107,0.19999999999999996,0.030026109660574396,0.034129219511148445,0.09999999999999987
cx0.75_cy0.75_layoutB,0.1,x,0.05,family_pair,spatial_shift,false_hotspot,spatial_shift_x_js_0.05,false_hotspot_x_js_0.05,1,1,True,True,0.036762481964842886,0.23691018021164822,0.6000000000000001,0.014360313315926854,0.04905852456650406,0.050000000000000044
cx0.75_cy0.75_layoutB,0.1,x,0.05,family_pair,spatial_shift,false_negative_suppression,spatial_shift_x_js_0.05,false_negative_suppression_x_js_0.05,1,1,True,True,0.04033856070351127,0.36739456132185566,0.3999999999999999,0.06462140992167098,0.21641528346944217,0.25
cx0.75_cy0.75_layoutB,0.1,x,0.05,family_pair,diffuse_blur,false_hotspot,diffuse_blur_js_0.05,false_hotspot_x_js_0.05,1,1,True,True,0.036119951115677784,0.14323729998162715,0.40000000000000013,-0.015665796344647542,0.014929305055355613,-0.04999999999999982
cx0.75_cy0.75_layoutB,0.1,x,0.05,family_pair,diffuse_blur,false_negative_suppression,diffuse_blur_js_0.05,false_negative_suppression_x_js_0.05,1,1,True,True,0.03969602985434617,0.2737216810918346,0.19999999999999996,0.034595300261096584,0.18228606395829372,0.15000000000000013
cx0.75_cy0.75_layoutB,0.1,x,0.05,family_pair,false_hotspot,false_negative_suppression,false_hotspot_x_js_0.05,false_negative_suppression_x_js_0.05,1,1,True,True,0.0035760787386683868,0.13048438111020744,-0.20000000000000018,0.05026109660574413,0.1673567589029381,0.19999999999999996
cx0.75_cy0.75_layoutB,0.1,y,0.05,error_minus_oracle,spatial_shift,oracle,spatial_shift_y_js_0.05,oracle,1,1,True,True,-0.00409806942295754,0.6294428345675953,0.44999999999999996,0.0039164490861618995,0.2664398271364199,0.0
cx0.75_cy0.75_layoutB,0.1,y,0.05,error_minus_oracle,diffuse_blur,oracle,diffuse_blur_js_0.05,oracle,1,1,True,True,0.04162519614925231,0.4137340890904182,0.5,0.026109660574412497,0.20697465117433822,0.10000000000000009
cx0.75_cy0.75_layoutB,0.1,y,0.05,error_minus_oracle,false_hotspot,oracle,false_hotspot_y_js_0.05,oracle,1,1,True,True,0.029018547990281918,0.8302936852737319,1.5999999999999999,0.04634464751958223,0.2980059667700432,0.25
cx0.75_cy0.75_layoutB,0.1,y,0.05,error_minus_oracle,false_negative_suppression,oracle,false_negative_suppression_y_js_0.05,oracle,1,1,True,True,0.0031712856240563303,0.21705576293131013,0.25,0.01631853785900783,0.06851122915631591,0.10000000000000009
cx0.75_cy0.75_layoutB,0.1,y,0.05,family_pair,spatial_shift,diffuse_blur,spatial_shift_y_js_0.05,diffuse_blur_js_0.05,1,1,True,True,-0.04572326557220985,0.2157087454771771,-0.050000000000000044,-0.022193211488250597,0.05946517596208167,-0.10000000000000009
cx0.75_cy0.75_layoutB,0.1,y,0.05,family_pair,spatial_shift,false_hotspot,spatial_shift_y_js_0.05,false_hotspot_y_js_0.05,1,1,True,True,-0.03311661741323946,-0.20085085070613662,-1.15,-0.04242819843342033,-0.031566139633623314,-0.25
cx0.75_cy0.75_layoutB,0.1,y,0.05,family_pair,spatial_shift,false_negative_suppression,spatial_shift_y_js_0.05,false_negative_suppression_y_js_0.05,1,1,True,True,-0.00726935504701387,0.4123870716362852,0.19999999999999996,-0.012402088772845932,0.19792859798010398,-0.10000000000000009
cx0.75_cy0.75_layoutB,0.1,y,0.05,family_pair,diffuse_blur,false_hotspot,diffuse_blur_js_0.05,false_hotspot_y_js_0.05,1,1,True,True,0.01260664815897039,-0.41655959618331373,-1.0999999999999999,-0.02023498694516973,-0.09103131559570499,-0.1499999999999999
cx0.75_cy0.75_layoutB,0.1,y,0.05,family_pair,diffuse_blur,false_negative_suppression,diffuse_blur_js_0.05,false_negative_suppression_y_js_0.05,1,1,True,True,0.03845391052519598,0.19667832615910807,0.25,0.009791122715404665,0.1384634220180223,0.0
cx0.75_cy0.75_layoutB,0.1,y,0.05,family_pair,false_hotspot,false_negative_suppression,false_hotspot_y_js_0.05,false_negative_suppression_y_js_0.05,1,1,True,True,0.025847262366225587,0.6132379223424218,1.3499999999999999,0.030026109660574396,0.2294947376137273,0.1499999999999999
cx0.75_cy0.75_layoutB,0.1,x,0.1,error_minus_oracle,spatial_shift,oracle,spatial_shift_x_js_0.1,oracle,1,1,True,True,0.048285581164909885,0.7057147884048975,1.7500000000000002,0.08289817232375979,0.3115366315220325,0.3500000000000001
cx0.75_cy0.75_layoutB,0.1,x,0.1,error_minus_oracle,diffuse_blur,oracle,diffuse_blur_js_0.1,oracle,1,1,True,True,0.04844592624657784,0.9919939723674556,1.6500000000000001,0.055483028720626604,0.42201196941917174,0.7
cx0.75_cy0.75_layoutB,0.1,x,0.1,error_minus_oracle,false_hotspot,oracle,false_hotspot_x_js_0.1,oracle,1,1,True,True,0.12208103479452237,1.0659452358061479,2.25,0.21801566579634463,0.604565354122184,0.8999999999999999
cx0.75_cy0.75_layoutB,0.1,x,0.1,error_minus_oracle,false_negative_suppression,oracle,false_negative_suppression_x_js_0.1,oracle,1,1,True,True,0.011221632629682676,0.17400918706552138,0.34999999999999987,-0.0019582245430809775,0.021873702538002915,0.0
cx0.75_cy0.75_layoutB,0.1,x,0.1,family_pair,spatial_shift,diffuse_blur,spatial_shift_x_js_0.1,diffuse_blur_js_0.1,1,1,True,True,-0.00016034508166795636,-0.286279183962558,0.10000000000000009,0.027415143603133185,-0.11047533789713926,-0.34999999999999987
cx0.75_cy0.75_layoutB,0.1,x,0.1,family_pair,spatial_shift,false_hotspot,spatial_shift_x_js_0.1,false_hotspot_x_js_0.1,1,1,True,True,-0.07379545362961248,-0.3602304474012503,-0.5,-0.13511749347258484,-0.29302872260015156,-0.5499999999999998
cx0.75_cy0.75_layoutB,0.1,x,0.1,family_pair,spatial_shift,false_negative_suppression,spatial_shift_x_js_0.1,false_negative_suppression_x_js_0.1,1,1,True,True,0.03706394853522721,0.5317056013393762,1.4000000000000004,0.08485639686684077,0.28966292898402957,0.3500000000000001
cx0.75_cy0.75_layoutB,0.1,x,0.1,family_pair,diffuse_blur,false_hotspot,diffuse_blur_js_0.1,false_hotspot_x_js_0.1,1,1,True,True,-0.07363510854794453,-0.0739512634386923,-0.6000000000000001,-0.16253263707571802,-0.1825533847030123,-0.19999999999999996
cx0.75_cy0.75_layoutB,0.1,x,0.1,family_pair,diffuse_blur,false_negative_suppression,diffuse_blur_js_0.1,false_negative_suppression_x_js_0.1,1,1,True,True,0.037224293616895165,0.8179847853019342,1.3000000000000003,0.05744125326370758,0.4001382668811688,0.7
cx0.75_cy0.75_layoutB,0.1,x,0.1,family_pair,false_hotspot,false_negative_suppression,false_hotspot_x_js_0.1,false_negative_suppression_x_js_0.1,1,1,True,True,0.1108594021648397,0.8919360487406265,1.9000000000000004,0.2199738903394256,0.5826916515841811,0.8999999999999999
cx0.75_cy0.75_layoutB,0.1,y,0.1,error_minus_oracle,spatial_shift,oracle,spatial_shift_y_js_0.1,oracle,1,1,True,True,-0.007502886185981161,0.9814236939803542,1.6500000000000001,0.02023498694516973,0.3717005156133779,0.10000000000000009
cx0.75_cy0.75_layoutB,0.1,y,0.1,error_minus_oracle,diffuse_blur,oracle,diffuse_blur_js_0.1,oracle,1,1,True,True,0.04844592624657784,0.9919939723674556,1.6500000000000001,0.055483028720626604,0.42201196941917174,0.7
cx0.75_cy0.75_layoutB,0.1,y,0.1,error_minus_oracle,false_hotspot,oracle,false_hotspot_y_js_0.1,oracle,1,1,True,True,-0.016484101528046025,1.3440959043477612,1.7,0.06070496083550908,0.42268922873703274,0.30000000000000004
cx0.75_cy0.75_layoutB,0.1,y,0.1,error_minus_oracle,false_negative_suppression,oracle,false_negative_suppression_y_js_0.1,oracle,1,1,True,True,0.019865741263036085,0.3522679244434277,1.2,0.04308093994778067,0.10388323545495592,0.25
cx0.75_cy0.75_layoutB,0.1,y,0.1,family_pair,spatial_shift,diffuse_blur,spatial_shift_y_js_0.1,diffuse_blur_js_0.1,1,1,True,True,-0.055948812432559,-0.01057027838710134,0.0,-0.03524804177545687,-0.05031145380579383,-0.5999999999999999
cx0.75_cy0.75_layoutB,0.1,y,0.1,family_pair,spatial_shift,false_hotspot,spatial_shift_y_js_0.1,false_hotspot_y_js_0.1,1,1,True,True,0.008981215342064863,-0.36267221036740693,-0.04999999999999982,-0.04046997389033935,-0.05098871312365483,-0.19999999999999996
cx0.75_cy0.75_layoutB,0.1,y,0.1,family_pair,spatial_shift,false_negative_suppression,spatial_shift_y_js_0.1,false_negative_suppression_y_js_0.1,1,1,True,True,-0.027368627449017247,0.6291557695369265,0.4500000000000002,-0.02284595300261094,0.267817280158422,-0.1499999999999999
cx0.75_cy0.75_layoutB,0.1,y,0.1,family_pair,diffuse_blur,false_hotspot,diffuse_blur_js_0.1,false_hotspot_y_js_0.1,1,1,True,True,0.06493002777462387,-0.3521019319803056,-0.04999999999999982,-0.005221932114882477,-0.0006772593178610009,0.3999999999999999
cx0.75_cy0.75_layoutB,0.1,y,0.1,family_pair,diffuse_blur,false_negative_suppression,diffuse_blur_js_0.1,false_negative_suppression_y_js_0.1,1,1,True,True,0.028580184983541757,0.6397260479240279,0.4500000000000002,0.012402088772845932,0.3181287339642158,0.44999999999999996
cx0.75_cy0.75_layoutB,0.1,y,0.1,family_pair,false_hotspot,false_negative_suppression,false_hotspot_y_js_0.1,false_negative_suppression_y_js_0.1,1,1,True,True,-0.03634984279108211,0.9918279799043335,0.5,0.01762402088772841,0.3188059932820768,0.050000000000000044
cx0.75_cy0.75_layoutB,0.1,x,0.15,error_minus_oracle,spatial_shift,oracle,spatial_shift_x_js_0.15,oracle,1,1,True,True,0.10685437712393153,1.0784955094541664,1.9000000000000001,0.16122715404699733,0.5048308313822707,0.6499999999999999
cx0.75_cy0.75_layoutB,0.1,x,0.15,error_minus_oracle,diffuse_blur,oracle,diffuse_blur_js_0.15,oracle,1,1,True,True,0.03164470370272665,1.4317296495665943,1.7500000000000002,0.08485639686684071,0.5956726524987617,1.0499999999999998
cx0.75_cy0.75_layoutB,0.1,x,0.15,error_minus_oracle,false_hotspot,oracle,false_hotspot_x_js_0.15,oracle,1,1,True,True,0.06743372966564565,1.2037004522549684,2.3,0.21932114882506532,0.5852140238464836,0.8999999999999999
cx0.75_cy0.75_layoutB,0.1,x,0.15,error_minus_oracle,false_negative_suppression,oracle,false_negative_suppression_x_js_0.15,oracle,1,1,True,True,0.001007502245075953,0.1845888259845514,0.3999999999999999,0.0,0.006934306569342796,0.0
cx0.75_cy0.75_layoutB,0.1,x,0.15,family_pair,spatial_shift,diffuse_blur,spatial_shift_x_js_0.15,diffuse_blur_js_0.15,1,1,True,True,0.07520967342120488,-0.35323414011242793,0.1499999999999999,0.07637075718015662,-0.09084182111649097,-0.3999999999999999
cx0.75_cy0.75_layoutB,0.1,x,0.15,family_pair,spatial_shift,false_hotspot,spatial_shift_x_js_0.15,false_hotspot_x_js_0.15,1,1,True,True,0.039420647458285885,-0.12520494280080197,-0.3999999999999999,-0.05809399477806798,-0.08038319246421288,-0.25
cx0.75_cy0.75_layoutB,0.1,x,0.15,family_pair,spatial_shift,false_negative_suppression,spatial_shift_x_js_0.15,false_negative_suppression_x_js_0.15,1,1,True,True,0.10584687487885558,0.893906683469615,1.5000000000000002,0.16122715404699733,0.4978965248129279,0.6499999999999999
cx0.75_cy0.75_layoutB,0.1,x,0.15,family_pair,diffuse_blur,false_hotspot,diffuse_blur_js_0.15,false_hotspot_x_js_0.15,1,1,True,True,-0.035789025962919,0.22802919731162596,-0.5499999999999998,-0.1344647519582246,0.01045862865227809,0.1499999999999999
cx0.75_cy0.75_layoutB,0.1,x,0.15,family_pair,diffuse_blur,false_negative_suppression,diffuse_blur_js_0.15,false_negative_suppression_x_js_0.15,1,1,True,True,0.030637201457650698,1.247140823582043,1.3500000000000003,0.08485639686684071,0.5887383459294189,1.0499999999999998
cx0.75_cy0.75_layoutB,0.1,x,0.15,family_pair,false_hotspot,false_negative_suppression,false_hotspot_x_js_0.15,false_negative_suppression_x_js_0.15,1,1,True,True,0.0664262274205697,1.019111626270417,1.9000000000000001,0.21932114882506532,0.5782797172771408,0.8999999999999999
cx0.75_cy0.75_layoutB,0.1,y,0.15,error_minus_oracle,spatial_shift,oracle,spatial_shift_y_js_0.15,oracle,1,1,True,True,-0.06708836084987668,1.289627208679257,1.7500000000000002,0.018276762402088753,0.41021834448499583,0.10000000000000009
cx0.75_cy0.75_layoutB,0.1,y,0.15,error_minus_oracle,diffuse_blur,oracle,diffuse_blur_js_0.15,oracle,1,1,True,True,0.03164470370272665,1.4317296495665943,1.7500000000000002,0.08485639686684071,0.5956726524987617,1.0499999999999998
cx0.75_cy0.75_layoutB,0.1,y,0.15,error_minus_oracle,false_hotspot,oracle,false_hotspot_y_js_0.15,oracle,1,1,True,True,-0.06924602176856876,1.592093139606116,1.8,0.08485639686684071,0.46536291798548723,0.3999999999999999
cx0.75_cy0.75_layoutB,0.1,y,0.15,error_minus_oracle,false_negative_suppression,oracle,false_negative_suppression_y_js_0.15,oracle,1,1,True,True,-0.0016980479570177787,0.35637075706342247,1.1500000000000001,0.04438642297650125,0.08228386576926705,0.30000000000000004
cx0.75_cy0.75_layoutB,0.1,y,0.15,family_pair,spatial_shift,diffuse_blur,spatial_shift_y_js_0.15,diffuse_blur_js_0.15,1,1,True,True,-0.09873306455260333,-0.14210244088733726,0.0,-0.06657963446475196,-0.18545430801376583,-0.9499999999999997
cx0.75_cy0.75_layoutB,0.1,y,0.15,family_pair,spatial_shift,false_hotspot,spatial_shift_y_js_0.15,false_hotspot_y_js_0.15,1,1,True,True,0.0021576609186920725,-0.3024659309268589,-0.04999999999999982,-0.06657963446475196,-0.0551445735004914,-0.2999999999999998
cx0.75_cy0.75_layoutB,0.1,y,0.15,family_pair,spatial_shift,false_negative_suppression,spatial_shift_y_js_0.15,false_negative_suppression_y_js_0.15,1,1,True,True,-0.0653903128928589,0.9332564516158346,0.6000000000000001,-0.026109660574412497,0.3279344787157288,-0.19999999999999996
cx0.75_cy0.75_layoutB,0.1,y,0.15,family_pair,diffuse_blur,false_hotspot,diffuse_blur_js_0.15,false_hotspot_y_js_0.15,1,1,True,True,0.1008907254712954,-0.16036349003952166,-0.04999999999999982,0.0,0.13030973451327443,0.6499999999999999
cx0.75_cy0.75_layoutB,0.1,y,0.15,family_pair,diffuse_blur,false_negative_suppression,diffuse_blur_js_0.15,false_negative_suppression_y_js_0.15,1,1,True,True,0.03334275165974443,1.0753588925031718,0.6000000000000001,0.04046997389033946,0.5133887867294946,0.7499999999999998
cx0.75_cy0.75_layoutB,0.1,y,0.15,family_pair,false_hotspot,false_negative_suppression,false_hotspot_y_js_0.15,false_negative_suppression_y_js_0.15,1,1,True,True,-0.06754797381155098,1.2357223825426935,0.6499999999999999,0.04046997389033946,0.3830790522162202,0.09999999999999987
cx0.75_cy0.75_layoutB,0.05,shared,,baseline_minus_oracle,uniform_prior_baseline,oracle,uniform_prior_baseline,oracle,1,1,True,True,-0.021907337069128507,1.420165278167087,2.25,0.1272845953002611,0.552873140165073,1.2500000000000002
cx0.75_cy0.75_layoutB,0.05,x,0.05,error_minus_oracle,spatial_shift,oracle,spatial_shift_x_js_0.05,oracle,1,1,True,True,-0.04319535528284457,0.5093848165591619,0.09999999999999987,0.006527415143603166,0.16354192277455493,0.050000000000000044
cx0.75_cy0.75_layoutB,0.05,x,0.05,error_minus_oracle,diffuse_blur,oracle,diffuse_blur_js_0.05,oracle,1,1,True,True,0.06019839815171868,0.49633350051517233,0.6499999999999999,0.046997389033942516,0.23499776546422124,0.19999999999999996
cx0.75_cy0.75_layoutB,0.05,x,0.05,error_minus_oracle,false_hotspot,oracle,false_hotspot_x_js_0.05,oracle,1,1,True,True,0.016309863418799253,0.337656077472384,0.0,0.07245430809399472,0.4603273286467491,0.19999999999999996
cx0.75_cy0.75_layoutB,0.05,x,0.05,error_minus_oracle,false_negative_suppression,oracle,false_negative_suppression_x_js_0.05,oracle,1,1,True,True,-0.014420726558226349,0.06505982946137578,0.2999999999999998,-0.004569190600522188,-0.093627297687771,-0.050000000000000044
cx0.75_cy0.75_layoutB,0.05,x,0.05,family_pair,spatial_shift,diffuse_blur,spatial_shift_x_js_0.05,diffuse_blur_js_0.05,1,1,True,True,-0.10339375343456325,0.01305131604398957,-0.55,-0.04046997389033935,-0.07145584268966632,-0.1499999999999999
cx0.75_cy0.75_layoutB,0.05,x,0.05,family_pair,spatial_shift,false_hotspot,spatial_shift_x_js_0.05,false_hotspot_x_js_0.05,1,1,True,True,-0.059505218701643825,0.17172873908677788,0.09999999999999987,-0.06592689295039156,-0.29678540587219415,-0.1499999999999999
cx0.75_cy0.75_layoutB,0.05,x,0.05,family_pair,spatial_shift,false_negative_suppression,spatial_shift_x_js_0.05,false_negative_suppression_x_js_0.05,1,1,True,True,-0.028774628724618223,0.4443249870977861,-0.19999999999999996,0.011096605744125354,0.25716922046232593,0.10000000000000009
cx0.75_cy0.75_layoutB,0.05,x,0.05,family_pair,diffuse_blur,false_hotspot,diffuse_blur_js_0.05,false_hotspot_x_js_0.05,1,1,True,True,0.043888534732919426,0.1586774230427883,0.6499999999999999,-0.025456919060052208,-0.22532956318252784,0.0
cx0.75_cy0.75_layoutB,0.05,x,0.05,family_pair,diffuse_blur,false_negative_suppression,diffuse_blur_js_0.05,false_negative_suppression_x_js_0.05,1,1,True,True,0.07461912470994503,0.43127367105379655,0.3500000000000001,0.051566579634464704,0.32862506315199225,0.25
cx0.75_cy0.75_layoutB,0.05,x,0.05,family_pair,false_hotspot,false_negative_suppression,false_hotspot_x_js_0.05,false_negative_suppression_x_js_0.05,1,1,True,True,0.030730589977025602,0.27259624801100824,-0.2999999999999998,0.07702349869451691,0.5539546263345201,0.25
cx0.75_cy0.75_layoutB,0.05,y,0.05,error_minus_oracle,spatial_shift,oracle,spatial_shift_y_js_0.05,oracle,1,1,True,True,-0.024044733127145612,0.4916647200066633,0.5499999999999998,0.01631853785900783,0.16035678992621016,0.050000000000000044
cx0.75_cy0.75_layoutB,0.05,y,0.05,error_minus_oracle,diffuse_blur,oracle,diffuse_blur_js_0.05,oracle,1,1,True,True,0.06019839815171868,0.49633350051517233,0.6499999999999999,0.046997389033942516,0.23499776546422124,0.19999999999999996
cx0.75_cy0.75_layoutB,0.05,y,0.05,error_minus_oracle,false_hotspot,oracle,false_hotspot_y_js_0.05,oracle,1,1,True,True,-0.027588703574391027,1.2440506525943116,2.25,0.05091383812010447,0.34834317099605294,0.25
cx0.75_cy0.75_layoutB,0.05,y,0.05,error_minus_oracle,false_negative_suppression,oracle,false_negative_suppression_y_js_0.05,oracle,1,1,True,True,0.01046207545662381,-0.029857237812286552,0.1499999999999999,0.019582245430809386,-0.04578911542670716,0.050000000000000044
cx0.75_cy0.75_layoutB,0.05,y,0.05,family_pair,spatial_shift,diffuse_blur,spatial_shift_y_js_0.05,diffuse_blur_js_0.05,1,1,True,True,-0.08424313127886429,-0.004668780508509052,-0.10000000000000009,-0.030678851174934685,-0.07464097553801108,-0.1499999999999999
cx0.75_cy0.75_layoutB,0.05,y,0.05,family_pair,spatial_shift,false_hotspot,spatial_shift_y_js_0.05,false_hotspot_y_js_0.05,1,1,True,True,0.0035439704472454148,-0.7523859325876483,-1.7000000000000002,-0.03459530026109664,-0.18798638106984278,-0.19999999999999996
cx0.75_cy0.75_layoutB,0.05,y,0.05,family_pair,spatial_shift,false_negative_suppression,spatial_shift_y_js_0.05,false_negative_suppression_y_js_0.05,1,1,True,True,-0.03450680858376942,0.5215219578189498,0.3999999999999999,-0.003263707571801555,0.20614590535291732,0.0
cx0.75_cy0.75_layoutB,0.05,y,0.05,family_pair,diffuse_blur,false_hotspot,diffuse_blur_js_0.05,false_hotspot_y_js_0.05,1,1,True,True,0.0877871017261097,-0.7477171520791392,-1.6,-0.003916449086161955,-0.1133454055318317,-0.050000000000000044
cx0.75_cy0.75_layoutB,0.05,y,0.05,family_pair,diffuse_blur,false_negative_suppression,diffuse_blur_js_0.05,false_negative_suppression_y_js_0.05,1,1,True,True,0.04973632269509487,0.5261907383274589,0.5,0.02741514360313313,0.2807868808909284,0.1499999999999999
cx0.75_cy0.75_layoutB,0.05,y,0.05,family_pair,false_hotspot,false_negative_suppression,false_hotspot_y_js_0.05,false_negative_suppression_y_js_0.05,1,1,True,True,-0.038050779031014836,1.2739078904065981,2.1,0.031331592689295085,0.3941322864227601,0.19999999999999996
cx0.75_cy0.75_layoutB,0.05,x,0.1,error_minus_oracle,spatial_shift,oracle,spatial_shift_x_js_0.1,oracle,1,1,True,True,0.024947339919727418,0.6752549868880116,2.05,0.08812010443864227,0.3132108513740215,0.3999999999999999
cx0.75_cy0.75_layoutB,0.05,x,0.1,error_minus_oracle,diffuse_blur,oracle,diffuse_blur_js_0.1,oracle,1,1,True,True,0.030157822855418792,0.939674087819145,2.1,0.07898172323759789,0.3527005170525459,0.7
cx0.75_cy0.75_layoutB,0.05,x,0.1,error_minus_oracle,false_hotspot,oracle,false_hotspot_x_js_0.1,oracle,1,1,True,True,0.015865403000440148,0.4796911613322332,0.04999999999999982,0.1305483028720627,0.4659498904152788,0.8499999999999999
cx0.75_cy0.75_layoutB,0.05,x,0.1,error_minus_oracle,false_negative_suppression,oracle,false_negative_suppression_x_js_0.1,oracle,1,1,True,True,-0.013983970140659219,0.2988459105428021,0.6000000000000001,0.006527415143603166,-0.023763776707310225,0.0
cx0.75_cy0.75_layoutB,0.05,x,0.1,family_pair,spatial_shift,diffuse_blur,spatial_shift_x_js_0.1,diffuse_blur_js_0.1,1,1,True,True,-0.005210482935691374,-0.2644191009311334,-0.050000000000000266,0.009138381201044377,-0.03948966567852441,-0.30000000000000004
cx0.75_cy0.75_layoutB,0.05,x,0.1,family_pair,spatial_shift,false_hotspot,spatial_shift_x_js_0.1,false_hotspot_x_js_0.1,1,1,True,True,0.00908193691928727,0.19556382555577834,2.0,-0.04242819843342044,-0.1527390390412573,-0.44999999999999996
cx0.75_cy0.75_layoutB,0.05,x,0.1,family_pair,spatial_shift,false_negative_suppression,spatial_shift_x_js_0.1,false_negative_suppression_x_js_0.1,1,1,True,True,0.03893131006038664,0.3764090763452095,1.4499999999999997,0.0815926892950391,0.3369746280813317,0.3999999999999999
cx0.75_cy0.75_layoutB,0.05,x,0.1,family_pair,diffuse_blur,false_hotspot,diffuse_blur_js_0.1,false_hotspot_x_js_0.1,1,1,True,True,0.014292419854978644,0.45998292648691175,2.0500000000000003,-0.051566579634464815,-0.11324937336273289,-0.1499999999999999
cx0.75_cy0.75_layoutB,0.05,x,0.1,family_pair,diffuse_blur,false_negative_suppression,diffuse_blur_js_0.1,false_negative_suppression_x_js_0.1,1,1,True,True,0.04414179299607801,0.6408281772763429,1.5,0.07245430809399472,0.37646429375985613,0.7
cx0.75_cy0.75_layoutB,0.05,x,0.1,family_pair,false_hotspot,false_negative_suppression,false_hotspot_x_js_0.1,false_negative_suppression_x_js_0.1,1,1,True,True,0.029849373141099367,0.18084525078943114,-0.5500000000000003,0.12402088772845954,0.489713667122589,0.8499999999999999
cx0.75_cy0.75_layoutB,0.05,y,0.1,error_minus_oracle,spatial_shift,oracle,spatial_shift_y_js_0.1,oracle,1,1,True,True,-0.060935439950723036,0.9541122438982681,2.25,0.030678851174934685,0.2826000559194761,0.09999999999999987
cx0.75_cy0.75_layoutB,0.05,y,0.1,error_minus_oracle,diffuse_blur,oracle,diffuse_blur_js_0.1,oracle,1,1,True,True,0.030157822855418792,0.939674087819145,2.1,0.07898172323759789,0.3527005170525459,0.7
cx0.75_cy0.75_layoutB,0.05,y,0.1,error_minus_oracle,false_hotspot,oracle,false_hotspot_y_js_0.1,oracle,1,1,True,True,-0.033322815497871305,1.364245302217506,2.3,0.1638381201044387,0.4591992798662605,0.8
cx0.75_cy0.75_layoutB,0.05,y,0.1,error_minus_oracle,false_negative_suppression,oracle,false_negative_suppression_y_js_0.1,oracle,1,1,True,True,0.032924856260562296,0.15314704783452715,0.25,0.05026109660574413,0.03584203452910173,0.30000000000000004
cx0.75_cy0.75_layoutB,0.05,y,0.1,family_pair,spatial_shift,diffuse_blur,spatial_shift_y_js_0.1,diffuse_blur_js_0.1,1,1,True,True,-0.09109326280614183,0.014438156079123132,0.1499999999999999,-0.048302872062663205,-0.07010046113306978,-0.6000000000000001
cx0.75_cy0.75_layoutB,0.05,y,0.1,family_pair,spatial_shift,false_hotspot,spatial_shift_y_js_0.1,false_hotspot_y_js_0.1,1,1,True,True,-0.02761262445285173,-0.41013305831923796,-0.04999999999999982,-0.13315926892950403,-0.1765992239467844,-0.7000000000000002
cx0.75_cy0.75_layoutB,0.05,y,0.1,family_pair,spatial_shift,false_negative_suppression,spatial_shift_y_js_0.1,false_negative_suppression_y_js_0.1,1,1,True,True,-0.09386029621128533,0.800965196063741,2.0,-0.019582245430809442,0.2467580213903744,-0.20000000000000018
cx0.75_cy0.75_layoutB,0.05,y,0.1,family_pair,diffuse_blur,false_hotspot,diffuse_blur_js_0.1,false_hotspot_y_js_0.1,1,1,True,True,0.0634806383532901,-0.4245712143983611,-0.19999999999999973,-0.08485639686684082,-0.10649876281371462,-0.10000000000000009
cx0.75_cy0.75_layoutB,0.05,y,0.1,family_pair,diffuse_blur,false_negative_suppression,diffuse_blur_js_0.1,false_negative_suppression_y_js_0.1,1,1,True,True,-0.002767033405143504,0.7865270399846178,1.85,0.028720626631853763,0.3168584825234442,0.3999999999999999
cx0.75_cy0.75_layoutB,0.05,y,0.1,family_pair,false_hotspot,false_negative_suppression,false_hotspot_y_js_0.1,false_negative_suppression_y_js_0.1,1,1,True,True,-0.0662476717584336,1.211098254382979,2.05,0.11357702349869458,0.4233572453371588,0.5
cx0.75_cy0.75_layoutB,0.05,x,0.15,error_minus_oracle,spatial_shift,oracle,spatial_shift_x_js_0.15,oracle,1,1,True,True,0.019643637405699188,0.9158937756132071,2.25,0.12336814621409925,0.3812673022615243,0.5
cx0.75_cy0.75_layoutB,0.05,x,0.15,error_minus_oracle,diffuse_blur,oracle,diffuse_blur_js_0.15,oracle,1,1,True,True,-0.02164059075560687,1.3067314344455894,2.2,0.11096605744125326,0.4895035803382235,1.2
cx0.75_cy0.75_layoutB,0.05,x,0.15,error_minus_oracle,false_hotspot,oracle,false_hotspot_x_js_0.15,oracle,1,1,True,True,-0.0010721600578242896,1.1910338554650766,0.44999999999999996,0.17101827676240217,0.6928498918236434,0.9000000000000001
cx0.75_cy0.75_layoutB,0.05,x,0.15,error_minus_oracle,false_negative_suppression,oracle,false_negative_suppression_x_js_0.15,oracle,1,1,True,True,-0.00832944983671391,0.5984176250798452,1.0499999999999998,0.021540469973890308,0.09218364093910747,0.1499999999999999
cx0.75_cy0.75_layoutB,0.05,x,0.15,family_pair,spatial_shift,diffuse_blur,spatial_shift_x_js_0.15,diffuse_blur_js_0.15,1,1,True,True,0.04128422816130606,-0.3908376588323823,0.04999999999999982,0.012402088772845987,-0.10823627807669922,-0.7
cx0.75_cy0.75_layoutB,0.05,x,0.15,family_pair,spatial_shift,false_hotspot,spatial_shift_x_js_0.15,false_hotspot_x_js_0.15,1,1,True,True,0.020715797463523478,-0.2751400798518695,1.8,-0.047650130548302916,-0.31158258956211915,-0.40000000000000013
cx0.75_cy0.75_layoutB,0.05,x,0.15,family_pair,spatial_shift,false_negative_suppression,spatial_shift_x_js_0.15,false_negative_suppression_x_js_0.15,1,1,True,True,0.027973087242413097,0.31747615053336187,1.2000000000000002,0.10182767624020894,0.2890836613224168,0.3500000000000001
cx0.75_cy0.75_layoutB,0.05,x,0.15,family_pair,diffuse_blur,false_hotspot,diffuse_blur_js_0.15,false_hotspot_x_js_0.15,1,1,True,True,-0.02056843069778258,0.1156975789805128,1.7500000000000002,-0.0600522193211489,-0.20334631148541993,0.2999999999999998
cx0.75_cy0.75_layoutB,0.05,x,0.15,family_pair,diffuse_blur,false_negative_suppression,diffuse_blur_js_0.15,false_negative_suppression_x_js_0.15,1,1,True,True,-0.01331114091889296,0.7083138093657442,1.1500000000000004,0.08942558746736295,0.39731993939911603,1.05
cx0.75_cy0.75_layoutB,0.05,x,0.15,family_pair,false_hotspot,false_negative_suppression,false_hotspot_x_js_0.15,false_negative_suppression_x_js_0.15,1,1,True,True,0.00725728977888962,0.5926162303852314,-0.5999999999999999,0.14947780678851186,0.600666250884536,0.7500000000000002
cx0.75_cy0.75_layoutB,0.05,y,0.15,error_minus_oracle,spatial_shift,oracle,spatial_shift_y_js_0.15,oracle,1,1,True,True,-0.09370653173406351,1.42781097392721,2.45,0.04112271540469975,0.4070678349758625,0.19999999999999996
cx0.75_cy0.75_layoutB,0.05,y,0.15,error_minus_oracle,diffuse_blur,oracle,diffuse_blur_js_0.15,oracle,1,1,True,True,-0.02164059075560687,1.3067314344455894,2.2,0.11096605744125326,0.4895035803382235,1.2
cx0.75_cy0.75_layoutB,0.05,y,0.15,error_minus_oracle,false_hotspot,oracle,false_hotspot_y_js_0.15,oracle,1,1,True,True,-0.06971544813814479,1.3531098376006994,2.4,0.19255874673629242,0.5596676064245261,0.95
cx0.75_cy0.75_layoutB,0.05,y,0.15,error_minus_oracle,false_negative_suppression,oracle,false_negative_suppression_y_js_0.15,oracle,1,1,True,True,0.04479068124213981,0.3405662207202287,0.2999999999999998,0.07375979112271541,0.1367606131042267,0.3999999999999999
cx0.75_cy0.75_layoutB,0.05,y,0.15,family_pair,spatial_shift,diffuse_blur,spatial_shift_y_js_0.15,diffuse_blur_js_0.15,1,1,True,True,-0.07206594097845664,0.12107953948162065,0.25,-0.06984334203655351,-0.08243574536236098,-1.0
cx0.75_cy0.75_layoutB,0.05,y,0.15,family_pair,spatial_shift,false_hotspot,spatial_shift_y_js_0.15,false_hotspot_y_js_0.15,1,1,True,True,-0.023991083595918727,0.07470113632651065,0.050000000000000266,-0.15143603133159267,-0.15259977144866355,-0.75
cx0.75_cy0.75_layoutB,0.05,y,0.15,family_pair,spatial_shift,false_negative_suppression,spatial_shift_y_js_0.15,false_negative_suppression_y_js_0.15,1,1,True,True,-0.13849721297620332,1.0872447532069813,2.1500000000000004,-0.03263707571801566,0.2703072218716358,-0.19999999999999996
cx0.75_cy0.75_layoutB,0.05,y,0.15,family_pair,diffuse_blur,false_hotspot,diffuse_blur_js_0.15,false_hotspot_y_js_0.15,1,1,True,True,0.04807485738253792,-0.04637840315510999,-0.19999999999999973,-0.08159268929503916,-0.07016402608630257,0.25
cx0.75_cy0.75_layoutB,0.05,y,0.15,family_pair,diffuse_blur,false_negative_suppression,diffuse_blur_js_0.15,false_negative_suppression_y_js_0.15,1,1,True,True,-0.06643127199774668,0.9661652137253607,1.9000000000000004,0.03720626631853785,0.3527429672339968,0.8
cx0.75_cy0.75_layoutB,0.05,y,0.15,family_pair,false_hotspot,false_negative_suppression,false_hotspot_y_js_0.15,false_negative_suppression_y_js_0.15,1,1,True,True,-0.1145061293802846,1.0125436168804707,2.1,0.118798955613577,0.42290699332029935,0.55
cx0.75_cy0.75_layoutC,0.1,shared,,baseline_minus_oracle,uniform_prior_baseline,oracle,uniform_prior_baseline,oracle,1,1,True,True,-0.0057589897668197665,1.3785327901295963,1.6,0.05078125,0.5832511451552809,0.8999999999999999
cx0.75_cy0.75_layoutC,0.1,x,0.05,error_minus_oracle,spatial_shift,oracle,spatial_shift_x_js_0.05,oracle,1,1,True,True,0.006995797721230823,0.44029488080722823,0.3500000000000001,0.0234375,0.184725433863546,0.15000000000000013
cx0.75_cy0.75_layoutC,0.1,x,0.05,error_minus_oracle,diffuse_blur,oracle,diffuse_blur_js_0.05,oracle,1,1,True,True,0.01787523436784444,0.3128304921851437,0.30000000000000004,0.01953125,0.12839593501685864,0.050000000000000044
cx0.75_cy0.75_layoutC,0.1,x,0.05,error_minus_oracle,false_hotspot,oracle,false_hotspot_x_js_0.05,oracle,1,1,True,True,0.05814248429058899,0.2713060140722754,0.10000000000000009,0.08138020833333337,0.3075470859985783,0.30000000000000004
cx0.75_cy0.75_layoutC,0.1,x,0.05,error_minus_oracle,false_negative_suppression,oracle,false_negative_suppression_x_js_0.05,oracle,1,1,True,True,-0.01826065027135726,0.0885225893554642,0.1499999999999999,-0.010416666666666685,-0.019346622933034796,-0.04999999999999982
cx0.75_cy0.75_layoutC,0.1,x,0.05,family_pair,spatial_shift,diffuse_blur,spatial_shift_x_js_0.05,diffuse_blur_js_0.05,1,1,True,True,-0.010879436646613616,0.12746438862208453,0.050000000000000044,0.00390625,0.056329498846687365,0.10000000000000009
cx0.75_cy0.75_layoutC,0.1,x,0.05,family_pair,spatial_shift,false_hotspot,spatial_shift_x_js_0.05,false_hotspot_x_js_0.05,1,1,True,True,-0.05114668656935817,0.16898886673495284,0.25,-0.05794270833333337,-0.12282165213503227,-0.1499999999999999
cx0.75_cy0.75_layoutC,0.1,x,0.05,family_pair,spatial_shift,false_negative_suppression,spatial_shift_x_js_0.05,false_negative_suppression_x_js_0.05,1,1,True,True,0.025256447992588082,0.35177229145176403,0.20000000000000018,0.033854166666666685,0.2040720567965808,0.19999999999999996
cx0.75_cy0.75_layoutC,0.1,x,0.05,family_pair,diffuse_blur,false_hotspot,diffuse_blur_js_0.05,false_hotspot_x_js_0.05,1,1,True,True,-0.04026724992274455,0.0415244781128683,0.19999999999999996,-0.06184895833333337,-0.17915115098171963,-0.25
cx0.75_cy0.75_layoutC,0.1,x,0.05,family_pair,diffuse_blur,false_negative_suppression,diffuse_blur_js_0.05,false_negative_suppression_x_js_0.05,1,1,True,True,0.0361358846392017,0.2243079028296795,0.15000000000000013,0.029947916666666685,0.14774255794989344,0.09999999999999987
cx0.75_cy0.75_layoutC,0.1,x,0.05,family_pair,false_hotspot,false_negative_suppression,false_hotspot_x_js_0.05,false_negative_suppression_x_js_0.05,1,1,True,True,0.07640313456194625,0.1827834247168112,-0.04999999999999982,0.09179687500000006,0.32689370893161307,0.34999999999999987
cx0.75_cy0.75_layoutC,0.1,y,0.05,error_minus_oracle,spatial_shift,oracle,spatial_shift_y_js_0.05,oracle,1,1,True,True,-0.03609370602535522,0.47429151458735186,0.19999999999999996,-0.0078125,0.16069399196908818,-0.04999999999999982
cx0.75_cy0.75_layoutC,0.1,y,0.05,error_minus_oracle,diffuse_blur,oracle,diffuse_blur_js_0.05,oracle,1,1,True,True,0.01787523436784444,0.3128304921851437,0.30000000000000004,0.01953125,0.12839593501685864,0.050000000000000044
cx0.75_cy0.75_layoutC,0.1,y,0.05,error_minus_oracle,false_hotspot,oracle,false_hotspot_y_js_0.05,oracle,1,1,True,True,-0.005673543616210641,0.6993299670757991,1.4,0.02473958333333337,0.22695454086820166,0.15000000000000013
cx0.75_cy0.75_layoutC,0.1,y,0.05,error_minus_oracle,false_negative_suppression,oracle,false_negative_suppression_y_js_0.05,oracle,1,1,True,True,0.0020644723889731154,0.15097561187505049,0.19999999999999996,0.01692708333333337,0.03441655000039501,0.10000000000000009
cx0.75_cy0.75_layoutC,0.1,y,0.05,family_pair,spatial_shift,diffuse_blur,spatial_shift_y_js_0.05,diffuse_blur_js_0.05,1,1,True,True,-0.05396894039319966,0.16146102240220817,-0.10000000000000009,-0.02734375,0.03229805695222954,-0.09999999999999987
cx0.75_cy0.75_layoutC,0.1,y,0.05,family_pair,spatial_shift,false_hotspot,spatial_shift_y_js_0.05,false_hotspot_y_js_0.05,1,1,True,True,-0.03042016240914458,-0.22503845248844723,-1.2,-0.03255208333333337,-0.06626054889911348,-0.19999999999999996
cx0.75_cy0.75_layoutC,0.1,y,0.05,family_pair,spatial_shift,false_negative_suppression,spatial_shift_y_js_0.05,false_negative_suppression_y_js_0.05,1,1,True,True,-0.038158178414328336,0.3233159027123014,0.0,-0.02473958333333337,0.12627744196869317,-0.1499999999999999
cx0.75_cy0.75_layoutC,0.1,y,0.05,family_pair,diffuse_blur,false_hotspot,diffuse_blur_js_0.05,false_hotspot_y_js_0.05,1,1,True,True,0.02354877798405508,-0.3864994748906554,-1.0999999999999999,-0.00520833333333337,-0.09855860585134302,-0.10000000000000009
cx0.75_cy0.75_layoutC,0.1,y,0.05,family_pair,diffuse_blur,false_negative_suppression,diffuse_blur_js_0.05,false_negative_suppression_y_js_0.05,1,1,True,True,0.015810761978871324,0.1618548803100932,0.10000000000000009,0.0026041666666666297,0.09397938501646363,-0.050000000000000044
cx0.75_cy0.75_layoutC,0.1,y,0.05,family_pair,false_hotspot,false_negative_suppression,false_hotspot_y_js_0.05,false_negative_suppression_y_js_0.05,1,1,True,True,-0.0077380160051837565,0.5483543552007486,1.2,0.0078125,0.19253799086780665,0.050000000000000044
cx0.75_cy0.75_layoutC,0.1,x,0.1,error_minus_oracle,spatial_shift,oracle,spatial_shift_x_js_0.1,oracle,1,1,True,True,-0.012100007185071204,0.650101425043212,1.8000000000000003,0.03385416666666663,0.23587178610762982,0.25
cx0.75_cy0.75_layoutC,0.1,x,0.1,error_minus_oracle,diffuse_blur,oracle,diffuse_blur_js_0.1,oracle,1,1,True,True,0.01060202881813943,0.8441591296195416,1.4500000000000002,0.02864583333333337,0.31529024122048166,0.3500000000000001
cx0.75_cy0.75_layoutC,0.1,x,0.1,error_minus_oracle,false_hotspot,oracle,false_hotspot_x_js_0.1,oracle,1,1,True,True,0.06220232162411532,0.7704735167513035,1.75,0.162109375,0.4993772335505571,0.7000000000000002
cx0.75_cy0.75_layoutC,0.1,x,0.1,error_minus_oracle,false_negative_suppression,oracle,false_negative_suppression_x_js_0.1,oracle,1,1,True,True,-0.025231844037461704,0.15342212097841612,0.19999999999999996,-0.00911458333333337,-0.0204892346417318,-0.04999999999999982
cx0.75_cy0.75_layoutC,0.1,x,0.1,family_pair,spatial_shift,diffuse_blur,spatial_shift_x_js_0.1,diffuse_blur_js_0.1,1,1,True,True,-0.022702036003210635,-0.19405770457632965,0.3500000000000001,0.005208333333333259,-0.07941845511285184,-0.10000000000000009
cx0.75_cy0.75_layoutC,0.1,x,0.1,family_pair,spatial_shift,false_hotspot,spatial_shift_x_js_0.1,false_hotspot_x_js_0.1,1,1,True,True,-0.07430232880918652,-0.12037209170809149,0.050000000000000266,-0.12825520833333337,-0.26350544744292725,-0.4500000000000002
cx0.75_cy0.75_layoutC,0.1,x,0.1,family_pair,spatial_shift,false_negative_suppression,spatial_shift_x_js_0.1,false_negative_suppression_x_js_0.1,1,1,True,True,0.0131318368523905,0.4966793040647959,1.6000000000000003,0.04296875,0.2563610207493616,0.2999999999999998
cx0.75_cy0.75_layoutC,0.1,x,0.1,family_pair,diffuse_blur,false_hotspot,diffuse_blur_js_0.1,false_hotspot_x_js_0.1,1,1,True,True,-0.05160029280597589,0.07368561286823816,-0.2999999999999998,-0.13346354166666663,-0.18408699233007542,-0.3500000000000001
cx0.75_cy0.75_layoutC,0.1,x,0.1,family_pair,diffuse_blur,false_negative_suppression,diffuse_blur_js_0.1,false_negative_suppression_x_js_0.1,1,1,True,True,0.035833872855601134,0.6907370086411255,1.2500000000000002,0.03776041666666674,0.33577947586221346,0.3999999999999999
cx0.75_cy0.75_layoutC,0.1,x,0.1,family_pair,false_hotspot,false_negative_suppression,false_hotspot_x_js_0.1,false_negative_suppression_x_js_0.1,1,1,True,True,0.08743416566157702,0.6170513957728874,1.55,0.17122395833333337,0.5198664681922889,0.75
cx0.75_cy0.75_layoutC,0.1,y,0.1,error_minus_oracle,spatial_shift,oracle,spatial_shift_y_js_0.1,oracle,1,1,True,True,-0.05538194472938662,0.8151170728751773,0.5,-0.0032552083333333703,0.2452411853774603,-0.04999999999999982
cx0.75_cy0.75_layoutC,0.1,y,0.1,error_minus_oracle,diffuse_blur,oracle,diffuse_blur_js_0.1,oracle,1,1,True,True,0.01060202881813943,0.8441591296195416,1.4500000000000002,0.02864583333333337,0.31529024122048166,0.3500000000000001
cx0.75_cy0.75_layoutC,0.1,y,0.1,error_minus_oracle,false_hotspot,oracle,false_hotspot_y_js_0.1,oracle,1,1,True,True,-0.04551833737748734,1.2031362096406837,1.4500000000000002,0.045572916666666685,0.3578615096878164,0.20000000000000018
cx0.75_cy0.75_layoutC,0.1,y,0.1,error_minus_oracle,false_negative_suppression,oracle,false_negative_suppression_y_js_0.1,oracle,1,1,True,True,-0.0022947146668056417,0.2216761802498577,0.6499999999999999,0.02473958333333337,0.03771897144542469,0.15000000000000013
cx0.75_cy0.75_layoutC,0.1,y,0.1,family_pair,spatial_shift,diffuse_blur,spatial_shift_y_js_0.1,diffuse_blur_js_0.1,1,1,True,True,-0.06598397354752605,-0.02904205674436433,-0.9500000000000002,-0.03190104166666674,-0.07004905584302135,-0.3999999999999999
cx0.75_cy0.75_layoutC,0.1,y,0.1,family_pair,spatial_shift,false_hotspot,spatial_shift_y_js_0.1,false_hotspot_y_js_0.1,1,1,True,True,-0.009863607351899284,-0.38801913676550637,-0.9500000000000002,-0.048828125000000056,-0.11262032431035607,-0.25
cx0.75_cy0.75_layoutC,0.1,y,0.1,family_pair,spatial_shift,false_negative_suppression,spatial_shift_y_js_0.1,false_negative_suppression_y_js_0.1,1,1,True,True,-0.05308723006258098,0.5934408926253196,-0.1499999999999999,-0.02799479166666674,0.20752221393203563,-0.19999999999999996
cx0.75_cy0.75_layoutC,0.1,y,0.1,family_pair,diffuse_blur,false_hotspot,diffuse_blur_js_0.1,false_hotspot_y_js_0.1,1,1,True,True,0.05612036619562677,-0.35897708002114204,0.0,-0.016927083333333315,-0.04257126846733472,0.1499999999999999
cx0.75_cy0.75_layoutC,0.1,y,0.1,family_pair,diffuse_blur,false_negative_suppression,diffuse_blur_js_0.1,false_negative_suppression_y_js_0.1,1,1,True,True,0.012896743484945072,0.622482949369684,0.8000000000000003,0.00390625,0.277571269775057,0.19999999999999996
cx0.75_cy0.75_layoutC,0.1,y,0.1,family_pair,false_hotspot,false_negative_suppression,false_hotspot_y_js_0.1,false_negative_suppression_y_js_0.1,1,1,True,True,-0.0432236227106817,0.981460029390826,0.8000000000000003,0.020833333333333315,0.3201425382423917,0.050000000000000044
cx0.75_cy0.75_layoutC,0.1,x,0.15,error_minus_oracle,spatial_shift,oracle,spatial_shift_x_js_0.15,oracle,1,1,True,True,-0.016062008509569514,0.8432241652117125,2.0,0.046875,0.31545052515201744,0.3500000000000001
cx0.75_cy0.75_layoutC,0.1,x,0.15,error_minus_oracle,diffuse_blur,oracle,diffuse_blur_js_0.15,oracle,1,1,True,True,-0.005309010411763904,1.3044432069946126,1.5500000000000003,0.04427083333333337,0.5259351528497596,0.8000000000000003
cx0.75_cy0.75_layoutC,0.1,x,0.15,error_minus_oracle,false_hotspot,oracle,false_hotspot_x_js_0.15,oracle,1,1,True,True,0.026524069768645075,0.9857804373417207,2.4,0.18098958333333326,0.5605276681292746,0.8000000000000003
cx0.75_cy0.75_layoutC,0.1,x,0.15,error_minus_oracle,false_negative_suppression,oracle,false_negative_suppression_x_js_0.15,oracle,1,1,True,True,-0.03711523815527018,0.16160643581999867,0.25,-0.014322916666666685,-0.032222707460974,-0.09999999999999987
cx0.75_cy0.75_layoutC,0.1,x,0.15,family_pair,spatial_shift,diffuse_blur,spatial_shift_x_js_0.15,diffuse_blur_js_0.15,1,1,True,True,-0.01075299809780561,-0.4612190417829001,0.44999999999999973,0.0026041666666666297,-0.21048462769774212,-0.4500000000000002
cx0.75_cy0.75_layoutC,0.1,x,0.15,family_pair,spatial_shift,false_hotspot,spatial_shift_x_js_0.15,false_hotspot_x_js_0.15,1,1,True,True,-0.04258607827821459,-0.1425562721300082,-0.3999999999999999,-0.13411458333333326,-0.24507714297725713,-0.4500000000000002
cx0.75_cy0.75_layoutC,0.1,x,0.15,family_pair,spatial_shift,false_negative_suppression,spatial_shift_x_js_0.15,false_negative_suppression_x_js_0.15,1,1,True,True,0.021053229645700666,0.6816177293917138,1.75,0.061197916666666685,0.34767323261299143,0.44999999999999996
cx0.75_cy0.75_layoutC,0.1,x,0.15,family_pair,diffuse_blur,false_hotspot,diffuse_blur_js_0.15,false_hotspot_x_js_0.15,1,1,True,True,-0.03183308018040898,0.31866276965289186,-0.8499999999999996,-0.1367187499999999,-0.03459251527951501,0.0
cx0.75_cy0.75_layoutC,0.1,x,0.15,family_pair,diffuse_blur,false_negative_suppression,diffuse_blur_js_0.15,false_negative_suppression_x_js_0.15,1,1,True,True,0.03180622774350628,1.142836771174614,1.3000000000000003,0.058593750000000056,0.5581578603107336,0.9000000000000001
cx0.75_cy0.75_layoutC,0.1,x,0.15,family_pair,false_hotspot,false_negative_suppression,false_hotspot_x_js_0.15,false_negative_suppression_x_js_0.15,1,1,True,True,0.06363930792391526,0.824174001521722,2.15,0.19531249999999994,0.5927503755902486,0.9000000000000001
cx0.75_cy0.75_layoutC,0.1,y,0.15,error_minus_oracle,spatial_shift,oracle,spatial_shift_y_js_0.15,oracle,1,1,True,True,-0.08126849489384014,1.171124160459304,1.65,-0.001953125,0.336320895522388,0.0
cx0.75_cy0.75_layoutC,0.1,y,0.15,error_minus_oracle,diffuse_blur,oracle,diffuse_blur_js_0.15,oracle,1,1,True,True,-0.005309010411763904,1.3044432069946126,1.5500000000000003,0.04427083333333337,0.5259351528497596,0.8000000000000003
cx0.75_cy0.75_layoutC,0.1,y,0.15,error_minus_oracle,false_hotspot,oracle,false_hotspot_y_js_0.15,oracle,1,1,True,True,-0.10035840666265827,1.4702055846704303,1.6,0.052734375,0.3991249890896391,0.15000000000000013
cx0.75_cy0.75_layoutC,0.1,y,0.15,error_minus_oracle,false_negative_suppression,oracle,false_negative_suppression_y_js_0.15,oracle,1,1,True,True,-0.024371579502102225,0.2725245733846693,1.15,0.02864583333333337,0.04512022576453112,0.25
cx0.75_cy0.75_layoutC,0.1,y,0.15,family_pair,spatial_shift,diffuse_blur,spatial_shift_y_js_0.15,diffuse_blur_js_0.15,1,1,True,True,-0.07595948448207623,-0.13331904653530868,0.09999999999999964,-0.04622395833333337,-0.18961425732737158,-0.8000000000000003
cx0.75_cy0.75_layoutC,0.1,y,0.15,family_pair,spatial_shift,false_hotspot,spatial_shift_y_js_0.15,false_hotspot_y_js_0.15,1,1,True,True,0.019089911768818135,-0.2990814242111264,0.04999999999999982,-0.0546875,-0.06280409356725114,-0.15000000000000013
cx0.75_cy0.75_layoutC,0.1,y,0.15,family_pair,spatial_shift,false_negative_suppression,spatial_shift_y_js_0.15,false_negative_suppression_y_js_0.15,1,1,True,True,-0.05689691539173791,0.8985995870746346,0.5,-0.03059895833333337,0.29120066975785686,-0.25
cx0.75_cy0.75_layoutC,0.1,y,0.15,family_pair,diffuse_blur,false_hotspot,diffuse_blur_js_0.15,false_hotspot_y_js_0.15,1,1,True,True,0.09504939625089437,-0.1657623776758177,-0.04999999999999982,-0.00846354166666663,0.12681016376012044,0.6500000000000001
cx0.75_cy0.75_layoutC,0.1,y,0.15,family_pair,diffuse_blur,false_negative_suppression,diffuse_blur_js_0.15,false_negative_suppression_y_js_0.15,1,1,True,True,0.01906256909033832,1.0319186336099433,0.40000000000000036,0.015625,0.48081492708522844,0.5500000000000003
cx0.75_cy0.75_layoutC,0.1,y,0.15,family_pair,false_hotspot,false_negative_suppression,false_hotspot_y_js_0.15,false_negative_suppression_y_js_0.15,1,1,True,True,-0.07598682716055605,1.197681011285761,0.4500000000000002,0.02408854166666663,0.354004763325108,-0.09999999999999987
cx0.75_cy0.75_layoutC,0.05,shared,,baseline_minus_oracle,uniform_prior_baseline,oracle,uniform_prior_baseline,oracle,1,1,True,True,-0.04650147261790294,1.3287115526903044,2.0999999999999996,0.09960937500000006,0.5531324748199575,1.35
cx0.75_cy0.75_layoutC,0.05,x,0.05,error_minus_oracle,spatial_shift,oracle,spatial_shift_x_js_0.05,oracle,1,1,True,True,0.027579161992184353,0.661802012855111,0.25,0.035807291666666685,0.37350807169564937,0.20000000000000018
cx0.75_cy0.75_layoutC,0.05,x,0.05,error_minus_oracle,diffuse_blur,oracle,diffuse_blur_js_0.05,oracle,1,1,True,True,0.058839295654583124,0.46457112385839405,0.44999999999999996,0.04947916666666663,0.24634137571464554,0.15000000000000013
cx0.75_cy0.75_layoutC,0.05,x,0.05,error_minus_oracle,false_hotspot,oracle,false_hotspot_x_js_0.05,oracle,1,1,True,True,0.04894039089064117,0.4693149606017095,0.050000000000000044,0.07877604166666669,0.602343275524664,0.30000000000000004
cx0.75_cy0.75_layoutC,0.05,x,0.05,error_minus_oracle,false_negative_suppression,oracle,false_negative_suppression_x_js_0.05,oracle,1,1,True,True,-0.014763193471542868,0.031777163575805734,0.1499999999999999,0.0,-0.0926108374384238,-0.04999999999999982
cx0.75_cy0.75_layoutC,0.05,x,0.05,family_pair,spatial_shift,diffuse_blur,spatial_shift_x_js_0.05,diffuse_blur_js_0.05,1,1,True,True,-0.03126013366239877,0.19723088899671692,-0.19999999999999996,-0.013671874999999944,0.12716669598100383,0.050000000000000044
cx0.75_cy0.75_layoutC,0.05,x,0.05,family_pair,spatial_shift,false_hotspot,spatial_shift_x_js_0.05,false_hotspot_x_js_0.05,1,1,True,True,-0.02136122889845682,0.19248705225340146,0.19999999999999996,-0.04296875,-0.22883520382901468,-0.09999999999999987
cx0.75_cy0.75_layoutC,0.05,x,0.05,family_pair,spatial_shift,false_negative_suppression,spatial_shift_x_js_0.05,false_negative_suppression_x_js_0.05,1,1,True,True,0.04234235546372722,0.6300248492793052,0.10000000000000009,0.035807291666666685,0.46611890913407317,0.25
cx0.75_cy0.75_layoutC,0.05,x,0.05,family_pair,diffuse_blur,false_hotspot,diffuse_blur_js_0.05,false_hotspot_x_js_0.05,1,1,True,True,0.009898904763941951,-0.004743836743315466,0.3999999999999999,-0.029296875000000056,-0.3560018998100185,-0.1499999999999999
cx0.75_cy0.75_layoutC,0.05,x,0.05,family_pair,diffuse_blur,false_negative_suppression,diffuse_blur_js_0.05,false_negative_suppression_x_js_0.05,1,1,True,True,0.07360248912612599,0.4327939602825883,0.30000000000000004,0.04947916666666663,0.33895221315306934,0.19999999999999996
cx0.75_cy0.75_layoutC,0.05,x,0.05,family_pair,false_hotspot,false_negative_suppression,false_hotspot_x_js_0.05,false_negative_suppression_x_js_0.05,1,1,True,True,0.06370358436218404,0.4375377970259038,-0.09999999999999987,0.07877604166666669,0.6949541129630878,0.34999999999999987
cx0.75_cy0.75_layoutC,0.05,y,0.05,error_minus_oracle,spatial_shift,oracle,spatial_shift_y_js_0.05,oracle,1,1,True,True,-0.021296910878795705,0.46259849441944345,0.40000000000000013,0.021484375,0.1794012706597301,0.050000000000000044
cx0.75_cy0.75_layoutC,0.05,y,0.05,error_minus_oracle,diffuse_blur,oracle,diffuse_blur_js_0.05,oracle,1,1,True,True,0.058839295654583124,0.46457112385839405,0.44999999999999996,0.04947916666666663,0.24634137571464554,0.15000000000000013
cx0.75_cy0.75_layoutC,0.05,y,0.05,error_minus_oracle,false_hotspot,oracle,false_hotspot_y_js_0.05,oracle,1,1,True,True,-0.0447457120110587,1.1440567654244957,2.05,0.03255208333333337,0.31306988495780286,0.15000000000000013
cx0.75_cy0.75_layoutC,0.05,y,0.05,error_minus_oracle,false_negative_suppression,oracle,false_negative_suppression_y_js_0.05,oracle,1,1,True,True,0.02559099689493738,-0.045895954692538155,0.050000000000000044,0.02278645833333337,-0.058813450417648294,0.050000000000000044
cx0.75_cy0.75_layoutC,0.05,y,0.05,family_pair,spatial_shift,diffuse_blur,spatial_shift_y_js_0.05,diffuse_blur_js_0.05,1,1,True,True,-0.08013620653337883,-0.0019726294389506016,-0.04999999999999982,-0.02799479166666663,-0.06694010505491543,-0.10000000000000009
cx0.75_cy0.75_layoutC,0.05,y,0.05,family_pair,spatial_shift,false_hotspot,spatial_shift_y_js_0.05,false_hotspot_y_js_0.05,1,1,True,True,0.023448801132262997,-0.6814582710050523,-1.65,-0.01106770833333337,-0.13366861429807275,-0.10000000000000009
cx0.75_cy0.75_layoutC,0.05,y,0.05,family_pair,spatial_shift,false_negative_suppression,spatial_shift_y_js_0.05,false_negative_suppression_y_js_0.05,1,1,True,True,-0.046887907773733084,0.5084944491119816,0.3500000000000001,-0.0013020833333333703,0.2382147210773784,0.0
cx0.75_cy0.75_layoutC,0.05,y,0.05,family_pair,diffuse_blur,false_hotspot,diffuse_blur_js_0.05,false_hotspot_y_js_0.05,1,1,True,True,0.10358500766564183,-0.6794856415661017,-1.6,0.01692708333333326,-0.06672850924315732,0.0
cx0.75_cy0.75_layoutC,0.05,y,0.05,family_pair,diffuse_blur,false_negative_suppression,diffuse_blur_js_0.05,false_negative_suppression_y_js_0.05,1,1,True,True,0.033248298759645745,0.5104670785509322,0.3999999999999999,0.02669270833333326,0.30515482613229383,0.10000000000000009
cx0.75_cy0.75_layoutC,0.05,y,0.05,family_pair,false_hotspot,false_negative_suppression,false_hotspot_y_js_0.05,false_negative_suppression_y_js_0.05,1,1,True,True,-0.07033670890599608,1.189952720117034,2.0,0.009765625,0.37188333537545115,0.10000000000000009
cx0.75_cy0.75_layoutC,0.05,x,0.1,error_minus_oracle,spatial_shift,oracle,spatial_shift_x_js_0.1,oracle,1,1,True,True,0.006556583715101372,1.1492372669200885,2.2,0.04557291666666663,0.5513965771164491,0.30000000000000004
cx0.75_cy0.75_layoutC,0.05,x,0.1,error_minus_oracle,diffuse_blur,oracle,diffuse_blur_js_0.1,oracle,1,1,True,True,0.021303261945662566,0.7984251637009794,1.8499999999999999,0.056640625,0.28051108374384226,0.40000000000000013
cx0.75_cy0.75_layoutC,0.05,x,0.1,error_minus_oracle,false_hotspot,oracle,false_hotspot_x_js_0.1,oracle,1,1,True,True,0.053371335543416776,0.6601537549950773,0.09999999999999987,0.14192708333333337,0.7042187620993439,0.6500000000000001
cx0.75_cy0.75_layoutC,0.05,x,0.1,error_minus_oracle,false_negative_suppression,oracle,false_negative_suppression_x_js_0.1,oracle,1,1,True,True,-0.02026792446561876,0.18972288263553905,0.40000000000000013,0.00390625,-0.04976330650006022,0.0
cx0.75_cy0.75_layoutC,0.05,x,0.1,family_pair,spatial_shift,diffuse_blur,spatial_shift_x_js_0.1,diffuse_blur_js_0.1,1,1,True,True,-0.014746678230561194,0.35081210321910916,0.3500000000000001,-0.01106770833333337,0.2708854933726068,-0.10000000000000009
cx0.75_cy0.75_layoutC,0.05,x,0.1,family_pair,spatial_shift,false_hotspot,spatial_shift_x_js_0.1,false_hotspot_x_js_0.1,1,1,True,True,-0.046814751828315404,0.4890835119250112,2.1,-0.09635416666666674,-0.1528221849828948,-0.3500000000000001
cx0.75_cy0.75_layoutC,0.05,x,0.1,family_pair,spatial_shift,false_negative_suppression,spatial_shift_x_js_0.1,false_negative_suppression_x_js_0.1,1,1,True,True,0.02682450818072013,0.9595143842845495,1.7999999999999998,0.04166666666666663,0.6011598836165093,0.30000000000000004
cx0.75_cy0.75_layoutC,0.05,x,0.1,family_pair,diffuse_blur,false_hotspot,diffuse_blur_js_0.1,false_hotspot_x_js_0.1,1,1,True,True,-0.03206807359775421,0.13827140870590204,1.75,-0.08528645833333337,-0.4237076783555016,-0.25
cx0.75_cy0.75_layoutC,0.05,x,0.1,family_pair,diffuse_blur,false_negative_suppression,diffuse_blur_js_0.1,false_negative_suppression_x_js_0.1,1,1,True,True,0.041571186411281325,0.6087022810654403,1.4499999999999997,0.052734375,0.3302743902439025,0.40000000000000013
cx0.75_cy0.75_layoutC,0.05,x,0.1,family_pair,false_hotspot,false_negative_suppression,false_hotspot_x_js_0.1,false_negative_suppression_x_js_0.1,1,1,True,True,0.07363926000903553,0.4704308723595383,-0.30000000000000027,0.13802083333333337,0.7539820685994041,0.6500000000000001
cx0.75_cy0.75_layoutC,0.05,y,0.1,error_minus_oracle,spatial_shift,oracle,spatial_shift_y_js_0.1,oracle,1,1,True,True,-0.056339880696253175,0.747126391154922,1.05,0.02278645833333337,0.22915238809166838,0.050000000000000044
cx0.75_cy0.75_layoutC,0.05,y,0.1,error_minus_oracle,diffuse_blur,oracle,diffuse_blur_js_0.1,oracle,1,1,True,True,0.021303261945662566,0.7984251637009794,1.8499999999999999,0.056640625,0.28051108374384226,0.40000000000000013
cx0.75_cy0.75_layoutC,0.05,y,0.1,error_minus_oracle,false_hotspot,oracle,false_hotspot_y_js_0.1,oracle,1,1,True,True,-0.06816276080534245,1.392960431902237,2.1500000000000004,0.08723958333333337,0.4302166692081759,0.3500000000000001
cx0.75_cy0.75_layoutC,0.05,y,0.1,error_minus_oracle,false_negative_suppression,oracle,false_negative_suppression_y_js_0.1,oracle,1,1,True,True,0.03247753094543593,0.1114531572708346,0.09999999999999987,0.04296875,0.020001824484582986,0.15000000000000013
cx0.75_cy0.75_layoutC,0.05,y,0.1,family_pair,spatial_shift,diffuse_blur,spatial_shift_y_js_0.1,diffuse_blur_js_0.1,1,1,True,True,-0.07764314264191574,-0.051298772546057414,-0.7999999999999998,-0.03385416666666663,-0.05135869565217388,-0.3500000000000001
cx0.75_cy0.75_layoutC,0.05,y,0.1,family_pair,spatial_shift,false_hotspot,spatial_shift_y_js_0.1,false_hotspot_y_js_0.1,1,1,True,True,0.011822880109089273,-0.6458340407473151,-1.1,-0.064453125,-0.20106428111650754,-0.30000000000000004
cx0.75_cy0.75_layoutC,0.05,y,0.1,family_pair,spatial_shift,false_negative_suppression,spatial_shift_y_js_0.1,false_negative_suppression_y_js_0.1,1,1,True,True,-0.0888174116416891,0.6356732338840874,0.9500000000000002,-0.02018229166666663,0.2091505636070854,-0.10000000000000009
cx0.75_cy0.75_layoutC,0.05,y,0.1,family_pair,diffuse_blur,false_hotspot,diffuse_blur_js_0.1,false_hotspot_y_js_0.1,1,1,True,True,0.08946602275100501,-0.5945352682012577,-0.30000000000000027,-0.03059895833333337,-0.14970558546433366,0.050000000000000044
cx0.75_cy0.75_layoutC,0.05,y,0.1,family_pair,diffuse_blur,false_negative_suppression,diffuse_blur_js_0.1,false_negative_suppression_y_js_0.1,1,1,True,True,-0.011174268999773362,0.6869720064301448,1.75,0.013671875,0.2605092592592593,0.25
cx0.75_cy0.75_layoutC,0.05,y,0.1,family_pair,false_hotspot,false_negative_suppression,false_hotspot_y_js_0.1,false_negative_suppression_y_js_0.1,1,1,True,True,-0.10064029175077838,1.2815072746314025,2.0500000000000003,0.04427083333333337,0.41021484472359293,0.19999999999999996
cx0.75_cy0.75_layoutC,0.05,x,0.15,error_minus_oracle,spatial_shift,oracle,spatial_shift_x_js_0.15,oracle,1,1,True,True,-0.016391158553709984,1.6048003305867842,2.7,0.052734375,0.6810726779467411,0.3500000000000001
cx0.75_cy0.75_layoutC,0.05,x,0.15,error_minus_oracle,diffuse_blur,oracle,diffuse_blur_js_0.15,oracle,1,1,True,True,-0.022577534973898694,1.2281118801095063,2.0,0.083984375,0.48652395637256896,0.9500000000000002
cx0.75_cy0.75_layoutC,0.05,x,0.15,error_minus_oracle,false_hotspot,oracle,false_hotspot_x_js_0.15,oracle,1,1,True,True,0.08352424813813963,2.694266952672338,2.25,0.34244791666666663,1.3704945639200534,1.6
cx0.75_cy0.75_layoutC,0.05,x,0.15,error_minus_oracle,false_negative_suppression,oracle,false_negative_suppression_x_js_0.15,oracle,1,1,True,True,-0.021196541708163985,0.4547274913245425,0.7500000000000002,0.009765625,0.0396456991284575,0.0
cx0.75_cy0.75_layoutC,0.05,x,0.15,family_pair,spatial_shift,diffuse_blur,spatial_shift_x_js_0.15,diffuse_blur_js_0.15,1,1,True,True,0.006186376420188711,0.37668845047727784,0.7000000000000002,-0.03125,0.19454872157417213,-0.6000000000000001
cx0.75_cy0.75_layoutC,0.05,x,0.15,family_pair,spatial_shift,false_hotspot,spatial_shift_x_js_0.15,false_hotspot_x_js_0.15,1,1,True,True,-0.09991540669184962,-1.089466622085554,0.4500000000000002,-0.28971354166666663,-0.6894218859733123,-1.25
cx0.75_cy0.75_layoutC,0.05,x,0.15,family_pair,spatial_shift,false_negative_suppression,spatial_shift_x_js_0.15,false_negative_suppression_x_js_0.15,1,1,True,True,0.0048053831544540015,1.1500728392622417,1.9500000000000002,0.04296875,0.6414269788182836,0.3500000000000001
cx0.75_cy0.75_layoutC,0.05,x,0.15,family_pair,diffuse_blur,false_hotspot,diffuse_blur_js_0.15,false_hotspot_x_js_0.15,1,1,True,True,-0.10610178311203833,-1.4661550725628318,-0.25,-0.25846354166666663,-0.8839706075474845,-0.6499999999999999
cx0.75_cy0.75_layoutC,0.05,x,0.15,family_pair,diffuse_blur,false_negative_suppression,diffuse_blur_js_0.15,false_negative_suppression_x_js_0.15,1,1,True,True,-0.001380993265734709,0.7733843887849638,1.25,0.07421875,0.44687825724411145,0.9500000000000002
cx0.75_cy0.75_layoutC,0.05,x,0.15,family_pair,false_hotspot,false_negative_suppression,false_hotspot_x_js_0.15,false_negative_suppression_x_js_0.15,1,1,True,True,0.10472078984630362,2.2395394613477957,1.5,0.33268229166666663,1.330848864791596,1.6
cx0.75_cy0.75_layoutC,0.05,y,0.15,error_minus_oracle,spatial_shift,oracle,spatial_shift_y_js_0.15,oracle,1,1,True,True,-0.08392458303654449,1.076927628283591,2.25,0.037760416666666685,0.3091561362176052,0.10000000000000009
cx0.75_cy0.75_layoutC,0.05,y,0.15,error_minus_oracle,diffuse_blur,oracle,diffuse_blur_js_0.15,oracle,1,1,True,True,-0.022577534973898694,1.2281118801095063,2.0,0.083984375,0.48652395637256896,0.9500000000000002
cx0.75_cy0.75_layoutC,0.05,y,0.15,error_minus_oracle,false_hotspot,oracle,false_hotspot_y_js_0.15,oracle,1,1,True,True,-0.12672853697535702,1.4433613041747106,2.25,0.142578125,0.481628233502297,0.6500000000000001
cx0.75_cy0.75_layoutC,0.05,y,0.15,error_minus_oracle,false_negative_suppression,oracle,false_negative_suppression_y_js_0.15,oracle,1,1,True,True,0.03422512061705252,0.16809525889006682,0.09999999999999987,0.0546875,0.060300044782803486,0.25
cx0.75_cy0.75_layoutC,0.05,y,0.15,family_pair,spatial_shift,diffuse_blur,spatial_shift_y_js_0.15,diffuse_blur_js_0.15,1,1,True,True,-0.06134704806264579,-0.15118425182591544,0.25,-0.046223958333333315,-0.17736782015496377,-0.8500000000000001
cx0.75_cy0.75_layoutC,0.05,y,0.15,family_pair,spatial_shift,false_hotspot,spatial_shift_y_js_0.15,false_hotspot_y_js_0.15,1,1,True,True,0.04280395393881253,-0.36643367589111975,0.0,-0.10481770833333331,-0.17247209728469182,-0.55
cx0.75_cy0.75_layoutC,0.05,y,0.15,family_pair,spatial_shift,false_negative_suppression,spatial_shift_y_js_0.15,false_negative_suppression_y_js_0.15,1,1,True,True,-0.118149703653597,0.9088323693935241,2.1500000000000004,-0.016927083333333315,0.2488560914348017,-0.1499999999999999
cx0.75_cy0.75_layoutC,0.05,y,0.15,family_pair,diffuse_blur,false_hotspot,diffuse_blur_js_0.15,false_hotspot_y_js_0.15,1,1,True,True,0.10415100200145833,-0.2152494240652043,-0.25,-0.05859375,0.004895722870271957,0.30000000000000004
cx0.75_cy0.75_layoutC,0.05,y,0.15,family_pair,diffuse_blur,false_negative_suppression,diffuse_blur_js_0.15,false_negative_suppression_y_js_0.15,1,1,True,True,-0.05680265559095121,1.0600166212194395,1.9000000000000004,0.029296875,0.42622391158976547,0.7000000000000002
cx0.75_cy0.75_layoutC,0.05,y,0.15,family_pair,false_hotspot,false_negative_suppression,false_hotspot_y_js_0.15,false_negative_suppression_y_js_0.15,1,1,True,True,-0.16095365759240954,1.2752660452846438,2.1500000000000004,0.087890625,0.4213281887194935,0.40000000000000013
