contrast_type,family_left,family_right,target_js_nats,gamma,planned_scenes,available_valid_scenes,planned_direction_pairs,available_valid_direction_pairs,retained_scene_ids,complete_finite_suite_contrast,interpretation,exact_detection_probability_available_scenes,exact_detection_probability_mean,exact_detection_probability_min,exact_detection_probability_max,exact_detection_probability_negative_scenes,exact_detection_probability_zero_scenes,exact_detection_probability_positive_scenes,exact_detection_probability_scene_ids,exact_weighted_mean_t_find_available_scenes,exact_weighted_mean_t_find_mean,exact_weighted_mean_t_find_min,exact_weighted_mean_t_find_max,exact_weighted_mean_t_find_negative_scenes,exact_weighted_mean_t_find_zero_scenes,exact_weighted_mean_t_find_positive_scenes,exact_weighted_mean_t_find_scene_ids,exact_weighted_median_t_find_available_scenes,exact_weighted_median_t_find_mean,exact_weighted_median_t_find_min,exact_weighted_median_t_find_max,exact_weighted_median_t_find_negative_scenes,exact_weighted_median_t_find_zero_scenes,exact_weighted_median_t_find_positive_scenes,exact_weighted_median_t_find_scene_ids,uniform_detection_probability_available_scenes,uniform_detection_probability_mean,uniform_detection_probability_min,uniform_detection_probability_max,uniform_detection_probability_negative_scenes,uniform_detection_probability_zero_scenes,uniform_detection_probability_positive_scenes,uniform_detection_probability_scene_ids,uniform_weighted_mean_t_find_available_scenes,uniform_weighted_mean_t_find_mean,uniform_weighted_mean_t_find_min,uniform_weighted_mean_t_find_max,uniform_weighted_mean_t_find_negative_scenes,uniform_weighted_mean_t_find_zero_scenes,uniform_weighted_mean_t_find_positive_scenes,uniform_weighted_mean_t_find_scene_ids,uniform_weighted_median_t_find_available_scenes,uniform_weighted_median_t_find_mean,uniform_weighted_median_t_find_min,uniform_weighted_median_t_find_max,uniform_weighted_median_t_find_negative_scenes,uniform_weighted_median_t_find_zero_scenes,uniform_weighted_median_t_find_positive_scenes,uniform_weighted_median_t_find_scene_ids
baseline_minus_oracle,uniform_prior_baseline,oracle,,0.1,12,12,12,12,cx0.25_cy0.25_layoutA;cx0.25_cy0.25_layoutB;cx0.25_cy0.25_layoutC;cx0.25_cy0.75_layoutA;cx0.25_cy0.75_layoutB;cx0.25_cy0.75_layoutC;cx0.75_cy0.25_layoutA;cx0.75_cy0.25_layoutB;cx0.75_cy0.25_layoutC;cx0.75_cy0.75_layoutA;cx0.75_cy0.75_layoutB;cx0.75_cy0.75_layoutC,True,finite_suite,12,-0.28880390889160856,-0.6410091179829698,0.029188191154718268,10,0,2,cx0.25_cy0.25_layoutA;cx0.25_cy0.25_layoutB;cx0.25_cy0.25_layoutC;cx0.25_cy0.75_layoutA;cx0.25_cy0.75_layoutB;cx0.25_cy0.75_layoutC;cx0.75_cy0.25_layoutA;cx0.75_cy0.25_layoutB;cx0.75_cy0.25_layoutC;cx0.75_cy0.75_layoutA;cx0.75_cy0.75_layoutB;cx0.75_cy0.75_layoutC,12,0.2776927053612277,-0.3355868250320546,1.5475872943422575,8,0,4,cx0.25_cy0.25_layoutA;cx0.25_cy0.25_layoutB;cx0.25_cy0.25_layoutC;cx0.25_cy0.75_layoutA;cx0.25_cy0.75_layoutB;cx0.25_cy0.75_layoutC;cx0.75_cy0.25_layoutA;cx0.75_cy0.25_layoutB;cx0.75_cy0.25_layoutC;cx0.75_cy0.75_layoutA;cx0.75_cy0.75_layoutB;cx0.75_cy0.75_layoutC,12,0.5708333333333333,-0.6000000000000001,1.85,6,0,6,cx0.25_cy0.25_layoutA;cx0.25_cy0.25_layoutB;cx0.25_cy0.25_layoutC;cx0.25_cy0.75_layoutA;cx0.25_cy0.75_layoutB;cx0.25_cy0.75_layoutC;cx0.75_cy0.25_layoutA;cx0.75_cy0.25_layoutB;cx0.75_cy0.25_layoutC;cx0.75_cy0.75_layoutA;cx0.75_cy0.75_layoutB;cx0.75_cy0.75_layoutC,12,-0.0562589581973455,-0.32942708333333326,0.09399477806788509,8,0,4,cx0.25_cy0.25_layoutA;cx0.25_cy0.25_layoutB;cx0.25_cy0.25_layoutC;cx0.25_cy0.75_layoutA;cx0.25_cy0.75_layoutB;cx0.25_cy0.75_layoutC;cx0.75_cy0.25_layoutA;cx0.75_cy0.25_layoutB;cx0.75_cy0.25_layoutC;cx0.75_cy0.75_layoutA;cx0.75_cy0.75_layoutB;cx0.75_cy0.75_layoutC,12,0.013340123000217233,-0.977604852866405,0.7164753004005344,6,0,6,cx0.25_cy0.25_layoutA;cx0.25_cy0.25_layoutB;cx0.25_cy0.25_layoutC;cx0.25_cy0.75_layoutA;cx0.25_cy0.75_layoutB;cx0.25_cy0.75_layoutC;cx0.75_cy0.25_layoutA;cx0.75_cy0.25_layoutB;cx0.75_cy0.25_layoutC;cx0.75_cy0.75_layoutA;cx0.75_cy0.75_layoutB;cx0.75_cy0.75_layoutC,12,0.17499999999999996,-1.0000000000000004,1.2000000000000002,5,0,7,cx0.25_cy0.25_layoutA;cx0.25_cy0.25_layoutB;cx0.25_cy0.25_layoutC;cx0.25_cy0.75_layoutA;cx0.25_cy0.75_layoutB;cx0.25_cy0.75_layoutC;cx0.75_cy0.25_layoutA;cx0.75_cy0.25_layoutB;cx0.75_cy0.25_layoutC;cx0.75_cy0.75_layoutA;cx0.75_cy0.75_layoutB;cx0.75_cy0.75_layoutC
error_minus_oracle,spatial_shift,oracle,0.05,0.1,12,11,24,23,cx0.25_cy0.25_layoutA;cx0.25_cy0.25_layoutB;cx0.25_cy0.25_layoutC;cx0.25_cy0.75_layoutA;cx0.25_cy0.75_layoutB;cx0.75_cy0.25_layoutA;cx0.75_cy0.25_layoutB;cx0.75_cy0.25_layoutC;cx0.75_cy0.75_layoutA;cx0.75_cy0.75_layoutB;cx0.75_cy0.75_layoutC,False,conditional_on_valid_pairs,11,-0.0194952025912789,-0.133494282481801,0.07724143756354823,6,0,5,cx0.25_cy0.25_layoutA;cx0.25_cy0.25_layoutB;cx0.25_cy0.25_layoutC;cx0.25_cy0.75_layoutA;cx0.25_cy0.75_layoutB;cx0.75_cy0.25_layoutA;cx0.75_cy0.25_layoutB;cx0.75_cy0.25_layoutC;cx0.75_cy0.75_layoutA;cx0.75_cy0.75_layoutB;cx0.75_cy0.75_layoutC,11,0.19826041907410105,-0.09765919440028004,0.7460633502109009,3,0,8,cx0.25_cy0.25_layoutA;cx0.25_cy0.25_layoutB;cx0.25_cy0.25_layoutC;cx0.25_cy0.75_layoutA;cx0.25_cy0.75_layoutB;cx0.75_cy0.25_layoutA;cx0.75_cy0.25_layoutB;cx0.75_cy0.25_layoutC;cx0.75_cy0.75_layoutA;cx0.75_cy0.75_layoutB;cx0.75_cy0.75_layoutC,11,0.30454545454545456,-0.025000000000000133,1.0,2,2,7,cx0.25_cy0.25_layoutA;cx0.25_cy0.25_layoutB;cx0.25_cy0.25_layoutC;cx0.25_cy0.75_layoutA;cx0.25_cy0.75_layoutB;cx0.75_cy0.25_layoutA;cx0.75_cy0.25_layoutB;cx0.75_cy0.25_layoutC;cx0.75_cy0.75_layoutA;cx0.75_cy0.75_layoutB;cx0.75_cy0.75_layoutC,11,0.01006278928317114,-0.08681462140992174,0.06477864583333331,5,0,6,cx0.25_cy0.25_layoutA;cx0.25_cy0.25_layoutB;cx0.25_cy0.25_layoutC;cx0.25_cy0.75_layoutA;cx0.25_cy0.75_layoutB;cx0.75_cy0.25_layoutA;cx0.75_cy0.25_layoutB;cx0.75_cy0.25_layoutC;cx0.75_cy0.75_layoutA;cx0.75_cy0.75_layoutB;cx0.75_cy0.75_layoutC,11,0.07904994646775912,-0.4175517350106057,0.4552731541325026,6,0,5,cx0.25_cy0.25_layoutA;cx0.25_cy0.25_layoutB;cx0.25_cy0.25_layoutC;cx0.25_cy0.75_layoutA;cx0.25_cy0.75_layoutB;cx0.75_cy0.25_layoutA;cx0.75_cy0.25_layoutB;cx0.75_cy0.25_layoutC;cx0.75_cy0.75_layoutA;cx0.75_cy0.75_layoutB;cx0.75_cy0.75_layoutC,11,0.02272727272727272,-0.6750000000000003,0.44999999999999996,4,0,7,cx0.25_cy0.25_layoutA;cx0.25_cy0.25_layoutB;cx0.25_cy0.25_layoutC;cx0.25_cy0.75_layoutA;cx0.25_cy0.75_layoutB;cx0.75_cy0.25_layoutA;cx0.75_cy0.25_layoutB;cx0.75_cy0.25_layoutC;cx0.75_cy0.75_layoutA;cx0.75_cy0.75_layoutB;cx0.75_cy0.75_layoutC
error_minus_oracle,diffuse_blur,oracle,0.05,0.1,12,12,24,24,cx0.25_cy0.25_layoutA;cx0.25_cy0.25_layoutB;cx0.25_cy0.25_layoutC;cx0.25_cy0.75_layoutA;cx0.25_cy0.75_layoutB;cx0.25_cy0.75_layoutC;cx0.75_cy0.25_layoutA;cx0.75_cy0.25_layoutB;cx0.75_cy0.25_layoutC;cx0.75_cy0.75_layoutA;cx0.75_cy0.75_layoutB;cx0.75_cy0.75_layoutC,True,finite_suite,12,-0.03959917567958859,-0.1314060993362266,0.07837162814047038,8,0,4,cx0.25_cy0.25_layoutA;cx0.25_cy0.25_layoutB;cx0.25_cy0.25_layoutC;cx0.25_cy0.75_layoutA;cx0.25_cy0.75_layoutB;cx0.25_cy0.75_layoutC;cx0.75_cy0.25_layoutA;cx0.75_cy0.25_layoutB;cx0.75_cy0.25_layoutC;cx0.75_cy0.75_layoutA;cx0.75_cy0.75_layoutB;cx0.75_cy0.75_layoutC,12,-0.02059191298239682,-0.281408192268779,0.4137340890904182,7,0,5,cx0.25_cy0.25_layoutA;cx0.25_cy0.25_layoutB;cx0.25_cy0.25_layoutC;cx0.25_cy0.75_layoutA;cx0.25_cy0.75_layoutB;cx0.25_cy0.75_layoutC;cx0.75_cy0.25_layoutA;cx0.75_cy0.25_layoutB;cx0.75_cy0.25_layoutC;cx0.75_cy0.75_layoutA;cx0.75_cy0.75_layoutB;cx0.75_cy0.75_layoutC,12,0.21250000000000005,-0.3500000000000001,1.1500000000000001,4,2,6,cx0.25_cy0.25_layoutA;cx0.25_cy0.25_layoutB;cx0.25_cy0.25_layoutC;cx0.25_cy0.75_layoutA;cx0.25_cy0.75_layoutB;cx0.25_cy0.75_layoutC;cx0.75_cy0.25_layoutA;cx0.75_cy0.25_layoutB;cx0.75_cy0.25_layoutC;cx0.75_cy0.75_layoutA;cx0.75_cy0.75_layoutB;cx0.75_cy0.75_layoutC,12,-0.040751791639469105,-0.21875,0.02741514360313324,7,0,5,cx0.25_cy0.25_layoutA;cx0.25_cy0.25_layoutB;cx0.25_cy0.25_layoutC;cx0.25_cy0.75_layoutA;cx0.25_cy0.75_layoutB;cx0.25_cy0.75_layoutC;cx0.75_cy0.25_layoutA;cx0.75_cy0.25_layoutB;cx0.75_cy0.25_layoutC;cx0.75_cy0.75_layoutA;cx0.75_cy0.75_layoutB;cx0.75_cy0.75_layoutC,12,-0.12872678462763634,-0.8287364890449385,0.20697465117433822,7,0,5,cx0.25_cy0.25_layoutA;cx0.25_cy0.25_layoutB;cx0.25_cy0.25_layoutC;cx0.25_cy0.75_layoutA;cx0.25_cy0.75_layoutB;cx0.25_cy0.75_layoutC;cx0.75_cy0.25_layoutA;cx0.75_cy0.25_layoutB;cx0.75_cy0.25_layoutC;cx0.75_cy0.75_layoutA;cx0.75_cy0.75_layoutB;cx0.75_cy0.75_layoutC,12,-0.2625,-1.0500000000000003,0.10000000000000009,8,0,4,cx0.25_cy0.25_layoutA;cx0.25_cy0.25_layoutB;cx0.25_cy0.25_layoutC;cx0.25_cy0.75_layoutA;cx0.25_cy0.75_layoutB;cx0.25_cy0.75_layoutC;cx0.75_cy0.25_layoutA;cx0.75_cy0.25_layoutB;cx0.75_cy0.25_layoutC;cx0.75_cy0.75_layoutA;cx0.75_cy0.75_layoutB;cx0.75_cy0.75_layoutC
error_minus_oracle,false_hotspot,oracle,0.05,0.1,12,12,24,24,cx0.25_cy0.25_layoutA;cx0.25_cy0.25_layoutB;cx0.25_cy0.25_layoutC;cx0.25_cy0.75_layoutA;cx0.25_cy0.75_layoutB;cx0.25_cy0.75_layoutC;cx0.75_cy0.25_layoutA;cx0.75_cy0.25_layoutB;cx0.75_cy0.25_layoutC;cx0.75_cy0.75_layoutA;cx0.75_cy0.75_layoutB;cx0.75_cy0.75_layoutC,True,finite_suite,12,-0.05337816374845395,-0.17464536488561028,0.06975478096665155,7,0,5,cx0.25_cy0.25_layoutA;cx0.25_cy0.25_layoutB;cx0.25_cy0.25_layoutC;cx0.25_cy0.75_layoutA;cx0.25_cy0.75_layoutB;cx0.25_cy0.75_layoutC;cx0.75_cy0.25_layoutA;cx0.75_cy0.25_layoutB;cx0.75_cy0.25_layoutC;cx0.75_cy0.75_layoutA;cx0.75_cy0.75_layoutB;cx0.75_cy0.75_layoutC,12,0.04294050230427284,-0.2667210102985149,0.5503952371912615,7,0,5,cx0.25_cy0.25_layoutA;cx0.25_cy0.25_layoutB;cx0.25_cy0.25_layoutC;cx0.25_cy0.75_layoutA;cx0.25_cy0.75_layoutB;cx0.25_cy0.75_layoutC;cx0.75_cy0.25_layoutA;cx0.75_cy0.25_layoutB;cx0.75_cy0.25_layoutC;cx0.75_cy0.75_layoutA;cx0.75_cy0.75_layoutB;cx0.75_cy0.75_layoutC,12,0.36041666666666666,-0.32500000000000007,1.8000000000000003,4,1,7,cx0.25_cy0.25_layoutA;cx0.25_cy0.25_layoutB;cx0.25_cy0.25_layoutC;cx0.25_cy0.75_layoutA;cx0.25_cy0.75_layoutB;cx0.25_cy0.75_layoutC;cx0.75_cy0.25_layoutA;cx0.75_cy0.25_layoutB;cx0.75_cy0.25_layoutC;cx0.75_cy0.75_layoutA;cx0.75_cy0.75_layoutB;cx0.75_cy0.75_layoutC,12,-0.028746605970771683,-0.22167968749999994,0.05305989583333337,6,0,6,cx0.25_cy0.25_layoutA;cx0.25_cy0.25_layoutB;cx0.25_cy0.25_layoutC;cx0.25_cy0.75_layoutA;cx0.25_cy0.75_layoutB;cx0.25_cy0.75_layoutC;cx0.75_cy0.25_layoutA;cx0.75_cy0.25_layoutB;cx0.75_cy0.25_layoutC;cx0.75_cy0.75_layoutA;cx0.75_cy0.75_layoutB;cx0.75_cy0.75_layoutC,12,-0.042819143361372075,-0.7768780716574628,0.43389028157034737,6,0,6,cx0.25_cy0.25_layoutA;cx0.25_cy0.25_layoutB;cx0.25_cy0.25_layoutC;cx0.25_cy0.75_layoutA;cx0.25_cy0.75_layoutB;cx0.25_cy0.75_layoutC;cx0.75_cy0.25_layoutA;cx0.75_cy0.25_layoutB;cx0.75_cy0.25_layoutC;cx0.75_cy0.75_layoutA;cx0.75_cy0.75_layoutB;cx0.75_cy0.75_layoutC,12,-0.14375000000000007,-1.0000000000000002,0.6000000000000001,7,0,5,cx0.25_cy0.25_layoutA;cx0.25_cy0.25_layoutB;cx0.25_cy0.25_layoutC;cx0.25_cy0.75_layoutA;cx0.25_cy0.75_layoutB;cx0.25_cy0.75_layoutC;cx0.75_cy0.25_layoutA;cx0.75_cy0.25_layoutB;cx0.75_cy0.25_layoutC;cx0.75_cy0.75_layoutA;cx0.75_cy0.75_layoutB;cx0.75_cy0.75_layoutC
error_minus_oracle,false_negative_suppression,oracle,0.05,0.1,12,12,24,24,cx0.25_cy0.25_layoutA;cx0.25_cy0.25_layoutB;cx0.25_cy0.25_layoutC;cx0.25_cy0.75_layoutA;cx0.25_cy0.75_layoutB;cx0.25_cy0.75_layoutC;cx0.75_cy0.25_layoutA;cx0.75_cy0.25_layoutB;cx0.75_cy0.25_layoutC;cx0.75_cy0.75_layoutA;cx0.75_cy0.75_layoutB;cx0.75_cy0.75_layoutC,True,finite_suite,12,-0.04885718932824148,-0.11301692818713821,0.07874390216481542,9,0,3,cx0.25_cy0.25_layoutA;cx0.25_cy0.25_layoutB;cx0.25_cy0.25_layoutC;cx0.25_cy0.75_layoutA;cx0.25_cy0.75_layoutB;cx0.25_cy0.75_layoutC;cx0.75_cy0.25_layoutA;cx0.75_cy0.25_layoutB;cx0.75_cy0.25_layoutC;cx0.75_cy0.75_layoutA;cx0.75_cy0.75_layoutB;cx0.75_cy0.75_layoutC,12,-0.09141604831721968,-0.28815935537670423,0.17853408546494687,8,0,4,cx0.25_cy0.25_layoutA;cx0.25_cy0.25_layoutB;cx0.25_cy0.25_layoutC;cx0.25_cy0.75_layoutA;cx0.25_cy0.75_layoutB;cx0.25_cy0.75_layoutC;cx0.75_cy0.25_layoutA;cx0.75_cy0.25_layoutB;cx0.75_cy0.25_layoutC;cx0.75_cy0.75_layoutA;cx0.75_cy0.75_layoutB;cx0.75_cy0.75_layoutC,12,0.17291666666666664,-0.3750000000000001,1.2000000000000002,5,1,6,cx0.25_cy0.25_layoutA;cx0.25_cy0.25_layoutB;cx0.25_cy0.25_layoutC;cx0.25_cy0.75_layoutA;cx0.25_cy0.75_layoutB;cx0.25_cy0.75_layoutC;cx0.75_cy0.25_layoutA;cx0.75_cy0.25_layoutB;cx0.75_cy0.25_layoutC;cx0.75_cy0.75_layoutA;cx0.75_cy0.75_layoutB;cx0.75_cy0.75_layoutC,12,-0.0536609279808529,-0.21223958333333326,0.02124999999999999,8,0,4,cx0.25_cy0.25_layoutA;cx0.25_cy0.25_layoutB;cx0.25_cy0.25_layoutC;cx0.25_cy0.75_layoutA;cx0.25_cy0.75_layoutB;cx0.25_cy0.75_layoutC;cx0.75_cy0.25_layoutA;cx0.75_cy0.25_layoutB;cx0.75_cy0.25_layoutC;cx0.75_cy0.75_layoutA;cx0.75_cy0.75_layoutB;cx0.75_cy0.75_layoutC,12,-0.20486241259557733,-0.7712600616967722,0.046599908186180206,9,0,3,cx0.25_cy0.25_layoutA;cx0.25_cy0.25_layoutB;cx0.25_cy0.25_layoutC;cx0.25_cy0.75_layoutA;cx0.25_cy0.75_layoutB;cx0.25_cy0.75_layoutC;cx0.75_cy0.25_layoutA;cx0.75_cy0.25_layoutB;cx0.75_cy0.25_layoutC;cx0.75_cy0.75_layoutA;cx0.75_cy0.75_layoutB;cx0.75_cy0.75_layoutC,12,-0.31250000000000006,-1.0250000000000001,0.025000000000000133,9,0,3,cx0.25_cy0.25_layoutA;cx0.25_cy0.25_layoutB;cx0.25_cy0.25_layoutC;cx0.25_cy0.75_layoutA;cx0.25_cy0.75_layoutB;cx0.25_cy0.75_layoutC;cx0.75_cy0.25_layoutA;cx0.75_cy0.25_layoutB;cx0.75_cy0.25_layoutC;cx0.75_cy0.75_layoutA;cx0.75_cy0.75_layoutB;cx0.75_cy0.75_layoutC
family_pair,spatial_shift,diffuse_blur,0.05,0.1,12,11,24,23,cx0.25_cy0.25_layoutA;cx0.25_cy0.25_layoutB;cx0.25_cy0.25_layoutC;cx0.25_cy0.75_layoutA;cx0.25_cy0.75_layoutB;cx0.75_cy0.25_layoutA;cx0.75_cy0.25_layoutB;cx0.75_cy0.25_layoutC;cx0.75_cy0.75_layoutA;cx0.75_cy0.75_layoutB;cx0.75_cy0.75_layoutC,False,conditional_on_valid_pairs,11,0.013037253527941783,-0.038657016875078554,0.11942940183369444,7,0,4,cx0.25_cy0.25_layoutA;cx0.25_cy0.25_layoutB;cx0.25_cy0.25_layoutC;cx0.25_cy0.75_layoutA;cx0.25_cy0.75_layoutB;cx0.75_cy0.25_layoutA;cx0.75_cy0.25_layoutB;cx0.75_cy0.25_layoutC;cx0.75_cy0.75_layoutA;cx0.75_cy0.75_layoutB;cx0.75_cy0.75_layoutC,11,0.20912065582120964,-0.08645979812471183,0.6064337578292389,1,0,10,cx0.25_cy0.25_layoutA;cx0.25_cy0.25_layoutB;cx0.25_cy0.25_layoutC;cx0.25_cy0.75_layoutA;cx0.25_cy0.75_layoutB;cx0.75_cy0.25_layoutA;cx0.75_cy0.25_layoutB;cx0.75_cy0.25_layoutC;cx0.75_cy0.75_layoutA;cx0.75_cy0.75_layoutB;cx0.75_cy0.75_layoutC,11,0.17727272727272728,-0.3750000000000001,0.925,3,2,6,cx0.25_cy0.25_layoutA;cx0.25_cy0.25_layoutB;cx0.25_cy0.25_layoutC;cx0.25_cy0.75_layoutA;cx0.25_cy0.75_layoutB;cx0.75_cy0.25_layoutA;cx0.75_cy0.25_layoutB;cx0.75_cy0.25_layoutC;cx0.75_cy0.75_layoutA;cx0.75_cy0.75_layoutB;cx0.75_cy0.75_layoutC,11,0.03463292561713744,-0.02062499999999995,0.09602864583333331,2,0,9,cx0.25_cy0.25_layoutA;cx0.25_cy0.25_layoutB;cx0.25_cy0.25_layoutC;cx0.25_cy0.75_layoutA;cx0.25_cy0.75_layoutB;cx0.75_cy0.25_layoutA;cx0.75_cy0.25_layoutB;cx0.75_cy0.25_layoutC;cx0.75_cy0.75_layoutA;cx0.75_cy0.75_layoutB;cx0.75_cy0.75_layoutC,11,0.1592464766522679,-0.11193035838189225,0.4924392052566058,2,0,9,cx0.25_cy0.25_layoutA;cx0.25_cy0.25_layoutB;cx0.25_cy0.25_layoutC;cx0.25_cy0.75_layoutA;cx0.25_cy0.75_layoutB;cx0.75_cy0.25_layoutA;cx0.75_cy0.25_layoutB;cx0.75_cy0.25_layoutC;cx0.75_cy0.75_layoutA;cx0.75_cy0.75_layoutB;cx0.75_cy0.75_layoutC,11,0.2318181818181819,-1.1102230246251565e-16,0.5750000000000002,0,2,9,cx0.25_cy0.25_layoutA;cx0.25_cy0.25_layoutB;cx0.25_cy0.25_layoutC;cx0.25_cy0.75_layoutA;cx0.25_cy0.75_layoutB;cx0.75_cy0.25_layoutA;cx0.75_cy0.25_layoutB;cx0.75_cy0.25_layoutC;cx0.75_cy0.75_layoutA;cx0.75_cy0.75_layoutB;cx0.75_cy0.75_layoutC
family_pair,spatial_shift,false_hotspot,0.05,0.1,12,11,24,23,cx0.25_cy0.25_layoutA;cx0.25_cy0.25_layoutB;cx0.25_cy0.25_layoutC;cx0.25_cy0.75_layoutA;cx0.25_cy0.75_layoutB;cx0.75_cy0.25_layoutA;cx0.75_cy0.25_layoutB;cx0.75_cy0.25_layoutC;cx0.75_cy0.75_layoutA;cx0.75_cy0.75_layoutB;cx0.75_cy0.75_layoutC,False,conditional_on_valid_pairs,11,0.02535728641954488,-0.040783424489251374,0.12506946154210885,3,0,8,cx0.25_cy0.25_layoutA;cx0.25_cy0.25_layoutB;cx0.25_cy0.25_layoutC;cx0.25_cy0.75_layoutA;cx0.25_cy0.75_layoutB;cx0.75_cy0.25_layoutA;cx0.75_cy0.25_layoutB;cx0.75_cy0.25_layoutC;cx0.75_cy0.75_layoutA;cx0.75_cy0.75_layoutB;cx0.75_cy0.75_layoutC,11,0.16349139066319346,-0.02967159290351784,0.5842964572265786,2,0,9,cx0.25_cy0.25_layoutA;cx0.25_cy0.25_layoutB;cx0.25_cy0.25_layoutC;cx0.25_cy0.75_layoutA;cx0.25_cy0.75_layoutB;cx0.75_cy0.25_layoutA;cx0.75_cy0.25_layoutB;cx0.75_cy0.25_layoutC;cx0.75_cy0.75_layoutA;cx0.75_cy0.75_layoutB;cx0.75_cy0.75_layoutC,11,0.07499999999999998,-0.475,0.875,5,1,5,cx0.25_cy0.25_layoutA;cx0.25_cy0.25_layoutB;cx0.25_cy0.25_layoutC;cx0.25_cy0.75_layoutA;cx0.25_cy0.75_layoutB;cx0.75_cy0.25_layoutA;cx0.75_cy0.25_layoutB;cx0.75_cy0.25_layoutC;cx0.75_cy0.75_layoutA;cx0.75_cy0.75_layoutB;cx0.75_cy0.75_layoutC,11,0.021270024205831163,-0.05468749999999992,0.0706250000000001,3,0,8,cx0.25_cy0.25_layoutA;cx0.25_cy0.25_layoutB;cx0.25_cy0.25_layoutC;cx0.25_cy0.75_layoutA;cx0.25_cy0.75_layoutB;cx0.75_cy0.25_layoutA;cx0.75_cy0.25_layoutB;cx0.75_cy0.25_layoutC;cx0.75_cy0.75_layoutA;cx0.75_cy0.75_layoutB;cx0.75_cy0.75_layoutC,11,0.07520895644512245,-0.09454110051707287,0.3593263366468571,2,0,9,cx0.25_cy0.25_layoutA;cx0.25_cy0.25_layoutB;cx0.25_cy0.25_layoutC;cx0.25_cy0.75_layoutA;cx0.25_cy0.75_layoutB;cx0.75_cy0.25_layoutA;cx0.75_cy0.25_layoutB;cx0.75_cy0.25_layoutC;cx0.75_cy0.75_layoutA;cx0.75_cy0.75_layoutB;cx0.75_cy0.75_layoutC,11,0.11136363636363637,-0.17499999999999993,0.6000000000000001,5,0,6,cx0.25_cy0.25_layoutA;cx0.25_cy0.25_layoutB;cx0.25_cy0.25_layoutC;cx0.25_cy0.75_layoutA;cx0.25_cy0.75_layoutB;cx0.75_cy0.25_layoutA;cx0.75_cy0.25_layoutB;cx0.75_cy0.25_layoutC;cx0.75_cy0.75_layoutA;cx0.75_cy0.75_layoutB;cx0.75_cy0.75_layoutC
family_pair,spatial_shift,false_negative_suppression,0.05,0.1,12,11,24,23,cx0.25_cy0.25_layoutA;cx0.25_cy0.25_layoutB;cx0.25_cy0.25_layoutC;cx0.25_cy0.75_layoutA;cx0.25_cy0.75_layoutB;cx0.75_cy0.25_layoutA;cx0.75_cy0.25_layoutB;cx0.75_cy0.25_layoutC;cx0.75_cy0.75_layoutA;cx0.75_cy0.75_layoutB;cx0.75_cy0.75_layoutC,False,conditional_on_valid_pairs,11,0.026526284079684225,-0.03409853198996354,0.127426553851671,5,0,6,cx0.25_cy0.25_layoutA;cx0.25_cy0.25_layoutB;cx0.25_cy0.25_layoutC;cx0.25_cy0.75_layoutA;cx0.25_cy0.75_layoutB;cx0.75_cy0.25_layoutA;cx0.75_cy0.25_layoutB;cx0.75_cy0.25_layoutC;cx0.75_cy0.75_layoutA;cx0.75_cy0.75_layoutB;cx0.75_cy0.75_layoutC,11,0.29851140373259855,0.007680098437798821,0.6322908963358962,0,0,11,cx0.25_cy0.25_layoutA;cx0.25_cy0.25_layoutB;cx0.25_cy0.25_layoutC;cx0.25_cy0.75_layoutA;cx0.25_cy0.75_layoutB;cx0.75_cy0.25_layoutA;cx0.75_cy0.25_layoutB;cx0.75_cy0.25_layoutC;cx0.75_cy0.75_layoutA;cx0.75_cy0.75_layoutB;cx0.75_cy0.75_layoutC,11,0.225,-0.4,0.925,2,1,8,cx0.25_cy0.25_layoutA;cx0.25_cy0.25_layoutB;cx0.25_cy0.25_layoutC;cx0.25_cy0.75_layoutA;cx0.25_cy0.75_layoutB;cx0.75_cy0.25_layoutA;cx0.75_cy0.25_layoutB;cx0.75_cy0.25_layoutC;cx0.75_cy0.75_layoutA;cx0.75_cy0.75_layoutB;cx0.75_cy0.75_layoutC,11,0.04930747586834401,-0.025624999999999953,0.15201822916666663,1,0,10,cx0.25_cy0.25_layoutA;cx0.25_cy0.25_layoutB;cx0.25_cy0.25_layoutC;cx0.25_cy0.75_layoutA;cx0.25_cy0.75_layoutB;cx0.75_cy0.25_layoutA;cx0.75_cy0.25_layoutB;cx0.75_cy0.25_layoutC;cx0.75_cy0.75_layoutA;cx0.75_cy0.75_layoutB;cx0.75_cy0.75_layoutC,11,0.24126730520896816,-0.006678514802673563,0.6327105174666996,1,0,10,cx0.25_cy0.25_layoutA;cx0.25_cy0.25_layoutB;cx0.25_cy0.25_layoutC;cx0.25_cy0.75_layoutA;cx0.25_cy0.75_layoutB;cx0.75_cy0.25_layoutA;cx0.75_cy0.25_layoutB;cx0.75_cy0.25_layoutC;cx0.75_cy0.75_layoutA;cx0.75_cy0.75_layoutB;cx0.75_cy0.75_layoutC,11,0.2863636363636364,0.025000000000000022,0.625,0,0,11,cx0.25_cy0.25_layoutA;cx0.25_cy0.25_layoutB;cx0.25_cy0.25_layoutC;cx0.25_cy0.75_layoutA;cx0.25_cy0.75_layoutB;cx0.75_cy0.25_layoutA;cx0.75_cy0.25_layoutB;cx0.75_cy0.25_layoutC;cx0.75_cy0.75_layoutA;cx0.75_cy0.75_layoutB;cx0.75_cy0.75_layoutC
family_pair,diffuse_blur,false_hotspot,0.05,0.1,12,12,24,24,cx0.25_cy0.25_layoutA;cx0.25_cy0.25_layoutB;cx0.25_cy0.25_layoutC;cx0.25_cy0.75_layoutA;cx0.25_cy0.75_layoutB;cx0.25_cy0.75_layoutC;cx0.75_cy0.25_layoutA;cx0.75_cy0.25_layoutB;cx0.75_cy0.25_layoutC;cx0.75_cy0.75_layoutA;cx0.75_cy0.75_layoutB;cx0.75_cy0.75_layoutC,True,finite_suite,12,0.013778988068865364,-0.058677295698428666,0.05105769378859398,3,0,9,cx0.25_cy0.25_layoutA;cx0.25_cy0.25_layoutB;cx0.25_cy0.25_layoutC;cx0.25_cy0.75_layoutA;cx0.25_cy0.75_layoutB;cx0.25_cy0.75_layoutC;cx0.75_cy0.25_layoutA;cx0.75_cy0.25_layoutB;cx0.75_cy0.25_layoutC;cx0.75_cy0.75_layoutA;cx0.75_cy0.75_layoutB;cx0.75_cy0.75_layoutC,12,-0.06353241528666967,-0.2604670667018585,0.0599818247671538,8,0,4,cx0.25_cy0.25_layoutA;cx0.25_cy0.25_layoutB;cx0.25_cy0.25_layoutC;cx0.25_cy0.75_layoutA;cx0.25_cy0.75_layoutB;cx0.25_cy0.75_layoutC;cx0.75_cy0.25_layoutA;cx0.75_cy0.25_layoutB;cx0.75_cy0.25_layoutC;cx0.75_cy0.75_layoutA;cx0.75_cy0.75_layoutB;cx0.75_cy0.75_layoutC,12,-0.14791666666666664,-0.6499999999999999,0.025000000000000022,6,4,2,cx0.25_cy0.25_layoutA;cx0.25_cy0.25_layoutB;cx0.25_cy0.25_layoutC;cx0.25_cy0.75_layoutA;cx0.25_cy0.75_layoutB;cx0.25_cy0.75_layoutC;cx0.75_cy0.25_layoutA;cx0.75_cy0.25_layoutB;cx0.75_cy0.25_layoutC;cx0.75_cy0.75_layoutA;cx0.75_cy0.75_layoutB;cx0.75_cy0.75_layoutC,12,-0.012005185668697424,-0.05501302083333329,0.014033942558746793,7,0,5,cx0.25_cy0.25_layoutA;cx0.25_cy0.25_layoutB;cx0.25_cy0.25_layoutC;cx0.25_cy0.75_layoutA;cx0.25_cy0.75_layoutB;cx0.25_cy0.75_layoutC;cx0.75_cy0.25_layoutA;cx0.75_cy0.25_layoutB;cx0.75_cy0.25_layoutC;cx0.75_cy0.75_layoutA;cx0.75_cy0.75_layoutB;cx0.75_cy0.75_layoutC,12,-0.08590764126626427,-0.39044968013381487,0.029718475344192363,7,0,5,cx0.25_cy0.25_layoutA;cx0.25_cy0.25_layoutB;cx0.25_cy0.25_layoutC;cx0.25_cy0.75_layoutA;cx0.25_cy0.75_layoutB;cx0.25_cy0.75_layoutC;cx0.75_cy0.25_layoutA;cx0.75_cy0.25_layoutB;cx0.75_cy0.25_layoutC;cx0.75_cy0.75_layoutA;cx0.75_cy0.75_layoutB;cx0.75_cy0.75_layoutC,12,-0.11875000000000002,-0.5500000000000003,0.04999999999999993,9,1,2,cx0.25_cy0.25_layoutA;cx0.25_cy0.25_layoutB;cx0.25_cy0.25_layoutC;cx0.25_cy0.75_layoutA;cx0.25_cy0.75_layoutB;cx0.25_cy0.75_layoutC;cx0.75_cy0.25_layoutA;cx0.75_cy0.25_layoutB;cx0.75_cy0.25_layoutC;cx0.75_cy0.75_layoutA;cx0.75_cy0.75_layoutB;cx0.75_cy0.75_layoutC
family_pair,diffuse_blur,false_negative_suppression,0.05,0.1,12,12,24,24,cx0.25_cy0.25_layoutA;cx0.25_cy0.25_layoutB;cx0.25_cy0.25_layoutC;cx0.25_cy0.75_layoutA;cx0.25_cy0.75_layoutB;cx0.25_cy0.75_layoutC;cx0.75_cy0.25_layoutA;cx0.75_cy0.25_layoutB;cx0.75_cy0.25_layoutC;cx0.75_cy0.75_layoutA;cx0.75_cy0.75_layoutB;cx0.75_cy0.75_layoutC,True,finite_suite,12,0.009258013648652872,-0.0372831722853324,0.0897079038549829,6,0,6,cx0.25_cy0.25_layoutA;cx0.25_cy0.25_layoutB;cx0.25_cy0.25_layoutC;cx0.25_cy0.75_layoutA;cx0.25_cy0.75_layoutB;cx0.25_cy0.75_layoutC;cx0.75_cy0.25_layoutA;cx0.75_cy0.25_layoutB;cx0.75_cy0.25_layoutC;cx0.75_cy0.75_layoutA;cx0.75_cy0.75_layoutB;cx0.75_cy0.75_layoutC,12,0.07082413533482285,-0.13340860300740442,0.23520000362547133,4,0,8,cx0.25_cy0.25_layoutA;cx0.25_cy0.25_layoutB;cx0.25_cy0.25_layoutC;cx0.25_cy0.75_layoutA;cx0.25_cy0.75_layoutB;cx0.25_cy0.75_layoutC;cx0.75_cy0.25_layoutA;cx0.75_cy0.25_layoutB;cx0.75_cy0.25_layoutC;cx0.75_cy0.75_layoutA;cx0.75_cy0.75_layoutB;cx0.75_cy0.75_layoutC,12,0.03958333333333335,-0.050000000000000044,0.22499999999999998,3,3,6,cx0.25_cy0.25_layoutA;cx0.25_cy0.25_layoutB;cx0.25_cy0.25_layoutC;cx0.25_cy0.75_layoutA;cx0.25_cy0.75_layoutB;cx0.25_cy0.75_layoutC;cx0.75_cy0.25_layoutA;cx0.75_cy0.25_layoutB;cx0.75_cy0.25_layoutC;cx0.75_cy0.75_layoutA;cx0.75_cy0.75_layoutB;cx0.75_cy0.75_layoutC,12,0.012909136341383796,-0.01044386422976501,0.09366840731070497,5,0,7,cx0.25_cy0.25_layoutA;cx0.25_cy0.25_layoutB;cx0.25_cy0.25_layoutC;cx0.25_cy0.75_layoutA;cx0.25_cy0.75_layoutB;cx0.25_cy0.75_layoutC;cx0.75_cy0.25_layoutA;cx0.75_cy0.25_layoutB;cx0.75_cy0.25_layoutC;cx0.75_cy0.75_layoutA;cx0.75_cy0.75_layoutB;cx0.75_cy0.75_layoutC,12,0.07613562796794097,-0.05747642734816627,0.23802406322328673,4,0,8,cx0.25_cy0.25_layoutA;cx0.25_cy0.25_layoutB;cx0.25_cy0.25_layoutC;cx0.25_cy0.75_layoutA;cx0.25_cy0.75_layoutB;cx0.25_cy0.75_layoutC;cx0.75_cy0.25_layoutA;cx0.75_cy0.25_layoutB;cx0.75_cy0.25_layoutC;cx0.75_cy0.75_layoutA;cx0.75_cy0.75_layoutB;cx0.75_cy0.75_layoutC,12,0.04999999999999997,-0.025000000000000133,0.2250000000000001,2,3,7,cx0.25_cy0.25_layoutA;cx0.25_cy0.25_layoutB;cx0.25_cy0.25_layoutC;cx0.25_cy0.75_layoutA;cx0.25_cy0.75_layoutB;cx0.25_cy0.75_layoutC;cx0.75_cy0.25_layoutA;cx0.75_cy0.25_layoutB;cx0.75_cy0.25_layoutC;cx0.75_cy0.75_layoutA;cx0.75_cy0.75_layoutB;cx0.75_cy0.75_layoutC
family_pair,false_hotspot,false_negative_suppression,0.05,0.1,12,12,24,24,cx0.25_cy0.25_layoutA;cx0.25_cy0.25_layoutB;cx0.25_cy0.25_layoutC;cx0.25_cy0.75_layoutA;cx0.25_cy0.75_layoutB;cx0.25_cy0.75_layoutC;cx0.75_cy0.25_layoutA;cx0.75_cy0.25_layoutB;cx0.75_cy0.25_layoutC;cx0.75_cy0.75_layoutA;cx0.75_cy0.75_layoutB;cx0.75_cy0.75_layoutC,True,finite_suite,12,-0.004520974420212491,-0.07199789531393097,0.06414335103680169,5,0,7,cx0.25_cy0.25_layoutA;cx0.25_cy0.25_layoutB;cx0.25_cy0.25_layoutC;cx0.25_cy0.75_layoutA;cx0.25_cy0.75_layoutB;cx0.25_cy0.75_layoutC;cx0.75_cy0.25_layoutA;cx0.75_cy0.25_layoutB;cx0.75_cy0.25_layoutC;cx0.75_cy0.75_layoutA;cx0.75_cy0.75_layoutB;cx0.75_cy0.75_layoutC,12,0.13435655062149252,-0.04440120050937457,0.3928210671421857,1,0,11,cx0.25_cy0.25_layoutA;cx0.25_cy0.25_layoutB;cx0.25_cy0.25_layoutC;cx0.25_cy0.75_layoutA;cx0.25_cy0.75_layoutB;cx0.25_cy0.75_layoutC;cx0.75_cy0.25_layoutA;cx0.75_cy0.25_layoutB;cx0.75_cy0.25_layoutC;cx0.75_cy0.75_layoutA;cx0.75_cy0.75_layoutB;cx0.75_cy0.75_layoutC,12,0.1875,-0.02499999999999991,0.5999999999999999,1,2,9,cx0.25_cy0.25_layoutA;cx0.25_cy0.25_layoutB;cx0.25_cy0.25_layoutC;cx0.25_cy0.75_layoutA;cx0.25_cy0.75_layoutB;cx0.25_cy0.75_layoutC;cx0.75_cy0.25_layoutA;cx0.75_cy0.25_layoutB;cx0.75_cy0.25_layoutC;cx0.75_cy0.75_layoutA;cx0.75_cy0.75_layoutB;cx0.75_cy0.75_layoutC,12,0.02491432201008122,-0.01762402088772841,0.1110026041666666,5,0,7,cx0.25_cy0.25_layoutA;cx0.25_cy0.25_layoutB;cx0.25_cy0.25_layoutC;cx0.25_cy0.75_layoutA;cx0.25_cy0.75_layoutB;cx0.25_cy0.75_layoutC;cx0.75_cy0.25_layoutA;cx0.75_cy0.25_layoutB;cx0.75_cy0.25_layoutC;cx0.75_cy0.75_layoutA;cx0.75_cy0.75_layoutB;cx0.75_cy0.75_layoutC,12,0.16204326923420523,-0.03739437996644057,0.5748555154344308,5,0,7,cx0.25_cy0.25_layoutA;cx0.25_cy0.25_layoutB;cx0.25_cy0.25_layoutC;cx0.25_cy0.75_layoutA;cx0.25_cy0.75_layoutB;cx0.25_cy0.75_layoutC;cx0.75_cy0.25_layoutA;cx0.75_cy0.25_layoutB;cx0.75_cy0.25_layoutC;cx0.75_cy0.75_layoutA;cx0.75_cy0.75_layoutB;cx0.75_cy0.75_layoutC,12,0.16875000000000004,0.0,0.7750000000000001,0,3,9,cx0.25_cy0.25_layoutA;cx0.25_cy0.25_layoutB;cx0.25_cy0.25_layoutC;cx0.25_cy0.75_layoutA;cx0.25_cy0.75_layoutB;cx0.25_cy0.75_layoutC;cx0.75_cy0.25_layoutA;cx0.75_cy0.25_layoutB;cx0.75_cy0.25_layoutC;cx0.75_cy0.75_layoutA;cx0.75_cy0.75_layoutB;cx0.75_cy0.75_layoutC
error_minus_oracle,spatial_shift,oracle,0.1,0.1,12,10,24,22,cx0.25_cy0.25_layoutA;cx0.25_cy0.25_layoutB;cx0.25_cy0.25_layoutC;cx0.25_cy0.75_layoutA;cx0.75_cy0.25_layoutA;cx0.75_cy0.25_layoutB;cx0.75_cy0.25_layoutC;cx0.75_cy0.75_layoutA;cx0.75_cy0.75_layoutB;cx0.75_cy0.75_layoutC,False,conditional_on_valid_pairs,10,-0.08799832340561972,-0.25300999399426444,0.021764782341811062,8,0,2,cx0.25_cy0.25_layoutA;cx0.25_cy0.25_layoutB;cx0.25_cy0.25_layoutC;cx0.25_cy0.75_layoutA;cx0.75_cy0.25_layoutA;cx0.75_cy0.25_layoutB;cx0.75_cy0.25_layoutC;cx0.75_cy0.75_layoutA;cx0.75_cy0.75_layoutB;cx0.75_cy0.75_layoutC,10,0.26221630292425535,-0.13072863873331508,0.8435692411926259,4,0,6,cx0.25_cy0.25_layoutA;cx0.25_cy0.25_layoutB;cx0.25_cy0.25_layoutC;cx0.25_cy0.75_layoutA;cx0.75_cy0.25_layoutA;cx0.75_cy0.25_layoutB;cx0.75_cy0.25_layoutC;cx0.75_cy0.75_layoutA;cx0.75_cy0.75_layoutB;cx0.75_cy0.75_layoutC,10,0.5200000000000001,-0.07500000000000007,1.7000000000000002,4,0,6,cx0.25_cy0.25_layoutA;cx0.25_cy0.25_layoutB;cx0.25_cy0.25_layoutC;cx0.25_cy0.75_layoutA;cx0.75_cy0.25_layoutA;cx0.75_cy0.25_layoutB;cx0.75_cy0.25_layoutC;cx0.75_cy0.75_layoutA;cx0.75_cy0.75_layoutB;cx0.75_cy0.75_layoutC,10,-0.0049833924880330754,-0.06005221932114879,0.05156657963446476,5,0,5,cx0.25_cy0.25_layoutA;cx0.25_cy0.25_layoutB;cx0.25_cy0.25_layoutC;cx0.25_cy0.75_layoutA;cx0.75_cy0.25_layoutA;cx0.75_cy0.25_layoutB;cx0.75_cy0.25_layoutC;cx0.75_cy0.75_layoutA;cx0.75_cy0.75_layoutB;cx0.75_cy0.75_layoutC,10,0.0903061827294891,-0.16738777740704547,0.3416185735677052,5,0,5,cx0.25_cy0.25_layoutA;cx0.25_cy0.25_layoutB;cx0.25_cy0.25_layoutC;cx0.25_cy0.75_layoutA;cx0.75_cy0.25_layoutA;cx0.75_cy0.25_layoutB;cx0.75_cy0.25_layoutC;cx0.75_cy0.75_layoutA;cx0.75_cy0.75_layoutB;cx0.75_cy0.75_layoutC,10,0.04500000000000001,-0.27500000000000013,0.32499999999999996,4,0,6,cx0.25_cy0.25_layoutA;cx0.25_cy0.25_layoutB;cx0.25_cy0.25_layoutC;cx0.25_cy0.75_layoutA;cx0.75_cy0.25_layoutA;cx0.75_cy0.25_layoutB;cx0.75_cy0.25_layoutC;cx0.75_cy0.75_layoutA;cx0.75_cy0.75_layoutB;cx0.75_cy0.75_layoutC
error_minus_oracle,diffuse_blur,oracle,0.1,0.1,12,12,24,24,cx0.25_cy0.25_layoutA;cx0.25_cy0.25_layoutB;cx0.25_cy0.25_layoutC;cx0.25_cy0.75_layoutA;cx0.25_cy0.75_layoutB;cx0.25_cy0.75_layoutC;cx0.75_cy0.25_layoutA;cx0.75_cy0.25_layoutB;cx0.75_cy0.25_layoutC;cx0.75_cy0.75_layoutA;cx0.75_cy0.75_layoutB;cx0.75_cy0.75_layoutC,True,finite_suite,12,-0.12909455431015557,-0.31851739560738324,0.04844592624657784,9,0,3,cx0.25_cy0.25_layoutA;cx0.25_cy0.25_layoutB;cx0.25_cy0.25_layoutC;cx0.25_cy0.75_layoutA;cx0.25_cy0.75_layoutB;cx0.25_cy0.75_layoutC;cx0.75_cy0.25_layoutA;cx0.75_cy0.25_layoutB;cx0.75_cy0.25_layoutC;cx0.75_cy0.75_layoutA;cx0.75_cy0.75_layoutB;cx0.75_cy0.75_layoutC,12,0.045235711972345716,-0.4620870134229429,0.9919939723674556,9,0,3,cx0.25_cy0.25_layoutA;cx0.25_cy0.25_layoutB;cx0.25_cy0.25_layoutC;cx0.25_cy0.75_layoutA;cx0.25_cy0.75_layoutB;cx0.25_cy0.75_layoutC;cx0.75_cy0.25_layoutA;cx0.75_cy0.25_layoutB;cx0.75_cy0.25_layoutC;cx0.75_cy0.75_layoutA;cx0.75_cy0.75_layoutB;cx0.75_cy0.75_layoutC,12,0.4458333333333333,-0.5,1.7000000000000002,6,1,5,cx0.25_cy0.25_layoutA;cx0.25_cy0.25_layoutB;cx0.25_cy0.25_layoutC;cx0.25_cy0.75_layoutA;cx0.25_cy0.75_layoutB;cx0.25_cy0.75_layoutC;cx0.75_cy0.25_layoutA;cx0.75_cy0.25_layoutB;cx0.75_cy0.25_layoutC;cx0.75_cy0.75_layoutA;cx0.75_cy0.75_layoutB;cx0.75_cy0.75_layoutC,12,-0.0521217272265738,-0.2832031249999999,0.055483028720626604,7,0,5,cx0.25_cy0.25_layoutA;cx0.25_cy0.25_layoutB;cx0.25_cy0.25_layoutC;cx0.25_cy0.75_layoutA;cx0.25_cy0.75_layoutB;cx0.25_cy0.75_layoutC;cx0.75_cy0.25_layoutA;cx0.75_cy0.25_layoutB;cx0.75_cy0.25_layoutC;cx0.75_cy0.75_layoutA;cx0.75_cy0.75_layoutB;cx0.75_cy0.75_layoutC,12,-0.16406410041100664,-0.9851858117191563,0.42201196941917174,8,0,4,cx0.25_cy0.25_layoutA;cx0.25_cy0.25_layoutB;cx0.25_cy0.25_layoutC;cx0.25_cy0.75_layoutA;cx0.25_cy0.75_layoutB;cx0.25_cy0.75_layoutC;cx0.75_cy0.25_layoutA;cx0.75_cy0.25_layoutB;cx0.75_cy0.25_layoutC;cx0.75_cy0.75_layoutA;cx0.75_cy0.75_layoutB;cx0.75_cy0.75_layoutC,12,-0.23333333333333342,-1.1,0.7,9,0,3,cx0.25_cy0.25_layoutA;cx0.25_cy0.25_layoutB;cx0.25_cy0.25_layoutC;cx0.25_cy0.75_layoutA;cx0.25_cy0.75_layoutB;cx0.25_cy0.75_layoutC;cx0.75_cy0.25_layoutA;cx0.75_cy0.25_layoutB;cx0.75_cy0.25_layoutC;cx0.75_cy0.75_layoutA;cx0.75_cy0.75_layoutB;cx0.75_cy0.75_layoutC
error_minus_oracle,false_hotspot,oracle,0.1,0.1,12,12,24,24,cx0.25_cy0.25_layoutA;cx0.25_cy0.25_layoutB;cx0.25_cy0.25_layoutC;cx0.25_cy0.75_layoutA;cx0.25_cy0.75_layoutB;cx0.25_cy0.75_layoutC;cx0.75_cy0.25_layoutA;cx0.75_cy0.25_layoutB;cx0.75_cy0.25_layoutC;cx0.75_cy0.75_layoutA;cx0.75_cy0.75_layoutB;cx0.75_cy0.75_layoutC,True,finite_suite,12,-0.09581027107895095,-0.24207751052313398,0.05279846663323817,8,0,4,cx0.25_cy0.25_layoutA;cx0.25_cy0.25_layoutB;cx0.25_cy0.25_layoutC;cx0.25_cy0.75_layoutA;cx0.25_cy0.75_layoutB;cx0.25_cy0.75_layoutC;cx0.75_cy0.25_layoutA;cx0.75_cy0.25_layoutB;cx0.75_cy0.25_layoutC;cx0.75_cy0.75_layoutA;cx0.75_cy0.75_layoutB;cx0.75_cy0.75_layoutC,12,0.22171777320214128,-0.17058013417732498,1.2050205700769545,8,0,4,cx0.25_cy0.25_layoutA;cx0.25_cy0.25_layoutB;cx0.25_cy0.25_layoutC;cx0.25_cy0.75_layoutA;cx0.25_cy0.75_layoutB;cx0.25_cy0.75_layoutC;cx0.75_cy0.25_layoutA;cx0.75_cy0.25_layoutB;cx0.75_cy0.25_layoutC;cx0.75_cy0.75_layoutA;cx0.75_cy0.75_layoutB;cx0.75_cy0.75_layoutC,12,0.6562499999999999,-0.2250000000000001,1.975,6,0,6,cx0.25_cy0.25_layoutA;cx0.25_cy0.25_layoutB;cx0.25_cy0.25_layoutC;cx0.25_cy0.75_layoutA;cx0.25_cy0.75_layoutB;cx0.25_cy0.75_layoutC;cx0.75_cy0.25_layoutA;cx0.75_cy0.25_layoutB;cx0.75_cy0.25_layoutC;cx0.75_cy0.75_layoutA;cx0.75_cy0.75_layoutB;cx0.75_cy0.75_layoutC,12,-0.016175589167210604,-0.22037760416666657,0.13936031331592685,7,0,5,cx0.25_cy0.25_layoutA;cx0.25_cy0.25_layoutB;cx0.25_cy0.25_layoutC;cx0.25_cy0.75_layoutA;cx0.25_cy0.75_layoutB;cx0.25_cy0.75_layoutC;cx0.75_cy0.25_layoutA;cx0.75_cy0.25_layoutB;cx0.75_cy0.25_layoutC;cx0.75_cy0.75_layoutA;cx0.75_cy0.75_layoutB;cx0.75_cy0.75_layoutC,12,-0.011971909878479533,-0.6440899377572846,0.5136272914296084,7,0,5,cx0.25_cy0.25_layoutA;cx0.25_cy0.25_layoutB;cx0.25_cy0.25_layoutC;cx0.25_cy0.75_layoutA;cx0.25_cy0.75_layoutB;cx0.25_cy0.75_layoutC;cx0.75_cy0.25_layoutA;cx0.75_cy0.25_layoutB;cx0.75_cy0.25_layoutC;cx0.75_cy0.75_layoutA;cx0.75_cy0.75_layoutB;cx0.75_cy0.75_layoutC,12,-0.15833333333333335,-0.7750000000000001,0.6,8,0,4,cx0.25_cy0.25_layoutA;cx0.25_cy0.25_layoutB;cx0.25_cy0.25_layoutC;cx0.25_cy0.75_layoutA;cx0.25_cy0.75_layoutB;cx0.25_cy0.75_layoutC;cx0.75_cy0.25_layoutA;cx0.75_cy0.25_layoutB;cx0.75_cy0.25_layoutC;cx0.75_cy0.75_layoutA;cx0.75_cy0.75_layoutB;cx0.75_cy0.75_layoutC
error_minus_oracle,false_negative_suppression,oracle,0.1,0.1,12,12,24,24,cx0.25_cy0.25_layoutA;cx0.25_cy0.25_layoutB;cx0.25_cy0.25_layoutC;cx0.25_cy0.75_layoutA;cx0.25_cy0.75_layoutB;cx0.25_cy0.75_layoutC;cx0.75_cy0.25_layoutA;cx0.75_cy0.25_layoutB;cx0.75_cy0.25_layoutC;cx0.75_cy0.75_layoutA;cx0.75_cy0.75_layoutB;cx0.75_cy0.75_layoutC,True,finite_suite,12,-0.07151509099702313,-0.17746829670900516,0.0598659687211191,9,0,3,cx0.25_cy0.25_layoutA;cx0.25_cy0.25_layoutB;cx0.25_cy0.25_layoutC;cx0.25_cy0.75_layoutA;cx0.25_cy0.75_layoutB;cx0.25_cy0.75_layoutC;cx0.75_cy0.25_layoutA;cx0.75_cy0.25_layoutB;cx0.75_cy0.25_layoutC;cx0.75_cy0.75_layoutA;cx0.75_cy0.75_layoutB;cx0.75_cy0.75_layoutC,12,-0.12494169126705007,-0.34362081757061114,0.2705517855208679,9,0,3,cx0.25_cy0.25_layoutA;cx0.25_cy0.25_layoutB;cx0.25_cy0.25_layoutC;cx0.25_cy0.75_layoutA;cx0.25_cy0.75_layoutB;cx0.25_cy0.75_layoutC;cx0.75_cy0.25_layoutA;cx0.75_cy0.25_layoutB;cx0.75_cy0.25_layoutC;cx0.75_cy0.75_layoutA;cx0.75_cy0.75_layoutB;cx0.75_cy0.75_layoutC,12,0.1708333333333333,-0.42500000000000016,0.9500000000000002,6,1,5,cx0.25_cy0.25_layoutA;cx0.25_cy0.25_layoutB;cx0.25_cy0.25_layoutC;cx0.25_cy0.75_layoutA;cx0.25_cy0.75_layoutB;cx0.25_cy0.75_layoutC;cx0.75_cy0.25_layoutA;cx0.75_cy0.25_layoutB;cx0.75_cy0.25_layoutC;cx0.75_cy0.75_layoutA;cx0.75_cy0.75_layoutB;cx0.75_cy0.75_layoutC,12,-0.047546725980018856,-0.13838120104438645,0.038124999999999964,9,0,3,cx0.25_cy0.25_layoutA;cx0.25_cy0.25_layoutB;cx0.25_cy0.25_layoutC;cx0.25_cy0.75_layoutA;cx0.25_cy0.75_layoutB;cx0.25_cy0.75_layoutC;cx0.75_cy0.25_layoutA;cx0.75_cy0.25_layoutB;cx0.75_cy0.25_layoutC;cx0.75_cy0.75_layoutA;cx0.75_cy0.75_layoutB;cx0.75_cy0.75_layoutC,12,-0.2117283153482675,-0.7302345199624722,0.06875106130252773,9,0,3,cx0.25_cy0.25_layoutA;cx0.25_cy0.25_layoutB;cx0.25_cy0.25_layoutC;cx0.25_cy0.75_layoutA;cx0.25_cy0.75_layoutB;cx0.25_cy0.75_layoutC;cx0.75_cy0.25_layoutA;cx0.75_cy0.25_layoutB;cx0.75_cy0.25_layoutC;cx0.75_cy0.75_layoutA;cx0.75_cy0.75_layoutB;cx0.75_cy0.75_layoutC,12,-0.31249999999999994,-1.0000000000000002,0.125,9,0,3,cx0.25_cy0.25_layoutA;cx0.25_cy0.25_layoutB;cx0.25_cy0.25_layoutC;cx0.25_cy0.75_layoutA;cx0.25_cy0.75_layoutB;cx0.25_cy0.75_layoutC;cx0.75_cy0.25_layoutA;cx0.75_cy0.25_layoutB;cx0.75_cy0.25_layoutC;cx0.75_cy0.75_layoutA;cx0.75_cy0.75_layoutB;cx0.75_cy0.75_layoutC
family_pair,spatial_shift,diffuse_blur,0.1,0.1,12,10,24,22,cx0.25_cy0.25_layoutA;cx0.25_cy0.25_layoutB;cx0.25_cy0.25_layoutC;cx0.25_cy0.75_layoutA;cx0.75_cy0.25_layoutA;cx0.75_cy0.25_layoutB;cx0.75_cy0.25_layoutC;cx0.75_cy0.75_layoutA;cx0.75_cy0.75_layoutB;cx0.75_cy0.75_layoutC,False,conditional_on_valid_pairs,10,0.0216808331706838,-0.044343004775368344,0.143655577665725,5,0,5,cx0.25_cy0.25_layoutA;cx0.25_cy0.25_layoutB;cx0.25_cy0.25_layoutC;cx0.25_cy0.75_layoutA;cx0.75_cy0.25_layoutA;cx0.75_cy0.25_layoutB;cx0.75_cy0.25_layoutC;cx0.75_cy0.75_layoutA;cx0.75_cy0.75_layoutB;cx0.75_cy0.75_layoutC,10,0.15797919722750933,-0.14842473117482968,0.7676524371319662,4,0,6,cx0.25_cy0.25_layoutA;cx0.25_cy0.25_layoutB;cx0.25_cy0.25_layoutC;cx0.25_cy0.75_layoutA;cx0.75_cy0.25_layoutA;cx0.75_cy0.25_layoutB;cx0.75_cy0.25_layoutC;cx0.75_cy0.75_layoutA;cx0.75_cy0.75_layoutB;cx0.75_cy0.75_layoutC,10,0.19,-0.30000000000000004,1.025,4,0,6,cx0.25_cy0.25_layoutA;cx0.25_cy0.25_layoutB;cx0.25_cy0.25_layoutC;cx0.25_cy0.75_layoutA;cx0.75_cy0.25_layoutA;cx0.75_cy0.25_layoutB;cx0.75_cy0.25_layoutC;cx0.75_cy0.75_layoutA;cx0.75_cy0.75_layoutB;cx0.75_cy0.75_layoutC,10,0.006657511286988674,-0.10704960835509136,0.07750000000000001,4,0,6,cx0.25_cy0.25_layoutA;cx0.25_cy0.25_layoutB;cx0.25_cy0.25_layoutC;cx0.25_cy0.75_layoutA;cx0.75_cy0.25_layoutA;cx0.75_cy0.25_layoutB;cx0.75_cy0.25_layoutC;cx0.75_cy0.75_layoutA;cx0.75_cy0.75_layoutB;cx0.75_cy0.75_layoutC,10,0.10421437024151355,-0.11759824483558523,0.4414944096886966,4,0,6,cx0.25_cy0.25_layoutA;cx0.25_cy0.25_layoutB;cx0.25_cy0.25_layoutC;cx0.25_cy0.75_layoutA;cx0.75_cy0.25_layoutA;cx0.75_cy0.25_layoutB;cx0.75_cy0.25_layoutC;cx0.75_cy0.75_layoutA;cx0.75_cy0.75_layoutB;cx0.75_cy0.75_layoutC,10,0.12500000000000006,-0.47499999999999987,0.5750000000000001,3,0,7,cx0.25_cy0.25_layoutA;cx0.25_cy0.25_layoutB;cx0.25_cy0.25_layoutC;cx0.25_cy0.75_layoutA;cx0.75_cy0.25_layoutA;cx0.75_cy0.25_layoutB;cx0.75_cy0.25_layoutC;cx0.75_cy0.75_layoutA;cx0.75_cy0.75_layoutB;cx0.75_cy0.75_layoutC
family_pair,spatial_shift,false_hotspot,0.1,0.1,12,10,24,22,cx0.25_cy0.25_layoutA;cx0.25_cy0.25_layoutB;cx0.25_cy0.25_layoutC;cx0.25_cy0.75_layoutA;cx0.75_cy0.25_layoutA;cx0.75_cy0.25_layoutB;cx0.75_cy0.25_layoutC;cx0.75_cy0.75_layoutA;cx0.75_cy0.75_layoutB;cx0.75_cy0.75_layoutC,False,conditional_on_valid_pairs,10,0.014050748973387317,-0.042082968080542904,0.13794684176479866,5,0,5,cx0.25_cy0.25_layoutA;cx0.25_cy0.25_layoutB;cx0.25_cy0.25_layoutC;cx0.25_cy0.75_layoutA;cx0.75_cy0.25_layoutA;cx0.75_cy0.25_layoutB;cx0.75_cy0.25_layoutC;cx0.75_cy0.75_layoutA;cx0.75_cy0.75_layoutB;cx0.75_cy0.75_layoutC,10,0.025615252340121873,-0.3614513288843286,0.4569412919962822,3,0,7,cx0.25_cy0.25_layoutA;cx0.25_cy0.25_layoutB;cx0.25_cy0.25_layoutC;cx0.25_cy0.75_layoutA;cx0.75_cy0.25_layoutA;cx0.75_cy0.25_layoutB;cx0.75_cy0.25_layoutC;cx0.75_cy0.75_layoutA;cx0.75_cy0.75_layoutB;cx0.75_cy0.75_layoutC,10,0.042500000000000024,-0.44999999999999996,0.75,3,1,6,cx0.25_cy0.25_layoutA;cx0.25_cy0.25_layoutB;cx0.25_cy0.25_layoutC;cx0.25_cy0.75_layoutA;cx0.75_cy0.25_layoutA;cx0.75_cy0.25_layoutB;cx0.75_cy0.25_layoutC;cx0.75_cy0.75_layoutA;cx0.75_cy0.75_layoutB;cx0.75_cy0.75_layoutC,10,-0.02298250856723238,-0.08854166666666671,0.0665625,6,0,4,cx0.25_cy0.25_layoutA;cx0.25_cy0.25_layoutB;cx0.25_cy0.25_layoutC;cx0.25_cy0.75_layoutA;cx0.75_cy0.25_layoutA;cx0.75_cy0.25_layoutB;cx0.75_cy0.25_layoutC;cx0.75_cy0.75_layoutA;cx0.75_cy0.75_layoutB;cx0.75_cy0.75_layoutC,10,-0.020871063023184956,-0.18806288587664166,0.12370063449422086,5,0,5,cx0.25_cy0.25_layoutA;cx0.25_cy0.25_layoutB;cx0.25_cy0.25_layoutC;cx0.25_cy0.75_layoutA;cx0.75_cy0.25_layoutA;cx0.75_cy0.25_layoutB;cx0.75_cy0.25_layoutC;cx0.75_cy0.75_layoutA;cx0.75_cy0.75_layoutB;cx0.75_cy0.75_layoutC,10,0.09500000000000001,-0.3749999999999999,0.5500000000000002,4,0,6,cx0.25_cy0.25_layoutA;cx0.25_cy0.25_layoutB;cx0.25_cy0.25_layoutC;cx0.25_cy0.75_layoutA;cx0.75_cy0.25_layoutA;cx0.75_cy0.25_layoutB;cx0.75_cy0.25_layoutC;cx0.75_cy0.75_layoutA;cx0.75_cy0.75_layoutB;cx0.75_cy0.75_layoutC
family_pair,spatial_shift,false_negative_suppression,0.1,0.1,12,10,24,22,cx0.25_cy0.25_layoutA;cx0.25_cy0.25_layoutB;cx0.25_cy0.25_layoutC;cx0.25_cy0.75_layoutA;cx0.75_cy0.25_layoutA;cx0.75_cy0.25_layoutB;cx0.75_cy0.25_layoutC;cx0.75_cy0.75_layoutA;cx0.75_cy0.75_layoutB;cx0.75_cy0.75_layoutC,False,conditional_on_valid_pairs,10,-0.013940447007980566,-0.12097714005413152,0.11519416666795618,5,0,5,cx0.25_cy0.25_layoutA;cx0.25_cy0.25_layoutB;cx0.25_cy0.25_layoutC;cx0.25_cy0.75_layoutA;cx0.75_cy0.25_layoutA;cx0.75_cy0.25_layoutB;cx0.75_cy0.25_layoutC;cx0.75_cy0.75_layoutA;cx0.75_cy0.75_layoutB;cx0.75_cy0.75_layoutC,10,0.364045776381406,0.055172607869165835,0.6417992198092669,0,0,10,cx0.25_cy0.25_layoutA;cx0.25_cy0.25_layoutB;cx0.25_cy0.25_layoutC;cx0.25_cy0.75_layoutA;cx0.75_cy0.25_layoutA;cx0.75_cy0.25_layoutB;cx0.75_cy0.25_layoutC;cx0.75_cy0.75_layoutA;cx0.75_cy0.75_layoutB;cx0.75_cy0.75_layoutC,10,0.4700000000000001,-0.024999999999999994,0.9500000000000002,1,1,8,cx0.25_cy0.25_layoutA;cx0.25_cy0.25_layoutB;cx0.25_cy0.25_layoutC;cx0.25_cy0.75_layoutA;cx0.75_cy0.25_layoutA;cx0.75_cy0.25_layoutB;cx0.75_cy0.25_layoutC;cx0.75_cy0.75_layoutA;cx0.75_cy0.75_layoutB;cx0.75_cy0.75_layoutC,10,0.025050964833550904,-0.016927083333333315,0.09049479166666669,1,0,9,cx0.25_cy0.25_layoutA;cx0.25_cy0.25_layoutB;cx0.25_cy0.25_layoutC;cx0.25_cy0.75_layoutA;cx0.75_cy0.25_layoutA;cx0.75_cy0.25_layoutB;cx0.75_cy0.25_layoutC;cx0.75_cy0.75_layoutA;cx0.75_cy0.75_layoutB;cx0.75_cy0.75_layoutC,10,0.2210250500015921,-0.03370205643070834,0.5501718877545354,1,0,9,cx0.25_cy0.25_layoutA;cx0.25_cy0.25_layoutB;cx0.25_cy0.25_layoutC;cx0.25_cy0.75_layoutA;cx0.75_cy0.25_layoutA;cx0.75_cy0.25_layoutB;cx0.75_cy0.25_layoutC;cx0.75_cy0.75_layoutA;cx0.75_cy0.75_layoutB;cx0.75_cy0.75_layoutC,10,0.26999999999999996,0.02499999999999991,0.7,0,0,10,cx0.25_cy0.25_layoutA;cx0.25_cy0.25_layoutB;cx0.25_cy0.25_layoutC;cx0.25_cy0.75_layoutA;cx0.75_cy0.25_layoutA;cx0.75_cy0.25_layoutB;cx0.75_cy0.25_layoutC;cx0.75_cy0.75_layoutA;cx0.75_cy0.75_layoutB;cx0.75_cy0.75_layoutC
family_pair,diffuse_blur,false_hotspot,0.1,0.1,12,12,24,24,cx0.25_cy0.25_layoutA;cx0.25_cy0.25_layoutB;cx0.25_cy0.25_layoutC;cx0.25_cy0.75_layoutA;cx0.25_cy0.75_layoutB;cx0.25_cy0.75_layoutC;cx0.75_cy0.25_layoutA;cx0.75_cy0.25_layoutB;cx0.75_cy0.25_layoutC;cx0.75_cy0.75_layoutA;cx0.75_cy0.75_layoutB;cx0.75_cy0.75_layoutC,True,finite_suite,12,-0.03328428323120465,-0.1830019291221252,0.04957350175815739,7,0,5,cx0.25_cy0.25_layoutA;cx0.25_cy0.25_layoutB;cx0.25_cy0.25_layoutC;cx0.25_cy0.75_layoutA;cx0.25_cy0.75_layoutB;cx0.25_cy0.75_layoutC;cx0.75_cy0.25_layoutA;cx0.75_cy0.25_layoutB;cx0.75_cy0.25_layoutC;cx0.75_cy0.75_layoutA;cx0.75_cy0.75_layoutB;cx0.75_cy0.75_layoutC,12,-0.1764820612297956,-0.5419146831651525,0.12784994705109876,10,0,2,cx0.25_cy0.25_layoutA;cx0.25_cy0.25_layoutB;cx0.25_cy0.25_layoutC;cx0.25_cy0.75_layoutA;cx0.25_cy0.75_layoutB;cx0.25_cy0.75_layoutC;cx0.75_cy0.25_layoutA;cx0.75_cy0.25_layoutB;cx0.75_cy0.25_layoutC;cx0.75_cy0.75_layoutA;cx0.75_cy0.75_layoutB;cx0.75_cy0.75_layoutC,12,-0.21041666666666667,-0.7749999999999999,0.04999999999999999,9,1,2,cx0.25_cy0.25_layoutA;cx0.25_cy0.25_layoutB;cx0.25_cy0.25_layoutC;cx0.25_cy0.75_layoutA;cx0.25_cy0.75_layoutB;cx0.25_cy0.75_layoutC;cx0.75_cy0.25_layoutA;cx0.75_cy0.25_layoutB;cx0.75_cy0.25_layoutC;cx0.75_cy0.75_layoutA;cx0.75_cy0.75_layoutB;cx0.75_cy0.75_layoutC,12,-0.0359461380593632,-0.08387728459530025,0.028394255874673563,11,0,1,cx0.25_cy0.25_layoutA;cx0.25_cy0.25_layoutB;cx0.25_cy0.25_layoutC;cx0.25_cy0.75_layoutA;cx0.25_cy0.75_layoutB;cx0.25_cy0.75_layoutC;cx0.75_cy0.25_layoutA;cx0.75_cy0.25_layoutB;cx0.75_cy0.25_layoutC;cx0.75_cy0.75_layoutA;cx0.75_cy0.75_layoutB;cx0.75_cy0.75_layoutC,12,-0.152092190532527,-0.3410958739618717,0.11423528502407865,11,0,1,cx0.25_cy0.25_layoutA;cx0.25_cy0.25_layoutB;cx0.25_cy0.25_layoutC;cx0.25_cy0.75_layoutA;cx0.25_cy0.75_layoutB;cx0.25_cy0.75_layoutC;cx0.75_cy0.25_layoutA;cx0.75_cy0.25_layoutB;cx0.75_cy0.25_layoutC;cx0.75_cy0.75_layoutA;cx0.75_cy0.75_layoutB;cx0.75_cy0.75_layoutC,12,-0.07500000000000004,-0.32499999999999996,0.15000000000000002,10,0,2,cx0.25_cy0.25_layoutA;cx0.25_cy0.25_layoutB;cx0.25_cy0.25_layoutC;cx0.25_cy0.75_layoutA;cx0.25_cy0.75_layoutB;cx0.25_cy0.75_layoutC;cx0.75_cy0.25_layoutA;cx0.75_cy0.25_layoutB;cx0.75_cy0.25_layoutC;cx0.75_cy0.75_layoutA;cx0.75_cy0.75_layoutB;cx0.75_cy0.75_layoutC
family_pair,diffuse_blur,false_negative_suppression,0.1,0.1,12,12,24,24,cx0.25_cy0.25_layoutA;cx0.25_cy0.25_layoutB;cx0.25_cy0.25_layoutC;cx0.25_cy0.75_layoutA;cx0.25_cy0.75_layoutB;cx0.25_cy0.75_layoutC;cx0.75_cy0.25_layoutA;cx0.75_cy0.25_layoutB;cx0.75_cy0.25_layoutC;cx0.75_cy0.75_layoutA;cx0.75_cy0.75_layoutB;cx0.75_cy0.75_layoutC,True,finite_suite,12,-0.05757946331313244,-0.19369165907256752,0.06996181542217356,6,0,6,cx0.25_cy0.25_layoutA;cx0.25_cy0.25_layoutB;cx0.25_cy0.25_layoutC;cx0.25_cy0.75_layoutA;cx0.25_cy0.75_layoutB;cx0.25_cy0.75_layoutC;cx0.75_cy0.25_layoutA;cx0.75_cy0.25_layoutB;cx0.75_cy0.25_layoutC;cx0.75_cy0.75_layoutA;cx0.75_cy0.75_layoutB;cx0.75_cy0.75_layoutC,12,0.17017740323939579,-0.13845279751705442,0.728855416612981,5,0,7,cx0.25_cy0.25_layoutA;cx0.25_cy0.25_layoutB;cx0.25_cy0.25_layoutC;cx0.25_cy0.75_layoutA;cx0.25_cy0.75_layoutB;cx0.25_cy0.75_layoutC;cx0.75_cy0.25_layoutA;cx0.75_cy0.25_layoutB;cx0.75_cy0.25_layoutC;cx0.75_cy0.75_layoutA;cx0.75_cy0.75_layoutB;cx0.75_cy0.75_layoutC,12,0.2750000000000001,-0.07500000000000007,1.0250000000000004,3,4,5,cx0.25_cy0.25_layoutA;cx0.25_cy0.25_layoutB;cx0.25_cy0.25_layoutC;cx0.25_cy0.75_layoutA;cx0.25_cy0.75_layoutB;cx0.25_cy0.75_layoutC;cx0.75_cy0.25_layoutA;cx0.75_cy0.25_layoutB;cx0.75_cy0.25_layoutC;cx0.75_cy0.75_layoutA;cx0.75_cy0.75_layoutB;cx0.75_cy0.75_layoutC,12,-0.0045750012465549566,-0.1513671874999999,0.12173629242819839,5,0,7,cx0.25_cy0.25_layoutA;cx0.25_cy0.25_layoutB;cx0.25_cy0.25_layoutC;cx0.25_cy0.75_layoutA;cx0.25_cy0.75_layoutB;cx0.25_cy0.75_layoutC;cx0.75_cy0.25_layoutA;cx0.75_cy0.25_layoutB;cx0.75_cy0.25_layoutC;cx0.75_cy0.75_layoutA;cx0.75_cy0.75_layoutB;cx0.75_cy0.75_layoutC,12,0.04766421493726089,-0.48186922022344847,0.3591335004226923,6,0,6,cx0.25_cy0.25_layoutA;cx0.25_cy0.25_layoutB;cx0.25_cy0.25_layoutC;cx0.25_cy0.75_layoutA;cx0.25_cy0.75_layoutB;cx0.25_cy0.75_layoutC;cx0.75_cy0.25_layoutA;cx0.75_cy0.25_layoutB;cx0.75_cy0.25_layoutC;cx0.75_cy0.75_layoutA;cx0.75_cy0.75_layoutB;cx0.75_cy0.75_layoutC,12,0.0791666666666666,-0.40000000000000036,0.575,4,1,7,cx0.25_cy0.25_layoutA;cx0.25_cy0.25_layoutB;cx0.25_cy0.25_layoutC;cx0.25_cy0.75_layoutA;cx0.25_cy0.75_layoutB;cx0.25_cy0.75_layoutC;cx0.75_cy0.25_layoutA;cx0.75_cy0.25_layoutB;cx0.75_cy0.25_layoutC;cx0.75_cy0.75_layoutA;cx0.75_cy0.75_layoutB;cx0.75_cy0.75_layoutC
family_pair,false_hotspot,false_negative_suppression,0.1,0.1,12,12,24,24,cx0.25_cy0.25_layoutA;cx0.25_cy0.25_layoutB;cx0.25_cy0.25_layoutC;cx0.25_cy0.75_layoutA;cx0.25_cy0.75_layoutB;cx0.25_cy0.75_layoutC;cx0.75_cy0.25_layoutA;cx0.75_cy0.25_layoutB;cx0.75_cy0.25_layoutC;cx0.75_cy0.75_layoutA;cx0.75_cy0.75_layoutB;cx0.75_cy0.75_layoutC,True,finite_suite,12,-0.024295180081927787,-0.11577306241637042,0.04195283022374713,6,0,6,cx0.25_cy0.25_layoutA;cx0.25_cy0.25_layoutB;cx0.25_cy0.25_layoutC;cx0.25_cy0.75_layoutA;cx0.25_cy0.75_layoutB;cx0.25_cy0.75_layoutC;cx0.75_cy0.25_layoutA;cx0.75_cy0.25_layoutB;cx0.75_cy0.25_layoutC;cx0.75_cy0.75_layoutA;cx0.75_cy0.75_layoutB;cx0.75_cy0.75_layoutC,12,0.3466594644691914,0.01750500891082013,0.94188201432248,0,0,12,cx0.25_cy0.25_layoutA;cx0.25_cy0.25_layoutB;cx0.25_cy0.25_layoutC;cx0.25_cy0.75_layoutA;cx0.25_cy0.75_layoutB;cx0.25_cy0.75_layoutC;cx0.75_cy0.25_layoutA;cx0.75_cy0.25_layoutB;cx0.75_cy0.25_layoutC;cx0.75_cy0.75_layoutA;cx0.75_cy0.75_layoutB;cx0.75_cy0.75_layoutC,12,0.4854166666666668,-0.04999999999999999,1.3250000000000002,1,2,9,cx0.25_cy0.25_layoutA;cx0.25_cy0.25_layoutB;cx0.25_cy0.25_layoutC;cx0.25_cy0.75_layoutA;cx0.25_cy0.75_layoutB;cx0.25_cy0.75_layoutC;cx0.75_cy0.25_layoutA;cx0.75_cy0.25_layoutB;cx0.75_cy0.25_layoutC;cx0.75_cy0.75_layoutA;cx0.75_cy0.75_layoutB;cx0.75_cy0.75_layoutC,12,0.03137113681280825,-0.08854166666666657,0.118798955613577,5,0,7,cx0.25_cy0.25_layoutA;cx0.25_cy0.25_layoutB;cx0.25_cy0.25_layoutC;cx0.25_cy0.75_layoutA;cx0.25_cy0.75_layoutB;cx0.25_cy0.75_layoutC;cx0.75_cy0.25_layoutA;cx0.75_cy0.25_layoutB;cx0.75_cy0.25_layoutC;cx0.75_cy0.75_layoutA;cx0.75_cy0.75_layoutB;cx0.75_cy0.75_layoutC,12,0.19975640546978798,-0.14077334626157678,0.45074882243312897,1,0,11,cx0.25_cy0.25_layoutA;cx0.25_cy0.25_layoutB;cx0.25_cy0.25_layoutC;cx0.25_cy0.75_layoutA;cx0.25_cy0.75_layoutB;cx0.25_cy0.75_layoutC;cx0.75_cy0.25_layoutA;cx0.75_cy0.25_layoutB;cx0.75_cy0.25_layoutC;cx0.75_cy0.75_layoutA;cx0.75_cy0.75_layoutB;cx0.75_cy0.75_layoutC,12,0.15416666666666665,-0.30000000000000016,0.475,2,0,10,cx0.25_cy0.25_layoutA;cx0.25_cy0.25_layoutB;cx0.25_cy0.25_layoutC;cx0.25_cy0.75_layoutA;cx0.25_cy0.75_layoutB;cx0.25_cy0.75_layoutC;cx0.75_cy0.25_layoutA;cx0.75_cy0.25_layoutB;cx0.75_cy0.25_layoutC;cx0.75_cy0.75_layoutA;cx0.75_cy0.75_layoutB;cx0.75_cy0.75_layoutC
error_minus_oracle,spatial_shift,oracle,0.15,0.1,12,11,24,23,cx0.25_cy0.25_layoutA;cx0.25_cy0.25_layoutB;cx0.25_cy0.75_layoutA;cx0.25_cy0.75_layoutB;cx0.25_cy0.75_layoutC;cx0.75_cy0.25_layoutA;cx0.75_cy0.25_layoutB;cx0.75_cy0.25_layoutC;cx0.75_cy0.75_layoutA;cx0.75_cy0.75_layoutB;cx0.75_cy0.75_layoutC,False,conditional_on_valid_pairs,11,-0.1585528591774774,-0.3857182417613945,0.019883008137027425,9,0,2,cx0.25_cy0.25_layoutA;cx0.25_cy0.25_layoutB;cx0.25_cy0.75_layoutA;cx0.25_cy0.75_layoutB;cx0.25_cy0.75_layoutC;cx0.75_cy0.25_layoutA;cx0.75_cy0.25_layoutB;cx0.75_cy0.25_layoutC;cx0.75_cy0.75_layoutA;cx0.75_cy0.75_layoutB;cx0.75_cy0.75_layoutC,11,0.296284623646645,-0.154711627610031,1.1840613590667117,4,0,7,cx0.25_cy0.25_layoutA;cx0.25_cy0.25_layoutB;cx0.25_cy0.75_layoutA;cx0.25_cy0.75_layoutB;cx0.25_cy0.75_layoutC;cx0.75_cy0.25_layoutA;cx0.75_cy0.25_layoutB;cx0.75_cy0.25_layoutC;cx0.75_cy0.75_layoutA;cx0.75_cy0.75_layoutB;cx0.75_cy0.75_layoutC,11,0.7522727272727273,-0.10000000000000009,1.8250000000000002,3,0,8,cx0.25_cy0.25_layoutA;cx0.25_cy0.25_layoutB;cx0.25_cy0.75_layoutA;cx0.25_cy0.75_layoutB;cx0.25_cy0.75_layoutC;cx0.75_cy0.25_layoutA;cx0.75_cy0.25_layoutB;cx0.75_cy0.25_layoutC;cx0.75_cy0.75_layoutA;cx0.75_cy0.75_layoutB;cx0.75_cy0.75_layoutC,11,-0.047294293704011385,-0.2366536458333333,0.08975195822454304,6,0,5,cx0.25_cy0.25_layoutA;cx0.25_cy0.25_layoutB;cx0.25_cy0.75_layoutA;cx0.25_cy0.75_layoutB;cx0.25_cy0.75_layoutC;cx0.75_cy0.25_layoutA;cx0.75_cy0.25_layoutB;cx0.75_cy0.25_layoutC;cx0.75_cy0.75_layoutA;cx0.75_cy0.75_layoutB;cx0.75_cy0.75_layoutC,11,-0.037859791676674685,-0.6267377419897939,0.45752458793363326,7,0,4,cx0.25_cy0.25_layoutA;cx0.25_cy0.25_layoutB;cx0.25_cy0.75_layoutA;cx0.25_cy0.75_layoutB;cx0.25_cy0.75_layoutC;cx0.75_cy0.25_layoutA;cx0.75_cy0.25_layoutB;cx0.75_cy0.25_layoutC;cx0.75_cy0.75_layoutA;cx0.75_cy0.75_layoutB;cx0.75_cy0.75_layoutC,11,-0.1204545454545455,-0.9500000000000002,0.375,6,0,5,cx0.25_cy0.25_layoutA;cx0.25_cy0.25_layoutB;cx0.25_cy0.75_layoutA;cx0.25_cy0.75_layoutB;cx0.25_cy0.75_layoutC;cx0.75_cy0.25_layoutA;cx0.75_cy0.25_layoutB;cx0.75_cy0.25_layoutC;cx0.75_cy0.75_layoutA;cx0.75_cy0.75_layoutB;cx0.75_cy0.75_layoutC
error_minus_oracle,diffuse_blur,oracle,0.15,0.1,12,12,24,24,cx0.25_cy0.25_layoutA;cx0.25_cy0.25_layoutB;cx0.25_cy0.25_layoutC;cx0.25_cy0.75_layoutA;cx0.25_cy0.75_layoutB;cx0.25_cy0.75_layoutC;cx0.75_cy0.25_layoutA;cx0.75_cy0.25_layoutB;cx0.75_cy0.25_layoutC;cx0.75_cy0.75_layoutA;cx0.75_cy0.75_layoutB;cx0.75_cy0.75_layoutC,True,finite_suite,12,-0.21538886088284367,-0.4771710355070091,0.03164470370272665,10,0,2,cx0.25_cy0.25_layoutA;cx0.25_cy0.25_layoutB;cx0.25_cy0.25_layoutC;cx0.25_cy0.75_layoutA;cx0.25_cy0.75_layoutB;cx0.25_cy0.75_layoutC;cx0.75_cy0.25_layoutA;cx0.75_cy0.25_layoutB;cx0.75_cy0.25_layoutC;cx0.75_cy0.75_layoutA;cx0.75_cy0.75_layoutB;cx0.75_cy0.75_layoutC,12,0.18933658244575458,-0.41301783172572626,1.4317296495665943,8,0,4,cx0.25_cy0.25_layoutA;cx0.25_cy0.25_layoutB;cx0.25_cy0.25_layoutC;cx0.25_cy0.75_layoutA;cx0.25_cy0.75_layoutB;cx0.25_cy0.75_layoutC;cx0.75_cy0.25_layoutA;cx0.75_cy0.25_layoutB;cx0.75_cy0.25_layoutC;cx0.75_cy0.75_layoutA;cx0.75_cy0.75_layoutB;cx0.75_cy0.75_layoutC,12,0.5083333333333334,-0.55,1.8000000000000003,6,0,6,cx0.25_cy0.25_layoutA;cx0.25_cy0.25_layoutB;cx0.25_cy0.25_layoutC;cx0.25_cy0.75_layoutA;cx0.25_cy0.75_layoutB;cx0.25_cy0.75_layoutC;cx0.75_cy0.25_layoutA;cx0.75_cy0.25_layoutB;cx0.75_cy0.25_layoutC;cx0.75_cy0.75_layoutA;cx0.75_cy0.75_layoutB;cx0.75_cy0.75_layoutC,12,-0.05850349941978528,-0.3111979166666666,0.08485639686684071,8,0,4,cx0.25_cy0.25_layoutA;cx0.25_cy0.25_layoutB;cx0.25_cy0.25_layoutC;cx0.25_cy0.75_layoutA;cx0.25_cy0.75_layoutB;cx0.25_cy0.75_layoutC;cx0.75_cy0.25_layoutA;cx0.75_cy0.25_layoutB;cx0.75_cy0.25_layoutC;cx0.75_cy0.75_layoutA;cx0.75_cy0.75_layoutB;cx0.75_cy0.75_layoutC,12,-0.028061441852450575,-0.9711093855270363,0.6366769766093181,7,0,5,cx0.25_cy0.25_layoutA;cx0.25_cy0.25_layoutB;cx0.25_cy0.25_layoutC;cx0.25_cy0.75_layoutA;cx0.25_cy0.75_layoutB;cx0.25_cy0.75_layoutC;cx0.75_cy0.25_layoutA;cx0.75_cy0.25_layoutB;cx0.75_cy0.25_layoutC;cx0.75_cy0.75_layoutA;cx0.75_cy0.75_layoutB;cx0.75_cy0.75_layoutC,12,0.09166666666666663,-1.0500000000000003,1.1,6,0,6,cx0.25_cy0.25_layoutA;cx0.25_cy0.25_layoutB;cx0.25_cy0.25_layoutC;cx0.25_cy0.75_layoutA;cx0.25_cy0.75_layoutB;cx0.25_cy0.75_layoutC;cx0.75_cy0.25_layoutA;cx0.75_cy0.25_layoutB;cx0.75_cy0.25_layoutC;cx0.75_cy0.75_layoutA;cx0.75_cy0.75_layoutB;cx0.75_cy0.75_layoutC
error_minus_oracle,false_hotspot,oracle,0.15,0.1,12,12,24,24,cx0.25_cy0.25_layoutA;cx0.25_cy0.25_layoutB;cx0.25_cy0.25_layoutC;cx0.25_cy0.75_layoutA;cx0.25_cy0.75_layoutB;cx0.25_cy0.75_layoutC;cx0.75_cy0.25_layoutA;cx0.75_cy0.25_layoutB;cx0.75_cy0.25_layoutC;cx0.75_cy0.75_layoutA;cx0.75_cy0.75_layoutB;cx0.75_cy0.75_layoutC,True,finite_suite,12,-0.15660936208459844,-0.2937593563992438,-0.0009061460514615538,12,0,0,cx0.25_cy0.25_layoutA;cx0.25_cy0.25_layoutB;cx0.25_cy0.25_layoutC;cx0.25_cy0.75_layoutA;cx0.25_cy0.75_layoutB;cx0.25_cy0.75_layoutC;cx0.75_cy0.25_layoutA;cx0.75_cy0.25_layoutB;cx0.75_cy0.25_layoutC;cx0.75_cy0.75_layoutA;cx0.75_cy0.75_layoutB;cx0.75_cy0.75_layoutC,12,0.42629519524236487,-0.22033817857850563,1.5320150820246823,3,0,9,cx0.25_cy0.25_layoutA;cx0.25_cy0.25_layoutB;cx0.25_cy0.25_layoutC;cx0.25_cy0.75_layoutA;cx0.25_cy0.75_layoutB;cx0.25_cy0.75_layoutC;cx0.75_cy0.25_layoutA;cx0.75_cy0.25_layoutB;cx0.75_cy0.25_layoutC;cx0.75_cy0.75_layoutA;cx0.75_cy0.75_layoutB;cx0.75_cy0.75_layoutC,12,0.9145833333333332,-0.07499999999999998,2.05,3,0,9,cx0.25_cy0.25_layoutA;cx0.25_cy0.25_layoutB;cx0.25_cy0.25_layoutC;cx0.25_cy0.75_layoutA;cx0.25_cy0.75_layoutB;cx0.25_cy0.75_layoutC;cx0.75_cy0.25_layoutA;cx0.75_cy0.25_layoutB;cx0.75_cy0.25_layoutC;cx0.75_cy0.75_layoutA;cx0.75_cy0.75_layoutB;cx0.75_cy0.75_layoutC,12,-0.01623986890774587,-0.1923828125,0.152088772845953,7,0,5,cx0.25_cy0.25_layoutA;cx0.25_cy0.25_layoutB;cx0.25_cy0.25_layoutC;cx0.25_cy0.75_layoutA;cx0.25_cy0.75_layoutB;cx0.25_cy0.75_layoutC;cx0.75_cy0.25_layoutA;cx0.75_cy0.25_layoutB;cx0.75_cy0.25_layoutC;cx0.75_cy0.75_layoutA;cx0.75_cy0.75_layoutB;cx0.75_cy0.75_layoutC,12,0.008755715703574446,-0.6952982919188082,0.5252884709159854,7,0,5,cx0.25_cy0.25_layoutA;cx0.25_cy0.25_layoutB;cx0.25_cy0.25_layoutC;cx0.25_cy0.75_layoutA;cx0.25_cy0.75_layoutB;cx0.25_cy0.75_layoutC;cx0.75_cy0.25_layoutA;cx0.75_cy0.25_layoutB;cx0.75_cy0.25_layoutC;cx0.75_cy0.75_layoutA;cx0.75_cy0.75_layoutB;cx0.75_cy0.75_layoutC,12,-0.06249999999999999,-1.0,0.6499999999999999,7,0,5,cx0.25_cy0.25_layoutA;cx0.25_cy0.25_layoutB;cx0.25_cy0.25_layoutC;cx0.25_cy0.75_layoutA;cx0.25_cy0.75_layoutB;cx0.25_cy0.75_layoutC;cx0.75_cy0.25_layoutA;cx0.75_cy0.25_layoutB;cx0.75_cy0.25_layoutC;cx0.75_cy0.75_layoutA;cx0.75_cy0.75_layoutB;cx0.75_cy0.75_layoutC
error_minus_oracle,false_negative_suppression,oracle,0.15,0.1,12,11,24,23,cx0.25_cy0.25_layoutA;cx0.25_cy0.25_layoutB;cx0.25_cy0.25_layoutC;cx0.25_cy0.75_layoutA;cx0.25_cy0.75_layoutB;cx0.75_cy0.25_layoutA;cx0.75_cy0.25_layoutB;cx0.75_cy0.25_layoutC;cx0.75_cy0.75_layoutA;cx0.75_cy0.75_layoutB;cx0.75_cy0.75_layoutC,False,conditional_on_valid_pairs,11,-0.07804374803392053,-0.14941274235803165,0.03320231834465792,9,0,2,cx0.25_cy0.25_layoutA;cx0.25_cy0.25_layoutB;cx0.25_cy0.25_layoutC;cx0.25_cy0.75_layoutA;cx0.25_cy0.75_layoutB;cx0.75_cy0.25_layoutA;cx0.75_cy0.25_layoutB;cx0.75_cy0.25_layoutC;cx0.75_cy0.75_layoutA;cx0.75_cy0.75_layoutB;cx0.75_cy0.75_layoutC,11,-0.11167942756799043,-0.33398047042638757,0.27047979152398693,8,0,3,cx0.25_cy0.25_layoutA;cx0.25_cy0.25_layoutB;cx0.25_cy0.25_layoutC;cx0.25_cy0.75_layoutA;cx0.25_cy0.75_layoutB;cx0.75_cy0.25_layoutA;cx0.75_cy0.25_layoutB;cx0.75_cy0.25_layoutC;cx0.75_cy0.75_layoutA;cx0.75_cy0.75_layoutB;cx0.75_cy0.75_layoutC,11,0.14999999999999997,-0.42500000000000016,0.925,7,0,4,cx0.25_cy0.25_layoutA;cx0.25_cy0.25_layoutB;cx0.25_cy0.25_layoutC;cx0.25_cy0.75_layoutA;cx0.25_cy0.75_layoutB;cx0.75_cy0.25_layoutA;cx0.75_cy0.25_layoutB;cx0.75_cy0.25_layoutC;cx0.75_cy0.75_layoutA;cx0.75_cy0.75_layoutB;cx0.75_cy0.75_layoutC,11,-0.041108362508901,-0.14033942558746737,0.03562499999999999,8,0,3,cx0.25_cy0.25_layoutA;cx0.25_cy0.25_layoutB;cx0.25_cy0.25_layoutC;cx0.25_cy0.75_layoutA;cx0.25_cy0.75_layoutB;cx0.75_cy0.25_layoutA;cx0.75_cy0.25_layoutB;cx0.75_cy0.25_layoutC;cx0.75_cy0.75_layoutA;cx0.75_cy0.75_layoutB;cx0.75_cy0.75_layoutC,11,-0.20823550512504332,-0.7212299760043421,0.04460908616930492,8,0,3,cx0.25_cy0.25_layoutA;cx0.25_cy0.25_layoutB;cx0.25_cy0.25_layoutC;cx0.25_cy0.75_layoutA;cx0.25_cy0.75_layoutB;cx0.75_cy0.25_layoutA;cx0.75_cy0.25_layoutB;cx0.75_cy0.25_layoutC;cx0.75_cy0.75_layoutA;cx0.75_cy0.75_layoutB;cx0.75_cy0.75_layoutC,11,-0.3295454545454546,-1.0250000000000004,0.15000000000000002,8,0,3,cx0.25_cy0.25_layoutA;cx0.25_cy0.25_layoutB;cx0.25_cy0.25_layoutC;cx0.25_cy0.75_layoutA;cx0.25_cy0.75_layoutB;cx0.75_cy0.25_layoutA;cx0.75_cy0.25_layoutB;cx0.75_cy0.25_layoutC;cx0.75_cy0.75_layoutA;cx0.75_cy0.75_layoutB;cx0.75_cy0.75_layoutC
family_pair,spatial_shift,diffuse_blur,0.15,0.1,12,11,24,23,cx0.25_cy0.25_layoutA;cx0.25_cy0.25_layoutB;cx0.25_cy0.75_layoutA;cx0.25_cy0.75_layoutB;cx0.25_cy0.75_layoutC;cx0.75_cy0.25_layoutA;cx0.75_cy0.25_layoutB;cx0.75_cy0.25_layoutC;cx0.75_cy0.75_layoutA;cx0.75_cy0.75_layoutB;cx0.75_cy0.75_layoutC,False,conditional_on_valid_pairs,11,0.060747710326226674,-0.04335624128994092,0.252941058072303,3,0,8,cx0.25_cy0.25_layoutA;cx0.25_cy0.25_layoutB;cx0.25_cy0.75_layoutA;cx0.25_cy0.75_layoutB;cx0.25_cy0.75_layoutC;cx0.75_cy0.25_layoutA;cx0.75_cy0.25_layoutB;cx0.75_cy0.25_layoutC;cx0.75_cy0.75_layoutA;cx0.75_cy0.75_layoutB;cx0.75_cy0.75_layoutC,11,0.06308644908114971,-0.3990546127677689,0.6228137067812121,5,0,6,cx0.25_cy0.25_layoutA;cx0.25_cy0.25_layoutB;cx0.25_cy0.75_layoutA;cx0.25_cy0.75_layoutB;cx0.25_cy0.75_layoutC;cx0.75_cy0.25_layoutA;cx0.75_cy0.25_layoutB;cx0.75_cy0.25_layoutC;cx0.75_cy0.75_layoutA;cx0.75_cy0.75_layoutB;cx0.75_cy0.75_layoutC,11,0.18863636363636357,-0.4750000000000001,0.875,3,0,8,cx0.25_cy0.25_layoutA;cx0.25_cy0.25_layoutB;cx0.25_cy0.75_layoutA;cx0.25_cy0.75_layoutB;cx0.25_cy0.75_layoutC;cx0.75_cy0.25_layoutA;cx0.75_cy0.25_layoutB;cx0.75_cy0.25_layoutC;cx0.75_cy0.75_layoutA;cx0.75_cy0.75_layoutB;cx0.75_cy0.75_layoutC,11,0.008241720814542275,-0.05809399477806784,0.07454427083333329,4,0,7,cx0.25_cy0.25_layoutA;cx0.25_cy0.25_layoutB;cx0.25_cy0.75_layoutA;cx0.25_cy0.75_layoutB;cx0.25_cy0.75_layoutC;cx0.75_cy0.25_layoutA;cx0.75_cy0.25_layoutB;cx0.75_cy0.25_layoutC;cx0.75_cy0.75_layoutA;cx0.75_cy0.75_layoutB;cx0.75_cy0.75_layoutC,11,-0.012829028948373254,-0.3004857139976046,0.34437164353724237,7,0,4,cx0.25_cy0.25_layoutA;cx0.25_cy0.25_layoutB;cx0.25_cy0.75_layoutA;cx0.25_cy0.75_layoutB;cx0.25_cy0.75_layoutC;cx0.75_cy0.25_layoutA;cx0.75_cy0.25_layoutB;cx0.75_cy0.25_layoutC;cx0.75_cy0.75_layoutA;cx0.75_cy0.75_layoutB;cx0.75_cy0.75_layoutC,11,-0.2340909090909091,-0.9500000000000001,0.5249999999999999,7,0,4,cx0.25_cy0.25_layoutA;cx0.25_cy0.25_layoutB;cx0.25_cy0.75_layoutA;cx0.25_cy0.75_layoutB;cx0.25_cy0.75_layoutC;cx0.75_cy0.25_layoutA;cx0.75_cy0.25_layoutB;cx0.75_cy0.25_layoutC;cx0.75_cy0.75_layoutA;cx0.75_cy0.75_layoutB;cx0.75_cy0.75_layoutC
family_pair,spatial_shift,false_hotspot,0.15,0.1,12,11,24,23,cx0.25_cy0.25_layoutA;cx0.25_cy0.25_layoutB;cx0.25_cy0.75_layoutA;cx0.25_cy0.75_layoutB;cx0.25_cy0.75_layoutC;cx0.75_cy0.25_layoutA;cx0.75_cy0.25_layoutB;cx0.75_cy0.25_layoutC;cx0.75_cy0.75_layoutA;cx0.75_cy0.75_layoutB;cx0.75_cy0.75_layoutC,False,conditional_on_valid_pairs,11,0.0018544380758416196,-0.11277211812417604,0.2252435092083338,5,0,6,cx0.25_cy0.25_layoutA;cx0.25_cy0.25_layoutB;cx0.25_cy0.75_layoutA;cx0.25_cy0.75_layoutB;cx0.25_cy0.75_layoutC;cx0.75_cy0.25_layoutA;cx0.75_cy0.25_layoutB;cx0.75_cy0.25_layoutC;cx0.75_cy0.75_layoutA;cx0.75_cy0.75_layoutB;cx0.75_cy0.75_layoutC,11,-0.18586731153338656,-0.6441341765937663,0.17882124436207192,7,0,4,cx0.25_cy0.25_layoutA;cx0.25_cy0.25_layoutB;cx0.25_cy0.75_layoutA;cx0.25_cy0.75_layoutB;cx0.25_cy0.75_layoutC;cx0.75_cy0.25_layoutA;cx0.75_cy0.25_layoutB;cx0.75_cy0.25_layoutC;cx0.75_cy0.75_layoutA;cx0.75_cy0.75_layoutB;cx0.75_cy0.75_layoutC,11,-0.2522727272727272,-1.3,0.2250000000000001,7,1,3,cx0.25_cy0.25_layoutA;cx0.25_cy0.25_layoutB;cx0.25_cy0.75_layoutA;cx0.25_cy0.75_layoutB;cx0.25_cy0.75_layoutC;cx0.75_cy0.25_layoutA;cx0.75_cy0.25_layoutB;cx0.75_cy0.25_layoutC;cx0.75_cy0.75_layoutA;cx0.75_cy0.75_layoutB;cx0.75_cy0.75_layoutC,11,-0.03422414315313711,-0.09440104166666663,0.08624999999999997,10,0,1,cx0.25_cy0.25_layoutA;cx0.25_cy0.25_layoutB;cx0.25_cy0.75_layoutA;cx0.25_cy0.75_layoutB;cx0.25_cy0.75_layoutC;cx0.75_cy0.25_layoutA;cx0.75_cy0.25_layoutB;cx0.75_cy0.25_layoutC;cx0.75_cy0.75_layoutA;cx0.75_cy0.75_layoutB;cx0.75_cy0.75_layoutC,11,-0.025384441359995888,-0.15394061827225414,0.09322053469755875,6,0,5,cx0.25_cy0.25_layoutA;cx0.25_cy0.25_layoutB;cx0.25_cy0.75_layoutA;cx0.25_cy0.75_layoutB;cx0.25_cy0.75_layoutC;cx0.75_cy0.25_layoutA;cx0.75_cy0.25_layoutB;cx0.75_cy0.25_layoutC;cx0.75_cy0.75_layoutA;cx0.75_cy0.75_layoutB;cx0.75_cy0.75_layoutC,11,-0.06818181818181818,-0.3999999999999999,0.6750000000000002,7,0,4,cx0.25_cy0.25_layoutA;cx0.25_cy0.25_layoutB;cx0.25_cy0.75_layoutA;cx0.25_cy0.75_layoutB;cx0.25_cy0.75_layoutC;cx0.75_cy0.25_layoutA;cx0.75_cy0.25_layoutB;cx0.75_cy0.25_layoutC;cx0.75_cy0.75_layoutA;cx0.75_cy0.75_layoutB;cx0.75_cy0.75_layoutC
family_pair,spatial_shift,false_negative_suppression,0.15,0.1,12,10,24,22,cx0.25_cy0.25_layoutA;cx0.25_cy0.25_layoutB;cx0.25_cy0.75_layoutA;cx0.25_cy0.75_layoutB;cx0.75_cy0.25_layoutA;cx0.75_cy0.25_layoutB;cx0.75_cy0.25_layoutC;cx0.75_cy0.75_layoutA;cx0.75_cy0.75_layoutB;cx0.75_cy0.75_layoutC,False,conditional_on_valid_pairs,10,-0.07634799777327002,-0.2557215010890302,0.06749929658628517,6,0,4,cx0.25_cy0.25_layoutA;cx0.25_cy0.25_layoutB;cx0.25_cy0.75_layoutA;cx0.25_cy0.75_layoutB;cx0.75_cy0.25_layoutA;cx0.75_cy0.25_layoutB;cx0.75_cy0.25_layoutC;cx0.75_cy0.75_layoutA;cx0.75_cy0.75_layoutB;cx0.75_cy0.75_layoutC,10,0.42385606766119627,0.06385168519239509,0.9135815675427248,0,0,10,cx0.25_cy0.25_layoutA;cx0.25_cy0.25_layoutB;cx0.25_cy0.75_layoutA;cx0.25_cy0.75_layoutB;cx0.75_cy0.25_layoutA;cx0.75_cy0.25_layoutB;cx0.75_cy0.25_layoutC;cx0.75_cy0.75_layoutA;cx0.75_cy0.75_layoutB;cx0.75_cy0.75_layoutC,10,0.4800000000000001,-0.25,1.125,1,1,8,cx0.25_cy0.25_layoutA;cx0.25_cy0.25_layoutB;cx0.25_cy0.75_layoutA;cx0.25_cy0.75_layoutB;cx0.75_cy0.25_layoutA;cx0.75_cy0.25_layoutB;cx0.75_cy0.25_layoutC;cx0.75_cy0.75_layoutA;cx0.75_cy0.75_layoutB;cx0.75_cy0.75_layoutC,10,0.00559781943537857,-0.07082245430809397,0.06781249999999994,4,0,6,cx0.25_cy0.25_layoutA;cx0.25_cy0.25_layoutB;cx0.25_cy0.75_layoutA;cx0.25_cy0.75_layoutB;cx0.75_cy0.25_layoutA;cx0.75_cy0.25_layoutB;cx0.75_cy0.25_layoutC;cx0.75_cy0.75_layoutA;cx0.75_cy0.75_layoutB;cx0.75_cy0.75_layoutC,10,0.22182890624390814,-0.07428368100570337,0.4935776707036865,1,0,9,cx0.25_cy0.25_layoutA;cx0.25_cy0.25_layoutB;cx0.25_cy0.75_layoutA;cx0.25_cy0.75_layoutB;cx0.75_cy0.25_layoutA;cx0.75_cy0.25_layoutB;cx0.75_cy0.25_layoutC;cx0.75_cy0.75_layoutA;cx0.75_cy0.75_layoutB;cx0.75_cy0.75_layoutC,10,0.27,-0.07499999999999984,0.7499999999999999,1,0,9,cx0.25_cy0.25_layoutA;cx0.25_cy0.25_layoutB;cx0.25_cy0.75_layoutA;cx0.25_cy0.75_layoutB;cx0.75_cy0.25_layoutA;cx0.75_cy0.25_layoutB;cx0.75_cy0.25_layoutC;cx0.75_cy0.75_layoutA;cx0.75_cy0.75_layoutB;cx0.75_cy0.75_layoutC
family_pair,diffuse_blur,false_hotspot,0.15,0.1,12,12,24,24,cx0.25_cy0.25_layoutA;cx0.25_cy0.25_layoutB;cx0.25_cy0.25_layoutC;cx0.25_cy0.75_layoutA;cx0.25_cy0.75_layoutB;cx0.25_cy0.75_layoutC;cx0.75_cy0.25_layoutA;cx0.75_cy0.25_layoutB;cx0.75_cy0.25_layoutC;cx0.75_cy0.75_layoutA;cx0.75_cy0.75_layoutB;cx0.75_cy0.75_layoutC,True,finite_suite,12,-0.05877949879824529,-0.23874181208881518,0.13249994655783814,7,0,5,cx0.25_cy0.25_layoutA;cx0.25_cy0.25_layoutB;cx0.25_cy0.25_layoutC;cx0.25_cy0.75_layoutA;cx0.25_cy0.75_layoutB;cx0.25_cy0.75_layoutC;cx0.75_cy0.25_layoutA;cx0.75_cy0.25_layoutB;cx0.75_cy0.25_layoutC;cx0.75_cy0.75_layoutA;cx0.75_cy0.75_layoutB;cx0.75_cy0.75_layoutC,12,-0.23695861279661026,-0.8245341552140282,0.08829429406241768,9,0,3,cx0.25_cy0.25_layoutA;cx0.25_cy0.25_layoutB;cx0.25_cy0.25_layoutC;cx0.25_cy0.75_layoutA;cx0.25_cy0.75_layoutB;cx0.25_cy0.75_layoutC;cx0.75_cy0.25_layoutA;cx0.75_cy0.25_layoutB;cx0.75_cy0.25_layoutC;cx0.75_cy0.75_layoutA;cx0.75_cy0.75_layoutB;cx0.75_cy0.75_layoutC,12,-0.40624999999999983,-1.025,0.0,11,1,0,cx0.25_cy0.25_layoutA;cx0.25_cy0.25_layoutB;cx0.25_cy0.25_layoutC;cx0.25_cy0.75_layoutA;cx0.25_cy0.75_layoutB;cx0.25_cy0.75_layoutC;cx0.75_cy0.25_layoutA;cx0.75_cy0.25_layoutB;cx0.75_cy0.25_layoutC;cx0.75_cy0.75_layoutA;cx0.75_cy0.75_layoutB;cx0.75_cy0.75_layoutC,12,-0.04226363051203944,-0.11881510416666657,0.025625000000000037,11,0,1,cx0.25_cy0.25_layoutA;cx0.25_cy0.25_layoutB;cx0.25_cy0.25_layoutC;cx0.25_cy0.75_layoutA;cx0.25_cy0.75_layoutB;cx0.25_cy0.75_layoutC;cx0.75_cy0.25_layoutA;cx0.75_cy0.25_layoutB;cx0.75_cy0.25_layoutC;cx0.75_cy0.75_layoutA;cx0.75_cy0.75_layoutB;cx0.75_cy0.75_layoutC,12,-0.03681715755602502,-0.3786834904226204,0.1836121029973724,4,0,8,cx0.25_cy0.25_layoutA;cx0.25_cy0.25_layoutB;cx0.25_cy0.25_layoutC;cx0.25_cy0.75_layoutA;cx0.25_cy0.75_layoutB;cx0.25_cy0.75_layoutC;cx0.75_cy0.25_layoutA;cx0.75_cy0.25_layoutB;cx0.75_cy0.25_layoutC;cx0.75_cy0.75_layoutA;cx0.75_cy0.75_layoutB;cx0.75_cy0.75_layoutC,12,0.15416666666666667,-0.8000000000000003,0.65,2,0,10,cx0.25_cy0.25_layoutA;cx0.25_cy0.25_layoutB;cx0.25_cy0.25_layoutC;cx0.25_cy0.75_layoutA;cx0.25_cy0.75_layoutB;cx0.25_cy0.75_layoutC;cx0.75_cy0.25_layoutA;cx0.75_cy0.25_layoutB;cx0.75_cy0.25_layoutC;cx0.75_cy0.75_layoutA;cx0.75_cy0.75_layoutB;cx0.75_cy0.75_layoutC
family_pair,diffuse_blur,false_negative_suppression,0.15,0.1,12,11,24,23,cx0.25_cy0.25_layoutA;cx0.25_cy0.25_layoutB;cx0.25_cy0.25_layoutC;cx0.25_cy0.75_layoutA;cx0.25_cy0.75_layoutB;cx0.75_cy0.25_layoutA;cx0.75_cy0.25_layoutB;cx0.75_cy0.25_layoutC;cx0.75_cy0.75_layoutA;cx0.75_cy0.75_layoutB;cx0.75_cy0.75_layoutC,False,conditional_on_valid_pairs,11,-0.11354673333763542,-0.3278626319075281,0.031989976558697564,7,0,4,cx0.25_cy0.25_layoutA;cx0.25_cy0.25_layoutB;cx0.25_cy0.25_layoutC;cx0.25_cy0.75_layoutA;cx0.25_cy0.75_layoutB;cx0.75_cy0.25_layoutA;cx0.75_cy0.25_layoutB;cx0.75_cy0.25_layoutC;cx0.75_cy0.75_layoutA;cx0.75_cy0.75_layoutB;cx0.75_cy0.75_layoutC,11,0.3355336440049102,-0.09041337018086892,1.1612498580426074,5,0,6,cx0.25_cy0.25_layoutA;cx0.25_cy0.25_layoutB;cx0.25_cy0.25_layoutC;cx0.25_cy0.75_layoutA;cx0.25_cy0.75_layoutB;cx0.75_cy0.25_layoutA;cx0.75_cy0.25_layoutB;cx0.75_cy0.25_layoutC;cx0.75_cy0.75_layoutA;cx0.75_cy0.75_layoutB;cx0.75_cy0.75_layoutC,11,0.2863636363636365,-0.1499999999999999,1.1,5,1,5,cx0.25_cy0.25_layoutA;cx0.25_cy0.25_layoutB;cx0.25_cy0.25_layoutC;cx0.25_cy0.75_layoutA;cx0.25_cy0.75_layoutB;cx0.75_cy0.25_layoutA;cx0.75_cy0.25_layoutB;cx0.75_cy0.25_layoutC;cx0.75_cy0.75_layoutA;cx0.75_cy0.75_layoutB;cx0.75_cy0.75_layoutC,11,0.005577082838832179,-0.10182767624020883,0.06919060052219317,4,0,7,cx0.25_cy0.25_layoutA;cx0.25_cy0.25_layoutB;cx0.25_cy0.25_layoutC;cx0.25_cy0.75_layoutA;cx0.25_cy0.75_layoutB;cx0.75_cy0.25_layoutA;cx0.75_cy0.25_layoutB;cx0.75_cy0.25_layoutC;cx0.75_cy0.75_layoutA;cx0.75_cy0.75_layoutB;cx0.75_cy0.75_layoutC,11,0.2659056945157369,-0.11599786981466376,0.6088880414065898,1,0,10,cx0.25_cy0.25_layoutA;cx0.25_cy0.25_layoutB;cx0.25_cy0.25_layoutC;cx0.25_cy0.75_layoutA;cx0.25_cy0.75_layoutB;cx0.75_cy0.25_layoutA;cx0.75_cy0.25_layoutB;cx0.75_cy0.25_layoutC;cx0.75_cy0.75_layoutA;cx0.75_cy0.75_layoutB;cx0.75_cy0.75_layoutC,11,0.506818181818182,-0.025000000000000022,1.0250000000000001,1,0,10,cx0.25_cy0.25_layoutA;cx0.25_cy0.25_layoutB;cx0.25_cy0.25_layoutC;cx0.25_cy0.75_layoutA;cx0.25_cy0.75_layoutB;cx0.75_cy0.25_layoutA;cx0.75_cy0.25_layoutB;cx0.75_cy0.25_layoutC;cx0.75_cy0.75_layoutA;cx0.75_cy0.75_layoutB;cx0.75_cy0.75_layoutC
family_pair,false_hotspot,false_negative_suppression,0.15,0.1,12,11,24,23,cx0.25_cy0.25_layoutA;cx0.25_cy0.25_layoutB;cx0.25_cy0.25_layoutC;cx0.25_cy0.75_layoutA;cx0.25_cy0.75_layoutB;cx0.75_cy0.25_layoutA;cx0.75_cy0.25_layoutB;cx0.75_cy0.25_layoutC;cx0.75_cy0.75_layoutA;cx0.75_cy0.75_layoutB;cx0.75_cy0.75_layoutC,False,conditional_on_valid_pairs,11,-0.07112744483853285,-0.158275411379458,0.007786259573558829,9,0,2,cx0.25_cy0.25_layoutA;cx0.25_cy0.25_layoutB;cx0.25_cy0.25_layoutC;cx0.25_cy0.75_layoutA;cx0.25_cy0.75_layoutB;cx0.75_cy0.25_layoutA;cx0.75_cy0.25_layoutB;cx0.75_cy0.25_layoutC;cx0.75_cy0.75_layoutA;cx0.75_cy0.75_layoutB;cx0.75_cy0.75_layoutC,11,0.5446598672173364,-0.0017748657760795483,1.3409853923275308,1,0,10,cx0.25_cy0.25_layoutA;cx0.25_cy0.25_layoutB;cx0.25_cy0.25_layoutC;cx0.25_cy0.75_layoutA;cx0.25_cy0.75_layoutB;cx0.75_cy0.25_layoutA;cx0.75_cy0.25_layoutB;cx0.75_cy0.25_layoutC;cx0.75_cy0.75_layoutA;cx0.75_cy0.75_layoutB;cx0.75_cy0.75_layoutC,11,0.6772727272727272,-0.024999999999999994,1.3,2,0,9,cx0.25_cy0.25_layoutA;cx0.25_cy0.25_layoutB;cx0.25_cy0.25_layoutC;cx0.25_cy0.75_layoutA;cx0.25_cy0.75_layoutB;cx0.75_cy0.25_layoutA;cx0.75_cy0.25_layoutB;cx0.75_cy0.25_layoutC;cx0.75_cy0.75_layoutA;cx0.75_cy0.75_layoutB;cx0.75_cy0.75_layoutC,11,0.04088148847317825,-0.051566579634464704,0.1298955613577024,2,0,9,cx0.25_cy0.25_layoutA;cx0.25_cy0.25_layoutB;cx0.25_cy0.25_layoutC;cx0.25_cy0.75_layoutA;cx0.25_cy0.75_layoutB;cx0.75_cy0.25_layoutA;cx0.75_cy0.25_layoutB;cx0.75_cy0.25_layoutC;cx0.75_cy0.75_layoutA;cx0.75_cy0.75_layoutB;cx0.75_cy0.75_layoutC,11,0.28099613061247075,0.026847941153183674,0.524878969409128,0,0,11,cx0.25_cy0.25_layoutA;cx0.25_cy0.25_layoutB;cx0.25_cy0.25_layoutC;cx0.25_cy0.75_layoutA;cx0.25_cy0.75_layoutB;cx0.75_cy0.25_layoutA;cx0.75_cy0.25_layoutB;cx0.75_cy0.25_layoutC;cx0.75_cy0.75_layoutA;cx0.75_cy0.75_layoutB;cx0.75_cy0.75_layoutC,11,0.3363636363636365,-0.35,0.7750000000000002,1,0,10,cx0.25_cy0.25_layoutA;cx0.25_cy0.25_layoutB;cx0.25_cy0.25_layoutC;cx0.25_cy0.75_layoutA;cx0.25_cy0.75_layoutB;cx0.75_cy0.25_layoutA;cx0.75_cy0.25_layoutB;cx0.75_cy0.25_layoutC;cx0.75_cy0.75_layoutA;cx0.75_cy0.75_layoutB;cx0.75_cy0.75_layoutC
baseline_minus_oracle,uniform_prior_baseline,oracle,,0.05,12,12,12,12,cx0.25_cy0.25_layoutA;cx0.25_cy0.25_layoutB;cx0.25_cy0.25_layoutC;cx0.25_cy0.75_layoutA;cx0.25_cy0.75_layoutB;cx0.25_cy0.75_layoutC;cx0.75_cy0.25_layoutA;cx0.75_cy0.25_layoutB;cx0.75_cy0.25_layoutC;cx0.75_cy0.75_layoutA;cx0.75_cy0.75_layoutB;cx0.75_cy0.75_layoutC,True,finite_suite,12,-0.2512246590578982,-0.485603240134528,0.004235421755868329,11,0,1,cx0.25_cy0.25_layoutA;cx0.25_cy0.25_layoutB;cx0.25_cy0.25_layoutC;cx0.25_cy0.75_layoutA;cx0.25_cy0.75_layoutB;cx0.25_cy0.75_layoutC;cx0.75_cy0.25_layoutA;cx0.75_cy0.25_layoutB;cx0.75_cy0.25_layoutC;cx0.75_cy0.75_layoutA;cx0.75_cy0.75_layoutB;cx0.75_cy0.75_layoutC,12,0.20422324996590105,-1.2313988281947739,1.5669202218704341,6,0,6,cx0.25_cy0.25_layoutA;cx0.25_cy0.25_layoutB;cx0.25_cy0.25_layoutC;cx0.25_cy0.75_layoutA;cx0.25_cy0.75_layoutB;cx0.25_cy0.75_layoutC;cx0.75_cy0.25_layoutA;cx0.75_cy0.25_layoutB;cx0.75_cy0.25_layoutC;cx0.75_cy0.75_layoutA;cx0.75_cy0.75_layoutB;cx0.75_cy0.75_layoutC,12,0.7875000000000001,-0.8,2.3500000000000005,6,0,6,cx0.25_cy0.25_layoutA;cx0.25_cy0.25_layoutB;cx0.25_cy0.25_layoutC;cx0.25_cy0.75_layoutA;cx0.25_cy0.75_layoutB;cx0.25_cy0.75_layoutC;cx0.75_cy0.25_layoutA;cx0.75_cy0.25_layoutB;cx0.75_cy0.25_layoutC;cx0.75_cy0.75_layoutA;cx0.75_cy0.75_layoutB;cx0.75_cy0.75_layoutC,12,-0.03679039291412824,-0.29492187499999994,0.1272845953002611,6,0,6,cx0.25_cy0.25_layoutA;cx0.25_cy0.25_layoutB;cx0.25_cy0.25_layoutC;cx0.25_cy0.75_layoutA;cx0.25_cy0.75_layoutB;cx0.25_cy0.75_layoutC;cx0.75_cy0.25_layoutA;cx0.75_cy0.25_layoutB;cx0.75_cy0.25_layoutC;cx0.75_cy0.75_layoutA;cx0.75_cy0.75_layoutB;cx0.75_cy0.75_layoutC,12,-0.27755022059366286,-2.4866157412768275,0.7704065590992157,8,0,4,cx0.25_cy0.25_layoutA;cx0.25_cy0.25_layoutB;cx0.25_cy0.25_layoutC;cx0.25_cy0.75_layoutA;cx0.25_cy0.75_layoutB;cx0.25_cy0.75_layoutC;cx0.75_cy0.25_layoutA;cx0.75_cy0.25_layoutB;cx0.75_cy0.25_layoutC;cx0.75_cy0.75_layoutA;cx0.75_cy0.75_layoutB;cx0.75_cy0.75_layoutC,12,0.14583333333333343,-2.65,1.6,5,0,7,cx0.25_cy0.25_layoutA;cx0.25_cy0.25_layoutB;cx0.25_cy0.25_layoutC;cx0.25_cy0.75_layoutA;cx0.25_cy0.75_layoutB;cx0.25_cy0.75_layoutC;cx0.75_cy0.25_layoutA;cx0.75_cy0.25_layoutB;cx0.75_cy0.25_layoutC;cx0.75_cy0.75_layoutA;cx0.75_cy0.75_layoutB;cx0.75_cy0.75_layoutC
error_minus_oracle,spatial_shift,oracle,0.05,0.05,12,12,24,24,cx0.25_cy0.25_layoutA;cx0.25_cy0.25_layoutB;cx0.25_cy0.25_layoutC;cx0.25_cy0.75_layoutA;cx0.25_cy0.75_layoutB;cx0.25_cy0.75_layoutC;cx0.75_cy0.25_layoutA;cx0.75_cy0.25_layoutB;cx0.75_cy0.25_layoutC;cx0.75_cy0.75_layoutA;cx0.75_cy0.75_layoutB;cx0.75_cy0.75_layoutC,True,finite_suite,12,-0.024200132101978283,-0.07835698345969377,0.03986732061207049,9,0,3,cx0.25_cy0.25_layoutA;cx0.25_cy0.25_layoutB;cx0.25_cy0.25_layoutC;cx0.25_cy0.75_layoutA;cx0.25_cy0.75_layoutB;cx0.25_cy0.75_layoutC;cx0.75_cy0.25_layoutA;cx0.75_cy0.25_layoutB;cx0.75_cy0.25_layoutC;cx0.75_cy0.75_layoutA;cx0.75_cy0.75_layoutB;cx0.75_cy0.75_layoutC,12,0.04820322858346212,-0.7709994760485956,0.5622002536372772,5,0,7,cx0.25_cy0.25_layoutA;cx0.25_cy0.25_layoutB;cx0.25_cy0.25_layoutC;cx0.25_cy0.75_layoutA;cx0.25_cy0.75_layoutB;cx0.25_cy0.75_layoutC;cx0.75_cy0.25_layoutA;cx0.75_cy0.25_layoutB;cx0.75_cy0.25_layoutC;cx0.75_cy0.75_layoutA;cx0.75_cy0.75_layoutB;cx0.75_cy0.75_layoutC,12,0.25833333333333336,-0.09999999999999998,0.975,3,0,9,cx0.25_cy0.25_layoutA;cx0.25_cy0.25_layoutB;cx0.25_cy0.25_layoutC;cx0.25_cy0.75_layoutA;cx0.25_cy0.75_layoutB;cx0.25_cy0.75_layoutC;cx0.75_cy0.25_layoutA;cx0.75_cy0.25_layoutB;cx0.75_cy0.25_layoutC;cx0.75_cy0.75_layoutA;cx0.75_cy0.75_layoutB;cx0.75_cy0.75_layoutC,12,0.003205142152596469,-0.06640624999999989,0.06298955613577023,5,0,7,cx0.25_cy0.25_layoutA;cx0.25_cy0.25_layoutB;cx0.25_cy0.25_layoutC;cx0.25_cy0.75_layoutA;cx0.25_cy0.75_layoutB;cx0.25_cy0.75_layoutC;cx0.75_cy0.25_layoutA;cx0.75_cy0.25_layoutB;cx0.75_cy0.25_layoutC;cx0.75_cy0.75_layoutA;cx0.75_cy0.75_layoutB;cx0.75_cy0.75_layoutC,12,-0.09664938535029714,-1.2127778595646996,0.3500984526606541,6,0,6,cx0.25_cy0.25_layoutA;cx0.25_cy0.25_layoutB;cx0.25_cy0.25_layoutC;cx0.25_cy0.75_layoutA;cx0.25_cy0.75_layoutB;cx0.25_cy0.75_layoutC;cx0.75_cy0.25_layoutA;cx0.75_cy0.25_layoutB;cx0.75_cy0.25_layoutC;cx0.75_cy0.75_layoutA;cx0.75_cy0.75_layoutB;cx0.75_cy0.75_layoutC,12,-0.21874999999999992,-1.8499999999999996,0.32499999999999996,5,1,6,cx0.25_cy0.25_layoutA;cx0.25_cy0.25_layoutB;cx0.25_cy0.25_layoutC;cx0.25_cy0.75_layoutA;cx0.25_cy0.75_layoutB;cx0.25_cy0.75_layoutC;cx0.75_cy0.25_layoutA;cx0.75_cy0.25_layoutB;cx0.75_cy0.25_layoutC;cx0.75_cy0.75_layoutA;cx0.75_cy0.75_layoutB;cx0.75_cy0.75_layoutC
error_minus_oracle,diffuse_blur,oracle,0.05,0.05,12,12,24,24,cx0.25_cy0.25_layoutA;cx0.25_cy0.25_layoutB;cx0.25_cy0.25_layoutC;cx0.25_cy0.75_layoutA;cx0.25_cy0.75_layoutB;cx0.25_cy0.75_layoutC;cx0.75_cy0.25_layoutA;cx0.75_cy0.25_layoutB;cx0.75_cy0.25_layoutC;cx0.75_cy0.75_layoutA;cx0.75_cy0.75_layoutB;cx0.75_cy0.75_layoutC,True,finite_suite,12,0.0007181103796809843,-0.149153003442431,0.08150468590961812,4,0,8,cx0.25_cy0.25_layoutA;cx0.25_cy0.25_layoutB;cx0.25_cy0.25_layoutC;cx0.25_cy0.75_layoutA;cx0.25_cy0.75_layoutB;cx0.25_cy0.75_layoutC;cx0.75_cy0.25_layoutA;cx0.75_cy0.25_layoutB;cx0.75_cy0.25_layoutC;cx0.75_cy0.75_layoutA;cx0.75_cy0.75_layoutB;cx0.75_cy0.75_layoutC,12,0.12747108523180112,-0.617862285558803,0.49633350051517233,4,0,8,cx0.25_cy0.25_layoutA;cx0.25_cy0.25_layoutB;cx0.25_cy0.25_layoutC;cx0.25_cy0.75_layoutA;cx0.25_cy0.75_layoutB;cx0.25_cy0.75_layoutC;cx0.75_cy0.25_layoutA;cx0.75_cy0.25_layoutB;cx0.75_cy0.25_layoutC;cx0.75_cy0.75_layoutA;cx0.75_cy0.75_layoutB;cx0.75_cy0.75_layoutC,12,0.5541666666666668,-0.20000000000000018,2.25,2,0,10,cx0.25_cy0.25_layoutA;cx0.25_cy0.25_layoutB;cx0.25_cy0.25_layoutC;cx0.25_cy0.75_layoutA;cx0.25_cy0.75_layoutB;cx0.25_cy0.75_layoutC;cx0.75_cy0.25_layoutA;cx0.75_cy0.25_layoutB;cx0.75_cy0.25_layoutC;cx0.75_cy0.75_layoutA;cx0.75_cy0.75_layoutB;cx0.75_cy0.75_layoutC,12,-0.0036656535574412833,-0.13838120104438645,0.05273437499999989,5,0,7,cx0.25_cy0.25_layoutA;cx0.25_cy0.25_layoutB;cx0.25_cy0.25_layoutC;cx0.25_cy0.75_layoutA;cx0.25_cy0.75_layoutB;cx0.25_cy0.75_layoutC;cx0.75_cy0.25_layoutA;cx0.75_cy0.25_layoutB;cx0.75_cy0.25_layoutC;cx0.75_cy0.75_layoutA;cx0.75_cy0.75_layoutB;cx0.75_cy0.75_layoutC,12,-0.02987885685891839,-0.7034618158972465,0.7831831466843591,8,0,4,cx0.25_cy0.25_layoutA;cx0.25_cy0.25_layoutB;cx0.25_cy0.25_layoutC;cx0.25_cy0.75_layoutA;cx0.25_cy0.75_layoutB;cx0.25_cy0.75_layoutC;cx0.75_cy0.25_layoutA;cx0.75_cy0.25_layoutB;cx0.75_cy0.25_layoutC;cx0.75_cy0.75_layoutA;cx0.75_cy0.75_layoutB;cx0.75_cy0.75_layoutC,12,-0.19166666666666665,-1.0499999999999998,0.19999999999999996,8,0,4,cx0.25_cy0.25_layoutA;cx0.25_cy0.25_layoutB;cx0.25_cy0.25_layoutC;cx0.25_cy0.75_layoutA;cx0.25_cy0.75_layoutB;cx0.25_cy0.75_layoutC;cx0.75_cy0.25_layoutA;cx0.75_cy0.25_layoutB;cx0.75_cy0.25_layoutC;cx0.75_cy0.75_layoutA;cx0.75_cy0.75_layoutB;cx0.75_cy0.75_layoutC
error_minus_oracle,false_hotspot,oracle,0.05,0.05,12,12,24,24,cx0.25_cy0.25_layoutA;cx0.25_cy0.25_layoutB;cx0.25_cy0.25_layoutC;cx0.25_cy0.75_layoutA;cx0.25_cy0.75_layoutB;cx0.25_cy0.75_layoutC;cx0.75_cy0.25_layoutA;cx0.75_cy0.25_layoutB;cx0.75_cy0.25_layoutC;cx0.75_cy0.75_layoutA;cx0.75_cy0.75_layoutB;cx0.75_cy0.75_layoutC,True,finite_suite,12,-0.019529290979975456,-0.1552681855491858,0.05064829933788689,8,0,4,cx0.25_cy0.25_layoutA;cx0.25_cy0.25_layoutB;cx0.25_cy0.25_layoutC;cx0.25_cy0.75_layoutA;cx0.25_cy0.75_layoutB;cx0.25_cy0.75_layoutC;cx0.75_cy0.25_layoutA;cx0.75_cy0.25_layoutB;cx0.75_cy0.25_layoutC;cx0.75_cy0.75_layoutA;cx0.75_cy0.75_layoutB;cx0.75_cy0.75_layoutC,12,0.2058270132639308,-0.7434624357641114,0.8327774199003446,4,0,8,cx0.25_cy0.25_layoutA;cx0.25_cy0.25_layoutB;cx0.25_cy0.25_layoutC;cx0.25_cy0.75_layoutA;cx0.25_cy0.75_layoutB;cx0.25_cy0.75_layoutC;cx0.75_cy0.25_layoutA;cx0.75_cy0.25_layoutB;cx0.75_cy0.25_layoutC;cx0.75_cy0.75_layoutA;cx0.75_cy0.75_layoutB;cx0.75_cy0.75_layoutC,12,0.47083333333333327,-0.09999999999999998,1.325,1,0,11,cx0.25_cy0.25_layoutA;cx0.25_cy0.25_layoutB;cx0.25_cy0.25_layoutC;cx0.25_cy0.75_layoutA;cx0.25_cy0.75_layoutB;cx0.25_cy0.75_layoutC;cx0.75_cy0.25_layoutA;cx0.75_cy0.25_layoutB;cx0.75_cy0.25_layoutC;cx0.75_cy0.75_layoutA;cx0.75_cy0.75_layoutB;cx0.75_cy0.75_layoutC,12,0.03630514022610241,-0.02186684073107059,0.12826370757180156,2,0,10,cx0.25_cy0.25_layoutA;cx0.25_cy0.25_layoutB;cx0.25_cy0.25_layoutC;cx0.25_cy0.75_layoutA;cx0.25_cy0.75_layoutB;cx0.25_cy0.75_layoutC;cx0.75_cy0.25_layoutA;cx0.75_cy0.25_layoutB;cx0.75_cy0.25_layoutC;cx0.75_cy0.75_layoutA;cx0.75_cy0.75_layoutB;cx0.75_cy0.75_layoutC,12,-0.020701810094102675,-1.1536914668338727,0.5368884504270883,7,0,5,cx0.25_cy0.25_layoutA;cx0.25_cy0.25_layoutB;cx0.25_cy0.25_layoutC;cx0.25_cy0.75_layoutA;cx0.25_cy0.75_layoutB;cx0.25_cy0.75_layoutC;cx0.75_cy0.25_layoutA;cx0.75_cy0.25_layoutB;cx0.75_cy0.25_layoutC;cx0.75_cy0.75_layoutA;cx0.75_cy0.75_layoutB;cx0.75_cy0.75_layoutC,12,-0.07500000000000002,-1.4249999999999998,0.275,5,1,6,cx0.25_cy0.25_layoutA;cx0.25_cy0.25_layoutB;cx0.25_cy0.25_layoutC;cx0.25_cy0.75_layoutA;cx0.25_cy0.75_layoutB;cx0.25_cy0.75_layoutC;cx0.75_cy0.25_layoutA;cx0.75_cy0.25_layoutB;cx0.75_cy0.25_layoutC;cx0.75_cy0.75_layoutA;cx0.75_cy0.75_layoutB;cx0.75_cy0.75_layoutC
error_minus_oracle,false_negative_suppression,oracle,0.05,0.05,12,12,24,24,cx0.25_cy0.25_layoutA;cx0.25_cy0.25_layoutB;cx0.25_cy0.25_layoutC;cx0.25_cy0.75_layoutA;cx0.25_cy0.75_layoutB;cx0.25_cy0.75_layoutC;cx0.75_cy0.25_layoutA;cx0.75_cy0.25_layoutB;cx0.75_cy0.25_layoutC;cx0.75_cy0.75_layoutA;cx0.75_cy0.75_layoutB;cx0.75_cy0.75_layoutC,True,finite_suite,12,-0.022593612133492553,-0.1468892701576665,0.07212017294833206,8,0,4,cx0.25_cy0.25_layoutA;cx0.25_cy0.25_layoutB;cx0.25_cy0.25_layoutC;cx0.25_cy0.75_layoutA;cx0.25_cy0.75_layoutB;cx0.25_cy0.75_layoutC;cx0.75_cy0.25_layoutA;cx0.75_cy0.25_layoutB;cx0.75_cy0.25_layoutC;cx0.75_cy0.75_layoutA;cx0.75_cy0.75_layoutB;cx0.75_cy0.75_layoutC,12,-0.024928978893141274,-1.065438140922915,0.31831416410553137,6,0,6,cx0.25_cy0.25_layoutA;cx0.25_cy0.25_layoutB;cx0.25_cy0.25_layoutC;cx0.25_cy0.75_layoutA;cx0.25_cy0.75_layoutB;cx0.25_cy0.75_layoutC;cx0.75_cy0.25_layoutA;cx0.75_cy0.25_layoutB;cx0.75_cy0.25_layoutC;cx0.75_cy0.75_layoutA;cx0.75_cy0.75_layoutB;cx0.75_cy0.75_layoutC,12,0.3416666666666666,-0.14999999999999997,1.5500000000000003,2,1,9,cx0.25_cy0.25_layoutA;cx0.25_cy0.25_layoutB;cx0.25_cy0.25_layoutC;cx0.25_cy0.75_layoutA;cx0.25_cy0.75_layoutB;cx0.25_cy0.75_layoutC;cx0.75_cy0.25_layoutA;cx0.75_cy0.25_layoutB;cx0.75_cy0.25_layoutC;cx0.75_cy0.75_layoutA;cx0.75_cy0.75_layoutB;cx0.75_cy0.75_layoutC,12,-0.012408094901363497,-0.18196614583333331,0.055809399477806776,7,0,5,cx0.25_cy0.25_layoutA;cx0.25_cy0.25_layoutB;cx0.25_cy0.25_layoutC;cx0.25_cy0.75_layoutA;cx0.25_cy0.75_layoutB;cx0.25_cy0.75_layoutC;cx0.75_cy0.25_layoutA;cx0.75_cy0.25_layoutB;cx0.75_cy0.25_layoutC;cx0.75_cy0.75_layoutA;cx0.75_cy0.75_layoutB;cx0.75_cy0.75_layoutC,12,-0.3020306381924619,-2.3590499538865046,-0.022109282766552774,12,0,0,cx0.25_cy0.25_layoutA;cx0.25_cy0.25_layoutB;cx0.25_cy0.25_layoutC;cx0.25_cy0.75_layoutA;cx0.25_cy0.75_layoutB;cx0.25_cy0.75_layoutC;cx0.75_cy0.25_layoutA;cx0.75_cy0.25_layoutB;cx0.75_cy0.25_layoutC;cx0.75_cy0.75_layoutA;cx0.75_cy0.75_layoutB;cx0.75_cy0.75_layoutC,12,-0.25416666666666665,-2.5,0.30000000000000004,5,3,4,cx0.25_cy0.25_layoutA;cx0.25_cy0.25_layoutB;cx0.25_cy0.25_layoutC;cx0.25_cy0.75_layoutA;cx0.25_cy0.75_layoutB;cx0.25_cy0.75_layoutC;cx0.75_cy0.25_layoutA;cx0.75_cy0.25_layoutB;cx0.75_cy0.25_layoutC;cx0.75_cy0.75_layoutA;cx0.75_cy0.75_layoutB;cx0.75_cy0.75_layoutC
family_pair,spatial_shift,diffuse_blur,0.05,0.05,12,12,24,24,cx0.25_cy0.25_layoutA;cx0.25_cy0.25_layoutB;cx0.25_cy0.25_layoutC;cx0.25_cy0.75_layoutA;cx0.25_cy0.75_layoutB;cx0.25_cy0.75_layoutC;cx0.75_cy0.25_layoutA;cx0.75_cy0.25_layoutB;cx0.75_cy0.25_layoutC;cx0.75_cy0.75_layoutA;cx0.75_cy0.75_layoutB;cx0.75_cy0.75_layoutC,True,finite_suite,12,-0.024918242481659265,-0.1181342089510859,0.11627518702436535,7,0,5,cx0.25_cy0.25_layoutA;cx0.25_cy0.25_layoutB;cx0.25_cy0.25_layoutC;cx0.25_cy0.75_layoutA;cx0.25_cy0.75_layoutB;cx0.25_cy0.75_layoutC;cx0.75_cy0.25_layoutA;cx0.75_cy0.25_layoutB;cx0.75_cy0.25_layoutC;cx0.75_cy0.75_layoutA;cx0.75_cy0.75_layoutB;cx0.75_cy0.75_layoutC,12,-0.07926785664833902,-0.8250425632024461,0.24836910415101432,5,0,7,cx0.25_cy0.25_layoutA;cx0.25_cy0.25_layoutB;cx0.25_cy0.25_layoutC;cx0.25_cy0.75_layoutA;cx0.25_cy0.75_layoutB;cx0.25_cy0.75_layoutC;cx0.75_cy0.25_layoutA;cx0.75_cy0.25_layoutB;cx0.75_cy0.25_layoutC;cx0.75_cy0.75_layoutA;cx0.75_cy0.75_layoutB;cx0.75_cy0.75_layoutC,12,-0.29583333333333334,-1.975,0.3250000000000002,9,0,3,cx0.25_cy0.25_layoutA;cx0.25_cy0.25_layoutB;cx0.25_cy0.25_layoutC;cx0.25_cy0.75_layoutA;cx0.25_cy0.75_layoutB;cx0.25_cy0.75_layoutC;cx0.75_cy0.25_layoutA;cx0.75_cy0.25_layoutB;cx0.75_cy0.25_layoutC;cx0.75_cy0.75_layoutA;cx0.75_cy0.75_layoutB;cx0.75_cy0.75_layoutC,12,0.006870795710037752,-0.07812499999999989,0.13479112271540467,7,0,5,cx0.25_cy0.25_layoutA;cx0.25_cy0.25_layoutB;cx0.25_cy0.25_layoutC;cx0.25_cy0.75_layoutA;cx0.25_cy0.75_layoutB;cx0.25_cy0.75_layoutC;cx0.75_cy0.25_layoutA;cx0.75_cy0.25_layoutB;cx0.75_cy0.25_layoutC;cx0.75_cy0.75_layoutA;cx0.75_cy0.75_layoutB;cx0.75_cy0.75_layoutC,12,-0.06677052849137875,-0.5093160436674531,0.12507174727508552,6,0,6,cx0.25_cy0.25_layoutA;cx0.25_cy0.25_layoutB;cx0.25_cy0.25_layoutC;cx0.25_cy0.75_layoutA;cx0.25_cy0.75_layoutB;cx0.25_cy0.75_layoutC;cx0.75_cy0.25_layoutA;cx0.75_cy0.25_layoutB;cx0.75_cy0.25_layoutC;cx0.75_cy0.75_layoutA;cx0.75_cy0.75_layoutB;cx0.75_cy0.75_layoutC,12,-0.027083333333333296,-1.0,0.2749999999999999,5,0,7,cx0.25_cy0.25_layoutA;cx0.25_cy0.25_layoutB;cx0.25_cy0.25_layoutC;cx0.25_cy0.75_layoutA;cx0.25_cy0.75_layoutB;cx0.25_cy0.75_layoutC;cx0.75_cy0.25_layoutA;cx0.75_cy0.25_layoutB;cx0.75_cy0.25_layoutC;cx0.75_cy0.75_layoutA;cx0.75_cy0.75_layoutB;cx0.75_cy0.75_layoutC
family_pair,spatial_shift,false_hotspot,0.05,0.05,12,12,24,24,cx0.25_cy0.25_layoutA;cx0.25_cy0.25_layoutB;cx0.25_cy0.25_layoutC;cx0.25_cy0.75_layoutA;cx0.25_cy0.75_layoutB;cx0.25_cy0.75_layoutC;cx0.75_cy0.25_layoutA;cx0.75_cy0.25_layoutB;cx0.75_cy0.25_layoutC;cx0.75_cy0.75_layoutA;cx0.75_cy0.75_layoutB;cx0.75_cy0.75_layoutC,True,finite_suite,12,-0.004670841122002824,-0.07214412768451306,0.12239036913112017,7,0,5,cx0.25_cy0.25_layoutA;cx0.25_cy0.25_layoutB;cx0.25_cy0.25_layoutC;cx0.25_cy0.75_layoutA;cx0.25_cy0.75_layoutB;cx0.25_cy0.75_layoutC;cx0.75_cy0.25_layoutA;cx0.75_cy0.25_layoutB;cx0.75_cy0.25_layoutC;cx0.75_cy0.75_layoutA;cx0.75_cy0.75_layoutB;cx0.75_cy0.75_layoutC,12,-0.15762378468046867,-1.072939951798806,0.07950271622942573,8,0,4,cx0.25_cy0.25_layoutA;cx0.25_cy0.25_layoutB;cx0.25_cy0.25_layoutC;cx0.25_cy0.75_layoutA;cx0.25_cy0.75_layoutB;cx0.25_cy0.75_layoutC;cx0.75_cy0.25_layoutA;cx0.75_cy0.25_layoutB;cx0.75_cy0.25_layoutC;cx0.75_cy0.75_layoutA;cx0.75_cy0.75_layoutB;cx0.75_cy0.75_layoutC,12,-0.2125,-1.35,0.3750000000000002,5,2,5,cx0.25_cy0.25_layoutA;cx0.25_cy0.25_layoutB;cx0.25_cy0.25_layoutC;cx0.25_cy0.75_layoutA;cx0.25_cy0.75_layoutB;cx0.25_cy0.75_layoutC;cx0.75_cy0.25_layoutA;cx0.75_cy0.25_layoutB;cx0.75_cy0.25_layoutC;cx0.75_cy0.75_layoutA;cx0.75_cy0.75_layoutB;cx0.75_cy0.75_layoutC,12,-0.03309999807350595,-0.08750000000000008,0.03406250000000008,10,0,2,cx0.25_cy0.25_layoutA;cx0.25_cy0.25_layoutB;cx0.25_cy0.25_layoutC;cx0.25_cy0.75_layoutA;cx0.25_cy0.75_layoutB;cx0.25_cy0.75_layoutC;cx0.75_cy0.25_layoutA;cx0.75_cy0.25_layoutB;cx0.75_cy0.25_layoutC;cx0.75_cy0.75_layoutA;cx0.75_cy0.75_layoutB;cx0.75_cy0.75_layoutC,12,-0.07594757525619446,-0.2980220995928087,0.23039276953962018,9,0,3,cx0.25_cy0.25_layoutA;cx0.25_cy0.25_layoutB;cx0.25_cy0.25_layoutC;cx0.25_cy0.75_layoutA;cx0.25_cy0.75_layoutB;cx0.25_cy0.75_layoutC;cx0.75_cy0.25_layoutA;cx0.75_cy0.25_layoutB;cx0.75_cy0.25_layoutC;cx0.75_cy0.75_layoutA;cx0.75_cy0.75_layoutB;cx0.75_cy0.75_layoutC,12,-0.1437499999999999,-0.8499999999999999,0.2749999999999999,8,0,4,cx0.25_cy0.25_layoutA;cx0.25_cy0.25_layoutB;cx0.25_cy0.25_layoutC;cx0.25_cy0.75_layoutA;cx0.25_cy0.75_layoutB;cx0.25_cy0.75_layoutC;cx0.75_cy0.25_layoutA;cx0.75_cy0.25_layoutB;cx0.75_cy0.25_layoutC;cx0.75_cy0.75_layoutA;cx0.75_cy0.75_layoutB;cx0.75_cy0.75_layoutC
family_pair,spatial_shift,false_negative_suppression,0.05,0.05,12,12,24,24,cx0.25_cy0.25_layoutA;cx0.25_cy0.25_layoutB;cx0.25_cy0.25_layoutC;cx0.25_cy0.75_layoutA;cx0.25_cy0.75_layoutB;cx0.25_cy0.75_layoutC;cx0.75_cy0.25_layoutA;cx0.75_cy0.25_layoutB;cx0.75_cy0.25_layoutC;cx0.75_cy0.75_layoutA;cx0.75_cy0.75_layoutB;cx0.75_cy0.75_layoutC,True,finite_suite,12,-0.0016065199684857274,-0.12346541811353462,0.11117114112898535,7,0,5,cx0.25_cy0.25_layoutA;cx0.25_cy0.25_layoutB;cx0.25_cy0.25_layoutC;cx0.25_cy0.75_layoutA;cx0.25_cy0.75_layoutB;cx0.25_cy0.75_layoutC;cx0.75_cy0.25_layoutA;cx0.75_cy0.25_layoutB;cx0.75_cy0.25_layoutC;cx0.75_cy0.75_layoutA;cx0.75_cy0.75_layoutB;cx0.75_cy0.75_layoutC,12,0.07313220747660337,-0.4377087986929542,0.5692596491956434,5,0,7,cx0.25_cy0.25_layoutA;cx0.25_cy0.25_layoutB;cx0.25_cy0.25_layoutC;cx0.25_cy0.75_layoutA;cx0.25_cy0.75_layoutB;cx0.25_cy0.75_layoutC;cx0.75_cy0.25_layoutA;cx0.75_cy0.25_layoutB;cx0.75_cy0.25_layoutC;cx0.75_cy0.75_layoutA;cx0.75_cy0.75_layoutB;cx0.75_cy0.75_layoutC,12,-0.0833333333333333,-0.5750000000000001,0.30000000000000004,5,0,7,cx0.25_cy0.25_layoutA;cx0.25_cy0.25_layoutB;cx0.25_cy0.25_layoutC;cx0.25_cy0.75_layoutA;cx0.25_cy0.75_layoutB;cx0.25_cy0.75_layoutC;cx0.75_cy0.25_layoutA;cx0.75_cy0.25_layoutB;cx0.75_cy0.25_layoutC;cx0.75_cy0.75_layoutA;cx0.75_cy0.75_layoutB;cx0.75_cy0.75_layoutC,12,0.015613237053959969,-0.06233681462140994,0.11555989583333343,4,0,8,cx0.25_cy0.25_layoutA;cx0.25_cy0.25_layoutB;cx0.25_cy0.25_layoutC;cx0.25_cy0.75_layoutA;cx0.25_cy0.75_layoutB;cx0.25_cy0.75_layoutC;cx0.75_cy0.25_layoutA;cx0.75_cy0.25_layoutB;cx0.75_cy0.25_layoutC;cx0.75_cy0.75_layoutA;cx0.75_cy0.75_layoutB;cx0.75_cy0.75_layoutC,12,0.2053812528421647,-0.1249283251559945,1.1462720943218048,3,0,9,cx0.25_cy0.25_layoutA;cx0.25_cy0.25_layoutB;cx0.25_cy0.25_layoutC;cx0.25_cy0.75_layoutA;cx0.25_cy0.75_layoutB;cx0.25_cy0.75_layoutC;cx0.75_cy0.25_layoutA;cx0.75_cy0.25_layoutB;cx0.75_cy0.25_layoutC;cx0.75_cy0.75_layoutA;cx0.75_cy0.75_layoutB;cx0.75_cy0.75_layoutC,12,0.03541666666666674,-0.44999999999999973,0.6500000000000004,4,1,7,cx0.25_cy0.25_layoutA;cx0.25_cy0.25_layoutB;cx0.25_cy0.25_layoutC;cx0.25_cy0.75_layoutA;cx0.25_cy0.75_layoutB;cx0.25_cy0.75_layoutC;cx0.75_cy0.25_layoutA;cx0.75_cy0.25_layoutB;cx0.75_cy0.25_layoutC;cx0.75_cy0.75_layoutA;cx0.75_cy0.75_layoutB;cx0.75_cy0.75_layoutC
family_pair,diffuse_blur,false_hotspot,0.05,0.05,12,12,24,24,cx0.25_cy0.25_layoutA;cx0.25_cy0.25_layoutB;cx0.25_cy0.25_layoutC;cx0.25_cy0.75_layoutA;cx0.25_cy0.75_layoutB;cx0.25_cy0.75_layoutC;cx0.75_cy0.25_layoutA;cx0.75_cy0.25_layoutB;cx0.75_cy0.25_layoutC;cx0.75_cy0.75_layoutA;cx0.75_cy0.75_layoutB;cx0.75_cy0.75_layoutC,True,finite_suite,12,0.02024740135965644,-0.08714174139386738,0.0711556424202931,3,0,9,cx0.25_cy0.25_layoutA;cx0.25_cy0.25_layoutB;cx0.25_cy0.25_layoutC;cx0.25_cy0.75_layoutA;cx0.25_cy0.75_layoutB;cx0.25_cy0.75_layoutC;cx0.75_cy0.25_layoutA;cx0.75_cy0.25_layoutB;cx0.75_cy0.25_layoutC;cx0.75_cy0.75_layoutA;cx0.75_cy0.75_layoutB;cx0.75_cy0.75_layoutC,12,-0.07835592803212967,-0.3451105677398105,0.3352935135266424,8,0,4,cx0.25_cy0.25_layoutA;cx0.25_cy0.25_layoutB;cx0.25_cy0.25_layoutC;cx0.25_cy0.75_layoutA;cx0.25_cy0.75_layoutB;cx0.25_cy0.75_layoutC;cx0.75_cy0.25_layoutA;cx0.75_cy0.25_layoutB;cx0.75_cy0.25_layoutC;cx0.75_cy0.75_layoutA;cx0.75_cy0.75_layoutB;cx0.75_cy0.75_layoutC,12,0.08333333333333341,-0.6000000000000001,1.6250000000000002,4,0,8,cx0.25_cy0.25_layoutA;cx0.25_cy0.25_layoutB;cx0.25_cy0.25_layoutC;cx0.25_cy0.75_layoutA;cx0.25_cy0.75_layoutB;cx0.25_cy0.75_layoutC;cx0.75_cy0.25_layoutA;cx0.75_cy0.25_layoutB;cx0.75_cy0.25_layoutC;cx0.75_cy0.75_layoutA;cx0.75_cy0.75_layoutB;cx0.75_cy0.75_layoutC,12,-0.0399707937835437,-0.11651436031331586,0.005208333333333259,9,0,3,cx0.25_cy0.25_layoutA;cx0.25_cy0.25_layoutB;cx0.25_cy0.25_layoutC;cx0.25_cy0.75_layoutA;cx0.25_cy0.75_layoutB;cx0.25_cy0.75_layoutC;cx0.75_cy0.25_layoutA;cx0.75_cy0.25_layoutB;cx0.75_cy0.25_layoutC;cx0.75_cy0.75_layoutA;cx0.75_cy0.75_layoutB;cx0.75_cy0.75_layoutC,12,-0.009177046764815714,-0.2113652045265879,0.45022965093662615,8,0,4,cx0.25_cy0.25_layoutA;cx0.25_cy0.25_layoutB;cx0.25_cy0.25_layoutC;cx0.25_cy0.75_layoutA;cx0.25_cy0.75_layoutB;cx0.25_cy0.75_layoutC;cx0.75_cy0.25_layoutA;cx0.75_cy0.25_layoutB;cx0.75_cy0.25_layoutC;cx0.75_cy0.75_layoutA;cx0.75_cy0.75_layoutB;cx0.75_cy0.75_layoutC,12,-0.1166666666666666,-0.95,0.5750000000000002,8,1,3,cx0.25_cy0.25_layoutA;cx0.25_cy0.25_layoutB;cx0.25_cy0.25_layoutC;cx0.25_cy0.75_layoutA;cx0.25_cy0.75_layoutB;cx0.25_cy0.75_layoutC;cx0.75_cy0.25_layoutA;cx0.75_cy0.25_layoutB;cx0.75_cy0.25_layoutC;cx0.75_cy0.75_layoutA;cx0.75_cy0.75_layoutB;cx0.75_cy0.75_layoutC
family_pair,diffuse_blur,false_negative_suppression,0.05,0.05,12,12,24,24,cx0.25_cy0.25_layoutA;cx0.25_cy0.25_layoutB;cx0.25_cy0.25_layoutC;cx0.25_cy0.75_layoutA;cx0.25_cy0.75_layoutB;cx0.25_cy0.75_layoutC;cx0.75_cy0.25_layoutA;cx0.75_cy0.25_layoutB;cx0.75_cy0.25_layoutC;cx0.75_cy0.75_layoutA;cx0.75_cy0.75_layoutB;cx0.75_cy0.75_layoutC,True,finite_suite,12,0.02331172251317354,-0.056877705933035094,0.06217772370251995,3,0,9,cx0.25_cy0.25_layoutA;cx0.25_cy0.25_layoutB;cx0.25_cy0.25_layoutC;cx0.25_cy0.75_layoutA;cx0.25_cy0.75_layoutB;cx0.25_cy0.75_layoutC;cx0.75_cy0.25_layoutA;cx0.75_cy0.25_layoutB;cx0.75_cy0.25_layoutC;cx0.75_cy0.75_layoutA;cx0.75_cy0.75_layoutB;cx0.75_cy0.75_layoutC,12,0.1524000641249424,-0.4287320948679407,0.4787322046906277,3,0,9,cx0.25_cy0.25_layoutA;cx0.25_cy0.25_layoutB;cx0.25_cy0.25_layoutC;cx0.25_cy0.75_layoutA;cx0.25_cy0.75_layoutB;cx0.25_cy0.75_layoutC;cx0.75_cy0.25_layoutA;cx0.75_cy0.25_layoutB;cx0.75_cy0.25_layoutC;cx0.75_cy0.75_layoutA;cx0.75_cy0.75_layoutB;cx0.75_cy0.75_layoutC,12,0.2125,-0.6750000000000002,1.55,3,0,9,cx0.25_cy0.25_layoutA;cx0.25_cy0.25_layoutB;cx0.25_cy0.25_layoutC;cx0.25_cy0.75_layoutA;cx0.25_cy0.75_layoutB;cx0.25_cy0.75_layoutC;cx0.75_cy0.25_layoutA;cx0.75_cy0.25_layoutB;cx0.75_cy0.25_layoutC;cx0.75_cy0.75_layoutA;cx0.75_cy0.75_layoutB;cx0.75_cy0.75_layoutC,12,0.008742441343922215,-0.10998694516971275,0.19368489583333331,7,0,5,cx0.25_cy0.25_layoutA;cx0.25_cy0.25_layoutB;cx0.25_cy0.25_layoutC;cx0.25_cy0.75_layoutA;cx0.25_cy0.75_layoutB;cx0.25_cy0.75_layoutC;cx0.75_cy0.25_layoutA;cx0.75_cy0.25_layoutB;cx0.75_cy0.25_layoutC;cx0.75_cy0.75_layoutA;cx0.75_cy0.75_layoutB;cx0.75_cy0.75_layoutC,12,0.2721517813335435,-0.0995978973014029,1.6555881379892579,6,0,6,cx0.25_cy0.25_layoutA;cx0.25_cy0.25_layoutB;cx0.25_cy0.25_layoutC;cx0.25_cy0.75_layoutA;cx0.25_cy0.75_layoutB;cx0.25_cy0.75_layoutC;cx0.75_cy0.25_layoutA;cx0.75_cy0.25_layoutB;cx0.75_cy0.25_layoutC;cx0.75_cy0.75_layoutA;cx0.75_cy0.75_layoutB;cx0.75_cy0.75_layoutC,12,0.06250000000000004,-0.5499999999999998,1.6500000000000004,6,1,5,cx0.25_cy0.25_layoutA;cx0.25_cy0.25_layoutB;cx0.25_cy0.25_layoutC;cx0.25_cy0.75_layoutA;cx0.25_cy0.75_layoutB;cx0.25_cy0.75_layoutC;cx0.75_cy0.25_layoutA;cx0.75_cy0.25_layoutB;cx0.75_cy0.25_layoutC;cx0.75_cy0.75_layoutA;cx0.75_cy0.75_layoutB;cx0.75_cy0.75_layoutC
family_pair,false_hotspot,false_negative_suppression,0.05,0.05,12,12,24,24,cx0.25_cy0.25_layoutA;cx0.25_cy0.25_layoutB;cx0.25_cy0.25_layoutC;cx0.25_cy0.75_layoutA;cx0.25_cy0.75_layoutB;cx0.25_cy0.75_layoutC;cx0.75_cy0.25_layoutA;cx0.75_cy0.25_layoutB;cx0.75_cy0.25_layoutC;cx0.75_cy0.75_layoutA;cx0.75_cy0.75_layoutB;cx0.75_cy0.75_layoutC,True,finite_suite,12,0.0030643211535170967,-0.07127617972358224,0.06785238865438087,6,0,6,cx0.25_cy0.25_layoutA;cx0.25_cy0.25_layoutB;cx0.25_cy0.25_layoutC;cx0.25_cy0.75_layoutA;cx0.25_cy0.75_layoutB;cx0.25_cy0.75_layoutC;cx0.75_cy0.25_layoutA;cx0.75_cy0.25_layoutB;cx0.75_cy0.25_layoutC;cx0.75_cy0.75_layoutA;cx0.75_cy0.75_layoutB;cx0.75_cy0.75_layoutC,12,0.2307559921570721,-0.29217052843906477,0.8137452585714688,5,0,7,cx0.25_cy0.25_layoutA;cx0.25_cy0.25_layoutB;cx0.25_cy0.25_layoutC;cx0.25_cy0.75_layoutA;cx0.25_cy0.75_layoutB;cx0.25_cy0.75_layoutC;cx0.75_cy0.25_layoutA;cx0.75_cy0.25_layoutB;cx0.75_cy0.25_layoutC;cx0.75_cy0.75_layoutA;cx0.75_cy0.75_layoutB;cx0.75_cy0.75_layoutC,12,0.12916666666666665,-0.925,0.9500000000000001,5,0,7,cx0.25_cy0.25_layoutA;cx0.25_cy0.25_layoutB;cx0.25_cy0.25_layoutC;cx0.25_cy0.75_layoutA;cx0.25_cy0.75_layoutB;cx0.25_cy0.75_layoutC;cx0.75_cy0.25_layoutA;cx0.75_cy0.25_layoutB;cx0.75_cy0.25_layoutC;cx0.75_cy0.75_layoutA;cx0.75_cy0.75_layoutB;cx0.75_cy0.75_layoutC,12,0.04871323512746591,-0.02480417754569192,0.1923828125,3,0,9,cx0.25_cy0.25_layoutA;cx0.25_cy0.25_layoutB;cx0.25_cy0.25_layoutC;cx0.25_cy0.75_layoutA;cx0.25_cy0.75_layoutB;cx0.25_cy0.75_layoutC;cx0.75_cy0.25_layoutA;cx0.75_cy0.25_layoutB;cx0.75_cy0.25_layoutC;cx0.75_cy0.75_layoutA;cx0.75_cy0.75_layoutB;cx0.75_cy0.75_layoutC,12,0.2813288280983592,-0.13379120061893168,1.2053584870526317,4,0,8,cx0.25_cy0.25_layoutA;cx0.25_cy0.25_layoutB;cx0.25_cy0.25_layoutC;cx0.25_cy0.75_layoutA;cx0.25_cy0.75_layoutB;cx0.25_cy0.75_layoutC;cx0.75_cy0.25_layoutA;cx0.75_cy0.25_layoutB;cx0.75_cy0.25_layoutC;cx0.75_cy0.75_layoutA;cx0.75_cy0.75_layoutB;cx0.75_cy0.75_layoutC,12,0.17916666666666667,-0.37500000000000033,1.0750000000000002,5,0,7,cx0.25_cy0.25_layoutA;cx0.25_cy0.25_layoutB;cx0.25_cy0.25_layoutC;cx0.25_cy0.75_layoutA;cx0.25_cy0.75_layoutB;cx0.25_cy0.75_layoutC;cx0.75_cy0.25_layoutA;cx0.75_cy0.25_layoutB;cx0.75_cy0.25_layoutC;cx0.75_cy0.75_layoutA;cx0.75_cy0.75_layoutB;cx0.75_cy0.75_layoutC
error_minus_oracle,spatial_shift,oracle,0.1,0.05,12,12,24,24,cx0.25_cy0.25_layoutA;cx0.25_cy0.25_layoutB;cx0.25_cy0.25_layoutC;cx0.25_cy0.75_layoutA;cx0.25_cy0.75_layoutB;cx0.25_cy0.75_layoutC;cx0.75_cy0.25_layoutA;cx0.75_cy0.25_layoutB;cx0.75_cy0.25_layoutC;cx0.75_cy0.75_layoutA;cx0.75_cy0.75_layoutB;cx0.75_cy0.75_layoutC,True,finite_suite,12,-0.05780113883718722,-0.11071925787600306,-0.010690685978917092,12,0,0,cx0.25_cy0.25_layoutA;cx0.25_cy0.25_layoutB;cx0.25_cy0.25_layoutC;cx0.25_cy0.75_layoutA;cx0.25_cy0.75_layoutB;cx0.25_cy0.75_layoutC;cx0.75_cy0.25_layoutA;cx0.75_cy0.25_layoutB;cx0.75_cy0.25_layoutC;cx0.75_cy0.75_layoutA;cx0.75_cy0.75_layoutB;cx0.75_cy0.75_layoutC,12,0.16300466805391842,-0.8652762966083932,0.9481818290375053,4,0,8,cx0.25_cy0.25_layoutA;cx0.25_cy0.25_layoutB;cx0.25_cy0.25_layoutC;cx0.25_cy0.75_layoutA;cx0.25_cy0.75_layoutB;cx0.25_cy0.75_layoutC;cx0.75_cy0.25_layoutA;cx0.75_cy0.25_layoutB;cx0.75_cy0.25_layoutC;cx0.75_cy0.75_layoutA;cx0.75_cy0.75_layoutB;cx0.75_cy0.75_layoutC,12,0.7145833333333332,-0.12499999999999997,2.325,4,0,8,cx0.25_cy0.25_layoutA;cx0.25_cy0.25_layoutB;cx0.25_cy0.25_layoutC;cx0.25_cy0.75_layoutA;cx0.25_cy0.75_layoutB;cx0.25_cy0.75_layoutC;cx0.75_cy0.25_layoutA;cx0.75_cy0.25_layoutB;cx0.75_cy0.25_layoutC;cx0.75_cy0.75_layoutA;cx0.75_cy0.75_layoutB;cx0.75_cy0.75_layoutC,12,-0.006815822635625163,-0.14033942558746743,0.059399477806788475,5,0,7,cx0.25_cy0.25_layoutA;cx0.25_cy0.25_layoutB;cx0.25_cy0.25_layoutC;cx0.25_cy0.75_layoutA;cx0.25_cy0.75_layoutB;cx0.25_cy0.75_layoutC;cx0.75_cy0.25_layoutA;cx0.75_cy0.25_layoutB;cx0.75_cy0.25_layoutC;cx0.75_cy0.75_layoutA;cx0.75_cy0.75_layoutB;cx0.75_cy0.75_layoutC,12,-0.09736399752750668,-1.406100985161893,0.3902744826040587,8,0,4,cx0.25_cy0.25_layoutA;cx0.25_cy0.25_layoutB;cx0.25_cy0.25_layoutC;cx0.25_cy0.75_layoutA;cx0.25_cy0.75_layoutB;cx0.25_cy0.75_layoutC;cx0.75_cy0.25_layoutA;cx0.75_cy0.25_layoutB;cx0.75_cy0.25_layoutC;cx0.75_cy0.75_layoutA;cx0.75_cy0.75_layoutB;cx0.75_cy0.75_layoutC,12,-0.28333333333333327,-2.025,0.27500000000000013,5,2,5,cx0.25_cy0.25_layoutA;cx0.25_cy0.25_layoutB;cx0.25_cy0.25_layoutC;cx0.25_cy0.75_layoutA;cx0.25_cy0.75_layoutB;cx0.25_cy0.75_layoutC;cx0.75_cy0.25_layoutA;cx0.75_cy0.25_layoutB;cx0.75_cy0.25_layoutC;cx0.75_cy0.75_layoutA;cx0.75_cy0.75_layoutB;cx0.75_cy0.75_layoutC
error_minus_oracle,diffuse_blur,oracle,0.1,0.05,12,12,24,24,cx0.25_cy0.25_layoutA;cx0.25_cy0.25_layoutB;cx0.25_cy0.25_layoutC;cx0.25_cy0.75_layoutA;cx0.25_cy0.75_layoutB;cx0.25_cy0.75_layoutC;cx0.75_cy0.25_layoutA;cx0.75_cy0.25_layoutB;cx0.75_cy0.25_layoutC;cx0.75_cy0.75_layoutA;cx0.75_cy0.75_layoutB;cx0.75_cy0.75_layoutC,True,finite_suite,12,-0.08987350112777732,-0.23330995733279758,0.030157822855418792,8,0,4,cx0.25_cy0.25_layoutA;cx0.25_cy0.25_layoutB;cx0.25_cy0.25_layoutC;cx0.25_cy0.75_layoutA;cx0.25_cy0.75_layoutB;cx0.25_cy0.75_layoutC;cx0.75_cy0.25_layoutA;cx0.75_cy0.25_layoutB;cx0.75_cy0.25_layoutC;cx0.75_cy0.75_layoutA;cx0.75_cy0.75_layoutB;cx0.75_cy0.75_layoutC,12,-0.00039418179806016695,-1.123600677143365,0.9670169325102278,7,0,5,cx0.25_cy0.25_layoutA;cx0.25_cy0.25_layoutB;cx0.25_cy0.25_layoutC;cx0.25_cy0.75_layoutA;cx0.25_cy0.75_layoutB;cx0.25_cy0.75_layoutC;cx0.75_cy0.25_layoutA;cx0.75_cy0.25_layoutB;cx0.75_cy0.25_layoutC;cx0.75_cy0.75_layoutA;cx0.75_cy0.75_layoutB;cx0.75_cy0.75_layoutC,12,0.5833333333333334,-0.75,2.2,5,1,6,cx0.25_cy0.25_layoutA;cx0.25_cy0.25_layoutB;cx0.25_cy0.25_layoutC;cx0.25_cy0.75_layoutA;cx0.25_cy0.75_layoutB;cx0.25_cy0.75_layoutC;cx0.75_cy0.25_layoutA;cx0.75_cy0.25_layoutB;cx0.75_cy0.25_layoutC;cx0.75_cy0.75_layoutA;cx0.75_cy0.75_layoutB;cx0.75_cy0.75_layoutC,12,-0.04848206434036842,-0.26171875,0.07898172323759789,7,0,5,cx0.25_cy0.25_layoutA;cx0.25_cy0.25_layoutB;cx0.25_cy0.25_layoutC;cx0.25_cy0.75_layoutA;cx0.25_cy0.75_layoutB;cx0.25_cy0.75_layoutC;cx0.75_cy0.25_layoutA;cx0.75_cy0.25_layoutB;cx0.75_cy0.25_layoutC;cx0.75_cy0.75_layoutA;cx0.75_cy0.75_layoutB;cx0.75_cy0.75_layoutC,12,-0.3675041214903197,-2.3378859762835784,0.4159295640851359,9,0,3,cx0.25_cy0.25_layoutA;cx0.25_cy0.25_layoutB;cx0.25_cy0.25_layoutC;cx0.25_cy0.75_layoutA;cx0.25_cy0.75_layoutB;cx0.25_cy0.75_layoutC;cx0.75_cy0.25_layoutA;cx0.75_cy0.25_layoutB;cx0.75_cy0.25_layoutC;cx0.75_cy0.75_layoutA;cx0.75_cy0.75_layoutB;cx0.75_cy0.75_layoutC,12,-0.39999999999999997,-2.4,0.7,8,0,4,cx0.25_cy0.25_layoutA;cx0.25_cy0.25_layoutB;cx0.25_cy0.25_layoutC;cx0.25_cy0.75_layoutA;cx0.25_cy0.75_layoutB;cx0.25_cy0.75_layoutC;cx0.75_cy0.25_layoutA;cx0.75_cy0.25_layoutB;cx0.75_cy0.25_layoutC;cx0.75_cy0.75_layoutA;cx0.75_cy0.75_layoutB;cx0.75_cy0.75_layoutC
error_minus_oracle,false_hotspot,oracle,0.1,0.05,12,12,24,24,cx0.25_cy0.25_layoutA;cx0.25_cy0.25_layoutB;cx0.25_cy0.25_layoutC;cx0.25_cy0.75_layoutA;cx0.25_cy0.75_layoutB;cx0.25_cy0.75_layoutC;cx0.75_cy0.25_layoutA;cx0.75_cy0.25_layoutB;cx0.75_cy0.25_layoutC;cx0.75_cy0.75_layoutA;cx0.75_cy0.75_layoutB;cx0.75_cy0.75_layoutC,True,finite_suite,12,-0.039713597575698985,-0.2383045144411015,0.03608274437766251,9,0,3,cx0.25_cy0.25_layoutA;cx0.25_cy0.25_layoutB;cx0.25_cy0.25_layoutC;cx0.25_cy0.75_layoutA;cx0.25_cy0.75_layoutB;cx0.25_cy0.75_layoutC;cx0.75_cy0.25_layoutA;cx0.75_cy0.25_layoutB;cx0.75_cy0.25_layoutC;cx0.75_cy0.75_layoutA;cx0.75_cy0.75_layoutB;cx0.75_cy0.75_layoutC,12,0.4387649076539093,-0.9005473496787428,1.121842302948412,2,0,10,cx0.25_cy0.25_layoutA;cx0.25_cy0.25_layoutB;cx0.25_cy0.25_layoutC;cx0.25_cy0.75_layoutA;cx0.25_cy0.75_layoutB;cx0.25_cy0.75_layoutC;cx0.75_cy0.25_layoutA;cx0.75_cy0.25_layoutB;cx0.75_cy0.25_layoutC;cx0.75_cy0.75_layoutA;cx0.75_cy0.75_layoutB;cx0.75_cy0.75_layoutC,12,0.9416666666666668,-0.09999999999999998,2.3,2,0,10,cx0.25_cy0.25_layoutA;cx0.25_cy0.25_layoutB;cx0.25_cy0.25_layoutC;cx0.25_cy0.75_layoutA;cx0.25_cy0.75_layoutB;cx0.25_cy0.75_layoutC;cx0.75_cy0.25_layoutA;cx0.75_cy0.25_layoutB;cx0.75_cy0.25_layoutC;cx0.75_cy0.75_layoutA;cx0.75_cy0.75_layoutB;cx0.75_cy0.75_layoutC,12,0.03748061040397447,-0.11002604166666669,0.1471932114882507,4,0,8,cx0.25_cy0.25_layoutA;cx0.25_cy0.25_layoutB;cx0.25_cy0.25_layoutC;cx0.25_cy0.75_layoutA;cx0.25_cy0.75_layoutB;cx0.25_cy0.75_layoutC;cx0.75_cy0.25_layoutA;cx0.75_cy0.25_layoutB;cx0.75_cy0.25_layoutC;cx0.75_cy0.75_layoutA;cx0.75_cy0.75_layoutB;cx0.75_cy0.75_layoutC,12,-0.06910601047480484,-1.7250704146366966,0.5672177156537599,7,0,5,cx0.25_cy0.25_layoutA;cx0.25_cy0.25_layoutB;cx0.25_cy0.25_layoutC;cx0.25_cy0.75_layoutA;cx0.25_cy0.75_layoutB;cx0.25_cy0.75_layoutC;cx0.75_cy0.25_layoutA;cx0.75_cy0.25_layoutB;cx0.75_cy0.25_layoutC;cx0.75_cy0.75_layoutA;cx0.75_cy0.75_layoutB;cx0.75_cy0.75_layoutC,12,-0.006249999999999932,-2.05,0.825,5,0,7,cx0.25_cy0.25_layoutA;cx0.25_cy0.25_layoutB;cx0.25_cy0.25_layoutC;cx0.25_cy0.75_layoutA;cx0.25_cy0.75_layoutB;cx0.25_cy0.75_layoutC;cx0.75_cy0.25_layoutA;cx0.75_cy0.25_layoutB;cx0.75_cy0.25_layoutC;cx0.75_cy0.75_layoutA;cx0.75_cy0.75_layoutB;cx0.75_cy0.75_layoutC
error_minus_oracle,false_negative_suppression,oracle,0.1,0.05,12,11,24,23,cx0.25_cy0.25_layoutA;cx0.25_cy0.25_layoutB;cx0.25_cy0.25_layoutC;cx0.25_cy0.75_layoutA;cx0.25_cy0.75_layoutB;cx0.75_cy0.25_layoutA;cx0.75_cy0.25_layoutB;cx0.75_cy0.25_layoutC;cx0.75_cy0.75_layoutA;cx0.75_cy0.75_layoutB;cx0.75_cy0.75_layoutC,False,conditional_on_valid_pairs,11,-0.021972845767653414,-0.10823015034633848,0.0636500497602619,5,0,6,cx0.25_cy0.25_layoutA;cx0.25_cy0.25_layoutB;cx0.25_cy0.25_layoutC;cx0.25_cy0.75_layoutA;cx0.25_cy0.75_layoutB;cx0.75_cy0.25_layoutA;cx0.75_cy0.25_layoutB;cx0.75_cy0.25_layoutC;cx0.75_cy0.75_layoutA;cx0.75_cy0.75_layoutB;cx0.75_cy0.75_layoutC,11,-0.010158230629171185,-1.055625667493545,0.3201261560247415,4,0,7,cx0.25_cy0.25_layoutA;cx0.25_cy0.25_layoutB;cx0.25_cy0.25_layoutC;cx0.25_cy0.75_layoutA;cx0.25_cy0.75_layoutB;cx0.75_cy0.25_layoutA;cx0.75_cy0.25_layoutB;cx0.75_cy0.25_layoutC;cx0.75_cy0.75_layoutA;cx0.75_cy0.75_layoutB;cx0.75_cy0.75_layoutC,11,0.35,-0.4,1.675,3,0,8,cx0.25_cy0.25_layoutA;cx0.25_cy0.25_layoutB;cx0.25_cy0.25_layoutC;cx0.25_cy0.75_layoutA;cx0.25_cy0.75_layoutB;cx0.75_cy0.25_layoutA;cx0.75_cy0.25_layoutB;cx0.75_cy0.25_layoutC;cx0.75_cy0.75_layoutA;cx0.75_cy0.75_layoutB;cx0.75_cy0.75_layoutC,11,-0.01621856518019622,-0.15722656249999994,0.03720626631853785,5,0,6,cx0.25_cy0.25_layoutA;cx0.25_cy0.25_layoutB;cx0.25_cy0.25_layoutC;cx0.25_cy0.75_layoutA;cx0.25_cy0.75_layoutB;cx0.75_cy0.25_layoutA;cx0.75_cy0.25_layoutB;cx0.75_cy0.25_layoutC;cx0.75_cy0.75_layoutA;cx0.75_cy0.75_layoutB;cx0.75_cy0.75_layoutC,11,-0.3377386792826259,-2.3708977291244144,0.09652598194130468,9,0,2,cx0.25_cy0.25_layoutA;cx0.25_cy0.25_layoutB;cx0.25_cy0.25_layoutC;cx0.25_cy0.75_layoutA;cx0.25_cy0.75_layoutB;cx0.75_cy0.25_layoutA;cx0.75_cy0.25_layoutB;cx0.75_cy0.25_layoutC;cx0.75_cy0.75_layoutA;cx0.75_cy0.75_layoutB;cx0.75_cy0.75_layoutC,11,-0.35227272727272724,-2.5249999999999995,0.25,5,0,6,cx0.25_cy0.25_layoutA;cx0.25_cy0.25_layoutB;cx0.25_cy0.25_layoutC;cx0.25_cy0.75_layoutA;cx0.25_cy0.75_layoutB;cx0.75_cy0.25_layoutA;cx0.75_cy0.25_layoutB;cx0.75_cy0.25_layoutC;cx0.75_cy0.75_layoutA;cx0.75_cy0.75_layoutB;cx0.75_cy0.75_layoutC
family_pair,spatial_shift,diffuse_blur,0.1,0.05,12,12,24,24,cx0.25_cy0.25_layoutA;cx0.25_cy0.25_layoutB;cx0.25_cy0.25_layoutC;cx0.25_cy0.75_layoutA;cx0.25_cy0.75_layoutB;cx0.25_cy0.75_layoutC;cx0.75_cy0.25_layoutA;cx0.75_cy0.25_layoutB;cx0.75_cy0.25_layoutC;cx0.75_cy0.75_layoutA;cx0.75_cy0.75_layoutB;cx0.75_cy0.75_layoutC,True,finite_suite,12,0.032072362290590115,-0.09524822367031371,0.198072032896359,5,0,7,cx0.25_cy0.25_layoutA;cx0.25_cy0.25_layoutB;cx0.25_cy0.25_layoutC;cx0.25_cy0.75_layoutA;cx0.25_cy0.75_layoutB;cx0.25_cy0.75_layoutC;cx0.75_cy0.25_layoutA;cx0.75_cy0.25_layoutB;cx0.75_cy0.25_layoutC;cx0.75_cy0.75_layoutA;cx0.75_cy0.75_layoutB;cx0.75_cy0.75_layoutC,12,0.1633988498519786,-0.3648254667353561,0.8059987420679097,5,0,7,cx0.25_cy0.25_layoutA;cx0.25_cy0.25_layoutB;cx0.25_cy0.25_layoutC;cx0.25_cy0.75_layoutA;cx0.25_cy0.75_layoutB;cx0.25_cy0.75_layoutC;cx0.75_cy0.25_layoutA;cx0.75_cy0.25_layoutB;cx0.75_cy0.25_layoutC;cx0.75_cy0.75_layoutA;cx0.75_cy0.75_layoutB;cx0.75_cy0.75_layoutC,12,0.13124999999999995,-1.225,1.075,4,0,8,cx0.25_cy0.25_layoutA;cx0.25_cy0.25_layoutB;cx0.25_cy0.25_layoutC;cx0.25_cy0.75_layoutA;cx0.25_cy0.75_layoutB;cx0.25_cy0.75_layoutC;cx0.75_cy0.25_layoutA;cx0.75_cy0.25_layoutB;cx0.75_cy0.25_layoutC;cx0.75_cy0.75_layoutA;cx0.75_cy0.75_layoutB;cx0.75_cy0.75_layoutC,12,0.041666241704743257,-0.058750000000000024,0.23307291666666669,4,0,8,cx0.25_cy0.25_layoutA;cx0.25_cy0.25_layoutB;cx0.25_cy0.25_layoutC;cx0.25_cy0.75_layoutA;cx0.25_cy0.75_layoutB;cx0.25_cy0.75_layoutC;cx0.75_cy0.25_layoutA;cx0.75_cy0.25_layoutB;cx0.75_cy0.25_layoutC;cx0.75_cy0.75_layoutA;cx0.75_cy0.75_layoutB;cx0.75_cy0.75_layoutC,12,0.2701401239628132,-0.17298064008146308,0.9363558576773374,4,0,8,cx0.25_cy0.25_layoutA;cx0.25_cy0.25_layoutB;cx0.25_cy0.25_layoutC;cx0.25_cy0.75_layoutA;cx0.25_cy0.75_layoutB;cx0.25_cy0.75_layoutC;cx0.75_cy0.25_layoutA;cx0.75_cy0.25_layoutB;cx0.75_cy0.25_layoutC;cx0.75_cy0.75_layoutA;cx0.75_cy0.75_layoutB;cx0.75_cy0.75_layoutC,12,0.1166666666666667,-0.5750000000000001,0.8250000000000002,5,0,7,cx0.25_cy0.25_layoutA;cx0.25_cy0.25_layoutB;cx0.25_cy0.25_layoutC;cx0.25_cy0.75_layoutA;cx0.25_cy0.75_layoutB;cx0.25_cy0.75_layoutC;cx0.75_cy0.25_layoutA;cx0.75_cy0.25_layoutB;cx0.75_cy0.25_layoutC;cx0.75_cy0.75_layoutA;cx0.75_cy0.75_layoutB;cx0.75_cy0.75_layoutC
family_pair,spatial_shift,false_hotspot,0.1,0.05,12,12,24,24,cx0.25_cy0.25_layoutA;cx0.25_cy0.25_layoutB;cx0.25_cy0.25_layoutC;cx0.25_cy0.75_layoutA;cx0.25_cy0.75_layoutB;cx0.25_cy0.75_layoutC;cx0.75_cy0.25_layoutA;cx0.75_cy0.25_layoutB;cx0.75_cy0.25_layoutC;cx0.75_cy0.75_layoutA;cx0.75_cy0.75_layoutB;cx0.75_cy0.75_layoutC,True,finite_suite,12,-0.018087541261488236,-0.14153071207722417,0.19159378692126555,9,0,3,cx0.25_cy0.25_layoutA;cx0.25_cy0.25_layoutB;cx0.25_cy0.25_layoutC;cx0.25_cy0.75_layoutA;cx0.25_cy0.75_layoutB;cx0.25_cy0.75_layoutC;cx0.75_cy0.25_layoutA;cx0.75_cy0.25_layoutB;cx0.75_cy0.25_layoutC;cx0.75_cy0.75_layoutA;cx0.75_cy0.75_layoutB;cx0.75_cy0.75_layoutC,12,-0.2757602395999908,-1.2015843114029818,0.03527105307034967,10,0,2,cx0.25_cy0.25_layoutA;cx0.25_cy0.25_layoutB;cx0.25_cy0.25_layoutC;cx0.25_cy0.75_layoutA;cx0.25_cy0.75_layoutB;cx0.25_cy0.75_layoutC;cx0.75_cy0.25_layoutA;cx0.75_cy0.25_layoutB;cx0.75_cy0.25_layoutC;cx0.75_cy0.75_layoutA;cx0.75_cy0.75_layoutB;cx0.75_cy0.75_layoutC,12,-0.22708333333333341,-2.325,0.9999999999999999,9,0,3,cx0.25_cy0.25_layoutA;cx0.25_cy0.25_layoutB;cx0.25_cy0.25_layoutC;cx0.25_cy0.75_layoutA;cx0.25_cy0.75_layoutB;cx0.25_cy0.75_layoutC;cx0.75_cy0.25_layoutA;cx0.75_cy0.25_layoutB;cx0.75_cy0.25_layoutC;cx0.75_cy0.75_layoutA;cx0.75_cy0.75_layoutB;cx0.75_cy0.75_layoutC,12,-0.04429643303959963,-0.10468749999999993,0.08138020833333337,10,0,2,cx0.25_cy0.25_layoutA;cx0.25_cy0.25_layoutB;cx0.25_cy0.25_layoutC;cx0.25_cy0.75_layoutA;cx0.25_cy0.75_layoutB;cx0.25_cy0.75_layoutC;cx0.75_cy0.25_layoutA;cx0.75_cy0.25_layoutB;cx0.75_cy0.25_layoutC;cx0.75_cy0.75_layoutA;cx0.75_cy0.75_layoutB;cx0.75_cy0.75_layoutC,12,-0.028257987052701817,-0.28192315053301775,0.31896942947480356,8,0,4,cx0.25_cy0.25_layoutA;cx0.25_cy0.25_layoutB;cx0.25_cy0.25_layoutC;cx0.25_cy0.75_layoutA;cx0.25_cy0.75_layoutB;cx0.25_cy0.75_layoutC;cx0.75_cy0.25_layoutA;cx0.75_cy0.25_layoutB;cx0.75_cy0.25_layoutC;cx0.75_cy0.75_layoutA;cx0.75_cy0.75_layoutB;cx0.75_cy0.75_layoutC,12,-0.27708333333333335,-1.125,0.3250000000000002,8,0,4,cx0.25_cy0.25_layoutA;cx0.25_cy0.25_layoutB;cx0.25_cy0.25_layoutC;cx0.25_cy0.75_layoutA;cx0.25_cy0.75_layoutB;cx0.25_cy0.75_layoutC;cx0.75_cy0.25_layoutA;cx0.75_cy0.25_layoutB;cx0.75_cy0.25_layoutC;cx0.75_cy0.75_layoutA;cx0.75_cy0.75_layoutB;cx0.75_cy0.75_layoutC
family_pair,spatial_shift,false_negative_suppression,0.1,0.05,12,11,24,23,cx0.25_cy0.25_layoutA;cx0.25_cy0.25_layoutB;cx0.25_cy0.25_layoutC;cx0.25_cy0.75_layoutA;cx0.25_cy0.75_layoutB;cx0.75_cy0.25_layoutA;cx0.75_cy0.25_layoutB;cx0.75_cy0.25_layoutC;cx0.75_cy0.75_layoutA;cx0.75_cy0.75_layoutB;cx0.75_cy0.75_layoutC,False,conditional_on_valid_pairs,11,-0.03787949437869277,-0.15104905368271826,0.05477389794785348,8,0,3,cx0.25_cy0.25_layoutA;cx0.25_cy0.25_layoutB;cx0.25_cy0.25_layoutC;cx0.25_cy0.75_layoutA;cx0.25_cy0.75_layoutB;cx0.75_cy0.25_layoutA;cx0.75_cy0.25_layoutB;cx0.75_cy0.25_layoutC;cx0.75_cy0.75_layoutA;cx0.75_cy0.75_layoutB;cx0.75_cy0.75_layoutC,11,0.21953436323066883,-0.25129529155428365,0.7975938090843184,2,0,9,cx0.25_cy0.25_layoutA;cx0.25_cy0.25_layoutB;cx0.25_cy0.25_layoutC;cx0.25_cy0.75_layoutA;cx0.25_cy0.75_layoutB;cx0.75_cy0.25_layoutA;cx0.75_cy0.25_layoutB;cx0.75_cy0.25_layoutC;cx0.75_cy0.75_layoutA;cx0.75_cy0.75_layoutB;cx0.75_cy0.75_layoutC,11,0.4318181818181818,-0.475,1.7999999999999998,3,1,7,cx0.25_cy0.25_layoutA;cx0.25_cy0.25_layoutB;cx0.25_cy0.25_layoutC;cx0.25_cy0.75_layoutA;cx0.25_cy0.75_layoutB;cx0.75_cy0.25_layoutA;cx0.75_cy0.25_layoutB;cx0.75_cy0.25_layoutC;cx0.75_cy0.75_layoutA;cx0.75_cy0.75_layoutB;cx0.75_cy0.75_layoutC,11,0.011387288971635434,-0.04079634464751958,0.07486979166666669,4,0,7,cx0.25_cy0.25_layoutA;cx0.25_cy0.25_layoutB;cx0.25_cy0.25_layoutC;cx0.25_cy0.75_layoutA;cx0.25_cy0.75_layoutB;cx0.75_cy0.25_layoutA;cx0.75_cy0.25_layoutB;cx0.75_cy0.25_layoutC;cx0.75_cy0.75_layoutA;cx0.75_cy0.75_layoutB;cx0.75_cy0.75_layoutC,11,0.2354808015497519,-0.09125072366617593,0.9647967439625216,3,0,8,cx0.25_cy0.25_layoutA;cx0.25_cy0.25_layoutB;cx0.25_cy0.25_layoutC;cx0.25_cy0.75_layoutA;cx0.25_cy0.75_layoutB;cx0.75_cy0.25_layoutA;cx0.75_cy0.25_layoutB;cx0.75_cy0.25_layoutC;cx0.75_cy0.75_layoutA;cx0.75_cy0.75_layoutB;cx0.75_cy0.75_layoutC,11,0.04545454545454545,-0.4750000000000001,0.4999999999999998,4,0,7,cx0.25_cy0.25_layoutA;cx0.25_cy0.25_layoutB;cx0.25_cy0.25_layoutC;cx0.25_cy0.75_layoutA;cx0.25_cy0.75_layoutB;cx0.75_cy0.25_layoutA;cx0.75_cy0.25_layoutB;cx0.75_cy0.25_layoutC;cx0.75_cy0.75_layoutA;cx0.75_cy0.75_layoutB;cx0.75_cy0.75_layoutC
family_pair,diffuse_blur,false_hotspot,0.1,0.05,12,12,24,24,cx0.25_cy0.25_layoutA;cx0.25_cy0.25_layoutB;cx0.25_cy0.25_layoutC;cx0.25_cy0.75_layoutA;cx0.25_cy0.75_layoutB;cx0.25_cy0.75_layoutC;cx0.75_cy0.25_layoutA;cx0.75_cy0.25_layoutB;cx0.75_cy0.25_layoutC;cx0.75_cy0.75_layoutA;cx0.75_cy0.75_layoutB;cx0.75_cy0.75_layoutC,True,finite_suite,12,-0.050159903552078354,-0.2032255239579457,0.08742708797630144,7,0,5,cx0.25_cy0.25_layoutA;cx0.25_cy0.25_layoutB;cx0.25_cy0.25_layoutC;cx0.25_cy0.75_layoutA;cx0.25_cy0.75_layoutB;cx0.25_cy0.75_layoutC;cx0.75_cy0.25_layoutA;cx0.75_cy0.25_layoutB;cx0.75_cy0.25_layoutC;cx0.75_cy0.75_layoutA;cx0.75_cy0.75_layoutB;cx0.75_cy0.75_layoutC,12,-0.43915908945196946,-1.0221726713871848,0.1961368812709829,10,0,2,cx0.25_cy0.25_layoutA;cx0.25_cy0.25_layoutB;cx0.25_cy0.25_layoutC;cx0.25_cy0.75_layoutA;cx0.25_cy0.75_layoutB;cx0.25_cy0.75_layoutC;cx0.75_cy0.25_layoutA;cx0.75_cy0.25_layoutB;cx0.75_cy0.25_layoutC;cx0.75_cy0.75_layoutA;cx0.75_cy0.75_layoutB;cx0.75_cy0.75_layoutC,12,-0.3583333333333332,-1.425,0.9250000000000003,8,0,4,cx0.25_cy0.25_layoutA;cx0.25_cy0.25_layoutB;cx0.25_cy0.25_layoutC;cx0.25_cy0.75_layoutA;cx0.25_cy0.75_layoutB;cx0.25_cy0.75_layoutC;cx0.75_cy0.25_layoutA;cx0.75_cy0.25_layoutB;cx0.75_cy0.25_layoutC;cx0.75_cy0.75_layoutA;cx0.75_cy0.75_layoutB;cx0.75_cy0.75_layoutC,12,-0.0859626747443429,-0.15169270833333331,0.00031250000000004885,11,0,1,cx0.25_cy0.25_layoutA;cx0.25_cy0.25_layoutB;cx0.25_cy0.25_layoutC;cx0.25_cy0.75_layoutA;cx0.25_cy0.75_layoutB;cx0.25_cy0.75_layoutC;cx0.75_cy0.25_layoutA;cx0.75_cy0.25_layoutB;cx0.75_cy0.25_layoutC;cx0.75_cy0.75_layoutA;cx0.75_cy0.75_layoutB;cx0.75_cy0.75_layoutC,12,-0.29839811101551494,-0.7099015198416105,-0.0650760941726638,12,0,0,cx0.25_cy0.25_layoutA;cx0.25_cy0.25_layoutB;cx0.25_cy0.25_layoutC;cx0.25_cy0.75_layoutA;cx0.25_cy0.75_layoutB;cx0.25_cy0.75_layoutC;cx0.75_cy0.25_layoutA;cx0.75_cy0.25_layoutB;cx0.75_cy0.25_layoutC;cx0.75_cy0.75_layoutA;cx0.75_cy0.75_layoutB;cx0.75_cy0.75_layoutC,12,-0.39375,-0.7500000000000001,1.1102230246251565e-16,11,1,0,cx0.25_cy0.25_layoutA;cx0.25_cy0.25_layoutB;cx0.25_cy0.25_layoutC;cx0.25_cy0.75_layoutA;cx0.25_cy0.75_layoutB;cx0.25_cy0.75_layoutC;cx0.75_cy0.25_layoutA;cx0.75_cy0.25_layoutB;cx0.75_cy0.25_layoutC;cx0.75_cy0.75_layoutA;cx0.75_cy0.75_layoutB;cx0.75_cy0.75_layoutC
family_pair,diffuse_blur,false_negative_suppression,0.1,0.05,12,11,24,23,cx0.25_cy0.25_layoutA;cx0.25_cy0.25_layoutB;cx0.25_cy0.25_layoutC;cx0.25_cy0.75_layoutA;cx0.25_cy0.75_layoutB;cx0.75_cy0.25_layoutA;cx0.75_cy0.25_layoutB;cx0.75_cy0.25_layoutC;cx0.75_cy0.75_layoutA;cx0.75_cy0.75_layoutB;cx0.75_cy0.75_layoutC,False,conditional_on_valid_pairs,11,-0.0548609775233039,-0.14407763798556772,0.020687379795467253,6,0,5,cx0.25_cy0.25_layoutA;cx0.25_cy0.25_layoutB;cx0.25_cy0.25_layoutC;cx0.25_cy0.75_layoutA;cx0.25_cy0.75_layoutB;cx0.75_cy0.25_layoutA;cx0.75_cy0.25_layoutB;cx0.75_cy0.25_layoutC;cx0.75_cy0.75_layoutA;cx0.75_cy0.75_layoutB;cx0.75_cy0.75_layoutC,11,0.008115120961659773,-0.695570309174937,0.7136776086304804,6,0,5,cx0.25_cy0.25_layoutA;cx0.25_cy0.25_layoutB;cx0.25_cy0.25_layoutC;cx0.25_cy0.75_layoutA;cx0.25_cy0.75_layoutB;cx0.75_cy0.25_layoutA;cx0.75_cy0.25_layoutB;cx0.75_cy0.25_layoutC;cx0.75_cy0.75_layoutA;cx0.75_cy0.75_layoutB;cx0.75_cy0.75_layoutC,11,0.17727272727272728,-0.9749999999999999,1.675,6,1,4,cx0.25_cy0.25_layoutA;cx0.25_cy0.25_layoutB;cx0.25_cy0.25_layoutC;cx0.25_cy0.75_layoutA;cx0.25_cy0.75_layoutB;cx0.75_cy0.25_layoutA;cx0.75_cy0.25_layoutB;cx0.75_cy0.25_layoutC;cx0.75_cy0.75_layoutA;cx0.75_cy0.75_layoutB;cx0.75_cy0.75_layoutC,11,-0.012878345918387511,-0.12173629242819828,0.05058746736292424,5,0,6,cx0.25_cy0.25_layoutA;cx0.25_cy0.25_layoutB;cx0.25_cy0.25_layoutC;cx0.25_cy0.75_layoutA;cx0.25_cy0.75_layoutB;cx0.75_cy0.25_layoutA;cx0.75_cy0.25_layoutB;cx0.75_cy0.25_layoutC;cx0.75_cy0.75_layoutA;cx0.75_cy0.75_layoutB;cx0.75_cy0.75_layoutC,11,0.02590574428825915,-0.512943505781531,0.34666138814165015,4,0,7,cx0.25_cy0.25_layoutA;cx0.25_cy0.25_layoutB;cx0.25_cy0.25_layoutC;cx0.25_cy0.75_layoutA;cx0.25_cy0.75_layoutB;cx0.75_cy0.25_layoutA;cx0.75_cy0.25_layoutB;cx0.75_cy0.25_layoutC;cx0.75_cy0.75_layoutA;cx0.75_cy0.75_layoutB;cx0.75_cy0.75_layoutC,11,-0.015909090909090932,-0.7250000000000002,0.5499999999999999,4,0,7,cx0.25_cy0.25_layoutA;cx0.25_cy0.25_layoutB;cx0.25_cy0.25_layoutC;cx0.25_cy0.75_layoutA;cx0.25_cy0.75_layoutB;cx0.75_cy0.25_layoutA;cx0.75_cy0.25_layoutB;cx0.75_cy0.25_layoutC;cx0.75_cy0.75_layoutA;cx0.75_cy0.75_layoutB;cx0.75_cy0.75_layoutC
family_pair,false_hotspot,false_negative_suppression,0.1,0.05,12,11,24,23,cx0.25_cy0.25_layoutA;cx0.25_cy0.25_layoutB;cx0.25_cy0.25_layoutC;cx0.25_cy0.75_layoutA;cx0.25_cy0.75_layoutB;cx0.75_cy0.25_layoutA;cx0.75_cy0.25_layoutB;cx0.75_cy0.25_layoutC;cx0.75_cy0.75_layoutA;cx0.75_cy0.75_layoutB;cx0.75_cy0.75_layoutC,False,conditional_on_valid_pairs,11,-0.01289778660061947,-0.13681988897341207,0.11388176084840929,8,0,3,cx0.25_cy0.25_layoutA;cx0.25_cy0.25_layoutB;cx0.25_cy0.25_layoutC;cx0.25_cy0.75_layoutA;cx0.25_cy0.75_layoutB;cx0.75_cy0.25_layoutA;cx0.75_cy0.25_layoutB;cx0.75_cy0.25_layoutC;cx0.75_cy0.75_layoutA;cx0.75_cy0.75_layoutB;cx0.75_cy0.75_layoutC,11,0.41112877812129683,-0.17677624271814169,0.8759690734954704,1,0,10,cx0.25_cy0.25_layoutA;cx0.25_cy0.25_layoutB;cx0.25_cy0.25_layoutC;cx0.25_cy0.75_layoutA;cx0.25_cy0.75_layoutB;cx0.75_cy0.25_layoutA;cx0.75_cy0.25_layoutB;cx0.75_cy0.25_layoutC;cx0.75_cy0.75_layoutA;cx0.75_cy0.75_layoutB;cx0.75_cy0.75_layoutC,11,0.46818181818181814,-0.44999999999999996,1.0750000000000002,1,0,10,cx0.25_cy0.25_layoutA;cx0.25_cy0.25_layoutB;cx0.25_cy0.25_layoutC;cx0.25_cy0.75_layoutA;cx0.25_cy0.75_layoutB;cx0.75_cy0.25_layoutA;cx0.75_cy0.25_layoutB;cx0.75_cy0.25_layoutC;cx0.75_cy0.75_layoutA;cx0.75_cy0.75_layoutB;cx0.75_cy0.75_layoutC,11,0.06710887122695625,-0.016249999999999987,0.1367493472584856,1,0,10,cx0.25_cy0.25_layoutA;cx0.25_cy0.25_layoutB;cx0.25_cy0.25_layoutC;cx0.25_cy0.75_layoutA;cx0.25_cy0.75_layoutB;cx0.75_cy0.25_layoutA;cx0.75_cy0.25_layoutB;cx0.75_cy0.25_layoutC;cx0.75_cy0.75_layoutA;cx0.75_cy0.75_layoutB;cx0.75_cy0.75_layoutC,11,0.28689445450140183,-0.019676740643735258,0.645827314487718,1,0,10,cx0.25_cy0.25_layoutA;cx0.25_cy0.25_layoutB;cx0.25_cy0.25_layoutC;cx0.25_cy0.75_layoutA;cx0.25_cy0.75_layoutB;cx0.75_cy0.25_layoutA;cx0.75_cy0.25_layoutB;cx0.75_cy0.25_layoutC;cx0.75_cy0.75_layoutA;cx0.75_cy0.75_layoutB;cx0.75_cy0.75_layoutC,11,0.3772727272727272,0.02499999999999991,0.6749999999999999,0,0,11,cx0.25_cy0.25_layoutA;cx0.25_cy0.25_layoutB;cx0.25_cy0.25_layoutC;cx0.25_cy0.75_layoutA;cx0.25_cy0.75_layoutB;cx0.75_cy0.25_layoutA;cx0.75_cy0.25_layoutB;cx0.75_cy0.25_layoutC;cx0.75_cy0.75_layoutA;cx0.75_cy0.75_layoutB;cx0.75_cy0.75_layoutC
error_minus_oracle,spatial_shift,oracle,0.15,0.05,12,12,24,24,cx0.25_cy0.25_layoutA;cx0.25_cy0.25_layoutB;cx0.25_cy0.25_layoutC;cx0.25_cy0.75_layoutA;cx0.25_cy0.75_layoutB;cx0.25_cy0.75_layoutC;cx0.75_cy0.25_layoutA;cx0.75_cy0.25_layoutB;cx0.75_cy0.25_layoutC;cx0.75_cy0.75_layoutA;cx0.75_cy0.75_layoutB;cx0.75_cy0.75_layoutC,True,finite_suite,12,-0.07082463477475646,-0.1667743572732123,-0.001547600939954652,12,0,0,cx0.25_cy0.25_layoutA;cx0.25_cy0.25_layoutB;cx0.25_cy0.25_layoutC;cx0.25_cy0.75_layoutA;cx0.25_cy0.75_layoutB;cx0.25_cy0.75_layoutC;cx0.75_cy0.25_layoutA;cx0.75_cy0.25_layoutB;cx0.75_cy0.25_layoutC;cx0.75_cy0.75_layoutA;cx0.75_cy0.75_layoutB;cx0.75_cy0.75_layoutC,12,0.30671494663055815,-0.8001061529593522,1.3408639794351875,3,0,9,cx0.25_cy0.25_layoutA;cx0.25_cy0.25_layoutB;cx0.25_cy0.25_layoutC;cx0.25_cy0.75_layoutA;cx0.25_cy0.75_layoutB;cx0.25_cy0.75_layoutC;cx0.75_cy0.25_layoutA;cx0.75_cy0.25_layoutB;cx0.75_cy0.25_layoutC;cx0.75_cy0.75_layoutA;cx0.75_cy0.75_layoutB;cx0.75_cy0.75_layoutC,12,0.7916666666666666,-0.09999999999999998,2.475,3,0,9,cx0.25_cy0.25_layoutA;cx0.25_cy0.25_layoutB;cx0.25_cy0.25_layoutC;cx0.25_cy0.75_layoutA;cx0.25_cy0.75_layoutB;cx0.25_cy0.75_layoutC;cx0.75_cy0.25_layoutA;cx0.75_cy0.25_layoutB;cx0.75_cy0.25_layoutC;cx0.75_cy0.75_layoutA;cx0.75_cy0.75_layoutB;cx0.75_cy0.75_layoutC,12,0.00445268020652016,-0.1050913838120105,0.0822454308093995,5,0,7,cx0.25_cy0.25_layoutA;cx0.25_cy0.25_layoutB;cx0.25_cy0.25_layoutC;cx0.25_cy0.75_layoutA;cx0.25_cy0.75_layoutB;cx0.25_cy0.75_layoutC;cx0.75_cy0.25_layoutA;cx0.75_cy0.25_layoutB;cx0.75_cy0.25_layoutC;cx0.75_cy0.75_layoutA;cx0.75_cy0.75_layoutB;cx0.75_cy0.75_layoutC,12,-0.049767529576405345,-1.3644154005001103,0.49511440708217314,7,0,5,cx0.25_cy0.25_layoutA;cx0.25_cy0.25_layoutB;cx0.25_cy0.25_layoutC;cx0.25_cy0.75_layoutA;cx0.25_cy0.75_layoutB;cx0.25_cy0.75_layoutC;cx0.75_cy0.25_layoutA;cx0.75_cy0.25_layoutB;cx0.75_cy0.25_layoutC;cx0.75_cy0.75_layoutA;cx0.75_cy0.75_layoutB;cx0.75_cy0.75_layoutC,12,-0.19999999999999998,-2.175,0.47499999999999987,5,0,7,cx0.25_cy0.25_layoutA;cx0.25_cy0.25_layoutB;cx0.25_cy0.25_layoutC;cx0.25_cy0.75_layoutA;cx0.25_cy0.75_layoutB;cx0.25_cy0.75_layoutC;cx0.75_cy0.25_layoutA;cx0.75_cy0.25_layoutB;cx0.75_cy0.25_layoutC;cx0.75_cy0.75_layoutA;cx0.75_cy0.75_layoutB;cx0.75_cy0.75_layoutC
error_minus_oracle,diffuse_blur,oracle,0.15,0.05,12,12,24,24,cx0.25_cy0.25_layoutA;cx0.25_cy0.25_layoutB;cx0.25_cy0.25_layoutC;cx0.25_cy0.75_layoutA;cx0.25_cy0.75_layoutB;cx0.25_cy0.75_layoutC;cx0.75_cy0.25_layoutA;cx0.75_cy0.25_layoutB;cx0.75_cy0.25_layoutC;cx0.75_cy0.75_layoutA;cx0.75_cy0.75_layoutB;cx0.75_cy0.75_layoutC,True,finite_suite,12,-0.17579176699863955,-0.35343063825042265,-0.0016689597091686936,12,0,0,cx0.25_cy0.25_layoutA;cx0.25_cy0.25_layoutB;cx0.25_cy0.25_layoutC;cx0.25_cy0.75_layoutA;cx0.25_cy0.75_layoutB;cx0.25_cy0.75_layoutC;cx0.75_cy0.25_layoutA;cx0.75_cy0.25_layoutB;cx0.75_cy0.25_layoutC;cx0.75_cy0.75_layoutA;cx0.75_cy0.75_layoutB;cx0.75_cy0.75_layoutC,12,0.134652655347926,-1.0921255237529857,1.391053385805367,6,0,6,cx0.25_cy0.25_layoutA;cx0.25_cy0.25_layoutB;cx0.25_cy0.25_layoutC;cx0.25_cy0.75_layoutA;cx0.25_cy0.75_layoutB;cx0.25_cy0.75_layoutC;cx0.75_cy0.25_layoutA;cx0.75_cy0.25_layoutB;cx0.75_cy0.25_layoutC;cx0.75_cy0.75_layoutA;cx0.75_cy0.75_layoutB;cx0.75_cy0.75_layoutC,12,0.6625000000000001,-0.8,2.3,6,0,6,cx0.25_cy0.25_layoutA;cx0.25_cy0.25_layoutB;cx0.25_cy0.25_layoutC;cx0.25_cy0.75_layoutA;cx0.25_cy0.75_layoutB;cx0.25_cy0.75_layoutC;cx0.75_cy0.25_layoutA;cx0.75_cy0.25_layoutB;cx0.75_cy0.25_layoutC;cx0.75_cy0.75_layoutA;cx0.75_cy0.75_layoutB;cx0.75_cy0.75_layoutC,12,-0.04282343002067015,-0.28125,0.11096605744125326,8,0,4,cx0.25_cy0.25_layoutA;cx0.25_cy0.25_layoutB;cx0.25_cy0.25_layoutC;cx0.25_cy0.75_layoutA;cx0.25_cy0.75_layoutB;cx0.25_cy0.75_layoutC;cx0.75_cy0.25_layoutA;cx0.75_cy0.25_layoutB;cx0.75_cy0.25_layoutC;cx0.75_cy0.75_layoutA;cx0.75_cy0.75_layoutB;cx0.75_cy0.75_layoutC,12,-0.30414248672373895,-2.432461654645936,0.6516064375742578,9,0,3,cx0.25_cy0.25_layoutA;cx0.25_cy0.25_layoutB;cx0.25_cy0.25_layoutC;cx0.25_cy0.75_layoutA;cx0.25_cy0.75_layoutB;cx0.25_cy0.75_layoutC;cx0.75_cy0.25_layoutA;cx0.75_cy0.25_layoutB;cx0.75_cy0.25_layoutC;cx0.75_cy0.75_layoutA;cx0.75_cy0.75_layoutB;cx0.75_cy0.75_layoutC,12,-0.029166666666666657,-2.75,1.3000000000000003,5,0,7,cx0.25_cy0.25_layoutA;cx0.25_cy0.25_layoutB;cx0.25_cy0.25_layoutC;cx0.25_cy0.75_layoutA;cx0.25_cy0.75_layoutB;cx0.25_cy0.75_layoutC;cx0.75_cy0.25_layoutA;cx0.75_cy0.25_layoutB;cx0.75_cy0.25_layoutC;cx0.75_cy0.75_layoutA;cx0.75_cy0.75_layoutB;cx0.75_cy0.75_layoutC
error_minus_oracle,false_hotspot,oracle,0.15,0.05,12,12,24,24,cx0.25_cy0.25_layoutA;cx0.25_cy0.25_layoutB;cx0.25_cy0.25_layoutC;cx0.25_cy0.75_layoutA;cx0.25_cy0.75_layoutB;cx0.25_cy0.75_layoutC;cx0.75_cy0.25_layoutA;cx0.75_cy0.25_layoutB;cx0.75_cy0.25_layoutC;cx0.75_cy0.75_layoutA;cx0.75_cy0.75_layoutB;cx0.75_cy0.75_layoutC,True,finite_suite,12,-0.10407545641919824,-0.2748019646338059,0.0026244804197642635,11,0,1,cx0.25_cy0.25_layoutA;cx0.25_cy0.25_layoutB;cx0.25_cy0.25_layoutC;cx0.25_cy0.75_layoutA;cx0.25_cy0.75_layoutB;cx0.25_cy0.75_layoutC;cx0.75_cy0.25_layoutA;cx0.75_cy0.25_layoutB;cx0.75_cy0.25_layoutC;cx0.75_cy0.75_layoutA;cx0.75_cy0.75_layoutB;cx0.75_cy0.75_layoutC,12,0.6416538481026918,-0.8899773518083869,2.0688141284235244,2,0,10,cx0.25_cy0.25_layoutA;cx0.25_cy0.25_layoutB;cx0.25_cy0.25_layoutC;cx0.25_cy0.75_layoutA;cx0.25_cy0.75_layoutB;cx0.25_cy0.75_layoutC;cx0.75_cy0.25_layoutA;cx0.75_cy0.25_layoutB;cx0.75_cy0.25_layoutC;cx0.75_cy0.75_layoutA;cx0.75_cy0.75_layoutB;cx0.75_cy0.75_layoutC,12,1.1958333333333335,-0.09999999999999998,2.8,2,1,9,cx0.25_cy0.25_layoutA;cx0.25_cy0.25_layoutB;cx0.25_cy0.25_layoutC;cx0.25_cy0.75_layoutA;cx0.25_cy0.75_layoutB;cx0.25_cy0.75_layoutC;cx0.75_cy0.25_layoutA;cx0.75_cy0.25_layoutB;cx0.75_cy0.25_layoutC;cx0.75_cy0.75_layoutA;cx0.75_cy0.75_layoutB;cx0.75_cy0.75_layoutC,12,0.04042213167700174,-0.12141927083333337,0.24251302083333331,4,0,8,cx0.25_cy0.25_layoutA;cx0.25_cy0.25_layoutB;cx0.25_cy0.25_layoutC;cx0.25_cy0.75_layoutA;cx0.25_cy0.75_layoutB;cx0.25_cy0.75_layoutC;cx0.75_cy0.25_layoutA;cx0.75_cy0.25_layoutB;cx0.75_cy0.25_layoutC;cx0.75_cy0.75_layoutA;cx0.75_cy0.75_layoutB;cx0.75_cy0.75_layoutC,12,-0.011613419838865399,-1.8707292526900117,0.9260613987111752,7,0,5,cx0.25_cy0.25_layoutA;cx0.25_cy0.25_layoutB;cx0.25_cy0.25_layoutC;cx0.25_cy0.75_layoutA;cx0.25_cy0.75_layoutB;cx0.25_cy0.75_layoutC;cx0.75_cy0.25_layoutA;cx0.75_cy0.25_layoutB;cx0.75_cy0.25_layoutC;cx0.75_cy0.75_layoutA;cx0.75_cy0.75_layoutB;cx0.75_cy0.75_layoutC,12,-0.05416666666666664,-2.275,1.125,5,0,7,cx0.25_cy0.25_layoutA;cx0.25_cy0.25_layoutB;cx0.25_cy0.25_layoutC;cx0.25_cy0.75_layoutA;cx0.25_cy0.75_layoutB;cx0.25_cy0.75_layoutC;cx0.75_cy0.25_layoutA;cx0.75_cy0.25_layoutB;cx0.75_cy0.25_layoutC;cx0.75_cy0.75_layoutA;cx0.75_cy0.75_layoutB;cx0.75_cy0.75_layoutC
error_minus_oracle,false_negative_suppression,oracle,0.15,0.05,12,12,24,24,cx0.25_cy0.25_layoutA;cx0.25_cy0.25_layoutB;cx0.25_cy0.25_layoutC;cx0.25_cy0.75_layoutA;cx0.25_cy0.75_layoutB;cx0.25_cy0.75_layoutC;cx0.75_cy0.25_layoutA;cx0.75_cy0.25_layoutB;cx0.75_cy0.25_layoutC;cx0.75_cy0.75_layoutA;cx0.75_cy0.75_layoutB;cx0.75_cy0.75_layoutC,True,finite_suite,12,-0.03428008257817816,-0.1372399003682121,0.05304665206509507,7,0,5,cx0.25_cy0.25_layoutA;cx0.25_cy0.25_layoutB;cx0.25_cy0.25_layoutC;cx0.25_cy0.75_layoutA;cx0.25_cy0.75_layoutB;cx0.25_cy0.75_layoutC;cx0.75_cy0.25_layoutA;cx0.75_cy0.25_layoutB;cx0.75_cy0.25_layoutC;cx0.75_cy0.75_layoutA;cx0.75_cy0.75_layoutB;cx0.75_cy0.75_layoutC,12,0.10770016916565557,-1.0695685782607345,0.8158067817765324,3,0,9,cx0.25_cy0.25_layoutA;cx0.25_cy0.25_layoutB;cx0.25_cy0.25_layoutC;cx0.25_cy0.75_layoutA;cx0.25_cy0.75_layoutB;cx0.25_cy0.75_layoutC;cx0.75_cy0.25_layoutA;cx0.75_cy0.25_layoutB;cx0.75_cy0.25_layoutC;cx0.75_cy0.75_layoutA;cx0.75_cy0.75_layoutB;cx0.75_cy0.75_layoutC,12,0.5083333333333333,-0.6250000000000001,1.75,3,0,9,cx0.25_cy0.25_layoutA;cx0.25_cy0.25_layoutB;cx0.25_cy0.25_layoutC;cx0.25_cy0.75_layoutA;cx0.25_cy0.75_layoutB;cx0.25_cy0.75_layoutC;cx0.75_cy0.25_layoutA;cx0.75_cy0.25_layoutB;cx0.75_cy0.25_layoutC;cx0.75_cy0.75_layoutA;cx0.75_cy0.75_layoutB;cx0.75_cy0.75_layoutC,12,-0.012399329353423255,-0.17447916666666674,0.13656250000000003,5,0,7,cx0.25_cy0.25_layoutA;cx0.25_cy0.25_layoutB;cx0.25_cy0.25_layoutC;cx0.25_cy0.75_layoutA;cx0.25_cy0.75_layoutB;cx0.25_cy0.75_layoutC;cx0.75_cy0.25_layoutA;cx0.75_cy0.25_layoutB;cx0.75_cy0.25_layoutC;cx0.75_cy0.75_layoutA;cx0.75_cy0.75_layoutB;cx0.75_cy0.75_layoutC,12,-0.27681056083584515,-2.3258974889074886,0.3942661278088363,8,0,4,cx0.25_cy0.25_layoutA;cx0.25_cy0.25_layoutB;cx0.25_cy0.25_layoutC;cx0.25_cy0.75_layoutA;cx0.25_cy0.75_layoutB;cx0.25_cy0.75_layoutC;cx0.75_cy0.25_layoutA;cx0.75_cy0.25_layoutB;cx0.75_cy0.25_layoutC;cx0.75_cy0.75_layoutA;cx0.75_cy0.75_layoutB;cx0.75_cy0.75_layoutC,12,-0.19166666666666662,-2.3999999999999995,0.6750000000000002,6,0,6,cx0.25_cy0.25_layoutA;cx0.25_cy0.25_layoutB;cx0.25_cy0.25_layoutC;cx0.25_cy0.75_layoutA;cx0.25_cy0.75_layoutB;cx0.25_cy0.75_layoutC;cx0.75_cy0.25_layoutA;cx0.75_cy0.25_layoutB;cx0.75_cy0.25_layoutC;cx0.75_cy0.75_layoutA;cx0.75_cy0.75_layoutB;cx0.75_cy0.75_layoutC
family_pair,spatial_shift,diffuse_blur,0.15,0.05,12,12,24,24,cx0.25_cy0.25_layoutA;cx0.25_cy0.25_layoutB;cx0.25_cy0.25_layoutC;cx0.25_cy0.75_layoutA;cx0.25_cy0.75_layoutB;cx0.25_cy0.75_layoutC;cx0.75_cy0.25_layoutA;cx0.75_cy0.25_layoutB;cx0.75_cy0.25_layoutC;cx0.75_cy0.75_layoutA;cx0.75_cy0.75_layoutB;cx0.75_cy0.75_layoutC,True,finite_suite,12,0.1049671322238831,-0.02758033582122854,0.2890019010829989,4,0,8,cx0.25_cy0.25_layoutA;cx0.25_cy0.25_layoutB;cx0.25_cy0.25_layoutC;cx0.25_cy0.75_layoutA;cx0.25_cy0.75_layoutB;cx0.25_cy0.75_layoutC;cx0.75_cy0.25_layoutA;cx0.75_cy0.25_layoutB;cx0.75_cy0.25_layoutC;cx0.75_cy0.75_layoutA;cx0.75_cy0.75_layoutB;cx0.75_cy0.75_layoutC,12,0.17206229128263217,-0.8939259692910471,1.089667370586424,5,0,7,cx0.25_cy0.25_layoutA;cx0.25_cy0.25_layoutB;cx0.25_cy0.25_layoutC;cx0.25_cy0.75_layoutA;cx0.25_cy0.75_layoutB;cx0.25_cy0.75_layoutC;cx0.75_cy0.25_layoutA;cx0.75_cy0.25_layoutB;cx0.75_cy0.25_layoutC;cx0.75_cy0.75_layoutA;cx0.75_cy0.75_layoutB;cx0.75_cy0.75_layoutC,12,0.12916666666666665,-1.1750000000000003,1.425,3,1,8,cx0.25_cy0.25_layoutA;cx0.25_cy0.25_layoutB;cx0.25_cy0.25_layoutC;cx0.25_cy0.75_layoutA;cx0.25_cy0.75_layoutB;cx0.25_cy0.75_layoutC;cx0.75_cy0.25_layoutA;cx0.75_cy0.25_layoutB;cx0.75_cy0.25_layoutC;cx0.75_cy0.75_layoutA;cx0.75_cy0.75_layoutB;cx0.75_cy0.75_layoutC,12,0.04727611022719031,-0.05562499999999998,0.23925781249999994,4,0,8,cx0.25_cy0.25_layoutA;cx0.25_cy0.25_layoutB;cx0.25_cy0.25_layoutC;cx0.25_cy0.75_layoutA;cx0.25_cy0.75_layoutB;cx0.25_cy0.75_layoutC;cx0.75_cy0.25_layoutA;cx0.75_cy0.25_layoutB;cx0.75_cy0.25_layoutC;cx0.75_cy0.75_layoutA;cx0.75_cy0.75_layoutB;cx0.75_cy0.75_layoutC,12,0.25437495714733355,-0.2870559920048953,1.0680462541458258,5,0,7,cx0.25_cy0.25_layoutA;cx0.25_cy0.25_layoutB;cx0.25_cy0.25_layoutC;cx0.25_cy0.75_layoutA;cx0.25_cy0.75_layoutB;cx0.25_cy0.75_layoutC;cx0.75_cy0.25_layoutA;cx0.75_cy0.25_layoutB;cx0.75_cy0.25_layoutC;cx0.75_cy0.75_layoutA;cx0.75_cy0.75_layoutB;cx0.75_cy0.75_layoutC,12,-0.1708333333333333,-0.8500000000000001,0.75,7,0,5,cx0.25_cy0.25_layoutA;cx0.25_cy0.25_layoutB;cx0.25_cy0.25_layoutC;cx0.25_cy0.75_layoutA;cx0.25_cy0.75_layoutB;cx0.25_cy0.75_layoutC;cx0.75_cy0.25_layoutA;cx0.75_cy0.25_layoutB;cx0.75_cy0.25_layoutC;cx0.75_cy0.75_layoutA;cx0.75_cy0.75_layoutB;cx0.75_cy0.75_layoutC
family_pair,spatial_shift,false_hotspot,0.15,0.05,12,12,24,24,cx0.25_cy0.25_layoutA;cx0.25_cy0.25_layoutB;cx0.25_cy0.25_layoutC;cx0.25_cy0.75_layoutA;cx0.25_cy0.75_layoutB;cx0.25_cy0.75_layoutC;cx0.75_cy0.25_layoutA;cx0.75_cy0.25_layoutB;cx0.75_cy0.25_layoutC;cx0.75_cy0.75_layoutA;cx0.75_cy0.75_layoutB;cx0.75_cy0.75_layoutC,True,finite_suite,12,0.033250821644441764,-0.03804997120554843,0.19095179522111072,6,0,6,cx0.25_cy0.25_layoutA;cx0.25_cy0.25_layoutB;cx0.25_cy0.25_layoutC;cx0.25_cy0.75_layoutA;cx0.25_cy0.75_layoutB;cx0.25_cy0.75_layoutC;cx0.75_cy0.25_layoutA;cx0.75_cy0.25_layoutB;cx0.75_cy0.25_layoutC;cx0.75_cy0.75_layoutA;cx0.75_cy0.75_layoutB;cx0.75_cy0.75_layoutC,12,-0.33493890147213357,-1.0804084485485317,0.23227700502660742,8,0,4,cx0.25_cy0.25_layoutA;cx0.25_cy0.25_layoutB;cx0.25_cy0.25_layoutC;cx0.25_cy0.75_layoutA;cx0.25_cy0.75_layoutB;cx0.25_cy0.75_layoutC;cx0.75_cy0.25_layoutA;cx0.75_cy0.25_layoutB;cx0.75_cy0.25_layoutC;cx0.75_cy0.75_layoutA;cx0.75_cy0.75_layoutB;cx0.75_cy0.75_layoutC,12,-0.4041666666666668,-2.6,0.9250000000000002,6,1,5,cx0.25_cy0.25_layoutA;cx0.25_cy0.25_layoutB;cx0.25_cy0.25_layoutC;cx0.25_cy0.75_layoutA;cx0.25_cy0.75_layoutB;cx0.25_cy0.75_layoutC;cx0.75_cy0.25_layoutA;cx0.75_cy0.25_layoutB;cx0.75_cy0.25_layoutC;cx0.75_cy0.75_layoutA;cx0.75_cy0.75_layoutB;cx0.75_cy0.75_layoutC,12,-0.03596945147048158,-0.19726562499999997,0.07942708333333331,7,0,5,cx0.25_cy0.25_layoutA;cx0.25_cy0.25_layoutB;cx0.25_cy0.25_layoutC;cx0.25_cy0.75_layoutA;cx0.25_cy0.75_layoutB;cx0.25_cy0.75_layoutC;cx0.75_cy0.25_layoutA;cx0.75_cy0.25_layoutB;cx0.75_cy0.25_layoutC;cx0.75_cy0.75_layoutA;cx0.75_cy0.75_layoutB;cx0.75_cy0.75_layoutC,12,-0.03815410973753994,-0.4309469916290021,0.5063138521899013,8,0,4,cx0.25_cy0.25_layoutA;cx0.25_cy0.25_layoutB;cx0.25_cy0.25_layoutC;cx0.25_cy0.75_layoutA;cx0.25_cy0.75_layoutB;cx0.25_cy0.75_layoutC;cx0.75_cy0.25_layoutA;cx0.75_cy0.25_layoutB;cx0.75_cy0.25_layoutC;cx0.75_cy0.75_layoutA;cx0.75_cy0.75_layoutB;cx0.75_cy0.75_layoutC,12,-0.14583333333333334,-0.9,0.32499999999999996,7,0,5,cx0.25_cy0.25_layoutA;cx0.25_cy0.25_layoutB;cx0.25_cy0.25_layoutC;cx0.25_cy0.75_layoutA;cx0.25_cy0.75_layoutB;cx0.25_cy0.75_layoutC;cx0.75_cy0.25_layoutA;cx0.75_cy0.25_layoutB;cx0.75_cy0.25_layoutC;cx0.75_cy0.75_layoutA;cx0.75_cy0.75_layoutB;cx0.75_cy0.75_layoutC
family_pair,spatial_shift,false_negative_suppression,0.15,0.05,12,12,24,24,cx0.25_cy0.25_layoutA;cx0.25_cy0.25_layoutB;cx0.25_cy0.25_layoutC;cx0.25_cy0.75_layoutA;cx0.25_cy0.75_layoutB;cx0.25_cy0.75_layoutC;cx0.75_cy0.25_layoutA;cx0.75_cy0.25_layoutB;cx0.75_cy0.25_layoutC;cx0.75_cy0.75_layoutA;cx0.75_cy0.75_layoutB;cx0.75_cy0.75_layoutC,True,finite_suite,12,-0.036544552196578324,-0.153649113682439,0.04919556331119429,8,0,4,cx0.25_cy0.25_layoutA;cx0.25_cy0.25_layoutB;cx0.25_cy0.25_layoutC;cx0.25_cy0.75_layoutA;cx0.25_cy0.75_layoutB;cx0.25_cy0.75_layoutC;cx0.75_cy0.25_layoutA;cx0.75_cy0.25_layoutB;cx0.75_cy0.25_layoutC;cx0.75_cy0.75_layoutA;cx0.75_cy0.75_layoutB;cx0.75_cy0.75_layoutC,12,0.19901477746490256,-0.3795818238208977,1.0294526043278829,4,0,8,cx0.25_cy0.25_layoutA;cx0.25_cy0.25_layoutB;cx0.25_cy0.25_layoutC;cx0.25_cy0.75_layoutA;cx0.25_cy0.75_layoutB;cx0.25_cy0.75_layoutC;cx0.75_cy0.25_layoutA;cx0.75_cy0.25_layoutB;cx0.75_cy0.25_layoutC;cx0.75_cy0.75_layoutA;cx0.75_cy0.75_layoutB;cx0.75_cy0.75_layoutC,12,0.2833333333333334,-1.5499999999999998,2.0500000000000003,4,1,7,cx0.25_cy0.25_layoutA;cx0.25_cy0.25_layoutB;cx0.25_cy0.25_layoutC;cx0.25_cy0.75_layoutA;cx0.25_cy0.75_layoutB;cx0.25_cy0.75_layoutC;cx0.75_cy0.25_layoutA;cx0.75_cy0.25_layoutB;cx0.75_cy0.25_layoutC;cx0.75_cy0.75_layoutA;cx0.75_cy0.75_layoutB;cx0.75_cy0.75_layoutC,12,0.016852009559943416,-0.0553125000000001,0.13248697916666669,4,0,8,cx0.25_cy0.25_layoutA;cx0.25_cy0.25_layoutB;cx0.25_cy0.25_layoutC;cx0.25_cy0.75_layoutA;cx0.25_cy0.75_layoutB;cx0.25_cy0.75_layoutC;cx0.75_cy0.25_layoutA;cx0.75_cy0.25_layoutB;cx0.75_cy0.25_layoutC;cx0.75_cy0.75_layoutA;cx0.75_cy0.75_layoutB;cx0.75_cy0.75_layoutC,12,0.2270430312594399,-0.19849477237113722,0.9614820884073783,4,0,8,cx0.25_cy0.25_layoutA;cx0.25_cy0.25_layoutB;cx0.25_cy0.25_layoutC;cx0.25_cy0.75_layoutA;cx0.25_cy0.75_layoutB;cx0.25_cy0.75_layoutC;cx0.75_cy0.25_layoutA;cx0.75_cy0.25_layoutB;cx0.75_cy0.25_layoutC;cx0.75_cy0.75_layoutA;cx0.75_cy0.75_layoutB;cx0.75_cy0.75_layoutC,12,-0.008333333333333331,-1.025,0.5250000000000001,4,0,8,cx0.25_cy0.25_layoutA;cx0.25_cy0.25_layoutB;cx0.25_cy0.25_layoutC;cx0.25_cy0.75_layoutA;cx0.25_cy0.75_layoutB;cx0.25_cy0.75_layoutC;cx0.75_cy0.25_layoutA;cx0.75_cy0.25_layoutB;cx0.75_cy0.25_layoutC;cx0.75_cy0.75_layoutA;cx0.75_cy0.75_layoutB;cx0.75_cy0.75_layoutC
family_pair,diffuse_blur,false_hotspot,0.15,0.05,12,12,24,24,cx0.25_cy0.25_layoutA;cx0.25_cy0.25_layoutB;cx0.25_cy0.25_layoutC;cx0.25_cy0.75_layoutA;cx0.25_cy0.75_layoutB;cx0.25_cy0.75_layoutC;cx0.75_cy0.25_layoutA;cx0.75_cy0.25_layoutB;cx0.75_cy0.25_layoutC;cx0.75_cy0.75_layoutA;cx0.75_cy0.75_layoutB;cx0.75_cy0.75_layoutC,True,finite_suite,12,-0.07171631057944133,-0.1864931217584307,0.0325496371814365,8,0,4,cx0.25_cy0.25_layoutA;cx0.25_cy0.25_layoutB;cx0.25_cy0.25_layoutC;cx0.25_cy0.75_layoutA;cx0.25_cy0.75_layoutB;cx0.25_cy0.75_layoutC;cx0.75_cy0.25_layoutA;cx0.75_cy0.25_layoutB;cx0.75_cy0.25_layoutC;cx0.75_cy0.75_layoutA;cx0.75_cy0.75_layoutB;cx0.75_cy0.75_layoutC,12,-0.5070011927547657,-1.2294464074174178,0.15256674950294763,10,0,2,cx0.25_cy0.25_layoutA;cx0.25_cy0.25_layoutB;cx0.25_cy0.25_layoutC;cx0.25_cy0.75_layoutA;cx0.25_cy0.75_layoutB;cx0.25_cy0.75_layoutC;cx0.75_cy0.25_layoutA;cx0.75_cy0.25_layoutB;cx0.75_cy0.25_layoutC;cx0.75_cy0.75_layoutA;cx0.75_cy0.75_layoutB;cx0.75_cy0.75_layoutC,12,-0.5333333333333333,-1.5499999999999998,0.7750000000000002,10,0,2,cx0.25_cy0.25_layoutA;cx0.25_cy0.25_layoutB;cx0.25_cy0.25_layoutC;cx0.25_cy0.75_layoutA;cx0.25_cy0.75_layoutB;cx0.25_cy0.75_layoutC;cx0.75_cy0.25_layoutA;cx0.75_cy0.25_layoutB;cx0.75_cy0.25_layoutC;cx0.75_cy0.75_layoutA;cx0.75_cy0.75_layoutB;cx0.75_cy0.75_layoutC,12,-0.08324556169767189,-0.17317708333333348,0.01843750000000008,10,0,2,cx0.25_cy0.25_layoutA;cx0.25_cy0.25_layoutB;cx0.25_cy0.25_layoutC;cx0.25_cy0.75_layoutA;cx0.25_cy0.75_layoutB;cx0.25_cy0.75_layoutC;cx0.75_cy0.25_layoutA;cx0.75_cy0.25_layoutB;cx0.75_cy0.25_layoutC;cx0.75_cy0.75_layoutA;cx0.75_cy0.75_layoutB;cx0.75_cy0.75_layoutC,12,-0.29252906688487346,-0.8713664805632522,0.08910647764359325,10,0,2,cx0.25_cy0.25_layoutA;cx0.25_cy0.25_layoutB;cx0.25_cy0.25_layoutC;cx0.25_cy0.75_layoutA;cx0.25_cy0.75_layoutB;cx0.25_cy0.75_layoutC;cx0.75_cy0.25_layoutA;cx0.75_cy0.25_layoutB;cx0.75_cy0.25_layoutC;cx0.75_cy0.75_layoutA;cx0.75_cy0.75_layoutB;cx0.75_cy0.75_layoutC,12,0.024999999999999977,-0.4750000000000001,0.5750000000000001,5,0,7,cx0.25_cy0.25_layoutA;cx0.25_cy0.25_layoutB;cx0.25_cy0.25_layoutC;cx0.25_cy0.75_layoutA;cx0.25_cy0.75_layoutB;cx0.25_cy0.75_layoutC;cx0.75_cy0.25_layoutA;cx0.75_cy0.25_layoutB;cx0.75_cy0.25_layoutC;cx0.75_cy0.75_layoutA;cx0.75_cy0.75_layoutB;cx0.75_cy0.75_layoutC
family_pair,diffuse_blur,false_negative_suppression,0.15,0.05,12,12,24,24,cx0.25_cy0.25_layoutA;cx0.25_cy0.25_layoutB;cx0.25_cy0.25_layoutC;cx0.25_cy0.75_layoutA;cx0.25_cy0.75_layoutB;cx0.25_cy0.75_layoutC;cx0.75_cy0.25_layoutA;cx0.75_cy0.25_layoutB;cx0.75_cy0.25_layoutC;cx0.75_cy0.75_layoutA;cx0.75_cy0.75_layoutB;cx0.75_cy0.75_layoutC,True,finite_suite,12,-0.14151168442046141,-0.27568534660754346,-0.02909182442834296,12,0,0,cx0.25_cy0.25_layoutA;cx0.25_cy0.25_layoutB;cx0.25_cy0.25_layoutC;cx0.25_cy0.75_layoutA;cx0.25_cy0.75_layoutB;cx0.25_cy0.75_layoutC;cx0.75_cy0.25_layoutA;cx0.75_cy0.25_layoutB;cx0.75_cy0.25_layoutC;cx0.75_cy0.75_layoutA;cx0.75_cy0.75_layoutB;cx0.75_cy0.75_layoutC,12,0.026952486182270457,-0.8827993544481991,0.9167005050022017,8,0,4,cx0.25_cy0.25_layoutA;cx0.25_cy0.25_layoutB;cx0.25_cy0.25_layoutC;cx0.25_cy0.75_layoutA;cx0.25_cy0.75_layoutB;cx0.25_cy0.75_layoutC;cx0.75_cy0.25_layoutA;cx0.75_cy0.25_layoutB;cx0.75_cy0.25_layoutC;cx0.75_cy0.75_layoutA;cx0.75_cy0.75_layoutB;cx0.75_cy0.75_layoutC,12,0.15416666666666673,-1.175,1.6500000000000001,7,1,4,cx0.25_cy0.25_layoutA;cx0.25_cy0.25_layoutB;cx0.25_cy0.25_layoutC;cx0.25_cy0.75_layoutA;cx0.25_cy0.75_layoutB;cx0.25_cy0.75_layoutC;cx0.75_cy0.25_layoutA;cx0.75_cy0.25_layoutB;cx0.75_cy0.25_layoutC;cx0.75_cy0.75_layoutA;cx0.75_cy0.75_layoutB;cx0.75_cy0.75_layoutC,12,-0.030424100667246896,-0.10677083333333326,0.0633159268929504,9,0,3,cx0.25_cy0.25_layoutA;cx0.25_cy0.25_layoutB;cx0.25_cy0.25_layoutC;cx0.25_cy0.75_layoutA;cx0.25_cy0.75_layoutB;cx0.25_cy0.75_layoutC;cx0.75_cy0.25_layoutA;cx0.75_cy0.25_layoutB;cx0.75_cy0.25_layoutC;cx0.75_cy0.75_layoutA;cx0.75_cy0.75_layoutB;cx0.75_cy0.75_layoutC,12,-0.027331925887893665,-0.4935013475134935,0.43655108441693846,7,0,5,cx0.25_cy0.25_layoutA;cx0.25_cy0.25_layoutB;cx0.25_cy0.25_layoutC;cx0.25_cy0.75_layoutA;cx0.25_cy0.75_layoutB;cx0.25_cy0.75_layoutC;cx0.75_cy0.25_layoutA;cx0.75_cy0.25_layoutB;cx0.75_cy0.25_layoutC;cx0.75_cy0.75_layoutA;cx0.75_cy0.75_layoutB;cx0.75_cy0.75_layoutC,12,0.1625,-0.5000000000000002,0.925,6,0,6,cx0.25_cy0.25_layoutA;cx0.25_cy0.25_layoutB;cx0.25_cy0.25_layoutC;cx0.25_cy0.75_layoutA;cx0.25_cy0.75_layoutB;cx0.25_cy0.75_layoutC;cx0.75_cy0.25_layoutA;cx0.75_cy0.25_layoutB;cx0.75_cy0.25_layoutC;cx0.75_cy0.75_layoutA;cx0.75_cy0.75_layoutB;cx0.75_cy0.75_layoutC
family_pair,false_hotspot,false_negative_suppression,0.15,0.05,12,12,24,24,cx0.25_cy0.25_layoutA;cx0.25_cy0.25_layoutB;cx0.25_cy0.25_layoutC;cx0.25_cy0.75_layoutA;cx0.25_cy0.75_layoutB;cx0.25_cy0.75_layoutC;cx0.75_cy0.25_layoutA;cx0.75_cy0.25_layoutB;cx0.75_cy0.25_layoutC;cx0.75_cy0.75_layoutA;cx0.75_cy0.75_layoutB;cx0.75_cy0.75_layoutC,True,finite_suite,12,-0.06979537384102007,-0.20873179728583846,0.07351179343332614,10,0,2,cx0.25_cy0.25_layoutA;cx0.25_cy0.25_layoutB;cx0.25_cy0.25_layoutC;cx0.25_cy0.75_layoutA;cx0.25_cy0.75_layoutB;cx0.25_cy0.75_layoutC;cx0.75_cy0.25_layoutA;cx0.75_cy0.25_layoutB;cx0.75_cy0.25_layoutC;cx0.75_cy0.75_layoutA;cx0.75_cy0.75_layoutB;cx0.75_cy0.75_layoutC,12,0.5339536789370362,-0.405261602585084,1.7574027533162198,1,0,11,cx0.25_cy0.25_layoutA;cx0.25_cy0.25_layoutB;cx0.25_cy0.25_layoutC;cx0.25_cy0.75_layoutA;cx0.25_cy0.75_layoutB;cx0.25_cy0.75_layoutC;cx0.75_cy0.25_layoutA;cx0.75_cy0.25_layoutB;cx0.75_cy0.25_layoutC;cx0.75_cy0.75_layoutA;cx0.75_cy0.75_layoutB;cx0.75_cy0.75_layoutC,12,0.6875,-0.375,1.8250000000000002,1,0,11,cx0.25_cy0.25_layoutA;cx0.25_cy0.25_layoutB;cx0.25_cy0.25_layoutC;cx0.25_cy0.75_layoutA;cx0.25_cy0.75_layoutB;cx0.25_cy0.75_layoutC;cx0.75_cy0.25_layoutA;cx0.75_cy0.25_layoutB;cx0.75_cy0.25_layoutC;cx0.75_cy0.75_layoutA;cx0.75_cy0.75_layoutB;cx0.75_cy0.75_layoutC,12,0.05282146103042499,-0.03593750000000007,0.21028645833333331,4,0,8,cx0.25_cy0.25_layoutA;cx0.25_cy0.25_layoutB;cx0.25_cy0.25_layoutC;cx0.25_cy0.75_layoutA;cx0.25_cy0.75_layoutB;cx0.25_cy0.75_layoutC;cx0.75_cy0.25_layoutA;cx0.75_cy0.25_layoutB;cx0.75_cy0.25_layoutC;cx0.75_cy0.75_layoutA;cx0.75_cy0.75_layoutB;cx0.75_cy0.75_layoutC,12,0.26519714099697983,-0.14362643397598007,0.8760885267555447,3,0,9,cx0.25_cy0.25_layoutA;cx0.25_cy0.25_layoutB;cx0.25_cy0.25_layoutC;cx0.25_cy0.75_layoutA;cx0.25_cy0.75_layoutB;cx0.25_cy0.75_layoutC;cx0.75_cy0.25_layoutA;cx0.75_cy0.25_layoutB;cx0.75_cy0.25_layoutC;cx0.75_cy0.75_layoutA;cx0.75_cy0.75_layoutB;cx0.75_cy0.75_layoutC,12,0.1375,-0.7499999999999998,1.0,4,1,7,cx0.25_cy0.25_layoutA;cx0.25_cy0.25_layoutB;cx0.25_cy0.25_layoutC;cx0.25_cy0.75_layoutA;cx0.25_cy0.75_layoutB;cx0.25_cy0.75_layoutC;cx0.75_cy0.25_layoutA;cx0.75_cy0.25_layoutB;cx0.75_cy0.25_layoutC;cx0.75_cy0.75_layoutA;cx0.75_cy0.75_layoutB;cx0.75_cy0.75_layoutC
