contrast_type,family_left,family_right,target_js_nats,gamma,scene_id,planned_direction_pairs,available_valid_direction_pairs,complete_valid_direction_set,delta_exact_detection_probability,delta_exact_weighted_mean_t_find,delta_exact_weighted_median_t_find,delta_uniform_detection_probability,delta_uniform_weighted_mean_t_find,delta_uniform_weighted_median_t_find
baseline_minus_oracle,uniform_prior_baseline,oracle,,0.1,cx0.25_cy0.25_layoutA,1,1,True,-0.10992527440341526,-0.17617346323477845,-0.04999999999999999,0.03375,-0.03144864615650622,-0.3999999999999999
error_minus_oracle,spatial_shift,oracle,0.05,0.1,cx0.25_cy0.25_layoutA,2,2,True,-0.04142401002582358,-0.0825040028868953,-0.024999999999999994,-0.004374999999999962,-0.07898051853116606,-0.1499999999999999
error_minus_oracle,diffuse_blur,oracle,0.05,0.1,cx0.25_cy0.25_layoutA,2,2,True,-0.002766993150745023,0.003955795237816528,0.04999999999999999,0.016249999999999987,0.03294983985072619,-0.3500000000000001
error_minus_oracle,false_hotspot,oracle,0.05,0.1,cx0.25_cy0.25_layoutA,2,2,True,-0.014010776931714597,-0.05283240998337746,0.024999999999999994,0.050312499999999954,0.0037089060624950765,-0.10000000000000009
error_minus_oracle,false_negative_suppression,oracle,0.05,0.1,cx0.25_cy0.25_layoutA,2,2,True,-0.04095255829840322,-0.09018410132469412,0.024999999999999994,0.02124999999999999,-0.20507422337256054,-0.3250000000000002
family_pair,spatial_shift,diffuse_blur,0.05,0.1,cx0.25_cy0.25_layoutA,2,2,True,-0.038657016875078554,-0.08645979812471183,-0.07499999999999998,-0.02062499999999995,-0.11193035838189225,0.20000000000000018
family_pair,spatial_shift,false_hotspot,0.05,0.1,cx0.25_cy0.25_layoutA,2,2,True,-0.02741323309410898,-0.02967159290351784,-0.04999999999999999,-0.05468749999999992,-0.08268942459366113,-0.04999999999999982
family_pair,spatial_shift,false_negative_suppression,0.05,0.1,cx0.25_cy0.25_layoutA,2,2,True,-0.0004714517274203578,0.007680098437798821,-0.04999999999999999,-0.025624999999999953,0.12609370484139448,0.17500000000000027
family_pair,diffuse_blur,false_hotspot,0.05,0.1,cx0.25_cy0.25_layoutA,2,2,True,0.011243783780969574,0.05678820522119399,0.024999999999999994,-0.03406249999999997,0.029240933788231116,-0.25
family_pair,diffuse_blur,false_negative_suppression,0.05,0.1,cx0.25_cy0.25_layoutA,2,2,True,0.038185565147658196,0.09413989656251065,0.024999999999999994,-0.0050000000000000044,0.23802406322328673,-0.02499999999999991
family_pair,false_hotspot,false_negative_suppression,0.05,0.1,cx0.25_cy0.25_layoutA,2,2,True,0.026941781366688622,0.03735169134131666,0.0,0.029062499999999963,0.20878312943505561,0.2250000000000001
error_minus_oracle,spatial_shift,oracle,0.1,0.1,cx0.25_cy0.25_layoutA,2,2,True,-0.06888690801964481,-0.13072863873331508,-0.024999999999999994,0.0018750000000000155,-0.09511949860882285,-0.19999999999999996
error_minus_oracle,diffuse_blur,oracle,0.1,0.1,cx0.25_cy0.25_layoutA,2,2,True,-0.04036412039480475,-0.04054629064056203,0.0,0.03375,0.015413837154575116,-0.6000000000000001
error_minus_oracle,false_hotspot,oracle,0.1,0.1,cx0.25_cy0.25_layoutA,2,2,True,-0.08144206665973186,-0.1683962376916608,-0.04999999999999999,0.04999999999999996,-0.09882144786950353,-0.7500000000000001
error_minus_oracle,false_negative_suppression,oracle,0.1,0.1,cx0.25_cy0.25_layoutA,2,2,True,-0.08729041037435431,-0.18590124660248092,0.0,-0.004999999999999977,-0.2927002311632445,-0.44999999999999996
family_pair,spatial_shift,diffuse_blur,0.1,0.1,cx0.25_cy0.25_layoutA,2,2,True,-0.028522787624840062,-0.09018234809275305,-0.024999999999999994,-0.03187499999999999,-0.11053333576339797,0.40000000000000013
family_pair,spatial_shift,false_hotspot,0.1,0.1,cx0.25_cy0.25_layoutA,2,2,True,0.01255515864008705,0.037667598958345705,0.024999999999999994,-0.048124999999999946,0.0037019492606806814,0.5500000000000002
family_pair,spatial_shift,false_negative_suppression,0.1,0.1,cx0.25_cy0.25_layoutA,2,2,True,0.0184035023547095,0.055172607869165835,-0.024999999999999994,0.006874999999999992,0.19758073255442166,0.25
family_pair,diffuse_blur,false_hotspot,0.1,0.1,cx0.25_cy0.25_layoutA,2,2,True,0.04107794626492711,0.12784994705109876,0.04999999999999999,-0.01624999999999996,0.11423528502407865,0.15000000000000002
family_pair,diffuse_blur,false_negative_suppression,0.1,0.1,cx0.25_cy0.25_layoutA,2,2,True,0.04692628997954956,0.14535495596191889,0.0,0.03874999999999998,0.3081140683178196,-0.15000000000000013
family_pair,false_hotspot,false_negative_suppression,0.1,0.1,cx0.25_cy0.25_layoutA,2,2,True,0.00584834371462245,0.01750500891082013,-0.04999999999999999,0.05499999999999994,0.19387878329374097,-0.30000000000000016
error_minus_oracle,spatial_shift,oracle,0.15,0.1,cx0.25_cy0.25_layoutA,2,2,True,-0.09035534825414537,-0.154711627610031,-0.024999999999999994,0.0037499999999999756,-0.09309059484932536,-0.32499999999999996
error_minus_oracle,diffuse_blur,oracle,0.15,0.1,cx0.25_cy0.25_layoutA,2,2,True,-0.0938806106737452,-0.13204388451608795,-0.04999999999999999,0.040000000000000036,-0.002699026549511707,-0.4500000000000002
error_minus_oracle,false_hotspot,oracle,0.15,0.1,cx0.25_cy0.25_layoutA,2,2,True,-0.1071570267671047,-0.22033817857850563,-0.04999999999999999,0.04562499999999997,-0.1863111295468841,-1.0
error_minus_oracle,false_negative_suppression,oracle,0.15,0.1,cx0.25_cy0.25_layoutA,2,2,True,-0.11417775258696439,-0.21856331280242608,-0.024999999999999994,-0.012187499999999962,-0.4041362104167766,-0.6500000000000001
family_pair,spatial_shift,diffuse_blur,0.15,0.1,cx0.25_cy0.25_layoutA,2,2,True,0.0035252624195998283,-0.022667743093943038,0.024999999999999994,-0.03625000000000006,-0.09039156829981365,0.12500000000000022
family_pair,spatial_shift,false_hotspot,0.15,0.1,cx0.25_cy0.25_layoutA,2,2,True,0.016801678512959328,0.06562655096847464,0.024999999999999994,-0.041874999999999996,0.09322053469755875,0.6750000000000002
family_pair,spatial_shift,false_negative_suppression,0.15,0.1,cx0.25_cy0.25_layoutA,2,2,True,0.023822404332819014,0.06385168519239509,0.0,0.015937499999999938,0.31104561556745125,0.3250000000000002
family_pair,diffuse_blur,false_hotspot,0.15,0.1,cx0.25_cy0.25_layoutA,2,2,True,0.0132764160933595,0.08829429406241768,0.0,-0.005624999999999936,0.1836121029973724,0.5499999999999999
family_pair,diffuse_blur,false_negative_suppression,0.15,0.1,cx0.25_cy0.25_layoutA,2,2,True,0.020297141913219185,0.08651942828633813,-0.024999999999999994,0.0521875,0.4014371838672649,0.19999999999999996
family_pair,false_hotspot,false_negative_suppression,0.15,0.1,cx0.25_cy0.25_layoutA,2,2,True,0.007020725819859686,-0.0017748657760795483,-0.024999999999999994,0.05781249999999993,0.2178250808698925,-0.35
baseline_minus_oracle,uniform_prior_baseline,oracle,,0.05,cx0.25_cy0.25_layoutA,1,1,True,-0.11705481889106584,-0.25990215324671473,-0.04999999999999999,0.0462499999999999,-0.13949916067607182,-0.5
error_minus_oracle,spatial_shift,oracle,0.05,0.05,cx0.25_cy0.25_layoutA,2,2,True,-0.039776935516177114,-0.18059019148199862,-0.024999999999999994,-0.033125000000000016,-0.14659713118154838,-0.9499999999999997
error_minus_oracle,diffuse_blur,oracle,0.05,0.05,cx0.25_cy0.25_layoutA,2,2,True,0.029908027553628203,-0.009802461367550919,0.09999999999999998,-0.011249999999999982,-0.05208219207703868,-1.0499999999999998
error_minus_oracle,false_hotspot,oracle,0.05,0.05,cx0.25_cy0.25_layoutA,2,2,True,-0.010387115484864984,-0.12160054011906107,0.024999999999999994,0.05437500000000006,0.04992911369249042,-0.09999999999999987
error_minus_oracle,false_negative_suppression,oracle,0.05,0.05,cx0.25_cy0.25_layoutA,2,2,True,-0.017271822420796223,-0.11048578324117203,0.04999999999999999,-0.003750000000000031,-0.11930686540338553,-0.5
family_pair,spatial_shift,diffuse_blur,0.05,0.05,cx0.25_cy0.25_layoutA,2,2,True,-0.06968496306980532,-0.1707877301144477,-0.12499999999999997,-0.021875000000000033,-0.0945149391045097,0.10000000000000009
family_pair,spatial_shift,false_hotspot,0.05,0.05,cx0.25_cy0.25_layoutA,2,2,True,-0.02938982003131213,-0.058989651362937545,-0.04999999999999999,-0.08750000000000008,-0.1965262448740388,-0.8499999999999999
family_pair,spatial_shift,false_negative_suppression,0.05,0.05,cx0.25_cy0.25_layoutA,2,2,True,-0.02250511309538089,-0.07010440824082659,-0.07499999999999998,-0.029374999999999984,-0.027290265778162848,-0.44999999999999973
family_pair,diffuse_blur,false_hotspot,0.05,0.05,cx0.25_cy0.25_layoutA,2,2,True,0.040295143038493186,0.11179807875151015,0.07499999999999998,-0.06562500000000004,-0.1020113057695291,-0.95
family_pair,diffuse_blur,false_negative_suppression,0.05,0.05,cx0.25_cy0.25_layoutA,2,2,True,0.047179849974424426,0.10068332187362111,0.04999999999999999,-0.007499999999999951,0.06722467332634685,-0.5499999999999998
family_pair,false_hotspot,false_negative_suppression,0.05,0.05,cx0.25_cy0.25_layoutA,2,2,True,0.00688470693593124,-0.011114756877889043,-0.024999999999999994,0.05812500000000009,0.16923597909587595,0.40000000000000013
error_minus_oracle,spatial_shift,oracle,0.1,0.05,cx0.25_cy0.25_layoutA,2,2,True,-0.08557532727177719,-0.27753222228318486,-0.07499999999999998,-0.028749999999999998,-0.20014407115835775,-1.375
error_minus_oracle,diffuse_blur,oracle,0.1,0.05,cx0.25_cy0.25_layoutA,2,2,True,0.009672896398536523,-0.006876292176060006,0.0,0.030000000000000027,-0.034596863279467094,-0.7999999999999998
error_minus_oracle,false_hotspot,oracle,0.1,0.05,cx0.25_cy0.25_layoutA,2,2,True,-0.050398410283594375,-0.2030131734470429,-0.04999999999999999,0.051562499999999956,0.030479230893196707,-0.24999999999999978
error_minus_oracle,false_negative_suppression,oracle,0.1,0.05,cx0.25_cy0.25_layoutA,2,2,True,0.000764044481013193,-0.02623693072890121,0.4,0.0006249999999999867,-0.10889334749218182,-0.8999999999999998
family_pair,spatial_shift,diffuse_blur,0.1,0.05,cx0.25_cy0.25_layoutA,2,2,True,-0.09524822367031371,-0.27065593010712485,-0.07499999999999998,-0.058750000000000024,-0.16554720787889066,-0.5750000000000001
family_pair,spatial_shift,false_hotspot,0.1,0.05,cx0.25_cy0.25_layoutA,2,2,True,-0.035176916988182816,-0.07451904883614197,-0.024999999999999994,-0.08031249999999995,-0.23062330205155446,-1.125
family_pair,spatial_shift,false_negative_suppression,0.1,0.05,cx0.25_cy0.25_layoutA,2,2,True,-0.08633937175279038,-0.25129529155428365,-0.475,-0.029374999999999984,-0.09125072366617593,-0.4750000000000001
family_pair,diffuse_blur,false_hotspot,0.1,0.05,cx0.25_cy0.25_layoutA,2,2,True,0.0600713066821309,0.1961368812709829,0.04999999999999999,-0.02156249999999993,-0.0650760941726638,-0.55
family_pair,diffuse_blur,false_negative_suppression,0.1,0.05,cx0.25_cy0.25_layoutA,2,2,True,0.00890885191752333,0.019360638552841203,-0.4,0.02937500000000004,0.07429648421271473,0.09999999999999998
family_pair,false_hotspot,false_negative_suppression,0.1,0.05,cx0.25_cy0.25_layoutA,2,2,True,-0.05116245476460757,-0.17677624271814169,-0.44999999999999996,0.05093749999999997,0.13937257838537853,0.65
error_minus_oracle,spatial_shift,oracle,0.15,0.05,cx0.25_cy0.25_layoutA,2,2,True,-0.1060253819290683,-0.30134969126705985,-0.04999999999999999,-0.00874999999999998,-0.1744960640515023,-1.275
error_minus_oracle,diffuse_blur,oracle,0.15,0.05,cx0.25_cy0.25_layoutA,2,2,True,-0.08003586680603714,-0.17446272052829848,-0.04999999999999999,0.046875,-0.07505783389274034,-0.5
error_minus_oracle,false_hotspot,oracle,0.15,0.05,cx0.25_cy0.25_layoutA,2,2,True,-0.11258550398747363,-0.3270294700312461,-0.07499999999999998,0.02843749999999992,-0.11962772565634516,-0.9999999999999998
error_minus_oracle,false_negative_suppression,oracle,0.15,0.05,cx0.25_cy0.25_layoutA,2,2,True,-0.045450782549641355,0.07823213255383787,0.30000000000000004,0.03312499999999996,0.02399870831963491,-0.25
family_pair,spatial_shift,diffuse_blur,0.15,0.05,cx0.25_cy0.25_layoutA,2,2,True,-0.02598951512303116,-0.12688697073876137,0.0,-0.05562499999999998,-0.09943823015876196,-0.7749999999999999
family_pair,spatial_shift,false_hotspot,0.15,0.05,cx0.25_cy0.25_layoutA,2,2,True,0.006560122058405338,0.025679778764186256,0.024999999999999994,-0.0371874999999999,-0.054868338395157146,-0.27500000000000013
family_pair,spatial_shift,false_negative_suppression,0.15,0.05,cx0.25_cy0.25_layoutA,2,2,True,-0.06057459937942694,-0.3795818238208977,-0.35,-0.04187499999999994,-0.19849477237113722,-1.025
family_pair,diffuse_blur,false_hotspot,0.15,0.05,cx0.25_cy0.25_layoutA,2,2,True,0.0325496371814365,0.15256674950294763,0.024999999999999994,0.01843750000000008,0.04456989176360482,0.4999999999999998
family_pair,diffuse_blur,false_negative_suppression,0.15,0.05,cx0.25_cy0.25_layoutA,2,2,True,-0.03458508425639578,-0.25269485308213635,-0.35,0.01375000000000004,-0.09905654221237525,-0.25
family_pair,false_hotspot,false_negative_suppression,0.15,0.05,cx0.25_cy0.25_layoutA,2,2,True,-0.06713472143783228,-0.405261602585084,-0.375,-0.004687500000000039,-0.14362643397598007,-0.7499999999999998
baseline_minus_oracle,uniform_prior_baseline,oracle,,0.1,cx0.25_cy0.25_layoutB,1,1,True,-0.18562424973644354,-0.2945125778315729,-0.15000000000000002,-0.01305483028720622,-0.016931057998312404,-0.25
error_minus_oracle,spatial_shift,oracle,0.05,0.1,cx0.25_cy0.25_layoutB,2,2,True,-0.029142674781283073,0.03253290271929188,0.0,0.06364229765013057,0.43455313406069274,0.44999999999999996
error_minus_oracle,diffuse_blur,oracle,0.05,0.1,cx0.25_cy0.25_layoutB,2,2,True,-0.011409955743083122,0.021275970548278678,0.0,0.02741514360313324,0.0434406014365325,0.04999999999999982
error_minus_oracle,false_hotspot,oracle,0.05,0.1,cx0.25_cy0.25_layoutB,2,2,True,-0.03697450856126433,-0.038705854218875124,0.0,0.013381201044386448,0.43389028157034737,0.6000000000000001
error_minus_oracle,false_negative_suppression,oracle,0.05,0.1,cx0.25_cy0.25_layoutB,2,2,True,-0.10111785959806602,-0.20170093644775805,-0.07499999999999998,-0.06625326370757173,-0.14096523386408344,-0.17500000000000004
family_pair,spatial_shift,diffuse_blur,0.05,0.1,cx0.25_cy0.25_layoutB,2,2,True,-0.01773271903819995,0.011256932171013201,0.0,0.036227154046997334,0.39111253262416024,0.40000000000000013
family_pair,spatial_shift,false_hotspot,0.05,0.1,cx0.25_cy0.25_layoutB,2,2,True,0.007831833779981257,0.071238756938167,0.0,0.05026109660574413,0.000662852490345367,-0.15000000000000013
family_pair,spatial_shift,false_negative_suppression,0.05,0.1,cx0.25_cy0.25_layoutB,2,2,True,0.07197518481678294,0.23423383916704993,0.07499999999999998,0.1298955613577023,0.5755183679247762,0.625
family_pair,diffuse_blur,false_hotspot,0.05,0.1,cx0.25_cy0.25_layoutB,2,2,True,0.025564552818181208,0.0599818247671538,0.0,0.014033942558746793,-0.39044968013381487,-0.5500000000000003
family_pair,diffuse_blur,false_negative_suppression,0.05,0.1,cx0.25_cy0.25_layoutB,2,2,True,0.0897079038549829,0.22297690699603673,0.07499999999999998,0.09366840731070497,0.18440583530061594,0.22499999999999987
family_pair,false_hotspot,false_negative_suppression,0.05,0.1,cx0.25_cy0.25_layoutB,2,2,True,0.06414335103680169,0.16299508222888293,0.07499999999999998,0.07963446475195818,0.5748555154344308,0.7750000000000001
error_minus_oracle,spatial_shift,oracle,0.1,0.1,cx0.25_cy0.25_layoutB,2,2,True,-0.10401662283264335,-0.06467041005417229,-0.07499999999999998,-0.06005221932114879,0.22156024821638032,0.32499999999999996
error_minus_oracle,diffuse_blur,oracle,0.1,0.1,cx0.25_cy0.25_layoutB,2,2,True,-0.06290413585566734,-0.10179331283369464,-0.04999999999999999,0.04699738903394257,-0.012654781013529792,-0.20000000000000018
error_minus_oracle,false_hotspot,oracle,0.1,0.1,cx0.25_cy0.25_layoutB,2,2,True,-0.11091395198766152,-0.16632092901145307,-0.07499999999999998,0.01860313315926901,0.16679138008045236,-0.17499999999999993
error_minus_oracle,false_negative_suppression,oracle,0.1,0.1,cx0.25_cy0.25_layoutB,2,2,True,-0.1328659512778409,-0.2547690316072302,-0.07499999999999998,-0.07473890339425582,-0.220304020144666,-0.375
family_pair,spatial_shift,diffuse_blur,0.1,0.1,cx0.25_cy0.25_layoutB,2,2,True,-0.041112486976976004,0.03712290277952235,-0.024999999999999994,-0.10704960835509136,0.2342150292299101,0.5250000000000001
family_pair,spatial_shift,false_hotspot,0.1,0.1,cx0.25_cy0.25_layoutB,2,2,True,0.0068973291550181726,0.10165051895728078,0.0,-0.0786553524804178,0.05476886813592796,0.4999999999999999
family_pair,spatial_shift,false_negative_suppression,0.1,0.1,cx0.25_cy0.25_layoutB,2,2,True,0.028849328445197553,0.1900986215530579,0.0,0.014686684073107026,0.4418642683610463,0.7
family_pair,diffuse_blur,false_hotspot,0.1,0.1,cx0.25_cy0.25_layoutB,2,2,True,0.048009816131994176,0.06452761617775843,0.024999999999999994,0.028394255874673563,-0.17944616109398215,-0.025000000000000244
family_pair,diffuse_blur,false_negative_suppression,0.1,0.1,cx0.25_cy0.25_layoutB,2,2,True,0.06996181542217356,0.15297571877353555,0.024999999999999994,0.12173629242819839,0.2076492391311362,0.17499999999999982
family_pair,false_hotspot,false_negative_suppression,0.1,0.1,cx0.25_cy0.25_layoutB,2,2,True,0.02195199929017938,0.08844810259577712,0.0,0.09334203655352483,0.38709540022511835,0.20000000000000007
error_minus_oracle,spatial_shift,oracle,0.15,0.1,cx0.25_cy0.25_layoutB,2,2,True,-0.12976693104929998,-0.11216769731825538,-0.07499999999999998,-0.060052219321148764,0.21221270693452143,0.2749999999999999
error_minus_oracle,diffuse_blur,oracle,0.15,0.1,cx0.25_cy0.25_layoutB,2,2,True,-0.17050285296214396,-0.24975939033222694,-0.09999999999999998,-0.001958224543080922,0.019065664569498875,-0.25
error_minus_oracle,false_hotspot,oracle,0.15,0.1,cx0.25_cy0.25_layoutB,2,2,True,-0.14162648278447282,-0.20994984019278784,-0.07499999999999998,0.016318537859007887,0.18026921316800992,-0.2749999999999999
error_minus_oracle,false_negative_suppression,oracle,0.15,0.1,cx0.25_cy0.25_layoutB,2,2,True,-0.14941274235803165,-0.26173966550656175,-0.1,-0.07114882506527409,-0.2813649637691651,-0.475
family_pair,spatial_shift,diffuse_blur,0.15,0.1,cx0.25_cy0.25_layoutB,2,2,True,0.040735921912843975,0.13759169301397156,0.024999999999999994,-0.05809399477806784,0.19314704236502256,0.5249999999999999
family_pair,spatial_shift,false_hotspot,0.15,0.1,cx0.25_cy0.25_layoutB,2,2,True,0.011859551735172835,0.09778214287453246,0.0,-0.07637075718015665,0.03194349376651151,0.5499999999999998
family_pair,spatial_shift,false_negative_suppression,0.15,0.1,cx0.25_cy0.25_layoutB,2,2,True,0.019645811308731664,0.14957196818830637,0.025000000000000022,0.011096605744125326,0.4935776707036865,0.7499999999999999
family_pair,diffuse_blur,false_hotspot,0.15,0.1,cx0.25_cy0.25_layoutB,2,2,True,-0.02887637017767114,-0.0398095501394391,-0.024999999999999994,-0.01827676240208881,-0.16120354859851105,0.02499999999999991
family_pair,diffuse_blur,false_negative_suppression,0.15,0.1,cx0.25_cy0.25_layoutB,2,2,True,-0.02109011060411231,0.011980275174334809,2.7755575615628914e-17,0.06919060052219317,0.30043062833866396,0.22499999999999998
family_pair,false_hotspot,false_negative_suppression,0.15,0.1,cx0.25_cy0.25_layoutB,2,2,True,0.007786259573558829,0.05178982531377391,0.025000000000000022,0.08746736292428198,0.461634176937175,0.20000000000000007
baseline_minus_oracle,uniform_prior_baseline,oracle,,0.05,cx0.25_cy0.25_layoutB,1,1,True,-0.12968136180547174,-0.27850275314905926,-0.09999999999999998,-0.034595300261096584,-0.27108178946086836,-0.6999999999999997
error_minus_oracle,spatial_shift,oracle,0.05,0.05,cx0.25_cy0.25_layoutB,2,2,True,0.039142510151374876,0.04625137128412399,0.024999999999999994,0.06298955613577023,0.3500984526606541,-0.09999999999999987
error_minus_oracle,diffuse_blur,oracle,0.05,0.05,cx0.25_cy0.25_layoutB,2,2,True,0.027816842706478218,0.1357661478918022,0.09999999999999998,0.025456919060052208,0.7831831466843591,-0.19999999999999973
error_minus_oracle,false_hotspot,oracle,0.05,0.05,cx0.25_cy0.25_layoutB,2,2,True,0.006954699730370217,0.07558590599428855,0.024999999999999994,0.12826370757180156,0.5368884504270883,0.19999999999999996
error_minus_oracle,false_negative_suppression,oracle,0.05,0.05,cx0.25_cy0.25_layoutB,2,2,True,-0.0189477808021406,-0.010777923587306837,0.0,-0.011422976501305415,-0.14826958775634247,-0.3999999999999999
family_pair,spatial_shift,diffuse_blur,0.05,0.05,cx0.25_cy0.25_layoutB,2,2,True,0.011325667444896659,-0.0895147766076782,-0.07499999999999998,0.03753263707571802,-0.433084694023705,0.09999999999999987
family_pair,spatial_shift,false_hotspot,0.05,0.05,cx0.25_cy0.25_layoutB,2,2,True,0.03218781042100466,-0.02933453471016456,0.0,-0.06527415143603132,-0.18678999776643423,-0.2999999999999998
family_pair,spatial_shift,false_negative_suppression,0.05,0.05,cx0.25_cy0.25_layoutB,2,2,True,0.05809029095351548,0.057029294871430825,0.024999999999999994,0.07441253263707565,0.49836804041699656,0.30000000000000004
family_pair,diffuse_blur,false_hotspot,0.05,0.05,cx0.25_cy0.25_layoutB,2,2,True,0.020862142976108,0.06018024189751364,0.07499999999999998,-0.10280678851174935,0.24629469625727074,-0.3999999999999997
family_pair,diffuse_blur,false_negative_suppression,0.05,0.05,cx0.25_cy0.25_layoutB,2,2,True,0.04676462350861882,0.14654407147910903,0.09999999999999998,0.03687989556135762,0.9314527344407015,0.20000000000000018
family_pair,false_hotspot,false_negative_suppression,0.05,0.05,cx0.25_cy0.25_layoutB,2,2,True,0.02590248053251082,0.08636382958159539,0.024999999999999994,0.13968668407310697,0.6851580381834308,0.5999999999999999
error_minus_oracle,spatial_shift,oracle,0.1,0.05,cx0.25_cy0.25_layoutB,2,2,True,-0.03009968966623966,-0.0015101170025167976,-0.024999999999999994,0.052219321148825104,0.37015580915905644,2.220446049250313e-16
error_minus_oracle,diffuse_blur,oracle,0.1,0.05,cx0.25_cy0.25_layoutB,2,2,True,-0.077291684602242,-0.16782170500187177,-0.04999999999999999,0.02937336814621405,-0.0824762088678237,-0.25
error_minus_oracle,false_hotspot,oracle,0.1,0.05,cx0.25_cy0.25_layoutB,2,2,True,0.03608274437766251,0.04949310376238436,0.024999999999999994,0.13348563968668403,0.3805616979891473,-0.09999999999999987
error_minus_oracle,false_negative_suppression,oracle,0.1,0.05,cx0.25_cy0.25_layoutB,2,2,True,-0.07779901647074677,-0.07990408683911693,-0.04999999999999999,-0.003263707571801555,-0.09940347514750947,-0.30000000000000004
family_pair,spatial_shift,diffuse_blur,0.1,0.05,cx0.25_cy0.25_layoutB,2,2,True,0.047191994936002346,0.16631158799935497,0.024999999999999994,0.022845953002611052,0.45263201802688013,0.2500000000000002
family_pair,spatial_shift,false_hotspot,0.1,0.05,cx0.25_cy0.25_layoutB,2,2,True,-0.06618243404390217,-0.05100322076490116,-0.04999999999999999,-0.08126631853785893,-0.01040588883009086,0.10000000000000009
family_pair,spatial_shift,false_negative_suppression,0.1,0.05,cx0.25_cy0.25_layoutB,2,2,True,0.047699326804507114,0.07839396983660013,0.024999999999999994,0.05548302872062666,0.4695592843065659,0.30000000000000027
family_pair,diffuse_blur,false_hotspot,0.1,0.05,cx0.25_cy0.25_layoutB,2,2,True,-0.11337442897990452,-0.21731480876425613,-0.07499999999999998,-0.10411227154046998,-0.463037906856971,-0.15000000000000013
family_pair,diffuse_blur,false_negative_suppression,0.1,0.05,cx0.25_cy0.25_layoutB,2,2,True,0.0005073318685047679,-0.08791761816275484,0.0,0.03263707571801561,0.01692726627968577,0.050000000000000044
family_pair,false_hotspot,false_negative_suppression,0.1,0.05,cx0.25_cy0.25_layoutB,2,2,True,0.11388176084840929,0.1293971906015013,0.07499999999999998,0.1367493472584856,0.47996517313665676,0.20000000000000018
error_minus_oracle,spatial_shift,oracle,0.15,0.05,cx0.25_cy0.25_layoutB,2,2,True,-0.035425490785784164,-0.04484423904299001,-0.024999999999999994,0.04471279373368148,0.3263399436901553,-0.07499999999999996
error_minus_oracle,diffuse_blur,oracle,0.15,0.05,cx0.25_cy0.25_layoutB,2,2,True,-0.09764925638951327,-0.16341115196638933,-0.04999999999999999,-0.02415143603133152,-0.25539042149201396,-0.75
error_minus_oracle,false_hotspot,oracle,0.15,0.05,cx0.25_cy0.25_layoutB,2,2,True,0.0026244804197642635,0.029692791042215227,0.0,0.13087467362924282,0.3438257469428738,-0.3500000000000001
error_minus_oracle,false_negative_suppression,oracle,0.15,0.05,cx0.25_cy0.25_layoutB,2,2,True,-0.056544243045717424,-0.11296132748725424,-0.024999999999999994,0.03067885117493474,-0.0984572858750119,-0.24999999999999978
family_pair,spatial_shift,diffuse_blur,0.15,0.05,cx0.25_cy0.25_layoutB,2,2,True,0.06222376560372911,0.11856691292339933,0.024999999999999994,0.068864229765013,0.5817303651821693,0.675
family_pair,spatial_shift,false_hotspot,0.15,0.05,cx0.25_cy0.25_layoutB,2,2,True,-0.03804997120554843,-0.07453703008520524,-0.024999999999999994,-0.08616187989556134,-0.017485803252718535,0.27500000000000013
family_pair,spatial_shift,false_negative_suppression,0.15,0.05,cx0.25_cy0.25_layoutB,2,2,True,0.02111875225993326,0.06811708844426423,0.0,0.014033942558746737,0.4247972295651672,0.17499999999999982
family_pair,diffuse_blur,false_hotspot,0.15,0.05,cx0.25_cy0.25_layoutB,2,2,True,-0.10027373680927754,-0.19310394300860456,-0.04999999999999999,-0.15502610966057434,-0.5992161684348878,-0.3999999999999999
family_pair,diffuse_blur,false_negative_suppression,0.15,0.05,cx0.25_cy0.25_layoutB,2,2,True,-0.04110501334379585,-0.0504498244791351,-0.024999999999999994,-0.05483028720626626,-0.15693313561700206,-0.5000000000000002
family_pair,false_hotspot,false_negative_suppression,0.15,0.05,cx0.25_cy0.25_layoutB,2,2,True,0.05916872346548169,0.14265411852946946,0.024999999999999994,0.10019582245430808,0.4422830328178857,-0.10000000000000031
baseline_minus_oracle,uniform_prior_baseline,oracle,,0.1,cx0.25_cy0.25_layoutC,1,1,True,-0.18448373729962586,-0.3231290650697266,-0.15000000000000002,-0.1015625,-0.12915278501465766,-0.40000000000000036
error_minus_oracle,spatial_shift,oracle,0.05,0.1,cx0.25_cy0.25_layoutC,2,2,True,0.0018551817208468657,0.06164435782180311,0.0,0.06477864583333331,0.4552731541325026,0.2749999999999999
error_minus_oracle,diffuse_blur,oracle,0.05,0.1,cx0.25_cy0.25_layoutC,2,2,True,-0.0459476198931128,-0.06263259642037045,0.0,-0.03125,-0.037166051124103205,-0.10000000000000009
error_minus_oracle,false_hotspot,oracle,0.05,0.1,cx0.25_cy0.25_layoutC,2,2,True,0.012729675805315865,0.028975479931225456,0.024999999999999994,0.023763020833333287,0.30496291594481795,0.02499999999999991
error_minus_oracle,false_negative_suppression,oracle,0.05,0.1,cx0.25_cy0.25_layoutC,2,2,True,-0.032055245476619976,-0.10969075631803338,0.0,-0.08723958333333331,-0.17743736333419702,-0.3250000000000002
family_pair,spatial_shift,diffuse_blur,0.05,0.1,cx0.25_cy0.25_layoutC,2,2,True,0.04780280161395967,0.12427695424217355,0.0,0.09602864583333331,0.4924392052566058,0.375
family_pair,spatial_shift,false_hotspot,0.05,0.1,cx0.25_cy0.25_layoutC,2,2,True,-0.010874494084469,0.03266887789057765,-0.024999999999999994,0.04101562500000003,0.15031023818768463,0.25
family_pair,spatial_shift,false_negative_suppression,0.05,0.1,cx0.25_cy0.25_layoutC,2,2,True,0.03391042719746684,0.1713351141398365,0.0,0.15201822916666663,0.6327105174666996,0.6000000000000001
family_pair,diffuse_blur,false_hotspot,0.05,0.1,cx0.25_cy0.25_layoutC,2,2,True,-0.058677295698428666,-0.0916080763515959,-0.024999999999999994,-0.05501302083333329,-0.34212896706892115,-0.125
family_pair,diffuse_blur,false_negative_suppression,0.05,0.1,cx0.25_cy0.25_layoutC,2,2,True,-0.013892374416492825,0.04705815989766293,0.0,0.055989583333333315,0.1402713122100938,0.2250000000000001
family_pair,false_hotspot,false_negative_suppression,0.05,0.1,cx0.25_cy0.25_layoutC,2,2,True,0.04478492128193584,0.13866623624925883,0.024999999999999994,0.1110026041666666,0.48240027927901497,0.3500000000000001
error_minus_oracle,spatial_shift,oracle,0.1,0.1,cx0.25_cy0.25_layoutC,2,2,True,-0.05797802689576825,-0.07366123889103221,-0.024999999999999994,-0.017903645833333315,0.3091058908937596,-0.025000000000000133
error_minus_oracle,diffuse_blur,oracle,0.1,0.1,cx0.25_cy0.25_layoutC,2,2,True,-0.07290572201952328,-0.14393584465328468,-0.04999999999999999,-0.03841145833333326,-0.13238851879493696,-0.30000000000000027
error_minus_oracle,false_hotspot,oracle,0.1,0.1,cx0.25_cy0.25_layoutC,2,2,True,-0.061589027958035225,-0.1247226927704485,-0.04999999999999999,-0.023111979166666685,0.18540525639953875,-0.27500000000000013
error_minus_oracle,false_negative_suppression,oracle,0.1,0.1,cx0.25_cy0.25_layoutC,2,2,True,-0.07630607661339817,-0.1887744657732341,-0.04999999999999999,-0.1083984375,-0.2410659968607758,-0.4500000000000002
family_pair,spatial_shift,diffuse_blur,0.1,0.1,cx0.25_cy0.25_layoutC,2,2,True,0.014927695123755025,0.07027460576225247,0.024999999999999994,0.020507812499999944,0.4414944096886966,0.27500000000000013
family_pair,spatial_shift,false_hotspot,0.1,0.1,cx0.25_cy0.25_layoutC,2,2,True,0.003611001062266972,0.051061453879416296,0.024999999999999994,0.00520833333333337,0.12370063449422086,0.25
family_pair,spatial_shift,false_negative_suppression,0.1,0.1,cx0.25_cy0.25_layoutC,2,2,True,0.018328049717629913,0.11511322688220188,0.024999999999999994,0.09049479166666669,0.5501718877545354,0.42500000000000004
family_pair,diffuse_blur,false_hotspot,0.1,0.1,cx0.25_cy0.25_layoutC,2,2,True,-0.011316694061488053,-0.019213151882836177,0.0,-0.015299479166666574,-0.3177937751944757,-0.025000000000000133
family_pair,diffuse_blur,false_negative_suppression,0.1,0.1,cx0.25_cy0.25_layoutC,2,2,True,0.003400354593874888,0.04483862111994941,0.0,0.06998697916666674,0.10867747806583883,0.1499999999999999
family_pair,false_hotspot,false_negative_suppression,0.1,0.1,cx0.25_cy0.25_layoutC,2,2,True,0.014717048655362941,0.06405177300278558,0.0,0.08528645833333331,0.42647125326031454,0.17500000000000004
error_minus_oracle,spatial_shift,oracle,0.15,0.1,cx0.25_cy0.25_layoutC,2,1,False,,,,,,
error_minus_oracle,diffuse_blur,oracle,0.15,0.1,cx0.25_cy0.25_layoutC,2,2,True,-0.1723600660533794,-0.29314093087139304,-0.09999999999999998,-0.09114583333333331,-0.06139891221809135,-0.1499999999999999
error_minus_oracle,false_hotspot,oracle,0.15,0.1,cx0.25_cy0.25_layoutC,2,2,True,-0.11483207522867178,-0.18812894407196912,-0.07499999999999998,-0.051106770833333315,0.24229744192635994,-0.17500000000000004
error_minus_oracle,false_negative_suppression,oracle,0.15,0.1,cx0.25_cy0.25_layoutC,2,2,True,-0.10210973258828054,-0.20424913843773118,-0.04999999999999999,-0.11263020833333331,-0.2825815274827681,-0.5500000000000003
family_pair,spatial_shift,diffuse_blur,0.15,0.1,cx0.25_cy0.25_layoutC,2,1,False,,,,,,
family_pair,spatial_shift,false_hotspot,0.15,0.1,cx0.25_cy0.25_layoutC,2,1,False,,,,,,
family_pair,spatial_shift,false_negative_suppression,0.15,0.1,cx0.25_cy0.25_layoutC,2,1,False,,,,,,
family_pair,diffuse_blur,false_hotspot,0.15,0.1,cx0.25_cy0.25_layoutC,2,2,True,-0.05752799082470761,-0.10501198679942392,-0.024999999999999994,-0.0400390625,-0.3036963541444513,0.025000000000000133
family_pair,diffuse_blur,false_negative_suppression,0.15,0.1,cx0.25_cy0.25_layoutC,2,2,True,-0.07025033346509885,-0.08889179243366185,-0.04999999999999999,0.021484375,0.22118261526467675,0.40000000000000036
family_pair,false_hotspot,false_negative_suppression,0.15,0.1,cx0.25_cy0.25_layoutC,2,2,True,-0.012722342640391238,0.016120194365762064,-0.024999999999999994,0.0615234375,0.524878969409128,0.3750000000000002
baseline_minus_oracle,uniform_prior_baseline,oracle,,0.05,cx0.25_cy0.25_layoutC,1,1,True,-0.20824760555877642,-1.2313988281947739,-0.19999999999999996,-0.2122395833333332,-2.4866157412768275,-2.65
error_minus_oracle,spatial_shift,oracle,0.05,0.05,cx0.25_cy0.25_layoutC,2,2,True,-0.07835698345969377,-0.7709994760485956,-0.09999999999999998,-0.06640624999999989,-1.2127778595646996,-1.8499999999999996
error_minus_oracle,diffuse_blur,oracle,0.05,0.05,cx0.25_cy0.25_layoutC,2,2,True,-0.11312141693709177,-0.617862285558803,-0.04999999999999999,0.01171875,-0.7034618158972465,-0.8499999999999996
error_minus_oracle,false_hotspot,oracle,0.05,0.05,cx0.25_cy0.25_layoutC,2,2,True,-0.07903688150328564,-0.7434624357641114,-0.09999999999999998,0.010416666666666685,-1.1536914668338727,-1.4249999999999998
error_minus_oracle,false_negative_suppression,oracle,0.05,0.05,cx0.25_cy0.25_layoutC,2,2,True,-0.1468892701576665,-1.065438140922915,-0.14999999999999997,-0.18196614583333331,-2.3590499538865046,-2.5
family_pair,spatial_shift,diffuse_blur,0.05,0.05,cx0.25_cy0.25_layoutC,2,2,True,0.034764433477397993,-0.15313719048979263,-0.04999999999999999,-0.07812499999999989,-0.5093160436674531,-1.0
family_pair,spatial_shift,false_hotspot,0.05,0.05,cx0.25_cy0.25_layoutC,2,2,True,0.0006798980435918645,-0.02753704028448417,0.0,-0.07682291666666657,-0.05908639273082694,-0.4249999999999998
family_pair,spatial_shift,false_negative_suppression,0.05,0.05,cx0.25_cy0.25_layoutC,2,2,True,0.06853228669797273,0.2944386648743193,0.04999999999999999,0.11555989583333343,1.1462720943218048,0.6500000000000004
family_pair,diffuse_blur,false_hotspot,0.05,0.05,cx0.25_cy0.25_layoutC,2,2,True,-0.03408453543380613,0.12560015020530846,0.04999999999999999,0.0013020833333333148,0.45022965093662615,0.5750000000000002
family_pair,diffuse_blur,false_negative_suppression,0.05,0.05,cx0.25_cy0.25_layoutC,2,2,True,0.03376785322057474,0.44757585536411193,0.09999999999999998,0.19368489583333331,1.6555881379892579,1.6500000000000004
family_pair,false_hotspot,false_negative_suppression,0.05,0.05,cx0.25_cy0.25_layoutC,2,2,True,0.06785238865438087,0.32197570515880347,0.04999999999999999,0.1923828125,1.2053584870526317,1.0750000000000002
error_minus_oracle,spatial_shift,oracle,0.1,0.05,cx0.25_cy0.25_layoutC,2,2,True,-0.11071925787600306,-0.8652762966083932,-0.12499999999999997,-0.08235677083333326,-1.406100985161893,-2.025
error_minus_oracle,diffuse_blur,oracle,0.1,0.05,cx0.25_cy0.25_layoutC,2,2,True,-0.15786336930405664,-1.123600677143365,-0.14999999999999997,-0.14518229166666663,-2.3378859762835784,-2.4
error_minus_oracle,false_hotspot,oracle,0.1,0.05,cx0.25_cy0.25_layoutC,2,2,True,-0.07604915529708506,-0.9005473496787428,-0.09999999999999998,-0.031249999999999944,-1.7250704146366966,-2.05
error_minus_oracle,false_negative_suppression,oracle,0.1,0.05,cx0.25_cy0.25_layoutC,2,2,True,-0.10823015034633848,-1.055625667493545,-0.12499999999999997,-0.15722656249999994,-2.3708977291244144,-2.5249999999999995
family_pair,spatial_shift,diffuse_blur,0.1,0.05,cx0.25_cy0.25_layoutC,2,2,True,0.04714411142805358,0.25832438053497186,0.024999999999999994,0.06282552083333337,0.9317849911216853,0.375
family_pair,spatial_shift,false_hotspot,0.1,0.05,cx0.25_cy0.25_layoutC,2,2,True,-0.034670102578918005,0.03527105307034967,-0.024999999999999994,-0.051106770833333315,0.31896942947480356,0.02499999999999991
family_pair,spatial_shift,false_negative_suppression,0.1,0.05,cx0.25_cy0.25_layoutC,2,2,True,-0.0024891075296645804,0.19034937088515158,0.0,0.07486979166666669,0.9647967439625216,0.4999999999999998
family_pair,diffuse_blur,false_hotspot,0.1,0.05,cx0.25_cy0.25_layoutC,2,2,True,-0.08181421400697159,-0.2230533274646222,-0.04999999999999999,-0.11393229166666669,-0.6128155616468818,-0.3500000000000001
family_pair,diffuse_blur,false_negative_suppression,0.1,0.05,cx0.25_cy0.25_layoutC,2,2,True,-0.04963321895771816,-0.06797500964982028,-0.024999999999999994,0.012044270833333315,0.03301175284083624,0.12499999999999978
family_pair,false_hotspot,false_negative_suppression,0.1,0.05,cx0.25_cy0.25_layoutC,2,2,True,0.032180995049253425,0.1550783178148019,0.024999999999999994,0.1259765625,0.645827314487718,0.47499999999999987
error_minus_oracle,spatial_shift,oracle,0.15,0.05,cx0.25_cy0.25_layoutC,2,2,True,-0.0915860263379647,-0.8001061529593522,-0.09999999999999998,-0.07421875,-1.3644154005001103,-2.175
error_minus_oracle,diffuse_blur,oracle,0.15,0.05,cx0.25_cy0.25_layoutC,2,2,True,-0.1746426248075672,-1.0921255237529857,-0.14999999999999997,-0.197265625,-2.432461654645936,-2.75
error_minus_oracle,false_hotspot,oracle,0.15,0.05,cx0.25_cy0.25_layoutC,2,2,True,-0.06372810693488595,-0.8899773518083869,-0.09999999999999998,-0.02408854166666652,-1.8707292526900117,-2.275
error_minus_oracle,false_negative_suppression,oracle,0.15,0.05,cx0.25_cy0.25_layoutC,2,2,True,-0.1372399003682121,-1.0695685782607345,-0.14999999999999997,-0.15592447916666657,-2.3258974889074886,-2.3999999999999995
family_pair,spatial_shift,diffuse_blur,0.15,0.05,cx0.25_cy0.25_layoutC,2,2,True,0.0830565984696025,0.2920193707936335,0.04999999999999999,0.123046875,1.0680462541458258,0.5750000000000002
family_pair,spatial_shift,false_hotspot,0.15,0.05,cx0.25_cy0.25_layoutC,2,2,True,-0.027857919403078746,0.08987119884903472,0.0,-0.05013020833333348,0.5063138521899013,0.10000000000000009
family_pair,spatial_shift,false_negative_suppression,0.15,0.05,cx0.25_cy0.25_layoutC,2,2,True,0.0456538740302474,0.26946242530138237,0.04999999999999999,0.08170572916666657,0.9614820884073783,0.22499999999999987
family_pair,diffuse_blur,false_hotspot,0.15,0.05,cx0.25_cy0.25_layoutC,2,2,True,-0.11091451787268125,-0.20214817194459878,-0.04999999999999999,-0.17317708333333348,-0.5617324019559244,-0.4750000000000001
family_pair,diffuse_blur,false_negative_suppression,0.15,0.05,cx0.25_cy0.25_layoutC,2,2,True,-0.037402724439355106,-0.022556945492251124,0.0,-0.041341145833333426,-0.10656416573844751,-0.3500000000000003
family_pair,false_hotspot,false_negative_suppression,0.15,0.05,cx0.25_cy0.25_layoutC,2,2,True,0.07351179343332614,0.17959122645234765,0.04999999999999999,0.13183593750000006,0.45516823621747693,0.12499999999999978
baseline_minus_oracle,uniform_prior_baseline,oracle,,0.1,cx0.25_cy0.75_layoutA,1,1,True,-0.39675545493033154,0.836691190696095,1.1500000000000001,-0.0906249999999999,0.10631550493872544,0.8000000000000003
error_minus_oracle,spatial_shift,oracle,0.05,0.1,cx0.25_cy0.75_layoutA,2,2,True,0.017534312287127984,0.03664449814017734,0.050000000000000044,0.025000000000000133,-0.08019920383186252,0.07500000000000007
error_minus_oracle,diffuse_blur,oracle,0.05,0.1,cx0.25_cy0.75_layoutA,2,2,True,-0.10189508954656645,-0.1302209629547706,-0.050000000000000044,-0.05687500000000001,-0.16548624982935878,-0.09999999999999987
error_minus_oracle,false_hotspot,oracle,0.05,0.1,cx0.25_cy0.75_layoutA,2,2,True,-0.08405824710068172,-0.12613562476111206,-0.050000000000000044,-0.04562499999999997,-0.18442441232550333,-0.07499999999999984
error_minus_oracle,false_negative_suppression,oracle,0.05,0.1,cx0.25_cy0.75_layoutA,2,2,True,-0.10989224156454303,-0.1297076513229286,-0.050000000000000044,-0.05874999999999994,-0.14703003235906276,-0.09999999999999987
family_pair,spatial_shift,diffuse_blur,0.05,0.1,cx0.25_cy0.75_layoutA,2,2,True,0.11942940183369444,0.16686546109494793,0.10000000000000009,0.08187500000000014,0.08528704599749626,0.17499999999999993
family_pair,spatial_shift,false_hotspot,0.05,0.1,cx0.25_cy0.75_layoutA,2,2,True,0.1015925593878097,0.1627801229012894,0.10000000000000009,0.0706250000000001,0.10422520849364081,0.1499999999999999
family_pair,spatial_shift,false_negative_suppression,0.05,0.1,cx0.25_cy0.75_layoutA,2,2,True,0.127426553851671,0.16635214946310595,0.10000000000000009,0.08375000000000007,0.06683082852720024,0.17499999999999993
family_pair,diffuse_blur,false_hotspot,0.05,0.1,cx0.25_cy0.75_layoutA,2,2,True,-0.017836842445884737,-0.004085338193658528,0.0,-0.011250000000000038,0.01893816249614455,-0.025000000000000022
family_pair,diffuse_blur,false_negative_suppression,0.05,0.1,cx0.25_cy0.75_layoutA,2,2,True,0.007997152017976572,-0.0005133116318419839,0.0,0.0018749999999999323,-0.01845621747029602,0.0
family_pair,false_hotspot,false_negative_suppression,0.05,0.1,cx0.25_cy0.75_layoutA,2,2,True,0.02583399446386131,0.0035720265618165437,0.0,0.01312499999999997,-0.03739437996644057,0.025000000000000022
error_minus_oracle,spatial_shift,oracle,0.1,0.1,cx0.25_cy0.75_layoutA,2,2,True,-0.0059853844152176205,0.058304808752083215,0.09999999999999998,0.023125000000000062,-0.12046850284544008,0.10000000000000009
error_minus_oracle,diffuse_blur,oracle,0.1,0.1,cx0.25_cy0.75_layoutA,2,2,True,-0.09435872442185889,-0.1624550285284947,-0.050000000000000044,-0.05437499999999995,-0.2769167435942219,-0.09999999999999987
error_minus_oracle,false_hotspot,oracle,0.1,0.1,cx0.25_cy0.75_layoutA,2,2,True,-0.14393222618001628,-0.01203876398011261,0.07499999999999996,-0.043437499999999934,-0.09964001527443311,0.025000000000000133
error_minus_oracle,false_negative_suppression,oracle,0.1,0.1,cx0.25_cy0.75_layoutA,2,2,True,-0.1211795510831738,-0.13446133771730728,-0.050000000000000044,-0.05999999999999994,-0.16779409528404599,-0.09999999999999987
family_pair,spatial_shift,diffuse_blur,0.1,0.1,cx0.25_cy0.75_layoutA,2,2,True,0.08837334000664127,0.2207598372805779,0.15000000000000002,0.07750000000000001,0.15644824074878183,0.19999999999999996
family_pair,spatial_shift,false_hotspot,0.1,0.1,cx0.25_cy0.75_layoutA,2,2,True,0.13794684176479866,0.07034357273219582,0.025000000000000022,0.0665625,-0.02082848757100697,0.07499999999999996
family_pair,spatial_shift,false_negative_suppression,0.1,0.1,cx0.25_cy0.75_layoutA,2,2,True,0.11519416666795618,0.1927661464693905,0.15000000000000002,0.083125,0.0473255924386059,0.19999999999999996
family_pair,diffuse_blur,false_hotspot,0.1,0.1,cx0.25_cy0.75_layoutA,2,2,True,0.04957350175815739,-0.15041626454838208,-0.125,-0.010937500000000017,-0.1772767283197888,-0.125
family_pair,diffuse_blur,false_negative_suppression,0.1,0.1,cx0.25_cy0.75_layoutA,2,2,True,0.02682082666131491,-0.02799369081118741,0.0,0.005624999999999991,-0.10912264831017593,0.0
family_pair,false_hotspot,false_negative_suppression,0.1,0.1,cx0.25_cy0.75_layoutA,2,2,True,-0.02275267509684248,0.12242257373719467,0.125,0.016562500000000008,0.06815408000961287,0.125
error_minus_oracle,spatial_shift,oracle,0.15,0.1,cx0.25_cy0.75_layoutA,2,2,True,-0.06851584719090997,0.04047625421582979,0.125,0.004375000000000018,-0.14096701081244423,0.07500000000000018
error_minus_oracle,diffuse_blur,oracle,0.15,0.1,cx0.25_cy0.75_layoutA,2,2,True,-0.16125940984140563,0.43953086698359867,0.6000000000000001,-0.05624999999999991,0.0011106380847443198,0.4500000000000002
error_minus_oracle,false_hotspot,oracle,0.15,0.1,cx0.25_cy0.75_layoutA,2,2,True,-0.2937593563992438,0.5583512130670165,1.0999999999999999,-0.08187499999999995,-0.13154998125310646,0.40000000000000013
error_minus_oracle,false_negative_suppression,oracle,0.15,0.1,cx0.25_cy0.75_layoutA,2,2,True,-0.13601514377719515,-0.12319277848772991,-0.07500000000000001,-0.06343749999999992,-0.15839792240629014,-0.09999999999999987
family_pair,spatial_shift,diffuse_blur,0.15,0.1,cx0.25_cy0.75_layoutA,2,2,True,0.09274356265049566,-0.3990546127677689,-0.4750000000000001,0.06062499999999993,-0.14207764889718855,-0.375
family_pair,spatial_shift,false_hotspot,0.15,0.1,cx0.25_cy0.75_layoutA,2,2,True,0.2252435092083338,-0.5178749588511867,-0.9749999999999999,0.08624999999999997,-0.009417029559337764,-0.32499999999999996
family_pair,spatial_shift,false_negative_suppression,0.15,0.1,cx0.25_cy0.75_layoutA,2,2,True,0.06749929658628517,0.1636690327035597,0.2,0.06781249999999994,0.01743091159384591,0.17500000000000004
family_pair,diffuse_blur,false_hotspot,0.15,0.1,cx0.25_cy0.75_layoutA,2,2,True,0.13249994655783814,-0.11882034608341785,-0.4999999999999998,0.025625000000000037,0.13266061933785078,0.050000000000000044
family_pair,diffuse_blur,false_negative_suppression,0.15,0.1,cx0.25_cy0.75_layoutA,2,2,True,-0.025244266064210485,0.5627236454713286,0.675,0.007187500000000013,0.15950856049103446,0.55
family_pair,false_hotspot,false_negative_suppression,0.15,0.1,cx0.25_cy0.75_layoutA,2,2,True,-0.15774421262204863,0.6815439915547464,1.1749999999999998,-0.018437500000000023,0.026847941153183674,0.5
baseline_minus_oracle,uniform_prior_baseline,oracle,,0.05,cx0.25_cy0.75_layoutA,1,1,True,-0.4058973076063618,1.1498268562345966,1.8000000000000003,-0.05125000000000002,0.02121701969528056,1.2
error_minus_oracle,spatial_shift,oracle,0.05,0.05,cx0.25_cy0.75_layoutA,2,2,True,-0.03287781641806564,-0.02292840625641812,0.07499999999999996,0.018437500000000107,-0.16221068528615756,0.17500000000000004
error_minus_oracle,diffuse_blur,oracle,0.05,0.05,cx0.25_cy0.75_layoutA,2,2,True,-0.149153003442431,-0.22553956209904413,0.050000000000000044,-0.06437499999999996,-0.2872824325612431,-0.09999999999999987
error_minus_oracle,false_hotspot,oracle,0.05,0.05,cx0.25_cy0.75_layoutA,2,2,True,-0.1552681855491858,-0.08304930741080807,0.025000000000000022,-0.015624999999999972,-0.13845290457863557,0.025000000000000022
error_minus_oracle,false_negative_suppression,oracle,0.05,0.05,cx0.25_cy0.75_layoutA,2,2,True,-0.144048957547051,-0.234148874787255,-0.025000000000000022,-0.06374999999999995,-0.25132444689317324,-0.09999999999999987
family_pair,spatial_shift,diffuse_blur,0.05,0.05,cx0.25_cy0.75_layoutA,2,2,True,0.11627518702436535,0.202611155842626,0.02499999999999991,0.08281250000000007,0.12507174727508552,0.2749999999999999
family_pair,spatial_shift,false_hotspot,0.05,0.05,cx0.25_cy0.75_layoutA,2,2,True,0.12239036913112017,0.06012090115438995,0.04999999999999993,0.03406250000000008,-0.02375778070752199,0.15000000000000002
family_pair,spatial_shift,false_negative_suppression,0.05,0.05,cx0.25_cy0.75_layoutA,2,2,True,0.11117114112898535,0.21122046853083687,0.09999999999999998,0.08218750000000005,0.08911376160701567,0.2749999999999999
family_pair,diffuse_blur,false_hotspot,0.05,0.05,cx0.25_cy0.75_layoutA,2,2,True,0.006115182106754824,-0.14249025468823606,0.025000000000000022,-0.04874999999999999,-0.1488295279826075,-0.12499999999999989
family_pair,diffuse_blur,false_negative_suppression,0.05,0.05,cx0.25_cy0.75_layoutA,2,2,True,-0.005104045895379994,0.008609312688210857,0.07500000000000007,-0.0006250000000000144,-0.03595798566806985,0.0
family_pair,false_hotspot,false_negative_suppression,0.05,0.05,cx0.25_cy0.75_layoutA,2,2,True,-0.011219228002134818,0.15109956737644692,0.050000000000000044,0.04812499999999997,0.11287154231453767,0.12499999999999989
error_minus_oracle,spatial_shift,oracle,0.1,0.05,cx0.25_cy0.75_layoutA,2,2,True,-0.04671072751983596,0.0075874751111757455,0.22499999999999998,0.02156250000000015,-0.16068501660734724,0.22499999999999998
error_minus_oracle,diffuse_blur,oracle,0.1,0.05,cx0.25_cy0.75_layoutA,2,2,True,-0.15087742646480007,0.1454888419472684,0.5,-0.05187499999999989,-0.27282392335596706,0.30000000000000004
error_minus_oracle,false_hotspot,oracle,0.1,0.05,cx0.25_cy0.75_layoutA,2,2,True,-0.2383045144411015,0.7803689867544064,1.35,-0.05218749999999994,-0.017773197793343076,0.5750000000000001
error_minus_oracle,false_negative_suppression,oracle,0.1,0.05,cx0.25_cy0.75_layoutA,2,2,True,-0.10148462546768944,0.05443697010882986,0.35,-0.035937499999999956,-0.29041745199710745,0.15000000000000002
family_pair,spatial_shift,diffuse_blur,0.1,0.05,cx0.25_cy0.75_layoutA,2,2,True,0.10416669894496411,-0.13790136683609266,-0.275,0.07343750000000004,0.11213890674861982,-0.07500000000000007
family_pair,spatial_shift,false_hotspot,0.1,0.05,cx0.25_cy0.75_layoutA,2,2,True,0.19159378692126555,-0.7727815116432306,-1.125,0.0737500000000001,-0.14291181881400417,-0.3500000000000001
family_pair,spatial_shift,false_negative_suppression,0.1,0.05,cx0.25_cy0.75_layoutA,2,2,True,0.05477389794785348,-0.04684949499765412,-0.125,0.05750000000000011,0.1297324353897602,0.07499999999999996
family_pair,diffuse_blur,false_hotspot,0.1,0.05,cx0.25_cy0.75_layoutA,2,2,True,0.08742708797630144,-0.634880144807138,-0.8500000000000001,0.00031250000000004885,-0.255050725562624,-0.275
family_pair,diffuse_blur,false_negative_suppression,0.1,0.05,cx0.25_cy0.75_layoutA,2,2,True,-0.04939280099711063,0.09105187183843855,0.15000000000000002,-0.015937499999999938,0.017593528641140388,0.15000000000000002
family_pair,false_hotspot,false_negative_suppression,0.1,0.05,cx0.25_cy0.75_layoutA,2,2,True,-0.13681988897341207,0.7259320166455765,1.0,-0.016249999999999987,0.27264425420376437,0.42500000000000004
error_minus_oracle,spatial_shift,oracle,0.15,0.05,cx0.25_cy0.75_layoutA,2,2,True,-0.08385016941269519,0.047476628831135015,0.375,0.012500000000000122,-0.17124346864093676,0.22499999999999998
error_minus_oracle,diffuse_blur,oracle,0.15,0.05,cx0.25_cy0.75_layoutA,2,2,True,-0.2513404207565052,0.9414025981221821,1.5500000000000003,-0.03874999999999995,-0.00957637880986928,0.9000000000000001
error_minus_oracle,false_hotspot,oracle,0.15,0.05,cx0.25_cy0.75_layoutA,2,2,True,-0.2748019646338059,1.0914266874382086,1.825,-0.05062499999999992,-0.0015479473018622514,0.6500000000000001
error_minus_oracle,false_negative_suppression,oracle,0.15,0.05,cx0.25_cy0.75_layoutA,2,2,True,-0.06607016734796745,0.40259973963605555,0.625,-0.014687499999999853,-0.16538118609042696,0.4
family_pair,spatial_shift,diffuse_blur,0.15,0.05,cx0.25_cy0.75_layoutA,2,2,True,0.16749025134381001,-0.8939259692910471,-1.1750000000000003,0.05125000000000007,-0.16166708983106748,-0.6750000000000002
family_pair,spatial_shift,false_hotspot,0.15,0.05,cx0.25_cy0.75_layoutA,2,2,True,0.19095179522111072,-1.0439500586070736,-1.45,0.06312500000000004,-0.1696955213390745,-0.42500000000000016
family_pair,spatial_shift,false_negative_suppression,0.15,0.05,cx0.25_cy0.75_layoutA,2,2,True,-0.01778000206472774,-0.35512311080492054,-0.25,0.027187499999999976,-0.005862282550509801,-0.17500000000000004
family_pair,diffuse_blur,false_hotspot,0.15,0.05,cx0.25_cy0.75_layoutA,2,2,True,0.023461543877300706,-0.1500240893160265,-0.2749999999999997,0.011874999999999969,-0.008028431508007028,0.25
family_pair,diffuse_blur,false_negative_suppression,0.15,0.05,cx0.25_cy0.75_layoutA,2,2,True,-0.18527025340853776,0.5388028584861265,0.9250000000000003,-0.024062500000000098,0.15580480728055768,0.5000000000000001
family_pair,false_hotspot,false_negative_suppression,0.15,0.05,cx0.25_cy0.75_layoutA,2,2,True,-0.20873179728583846,0.688826947802153,1.2,-0.03593750000000007,0.1638332387885647,0.2500000000000001
baseline_minus_oracle,uniform_prior_baseline,oracle,,0.1,cx0.25_cy0.75_layoutB,1,1,True,-0.43488004399281993,-0.0830815857356697,1.15,-0.25718015665796345,-0.7942742098595899,-0.8500000000000001
error_minus_oracle,spatial_shift,oracle,0.05,0.1,cx0.25_cy0.75_layoutB,2,2,True,0.07724143756354823,-0.09765919440028004,0.5750000000000001,-0.08681462140992174,-0.4175517350106057,-0.6750000000000003
error_minus_oracle,diffuse_blur,oracle,0.05,0.1,cx0.25_cy0.75_layoutB,2,2,True,0.07837162814047038,-0.24854637330044005,0.9500000000000002,-0.1501305483028721,-0.8287364890449385,-1.0500000000000003
error_minus_oracle,false_hotspot,oracle,0.05,0.1,cx0.25_cy0.75_layoutB,2,2,True,0.06975478096665155,-0.2230401787357017,0.9500000000000002,-0.14197127937336812,-0.7768780716574628,-1.0000000000000002
error_minus_oracle,false_negative_suppression,oracle,0.05,0.1,cx0.25_cy0.75_layoutB,2,2,True,0.07874390216481542,-0.17863897822632713,0.9750000000000001,-0.1400130548302872,-0.7712600616967722,-1.0250000000000001
family_pair,spatial_shift,diffuse_blur,0.05,0.1,cx0.25_cy0.75_layoutB,2,2,True,-0.001130190576922152,0.15088717890016,-0.3750000000000001,0.06331592689295035,0.41118475403433274,0.375
family_pair,spatial_shift,false_hotspot,0.05,0.1,cx0.25_cy0.75_layoutB,2,2,True,0.007486656596896679,0.12538098433542166,-0.3750000000000001,0.055156657963446376,0.3593263366468571,0.32499999999999996
family_pair,spatial_shift,false_negative_suppression,0.05,0.1,cx0.25_cy0.75_layoutB,2,2,True,-0.0015024646012671838,0.08097978382604709,-0.4,0.053198433420365454,0.3537083266861665,0.34999999999999987
family_pair,diffuse_blur,false_hotspot,0.05,0.1,cx0.25_cy0.75_layoutB,2,2,True,0.008616847173818831,-0.02550619456473835,0.0,-0.008159268929503971,-0.05185841738747565,-0.050000000000000044
family_pair,diffuse_blur,false_negative_suppression,0.05,0.1,cx0.25_cy0.75_layoutB,2,2,True,-0.00037227402434503176,-0.06990739507411292,-0.02499999999999991,-0.010117493472584893,-0.05747642734816627,-0.025000000000000133
family_pair,false_hotspot,false_negative_suppression,0.05,0.1,cx0.25_cy0.75_layoutB,2,2,True,-0.008989121198163863,-0.04440120050937457,-0.02499999999999991,-0.001958224543080922,-0.0056180099606906175,0.02499999999999991
error_minus_oracle,spatial_shift,oracle,0.1,0.1,cx0.25_cy0.75_layoutB,2,1,False,,,,,,
error_minus_oracle,diffuse_blur,oracle,0.1,0.1,cx0.25_cy0.75_layoutB,2,2,True,-0.13382569035144842,-0.29269860769190625,0.8999999999999999,-0.22584856396866837,-0.8445015180926787,-1.1
error_minus_oracle,false_hotspot,oracle,0.1,0.1,cx0.25_cy0.75_layoutB,2,2,True,0.006282937327917348,-0.040468004973386096,1.175,-0.15372062663185382,-0.6113454383112107,-0.7750000000000001
error_minus_oracle,false_negative_suppression,oracle,0.1,0.1,cx0.25_cy0.75_layoutB,2,2,True,0.0598659687211191,-0.15424581017485184,0.9500000000000002,-0.13838120104438645,-0.7302345199624722,-1.0000000000000002
family_pair,spatial_shift,diffuse_blur,0.1,0.1,cx0.25_cy0.75_layoutB,2,1,False,,,,,,
family_pair,spatial_shift,false_hotspot,0.1,0.1,cx0.25_cy0.75_layoutB,2,1,False,,,,,,
family_pair,spatial_shift,false_negative_suppression,0.1,0.1,cx0.25_cy0.75_layoutB,2,1,False,,,,,,
family_pair,diffuse_blur,false_hotspot,0.1,0.1,cx0.25_cy0.75_layoutB,2,2,True,-0.14010862767936577,-0.25223060271852016,-0.27500000000000013,-0.07212793733681455,-0.23315607978146802,-0.32499999999999996
family_pair,diffuse_blur,false_negative_suppression,0.1,0.1,cx0.25_cy0.75_layoutB,2,2,True,-0.19369165907256752,-0.13845279751705442,-0.050000000000000266,-0.08746736292428192,-0.11426699813020647,-0.09999999999999987
family_pair,false_hotspot,false_negative_suppression,0.1,0.1,cx0.25_cy0.75_layoutB,2,2,True,-0.05358303139320175,0.11377780520146574,0.22499999999999987,-0.01533942558746737,0.11888908165126155,0.2250000000000001
error_minus_oracle,spatial_shift,oracle,0.15,0.1,cx0.25_cy0.75_layoutB,2,2,True,-0.1507847570355053,-0.07260331288342958,0.675,-0.21116187989556134,-0.5119455829008892,-0.6000000000000001
error_minus_oracle,diffuse_blur,oracle,0.15,0.1,cx0.25_cy0.75_layoutB,2,2,True,-0.26385669737075,-0.2530032915036915,0.9500000000000002,-0.2421671018276762,-0.8372278458190059,-1.0500000000000003
error_minus_oracle,false_hotspot,oracle,0.15,0.1,cx0.25_cy0.75_layoutB,2,2,True,-0.08211075945168878,0.5715308637103367,1.975,-0.19190600522193207,-0.4585443553963855,-0.25
error_minus_oracle,false_negative_suppression,oracle,0.15,0.1,cx0.25_cy0.75_layoutB,2,2,True,0.03320231834465792,-0.16258992132282257,0.925,-0.14033942558746737,-0.7212299760043421,-1.0250000000000004
family_pair,spatial_shift,diffuse_blur,0.15,0.1,cx0.25_cy0.75_layoutB,2,2,True,0.1130719403352447,0.1803999786202619,-0.27500000000000013,0.031005221932114857,0.3252822629181167,0.4500000000000002
family_pair,spatial_shift,false_hotspot,0.15,0.1,cx0.25_cy0.75_layoutB,2,2,True,-0.06867399758381654,-0.6441341765937663,-1.3,-0.01925587467362927,-0.05340122750450371,-0.3500000000000001
family_pair,spatial_shift,false_negative_suppression,0.15,0.1,cx0.25_cy0.75_layoutB,2,2,True,-0.18398707538016323,0.08998660843939299,-0.25,-0.07082245430809397,0.20928439310345293,0.42500000000000016
family_pair,diffuse_blur,false_hotspot,0.15,0.1,cx0.25_cy0.75_layoutB,2,2,True,-0.18174593791906124,-0.8245341552140282,-1.025,-0.05026109660574413,-0.3786834904226204,-0.8000000000000003
family_pair,diffuse_blur,false_negative_suppression,0.15,0.1,cx0.25_cy0.75_layoutB,2,2,True,-0.29705901571540794,-0.09041337018086892,0.025000000000000133,-0.10182767624020883,-0.11599786981466376,-0.025000000000000022
family_pair,false_hotspot,false_negative_suppression,0.15,0.1,cx0.25_cy0.75_layoutB,2,2,True,-0.1153130777963467,0.7341207850331593,1.05,-0.051566579634464704,0.26268562060795664,0.7750000000000002
baseline_minus_oracle,uniform_prior_baseline,oracle,,0.05,cx0.25_cy0.75_layoutB,1,1,True,-0.42932527474329063,0.38216254746696743,1.85,-0.24804177545691908,-1.046641251418738,-0.7999999999999998
error_minus_oracle,spatial_shift,oracle,0.05,0.05,cx0.25_cy0.75_layoutB,2,2,True,0.03986732061207049,-0.510349070182283,-0.025000000000000022,-0.003590078328981783,-0.31241442856355195,-0.375
error_minus_oracle,diffuse_blur,oracle,0.05,0.05,cx0.25_cy0.75_layoutB,2,2,True,-0.01736972237993273,0.31469349302016303,1.9500000000000002,-0.13838120104438645,-0.3583233290314829,-0.3500000000000001
error_minus_oracle,false_hotspot,oracle,0.05,0.05,cx0.25_cy0.75_layoutB,2,2,True,-0.01033975799065845,0.562590881616523,1.325,-0.02186684073107059,-0.2801029576308838,-0.25
error_minus_oracle,false_negative_suppression,oracle,0.05,0.05,cx0.25_cy0.75_layoutB,2,2,True,-0.050328938985136074,-0.07264027148932883,0.4,-0.0283942558746737,-0.3450297332170178,-0.20000000000000018
family_pair,spatial_shift,diffuse_blur,0.05,0.05,cx0.25_cy0.75_layoutB,2,2,True,0.05723704299200322,-0.8250425632024461,-1.975,0.13479112271540467,0.045908900467930946,-0.02499999999999991
family_pair,spatial_shift,false_hotspot,0.05,0.05,cx0.25_cy0.75_layoutB,2,2,True,0.05020707860272894,-1.072939951798806,-1.35,0.01827676240208881,-0.032311470932668174,-0.125
family_pair,spatial_shift,false_negative_suppression,0.05,0.05,cx0.25_cy0.75_layoutB,2,2,True,0.09019625959720656,-0.4377087986929542,-0.42500000000000004,0.02480417754569192,0.03261530465346585,-0.17499999999999982
family_pair,diffuse_blur,false_hotspot,0.05,0.05,cx0.25_cy0.75_layoutB,2,2,True,-0.007029964389274279,-0.24789738859636,0.6250000000000002,-0.11651436031331586,-0.07822037140059912,-0.10000000000000009
family_pair,diffuse_blur,false_negative_suppression,0.05,0.05,cx0.25_cy0.75_layoutB,2,2,True,0.032959216605203345,0.38733376450949186,1.55,-0.10998694516971275,-0.013293595814465098,-0.1499999999999999
family_pair,false_hotspot,false_negative_suppression,0.05,0.05,cx0.25_cy0.75_layoutB,2,2,True,0.039989180994477624,0.6352311531058519,0.9249999999999999,0.00652741514360311,0.06492677558613402,-0.04999999999999982
error_minus_oracle,spatial_shift,oracle,0.1,0.05,cx0.25_cy0.75_layoutB,2,2,True,-0.010690685978917092,0.25857041009191506,1.7249999999999999,-0.14033942558746743,-0.3053255103698249,-0.7999999999999999
error_minus_oracle,diffuse_blur,oracle,0.1,0.05,cx0.25_cy0.75_layoutB,2,2,True,-0.15829497403002613,-0.14828981097673832,0.9500000000000002,-0.23629242819843332,-1.1673807969524082,-1.2000000000000002
error_minus_oracle,false_hotspot,oracle,0.1,0.05,cx0.25_cy0.75_layoutB,2,2,True,-0.07023735525180042,0.5008793785745618,2.1500000000000004,-0.09595300261096612,-0.5777042551236093,-0.55
error_minus_oracle,false_negative_suppression,oracle,0.1,0.05,cx0.25_cy0.75_layoutB,2,2,True,-0.014991332504928734,0.21705195053886084,1.675,-0.11455613577023505,-0.6544372911708771,-0.7000000000000002
family_pair,spatial_shift,diffuse_blur,0.1,0.05,cx0.25_cy0.75_layoutB,2,2,True,0.14760428805110903,0.4068602210686534,0.7749999999999997,0.0959530026109659,0.8620552865825832,0.40000000000000024
family_pair,spatial_shift,false_hotspot,0.1,0.05,cx0.25_cy0.75_layoutB,2,2,True,0.059546669272883324,-0.2423089684826467,-0.42500000000000027,-0.044386422976501305,0.27237874475378443,-0.2499999999999999
family_pair,spatial_shift,false_negative_suppression,0.1,0.05,cx0.25_cy0.75_layoutB,2,2,True,0.004300646526011642,0.04151845955305422,0.04999999999999982,-0.02578328981723238,0.3491117808010522,-0.09999999999999976
family_pair,diffuse_blur,false_hotspot,0.1,0.05,cx0.25_cy0.75_layoutB,2,2,True,-0.08805761877822571,-0.6491691895513001,-1.2,-0.1403394255874672,-0.5896765418287988,-0.6500000000000001
family_pair,diffuse_blur,false_negative_suppression,0.1,0.05,cx0.25_cy0.75_layoutB,2,2,True,-0.1433036415250974,-0.36534176151559916,-0.7249999999999999,-0.12173629242819828,-0.512943505781531,-0.5
family_pair,false_hotspot,false_negative_suppression,0.1,0.05,cx0.25_cy0.75_layoutB,2,2,True,-0.05524602274687168,0.28382742803570093,0.4750000000000001,0.018603133159268925,0.07673303604726778,0.15000000000000013
error_minus_oracle,spatial_shift,oracle,0.15,0.05,cx0.25_cy0.75_layoutB,2,2,True,-0.001547600939954652,0.09085147914773728,0.6500000000000001,-0.1050913838120105,-0.46692973777497926,-0.775
error_minus_oracle,diffuse_blur,oracle,0.15,0.05,cx0.25_cy0.75_layoutB,2,2,True,-0.2759166928560248,0.12420161788576412,1.15,-0.23498694516971286,-1.0753732874268578,-1.0
error_minus_oracle,false_hotspot,oracle,0.15,0.05,cx0.25_cy0.75_layoutB,2,2,True,-0.13787400968411273,1.0122161150750153,2.5,-0.11945169712793738,-0.400292164818731,-0.7250000000000001
error_minus_oracle,false_negative_suppression,oracle,0.15,0.05,cx0.25_cy0.75_layoutB,2,2,True,-0.03166943556971341,0.29038887141069347,1.6500000000000001,-0.13968668407310708,-0.6639526322844438,-0.7250000000000001
family_pair,spatial_shift,diffuse_blur,0.15,0.05,cx0.25_cy0.75_layoutB,2,2,True,0.2743690919160702,-0.033350138738026835,-0.4999999999999998,0.12989556135770236,0.6084435496518785,0.22499999999999998
family_pair,spatial_shift,false_hotspot,0.15,0.05,cx0.25_cy0.75_layoutB,2,2,True,0.13632640874415808,-0.921364635927278,-1.8499999999999999,0.014360313315926881,-0.06663757295624828,-0.04999999999999993
family_pair,spatial_shift,false_negative_suppression,0.15,0.05,cx0.25_cy0.75_layoutB,2,2,True,0.03012183462975876,-0.1995373922629562,-1.0,0.034595300261096584,0.19702289450946453,-0.04999999999999993
family_pair,diffuse_blur,false_hotspot,0.15,0.05,cx0.25_cy0.75_layoutB,2,2,True,-0.1380426831719121,-0.8880144971892512,-1.35,-0.11553524804177548,-0.6750811226081268,-0.2749999999999999
family_pair,diffuse_blur,false_negative_suppression,0.15,0.05,cx0.25_cy0.75_layoutB,2,2,True,-0.24424725728631141,-0.16618725352492936,-0.5000000000000002,-0.09530026109660578,-0.411420655142414,-0.2749999999999999
family_pair,false_hotspot,false_negative_suppression,0.15,0.05,cx0.25_cy0.75_layoutB,2,2,True,-0.10620457411439932,0.7218272436643218,0.8499999999999999,0.020234986945169703,0.2636604674657128,0.0
baseline_minus_oracle,uniform_prior_baseline,oracle,,0.1,cx0.25_cy0.75_layoutC,1,1,True,-0.6410091179829698,-0.21595054627631027,1.3499999999999999,-0.32942708333333326,-0.977604852866405,-1.0000000000000004
error_minus_oracle,spatial_shift,oracle,0.05,0.1,cx0.25_cy0.75_layoutC,2,1,False,,,,,,
error_minus_oracle,diffuse_blur,oracle,0.05,0.1,cx0.25_cy0.75_layoutC,2,2,True,-0.11733309084363552,-0.1276403515705673,1.1500000000000001,-0.21875,-0.6625595835020395,-0.8500000000000001
error_minus_oracle,false_hotspot,oracle,0.05,0.1,cx0.25_cy0.75_layoutC,2,2,True,-0.14716058586238578,0.13282671513129118,1.8000000000000003,-0.22167968749999994,-0.5560806105854685,-0.7500000000000002
error_minus_oracle,false_negative_suppression,oracle,0.05,0.1,cx0.25_cy0.75_layoutC,2,2,True,-0.08004991855830312,0.005768251436837124,1.2000000000000002,-0.21223958333333326,-0.6739580049936287,-0.8500000000000001
family_pair,spatial_shift,diffuse_blur,0.05,0.1,cx0.25_cy0.75_layoutC,2,1,False,,,,,,
family_pair,spatial_shift,false_hotspot,0.05,0.1,cx0.25_cy0.75_layoutC,2,1,False,,,,,,
family_pair,spatial_shift,false_negative_suppression,0.05,0.1,cx0.25_cy0.75_layoutC,2,1,False,,,,,,
family_pair,diffuse_blur,false_hotspot,0.05,0.1,cx0.25_cy0.75_layoutC,2,2,True,0.02982749501875026,-0.2604670667018585,-0.6499999999999999,0.0029296874999999445,-0.10647897291657094,-0.09999999999999987
family_pair,diffuse_blur,false_negative_suppression,0.05,0.1,cx0.25_cy0.75_layoutC,2,2,True,-0.0372831722853324,-0.13340860300740442,-0.050000000000000044,-0.006510416666666741,0.011398421491589206,0.0
family_pair,false_hotspot,false_negative_suppression,0.05,0.1,cx0.25_cy0.75_layoutC,2,2,True,-0.06711066730408266,0.12705846369445406,0.5999999999999999,-0.009440104166666685,0.11787739440816014,0.09999999999999987
error_minus_oracle,spatial_shift,oracle,0.1,0.1,cx0.25_cy0.75_layoutC,2,1,False,,,,,,
error_minus_oracle,diffuse_blur,oracle,0.1,0.1,cx0.25_cy0.75_layoutC,2,2,True,-0.31851739560738324,-0.20684390560740518,1.1500000000000001,-0.2832031249999999,-0.9851858117191563,-0.9000000000000004
error_minus_oracle,false_hotspot,oracle,0.1,0.1,cx0.25_cy0.75_layoutC,2,2,True,-0.13551546648525803,0.3350707775577473,1.9249999999999998,-0.22037760416666657,-0.6440899377572846,-0.6250000000000002
error_minus_oracle,false_negative_suppression,oracle,0.1,0.1,cx0.25_cy0.75_layoutC,2,2,True,-0.17746829670900516,-0.326759750458242,0.6,-0.1318359375,-0.5033165914957078,-0.5
family_pair,spatial_shift,diffuse_blur,0.1,0.1,cx0.25_cy0.75_layoutC,2,1,False,,,,,,
family_pair,spatial_shift,false_hotspot,0.1,0.1,cx0.25_cy0.75_layoutC,2,1,False,,,,,,
family_pair,spatial_shift,false_negative_suppression,0.1,0.1,cx0.25_cy0.75_layoutC,2,1,False,,,,,,
family_pair,diffuse_blur,false_hotspot,0.1,0.1,cx0.25_cy0.75_layoutC,2,2,True,-0.1830019291221252,-0.5419146831651525,-0.7749999999999999,-0.06282552083333331,-0.3410958739618717,-0.27500000000000013
family_pair,diffuse_blur,false_negative_suppression,0.1,0.1,cx0.25_cy0.75_layoutC,2,2,True,-0.14104909889837808,0.11991584485083684,0.5500000000000002,-0.1513671874999999,-0.48186922022344847,-0.40000000000000036
family_pair,false_hotspot,false_negative_suppression,0.1,0.1,cx0.25_cy0.75_layoutC,2,2,True,0.04195283022374713,0.6618305280159893,1.3250000000000002,-0.08854166666666657,-0.14077334626157678,-0.12500000000000022
error_minus_oracle,spatial_shift,oracle,0.15,0.1,cx0.25_cy0.75_layoutC,2,2,True,-0.22422997743470613,0.04479474831129515,1.7750000000000004,-0.2366536458333333,-0.6267377419897939,-0.9500000000000002
error_minus_oracle,diffuse_blur,oracle,0.15,0.1,cx0.25_cy0.75_layoutC,2,2,True,-0.4771710355070091,-0.19035739145706243,1.3,-0.3111979166666666,-0.9711093855270363,-0.8500000000000001
error_minus_oracle,false_hotspot,oracle,0.15,0.1,cx0.25_cy0.75_layoutC,2,2,True,-0.23842922341819395,0.3527575067655724,1.875,-0.1923828125,-0.6952982919188082,-0.8250000000000003
error_minus_oracle,false_negative_suppression,oracle,0.15,0.1,cx0.25_cy0.75_layoutC,2,1,False,,,,,,
family_pair,spatial_shift,diffuse_blur,0.15,0.1,cx0.25_cy0.75_layoutC,2,2,True,0.252941058072303,0.23515213976835758,0.4750000000000001,0.07454427083333329,0.34437164353724237,-0.10000000000000009
family_pair,spatial_shift,false_hotspot,0.15,0.1,cx0.25_cy0.75_layoutC,2,2,True,0.014199245983487818,-0.30796275845427723,-0.09999999999999987,-0.04427083333333329,0.06856054992901428,-0.12499999999999989
family_pair,spatial_shift,false_negative_suppression,0.15,0.1,cx0.25_cy0.75_layoutC,2,1,False,,,,,,
family_pair,diffuse_blur,false_hotspot,0.15,0.1,cx0.25_cy0.75_layoutC,2,2,True,-0.23874181208881518,-0.5431148982226348,-0.575,-0.11881510416666657,-0.2758110936082281,-0.0249999999999998
family_pair,diffuse_blur,false_negative_suppression,0.15,0.1,cx0.25_cy0.75_layoutC,2,1,False,,,,,,
family_pair,false_hotspot,false_negative_suppression,0.15,0.1,cx0.25_cy0.75_layoutC,2,1,False,,,,,,
baseline_minus_oracle,uniform_prior_baseline,oracle,,0.05,cx0.25_cy0.75_layoutC,1,1,True,-0.485603240134528,0.27094106730449496,1.8,-0.29492187499999994,-0.9511080327921975,-0.4500000000000002
error_minus_oracle,spatial_shift,oracle,0.05,0.05,cx0.25_cy0.75_layoutC,2,2,True,-0.015406255033278693,-0.039083924530807335,0.975,-0.013997395833333315,0.013097168214303068,0.10000000000000009
error_minus_oracle,diffuse_blur,oracle,0.05,0.05,cx0.25_cy0.75_layoutC,2,2,True,-0.09559202934568278,0.361437149193109,2.25,-0.07096354166666674,-0.11072083435655822,-0.050000000000000266
error_minus_oracle,false_hotspot,oracle,0.05,0.05,cx0.25_cy0.75_layoutC,2,2,True,-0.008450287951815405,0.026143635666466603,0.625,0.0039062500000000555,-0.2172956013253171,-0.050000000000000266
error_minus_oracle,false_negative_suppression,oracle,0.05,0.05,cx0.25_cy0.75_layoutC,2,2,True,-0.05304225932041118,0.31831416410553137,1.5500000000000003,-0.03678385416666663,-0.08350440070638543,0.04999999999999982
family_pair,spatial_shift,diffuse_blur,0.05,0.05,cx0.25_cy0.75_layoutC,2,2,True,0.08018577431240409,-0.4005210737239163,-1.2750000000000001,0.056966145833333426,0.12381800257086129,0.15000000000000036
family_pair,spatial_shift,false_hotspot,0.05,0.05,cx0.25_cy0.75_layoutC,2,2,True,-0.006955967081463288,-0.06522756019727394,0.35,-0.01790364583333337,0.23039276953962018,0.15000000000000036
family_pair,spatial_shift,false_negative_suppression,0.05,0.05,cx0.25_cy0.75_layoutC,2,2,True,0.037636004287132485,-0.3573980886363387,-0.5750000000000001,0.022786458333333315,0.0966015689206885,0.050000000000000266
family_pair,diffuse_blur,false_hotspot,0.05,0.05,cx0.25_cy0.75_layoutC,2,2,True,-0.08714174139386738,0.3352935135266424,1.6250000000000002,-0.0748697916666668,0.1065747669687589,0.0
family_pair,diffuse_blur,false_negative_suppression,0.05,0.05,cx0.25_cy0.75_layoutC,2,2,True,-0.042549770025271605,0.043122985087577614,0.7000000000000002,-0.03417968750000011,-0.02721643365017279,-0.10000000000000009
family_pair,false_hotspot,false_negative_suppression,0.05,0.05,cx0.25_cy0.75_layoutC,2,2,True,0.04459197136859577,-0.29217052843906477,-0.925,0.040690104166666685,-0.13379120061893168,-0.10000000000000009
error_minus_oracle,spatial_shift,oracle,0.1,0.05,cx0.25_cy0.75_layoutC,2,2,True,-0.035237924436438584,-0.347081441969453,-0.025000000000000022,-0.028645833333333315,-0.04353131526846621,-0.02499999999999991
error_minus_oracle,diffuse_blur,oracle,0.1,0.05,cx0.25_cy0.75_layoutC,2,2,True,-0.23330995733279758,0.017744024765903088,1.2,-0.26171875,-0.9798871729458036,-0.75
error_minus_oracle,false_hotspot,oracle,0.1,0.05,cx0.25_cy0.75_layoutC,2,2,True,-0.09298621485738606,0.8545028694335288,2.3,-0.11002604166666669,-0.2699856531041931,-0.3500000000000001
error_minus_oracle,false_negative_suppression,oracle,0.1,0.05,cx0.25_cy0.75_layoutC,2,1,False,,,,,,
family_pair,spatial_shift,diffuse_blur,0.1,0.05,cx0.25_cy0.75_layoutC,2,2,True,0.198072032896359,-0.3648254667353561,-1.225,0.23307291666666669,0.9363558576773374,0.7250000000000001
family_pair,spatial_shift,false_hotspot,0.1,0.05,cx0.25_cy0.75_layoutC,2,2,True,0.05774829042094748,-1.2015843114029818,-2.325,0.08138020833333337,0.22645433783572688,0.3250000000000002
family_pair,spatial_shift,false_negative_suppression,0.1,0.05,cx0.25_cy0.75_layoutC,2,1,False,,,,,,
family_pair,diffuse_blur,false_hotspot,0.1,0.05,cx0.25_cy0.75_layoutC,2,2,True,-0.14032374247541152,-0.8367588446676257,-1.1,-0.15169270833333331,-0.7099015198416105,-0.3999999999999999
family_pair,diffuse_blur,false_negative_suppression,0.1,0.05,cx0.25_cy0.75_layoutC,2,1,False,,,,,,
family_pair,false_hotspot,false_negative_suppression,0.1,0.05,cx0.25_cy0.75_layoutC,2,1,False,,,,,,
error_minus_oracle,spatial_shift,oracle,0.15,0.05,cx0.25_cy0.75_layoutC,2,2,True,-0.06442873716742376,0.16218181717008773,0.19999999999999996,-0.041992187500000056,-0.05252641386142942,0.04999999999999982
error_minus_oracle,diffuse_blur,oracle,0.15,0.05,cx0.25_cy0.75_layoutC,2,2,True,-0.35343063825042265,0.013143858301201572,1.2500000000000002,-0.28125,-0.9951454519653753,-0.7000000000000002
error_minus_oracle,false_hotspot,oracle,0.15,0.05,cx0.25_cy0.75_layoutC,2,2,True,-0.1735734031274211,1.2425902657186194,2.8,-0.12141927083333337,-0.12377897140212313,-0.27500000000000013
error_minus_oracle,false_negative_suppression,oracle,0.15,0.05,cx0.25_cy0.75_layoutC,2,2,True,-0.11362430047861805,0.2293075176679853,1.75,-0.17447916666666674,-0.5016441044518818,-0.4750000000000003
family_pair,spatial_shift,diffuse_blur,0.15,0.05,cx0.25_cy0.75_layoutC,2,2,True,0.2890019010829989,0.14903795886888616,-1.0500000000000003,0.23925781249999994,0.9426190381039459,0.75
family_pair,spatial_shift,false_hotspot,0.15,0.05,cx0.25_cy0.75_layoutC,2,2,True,0.10914466595999733,-1.0804084485485317,-2.6,0.07942708333333331,0.0712525575406937,0.32499999999999996
family_pair,spatial_shift,false_negative_suppression,0.15,0.05,cx0.25_cy0.75_layoutC,2,2,True,0.04919556331119429,-0.06712570049789757,-1.5499999999999998,0.13248697916666669,0.44911769059045237,0.5250000000000001
family_pair,diffuse_blur,false_hotspot,0.15,0.05,cx0.25_cy0.75_layoutC,2,2,True,-0.17985723512300156,-1.2294464074174178,-1.5499999999999998,-0.15983072916666663,-0.8713664805632522,-0.42500000000000004
family_pair,diffuse_blur,false_negative_suppression,0.15,0.05,cx0.25_cy0.75_layoutC,2,2,True,-0.2398063377718046,-0.21616365936678372,-0.4999999999999998,-0.10677083333333326,-0.4935013475134935,-0.22499999999999987
family_pair,false_hotspot,false_negative_suppression,0.15,0.05,cx0.25_cy0.75_layoutC,2,2,True,-0.05994910264880304,1.0132827480506341,1.05,0.05305989583333337,0.37786513304975866,0.20000000000000018
baseline_minus_oracle,uniform_prior_baseline,oracle,,0.1,cx0.75_cy0.25_layoutA,1,1,True,-0.5490254291340515,-0.16998366526165198,-0.6000000000000001,-0.03187499999999993,0.05827887182910585,0.3500000000000001
error_minus_oracle,spatial_shift,oracle,0.05,0.1,cx0.75_cy0.25_layoutA,2,2,True,-0.1255285372641584,-0.035175742933502674,-0.025000000000000133,-0.007500000000000007,-0.12029098732651367,-0.1250000000000001
error_minus_oracle,diffuse_blur,oracle,0.05,0.1,cx0.75_cy0.25_layoutA,2,2,True,-0.10811796771517623,-0.2094328610182321,-0.30000000000000004,-0.03749999999999992,-0.11658445945945894,-0.30000000000000004
error_minus_oracle,false_hotspot,oracle,0.05,0.1,cx0.75_cy0.25_layoutA,2,2,True,-0.15456932934976914,-0.22211694653003156,-0.30000000000000004,-0.04187499999999994,-0.1463029348036513,-0.30000000000000004
error_minus_oracle,false_negative_suppression,oracle,0.05,0.1,cx0.75_cy0.25_layoutA,2,2,True,-0.09143000527419487,-0.25153334268525585,-0.3750000000000001,-0.03874999999999995,-0.1136124725238401,-0.30000000000000004
family_pair,spatial_shift,diffuse_blur,0.05,0.1,cx0.75_cy0.25_layoutA,2,2,True,-0.01741056954898218,0.17425711808472943,0.2749999999999999,0.029999999999999916,-0.003706527867054721,0.17499999999999993
family_pair,spatial_shift,false_hotspot,0.05,0.1,cx0.75_cy0.25_layoutA,2,2,True,0.029040792085610723,0.18694120359652888,0.2749999999999999,0.03437499999999993,0.026011947477137642,0.17499999999999993
family_pair,spatial_shift,false_negative_suppression,0.05,0.1,cx0.75_cy0.25_layoutA,2,2,True,-0.03409853198996354,0.21635759975175317,0.35,0.031249999999999944,-0.006678514802673563,0.17499999999999993
family_pair,diffuse_blur,false_hotspot,0.05,0.1,cx0.75_cy0.25_layoutA,2,2,True,0.0464513616345929,0.012684085511799448,0.0,0.004375000000000018,0.029718475344192363,0.0
family_pair,diffuse_blur,false_negative_suppression,0.05,0.1,cx0.75_cy0.25_layoutA,2,2,True,-0.016687962440981363,0.04210048166702374,0.07500000000000007,0.0012500000000000289,-0.002971986935618842,0.0
family_pair,false_hotspot,false_negative_suppression,0.05,0.1,cx0.75_cy0.25_layoutA,2,2,True,-0.06313932407557427,0.02941639615522429,0.07500000000000007,-0.003124999999999989,-0.032690462279811205,0.0
error_minus_oracle,spatial_shift,oracle,0.1,0.1,cx0.75_cy0.25_layoutA,2,2,True,-0.22521288369636422,-0.04368420229560177,-0.07500000000000007,-0.021562500000000012,-0.16738777740704547,-0.27500000000000013
error_minus_oracle,diffuse_blur,oracle,0.1,0.1,cx0.75_cy0.25_layoutA,2,2,True,-0.2896183863570981,-0.3411267938687086,-0.40000000000000013,-0.06812499999999994,-0.23026175832127316,-0.3500000000000001
error_minus_oracle,false_hotspot,oracle,0.1,0.1,cx0.75_cy0.25_layoutA,2,2,True,-0.22380345606027158,-0.12425175532737598,-0.2250000000000001,-0.04749999999999993,-0.10369719299836755,-0.2250000000000001
error_minus_oracle,false_negative_suppression,oracle,0.1,0.1,cx0.75_cy0.25_layoutA,2,2,True,-0.10889766556471758,-0.295773531089879,-0.40000000000000013,-0.03656249999999994,-0.13368572097633713,-0.30000000000000004
family_pair,spatial_shift,diffuse_blur,0.1,0.1,cx0.75_cy0.25_layoutA,2,2,True,0.06440550266073386,0.2974425915731068,0.32500000000000007,0.04656249999999992,0.06287398091422769,0.07499999999999996
family_pair,spatial_shift,false_hotspot,0.1,0.1,cx0.75_cy0.25_layoutA,2,2,True,-0.0014094276360926417,0.08056755303177421,0.15000000000000002,0.02593749999999992,-0.06369058440867792,-0.050000000000000044
family_pair,spatial_shift,false_negative_suppression,0.1,0.1,cx0.75_cy0.25_layoutA,2,2,True,-0.11631521813164664,0.25208932879427726,0.32500000000000007,0.01499999999999993,-0.03370205643070834,0.02499999999999991
family_pair,diffuse_blur,false_hotspot,0.1,0.1,cx0.75_cy0.25_layoutA,2,2,True,-0.0658149302968265,-0.2168750385413326,-0.17500000000000004,-0.020625000000000004,-0.1265645653229056,-0.125
family_pair,diffuse_blur,false_negative_suppression,0.1,0.1,cx0.75_cy0.25_layoutA,2,2,True,-0.1807207207923805,-0.04535326277882956,0.0,-0.03156249999999999,-0.09657603734493603,-0.050000000000000044
family_pair,false_hotspot,false_negative_suppression,0.1,0.1,cx0.75_cy0.25_layoutA,2,2,True,-0.114905790495554,0.17152177576250305,0.17500000000000004,-0.010937499999999989,0.02998852797796958,0.07499999999999996
error_minus_oracle,spatial_shift,oracle,0.15,0.1,cx0.75_cy0.25_layoutA,2,2,True,-0.32920342503042943,-0.03659621474670216,-0.10000000000000009,-0.04187499999999997,-0.2046128082478228,-0.375
error_minus_oracle,diffuse_blur,oracle,0.15,0.1,cx0.75_cy0.25_layoutA,2,2,True,-0.44473027229746337,-0.3223386080007429,-0.55,-0.06187499999999996,-0.024047253922966583,0.2999999999999998
error_minus_oracle,false_hotspot,oracle,0.15,0.1,cx0.75_cy0.25_layoutA,2,2,True,-0.27514305176939324,0.059952624524943876,0.09999999999999987,-0.03312499999999999,-0.06247273272442477,0.02499999999999991
error_minus_oracle,false_negative_suppression,oracle,0.15,0.1,cx0.75_cy0.25_layoutA,2,2,True,-0.11686764038993525,-0.2747069150143384,-0.40000000000000013,-0.03593749999999993,-0.13032912724211942,-0.30000000000000016
family_pair,spatial_shift,diffuse_blur,0.15,0.1,cx0.75_cy0.25_layoutA,2,2,True,0.11552684726703394,0.2857423932540407,0.44999999999999996,0.01999999999999999,-0.18056555432485621,-0.6749999999999998
family_pair,spatial_shift,false_hotspot,0.15,0.1,cx0.75_cy0.25_layoutA,2,2,True,-0.05406037326103619,-0.09654883927164604,-0.19999999999999996,-0.00874999999999998,-0.14214007552339802,-0.3999999999999999
family_pair,spatial_shift,false_negative_suppression,0.15,0.1,cx0.75_cy0.25_layoutA,2,2,True,-0.21233578464049419,0.23811070026763625,0.30000000000000004,-0.00593750000000004,-0.07428368100570337,-0.07499999999999984
family_pair,diffuse_blur,false_hotspot,0.15,0.1,cx0.75_cy0.25_layoutA,2,2,True,-0.16958722052807013,-0.38229123252568675,-0.6499999999999999,-0.02874999999999997,0.03842547880145819,0.2749999999999999
family_pair,diffuse_blur,false_negative_suppression,0.15,0.1,cx0.75_cy0.25_layoutA,2,2,True,-0.3278626319075281,-0.04763169298640446,-0.1499999999999999,-0.02593750000000003,0.10628187331915284,0.6
family_pair,false_hotspot,false_negative_suppression,0.15,0.1,cx0.75_cy0.25_layoutA,2,2,True,-0.158275411379458,0.3346595395392823,0.5,0.00281249999999994,0.06785639451769465,0.32500000000000007
baseline_minus_oracle,uniform_prior_baseline,oracle,,0.05,cx0.75_cy0.25_layoutA,1,1,True,-0.4213408520391395,-0.5669679561646634,-0.8,0.013124999999999942,-0.0020953432825092655,0.5999999999999999
error_minus_oracle,spatial_shift,oracle,0.05,0.05,cx0.75_cy0.25_layoutA,2,2,True,-0.05134524516520256,0.07106994360272867,0.125,0.006249999999999978,-0.14703760792254728,-0.15000000000000002
error_minus_oracle,diffuse_blur,oracle,0.05,0.05,cx0.75_cy0.25_layoutA,2,2,True,0.015242467015296968,-0.17729916054828565,-0.20000000000000018,-0.009375000000000022,-0.11647281363824069,-0.25
error_minus_oracle,false_hotspot,oracle,0.05,0.05,cx0.75_cy0.25_layoutA,2,2,True,0.0008439932247498172,-0.00843277262669706,0.0249999999999998,0.03406250000000005,-0.11952079446735664,-1.1102230246251565e-16
error_minus_oracle,false_negative_suppression,oracle,0.05,0.05,cx0.75_cy0.25_layoutA,2,2,True,0.07212017294833206,0.2514329343196551,0.475,0.05500000000000005,-0.022109282766552774,0.09999999999999987
family_pair,spatial_shift,diffuse_blur,0.05,0.05,cx0.75_cy0.25_layoutA,2,2,True,-0.06658771218049953,0.24836910415101432,0.3250000000000002,0.015625,-0.030564794284306585,0.09999999999999998
family_pair,spatial_shift,false_hotspot,0.05,0.05,cx0.75_cy0.25_layoutA,2,2,True,-0.052189238389952375,0.07950271622942573,0.1000000000000002,-0.027812500000000073,-0.027516813455190636,-0.1499999999999999
family_pair,spatial_shift,false_negative_suppression,0.05,0.05,cx0.75_cy0.25_layoutA,2,2,True,-0.12346541811353462,-0.1803629907169264,-0.35,-0.04875000000000007,-0.1249283251559945,-0.2499999999999999
family_pair,diffuse_blur,false_hotspot,0.05,0.05,cx0.75_cy0.25_layoutA,2,2,True,0.01439847379054715,-0.1688663879215886,-0.22499999999999998,-0.04343750000000007,0.0030479808291159483,-0.2499999999999999
family_pair,diffuse_blur,false_negative_suppression,0.05,0.05,cx0.75_cy0.25_layoutA,2,2,True,-0.056877705933035094,-0.4287320948679407,-0.6750000000000002,-0.06437500000000007,-0.09436353087168792,-0.34999999999999987
family_pair,false_hotspot,false_negative_suppression,0.05,0.05,cx0.75_cy0.25_layoutA,2,2,True,-0.07127617972358224,-0.25986570694635214,-0.4500000000000002,-0.020937499999999998,-0.09741151170080387,-0.09999999999999998
error_minus_oracle,spatial_shift,oracle,0.1,0.05,cx0.75_cy0.25_layoutA,2,2,True,-0.10815272373694335,0.060088245613829416,0.07499999999999984,0.009375000000000078,-0.18754566568261377,-0.17500000000000004
error_minus_oracle,diffuse_blur,oracle,0.1,0.05,cx0.75_cy0.25_layoutA,2,2,True,-0.16984753561766486,-0.6218674808715989,-0.75,-0.06874999999999998,-0.12485523904003504,-0.40000000000000013
error_minus_oracle,false_hotspot,oracle,0.1,0.05,cx0.75_cy0.25_layoutA,2,2,True,0.03337798834028083,0.4003051905155859,0.675,0.05687500000000012,-0.021078228998941517,0.275
error_minus_oracle,false_negative_suppression,oracle,0.1,0.05,cx0.75_cy0.25_layoutA,2,2,True,-0.027616734967092216,-0.2646091756667853,-0.4,-0.008437499999999987,-0.10958714612524978,-0.32499999999999996
family_pair,spatial_shift,diffuse_blur,0.1,0.05,cx0.75_cy0.25_layoutA,2,2,True,0.06169481188072151,0.6819557264854283,0.8249999999999998,0.07812500000000006,-0.06269042664257873,0.2250000000000001
family_pair,spatial_shift,false_hotspot,0.1,0.05,cx0.75_cy0.25_layoutA,2,2,True,-0.14153071207722417,-0.34021694490175647,-0.6000000000000002,-0.04750000000000004,-0.16646743668367225,-0.45000000000000007
family_pair,spatial_shift,false_negative_suppression,0.1,0.05,cx0.75_cy0.25_layoutA,2,2,True,-0.08053598876985113,0.32469742128061474,0.47499999999999987,0.017812500000000064,-0.07795851955736399,0.1499999999999999
family_pair,diffuse_blur,false_hotspot,0.1,0.05,cx0.75_cy0.25_layoutA,2,2,True,-0.2032255239579457,-1.0221726713871848,-1.425,-0.1256250000000001,-0.10377701004109352,-0.6750000000000002
family_pair,diffuse_blur,false_negative_suppression,0.1,0.05,cx0.75_cy0.25_layoutA,2,2,True,-0.14223080065057264,-0.3572583052048136,-0.35,-0.06031249999999999,-0.015268092914785258,-0.07500000000000018
family_pair,false_hotspot,false_negative_suppression,0.1,0.05,cx0.75_cy0.25_layoutA,2,2,True,0.060994723307373044,0.6649143661823712,1.0750000000000002,0.0653125000000001,0.08850891712630826,0.6
error_minus_oracle,spatial_shift,oracle,0.15,0.05,cx0.75_cy0.25_layoutA,2,2,True,-0.1667743572732123,0.08167833057168195,0.09999999999999987,0.0009375000000000078,-0.20982009167807814,-0.25
error_minus_oracle,diffuse_blur,oracle,0.15,0.05,cx0.75_cy0.25_layoutA,2,2,True,-0.3259179491126048,-0.6343333146830918,-0.8,-0.02937499999999993,-0.05878807147981435,0.34999999999999987
error_minus_oracle,false_hotspot,oracle,0.15,0.05,cx0.75_cy0.25_layoutA,2,2,True,-0.1394248273541741,0.2832567834415568,0.4750000000000001,0.0006249999999999867,0.023925777132690618,0.25
error_minus_oracle,false_negative_suppression,oracle,0.15,0.05,cx0.75_cy0.25_layoutA,2,2,True,-0.07748810268755763,-0.46095967303771823,-0.6250000000000001,-0.015312499999999951,-0.08702800959066637,-0.32499999999999996
family_pair,spatial_shift,diffuse_blur,0.15,0.05,cx0.75_cy0.25_layoutA,2,2,True,0.1591435918393925,0.7160116452547738,0.8999999999999999,0.030312499999999937,-0.15103202019826378,-0.5999999999999999
family_pair,spatial_shift,false_hotspot,0.15,0.05,cx0.75_cy0.25_layoutA,2,2,True,-0.02734952991903819,-0.20157845286987486,-0.3750000000000002,0.0003125000000000211,-0.23374586881076875,-0.5
family_pair,spatial_shift,false_negative_suppression,0.15,0.05,cx0.75_cy0.25_layoutA,2,2,True,-0.08928625458565467,0.5426380036094002,0.725,0.01624999999999996,-0.12279208208741177,0.07499999999999996
family_pair,diffuse_blur,false_hotspot,0.15,0.05,cx0.75_cy0.25_layoutA,2,2,True,-0.1864931217584307,-0.9175900981246486,-1.275,-0.029999999999999916,-0.08271384861250497,0.09999999999999987
family_pair,diffuse_blur,false_negative_suppression,0.15,0.05,cx0.75_cy0.25_layoutA,2,2,True,-0.24842984642504717,-0.1733736416453736,-0.17499999999999993,-0.014062499999999978,0.028239938110852014,0.6749999999999998
family_pair,false_hotspot,false_negative_suppression,0.15,0.05,cx0.75_cy0.25_layoutA,2,2,True,-0.06193672466661648,0.744216456479275,1.1,0.015937499999999938,0.11095378672335698,0.575
baseline_minus_oracle,uniform_prior_baseline,oracle,,0.1,cx0.75_cy0.25_layoutB,1,1,True,-0.4977773252020961,-0.3355868250320546,-0.6000000000000001,-0.04503916449086165,0.003463270871153501,0.3500000000000001
error_minus_oracle,spatial_shift,oracle,0.05,0.1,cx0.75_cy0.25_layoutB,2,2,True,-0.04319317849598725,0.3250255655604599,0.575,-0.0016318537859007498,-0.009600451611908811,0.2250000000000001
error_minus_oracle,diffuse_blur,oracle,0.05,0.1,cx0.75_cy0.25_layoutB,2,2,True,-0.1314060993362266,-0.281408192268779,-0.3500000000000001,-0.047650130548302916,-0.16879106438896185,-0.3500000000000001
error_minus_oracle,false_hotspot,oracle,0.05,0.1,cx0.75_cy0.25_layoutB,2,2,True,-0.1682626400380961,-0.2592708916661187,-0.30000000000000004,-0.054830287206266315,-0.1749597765273675,-0.375
error_minus_oracle,false_negative_suppression,oracle,0.05,0.1,cx0.75_cy0.25_layoutB,2,2,True,-0.09626474472416513,-0.2652013494969807,-0.3500000000000001,-0.037206266318537906,-0.16228656461092406,-0.375
family_pair,spatial_shift,diffuse_blur,0.05,0.1,cx0.75_cy0.25_layoutB,2,2,True,0.08821292084023935,0.6064337578292389,0.925,0.046018276762402166,0.15919061277705304,0.5750000000000002
family_pair,spatial_shift,false_hotspot,0.05,0.1,cx0.75_cy0.25_layoutB,2,2,True,0.12506946154210885,0.5842964572265786,0.875,0.053198433420365565,0.16535932491545868,0.6000000000000001
family_pair,spatial_shift,false_negative_suppression,0.05,0.1,cx0.75_cy0.25_layoutB,2,2,True,0.05307156622817788,0.5902269150574406,0.925,0.035574412532637156,0.15268611299901524,0.6000000000000001
family_pair,diffuse_blur,false_hotspot,0.05,0.1,cx0.75_cy0.25_layoutB,2,2,True,0.0368565407018695,-0.02213730060266028,-0.050000000000000044,0.007180156657963399,0.006168712138405641,0.02499999999999991
family_pair,diffuse_blur,false_negative_suppression,0.05,0.1,cx0.75_cy0.25_layoutB,2,2,True,-0.03514135461206147,-0.01620684277179829,0.0,-0.01044386422976501,-0.006504499778037798,0.02499999999999991
family_pair,false_hotspot,false_negative_suppression,0.05,0.1,cx0.75_cy0.25_layoutB,2,2,True,-0.07199789531393097,0.00593045783086199,0.050000000000000044,-0.01762402088772841,-0.012673211916443439,0.0
error_minus_oracle,spatial_shift,oracle,0.1,0.1,cx0.75_cy0.25_layoutB,2,2,True,-0.17330856807634104,0.3055654237090233,0.5249999999999999,-0.027741514360313357,-0.06047698993892969,0.17500000000000016
error_minus_oracle,diffuse_blur,oracle,0.1,0.1,cx0.75_cy0.25_layoutB,2,2,True,-0.31696414574206605,-0.4620870134229429,-0.5,-0.08355091383812013,-0.33474683058169474,-0.3999999999999999
error_minus_oracle,false_hotspot,oracle,0.1,0.1,cx0.75_cy0.25_layoutB,2,2,True,-0.2402237460035963,-0.1513758682872589,-0.2250000000000001,-0.06135770234986948,-0.14733065525148303,-0.30000000000000004
error_minus_oracle,false_negative_suppression,oracle,0.1,0.1,cx0.75_cy0.25_layoutB,2,2,True,-0.12445068358722589,-0.3362337961002436,-0.42500000000000016,-0.042754569190600555,-0.19943929331573318,-0.42499999999999993
family_pair,spatial_shift,diffuse_blur,0.1,0.1,cx0.75_cy0.25_layoutB,2,2,True,0.143655577665725,0.7676524371319662,1.025,0.055809399477806776,0.27426984064276505,0.5750000000000001
family_pair,spatial_shift,false_hotspot,0.1,0.1,cx0.75_cy0.25_layoutB,2,2,True,0.06691517792725526,0.4569412919962822,0.75,0.03361618798955612,0.08685366531255334,0.4750000000000002
family_pair,spatial_shift,false_negative_suppression,0.1,0.1,cx0.75_cy0.25_layoutB,2,2,True,-0.048857884489115155,0.6417992198092669,0.9500000000000001,0.015013054830287198,0.1389623033768035,0.6000000000000001
family_pair,diffuse_blur,false_hotspot,0.1,0.1,cx0.75_cy0.25_layoutB,2,2,True,-0.07674039973846974,-0.310711145135684,-0.2749999999999999,-0.022193211488250653,-0.1874161753302117,-0.09999999999999987
family_pair,diffuse_blur,false_negative_suppression,0.1,0.1,cx0.75_cy0.25_layoutB,2,2,True,-0.19251346215484016,-0.12585321732269927,-0.07499999999999984,-0.04079634464751958,-0.13530753726596156,0.025000000000000022
family_pair,false_hotspot,false_negative_suppression,0.1,0.1,cx0.75_cy0.25_layoutB,2,2,True,-0.11577306241637042,0.1848579278129847,0.20000000000000007,-0.018603133159268925,0.052108638064250146,0.12499999999999989
error_minus_oracle,spatial_shift,oracle,0.15,0.1,cx0.75_cy0.25_layoutB,2,2,True,-0.3857182417613945,0.2097958750554858,0.32499999999999996,-0.07963446475195823,-0.06581383328928236,-0.025000000000000022
error_minus_oracle,diffuse_blur,oracle,0.15,0.1,cx0.75_cy0.25_layoutB,2,2,True,-0.41720568497293,-0.41301783172572626,-0.55,-0.08485639686684077,-0.11522529576772556,-0.050000000000000044
error_minus_oracle,false_hotspot,oracle,0.15,0.1,cx0.75_cy0.25_layoutB,2,2,True,-0.2729461236372185,0.030974630693413885,0.09999999999999987,-0.03981723237597912,-0.13124903511680996,-0.09999999999999998
error_minus_oracle,false_negative_suppression,oracle,0.15,0.1,cx0.75_cy0.25_layoutB,2,2,True,-0.12999674067236433,-0.32802648707336957,-0.42500000000000016,-0.04242819843342038,-0.19947760483945087,-0.42499999999999993
family_pair,spatial_shift,diffuse_blur,0.15,0.1,cx0.75_cy0.25_layoutB,2,2,True,0.03148744321153546,0.6228137067812121,0.875,0.005221932114882533,0.04941146247844319,0.025000000000000022
family_pair,spatial_shift,false_hotspot,0.15,0.1,cx0.75_cy0.25_layoutB,2,2,True,-0.11277211812417604,0.17882124436207192,0.2250000000000001,-0.03981723237597912,0.0654352018275276,0.07499999999999996
family_pair,spatial_shift,false_negative_suppression,0.15,0.1,cx0.75_cy0.25_layoutB,2,2,True,-0.2557215010890302,0.5378223621288554,0.7500000000000001,-0.03720626631853785,0.1336637715501685,0.3999999999999999
family_pair,diffuse_blur,false_hotspot,0.15,0.1,cx0.75_cy0.25_layoutB,2,2,True,-0.1442595613357115,-0.44399246241914014,-0.6499999999999999,-0.04503916449086165,0.01602373934908441,0.04999999999999993
family_pair,diffuse_blur,false_negative_suppression,0.15,0.1,cx0.75_cy0.25_layoutB,2,2,True,-0.28720894430056565,-0.08499134465235669,-0.12499999999999989,-0.04242819843342038,0.08425230907172532,0.3749999999999999
family_pair,false_hotspot,false_negative_suppression,0.15,0.1,cx0.75_cy0.25_layoutB,2,2,True,-0.14294938296485415,0.35900111776678345,0.525,0.0026109660574412663,0.06822856972264091,0.32499999999999996
baseline_minus_oracle,uniform_prior_baseline,oracle,,0.05,cx0.75_cy0.25_layoutB,1,1,True,-0.3754733790189357,-0.664582500753514,-0.75,0.005221932114882477,-0.19461688689437384,0.3500000000000001
error_minus_oracle,spatial_shift,oracle,0.05,0.05,cx0.75_cy0.25_layoutB,2,2,True,-0.05329012197430688,0.1282887541061417,0.17500000000000004,-0.006527415143603166,-0.11442092653092817,0.02499999999999991
error_minus_oracle,diffuse_blur,oracle,0.05,0.05,cx0.75_cy0.25_layoutB,2,2,True,0.06484408697677901,0.08963670665755163,0.24999999999999978,0.03459530026109653,-0.15561294563148698,-0.050000000000000266
error_minus_oracle,false_hotspot,oracle,0.05,0.05,cx0.75_cy0.25_layoutB,2,2,True,-0.006311555443514083,0.10115712962472756,0.04999999999999993,0.031005221932114857,-0.13365555279663033,-0.07500000000000029
error_minus_oracle,false_negative_suppression,oracle,0.05,0.05,cx0.75_cy0.25_layoutB,2,2,True,0.057307632224322225,0.2931223048955518,0.625,0.055809399477806776,-0.05601504833008408,0.30000000000000004
family_pair,spatial_shift,diffuse_blur,0.05,0.05,cx0.75_cy0.25_layoutB,2,2,True,-0.1181342089510859,0.03865204744859008,-0.07499999999999973,-0.041122715404699695,0.04119201910055881,0.07500000000000018
family_pair,spatial_shift,false_hotspot,0.05,0.05,cx0.75_cy0.25_layoutB,2,2,True,-0.0469785665307928,0.02713162448141415,0.1250000000000001,-0.03753263707571802,0.01923462626570216,0.1000000000000002
family_pair,spatial_shift,false_negative_suppression,0.05,0.05,cx0.75_cy0.25_layoutB,2,2,True,-0.1105977541986291,-0.1648335507894101,-0.44999999999999996,-0.06233681462140994,-0.058405878200844086,-0.27500000000000013
family_pair,diffuse_blur,false_hotspot,0.05,0.05,cx0.75_cy0.25_layoutB,2,2,True,0.0711556424202931,-0.011520422967175925,0.19999999999999984,0.003590078328981672,-0.02195739283485665,0.025000000000000022
family_pair,diffuse_blur,false_negative_suppression,0.05,0.05,cx0.75_cy0.25_layoutB,2,2,True,0.007536454752456789,-0.20348559823800016,-0.3750000000000002,-0.021214099216710247,-0.0995978973014029,-0.3500000000000003
family_pair,false_hotspot,false_negative_suppression,0.05,0.05,cx0.75_cy0.25_layoutB,2,2,True,-0.06361918766783631,-0.19196517527082424,-0.5750000000000001,-0.02480417754569192,-0.07764050446654625,-0.37500000000000033
error_minus_oracle,spatial_shift,oracle,0.1,0.05,cx0.75_cy0.25_layoutB,2,2,True,-0.08739900392245636,0.18055442935836563,0.17500000000000004,-0.0035900783289817273,-0.15123801558916083,-2.220446049250313e-16
error_minus_oracle,diffuse_blur,oracle,0.1,0.05,cx0.75_cy0.25_layoutB,2,2,True,-0.08042758822530582,-0.31040202605829026,-0.30000000000000004,-0.027415143603133185,-0.24596171802054156,-0.40000000000000013
error_minus_oracle,false_hotspot,oracle,0.1,0.05,cx0.75_cy0.25_layoutB,2,2,True,0.03365085647202887,0.4115417113984763,0.7749999999999999,0.06592689295039161,-0.10332979968413025,0.2999999999999998
error_minus_oracle,false_negative_suppression,oracle,0.1,0.05,cx0.75_cy0.25_layoutB,2,2,True,0.0636500497602619,0.1450866789105666,0.3749999999999999,0.03720626631853785,-0.10881426096943314,0.07499999999999973
family_pair,spatial_shift,diffuse_blur,0.1,0.05,cx0.75_cy0.25_layoutB,2,2,True,-0.00697141569715054,0.4909564554166559,0.4750000000000001,0.023825065274151458,0.09472370243138073,0.3999999999999999
family_pair,spatial_shift,false_hotspot,0.1,0.05,cx0.75_cy0.25_layoutB,2,2,True,-0.12104986039448523,-0.23098728204011065,-0.5999999999999999,-0.06951697127937334,-0.04790821590503058,-0.30000000000000004
family_pair,spatial_shift,false_negative_suppression,0.1,0.05,cx0.75_cy0.25_layoutB,2,2,True,-0.15104905368271826,0.03546775044779904,-0.19999999999999984,-0.04079634464751958,-0.042423754619727694,-0.07499999999999996
family_pair,diffuse_blur,false_hotspot,0.1,0.05,cx0.75_cy0.25_layoutB,2,2,True,-0.11407844469733469,-0.7219437374567665,-1.075,-0.0933420365535248,-0.1426319183364113,-0.7
family_pair,diffuse_blur,false_negative_suppression,0.1,0.05,cx0.75_cy0.25_layoutB,2,2,True,-0.14407763798556772,-0.45548870496885685,-0.6749999999999999,-0.06462140992167104,-0.13714745705110842,-0.47499999999999987
family_pair,false_hotspot,false_negative_suppression,0.1,0.05,cx0.75_cy0.25_layoutB,2,2,True,-0.029999193288233028,0.2664550324879097,0.4,0.028720626631853763,0.0054844612853028885,0.2250000000000001
error_minus_oracle,spatial_shift,oracle,0.15,0.05,cx0.75_cy0.25_layoutB,2,2,True,-0.06468434118760058,0.4062063672955235,0.7250000000000001,-0.003916449086161872,-0.03003053239995901,0.47499999999999987
error_minus_oracle,diffuse_blur,oracle,0.15,0.05,cx0.75_cy0.25_layoutB,2,2,True,-0.24887114360258922,-0.6785477132669662,-0.7,-0.022193211488250708,-0.2453656069999557,0.25
error_minus_oracle,false_hotspot,oracle,0.15,0.05,cx0.75_cy0.25_layoutB,2,2,True,-0.13792155337402834,0.27557281015003754,0.5000000000000001,0.01697127937336812,-0.06653644086742672,0.17499999999999993
error_minus_oracle,false_negative_suppression,oracle,0.15,0.05,cx0.75_cy0.25_layoutB,2,2,True,0.02681420300495424,0.20425164118123296,0.4750000000000001,0.03524804177545693,-0.035358656601330196,0.3749999999999998
family_pair,spatial_shift,diffuse_blur,0.15,0.05,cx0.75_cy0.25_layoutB,2,2,True,0.18418680241498864,1.0847540805624898,1.425,0.018276762402088836,0.21533507459999668,0.22499999999999987
family_pair,spatial_shift,false_hotspot,0.15,0.05,cx0.75_cy0.25_layoutB,2,2,True,0.07323721218642776,0.13063355714548597,0.22499999999999998,-0.02088772845952999,0.03650590846746771,0.29999999999999993
family_pair,spatial_shift,false_negative_suppression,0.15,0.05,cx0.75_cy0.25_layoutB,2,2,True,-0.09149854419255482,0.20195472611429055,0.25,-0.0391644908616188,0.005328124201371187,0.10000000000000009
family_pair,diffuse_blur,false_hotspot,0.15,0.05,cx0.75_cy0.25_layoutB,2,2,True,-0.11094959022856088,-0.9541205234170037,-1.2000000000000002,-0.03916449086161883,-0.17882916613252897,0.07500000000000007
family_pair,diffuse_blur,false_negative_suppression,0.15,0.05,cx0.75_cy0.25_layoutB,2,2,True,-0.27568534660754346,-0.8827993544481991,-1.175,-0.05744125326370764,-0.2100069503986255,-0.12499999999999978
family_pair,false_hotspot,false_negative_suppression,0.15,0.05,cx0.75_cy0.25_layoutB,2,2,True,-0.16473575637898258,0.07132116896880458,0.025000000000000133,-0.01827676240208881,-0.03117778426609652,-0.19999999999999984
baseline_minus_oracle,uniform_prior_baseline,oracle,,0.1,cx0.75_cy0.25_layoutC,1,1,True,-0.5035974006882719,-0.32764846351103927,-0.55,-0.05924479166666674,-0.006822772819611078,0.2999999999999998
error_minus_oracle,spatial_shift,oracle,0.05,0.1,cx0.75_cy0.25_layoutC,2,2,True,-0.133494282481801,0.168574775941849,0.35,-0.0374348958333334,-0.0323650306024057,-0.09999999999999987
error_minus_oracle,diffuse_blur,oracle,0.05,0.1,cx0.75_cy0.25_layoutC,2,2,True,-0.1235876710970163,-0.2580958771843245,-0.30000000000000004,-0.044921875000000056,-0.15214301771092043,-0.30000000000000004
error_minus_oracle,false_hotspot,oracle,0.05,0.1,cx0.75_cy0.25_layoutC,2,2,True,-0.17464536488561028,-0.2667210102985149,-0.32500000000000007,-0.049804687500000056,-0.17210234644158873,-0.35
error_minus_oracle,false_negative_suppression,oracle,0.05,0.1,cx0.75_cy0.25_layoutC,2,2,True,-0.11301692818713821,-0.28815935537670423,-0.3750000000000001,-0.03971354166666671,-0.1635447900069833,-0.35
family_pair,spatial_shift,diffuse_blur,0.05,0.1,cx0.75_cy0.25_layoutC,2,2,True,-0.009906611384784714,0.42667065312617347,0.65,0.007486979166666657,0.11977798710851473,0.20000000000000018
family_pair,spatial_shift,false_hotspot,0.05,0.1,cx0.75_cy0.25_layoutC,2,2,True,0.04115108240380927,0.4352957862403639,0.675,0.012369791666666657,0.13973731583918303,0.2500000000000001
family_pair,spatial_shift,false_negative_suppression,0.05,0.1,cx0.75_cy0.25_layoutC,2,2,True,-0.020477354294662797,0.4567341313185532,0.7250000000000001,0.002278645833333315,0.1311797594045776,0.2500000000000001
family_pair,diffuse_blur,false_hotspot,0.05,0.1,cx0.75_cy0.25_layoutC,2,2,True,0.05105769378859398,0.008625133114190442,0.025000000000000022,0.0048828125,0.019959328730668302,0.04999999999999993
family_pair,diffuse_blur,false_negative_suppression,0.05,0.1,cx0.75_cy0.25_layoutC,2,2,True,-0.010570742909878084,0.030063478192379756,0.07500000000000007,-0.005208333333333343,0.011401772296062873,0.04999999999999993
family_pair,false_hotspot,false_negative_suppression,0.05,0.1,cx0.75_cy0.25_layoutC,2,2,True,-0.06162843669847207,0.021438345078189314,0.050000000000000044,-0.010091145833333343,-0.008557556434605429,0.0
error_minus_oracle,spatial_shift,oracle,0.1,0.1,cx0.75_cy0.25_layoutC,2,2,True,-0.25300999399426444,0.17344901673372826,0.30000000000000004,-0.05631510416666671,-0.06986462755966327,-0.09999999999999998
error_minus_oracle,diffuse_blur,oracle,0.1,0.1,cx0.75_cy0.25_layoutC,2,2,True,-0.3180809834226977,-0.45165913102187627,-0.4500000000000002,-0.07682291666666674,-0.32596556067880367,-0.30000000000000004
error_minus_oracle,false_hotspot,oracle,0.1,0.1,cx0.75_cy0.25_layoutC,2,2,True,-0.24207751052313398,-0.17058013417732498,-0.17500000000000004,-0.05078125000000003,-0.16109562711217462,-0.275
error_minus_oracle,false_negative_suppression,oracle,0.1,0.1,cx0.75_cy0.25_layoutC,2,2,True,-0.13203285394013292,-0.34362081757061114,-0.3750000000000001,-0.0393880208333334,-0.1924437136770809,-0.4
family_pair,spatial_shift,diffuse_blur,0.1,0.1,cx0.75_cy0.25_layoutC,2,2,True,0.06507098942843326,0.6251081477556045,0.7500000000000002,0.020507812500000028,0.2561009331191404,0.20000000000000007
family_pair,spatial_shift,false_hotspot,0.1,0.1,cx0.75_cy0.25_layoutC,2,2,True,-0.01093248347113046,0.34402915091105324,0.4750000000000001,-0.005533854166666685,0.09123099955251135,0.17500000000000004
family_pair,spatial_shift,false_negative_suppression,0.1,0.1,cx0.75_cy0.25_layoutC,2,2,True,-0.12097714005413152,0.5170698343043394,0.6750000000000002,-0.016927083333333315,0.12257908611741763,0.30000000000000004
family_pair,diffuse_blur,false_hotspot,0.1,0.1,cx0.75_cy0.25_layoutC,2,2,True,-0.07600347289956372,-0.2810789968445513,-0.27500000000000013,-0.026041666666666713,-0.16486993356662905,-0.025000000000000022
family_pair,diffuse_blur,false_negative_suppression,0.1,0.1,cx0.75_cy0.25_layoutC,2,2,True,-0.18604812948256477,-0.10803831345126513,-0.07500000000000007,-0.03743489583333334,-0.13352184700172276,0.09999999999999998
family_pair,false_hotspot,false_negative_suppression,0.1,0.1,cx0.75_cy0.25_layoutC,2,2,True,-0.11004465658300105,0.17304068339328615,0.20000000000000007,-0.01139322916666663,0.031348086564906286,0.125
error_minus_oracle,spatial_shift,oracle,0.15,0.1,cx0.75_cy0.25_layoutC,2,2,True,-0.3452551843916001,0.15447641007277757,0.2499999999999999,-0.06901041666666669,-0.10510440417093436,-0.10000000000000009
error_minus_oracle,diffuse_blur,oracle,0.15,0.1,cx0.75_cy0.25_layoutC,2,2,True,-0.4403052482073361,-0.39529991812317267,-0.5,-0.08984375000000006,-0.10349066703715204,0.20000000000000018
error_minus_oracle,false_hotspot,oracle,0.15,0.1,cx0.75_cy0.25_layoutC,2,2,True,-0.279264709949421,0.0024875780290574134,0.12499999999999989,-0.03743489583333337,-0.140838586853113,-0.125
error_minus_oracle,false_negative_suppression,oracle,0.15,0.1,cx0.75_cy0.25_layoutC,2,2,True,-0.1368440398720222,-0.33398047042638757,-0.3750000000000001,-0.03906250000000003,-0.19192000473837612,-0.4
family_pair,spatial_shift,diffuse_blur,0.15,0.1,cx0.75_cy0.25_layoutC,2,2,True,0.09505006381573597,0.5497763281959502,0.7499999999999999,0.02083333333333337,-0.0016137371337823225,-0.30000000000000027
family_pair,spatial_shift,false_hotspot,0.15,0.1,cx0.75_cy0.25_layoutC,2,2,True,-0.06599047444217909,0.15198883204372016,0.125,-0.031575520833333315,0.03573418268217865,0.02499999999999991
family_pair,spatial_shift,false_negative_suppression,0.15,0.1,cx0.75_cy0.25_layoutC,2,2,True,-0.2084111445195779,0.48845688049916514,0.625,-0.029947916666666657,0.08681560056744175,0.29999999999999993
family_pair,diffuse_blur,false_hotspot,0.15,0.1,cx0.75_cy0.25_layoutC,2,2,True,-0.16104053825791506,-0.3977874961522301,-0.6249999999999999,-0.052408854166666685,0.03734791981596097,0.3250000000000002
family_pair,diffuse_blur,false_negative_suppression,0.15,0.1,cx0.75_cy0.25_layoutC,2,2,True,-0.30346120833531387,-0.0613194476967851,-0.12499999999999989,-0.05078125000000003,0.08842933770122408,0.6000000000000002
family_pair,false_hotspot,false_negative_suppression,0.15,0.1,cx0.75_cy0.25_layoutC,2,2,True,-0.1424206700773988,0.336468048455445,0.5,0.0016276041666666574,0.0510814178852631,0.275
baseline_minus_oracle,uniform_prior_baseline,oracle,,0.05,cx0.75_cy0.25_layoutC,1,1,True,-0.3778986809660462,-0.6666943326343466,-0.7999999999999998,-0.0013020833333333148,-0.1365736351018949,0.5
error_minus_oracle,spatial_shift,oracle,0.05,0.05,cx0.75_cy0.25_layoutC,2,2,True,-0.021495828346626167,0.301361418099674,0.6250000000000002,0.03092447916666663,0.00168427434602747,0.32499999999999996
error_minus_oracle,diffuse_blur,oracle,0.05,0.05,cx0.75_cy0.25_layoutC,2,2,True,0.08150468590961812,0.21005151905857078,0.4500000000000002,0.05273437499999989,-0.08559295517209264,0.10000000000000009
error_minus_oracle,false_hotspot,oracle,0.05,0.05,cx0.75_cy0.25_layoutC,2,2,True,0.05064829933788689,0.23067501423904635,0.25,0.04752604166666663,-0.08496602936836828,0.050000000000000044
error_minus_oracle,false_negative_suppression,oracle,0.05,0.05,cx0.75_cy0.25_layoutC,2,2,True,0.039087715765492526,0.27071181484773366,0.5500000000000003,0.053710937499999944,-0.04934460330077006,0.20000000000000018
family_pair,spatial_shift,diffuse_blur,0.05,0.05,cx0.75_cy0.25_layoutC,2,2,True,-0.10300051425624429,0.0913098990411032,0.17500000000000004,-0.02180989583333326,0.08727722951812011,0.22499999999999987
family_pair,spatial_shift,false_hotspot,0.05,0.05,cx0.75_cy0.25_layoutC,2,2,True,-0.07214412768451306,0.07068640386062763,0.3750000000000002,-0.0166015625,0.08665030371439575,0.2749999999999999
family_pair,spatial_shift,false_negative_suppression,0.05,0.05,cx0.75_cy0.25_layoutC,2,2,True,-0.06058354411211869,0.030649603251940327,0.07499999999999996,-0.022786458333333315,0.05102887764679753,0.12499999999999978
family_pair,diffuse_blur,false_hotspot,0.05,0.05,cx0.75_cy0.25_layoutC,2,2,True,0.03085638657173123,-0.02062349518047557,0.20000000000000018,0.005208333333333259,-0.0006269258037243652,0.050000000000000044
family_pair,diffuse_blur,false_negative_suppression,0.05,0.05,cx0.75_cy0.25_layoutC,2,2,True,0.0424169701441256,-0.06066029578916288,-0.10000000000000009,-0.0009765625000000555,-0.03624835187132258,-0.10000000000000009
family_pair,false_hotspot,false_negative_suppression,0.05,0.05,cx0.75_cy0.25_layoutC,2,2,True,0.011560583572394367,-0.040036800608687306,-0.30000000000000027,-0.006184895833333315,-0.035621426067598216,-0.15000000000000013
error_minus_oracle,spatial_shift,oracle,0.1,0.05,cx0.75_cy0.25_layoutC,2,2,True,-0.08121582197692429,0.31177750197558785,0.5250000000000001,0.0039062499999999722,-0.015082059905953127,0.27500000000000013
error_minus_oracle,diffuse_blur,oracle,0.1,0.05,cx0.75_cy0.25_layoutC,2,2,True,-0.13322575575894124,-0.4942212400923218,-0.5499999999999998,-0.044921875,-0.2133227240197373,-0.55
error_minus_oracle,false_hotspot,oracle,0.1,0.05,cx0.75_cy0.25_layoutC,2,2,True,-0.005391325035259298,0.30128054636181467,0.55,0.04361979166666663,-0.08003588057030853,0.20000000000000007
error_minus_oracle,false_negative_suppression,oracle,0.1,0.05,cx0.75_cy0.25_layoutC,2,2,True,0.005282991822076144,0.20134906908261518,0.42500000000000004,0.03385416666666663,-0.06035913992657327,0.17500000000000016
family_pair,spatial_shift,diffuse_blur,0.1,0.05,cx0.75_cy0.25_layoutC,2,2,True,0.05200993378201696,0.8059987420679097,1.075,0.04882812499999997,0.19824066411378416,0.8250000000000002
family_pair,spatial_shift,false_hotspot,0.1,0.05,cx0.75_cy0.25_layoutC,2,2,True,-0.07582449694166499,0.010496955613773173,-0.02499999999999991,-0.03971354166666666,0.0649538206643554,0.07500000000000007
family_pair,spatial_shift,false_negative_suppression,0.1,0.05,cx0.75_cy0.25_layoutC,2,2,True,-0.08649881379900043,0.11042843289297266,0.10000000000000009,-0.029947916666666657,0.04527708002062014,0.09999999999999998
family_pair,diffuse_blur,false_hotspot,0.1,0.05,cx0.75_cy0.25_layoutC,2,2,True,-0.12783443072368195,-0.7955017864541365,-1.0999999999999999,-0.08854166666666663,-0.13328684344942876,-0.7500000000000001
family_pair,diffuse_blur,false_negative_suppression,0.1,0.05,cx0.75_cy0.25_layoutC,2,2,True,-0.1385087475810174,-0.695570309174937,-0.9749999999999999,-0.07877604166666663,-0.15296358409316402,-0.7250000000000002
family_pair,false_hotspot,false_negative_suppression,0.1,0.05,cx0.75_cy0.25_layoutC,2,2,True,-0.010674316857335442,0.09993147727919949,0.125,0.009765625,-0.019676740643735258,0.02499999999999991
error_minus_oracle,spatial_shift,oracle,0.15,0.05,cx0.75_cy0.25_layoutC,2,2,True,-0.141528932800356,0.4437348842896571,0.4750000000000002,0.020507812499999944,0.2920789890297468,0.375
error_minus_oracle,diffuse_blur,oracle,0.15,0.05,cx0.75_cy0.25_layoutC,2,2,True,-0.2558095259637363,-0.6459324862967668,-0.75,-0.021484375,-0.13018510825735374,0.3999999999999999
error_minus_oracle,false_hotspot,oracle,0.15,0.05,cx0.75_cy0.25_layoutC,2,2,True,-0.15292805391703856,0.2114578792630497,0.40000000000000024,0.00944010416666663,-0.039420167171373866,0.125
error_minus_oracle,false_negative_suppression,oracle,0.15,0.05,cx0.75_cy0.25_layoutC,2,2,True,0.012120180882082998,0.13440162653989474,0.3500000000000001,0.03580729166666663,-0.02671720133466149,0.275
family_pair,spatial_shift,diffuse_blur,0.15,0.05,cx0.75_cy0.25_layoutC,2,2,True,0.1142805931633803,1.089667370586424,1.225,0.041992187499999944,0.42226409728710057,-0.02499999999999991
family_pair,spatial_shift,false_hotspot,0.15,0.05,cx0.75_cy0.25_layoutC,2,2,True,0.011399121116682565,0.23227700502660742,0.07499999999999996,0.011067708333333315,0.3314991562011207,0.25
family_pair,spatial_shift,false_negative_suppression,0.15,0.05,cx0.75_cy0.25_layoutC,2,2,True,-0.153649113682439,0.3093332577497624,0.1250000000000001,-0.015299479166666685,0.3187961903644083,0.09999999999999998
family_pair,diffuse_blur,false_hotspot,0.15,0.05,cx0.75_cy0.25_layoutC,2,2,True,-0.10288147204669773,-0.8573903655598165,-1.1500000000000004,-0.03092447916666663,-0.09076494108597988,0.2749999999999999
family_pair,diffuse_blur,false_negative_suppression,0.15,0.05,cx0.75_cy0.25_layoutC,2,2,True,-0.2679297068458193,-0.7803341128366615,-1.1,-0.05729166666666663,-0.10346790692269225,0.12499999999999989
family_pair,false_hotspot,false_negative_suppression,0.15,0.05,cx0.75_cy0.25_layoutC,2,2,True,-0.16504823479912156,0.07705625272315497,0.050000000000000155,-0.0263671875,-0.012702965836712377,-0.15000000000000002
baseline_minus_oracle,uniform_prior_baseline,oracle,,0.1,cx0.75_cy0.75_layoutA,1,1,True,0.014001925282823846,1.4955673811195878,1.85,0.07437499999999997,0.7164753004005344,1.2000000000000002
error_minus_oracle,spatial_shift,oracle,0.05,0.1,cx0.75_cy0.75_layoutA,2,2,True,0.057168648337794614,0.7460633502109009,1.0,0.057187499999999974,0.2922294880393471,0.12499999999999994
error_minus_oracle,diffuse_blur,oracle,0.05,0.1,cx0.75_cy0.75_layoutA,2,2,True,0.0294023205129319,0.319077911867065,0.6000000000000001,0.00874999999999998,0.17498447204968937,0.04999999999999993
error_minus_oracle,false_hotspot,oracle,0.05,0.1,cx0.75_cy0.75_layoutA,2,2,True,0.013162664126989743,0.5065935210171904,0.9,0.02624999999999994,0.24207985854901382,0.175
error_minus_oracle,false_negative_suppression,oracle,0.05,0.1,cx0.75_cy0.75_layoutA,2,2,True,0.005297190559431508,0.11377245387500468,0.6500000000000001,0.007812499999999972,0.04268492389526379,0.024999999999999967
family_pair,spatial_shift,diffuse_blur,0.05,0.1,cx0.75_cy0.75_layoutA,2,2,True,0.027766327824862713,0.42698543834383584,0.3999999999999999,0.048437499999999994,0.11724501598965775,0.07500000000000001
family_pair,spatial_shift,false_hotspot,0.05,0.1,cx0.75_cy0.75_layoutA,2,2,True,0.04400598421080487,0.23946982919371052,0.09999999999999998,0.030937500000000034,0.0501496294903333,-0.050000000000000044
family_pair,spatial_shift,false_negative_suppression,0.05,0.1,cx0.75_cy0.75_layoutA,2,2,True,0.051871457778363106,0.6322908963358962,0.34999999999999987,0.049375,0.24954456414408333,0.09999999999999998
family_pair,diffuse_blur,false_hotspot,0.05,0.1,cx0.75_cy0.75_layoutA,2,2,True,0.01623965638594216,-0.18751560915012533,-0.29999999999999993,-0.01749999999999996,-0.06709538649932445,-0.12500000000000006
family_pair,diffuse_blur,false_negative_suppression,0.05,0.1,cx0.75_cy0.75_layoutA,2,2,True,0.024105129953500393,0.20530545799206035,-0.050000000000000044,0.0009375000000000078,0.13229954815442557,0.024999999999999967
family_pair,false_hotspot,false_negative_suppression,0.05,0.1,cx0.75_cy0.75_layoutA,2,2,True,0.007865473567558234,0.3928210671421857,0.2499999999999999,0.018437499999999968,0.19939493465375002,0.15000000000000002
error_minus_oracle,spatial_shift,oracle,0.1,0.1,cx0.75_cy0.75_layoutA,2,2,True,0.021764782341811062,0.8214097798700193,1.6250000000000002,0.04187499999999997,0.3035380252344022,0.12499999999999994
error_minus_oracle,diffuse_blur,oracle,0.1,0.1,cx0.75_cy0.75_layoutA,2,2,True,0.03935669738596359,0.9098213699500266,1.7000000000000002,0.03999999999999998,0.42113627006998744,0.3999999999999999
error_minus_oracle,false_hotspot,oracle,0.1,0.1,cx0.75_cy0.75_layoutA,2,2,True,0.02235080282582419,1.0918714538140213,1.925,0.09437499999999996,0.4279140965039162,0.42499999999999993
error_minus_oracle,false_negative_suppression,oracle,0.1,0.1,cx0.75_cy0.75_layoutA,2,2,True,0.0406640208702263,0.2705517855208679,0.675,0.038124999999999964,0.06875106130252773,0.07499999999999996
family_pair,spatial_shift,diffuse_blur,0.1,0.1,cx0.75_cy0.75_layoutA,2,2,True,-0.01759191504415253,-0.08841159008000732,-0.07499999999999996,0.0018749999999999878,-0.11759824483558523,-0.27499999999999997
family_pair,spatial_shift,false_hotspot,0.1,0.1,cx0.75_cy0.75_layoutA,2,2,True,-0.0005860204840131278,-0.270461673944002,-0.2999999999999998,-0.05249999999999999,-0.124376071269514,-0.3
family_pair,spatial_shift,false_negative_suppression,0.1,0.1,cx0.75_cy0.75_layoutA,2,2,True,-0.01889923852841524,0.5508579943491514,0.9500000000000002,0.0037500000000000033,0.23478696393187448,0.04999999999999999
family_pair,diffuse_blur,false_hotspot,0.1,0.1,cx0.75_cy0.75_layoutA,2,2,True,0.0170058945601394,-0.18205008386399468,-0.22499999999999987,-0.05437499999999998,-0.006777826433928769,-0.025000000000000022
family_pair,diffuse_blur,false_negative_suppression,0.1,0.1,cx0.75_cy0.75_layoutA,2,2,True,-0.0013073234842627124,0.6392695844291587,1.0250000000000001,0.0018750000000000155,0.3523852087674597,0.32499999999999996
family_pair,false_hotspot,false_negative_suppression,0.1,0.1,cx0.75_cy0.75_layoutA,2,2,True,-0.018313218044402113,0.8213196682931534,1.25,0.056249999999999994,0.3591630352013885,0.35
error_minus_oracle,spatial_shift,oracle,0.15,0.1,cx0.75_cy0.75_layoutA,2,2,True,0.008530504760416613,0.9944309031139047,1.675,0.05781249999999993,0.3361912626117135,0.14999999999999997
error_minus_oracle,diffuse_blur,oracle,0.15,0.1,cx0.75_cy0.75_layoutA,2,2,True,0.030269854001075513,1.345296512334353,1.8000000000000003,0.06812499999999994,0.6366769766093181,1.1
error_minus_oracle,false_hotspot,oracle,0.15,0.1,cx0.75_cy0.75_layoutA,2,2,True,-0.03622022111130452,1.5320150820246823,1.85,0.10187499999999994,0.4836512466326133,0.45000000000000007
error_minus_oracle,false_negative_suppression,oracle,0.15,0.1,cx0.75_cy0.75_layoutA,2,2,True,0.02482892721166685,0.1910296896971515,0.7000000000000001,0.03562499999999999,0.027788935202728293,0.07499999999999996
family_pair,spatial_shift,diffuse_blur,0.15,0.1,cx0.75_cy0.75_layoutA,2,2,True,-0.0217393492406589,-0.3508656092204483,-0.12500000000000022,-0.010312500000000002,-0.3004857139976046,-0.9500000000000001
family_pair,spatial_shift,false_hotspot,0.15,0.1,cx0.75_cy0.75_layoutA,2,2,True,0.04475072587172113,-0.5375841789107776,-0.17500000000000004,-0.044062500000000004,-0.14745998402089977,-0.3000000000000001
family_pair,spatial_shift,false_negative_suppression,0.15,0.1,cx0.75_cy0.75_layoutA,2,2,True,-0.01629842245125024,0.8034012134167532,0.975,0.022187499999999943,0.3084023274089852,0.07500000000000001
family_pair,diffuse_blur,false_hotspot,0.15,0.1,cx0.75_cy0.75_layoutA,2,2,True,0.06649007511238003,-0.1867185696903293,-0.04999999999999982,-0.03375,0.15302572997670483,0.65
family_pair,diffuse_blur,false_negative_suppression,0.15,0.1,cx0.75_cy0.75_layoutA,2,2,True,0.005440926789408662,1.1542668226372015,1.1,0.032499999999999946,0.6088880414065898,1.0250000000000001
family_pair,false_hotspot,false_negative_suppression,0.15,0.1,cx0.75_cy0.75_layoutA,2,2,True,-0.06104914832297137,1.3409853923275308,1.15,0.06624999999999995,0.455862311429885,0.3750000000000001
baseline_minus_oracle,uniform_prior_baseline,oracle,,0.05,cx0.75_cy0.75_layoutA,1,1,True,0.004235421755868329,1.5669202218704341,2.3500000000000005,0.10937499999999989,0.7704065590992157,1.6
error_minus_oracle,spatial_shift,oracle,0.05,0.05,cx0.75_cy0.75_layoutA,2,2,True,-0.04638331142553315,0.49269330248878984,0.6000000000000001,0.00343750000000001,0.1323820920968104,5.551115123125783e-17
error_minus_oracle,diffuse_blur,oracle,0.05,0.05,cx0.75_cy0.75_layoutA,2,2,True,0.04549969269320775,0.48766685216053407,0.6500000000000001,0.029374999999999984,0.2464807481951432,0.15000000000000002
error_minus_oracle,false_hotspot,oracle,0.05,0.05,cx0.75_cy0.75_layoutA,2,2,True,-0.019462619491383393,0.8327774199003446,1.225,0.046249999999999986,0.4304041916896191,0.275
error_minus_oracle,false_negative_suppression,oracle,0.05,0.05,cx0.75_cy0.75_layoutA,2,2,True,-0.01254441346775187,0.050220128875631875,0.30000000000000004,-0.0062500000000000056,-0.04499338556405108,0.0
family_pair,spatial_shift,diffuse_blur,0.05,0.05,cx0.75_cy0.75_layoutA,2,2,True,-0.0918830041187409,0.0050264503282557715,-0.050000000000000044,-0.025937499999999974,-0.1140986560983328,-0.14999999999999997
family_pair,spatial_shift,false_hotspot,0.05,0.05,cx0.75_cy0.75_layoutA,2,2,True,-0.026920691934149754,-0.34008411741155475,-0.625,-0.042812499999999976,-0.2980220995928087,-0.27499999999999997
family_pair,spatial_shift,false_negative_suppression,0.05,0.05,cx0.75_cy0.75_layoutA,2,2,True,-0.03383889795778128,0.44247317361315797,0.30000000000000004,0.009687500000000016,0.17737547766086148,5.551115123125783e-17
family_pair,diffuse_blur,false_hotspot,0.05,0.05,cx0.75_cy0.75_layoutA,2,2,True,0.06496231218459114,-0.3451105677398105,-0.575,-0.016875,-0.18392344349447587,-0.125
family_pair,diffuse_blur,false_negative_suppression,0.05,0.05,cx0.75_cy0.75_layoutA,2,2,True,0.05804410616095962,0.4374467232849022,0.3500000000000001,0.03562499999999999,0.2914741337591943,0.15000000000000002
family_pair,false_hotspot,false_negative_suppression,0.05,0.05,cx0.75_cy0.75_layoutA,2,2,True,-0.0069182060236315235,0.7825572910247127,0.925,0.05249999999999999,0.47539757725367016,0.275
error_minus_oracle,spatial_shift,oracle,0.1,0.05,cx0.75_cy0.75_layoutA,2,2,True,-0.05492680515463738,0.8660125879290501,2.325,0.02124999999999999,0.24294892400367285,0.07500000000000001
error_minus_oracle,diffuse_blur,oracle,0.1,0.05,cx0.75_cy0.75_layoutA,2,2,True,0.021522296602888402,0.9670169325102278,2.2,0.05937500000000001,0.4159295640851359,0.5500000000000002
error_minus_oracle,false_hotspot,oracle,0.1,0.05,cx0.75_cy0.75_layoutA,2,2,True,-0.030183366052454863,1.121842302948412,1.3250000000000002,0.12593749999999992,0.5248720745366906,0.55
error_minus_oracle,false_negative_suppression,oracle,0.1,0.05,cx0.75_cy0.75_layoutA,2,2,True,0.0031482239493967334,0.3201261560247415,0.525,0.01749999999999996,0.09652598194130468,0.25
family_pair,spatial_shift,diffuse_blur,0.1,0.05,cx0.75_cy0.75_layoutA,2,2,True,-0.07644910175752578,-0.10100434458117769,0.125,-0.03812500000000002,-0.17298064008146308,-0.47500000000000014
family_pair,spatial_shift,false_hotspot,0.1,0.05,cx0.75_cy0.75_layoutA,2,2,True,-0.02474343910218252,-0.2558297150193618,0.9999999999999999,-0.10468749999999993,-0.28192315053301775,-0.47500000000000003
family_pair,spatial_shift,false_negative_suppression,0.1,0.05,cx0.75_cy0.75_layoutA,2,2,True,-0.058075029104034115,0.5458864319043086,1.7999999999999998,0.003750000000000031,0.14642294206236817,-0.175
family_pair,diffuse_blur,false_hotspot,0.1,0.05,cx0.75_cy0.75_layoutA,2,2,True,0.051705662655343265,-0.15482537043818412,0.8749999999999999,-0.06656249999999991,-0.10894251045155467,1.1102230246251565e-16
family_pair,diffuse_blur,false_negative_suppression,0.1,0.05,cx0.75_cy0.75_layoutA,2,2,True,0.01837407265349167,0.6468907764854863,1.6749999999999998,0.04187500000000005,0.31940358214383124,0.30000000000000016
family_pair,false_hotspot,false_negative_suppression,0.1,0.05,cx0.75_cy0.75_layoutA,2,2,True,-0.033331590001851596,0.8017161469236704,0.7999999999999999,0.10843749999999996,0.4283460925953859,0.30000000000000004
error_minus_oracle,spatial_shift,oracle,0.15,0.05,cx0.75_cy0.75_layoutA,2,2,True,-0.006855261503708687,1.082033581324881,2.325,0.08124999999999993,0.36455044556936256,0.45000000000000007
error_minus_oracle,diffuse_blur,oracle,0.15,0.05,cx0.75_cy0.75_layoutA,2,2,True,-0.0016689597091686936,1.391053385805367,2.3,0.09374999999999989,0.6516064375742578,1.3000000000000003
error_minus_oracle,false_hotspot,oracle,0.15,0.05,cx0.75_cy0.75_layoutA,2,2,True,-0.0016965859206095613,1.4297536919868183,2.35,0.18999999999999995,0.5624999599306646,0.7250000000000001
error_minus_oracle,false_negative_suppression,oracle,0.15,0.05,cx0.75_cy0.75_layoutA,2,2,True,0.05304665206509507,0.8158067817765324,0.6499999999999999,0.13656250000000003,0.3942661278088363,0.6750000000000002
family_pair,spatial_shift,diffuse_blur,0.15,0.05,cx0.75_cy0.75_layoutA,2,2,True,-0.005186301794539994,-0.30901980448048616,0.02499999999999991,-0.012499999999999956,-0.2870559920048953,-0.8500000000000001
family_pair,spatial_shift,false_hotspot,0.15,0.05,cx0.75_cy0.75_layoutA,2,2,True,-0.005158675583099126,-0.3477201106619374,-0.025000000000000133,-0.10875000000000001,-0.19794951436130204,-0.275
family_pair,spatial_shift,false_negative_suppression,0.15,0.05,cx0.75_cy0.75_layoutA,2,2,True,-0.059901913568803755,0.2662267995483485,1.675,-0.0553125000000001,-0.02971568223947374,-0.2250000000000001
family_pair,diffuse_blur,false_hotspot,0.15,0.05,cx0.75_cy0.75_layoutA,2,2,True,2.7626211440867632e-05,-0.03870030618145126,-0.050000000000000044,-0.09625000000000006,0.08910647764359325,0.5750000000000001
family_pair,diffuse_blur,false_negative_suppression,0.15,0.05,cx0.75_cy0.75_layoutA,2,2,True,-0.05471561177426376,0.5752466040288347,1.6500000000000001,-0.04281250000000014,0.25734030976542155,0.625
family_pair,false_hotspot,false_negative_suppression,0.15,0.05,cx0.75_cy0.75_layoutA,2,2,True,-0.05474323798570463,0.6139469102102859,1.7000000000000002,0.053437499999999916,0.1682338321218283,0.04999999999999993
baseline_minus_oracle,uniform_prior_baseline,oracle,,0.1,cx0.75_cy0.75_layoutB,1,1,True,0.029188191154718268,1.5475872943422575,1.8499999999999999,0.09399477806788509,0.6485317075228889,1.1
error_minus_oracle,spatial_shift,oracle,0.05,0.1,cx0.75_cy0.75_layoutB,2,2,True,0.019084828787729935,0.5684249019440173,0.575,0.030026109660574396,0.2537718489109533,0.09999999999999998
error_minus_oracle,diffuse_blur,oracle,0.05,0.1,cx0.75_cy0.75_layoutB,2,2,True,0.04162519614925231,0.4137340890904182,0.5,0.026109660574412497,0.20697465117433822,0.10000000000000009
error_minus_oracle,false_hotspot,oracle,0.05,0.1,cx0.75_cy0.75_layoutB,2,2,True,0.01726189651192822,0.5503952371912615,0.8499999999999999,0.04406005221932113,0.2450256564445129,0.19999999999999996
error_minus_oracle,false_negative_suppression,oracle,0.05,0.1,cx0.75_cy0.75_layoutB,2,2,True,0.0025502259594812338,0.17853408546494687,0.275,0.003916449086161872,0.046599908186180206,0.025000000000000022
family_pair,spatial_shift,diffuse_blur,0.05,0.1,cx0.75_cy0.75_layoutB,2,2,True,-0.022540367361522373,0.1546908128535991,0.07499999999999996,0.0039164490861618995,0.04679719773661506,-1.1102230246251565e-16
family_pair,spatial_shift,false_hotspot,0.05,0.1,cx0.75_cy0.75_layoutB,2,2,True,0.0018229322758017141,0.018029664752755803,-0.2749999999999999,-0.014033942558746737,0.008746192466440372,-0.09999999999999998
family_pair,spatial_shift,false_negative_suppression,0.05,0.1,cx0.75_cy0.75_layoutB,2,2,True,0.0165346028282487,0.3898908164790704,0.29999999999999993,0.026109660574412524,0.20717194072477307,0.07499999999999996
family_pair,diffuse_blur,false_hotspot,0.05,0.1,cx0.75_cy0.75_layoutB,2,2,True,0.024363299637324087,-0.1366611481008433,-0.34999999999999987,-0.017950391644908636,-0.03805100527017469,-0.09999999999999987
family_pair,diffuse_blur,false_negative_suppression,0.05,0.1,cx0.75_cy0.75_layoutB,2,2,True,0.039074970189771074,0.23520000362547133,0.22499999999999998,0.022193211488250625,0.16037474298815801,0.07500000000000007
family_pair,false_hotspot,false_negative_suppression,0.05,0.1,cx0.75_cy0.75_layoutB,2,2,True,0.014711670552446987,0.3718611517263146,0.5749999999999998,0.04014360313315926,0.1984257482583327,0.17499999999999993
error_minus_oracle,spatial_shift,oracle,0.1,0.1,cx0.75_cy0.75_layoutB,2,2,True,0.020391347489464362,0.8435692411926259,1.7000000000000002,0.05156657963446476,0.3416185735677052,0.2250000000000001
error_minus_oracle,diffuse_blur,oracle,0.1,0.1,cx0.75_cy0.75_layoutB,2,2,True,0.04844592624657784,0.9919939723674556,1.6500000000000001,0.055483028720626604,0.42201196941917174,0.7
error_minus_oracle,false_hotspot,oracle,0.1,0.1,cx0.75_cy0.75_layoutB,2,2,True,0.05279846663323817,1.2050205700769545,1.975,0.13936031331592685,0.5136272914296084,0.6
error_minus_oracle,false_negative_suppression,oracle,0.1,0.1,cx0.75_cy0.75_layoutB,2,2,True,0.01554368694635938,0.26313855575447453,0.7749999999999999,0.020561357702349847,0.06287846899647942,0.125
family_pair,spatial_shift,diffuse_blur,0.1,0.1,cx0.75_cy0.75_layoutB,2,2,True,-0.02805457875711348,-0.14842473117482968,0.050000000000000044,-0.003916449086161844,-0.08039339585146654,-0.47499999999999987
family_pair,spatial_shift,false_hotspot,0.1,0.1,cx0.75_cy0.75_layoutB,2,2,True,-0.03240711914377381,-0.3614513288843286,-0.2749999999999999,-0.0877937336814621,-0.1720087178619032,-0.3749999999999999
family_pair,spatial_shift,false_negative_suppression,0.1,0.1,cx0.75_cy0.75_layoutB,2,2,True,0.004847660543104981,0.5804306854381514,0.9250000000000003,0.031005221932114913,0.2787401045712258,0.10000000000000009
family_pair,diffuse_blur,false_hotspot,0.1,0.1,cx0.75_cy0.75_layoutB,2,2,True,-0.004352540386660331,-0.21302659770949894,-0.32499999999999996,-0.08387728459530025,-0.09161532201043665,0.09999999999999998
family_pair,diffuse_blur,false_negative_suppression,0.1,0.1,cx0.75_cy0.75_layoutB,2,2,True,0.03290223930021846,0.728855416612981,0.8750000000000002,0.034921671018276756,0.3591335004226923,0.575
family_pair,false_hotspot,false_negative_suppression,0.1,0.1,cx0.75_cy0.75_layoutB,2,2,True,0.03725477968687879,0.94188201432248,1.2000000000000002,0.118798955613577,0.45074882243312897,0.475
error_minus_oracle,spatial_shift,oracle,0.15,0.1,cx0.75_cy0.75_layoutB,2,2,True,0.019883008137027425,1.1840613590667117,1.8250000000000002,0.08975195822454304,0.45752458793363326,0.375
error_minus_oracle,diffuse_blur,oracle,0.15,0.1,cx0.75_cy0.75_layoutB,2,2,True,0.03164470370272665,1.4317296495665943,1.7500000000000002,0.08485639686684071,0.5956726524987617,1.0499999999999998
error_minus_oracle,false_hotspot,oracle,0.15,0.1,cx0.75_cy0.75_layoutB,2,2,True,-0.0009061460514615538,1.3978967959305422,2.05,0.152088772845953,0.5252884709159854,0.6499999999999999
error_minus_oracle,false_negative_suppression,oracle,0.15,0.1,cx0.75_cy0.75_layoutB,2,2,True,-0.00034527285597091284,0.27047979152398693,0.775,0.022193211488250625,0.04460908616930492,0.15000000000000002
family_pair,spatial_shift,diffuse_blur,0.15,0.1,cx0.75_cy0.75_layoutB,2,2,True,-0.011761695565699226,-0.2476682904998826,0.07499999999999996,0.004895561357702333,-0.1381480645651284,-0.6749999999999998
family_pair,spatial_shift,false_hotspot,0.15,0.1,cx0.75_cy0.75_layoutB,2,2,True,0.02078915418848898,-0.21383543686383044,-0.22499999999999987,-0.06233681462140997,-0.06776388298235214,-0.2749999999999999
family_pair,spatial_shift,false_negative_suppression,0.15,0.1,cx0.75_cy0.75_layoutB,2,2,True,0.020228280992998338,0.9135815675427248,1.0500000000000003,0.06755874673629242,0.41291550176432834,0.22499999999999998
family_pair,diffuse_blur,false_hotspot,0.15,0.1,cx0.75_cy0.75_layoutB,2,2,True,0.032550849754188205,0.03383285363605215,-0.2999999999999998,-0.0672323759791123,0.07038418158277626,0.3999999999999999
family_pair,diffuse_blur,false_negative_suppression,0.15,0.1,cx0.75_cy0.75_layoutB,2,2,True,0.031989976558697564,1.1612498580426074,0.9750000000000002,0.06266318537859009,0.5510635663294567,0.8999999999999998
family_pair,false_hotspot,false_negative_suppression,0.15,0.1,cx0.75_cy0.75_layoutB,2,2,True,-0.000560873195490641,1.1274170044065552,1.275,0.1298955613577024,0.4806793847466805,0.4999999999999999
baseline_minus_oracle,uniform_prior_baseline,oracle,,0.05,cx0.75_cy0.75_layoutB,1,1,True,-0.021907337069128507,1.420165278167087,2.25,0.1272845953002611,0.552873140165073,1.2500000000000002
error_minus_oracle,spatial_shift,oracle,0.05,0.05,cx0.75_cy0.75_layoutB,2,2,True,-0.03362004420499509,0.5005247682829126,0.32499999999999984,0.011422976501305498,0.16194935635038255,0.050000000000000044
error_minus_oracle,diffuse_blur,oracle,0.05,0.05,cx0.75_cy0.75_layoutB,2,2,True,0.06019839815171868,0.49633350051517233,0.6499999999999999,0.046997389033942516,0.23499776546422124,0.19999999999999996
error_minus_oracle,false_hotspot,oracle,0.05,0.05,cx0.75_cy0.75_layoutB,2,2,True,-0.005639420077795887,0.7908533650333478,1.125,0.0616840731070496,0.404335249821401,0.22499999999999998
error_minus_oracle,false_negative_suppression,oracle,0.05,0.05,cx0.75_cy0.75_layoutB,2,2,True,-0.0019793255508012697,0.017601295824544616,0.22499999999999987,0.007506527415143599,-0.06970820655723908,0.0
family_pair,spatial_shift,diffuse_blur,0.05,0.05,cx0.75_cy0.75_layoutB,2,2,True,-0.09381844235671377,0.004191267767740259,-0.32500000000000007,-0.03557441253263702,-0.0730484091138387,-0.1499999999999999
family_pair,spatial_shift,false_hotspot,0.05,0.05,cx0.75_cy0.75_layoutB,2,2,True,-0.027980624127199205,-0.2903285967504352,-0.8000000000000002,-0.0502610966057441,-0.24238589347101847,-0.17499999999999993
family_pair,spatial_shift,false_negative_suppression,0.05,0.05,cx0.75_cy0.75_layoutB,2,2,True,-0.03164071865419382,0.482923472458368,0.09999999999999998,0.0039164490861618995,0.23165756290762163,0.050000000000000044
family_pair,diffuse_blur,false_hotspot,0.05,0.05,cx0.75_cy0.75_layoutB,2,2,True,0.06583781822951457,-0.29451986451817547,-0.4750000000000001,-0.014686684073107081,-0.16933748435717977,-0.025000000000000022
family_pair,diffuse_blur,false_negative_suppression,0.05,0.05,cx0.75_cy0.75_layoutB,2,2,True,0.06217772370251995,0.4787322046906277,0.42500000000000004,0.03949086161879892,0.3047059720214603,0.19999999999999996
family_pair,false_hotspot,false_negative_suppression,0.05,0.05,cx0.75_cy0.75_layoutB,2,2,True,-0.0036600945269946172,0.7732520692088032,0.9000000000000001,0.054177545691906,0.4740434563786401,0.22499999999999998
error_minus_oracle,spatial_shift,oracle,0.1,0.05,cx0.75_cy0.75_layoutB,2,2,True,-0.01799405001549781,0.8146836153931398,2.15,0.059399477806788475,0.2979054536467488,0.2499999999999999
error_minus_oracle,diffuse_blur,oracle,0.1,0.05,cx0.75_cy0.75_layoutB,2,2,True,0.030157822855418792,0.939674087819145,2.1,0.07898172323759789,0.3527005170525459,0.7
error_minus_oracle,false_hotspot,oracle,0.1,0.05,cx0.75_cy0.75_layoutB,2,2,True,-0.008728706248715579,0.9219682317748696,1.1749999999999998,0.1471932114882507,0.46257458514076966,0.825
error_minus_oracle,false_negative_suppression,oracle,0.1,0.05,cx0.75_cy0.75_layoutB,2,2,True,0.009470443059951539,0.2259964791886646,0.42500000000000004,0.028394255874673646,0.006039128910895752,0.15000000000000002
family_pair,spatial_shift,diffuse_blur,0.1,0.05,cx0.75_cy0.75_layoutB,2,2,True,-0.0481518728709166,-0.12499047242600514,0.04999999999999982,-0.019582245430809414,-0.054795063405797095,-0.45000000000000007
family_pair,spatial_shift,false_hotspot,0.1,0.05,cx0.75_cy0.75_layoutB,2,2,True,-0.00926534376678223,-0.10728461638172981,0.9750000000000001,-0.08779373368146223,-0.16466913149402085,-0.5750000000000001
family_pair,spatial_shift,false_negative_suppression,0.1,0.05,cx0.75_cy0.75_layoutB,2,2,True,-0.027464493075449348,0.5886871362044752,1.7249999999999999,0.03100522193211483,0.29186632473585306,0.09999999999999987
family_pair,diffuse_blur,false_hotspot,0.1,0.05,cx0.75_cy0.75_layoutB,2,2,True,0.03888652910413437,0.017705856044275325,0.9250000000000003,-0.06821148825065282,-0.10987406808822375,-0.125
family_pair,diffuse_blur,false_negative_suppression,0.1,0.05,cx0.75_cy0.75_layoutB,2,2,True,0.020687379795467253,0.7136776086304804,1.675,0.05058746736292424,0.34666138814165015,0.5499999999999999
family_pair,false_hotspot,false_negative_suppression,0.1,0.05,cx0.75_cy0.75_layoutB,2,2,True,-0.018199149308667117,0.695971752586205,0.7499999999999998,0.11879895561357706,0.4565354562298739,0.6749999999999999
error_minus_oracle,spatial_shift,oracle,0.15,0.05,cx0.75_cy0.75_layoutB,2,2,True,-0.03703144716418216,1.1718523747702085,2.35,0.0822454308093995,0.3941675686186934,0.35
error_minus_oracle,diffuse_blur,oracle,0.15,0.05,cx0.75_cy0.75_layoutB,2,2,True,-0.02164059075560687,1.3067314344455894,2.2,0.11096605744125326,0.4895035803382235,1.2
error_minus_oracle,false_hotspot,oracle,0.15,0.05,cx0.75_cy0.75_layoutB,2,2,True,-0.03539380409798454,1.272071846532888,1.4249999999999998,0.1817885117493473,0.6262587491240847,0.925
error_minus_oracle,false_negative_suppression,oracle,0.15,0.05,cx0.75_cy0.75_layoutB,2,2,True,0.01823061570271295,0.46949192290003694,0.6749999999999998,0.04765013054830286,0.11447212702166709,0.2749999999999999
family_pair,spatial_shift,diffuse_blur,0.15,0.05,cx0.75_cy0.75_layoutB,2,2,True,-0.015390856408575293,-0.13487905967538083,0.1499999999999999,-0.028720626631853763,-0.0953360117195301,-0.85
family_pair,spatial_shift,false_hotspot,0.15,0.05,cx0.75_cy0.75_layoutB,2,2,True,-0.001637643066197625,-0.10021947176267942,0.9250000000000002,-0.09954308093994779,-0.23209118050539135,-0.5750000000000001
family_pair,spatial_shift,false_negative_suppression,0.15,0.05,cx0.75_cy0.75_layoutB,2,2,True,-0.05526206286689511,0.7023604518701716,1.6750000000000003,0.03459530026109664,0.2796954415970263,0.07500000000000007
family_pair,diffuse_blur,false_hotspot,0.15,0.05,cx0.75_cy0.75_layoutB,2,2,True,0.013753213342377668,0.034659587912701406,0.7750000000000002,-0.07082245430809403,-0.13675516878586125,0.2749999999999999
family_pair,diffuse_blur,false_negative_suppression,0.15,0.05,cx0.75_cy0.75_layoutB,2,2,True,-0.03987120645831982,0.8372395115455524,1.5250000000000004,0.0633159268929504,0.3750314533165564,0.925
family_pair,false_hotspot,false_negative_suppression,0.15,0.05,cx0.75_cy0.75_layoutB,2,2,True,-0.05362441980069749,0.802579923632851,0.7500000000000001,0.13413838120104443,0.5117866221024177,0.6500000000000001
baseline_minus_oracle,uniform_prior_baseline,oracle,,0.1,cx0.75_cy0.75_layoutC,1,1,True,-0.0057589897668197665,1.3785327901295963,1.6,0.05078125,0.5832511451552809,0.8999999999999999
error_minus_oracle,spatial_shift,oracle,0.05,0.1,cx0.75_cy0.75_layoutC,2,2,True,-0.014548954152062199,0.45729319769729004,0.275,0.0078125,0.1727097129163171,0.050000000000000155
error_minus_oracle,diffuse_blur,oracle,0.05,0.1,cx0.75_cy0.75_layoutC,2,2,True,0.01787523436784444,0.3128304921851437,0.30000000000000004,0.01953125,0.12839593501685864,0.050000000000000044
error_minus_oracle,false_hotspot,oracle,0.05,0.1,cx0.75_cy0.75_layoutC,2,2,True,0.026234470337189175,0.48531799057403724,0.75,0.05305989583333337,0.26725081343338997,0.2250000000000001
error_minus_oracle,false_negative_suppression,oracle,0.05,0.1,cx0.75_cy0.75_layoutC,2,2,True,-0.008098088941192072,0.11974910061525734,0.17499999999999993,0.0032552083333333426,0.007534963533680106,0.025000000000000133
family_pair,spatial_shift,diffuse_blur,0.05,0.1,cx0.75_cy0.75_layoutC,2,2,True,-0.03242418851990664,0.14446270551214635,-0.025000000000000022,-0.01171875,0.04431377789945845,1.1102230246251565e-16
family_pair,spatial_shift,false_hotspot,0.05,0.1,cx0.75_cy0.75_layoutC,2,2,True,-0.040783424489251374,-0.028024792876747195,-0.475,-0.04524739583333337,-0.09454110051707287,-0.17499999999999993
family_pair,spatial_shift,false_negative_suppression,0.05,0.1,cx0.75_cy0.75_layoutC,2,2,True,-0.006450865210870127,0.3375440970820327,0.10000000000000009,0.004557291666666657,0.165174749382637,0.025000000000000022
family_pair,diffuse_blur,false_hotspot,0.05,0.1,cx0.75_cy0.75_layoutC,2,2,True,-0.008359235969344736,-0.17248749838889355,-0.44999999999999996,-0.03352864583333337,-0.13885487841653132,-0.17500000000000004
family_pair,diffuse_blur,false_negative_suppression,0.05,0.1,cx0.75_cy0.75_layoutC,2,2,True,0.02597332330903651,0.19308139156988635,0.1250000000000001,0.016276041666666657,0.12086097148317854,0.02499999999999991
family_pair,false_hotspot,false_negative_suppression,0.05,0.1,cx0.75_cy0.75_layoutC,2,2,True,0.03433255927838125,0.3655688899587799,0.5750000000000001,0.04980468750000003,0.25971584989970986,0.19999999999999996
error_minus_oracle,spatial_shift,oracle,0.1,0.1,cx0.75_cy0.75_layoutC,2,2,True,-0.033740975957228914,0.7326092489591947,1.1500000000000001,0.01529947916666663,0.24055648574254507,0.10000000000000009
error_minus_oracle,diffuse_blur,oracle,0.1,0.1,cx0.75_cy0.75_layoutC,2,2,True,0.01060202881813943,0.8441591296195416,1.4500000000000002,0.02864583333333337,0.31529024122048166,0.3500000000000001
error_minus_oracle,false_hotspot,oracle,0.1,0.1,cx0.75_cy0.75_layoutC,2,2,True,0.00834199212331399,0.9868048631959936,1.6,0.10384114583333334,0.42861937161918673,0.4500000000000002
error_minus_oracle,false_negative_suppression,oracle,0.1,0.1,cx0.75_cy0.75_layoutC,2,2,True,-0.013763279352133673,0.1875491506141369,0.42499999999999993,0.0078125,0.008614868401846443,0.050000000000000155
family_pair,spatial_shift,diffuse_blur,0.1,0.1,cx0.75_cy0.75_layoutC,2,2,True,-0.044343004775368344,-0.11154988066034699,-0.30000000000000004,-0.01334635416666674,-0.07473375547793659,-0.25
family_pair,spatial_shift,false_hotspot,0.1,0.1,cx0.75_cy0.75_layoutC,2,2,True,-0.042082968080542904,-0.25419561423679893,-0.44999999999999996,-0.08854166666666671,-0.18806288587664166,-0.3500000000000001
family_pair,spatial_shift,false_negative_suppression,0.1,0.1,cx0.75_cy0.75_layoutC,2,2,True,-0.01997769660509524,0.5450600983450578,0.7250000000000002,0.00748697916666663,0.23194161734069862,0.04999999999999993
family_pair,diffuse_blur,false_hotspot,0.1,0.1,cx0.75_cy0.75_layoutC,2,2,True,0.0022600366948254402,-0.14264573357645194,-0.1499999999999999,-0.07519531249999997,-0.11332913039870507,-0.10000000000000009
family_pair,diffuse_blur,false_negative_suppression,0.1,0.1,cx0.75_cy0.75_layoutC,2,2,True,0.024365308170273103,0.6566099790054047,1.0250000000000004,0.02083333333333337,0.3066753728186352,0.29999999999999993
family_pair,false_hotspot,false_negative_suppression,0.1,0.1,cx0.75_cy0.75_layoutC,2,2,True,0.022105271475447663,0.7992557125818567,1.1750000000000003,0.09602864583333334,0.4200045032173403,0.4
error_minus_oracle,spatial_shift,oracle,0.15,0.1,cx0.75_cy0.75_layoutC,2,2,True,-0.048665251701704826,1.0071741628355082,1.825,0.0224609375,0.3258857103372027,0.17500000000000004
error_minus_oracle,diffuse_blur,oracle,0.15,0.1,cx0.75_cy0.75_layoutC,2,2,True,-0.005309010411763904,1.3044432069946126,1.5500000000000003,0.04427083333333337,0.5259351528497596,0.8000000000000003
error_minus_oracle,false_hotspot,oracle,0.15,0.1,cx0.75_cy0.75_layoutC,2,2,True,-0.0369171684470066,1.2279930110060755,2.0,0.11686197916666663,0.47982632860945684,0.4750000000000002
error_minus_oracle,false_negative_suppression,oracle,0.15,0.1,cx0.75_cy0.75_layoutC,2,2,True,-0.030743408828686203,0.21706550460233398,0.7,0.007161458333333343,0.00644875915177856,0.07500000000000007
family_pair,spatial_shift,diffuse_blur,0.15,0.1,cx0.75_cy0.75_layoutC,2,2,True,-0.04335624128994092,-0.2972690441591044,0.2749999999999997,-0.02180989583333337,-0.20004944251255685,-0.6250000000000002
family_pair,spatial_shift,false_hotspot,0.15,0.1,cx0.75_cy0.75_layoutC,2,2,True,-0.011748083254698227,-0.2208188481705673,-0.17500000000000004,-0.09440104166666663,-0.15394061827225414,-0.30000000000000016
family_pair,spatial_shift,false_negative_suppression,0.15,0.1,cx0.75_cy0.75_layoutC,2,2,True,-0.017921842873018623,0.7901086582331742,1.125,0.015299479166666657,0.31943695118542415,0.09999999999999998
family_pair,diffuse_blur,false_hotspot,0.15,0.1,cx0.75_cy0.75_layoutC,2,2,True,0.031608158035242695,0.07645019598853708,-0.44999999999999973,-0.07259114583333326,0.046108824240302715,0.32500000000000007
family_pair,diffuse_blur,false_negative_suppression,0.15,0.1,cx0.75_cy0.75_layoutC,2,2,True,0.0254343984169223,1.0873777023922786,0.8500000000000003,0.03710937500000003,0.519486393697981,0.7250000000000002
family_pair,false_hotspot,false_negative_suppression,0.15,0.1,cx0.75_cy0.75_layoutC,2,2,True,-0.006173759618320396,1.0109275064037415,1.3,0.10970052083333329,0.4733775694576783,0.40000000000000013
baseline_minus_oracle,uniform_prior_baseline,oracle,,0.05,cx0.75_cy0.75_layoutC,1,1,True,-0.04650147261790294,1.3287115526903044,2.0999999999999996,0.09960937500000006,0.5531324748199575,1.35
error_minus_oracle,spatial_shift,oracle,0.05,0.05,cx0.75_cy0.75_layoutC,2,2,True,0.003141125556694324,0.5622002536372772,0.32500000000000007,0.028645833333333343,0.27645467117768974,0.1250000000000001
error_minus_oracle,diffuse_blur,oracle,0.05,0.05,cx0.75_cy0.75_layoutC,2,2,True,0.058839295654583124,0.46457112385839405,0.44999999999999996,0.04947916666666663,0.24634137571464554,0.15000000000000013
error_minus_oracle,false_hotspot,oracle,0.05,0.05,cx0.75_cy0.75_layoutC,2,2,True,0.002097339439791235,0.8066858630131026,1.0499999999999998,0.05566406250000003,0.45770658024123345,0.2250000000000001
error_minus_oracle,false_negative_suppression,oracle,0.05,0.05,cx0.75_cy0.75_layoutC,2,2,True,0.005413901711697255,-0.0070593955583662105,0.09999999999999998,0.011393229166666685,-0.07571214392803605,1.1102230246251565e-16
family_pair,spatial_shift,diffuse_blur,0.05,0.05,cx0.75_cy0.75_layoutC,2,2,True,-0.0556981700978888,0.09762912977888316,-0.12499999999999989,-0.020833333333333287,0.0301132954630442,-0.025000000000000022
family_pair,spatial_shift,false_hotspot,0.05,0.05,cx0.75_cy0.75_layoutC,2,2,True,0.0010437861169030893,-0.24448560937582542,-0.725,-0.027018229166666685,-0.18125190906354371,-0.09999999999999998
family_pair,spatial_shift,false_negative_suppression,0.05,0.05,cx0.75_cy0.75_layoutC,2,2,True,-0.0022727761550029313,0.5692596491956434,0.2250000000000001,0.017252604166666657,0.3521668151057258,0.125
family_pair,diffuse_blur,false_hotspot,0.05,0.05,cx0.75_cy0.75_layoutC,2,2,True,0.05674195621479189,-0.3421147391547086,-0.6000000000000001,-0.006184895833333398,-0.2113652045265879,-0.07499999999999996
family_pair,diffuse_blur,false_negative_suppression,0.05,0.05,cx0.75_cy0.75_layoutC,2,2,True,0.05342539394288587,0.47163051941676026,0.35,0.038085937499999944,0.3220535196426816,0.15000000000000002
family_pair,false_hotspot,false_negative_suppression,0.05,0.05,cx0.75_cy0.75_layoutC,2,2,True,-0.0033165622719060206,0.8137452585714688,0.9500000000000001,0.04427083333333334,0.5334187241692695,0.22499999999999998
error_minus_oracle,spatial_shift,oracle,0.1,0.05,cx0.75_cy0.75_layoutC,2,2,True,-0.0248916484905759,0.9481818290375053,1.625,0.0341796875,0.3902744826040587,0.17500000000000004
error_minus_oracle,diffuse_blur,oracle,0.1,0.05,cx0.75_cy0.75_layoutC,2,2,True,0.021303261945662566,0.7984251637009794,1.8499999999999999,0.056640625,0.28051108374384226,0.40000000000000013
error_minus_oracle,false_hotspot,oracle,0.1,0.05,cx0.75_cy0.75_layoutC,2,2,True,-0.007395712630962836,1.0265570934486572,1.125,0.11458333333333337,0.5672177156537599,0.5000000000000001
error_minus_oracle,false_negative_suppression,oracle,0.1,0.05,cx0.75_cy0.75_layoutC,2,2,True,0.006104803239908585,0.15058801995318682,0.25,0.0234375,-0.014880741007738618,0.07500000000000007
family_pair,spatial_shift,diffuse_blur,0.1,0.05,cx0.75_cy0.75_layoutC,2,2,True,-0.04619491043623847,0.14975666533652587,-0.22499999999999987,-0.0224609375,0.10976339886021647,-0.2250000000000001
family_pair,spatial_shift,false_hotspot,0.1,0.05,cx0.75_cy0.75_layoutC,2,2,True,-0.017495935859613065,-0.07837526441115195,0.5,-0.08040364583333337,-0.17694323304970117,-0.32500000000000007
family_pair,spatial_shift,false_negative_suppression,0.1,0.05,cx0.75_cy0.75_layoutC,2,2,True,-0.030996451730484487,0.7975938090843184,1.375,0.0107421875,0.40515522361179734,0.09999999999999998
family_pair,diffuse_blur,false_hotspot,0.1,0.05,cx0.75_cy0.75_layoutC,2,2,True,0.028698974576625402,-0.22813192974767782,0.7249999999999999,-0.05794270833333337,-0.28670663190991763,-0.09999999999999998
family_pair,diffuse_blur,false_negative_suppression,0.1,0.05,cx0.75_cy0.75_layoutC,2,2,True,0.015198458705753981,0.6478371437477926,1.5999999999999999,0.033203125,0.2953918247515809,0.32500000000000007
family_pair,false_hotspot,false_negative_suppression,0.1,0.05,cx0.75_cy0.75_layoutC,2,2,True,-0.013500515870871421,0.8759690734954704,0.875,0.09114583333333337,0.5820984566614985,0.42500000000000004
error_minus_oracle,spatial_shift,oracle,0.15,0.05,cx0.75_cy0.75_layoutC,2,2,True,-0.050157870795127235,1.3408639794351875,2.475,0.04524739583333334,0.49511440708217314,0.2250000000000001
error_minus_oracle,diffuse_blur,oracle,0.15,0.05,cx0.75_cy0.75_layoutC,2,2,True,-0.022577534973898694,1.2281118801095063,2.0,0.083984375,0.48652395637256896,0.9500000000000002
error_minus_oracle,false_hotspot,oracle,0.15,0.05,cx0.75_cy0.75_layoutC,2,2,True,-0.021602144418608693,2.0688141284235244,2.25,0.24251302083333331,0.9260613987111752,1.125
error_minus_oracle,false_negative_suppression,oracle,0.15,0.05,cx0.75_cy0.75_layoutC,2,2,True,0.0065142894544442664,0.31141137510730466,0.42500000000000004,0.0322265625,0.04997287195563049,0.125
family_pair,spatial_shift,diffuse_blur,0.15,0.05,cx0.75_cy0.75_layoutC,2,2,True,-0.02758033582122854,0.1127520993256812,0.4750000000000001,-0.03873697916666666,0.00859045070960418,-0.7250000000000001
family_pair,spatial_shift,false_hotspot,0.15,0.05,cx0.75_cy0.75_layoutC,2,2,True,-0.028555726376518542,-0.7279501489883369,0.2250000000000001,-0.19726562499999997,-0.4309469916290021,-0.9
family_pair,spatial_shift,false_negative_suppression,0.15,0.05,cx0.75_cy0.75_layoutC,2,2,True,-0.0566721602495715,1.0294526043278829,2.0500000000000003,0.013020833333333343,0.44514153512654264,0.10000000000000009
family_pair,diffuse_blur,false_hotspot,0.15,0.05,cx0.75_cy0.75_layoutC,2,2,True,-0.0009753905552900011,-0.8407022483140181,-0.25,-0.15852864583333331,-0.43953744233860625,-0.17499999999999993
family_pair,diffuse_blur,false_negative_suppression,0.15,0.05,cx0.75_cy0.75_layoutC,2,2,True,-0.02909182442834296,0.9167005050022017,1.5750000000000002,0.0517578125,0.43655108441693846,0.8250000000000002
family_pair,false_hotspot,false_negative_suppression,0.15,0.05,cx0.75_cy0.75_layoutC,2,2,True,-0.02811643387305296,1.7574027533162198,1.8250000000000002,0.21028645833333331,0.8760885267555447,1.0
